video_id,video_type,ideology_score,populism_score,request
LFw_rwKKB9g,Standard,2.5,6.0,
9a669fNOg0w,Standard,7.5,8.5,
TNDMaSAVoas,Standard,5.0,0.0,
Dusjzyg0NnU,Standard,7.0,4.5,
aEvQsPhcS-M,Reaction,7.0,7.5,
Tl4HqxR_coc,Reaction,4.5,9.0,
J7xoqewxpRs,Standard,3.5,5.0,
zRddXEZDdeI,Standard,1.5,4.5,
tZfrgGS7JvI,Standard,5.0,0.0,
4n3HQVohJTQ,Standard,6.0,1.0,
gxi3IiZelLo,Standard,-1.0,-1.0,
thzAqabqq0M,Standard,8.5,7.5,
emNUbHWBfW4,Standard,5.0,0.0,
_OHo_ndE-f4,Standard,5.0,0.0,
0eNTulqiWMs,Standard,-1.0,-1.0,
JKYDp4XV2fY,Standard,3.0,7.5,
B0ww9042X_8,Reaction,8.5,6.5,
dZeqaSP5lz8,Standard,7.5,6.5,
4tEQidI24Pg,Standard,7.5,9.5,
-K_t1P6_8KE,Standard,8.8,8.0,
IFlMHN_5OHI,Standard,9.0,9.5,
aarR5l2mQGQ,Standard,8.5,7.5,
PuT4-pPGMX4,Standard,-1.0,-1.0,
INw97rerRNs,Standard,9.5,8.5,
sY2ujfTJW3Y,Standard,-1.0,-1.0,
feq9thxm5tI,Reaction,-1.0,-1.0,
yxLxGdXTHOY,Standard,2.5,0.0,
8o_iZBqMtkI,Standard,-1.0,-1.0,
BiYeYjq4mYY,Standard,8.0,8.0,
9iRBpoqfMvc,Standard,-1.0,-1.0,
GV3FqJTsPNc,Standard,6.5,8.5,
cQclyMv-wuM,Standard,5.0,0.0,
Xk84qpNtOaI,Reaction,8.0,9.0,
62QNyRfaNH8,Reaction,7.5,7.0,
IeYIcjo8GQw,Standard,3.5,0.0,
9yS7Y16ZNS0,Standard,3.5,5.0,
cVYeVcS3-Ic,Standard,-1.0,-1.0,
9nm3w7k2qns,Standard,-1.0,-1.0,
Px5-A_UTi-k,Reaction,3.5,0.0,
g_3_ytfuSaQ,Standard,7.5,8.5,
btlFjY5jeus,Standard,-1.0,-1.0,
LFR1702xkgk,Reaction,8.5,9.5,
3RfDV1JVhIo,Standard,5.0,0.0,
aHw5RQHtyfw,Standard,4.0,0.0,
2UF7Ko8Ezcc,Standard,3.5,0.0,
77qDE_t8JlA,Standard,-1.0,-1.0,
lH3sFKMBGzQ,Standard,-1.0,-1.0,
BrwMiGxf7hw,Standard,-1.0,-1.0,
9cyQWpPtRKY,Standard,3.5,6.5,
ZXX1QTfj4aI,Standard,8.5,7.5,
8Gh70Uz2X_s,Standard,-1.0,-1.0,
HIvBtSeyQgk,Standard,6.5,7.5,
Bi4SP_Uohhs,Standard,4.5,4.0,
KxQkrKCFs7w,Standard,8.5,8.5,
ncb3V8xbMMY,Standard,5.0,0.0,
8oCnFNBbyKU,Reaction,7.0,7.5,
Nn_jtt-vlfY,Reaction,9.5,9.5,
BKHGhkwMGU0,Standard,9.0,3.5,
ZLAmQoBrq_A,Reaction,4.0,1.0,
sAwAMEXychQ,Standard,7.5,4.5,
FRK1uOKJpjk,Standard,7.5,7.0,
PvlMbq6gv3Y,Standard,5.0,0.0,
_k5Ns3tk3Hs,Standard,5.0,0.0,
6HdxZpnMoYU,Standard,-1.0,-1.0,
VIiQjIKzD7k,Standard,8.0,7.0,
qwGZVJMEqTc,Standard,5.0,0.0,
0N0NtBNVL70,Standard,6.0,2.0,
jsmkI1DWsxY,Standard,5.0,0.0,
Gh9Dhakx1U4,Reaction,-1.0,-1.0,
fHOIRL88KoE,Standard,7.5,4.5,
--zSYK5wk6U,Reaction,7.5,7.5,
7d3kCiMPbsY,Standard,5.0,0.0,
XJsRwxxinPw,Standard,-1.0,-1.0,
0_R_kN15xOM,Standard,8.0,7.5,
gcYyn5ZByEI,Standard,-1.0,-1.0,
lS7rCFtT51w,Standard,6.5,0.0,
epRrBJHyIqs,Standard,8.5,9.0,
o9z18PRuQ5M,Standard,-1.0,-1.0,
cULTqwBkC0A,Reaction,7.5,8.5,
7sHNhWcZnac,Reaction,8.5,7.5,
bA8cJbjmplk,Standard,5.5,6.5,
UGezKXDaMxc,Standard,3.5,0.0,
naL0w5jQLMI,Standard,-1.0,-1.0,
2_R5pYisdxo,Standard,5.0,1.0,
8VrpE59738E,Standard,8.5,8.5,
sB0-wDiEt30,Standard,8.5,9.0,
TWJU6N5IbOA,Reaction,8.5,8.0,
_KTw6N4WVzA,Standard,-1.0,3.0,
SkV_1eHvEOI,Standard,5.0,0.0,
tG9wh6v-SRw,Standard,7.5,8.0,
zaGPru5TQA0,Standard,6.5,4.5,
ftvgazZSHnk,Standard,8.5,9.5,
y6ktPPqwYHI,Standard,-1.0,-1.0,
G8dTIVviwQw,Standard,-1.0,-1.0,
KazEFpKGSkU,Standard,5.0,0.0,
4snJ-UZmN2M,Standard,1.5,1.5,
TFDXoRP9bH8,Standard,-1.0,-1.0,
pXijKRVqXbc,Standard,3.5,0.0,
zK0ZepPhsec,Standard,5.0,0.0,
hkDpOZpqBag,Standard,7.5,6.5,
75ZRxizR9Os,Standard,5.0,0.0,
hVhkgX56cGU,Standard,7.5,6.0,
Xj3j6Y5w8YI,Standard,5.0,0.0,
-9fudeeNWKY,Standard,4.5,0.0,
4fA3wRyTtAw,Reaction,6.5,7.5,
vgZhZPu-45Q,Standard,5.0,0.0,
HzLRzbQpWPE,Reaction,8.5,9.5,
lEtRZX8-Uz8,Standard,-1.0,-1.0,
Else5LAUXAE,Standard,5.0,0.0,
LlD_lEMpGoc,Standard,5.0,0.0,
yw-WEUwPXXI,Standard,7.5,9.0,
k825h01N1mE,Standard,4.0,0.0,
9MEngGuHMHk,Standard,5.0,0.0,
yQcrtgjWIlY,Standard,5.0,7.5,
2xFt3hW4Gyk,Standard,4.5,0.0,
cl1cUgPB4pc,Standard,7.5,6.5,
FIV3-Jy8KbI,Reaction,6.5,7.5,
KakqGr-f818,Standard,-1.0,-1.0,
E5auCwAlcHU,Standard,3.5,1.0,
Fguc7vSAZCk,Standard,6.5,1.0,
6hhUATPWRac,Standard,6.8,0.0,
yRN30i-sAIs,Standard,5.5,4.5,
Phb4HhG49ZI,Standard,5.0,1.0,
VS75_49lWbM,Reaction,7.5,7.5,
HHVDNK55IkI,Standard,8.5,8.5,
BPRBSxFTJaM,Standard,-1.0,-1.0,
K67nYpUJl3s,Standard,7.0,6.0,
1M-4yuIWR_8,Standard,2.5,1.0,
owcOJdjvFBE,Standard,7.0,7.5,
6fhD9Z8ke4g,Standard,7.5,6.5,
MUDV5TXjQOg,Standard,5.0,0.0,
QE4Roh0YuPI,Standard,-1.0,-1.0,
gvGhqlFqw4Y,Standard,5.0,7.0,
fWOSe-55BvE,Standard,5.0,5.0,
qF4lfQXKkzE,Standard,-1.0,-1.0,
_Li-T-QeqDU,Standard,5.0,0.0,
-2Yz9tHw_Vk,Standard,9.5,9.5,
dTSp5rWWdrU,Reaction,-1.0,3.5,
8k5JwYwePuU,Standard,5.0,0.0,
IOQU2NyoeCs,Standard,2.5,0.0,
MyNvZDPYxNE,Standard,-1.0,-1.0,
6xEezxBOkM4,Standard,6.0,7.0,
ej4ym5lwZPk,Reaction,-1.0,-1.0,
DgMsVNS_8U4,Standard,5.0,4.0,
PmT711AiZek,Standard,-1.0,-1.0,
F_lAxnEdFCg,Standard,8.5,9.0,
z75g3FrB8o8,Standard,9.0,9.5,
UUqVppUFyeo,Standard,8.5,9.0,
DWDNPA0DXbk,Reaction,6.5,6.5,
RxG1m_ZGDBY,Standard,-1.0,-1.0,
Py7AaTSOlDM,Standard,-1.0,-1.0,
N1zWuDLvtq4,Standard,-1.0,-1.0,
aq-nanVdK_k,Standard,2.5,0.0,
6idOla9QUGU,Standard,5.0,3.5,
cxCpqV2EW1g,Standard,-1.0,-1.0,
tJuJ-7Dob7o,Reaction,8.5,8.5,
DfPJM8_OZHI,Standard,9.5,9.0,
-bYfMe5AB-Q,Reaction,8.0,8.5,
lDSdIFCdcoU,Standard,7.5,9.0,
YLCTim6Pv3U,Standard,3.5,0.0,
MOx8KFCDcF0,Standard,5.0,0.0,
gduyizw-bKQ,Standard,5.0,0.0,
m1J9UVekG_c,Standard,6.0,7.5,
ZqEZPb0n9WU,Standard,-1.0,-1.0,
HEaiQaPaf3c,Standard,1.5,7.0,
yIJVWtZFMPo,Standard,5.0,0.0,
9vUjEABwJiQ,Reaction,7.5,8.5,
ChbVIfOilMo,Standard,9.5,9.0,
u--8E_YThHI,Standard,6.5,8.0,
2vepby6zW0Y,Standard,6.5,6.5,
4hXYd48K0iw,Standard,-1.0,-1.0,
FOJSK4oBbH0,Standard,2.5,8.5,
x0w3onLRsu4,Standard,8.5,8.5,
nl8u7ZJokEU,Standard,-1.0,-1.0,
daayIz6dLsE,Standard,6.5,7.5,
xc4lieKeT3I,Standard,4.5,0.0,
EmpXrluHLwM,Standard,6.5,4.5,
knKMvILHi-I,Reaction,5.0,8.5,
I8AaAuNrcX4,Standard,7.5,8.5,
J96Opf8nAd4,Reaction,2.5,1.0,
ldNg7Bb58vU,Standard,7.5,6.5,
QmcmeCPd0IE,Standard,-1.0,-1.0,
ruskN1ZxKOE,Reaction,8.5,8.5,
-BLWiNr92-U,Standard,8.5,9.0,
FS1zKG8hpC0,Standard,6.5,3.5,
ji3eR4OGcoQ,Reaction,7.0,1.0,
gWykdN0Scbo,Standard,-1.0,-1.0,
0T12w5_CH5o,Standard,5.0,0.0,
pfbs6zJx7FQ,Standard,-1.0,-1.0,
OF2iu2gzvOs,Standard,2.5,7.5,
f2yspe03Tv0,Standard,5.0,0.0,
GmgXkmB_bpQ,Standard,9.0,9.0,
1NKrA9JsDR4,Standard,8.5,9.0,
qIDGFK-STNY,Standard,3.5,7.5,
rXGyl8n9vf8,Standard,4.0,0.0,
6T1GgRGjTaE,Standard,5.0,0.0,
E2xP4B9UsW8,Standard,5.0,0.0,
nbHfB85JEZg,Standard,5.0,0.0,
1oF7QM3UIiI,Reaction,1.5,2.5,
d7KBD0XS_D8,Reaction,0.5,9.5,
cZgVqkEW9D0,Standard,9.0,9.5,
ffDkxgBsPdE,Reaction,7.5,9.0,
Ie_KfF0haDo,Standard,7.5,4.5,
16DmDaDGUsw,Standard,-1.0,-1.0,
OlA98hhIL-s,Standard,-1.0,-1.0,
8_l-V_N-x6g,Standard,3.5,0.0,
t_05yU5s7aU,Standard,5.0,0.0,
hzaESvJGwfA,Standard,5.0,0.0,
0AHOyGmtOb4,Reaction,7.5,8.0,
tgwQSVRRw3c,Standard,5.0,0.0,
240A7qZJi6I,Reaction,7.5,9.5,
hYduQwGy8Ys,Standard,5.0,0.0,
q5tW4iyX590,Standard,-1.0,-1.0,
Lsw46ouuAec,Standard,-1.0,-1.0,
CNdORtdHW8w,Standard,-1.0,-1.0,
_0slol-ACto,Standard,-1.0,5.0,
M-5VmCzGZGw,Standard,5.0,1.0,
aSwTDVDizrE,Reaction,2.5,0.0,
unbLX8cECpw,Reaction,4.0,6.5,
8CrHyFU_tvs,Standard,7.5,8.5,
QYWmIAt7PR4,Standard,5.5,7.0,
6PKgzKxVPnc,Standard,-1.0,0.0,
a1BJ71KWxHo,Reaction,8.0,9.0,
FlE_pBc6IzY,Standard,7.5,6.5,
Uy2axQYWwa8,Standard,7.0,2.0,
bGK4LMj9_2o,Standard,7.5,8.5,
hDSTndyVKPg,Standard,-1.0,-1.0,
HgT6kFiAjZM,Reaction,7.0,8.0,
0gjaSAGlHas,Reaction,8.5,9.5,
luLH7NbuAd0,Standard,-1.0,-1.0,
00ALLeXL0Rg,Standard,7.5,1.0,
5CS-vxhY7iQ,Standard,-1.0,-1.0,
0P7QVIBc_Ws,Standard,7.5,9.0,
TqoTUDLxJ5w,Standard,6.0,8.5,
fjTuEh2RZYE,Standard,7.5,6.5,
HOU-cHA60Iw,Standard,1.0,8.0,
F9UVgDkFvM4,Standard,-1.0,-1.0,
6ARTgdleGtg,Standard,-1.0,-1.0,
IQqHPfWAgsY,Standard,8.0,9.5,
DWJbnjABons,Standard,8.5,9.5,
ICYg4ajuC9c,Standard,-1.0,-1.0,
p1zTg71hofk,Standard,8.5,9.0,
243Ua1VJ04k,Standard,-1.0,-1.0,
VhkFa5WJCXA,Standard,5.0,0.0,
K0YqvoU08Sw,Standard,7.5,8.5,
FW_huVWbjs4,Standard,2.5,0.0,
r56nwMiHLu8,Standard,7.0,8.5,
oodrmGLKObw,Reaction,8.5,9.5,
ufLb6w-9Zy4,Standard,5.0,0.0,
Cspw1gsheWY,Standard,7.5,7.0,
Z-Nol-j4aHk,Standard,-1.0,-1.0,
V9DYgJmBrj0,Standard,1.5,2.5,
cO-NzeAjdv4,Standard,7.0,9.0,
_ZCKnU5P29A,Reaction,7.5,8.5,
XoWTtPs0iVU,Standard,-1.0,-1.0,
O6YrzUUJasM,Standard,7.0,0.0,
yg_aaYo4Zn4,Reaction,2.0,8.5,
w6dGisEpPNE,Standard,5.0,0.0,
uqQKK_hs8MA,Standard,-1.0,-1.0,
fgTPXQ1ljy8,Standard,7.5,8.5,
PO3aPhC9h-E,Reaction,7.5,8.5,
5TR3UgJF8nI,Standard,5.0,0.0,
-m89TyVDl0c,Standard,5.0,7.0,
vL9rHC5_tLA,Standard,5.0,0.0,
6knP-Zyk2Ig,Reaction,5.0,8.5,
VAwxSYo94Ek,Standard,6.5,4.5,
o1Nrhyy-psc,Standard,8.5,8.5,
8KZt_Sn4cVc,Standard,5.0,0.0,
novuvev5TN0,Standard,9.0,9.0,
tVKUU4aTBrA,Standard,-1.0,-1.0,
iJ1eYnvYNv0,Standard,-1.0,-1.0,
jGSBeYcA8YI,Reaction,7.5,8.5,
E7L9yc-JR9U,Standard,6.5,8.5,
fomPg90fsSo,Standard,5.0,0.0,
7ipIs4JVZg8,Standard,5.0,0.0,
B3hxS-mMLg4,Standard,8.0,9.0,
f_ISsicEiMY,Standard,4.5,6.5,
9LFDzlneUdQ,Standard,5.0,0.0,
K9xwGIeB_kY,Standard,5.0,0.0,
lsEc42m0Z7A,Standard,-1.0,-1.0,
smyH-0-2TCc,Standard,6.0,9.0,
2SilVk8N31Q,Standard,5.0,0.0,
-VHf3shj9Bg,Standard,-1.0,-1.0,
Ifhsc7RI4aA,Standard,5.0,0.0,
6D9gdq5WEIs,Standard,-1.0,-1.0,
zRtcpbjRpN8,Standard,5.0,0.0,
HrE4rQSLViQ,Standard,-1.0,-1.0,
qze6sSaVd_E,Standard,-1.0,-1.0,
t9kh35tF1-w,Reaction,2.0,6.0,
oFs1r7F0vIo,Standard,5.0,0.0,
cPTjlD0kytE,Standard,-1.0,-1.0,
49SJMVQCdaA,Standard,-1.0,-1.0,
a2ytPdjf7v0,Standard,3.5,0.0,
6RzY1vOoJKw,Standard,-1.0,-1.0,
xt1d0r-bkLk,Standard,-1.0,-1.0,
JAgED1um8Kg,Reaction,7.0,9.0,
IK4tQ9MNtc8,Standard,8.0,8.5,
vKDWDOiI7_4,Standard,5.0,2.0,
v1STos-UKVY,Standard,7.5,8.5,
Cjjmizm9uPk,Reaction,-1.0,-1.0,
kaubXwSfjRQ,Standard,2.5,0.5,
vNGcTO-z84c,Standard,8.5,9.5,
d9umyJbSq3o,Standard,-1.0,-1.0,
Bud8L--Xt2g,Standard,2.5,0.0,
gKTeVeWJPRY,Standard,5.0,0.0,
r-CoRMzYHMc,Standard,-1.0,-1.0,
uyQtG60z5LE,Reaction,5.0,0.0,
E_jGMZfmcoc,Standard,5.0,0.0,
C1vzb17vQbw,Standard,5.0,0.0,
Yn3NyzBW6P4,Standard,-1.0,-1.0,
N1diPK7W5gs,Standard,6.0,1.0,
8wSroE2r-YA,Reaction,7.0,0.0,
IoNuce6q6dE,Standard,9.5,9.5,
zPtq1lE93dk,Standard,3.5,0.0,
528KHamjP_Y,Reaction,7.5,7.5,
T-ZBLn1NGLs,Reaction,-1.0,-1.0,
SzQVCYvbGrU,Standard,8.0,9.5,
g42FLNSF7R4,Standard,7.5,9.5,
fLJ8xoPxWF0,Standard,8.0,9.0,
p8D3PUvSyms,Reaction,5.0,0.0,
vKqlkpHpHbk,Standard,8.5,9.0,
fnPR6hKPy4U,Standard,3.0,1.0,
2TvNm15CO4E,Reaction,7.5,8.5,
7ojx-nDcgU0,Reaction,5.5,6.0,
5aQGPWDW8x8,Standard,5.0,0.0,
EoWln3irXDo,Reaction,5.0,8.5,
8sQW-aakn2E,Standard,7.5,7.5,
dSUMHqRU4SA,Reaction,-1.0,-1.0,
c6RumrQSMQ0,Reaction,7.5,9.0,
c1ZTQpnFkqM,Reaction,7.5,8.5,
XRyPnK1fZHM,Reaction,-1.0,0.0,
iKugB9_oB4o,Standard,6.0,7.5,
J7g2YUW_HN4,Standard,5.0,0.0,
8e070OCEAWI,Reaction,4.0,1.0,
nujsTAYacm0,Standard,7.5,8.5,
urxrzA1n_UE,Standard,8.0,9.0,
-NSng4qao0I,Reaction,5.0,0.0,
w6t5rfDWFfY,Standard,2.5,7.5,
-bWVULx2hAY,Standard,5.0,0.0,
VAuH6YzD1yw,Standard,-1.0,-1.0,
_TdXjS1E_dQ,Standard,-1.0,-1.0,
SN1BGZ4NDY0,Standard,8.5,8.5,
5MPjDurGkuc,Reaction,9.5,9.5,
qRn3lr4if7s,Standard,8.5,8.5,
ILWyLWR-Arg,Standard,-1.0,-1.0,
Vz1oZ8Icaas,Standard,4.0,0.0,
Ilkr_WjzXh8,Reaction,8.5,8.5,
nlFTzAQH71U,Standard,8.5,9.0,
YjEvo6_3n2E,Reaction,-1.0,-1.0,
sqYGXCbVxWA,Standard,7.5,7.5,
YTXdwnB6TyQ,Standard,8.5,8.5,
1aeZ65FeTTM,Reaction,6.0,8.0,
8suwYxs6rE4,Standard,5.0,3.5,
2IprIzIMSJU,Standard,-1.0,-1.0,
qb4EF69tOGI,Reaction,7.5,7.0,
eTsoaXTqqyE,Standard,-1.0,-1.0,
e1kB7lXdLco,Standard,5.0,0.0,
LdAjORRobQo,Standard,9.0,9.0,
AEg94IW9x1k,Standard,5.0,0.0,
O624mbwK5PE,Standard,-1.0,-1.0,
XmKz9pyiyzA,Standard,-1.0,-1.0,
nenBTiOtzKo,Standard,-1.0,-1.0,
ljfeMcoQoCc,Standard,8.5,9.0,
w2gawLlRKAY,Standard,5.0,0.0,
QdZwOuLnmnc,Standard,7.5,0.0,
KrI1eHXzGew,Standard,5.5,2.5,
vK9BGHbsTCU,Standard,-1.0,-1.0,
731-ZrYycQI,Standard,4.5,2.5,
4WMyKSfB9ZQ,Standard,7.5,5.5,
JilGcdslBK4,Standard,-1.0,-1.0,
SSriH8KY9GM,Standard,-1.0,-1.0,
aZGx8pBZFrE,Standard,7.0,8.5,
s9DmIdRO224,Standard,0.0,8.5,
bPK3K70IVBs,Standard,8.5,8.5,
wSCoR6yiFzc,Standard,-1.0,-1.0,
slecmeC9iEU,,,,"{'method': 'POST', 'url': 'https://api.example.com/data', 'headers': {'Content-Type': 'application/json', 'Authorization': 'Bearer YOUR_TOKEN'}, 'body': {'name': 'John Doe', 'email': 'john.doe@example.com', 'age': 30, 'is_active': True, 'roles': ['user', 'admin'], 'address': {'street': '123 Main St', 'city': 'Anytown', 'zip_code': '12345'}, 'preferences': None}}"
Gao4mXA0qIQ,Standard,3.5,0.0,
ouMPr8YbHLw,Standard,-1.0,-1.0,
88Bl7ymU-FM,Standard,-1.0,-1.0,
apfaLG4oa6Y,Standard,8.5,8.5,
tXxr-vuACiw,Reaction,-1.0,-1.0,
B3ksBPj9lKA,Standard,-1.0,-1.0,
Du3jI92XAjE,Reaction,8.5,7.5,
oWrjCzx-cGw,Standard,5.0,0.0,
mccgCl-9WTI,Standard,-1.0,-1.0,
CgCMwP1sSkg,Standard,5.0,0.0,
hacGobSnV7o,Standard,7.5,4.5,
E_HY2KfRjk8,Standard,5.0,6.0,
IzZzqWw-wME,Reaction,7.5,9.0,
C-FQ_idr_7U,Standard,5.0,0.0,
osI5e8Vfmyw,Standard,4.0,7.0,
9d29ANR7v-A,Standard,5.0,0.0,
W6q3sUpqauI,Reaction,5.0,7.0,
L6VpPpjSMV8,Standard,8.5,8.5,
bIygJD95eLQ,Reaction,7.5,8.5,
3n4u2gQ4XMU,Standard,-1.0,-1.0,
eSvR-b7Tq8I,Reaction,7.5,8.5,
iq8n10L7m8c,Standard,3.5,0.0,
JYH6wDN8tA8,Standard,8.5,8.0,
Rmm99T2aw_c,Standard,6.5,7.5,
n78i_4wwS6k,Standard,-1.0,-1.0,
y-D7zrH68v8,Standard,-1.0,-1.0,
tzscud3FVQ8,Reaction,8.0,9.0,
j0eRuJcANF0,Standard,-1.0,-1.0,
k8hlcKNDzeQ,Standard,2.5,2.0,
SpBUMtuG1ec,Standard,8.5,9.5,
Sjhej5YFobQ,Standard,6.5,7.0,
56JM4EKwtlY,Standard,9.0,9.5,
d0mW66rdvxU,Standard,5.0,0.0,
uo8szFZ1en0,Standard,7.5,4.5,
fM1bjhH0cEg,Standard,5.0,0.0,
8C3dFAWBJF4,Reaction,8.5,9.0,
x2OJj-CoHS0,Standard,3.5,7.5,
qiXah0Zxsp8,Reaction,8.5,9.5,
qeeYNti7_H0,Standard,-1.0,-1.0,
VzJTV4FgG9U,Standard,-1.0,-1.0,
mODtNLqgy_Q,Standard,7.5,7.5,
YXm1pxInm5I,Standard,5.0,0.0,
W46-A4dGlGg,Standard,5.0,0.0,
6ZcvfQFYd6A,Standard,-1.0,-1.0,
F3Ea3gbz4h8,Standard,4.0,7.5,
Gskij4VfYao,Standard,9.5,9.5,
UQNjBS6Da6U,Standard,4.5,0.0,
39-BJbqjPxc,Standard,8.5,8.5,
vCkM9c_PBaI,Standard,-1.0,-1.0,
OzcSPNBdrBI,Standard,-1.0,-1.0,
vJi5GSB6Vnk,Standard,9.0,9.5,
KJqpBE1V4NU,Standard,3.5,0.5,
J0BWHi7OhrY,Standard,-1.0,-1.0,
xDL4pvly1T4,Standard,5.0,0.0,
GGkYQwN3y68,Standard,-1.0,-1.0,
_vF0qBiUUSE,Standard,-1.0,-1.0,
_LghMkoTqKE,Standard,5.0,0.0,
F_Z9eEDtizI,Standard,7.5,9.0,
WvSAzQujIaI,Reaction,8.5,8.5,
XOJl6J7DNEw,Standard,9.0,9.5,
_i1j7PgQ_VQ,Standard,3.5,0.0,
5PQP0G3BeR8,Standard,7.5,9.5,
DRpQZy_Hsmg,Standard,-1.0,-1.0,
p-ZYPH8iSG4,Standard,3.0,8.5,
qApbtH7kgfw,Standard,5.0,0.0,
KW_zpw9ZMCI,Standard,7.5,8.5,
MUISER8V9kU,Standard,5.0,0.0,
k0bs1lef-jo,Standard,8.5,7.5,
qWNx5g_X3LY,Standard,6.0,8.0,
Vl42_i6IFoU,Standard,-1.0,-1.0,
wCf170MXrL0,Standard,-1.0,-1.0,
h_8ymqMSLrU,Standard,-1.0,-1.0,
blixSeVJXmM,Standard,8.0,8.5,
FUSBIakpGYk,Standard,-1.0,-1.0,
qWAEdFmnWCY,Standard,8.5,8.5,
-rLaaaP38OQ,Standard,5.0,8.5,
8AKsoVvJqu4,Standard,-1.0,-1.0,
Edkqqp6Pdzg,Standard,-1.0,-1.0,
v6SbObWudjQ,Standard,5.0,0.0,
YHSzfdJJzSU,Standard,5.0,3.5,
QONPvFRHOT4,Standard,5.0,0.0,
3j2q_RKwIs8,Standard,-1.0,-1.0,
Fm1pUJMTv_s,Standard,3.5,1.0,
tRjZhoGx4qM,Standard,-1.0,-1.0,
CBLmbihbGJM,Standard,-1.0,-1.0,
etasUVD536M,Standard,8.5,8.5,
mbMI-bfo-Pc,Reaction,8.5,9.5,
7TrArplxyCM,Standard,7.5,8.0,
ASpVoMTZbWQ,Standard,-1.0,-1.0,
zFk7AyesLWo,Standard,8.5,9.0,
988Vaqnwruc,Standard,5.0,0.0,
vtJ_4fCHhg8,Standard,5.0,0.0,
z9lcY0dtkbo,Standard,9.5,9.5,
qvfGB4fgWP0,Reaction,1.5,7.0,
bJDC41nol8M,Standard,1.5,0.5,
teZdAA4qImY,Standard,5.0,0.0,
HuOlrKn9GwI,Standard,5.0,0.0,
fKJSOxR08GM,Reaction,6.5,7.0,
aaH7Mxr1byM,Standard,-1.0,-1.0,
OYaiSvULmug,Reaction,3.0,3.5,
BjIpufQd7sw,Standard,-1.0,-1.0,
zxmcCfJwtXE,Reaction,7.5,8.5,
9Nw_iJQUHFw,Standard,7.5,6.5,
jQxJX8l9sbg,Standard,9.5,9.5,
CX1T0I7WAb4,Standard,7.0,6.5,
FqqUtMpobbo,Reaction,2.5,1.0,
h1-DLVAmO_8,Standard,-1.0,-1.0,
KHRUKxsJrD0,Standard,7.0,1.0,
iex0Ux9W5FE,Standard,-1.0,-1.0,
9E-NbX77C5U,Standard,5.0,0.0,
W5rJ1um5JVA,Standard,7.5,6.5,
GW5XST-1eiE,Reaction,8.0,9.0,
YE27P6qRMvo,Standard,5.0,0.0,
O01luByRUqs,Reaction,8.5,9.0,
gEIGuG-tRG0,Standard,5.0,6.5,
G7PKj-pv-8o,Reaction,0.5,7.5,
na6aOUSPGpo,Standard,-1.0,-1.0,
rps728nGRWA,Standard,3.5,8.5,
wMZLBug1WZY,Standard,-1.0,-1.0,
QQKhuUieXp4,Standard,8.5,9.0,
T4TMZz4_UkI,Standard,-1.0,-1.0,
aIt56dsRjlw,Standard,7.0,6.5,
ABW99YQzWag,Standard,8.5,9.5,
eotTxodm7fg,Standard,4.0,8.5,
rv_bYZJUOuU,Standard,5.0,7.5,
IR3xu9Qstsk,Standard,8.5,7.5,
gJADXAjFYdE,Reaction,7.5,7.5,
t5yoCAnO5XA,Reaction,9.0,8.5,
3MYYhL0zZ-g,Reaction,1.5,7.5,
RNd52QPNDJs,Standard,8.5,8.5,
vfOzqwVSbwQ,Standard,-1.0,-1.0,
p9pyIEiNo88,Standard,7.5,8.5,
R3W7ZK2NfN0,Standard,-1.0,-1.0,
dRLmRp25qvY,Standard,-1.0,-1.0,
XI0-jfKXETg,Standard,-1.0,-1.0,
1_lp2VoUr2c,Standard,-1.0,-1.0,
k9Z2Vt1sJgo,Standard,6.5,2.5,
PvDLFdB1Bbk,Standard,-1.0,-1.0,
FIlWHL-wJPM,Standard,-1.0,-1.0,
fcNKkHC1IRY,Standard,5.0,0.0,
8armbMnXWBc,Reaction,6.5,8.5,
E_OtSUcB-pE,Standard,8.0,8.5,
FJUsd_s993Y,Reaction,7.5,8.5,
UCHGyckDh-k,Standard,-1.0,-1.0,
1tRbixk5lPg,Standard,8.5,8.0,
k6lQhynfrcM,Standard,7.5,7.5,
R5_Fp-ZlLUA,Standard,6.5,4.0,
2DlIGiu8w8U,Standard,-1.0,-1.0,
Oli34s7uGZA,Standard,-1.0,-1.0,
TK980JFuyh0,Standard,-1.0,-1.0,
flXVkFpRzaI,Standard,5.0,0.0,
NI07t9F_ecQ,Standard,-1.0,-1.0,
ioCjFGDIYEc,Standard,7.5,8.0,
0F4orGa2xh0,Standard,2.5,7.5,
6XCnT6L0QzE,Standard,5.0,0.0,
x7q-x5ng1JY,Standard,7.0,8.0,
Y8m8RbHlHs4,Standard,7.5,6.5,
5BOdyCggLIE,Standard,6.5,3.0,
sciN5YQWkYI,Reaction,-1.0,-1.0,
M3J_g58ow_A,Standard,1.5,6.5,
NMLQs3pVx74,Standard,-1.0,-1.0,
njO39VRxZG0,Reaction,7.5,8.5,
KM8GL-p5B8U,Reaction,-1.0,-1.0,
qxLxjklMXBY,Standard,3.5,6.5,
4LF8ma1UNC8,Standard,5.0,0.0,
5FzMd8anHQ0,Standard,6.5,0.0,
nHxB5ErZGhI,Reaction,6.5,7.0,
mtbK71PdL40,Standard,5.0,1.0,
mP6uSQPcnF0,Standard,-1.0,-1.0,
M0tOetYdIHg,Standard,7.5,8.5,
STUFasK05lo,Standard,-1.0,-1.0,
dEzws2fiSa0,Reaction,8.5,9.5,
ocuJj7azB7E,Standard,5.0,0.0,
yQOyQIOlPfQ,Standard,8.5,9.5,
OSREosyGhCw,Standard,-1.0,-1.0,
rjoFGQuUaik,Standard,5.0,1.0,
dx42P2DLwhg,Standard,8.5,9.0,
S_x7xav-gHw,Standard,4.0,0.0,
1LPlUvEsYG0,Standard,-1.0,-1.0,
SBIOmKFMjwo,Standard,-1.0,-1.0,
XdOi0TVF2NY,Standard,8.5,9.0,
dn6crG4nBTU,Reaction,-1.0,-1.0,
IZ7JgcU19T8,Standard,8.5,8.5,
pKteT63qD08,Standard,8.5,9.0,
vHsJB1QDOFQ,Standard,8.5,8.5,
zMVuUigK97g,Standard,-1.0,-1.0,
qSnsj02FHuM,Reaction,1.5,1.0,
ZN94SoVRAqk,Standard,6.0,7.5,
cw7TaCDL1xE,Reaction,4.0,7.5,
mvDttF5Da-A,Standard,5.0,0.0,
mFB4QFSUC3I,Reaction,7.5,7.5,
F3fiJCPdoLM,Standard,-1.0,-1.0,
vC2oLLQzwOY,Standard,-1.0,-1.0,
VrDPt8ZpbVQ,Standard,5.0,0.0,
yhRYxIpfmXk,Standard,7.5,9.5,
nVZvewz0Z1U,Standard,-1.0,-1.0,
t5uiSQ9Soig,Standard,5.0,0.0,
4a0JOiTgozg,Standard,7.5,9.5,
rtJo5szwTF0,Standard,8.5,9.0,
gpvx9_dOMLA,Standard,7.5,9.0,
x0disNHU6k4,Reaction,5.0,8.5,
fgKfo98ogH4,Reaction,-1.0,0.0,
GNfRNctEcEc,Standard,7.5,7.5,
tYCHDHaZqvU,Standard,7.5,7.5,
LaHjL0x1X2M,Standard,5.0,0.0,
fchFV_u2R68,Standard,5.0,0.0,
Mq4plS_j-sM,Standard,3.5,0.0,
cHE8Jdys1aA,Standard,5.0,0.0,
5rqHVTxnYvY,Standard,8.5,9.0,
kc6u-I1TlR0,Standard,4.5,0.0,
C6u9-Vay_cA,Standard,-1.0,-1.0,
zkwyueeTW_g,Standard,7.0,6.5,
sW2TAT-RAiI,Standard,-1.0,-1.0,
B-Mz92xWR8s,Standard,5.0,0.0,
vA8ZieHmqak,Reaction,7.0,7.5,
vLP99WnEQIk,Standard,8.5,9.0,
RXuoVx_9dRs,Standard,5.0,0.0,
ZmWTzDGLwlg,Standard,-1.0,-1.0,
mjkebHYLNxs,Standard,5.0,3.0,
PDnfigoOTsc,Standard,-1.0,-1.0,
xgd5j6azPA0,Standard,5.0,0.0,
6XKzn8G9v-0,Standard,-1.0,-1.0,
aFaTXyjnNfU,Reaction,1.5,2.5,
PVPv-9fTPZY,Standard,-1.0,-1.0,
_fnQb-vw8-o,Standard,8.5,9.5,
q7xIvlNyaLQ,Standard,5.0,0.0,
yJZkG25_NQI,Standard,5.0,0.0,
qA9XO_uv-JQ,Standard,-1.0,-1.0,
PMShUIZWaiA,Reaction,3.5,1.0,
wH1a7OLoTHQ,Standard,8.5,9.0,
wHqE-VjLciQ,Standard,6.0,0.0,
DNbIEZ2LaOY,Standard,7.0,0.0,
NEwSUJH66uU,Reaction,1.5,7.0,
yWDAAy23Sns,Standard,7.5,8.5,
xGPHMzlblGQ,Standard,7.5,8.5,
LeWX_1G5BbQ,Standard,8.0,7.5,
N4pDhrgV8Uk,Reaction,8.5,9.5,
IZ2mFmWRrvE,Standard,3.5,0.0,
y6Ptbq3oLhM,Reaction,5.0,1.0,
hJNxgjx6q3w,Standard,5.0,0.0,
huRhpmlHMKI,Standard,-1.0,-1.0,
2w5uGbsYO_A,Standard,8.5,9.5,
FAaBRqtmAiU,Standard,8.5,7.5,
FtsTYN1dLno,Standard,7.5,6.5,
cgqZbyJPFd0,Standard,7.0,8.5,
HbQm4JPchXU,Standard,-1.0,-1.0,
3Eqn3vtcBP4,Standard,6.5,8.0,
vpHfo8mjhGk,Standard,9.0,9.5,
u4w3-MdpLyM,Standard,6.5,6.5,
J5ZOoHpx9rY,Standard,-1.0,4.0,
mori11Zej5c,Standard,7.5,8.5,
o_ExeLcVJCc,Standard,5.0,0.0,
lVcSiAh_H34,Standard,6.5,0.0,
UBqFh2eb3cY,Standard,5.0,1.0,
LjH2kl-e-4c,Standard,-1.0,-1.0,
MVd_uI92gtI,Standard,-1.0,-1.0,
BoJkeCmtwkQ,Standard,8.0,8.5,
67esHnbOj1o,Standard,5.0,0.0,
OhZvfiN_eTY,Standard,-1.0,0.0,
423kp6Ber4c,Standard,8.5,7.5,
IM_hOYtisfg,Reaction,8.5,8.5,
SyiEf-gQNI4,Standard,7.5,6.5,
sSWgMmMb7pg,Standard,-1.0,-1.0,
6L94ythsuHo,Standard,8.5,9.5,
Q0ggfjuYI7U,Standard,5.0,0.0,
1GVvHb-RYg0,Standard,2.5,0.0,
Nuw8zvIPOJY,Standard,8.5,9.0,
IB-U9wzBjcg,Standard,8.5,9.0,
BRYR-bNKNPE,Standard,6.5,9.0,
3xT8_5LkNDI,Reaction,7.5,8.5,
8QsCDKHTc5Y,Standard,3.5,6.0,
5RH_L2dkSLQ,Standard,5.0,0.0,
a6dfpAYVBDU,Standard,9.5,9.0,
QI-eTMuBCRs,Standard,8.5,8.5,
Xvfci8ro_co,Standard,4.0,0.0,
km9iMf2bp7U,Standard,7.5,9.0,
xez5am9PJW8,Standard,5.0,0.0,
O4JsuDOL8EA,Standard,8.5,9.5,
ZMlqi5ZuoPM,Standard,7.5,7.5,
Gk7J_h8U4yY,Standard,5.0,7.5,
VGe09-PAuw8,Standard,-1.0,-1.0,
Dl9YwoSty1Q,Standard,4.0,4.5,
BjpKWOkuKng,Standard,5.0,0.0,
RoOCet1n884,Standard,5.0,0.0,
nDFq0fclKns,Reaction,7.0,9.0,
gqFGOiEbh88,Standard,3.5,0.0,
t4F0uXdv88U,Standard,6.5,7.5,
o4OZtiJ_QJE,Standard,5.0,0.0,
SeOHsvdUkCI,Reaction,6.5,8.5,
h3Op9G2hVpA,Standard,10.0,10.0,
1e775aB-R1s,Reaction,3.5,6.5,
RaATksBaHQI,Reaction,7.5,6.5,
nXnLpNr6kIE,Standard,4.5,0.0,
_JpzJhlRGVk,Standard,-1.0,-1.0,
YPBJC3GxOrc,Reaction,7.5,9.0,
kymkREmtgPQ,Standard,3.5,1.5,
faZUPKe47m8,Reaction,7.5,8.5,
xYV5UBqTBls,Standard,7.5,7.5,
J5w_Mi7Jc34,Standard,5.0,0.0,
8j7Bj0La5Q4,Standard,4.0,7.5,
j9_VzHDp8QE,Standard,5.0,0.0,
il3YTj29uGY,Reaction,7.5,7.5,
HlXpSbLVzvU,Standard,3.5,0.0,
HHM4MBIKDL4,Standard,8.5,9.0,
NVPKyHa3-V8,Standard,7.5,8.5,
eYUhPYAf2zM,Standard,5.0,0.0,
kOILi_tIC-I,Standard,7.5,8.0,
HBErn1kt5Qo,Reaction,-1.0,-1.0,
GCMuqwfEJqQ,Standard,5.0,0.0,
B-G7jiOcRVg,Standard,-1.0,-1.0,
kfmAsHPJWGI,Standard,-1.0,-1.0,
50Tf7Kbj6Rs,Standard,8.5,9.5,
kxVE5LYBmns,Standard,5.0,0.0,
zzcgMi3YfNc,Reaction,8.0,7.0,
J_4a0sHR2Cs,Reaction,1.5,1.0,
T882cg8gs58,Reaction,7.5,9.0,
ZMsOYMT2TjQ,Standard,-1.0,-1.0,
N677uGFQOZg,Standard,7.5,7.5,
LsCGffd5pGo,Reaction,7.5,6.5,
Iq8zl1DuDDU,Reaction,8.0,9.0,
LgyobVrWV5Q,Standard,8.5,6.5,
5BqI2Ef9elM,Standard,-1.0,-1.0,
bxwpLcJojII,Standard,5.0,8.0,
o4WFACkiV-8,Standard,-1.0,-1.0,
dJpXQLJBoCI,Standard,5.0,7.5,
6q1IU1VFgo8,Reaction,-1.0,0.0,
ZuBkmvxdsBo,Standard,-1.0,-1.0,
DY2qbqrCjYo,Standard,7.5,8.5,
a1Pga5IztX8,Standard,5.0,0.0,
PK-pGhU7yys,Standard,8.5,1.5,
wFPcJ9Iv2Gs,Standard,6.5,1.0,
pRM6VaDRFeo,Reaction,7.5,8.5,
ZTpBOjpiHRw,Standard,5.5,6.5,
Hi8SHMWesaM,Standard,5.5,0.0,
aO4BesHNMZ8,Standard,2.5,6.5,
K6eXBD0rzME,Standard,7.5,8.5,
MDKYTpjHxVA,Standard,5.0,7.5,
DWs5XggGY6w,Standard,2.5,0.0,
al9F6JbPq9g,Standard,-1.0,-1.0,
_wL15L1Bfog,Standard,-1.0,-1.0,
0rAhZ0mq6Cs,Standard,7.0,7.0,
GHeCnCtKkwU,Standard,4.0,7.0,
YR4M6mUHpsE,Standard,7.5,6.5,
7LiTwGBx5TA,Standard,7.0,8.0,
9H8V9PTR8hE,Reaction,9.0,9.5,
JXW4Yy5LDOs,Standard,-1.0,0.0,
TOdIxdd-IAw,Standard,7.5,9.0,
EFPyP-aYGlc,Reaction,2.5,1.0,
iEc-wt8dasE,Standard,7.5,8.5,
8vfASBvCeW8,Standard,9.0,9.5,
sy0MdZ-85wk,Standard,5.0,8.0,
jqTjLwefLx0,Standard,-1.0,-1.0,
CrC6MXTE40k,Standard,-1.0,-1.0,
_SN5ocsEkGA,Standard,-1.0,0.0,
hsB6inV4Q5o,Standard,5.0,0.0,
sgWvBBCNEZc,Standard,-1.0,-1.0,
ZZ8O5iPpy9M,Reaction,8.0,8.5,
5hz4PcXNH70,Reaction,8.0,9.0,
-o-z1mh-aZ8,Standard,7.5,6.5,
_NsVTFPUVIE,Reaction,3.5,1.0,
R4H7Taby0rg,Standard,5.0,0.0,
KtVE3FTc2gY,Standard,-1.0,-1.0,
YSu2Iy6hnss,Standard,5.0,7.5,
NyPAQt4RZDM,Reaction,8.5,9.0,
esK7Z7d5gOw,Standard,8.5,9.5,
DNiJZpEA3C4,Standard,5.0,0.0,
4u_c3xQyzx4,Standard,8.0,9.0,
iixxabe2FVg,Standard,-1.0,-1.0,
NM6UEY8hjfs,Standard,7.0,6.5,
cmS_dFGr424,Standard,5.0,0.0,
8cKZ7oXVDTs,Standard,5.0,6.0,
CBpLYfEsKbs,Standard,5.0,0.0,
RIMAlPJj_nA,Reaction,6.0,9.0,
cEvuIYcs-Bk,Standard,7.5,8.5,
4TqzoZTBo_Y,Standard,-1.0,-1.0,
qvst0JShis0,Reaction,1.5,8.5,
GWYmYM0Fk6c,Reaction,-1.0,7.5,
XnhOL4_Lxwk,Standard,-1.0,-1.0,
J04RG_EYttQ,Reaction,2.5,8.5,
t1MhnSK8uds,Standard,5.0,0.0,
vl7u2v4K0ec,Reaction,6.5,7.5,
kefPTWSNSdk,Standard,8.5,8.5,
5gflIz0yVu4,Standard,-1.0,-1.0,
aI1RGELjJPs,Standard,-1.0,0.0,
8xFXbs-iFfc,Standard,-1.0,-1.0,
I-EeYqtEqU8,Standard,-1.0,-1.0,
DLb6qVdIpDQ,Standard,-1.0,-1.0,
AhRMFVLh00k,Standard,5.5,1.0,
rtoSB1lsO-g,Standard,4.0,9.5,
t7x2-e8ZfCs,Standard,8.5,9.0,
7j7lB71rF38,Standard,7.5,7.5,
215xoXx7Ub0,Standard,8.5,9.5,
Mj0xvrFxgSQ,Reaction,8.5,9.5,
aZ77F3-L9jU,Standard,7.5,8.5,
R8Ecov5XwtY,Reaction,8.0,8.5,
v_-c-Ziou20,Standard,-1.0,-1.0,
7TzKker_rEk,Standard,2.5,7.0,
tuFH3EYie2c,Reaction,1.0,8.0,
iUrbtTUAUXk,Reaction,8.5,8.5,
zu5ejRznCEI,Standard,5.0,0.0,
5LVl6Xia2i4,Standard,6.0,2.0,
HW9XnMMtYk8,Standard,6.5,6.0,
EFV_FEA8TeE,Standard,6.5,7.5,
-D2dRlw8Ry4,Standard,-1.0,-1.0,
3FQxqvBE8uU,Standard,9.0,9.0,
iA7apzctUz0,Standard,3.5,0.0,
NDjdUW-JvlY,Standard,-1.0,-1.0,
wew8sArc4Fo,Standard,3.0,1.0,
vQpA0UUKKsE,Reaction,2.0,7.5,
s15ADZa3BvI,Standard,1.5,8.5,
h3mbWtyZyt4,Standard,5.0,0.0,
BbmZrZzYh1s,Reaction,6.5,2.0,
Edj6vwvQ2_g,Standard,7.5,8.0,
WJunO_1sx9Y,Standard,7.5,8.5,
QhvWM9DdGA0,Standard,-1.0,-1.0,
QEeGLJHXR5Y,Standard,7.5,6.5,
yoFP8KvKyXE,Standard,8.5,9.5,
STfWbcZqTt4,Reaction,1.5,0.5,
TfqMTQOUwiI,Standard,9.0,9.5,
aHsxQK78RQE,Standard,7.5,8.0,
hIiUxpH7LYA,Standard,-1.0,-1.0,
-kCDr13MKIk,Standard,-1.0,-1.0,
rP35qR93di0,Standard,-1.0,-1.0,
h3tNC0ufMHY,Standard,7.0,7.5,
msvUOmvfMZ4,Reaction,8.0,9.0,
g7NIqpjFF50,Standard,7.5,7.5,
zGySnpjRGUs,Reaction,-1.0,-1.0,
tEJzyypkJRU,Reaction,2.5,7.5,
KcKKtrKebII,Standard,-1.0,-1.0,
ioMO2PYRJ68,Standard,-1.0,-1.0,
wAB7G1EzhUI,Standard,5.0,8.5,
I2H6rgdnxdI,Standard,5.0,0.0,
1IhVyThW718,Standard,5.5,7.0,
s-jetLUqUUU,Standard,-1.0,-1.0,
hxw075UALGw,Standard,5.0,0.0,
lNW3V_mXGTU,Reaction,4.0,1.0,
9bgncYPOjC0,Standard,-1.0,-1.0,
ohOP3IHcnok,Standard,7.5,9.0,
7-4Ds-v3-pg,Reaction,-1.0,0.0,
NRsEnzrbkU8,Standard,-1.0,-1.0,
wlwBD-1Dnms,Reaction,7.5,9.0,
mjgmKBhC8tg,Standard,7.5,6.5,
nvkJV3L_wYo,Standard,7.5,9.0,
OHtANVEZY9Y,Reaction,5.0,0.0,
2a096zmpbGg,Reaction,1.5,7.5,
99yTuuF01-c,Standard,1.5,6.5,
sZf5jw-t-fw,Reaction,8.5,9.5,
z8AF1MGtVTc,Standard,7.5,8.5,
GnNx0a85pVQ,Standard,3.0,1.5,
PR_BdPympMw,Reaction,7.5,9.0,
P16fle4Frwc,Standard,-1.0,-1.0,
B-gJ4yotzGE,Standard,8.5,9.0,
fFYKZz9fbXk,Standard,-1.0,-1.0,
O9AwJ7knuh4,Reaction,3.0,6.5,
QE8g2JQBhyM,Standard,5.0,0.0,
GIdx9mSbrcE,Standard,-1.0,-1.0,
koe7WHEB14M,Standard,-1.0,-1.0,
NPz8v1wLdsk,Standard,-1.0,-1.0,
d0hS7iKq1zc,Standard,7.5,4.5,
2OvrbeVnxzg,Standard,7.0,8.0,
PZRd6xRPKEo,Standard,7.5,6.5,
MgWPFcdxVZI,Standard,6.5,4.5,
zfoRe27x3jU,Standard,5.0,0.0,
1JOqBkli6_E,Standard,-1.0,-1.0,
Tiz2iuXbp04,Standard,6.0,0.0,
XGpIjkRtFxw,Standard,7.5,7.5,
SwyimMXmwFc,Standard,3.5,1.0,
xXgn1iNRm14,Standard,5.0,0.0,
tBi_e8_w6xI,Standard,-1.0,-1.0,
6wYMiuW2BYw,Standard,5.0,0.0,
YN-WgdnhOLU,Standard,4.5,0.0,
mlEjc7HBids,Standard,8.8,9.2,
RZrrYaH_7-0,Reaction,8.5,8.0,
F0qQfN95cE0,Standard,-1.0,-1.0,
aF9yk_zu76U,Standard,8.5,9.0,
Z4iOoQIAgSQ,Standard,-1.0,-1.0,
mmoQMBQzX7s,Standard,6.0,7.0,
gNkJRZhXSCU,Standard,5.0,6.5,
k1_FYKN_yos,Standard,5.0,0.0,
ndGwh1APh6Q,Standard,5.0,2.0,
O74mFTYp5QY,Standard,8.0,9.0,
2Xc-Fv3WyR0,Standard,5.0,0.0,
KLzXhJeyQ1A,Standard,6.5,7.5,
MF7wp8l0UgI,Standard,4.0,2.0,
NPWvg5cGgsQ,Standard,7.5,8.0,
k0D5nCpgbZM,Standard,7.5,8.5,
L_U3tUn1LJ8,Standard,-1.0,-1.0,
HVc3tWQHblQ,Standard,5.0,0.0,
RB3MEt8cZ6Y,Standard,7.5,8.0,
K7tJKeS0vow,Standard,-1.0,-1.0,
2EPd8gEdkCE,Standard,7.0,6.0,
_48g4Ein_R0,Standard,7.5,8.5,
g8sNLJO5dfA,Standard,-1.0,-1.0,
2EbG2R7GQjU,Standard,8.0,9.0,
bs00lPMoeKg,Standard,2.5,0.0,
VjU47zFMbeA,Standard,7.5,6.5,
Y49t7_G0eS8,Reaction,4.0,6.0,
LWEsiTobRZ0,Standard,8.5,9.0,
a53RVOX2EE0,Standard,5.0,0.0,
QqctjpepeA0,Standard,7.5,1.0,
uy9dElLoTnM,Standard,5.0,0.0,
RuMfPhTBov4,Standard,-1.0,-1.0,
noHLZoLJSTw,Standard,5.0,0.0,
Zpl4LCZ31TQ,Standard,-1.0,-1.0,
bFuu3upK9Z0,Reaction,9.0,9.0,
OqNBywPjfRU,Standard,5.0,0.0,
SvlQ9n5CGNY,Standard,-1.0,-1.0,
ePuuzdhPALk,Reaction,2.5,7.5,
UY52b64mvOQ,Standard,5.0,0.0,
G1LEfIEHNTQ,Standard,-1.0,-1.0,
Uh_mtKhLyC4,Standard,4.0,1.0,
40IVoVS2oyA,Standard,4.5,0.0,
reWdCozm8hE,Standard,3.5,0.0,
QBLVV5njkvI,Standard,7.5,6.5,
M87B5cuWceE,Standard,8.5,9.0,
Jrd9AUxx_n8,Standard,4.0,3.5,
1Sfs04wAb5A,Standard,5.0,0.0,
Fuf8fKBCIos,Standard,5.0,0.0,
JQtgV3SqdNM,Standard,-1.0,7.5,
aOYvHURqsI0,Standard,5.0,3.0,
IAQpRWurzDE,Standard,8.5,9.0,
FuJmB-tcW9o,Standard,5.0,0.0,
ZWr2e6sJORE,Standard,8.0,9.0,
HHTY66O3zFM,Standard,6.5,7.0,
wjJgQs1wdho,Standard,2.5,3.0,
nz7aMkBZgGM,Standard,3.5,0.0,
8E3S9zGnG9Y,Standard,-1.0,-1.0,
VwIMo_xO1DQ,Reaction,9.5,9.5,
h-aqGTtIlWY,Standard,-1.0,-1.0,
0QlJRjZ1grQ,Standard,8.0,7.0,
x4ms74GOJq8,Standard,7.5,8.5,
0aWiafWWB6g,Reaction,-1.0,-1.0,
2S4zDz5G9F8,Reaction,5.0,0.0,
1Gzl08Jpjtg,Standard,5.0,0.0,
TVTzWaCXQ5s,Standard,5.0,0.0,
2y8pSSNiunQ,Standard,3.5,0.0,
85LByA7KVRw,Standard,8.5,9.5,
W_Eo1qJMi1I,Standard,-1.0,-1.0,
UI5HIfs0K8A,Standard,-1.0,-1.0,
J15odE8ZN7I,Reaction,8.5,9.5,
v3o4dkp7P5o,Standard,7.5,7.0,
NXPIj0UtClQ,Standard,8.5,9.0,
uH_rblb4GtE,Standard,-1.0,-1.0,
UGZaASLO5cc,Standard,5.0,0.0,
LoUGOsPTOps,Reaction,-1.0,-1.0,
hznedifIiS4,Reaction,0.5,1.5,
tTNT8I5gG_w,Standard,1.5,0.0,
ufROPA0RXIo,Standard,3.5,3.0,
HCE7zjnU97c,Standard,4.5,0.0,
XGcIrUUj1mc,Reaction,8.0,8.0,
PyoZFxLb-yo,Standard,5.0,0.0,
2smRzIQQngY,Standard,5.0,0.0,
c581bNgfbqA,Reaction,-1.0,6.5,
umhsOHSX83w,Standard,8.5,8.5,
meXrYXTHz9w,Reaction,5.0,0.0,
e_2e5B_btcA,Standard,-1.0,-1.0,
AIvGcDn6akU,Reaction,5.0,0.0,
FPaVRbwIXvY,Standard,-1.0,-1.0,
okxdcbfi22k,Standard,9.5,9.5,
HFzxUNsZyoY,Standard,6.5,4.5,
ef2URN1iYa0,Standard,-1.0,-1.0,
smKZAFbZxJw,Standard,-1.0,-1.0,
MeZ6Mg6ohcI,Standard,3.5,3.5,
NaDLQml-dFo,Standard,5.0,0.0,
mFEfF1YHSRw,Standard,-1.0,-1.0,
r6SIPCwk0eI,Reaction,8.0,9.0,
xMBKzKHxhYo,Standard,9.5,9.5,
PRaymwbfrbI,Standard,5.0,0.0,
EAyiCyZTZwI,Standard,4.5,0.0,
TnY4sa0xpNg,Standard,4.0,0.0,
3mKL9_eNzo0,Standard,2.5,7.5,
O26tLgrcooU,Standard,6.5,3.5,
0PlAqYILpgY,Standard,7.5,8.5,
pxcuTzLs7CU,Standard,5.0,0.0,
ej_MVF-PxaI,Standard,5.0,0.0,
rZWybe8nexo,Standard,7.5,8.5,
B5nCLK4lopk,Standard,8.5,8.5,
P72GVgoJL1M,Standard,8.5,8.5,
l_NZyPIMLVE,Standard,9.5,9.5,
gIxC9nv4Y24,Standard,5.0,0.0,
qkJh3MwZkTM,Standard,-1.0,-1.0,
kvhTTbz5kfs,Standard,3.5,0.0,
-HIYaYrL2zg,Standard,-1.0,-1.0,
S8N75jSjlog,Standard,5.0,0.0,
W0nf1IcJVe8,Standard,-1.0,-1.0,
sArEgjeWmHk,Standard,-1.0,-1.0,
MrweIn-eVAg,Standard,5.0,0.0,
fwDDIOG6LTk,Standard,5.0,0.0,
OFW2GEdoxgQ,Standard,3.5,0.0,
JWV3jCHIOEg,Reaction,7.5,8.5,
ALY7yBA0zA4,Standard,6.0,0.0,
XqrED4zu8CY,Standard,5.0,0.0,
uB6WNpco8oY,Standard,5.0,0.0,
AEj_yzxA0w0,Standard,-1.0,-1.0,
DIYZLiihAIk,Standard,9.0,9.5,
69-umhCXJTg,Standard,-1.0,-1.0,
Bv9CmV6gq5s,Standard,-1.0,-1.0,
fKBumzH3Txo,Standard,9.0,9.0,
sXq5v4KMZxE,Standard,-1.0,-1.0,
-GfB55XKgHg,Standard,5.0,0.0,
8R9_ohuZIDY,Reaction,7.5,8.5,
p0Z8E3VsQFQ,Standard,8.0,8.5,
CLS9yDr961k,Standard,8.0,8.5,
WPagWAC2sng,Standard,8.5,8.5,
cI4HBVy4Y5I,Standard,5.0,0.0,
krlyEORKTRo,Standard,5.0,0.0,
wCa7x-JbF18,Standard,-1.0,-1.0,
GH_uwkz6xpY,Standard,5.0,0.0,
PcRcXxri1Ik,Standard,-1.0,-1.0,
S701ix3bP9Y,Standard,-1.0,-1.0,
ixhfCvHR1RY,Standard,5.0,0.0,
MBnTQD_WP6c,Standard,-1.0,-1.0,
32qlwbgsRfA,Standard,-1.0,-1.0,
LfmVbwWhld8,Standard,4.5,0.0,
rK9QWN9ejN8,Standard,5.0,0.0,
c672E7ARiQI,Standard,3.5,6.5,
LMZ7gXS0IAI,Standard,5.0,2.0,
LYUqhoHFZ4A,Reaction,7.5,6.0,
FoiciSBFqyI,Reaction,1.5,1.0,
oMwyySwc6zI,Standard,7.5,9.0,
vEgMgUxiOz4,Standard,-1.0,2.0,
W6vXMGCgMPI,Standard,8.0,9.5,
K859gTM2Ucw,Standard,-1.0,-1.0,
SHbKF260a2Q,Standard,8.0,8.5,
wD0CxGraWX8,Reaction,4.0,8.5,
WxPyQ-EDcwA,Standard,-1.0,-1.0,
_AtnCgiDmVc,Standard,8.0,8.5,
s2htnk92cyM,Standard,3.5,6.5,
SjvRM7TSW1Q,Standard,-1.0,-1.0,
R1KrSGyTdmg,Standard,8.0,8.5,
w9udakjOwtA,Standard,8.0,8.5,
c7Oyd9l-DPQ,Standard,8.5,9.0,
oUg1xWE1QhI,Standard,5.0,0.0,
Mc6SOBJzpR8,Standard,5.0,0.0,
ksiKQT3QLyg,Standard,2.5,7.5,
37a1ue9NIpM,Standard,8.0,8.5,
94thNv0qKmw,Standard,-1.0,-1.0,
dWvM7L0Xs8U,Standard,3.5,2.5,
qT0BzeSk_9Q,Reaction,9.0,9.0,
x8fYdONTdYA,Standard,-1.0,7.5,
mhUMNr_55-w,Standard,5.0,0.0,
imEa011CooU,Standard,-1.0,-1.0,
0-fIMKdLKnE,Standard,-1.0,2.5,
CWUAd2U2qdM,Standard,4.0,0.0,
Yg3oH1svlzs,Reaction,7.5,8.5,
OQ3-7gY_DoI,Standard,6.5,0.0,
CdTPjLMPIeE,Standard,-1.0,-1.0,
O2NFb_vYMzk,Standard,-1.0,-1.0,
sMUO-FtYzTo,Standard,-1.0,-1.0,
9Ri0IZyNiA4,Reaction,7.5,9.5,
buESMCsKg98,Standard,7.5,7.5,
kZkfn-Aacm8,Standard,-1.0,-1.0,
iuc7Z5VwxVs,Standard,7.5,9.0,
jLLdHPibG8c,Standard,7.5,7.5,
7lDb1rDYcic,Standard,5.0,0.0,
ZxNKJF19gro,Standard,8.5,8.5,
QY5SPP0HeNU,Standard,6.5,8.5,
MjyL7kBAS3s,Standard,5.0,0.0,
tlU3gJXVTwc,Standard,7.0,7.5,
OuEDy2x_46c,Standard,-1.0,-1.0,
cNAzw-Q25ew,Standard,5.0,0.0,
lJs5QmURCSc,Reaction,8.5,9.0,
3hhKyCVANgw,Standard,7.5,6.5,
2dAXKWfut_Q,Standard,8.5,8.5,
eykgmmlGPWA,Standard,5.0,0.0,
fJg1CcivZcw,Standard,5.0,0.0,
p1c7CxDQj_I,Standard,7.5,7.5,
iLdeAiFITKw,Standard,-1.0,-1.0,
cGsT7W0PXhQ,Standard,6.0,7.0,
QQMqPch1tfw,Standard,-1.0,2.0,
vG_Cwvzjz5Y,Reaction,7.5,8.5,
Q7E27j5eMJQ,Standard,4.5,0.5,
vmxpzyBAyvw,Standard,5.0,0.0,
eeX84JdZzv8,Standard,8.5,9.0,
ZpZ1d8OBLVI,Reaction,5.0,2.0,
yQsxKaw2DAM,Standard,-1.0,-1.0,
9AjmFkw-H_Y,Reaction,7.5,9.0,
gO_rPR2BZOU,Standard,6.5,2.0,
SFNEOahK2eU,Reaction,5.0,0.0,
bjtfMZvWjoM,Standard,7.5,8.0,
rnYOsqFlJ30,Standard,5.0,0.0,
kBXonXAHlCo,Reaction,7.5,9.0,
6QQ5W0hzI8g,Standard,5.0,0.0,
Q8Q4Xvft0IM,Standard,-1.0,-1.0,
H8ezenA057U,Standard,3.5,7.5,
W26xOcBuil0,Standard,-1.0,-1.0,
svmKFIDeoE0,Standard,-1.0,1.0,
oqs2XdxQBqQ,Standard,-1.0,-1.0,
taaWNuUIMR8,Standard,5.0,0.0,
fkvz4RYIkvo,Standard,5.0,0.0,
ibmTTRG3FKE,Reaction,3.5,8.5,
3GRJ-wL5dF0,Reaction,-1.0,-1.0,
DoRCGmoEUNo,Standard,7.5,8.0,
tPOUTjqPm_o,Standard,2.5,8.5,
jKU2SyyDiBo,Standard,5.0,0.0,
qHDjvEtCfrc,Standard,1.0,7.0,
5sl2pkK_PoI,Standard,-1.0,3.5,
OP-YlHVx7bw,Standard,6.0,0.0,
gvpVgybrQLE,Standard,8.5,8.5,
ZTC2mKJu9BM,Reaction,7.5,8.5,
yBcgeYZRnRo,Standard,6.5,6.5,
Zuz9WiPs0kM,Standard,7.5,0.0,
VcNgOMI55tk,Standard,7.5,8.5,
COVtNTOMU7U,Standard,5.0,0.0,
nxB0pSfy7xs,Standard,5.0,0.0,
yTXibqQAheE,Standard,8.5,7.5,
KQudzBcS0pA,Standard,6.5,7.5,
ayqAHWwarUA,Standard,5.0,0.0,
PHzUDApyIMg,Standard,-1.0,-1.0,
WPlln42FCks,Standard,8.0,9.0,
c66eDCPjoAQ,Standard,5.0,0.0,
fBUjT84BNTA,Standard,7.5,8.5,
psD8-no1dq4,Standard,7.5,7.0,
UVMz7BLTpRQ,Standard,2.5,7.5,
HpyeIED7tXw,Reaction,7.5,6.5,
q-EHvlP9QME,Standard,-1.0,-1.0,
DBwISkitEUE,Standard,5.0,7.5,
08aAQOAxEK4,Reaction,8.0,9.0,
r-AhlA33uiw,Standard,-1.0,-1.0,
tvXviG1JUEA,Standard,6.0,2.5,
v5JLfqnbAp0,Standard,5.0,0.0,
eSaZN9xKfkM,Standard,-1.0,-1.0,
fDX2_UJPQos,Standard,-1.0,-1.0,
n8gnygCYr8c,Standard,5.0,0.0,
Yn8OK__UM58,Reaction,3.0,4.5,
mumXaTpXQVI,Standard,-1.0,-1.0,
tV49Q7heTcw,Standard,2.5,0.0,
UNfeFWBl9M0,Standard,9.5,9.5,
CpvAdXD6Arc,Standard,6.5,0.0,
sTMX3kpwgt0,Standard,-1.0,-1.0,
K6_pulePH4M,Reaction,7.5,8.5,
2JNgidI37ao,Standard,-1.0,-1.0,
Gm_kphuX8pU,Standard,-1.0,-1.0,
0eVwy5gRRAQ,Standard,8.8,9.2,
yGqWpLXRpG4,Standard,5.0,0.0,
N19qNIz2clo,Standard,8.5,9.5,
GgfNGxFxPKo,Standard,5.0,0.0,
PA9LjhMpV0I,Standard,2.5,6.5,
8a0CacNcILQ,Standard,-1.0,-1.0,
8LIwV4l-TPc,Standard,7.5,9.0,
v9uTSjkpSZg,Standard,-1.0,-1.0,
-D1xZdyD7Gk,Standard,-1.0,-1.0,
Sr_7MuxEbeE,Standard,5.0,7.5,
N4WM_U9ietU,Standard,8.0,8.0,
zpSJ-U2gTVw,Standard,-1.0,-1.0,
0DpycRv5kOs,Standard,6.5,1.5,
j2mCbRYwogY,Standard,5.0,0.0,
__ZsEs-pINg,Standard,7.5,7.5,
p-UjGaSd6Pg,Standard,-1.0,-1.0,
VpbRo5uSzHY,Standard,-1.0,-1.0,
hUq_-g5BvzM,Standard,9.5,9.5,
Dxufd_4-JV8,Standard,-1.0,-1.0,
WANZX0GaWk4,Standard,-1.0,-1.0,
w_BXAFLByJw,Standard,7.5,7.5,
xzHpkm7UjWM,Standard,-1.0,-1.0,
D_FwV_064sM,Standard,8.5,9.0,
he1HESCAObY,Standard,5.0,4.5,
EG72QUENvk0,Reaction,2.0,0.0,
XKt_pftmObg,Standard,-1.0,-1.0,
t8zu__ZmEAg,Reaction,-1.0,-1.0,
fc21ch2iBBg,Standard,8.0,7.5,
Q2HrxTVXs50,Standard,5.0,5.0,
QvS3Ibwhwds,Standard,6.5,4.5,
jkOEe1kY7Lg,Standard,7.5,6.5,
nemyXn5_Xus,Standard,5.0,0.0,
slnCd0HO0h8,Standard,-1.0,-1.0,
U6NUq1Ep4_w,Standard,9.5,9.0,
_vY7LgUZQ38,Standard,-1.0,-1.0,
KaByiySHwH4,Standard,9.0,9.5,
jjmac2Hj4hk,Standard,8.5,9.0,
YMPLBNmkqM8,Standard,5.5,6.0,
ZcalP2ojcQE,Standard,8.5,9.0,
9dD7t26RmKI,Standard,7.0,8.0,
qlaIFbVOF1Y,Standard,-1.0,-1.0,
QbBrm1v2wyk,Standard,4.0,7.5,
xKr3pWBKzio,Standard,9.5,9.0,
PTejBaB_BWQ,Standard,8.5,9.0,
_uOrPYyY8mM,Standard,4.0,-1.0,
ieTN8jJCcpk,Standard,8.0,8.5,
6OScipYEc2Q,Standard,-1.0,-1.0,
-ovvXCAb6nI,Standard,5.0,0.0,
0BkT-0xhIAU,Standard,8.5,8.5,
m6cgMUygDyo,Standard,-1.0,-1.0,
E7U0rsZhWMQ,Reaction,-1.0,-1.0,
B6aNMnp8yOc,Standard,7.5,8.0,
1DrpJKAQnLs,Standard,7.5,6.5,
Pw0_hsz5e7U,Standard,-1.0,-1.0,
ZNYZfhSKLAM,Standard,7.5,6.5,
OZmBOC33MZw,Standard,8.5,9.0,
QCK7KUqReus,Standard,-1.0,-1.0,
W0hDXcZk20M,Standard,-1.0,-1.0,
OVhxlJsut-I,Standard,5.0,0.0,
nwI2uz6wK10,Reaction,7.5,6.5,
5rPGpSRaHbk,Standard,-1.0,-1.0,
llL65YVz7CM,Standard,9.0,9.0,
PGuxwtAYWZM,Reaction,7.5,7.5,
dgLQJ1OSrpQ,Standard,6.5,4.0,
LqVMiMElkk8,Standard,9.0,9.5,
cGLoUaKu4Xs,Standard,5.0,0.5,
kA4bcViecd4,Standard,2.5,8.5,
DhjWvMrIqrc,Reaction,8.0,9.0,
WM6grbNROwc,Standard,-1.0,-1.0,
225cQbPCa1A,Standard,6.0,0.0,
3qs59AyWTuk,Reaction,-1.0,-1.0,
GVB9ulg269w,Standard,3.5,8.5,
1NcpAgR7XXM,Standard,7.5,8.5,
xYuseoZceOI,Standard,9.0,9.5,
fbKN6KBtGok,Standard,5.0,2.0,
LPKIMmWF8mg,Reaction,1.5,1.0,
GnigRgDpyO0,Reaction,1.0,8.5,
57FRAegIXTk,Standard,5.0,0.0,
Oxx3DUPbFJ8,Standard,8.5,8.5,
atoHHoq3tAg,Standard,7.5,9.0,
y5lWXgZnpy0,Reaction,7.5,7.5,
u2rfcAabV2c,Standard,4.5,0.0,
nUcRCaHqFho,Standard,-1.0,-1.0,
xIkdJeXkQIU,Standard,5.0,0.0,
DNIw94qSwLY,Standard,5.0,0.0,
0i6acqcJl2c,Reaction,5.0,8.5,
0D3OIoYDHuk,Standard,5.5,6.5,
0uC23shszbs,Standard,7.5,8.0,
HHrKHzIFWJQ,Standard,8.5,9.0,
nYwxhswxeA4,Standard,2.5,3.5,
zsQ_WPnmcb8,Reaction,7.5,8.5,
DBebY_jNGzY,Reaction,9.5,9.5,
QE6QsQRGj1o,Reaction,8.5,8.0,
XMb4_fQ8J2w,Standard,9.0,8.0,
ds-LLsCIOgM,Reaction,9.5,9.5,
XxAVYcpiIy4,Standard,8.0,9.0,
zwFyNdrnJDA,Standard,5.0,0.0,
Q9vt4ZXQ1eI,Standard,4.5,6.5,
kNGW-xCVABQ,Standard,7.5,8.5,
-J97n0_9-hs,Standard,5.0,0.0,
Z_zatlLrfO4,Standard,5.0,0.0,
eVb1Ge_WEys,Standard,9.0,9.5,
yq8_LS7fgmY,Standard,-1.0,-1.0,
ZrOLlZvd8uc,Standard,7.5,7.5,
ilf2auqBDE4,Standard,5.0,6.5,
U2NutyZAsUc,Standard,4.5,6.5,
jb-_NnLUGeA,Standard,-1.0,-1.0,
mI7DvjlpnLA,Standard,8.5,8.5,
jng1Ecl4ioo,Standard,5.0,0.0,
7pWJ8Yc3Ih0,Standard,3.5,1.5,
ZBz_k66X2ok,Standard,3.5,0.0,
yOqDV0aNnHo,Standard,7.5,6.5,
0TBStMFYqfA,Standard,3.0,2.0,
MNtsAzyKIA8,Standard,5.0,8.0,
Uc61f2hdlxI,Standard,-1.0,-1.0,
wfI3O-Es6v8,Standard,5.0,0.0,
qjMOGLrT1Xg,Standard,7.5,8.5,
7Pgk0Nm8jeE,Standard,8.5,9.0,
NhiZpursvIc,Reaction,2.5,7.0,
5_QU99KW75g,Standard,9.0,9.5,
mY9dKxTDNZY,Standard,5.0,0.0,
0NmN0wsBfmM,Standard,-1.0,-1.0,
d6NdjWSVgV0,Reaction,7.0,8.0,
sLp4bWqJj0I,Standard,8.0,9.0,
r_ICCncUnMI,Standard,7.5,6.0,
Ag3gPB3hM0g,Standard,-1.0,-1.0,
Cp4-GwZwFVE,Standard,7.5,8.5,
aMxvn5CrIL8,Standard,4.5,1.0,
PRPW3uL78rk,Standard,7.0,6.5,
iJwx9pA5yyo,Reaction,6.0,0.0,
itvW82VXKNs,Reaction,1.5,1.5,
veIiBNVYUcw,Standard,7.5,9.0,
qqmL-dH505Q,Standard,8.0,7.0,
K7Kmw8wwQ8I,Standard,8.5,9.5,
QC2oF8yPyIU,Standard,8.0,7.5,
01zYr3g3DLk,Reaction,1.5,7.5,
zXsYCI6-9v4,Standard,7.0,6.0,
Ck2YNLw6NcY,Standard,7.5,8.5,
DSiNUt6XFw4,Standard,-1.0,-1.0,
zdLQMev1Y-Q,Standard,5.0,0.0,
npRDnywCONs,Standard,2.5,3.5,
PEZMERoJAkI,Standard,-1.0,-1.0,
GiC-3YIUhVE,Standard,-1.0,-1.0,
oaAXQmLBFDQ,Standard,8.0,8.5,
W77D2JU6mgs,Standard,7.5,8.5,
sVER3ub83KA,Reaction,8.0,6.5,
EHARn1avvjk,Standard,8.5,8.5,
TTDa3MdhW3A,Reaction,7.5,8.5,
aftRBY_rzO0,Standard,5.0,0.0,
d5gi_pvDpU4,Standard,-1.0,-1.0,
bBFa9lgp7Dk,Standard,5.5,8.0,
gUXruKRmUpo,Reaction,7.5,9.0,
0rwbO0UMwSg,Standard,2.5,6.5,
bw-eF1poRIM,Standard,7.0,1.5,
9kd2K2ceOA4,Standard,5.0,0.0,
NPqiqAnXESw,Reaction,8.0,7.0,
UpHiAXfpYd0,Standard,3.5,7.5,
8j4v6sTYfK0,Standard,6.0,7.5,
zsX1mAyvZgs,Standard,7.5,8.0,
abOLebaZ7cA,Standard,-1.0,-1.0,
XSmhoqac5aA,Reaction,7.5,9.0,
tRzXH9_ueNY,Standard,7.5,6.5,
YniSmC04FVo,Standard,-1.0,-1.0,
aCf9ljsHJHA,Standard,-1.0,-1.0,
M5AdwE_s-j8,Standard,8.0,8.5,
4lR8JNqnQxs,Reaction,7.5,9.0,
C4SJevLRL7w,Standard,5.0,7.0,
MRPKfCjUMnU,Standard,7.5,1.5,
EY3irM67F3I,Standard,-1.0,-1.0,
0sLfz4KeBOo,Standard,7.5,6.5,
cnt5j5f5eME,Standard,-1.0,-1.0,
cMHzh285QoA,Reaction,2.5,0.0,
t_pIm9PMcgc,Standard,-1.0,-1.0,
ZWy16IcnCKs,Standard,6.5,3.5,
JHcFxCRWUl0,Reaction,7.0,7.5,
UTiR_F0MGgI,Standard,1.5,3.0,
ucK4Qnxar8M,Reaction,-1.0,-1.0,
eJ4Snc1wIUU,Standard,7.0,6.5,
7P5AYLw_lnU,Standard,4.0,5.0,
TnJ37Tcug1Q,Standard,7.5,8.5,
hw4gimy9VUM,Standard,3.0,0.0,
RmeYGL00LoE,Standard,7.5,9.0,
GDjjiNHPwlo,Standard,7.5,6.5,
zly7cCM-MQ4,Standard,5.0,3.0,
8BjhE5vjZ9w,Standard,2.5,0.0,
ATa0BiFvAGs,Standard,3.5,1.5,
o7ooYowO-AA,Standard,7.0,7.0,
d6xalp1ePgI,Standard,5.0,0.0,
CR9CdR6-iu4,Reaction,1.0,4.0,
ZOXr8bOxJMs,Standard,7.5,0.0,
ypcoYNJWlCY,Reaction,7.0,7.0,
C3mQCfaBhmc,Standard,6.5,6.0,
kTRvc1EsJ7s,Standard,8.0,9.0,
H4EwiXZSuCs,Reaction,2.5,1.5,
MgYfLw7k_oU,Standard,8.0,9.0,
FzN35eUQomg,Standard,7.0,8.5,
g-l9xUXhZXc,Standard,5.0,0.0,
iyXnbhGrBbI,Standard,-1.0,-1.0,
rTZnId254LE,Standard,5.0,0.0,
XyD4jbfUO7A,Reaction,7.5,8.0,
dvD6iSxHldY,Reaction,7.5,9.0,
HaOhvBbaX70,Standard,5.0,0.0,
tj0kYDaZnjU,Reaction,5.0,3.5,
mkDuLEXU_H4,Standard,5.0,1.0,
N90qaUboIs8,Standard,7.5,9.0,
VtwvBTyPiXI,Standard,9.0,9.5,
8VlbNt6PVlo,Standard,2.5,6.5,
rD35m4_gAWA,Reaction,4.0,7.5,
naPu3q5KJIM,Standard,-1.0,6.5,
KTskPt3SXB0,Standard,-1.0,-1.0,
T5H8kakvWWw,Standard,-1.0,-1.0,
MXpeO2eEBn8,Standard,4.0,7.0,
ZIUZ7NqkYtA,Standard,-1.0,-1.0,
WcN0eIjSNiY,Standard,8.5,9.5,
vAKLqqTxPwA,Standard,7.5,8.5,
EH_vgnAnpN4,Standard,-1.0,-1.0,
bxyFeeXiV0k,Standard,8.0,8.5,
46ECSfWawBg,Standard,-1.0,-1.0,
F9fVsZm5wkI,Standard,5.5,0.0,
C-R49qT4CB8,Standard,1.5,7.5,
W45tsW6lOUc,Standard,-1.0,-1.0,
x5E-TjDESuA,Standard,8.5,8.5,
JfEdBQTrWCI,Reaction,8.0,9.0,
AFd_05nJ2M4,Standard,-1.0,-1.0,
ebja_qmU1xY,Standard,7.5,6.5,
TdtCOlxkI7o,Standard,5.0,0.0,
kAE6gm52u_g,Standard,-1.0,-1.0,
xqbBAwCi0MU,Standard,8.0,8.0,
M6cSukMmLe0,Reaction,7.5,7.0,
cSMMcfouoPM,Standard,2.5,0.5,
r8hxHbQmz8I,Standard,9.5,9.0,
72n4FdimFRw,Reaction,9.0,9.5,
PFMYucLIzfs,Standard,3.8,0.0,
dXuHhVmBpnM,Standard,-1.0,-1.0,
Juj0d4q37gc,Standard,5.0,7.0,
RQHARkn3Hs8,Standard,-1.0,-1.0,
Iq6oouuMIok,Standard,-1.0,-1.0,
xSp82OQ54rg,Reaction,4.5,0.0,
AqiZTG1Obp0,Standard,7.5,8.0,
uatuWJvJ2DU,Standard,5.0,0.0,
LwdxobcDkVQ,Standard,7.0,6.5,
PsijdCez-oM,Standard,-1.0,-1.0,
S9rHglewv1U,Standard,3.5,0.0,
VLpeK5NmY-8,Reaction,8.5,8.0,
mM-cDyRVCKc,Standard,8.0,9.0,
bjf4-S178uQ,Standard,7.5,7.5,
iOdmeQesNI8,Standard,6.5,7.5,
ASyUj4KdjS8,Standard,8.0,7.0,
19rGGRgQwsY,Standard,-1.0,-1.0,
j4QIm_KlsDA,Standard,9.5,9.5,
dt0IVPrcy34,Standard,5.0,0.0,
Z6BW_6-sTcs,Standard,7.5,5.0,
gblb4p-Cjik,Standard,8.8,9.0,
mSEtvJ5FDsE,Standard,5.0,7.5,
vb-4nzOtkbQ,Standard,7.5,8.5,
IQrLEgofYB0,Standard,9.0,9.5,
2dh7bA5e2zA,Standard,-1.0,-1.0,
8G5qVLWb6CM,Standard,-1.0,-1.0,
arJOcfqkk9E,Standard,9.5,9.5,
oP6KITIIOIE,Standard,-1.0,-1.0,
lz1YmOZn3zA,Reaction,7.5,9.0,
YPv9zrqNnfw,Reaction,1.5,8.5,
kZ0nX4eV0P4,Standard,3.5,0.0,
t5c_X5eP6os,Standard,-1.0,-1.0,
K4bAfJg_KOY,Reaction,1.5,0.0,
sjO8wr7JU2k,Standard,6.5,3.5,
61tkMPHofSw,Standard,8.5,9.0,
QxTZ4K6U9zI,Standard,7.5,9.0,
AFvvTYj5Qag,Standard,4.5,0.0,
9GuDxrG-mnk,Reaction,7.5,7.0,
_W5ScWDs0ik,Standard,3.5,6.5,
4GA4FMaqZ9c,Standard,4.5,1.0,
SGxDguyO3U8,Standard,2.5,1.0,
7YThzqcXP9o,Standard,5.0,3.5,
q52U5Lnj-Qc,Reaction,6.5,7.5,
0niTZum5eAs,Standard,8.8,9.2,
ForHy-4_ZxQ,Standard,6.0,6.5,
5teFsxdPQRc,Standard,9.5,9.5,
ivySKiIvj20,Standard,3.0,8.5,
LkC0wQAItsM,Reaction,2.5,0.0,
xiCUTFipIPQ,Standard,5.0,0.0,
Kyy97y1sa28,Reaction,8.5,9.5,
Yd_Sm1YO9to,Standard,2.5,6.5,
z-tv9VuyJPo,Standard,5.0,6.0,
sTnu2kZH_mI,Reaction,3.5,0.0,
-5OXTVO6N-k,Standard,5.0,8.0,
fUdyU1P3bOg,Standard,5.0,0.0,
3k7jFwgklhs,Standard,-1.0,-1.0,
nByrH2-ZSTY,Standard,5.0,0.5,
3KHJdAdCZ9g,Standard,-1.0,-1.0,
tLdUJPWCxWs,Standard,3.5,0.0,
MyZRdzY3KlA,Standard,-1.0,-1.0,
tmxdYA1y99E,Standard,7.5,0.0,
d27tLNtue5M,Standard,5.0,0.0,
6RqYjChkRhc,Standard,8.5,8.5,
IY35IzTKdtQ,Standard,5.0,0.0,
57Gfnpv-GJ8,Standard,5.0,0.0,
IdretLHfTHA,Standard,-1.0,-1.0,
QCP_CYu-PBg,Reaction,8.5,9.0,
c9C_9lAhl9A,Standard,-1.0,-1.0,
WFGVE6binhM,Standard,8.0,8.5,
BrejeGbbETI,Standard,-1.0,-1.0,
BKDHflRipyc,Standard,5.0,0.0,
3hCcHE3HlEw,Standard,8.0,8.0,
uvcNMHGal1s,Standard,7.5,8.0,
wG_poTM2BQg,Standard,2.5,2.0,
j8prCQB29Q8,Standard,6.5,7.5,
iXXX2LbzwJ8,Standard,3.5,0.0,
4ydNZ7dgg9E,Standard,5.0,0.0,
-zaKX-Xxfkk,Standard,3.5,0.0,
30OZ5x8MWPc,Standard,8.5,9.0,
CpeLo7cz9xg,Standard,7.5,8.5,
scq7DwmtXPg,Reaction,3.5,5.0,
Pvnjr_Dgs9c,Standard,8.5,9.5,
6_0d7-WY0JI,Standard,7.5,1.5,
gVli-h2S18Y,Standard,5.0,0.0,
LphdJAioDrw,Standard,3.5,2.0,
YFFPwsywtOw,Standard,-1.0,-1.0,
bEd0S_zWZ0U,Reaction,5.0,0.0,
YS-fhqiRwXM,Standard,5.0,0.0,
UGp4X2mU6b4,Standard,7.5,9.0,
sT4UDpsgqw4,Standard,5.0,0.0,
CuG0TxvrgJc,Reaction,-1.0,8.5,
YC4bk4NC94Q,Standard,3.5,2.5,
HZtRdAMy_x8,Standard,5.0,0.0,
c9Jg5zRo30I,Standard,5.0,0.0,
FqZ0aGNRmqs,Reaction,7.5,9.0,
wXAR5znrhaU,Standard,7.5,8.5,
2XimJRlOUd4,Standard,4.5,6.5,
4-tA6Re8J4U,Standard,5.0,0.0,
j2D5G3wOWpY,Standard,7.5,9.0,
L_5Mda-JZX0,Standard,3.0,0.0,
KVlIaQ8wEQw,Standard,1.5,7.5,
q692egaPmo8,Standard,8.5,9.0,
LoXavyufJGc,Reaction,-1.0,-1.0,
-ATuenqjiMQ,Standard,8.0,7.0,
rAgQEqqUamk,Standard,2.5,0.0,
ZRxKBEP5GJk,Standard,5.0,0.0,
cXPJsldTRhg,Standard,-1.0,-1.0,
7Nm8Y0cW5-A,Standard,-1.0,-1.0,
rsBli2mQJHk,Reaction,5.0,0.0,
Xe58mpwleu8,Standard,8.5,8.5,
DLnyIVIjtmk,Standard,6.5,7.0,
4manA97q3-w,Standard,7.5,9.0,
4MtLRNeLj5U,Standard,8.0,5.0,
TPLdiJ7qt_8,Reaction,7.5,8.5,
nVKyDnS7Upk,Standard,7.5,6.5,
9E0lR-M1s70,Standard,6.0,7.5,
Uz70KgzFqR8,Standard,5.0,0.0,
AA3pJJcCdj4,Standard,7.5,7.0,
XcJkdCBYrDw,Standard,-1.0,-1.0,
sD040_a46uo,Standard,-1.0,-1.0,
OA2AMqMhspA,Reaction,6.0,9.0,
8T9jn6evNfA,Standard,4.0,0.0,
UwRm6-hl_B8,Standard,-1.0,-1.0,
zwie5USW_EA,Standard,7.5,9.0,
b5q9iUm6B8Q,Standard,5.0,0.0,
5hsyPI1R_ec,Standard,-1.0,-1.0,
UQJ2Dcs5NPM,Standard,8.5,8.5,
trMava1k8SA,Standard,8.0,7.5,
W9WTjZyPIk4,Standard,4.0,3.5,
EpDQ1KETCrw,Standard,-1.0,-1.0,
TF0BZLprkgg,Standard,8.0,9.0,
2nVS2X_tPp4,Standard,5.0,0.0,
SfQfCzDJvns,Reaction,-1.0,7.0,
zUiG7hzRpgc,Standard,7.0,1.0,
BodQ4kO4xjA,Reaction,8.0,9.0,
F2rPzbSFivs,Standard,8.0,7.5,
EXsrxDrjPeo,Standard,5.0,0.0,
g30LCOQ-j9A,Standard,8.0,9.0,
wSNowT9uKgw,Standard,6.0,0.0,
08z5iVNMAKY,Standard,5.0,0.0,
RWe75TzI_9Y,Standard,6.0,8.0,
nvK6HkgRr0k,Standard,3.5,6.5,
jcNJHdv_eZ8,Standard,5.0,1.0,
Hrm_Jb_Aafs,Standard,5.0,0.0,
pRVe0UqzpFg,Standard,5.0,0.0,
DbgcYXkC72M,Standard,6.5,4.5,
ITMQGEzOWg4,Standard,5.0,7.0,
sxLfEq_zw3E,Standard,3.5,0.0,
a-LvLAt5nu4,Standard,7.5,6.5,
4AwMgKM6rUc,Standard,7.5,7.5,
vYuu2um9bU8,Standard,9.0,9.5,
YZzhhSKS3iY,Reaction,1.5,0.0,
ezlpK15WGO8,Standard,7.5,9.0,
3mwukYdpEoU,Standard,-1.0,-1.0,
hu_sXuip5Ew,Standard,-1.0,-1.0,
HJJy7NOg484,Standard,5.0,0.0,
jkGhkG4MTB4,Reaction,8.5,9.0,
QFtp-2mRG70,Standard,8.0,9.0,
VxWsVYAX7ak,Reaction,4.0,6.0,
56gUsUU0hFQ,Standard,-1.0,-1.0,
xUCMe8MqCG4,Standard,5.0,2.0,
Lt92nVD96Fw,Standard,-1.0,-1.0,
019q990-CLA,Standard,6.8,8.5,
3uZQBkEA0NI,Standard,-1.0,-1.0,
EP1HzIjQrfo,Reaction,8.5,9.0,
JGBQhiL-_fU,Standard,5.0,9.0,
GDtxkvrFm2I,Standard,-1.0,-1.0,
ff--snrs8NU,Standard,-1.0,-1.0,
RgPYcUKsSRA,Standard,6.5,7.5,
8lvTNtw9mV0,Standard,7.5,7.5,
N6JwePmR82w,Standard,5.0,1.0,
SfiUKOgSB4o,Reaction,8.5,9.0,
71pM-mZrvqg,Standard,5.0,0.0,
kDUY39nEXdE,Standard,-1.0,-1.0,
SiHW6PwsrLQ,Standard,1.5,0.0,
-flnJl2pCPM,Reaction,7.5,6.5,
2vefx0xF6sE,Standard,8.5,7.5,
GdCRaFBvaWE,Standard,8.5,8.5,
uXU0xwI_gX0,Standard,8.5,9.0,
2jL5Pys_xzM,Standard,7.5,8.0,
XupFJ0zZtvI,Standard,7.5,9.0,
T9O0V9jggCM,Standard,7.5,3.5,
NEsb8aAWDG8,Reaction,8.5,8.5,
vFVCfjM9E8M,Reaction,7.5,8.5,
AIBIRl6CufI,Standard,5.0,0.0,
Tv-v8UtUj68,Standard,5.0,0.0,
M1o69npe09A,Standard,5.0,7.0,
SNahaFcJnfs,Standard,5.0,1.0,
ESOpytg0TE0,Standard,8.0,9.0,
AwEw61Up9nY,Standard,9.0,9.0,
_kmRpvh0Olk,Standard,7.0,7.5,
xUoUZQzOHJI,Standard,9.5,9.5,
-kg12EZ-iXw,Standard,8.5,8.5,
9M7E4a-VhCc,Standard,2.5,1.0,
S67G48QSq2M,Standard,3.5,0.0,
NILrjdUr6Zo,Standard,-1.0,-1.0,
F_H0SrWXnY4,Standard,5.0,0.0,
MkBVCtuymd8,Standard,5.0,0.0,
OKYEM6Z4Wgc,Standard,5.0,0.0,
SSHQGg3-9VM,Standard,7.5,6.5,
jUU_y-91DzY,Standard,7.5,8.0,
h8gKSwmzWcU,Standard,5.0,0.0,
prcPvg5VmuM,Standard,7.0,7.5,
S0T7S4oUFdk,Standard,3.5,1.5,
4ImxGBqW0s0,Standard,7.5,6.5,
Od7OnQb7raE,Standard,4.5,6.5,
IDLzp4FnrJ0,Standard,5.0,0.0,
3Dnip2PuRuo,Standard,5.0,0.5,
euY0B9I1I0g,Standard,8.0,7.5,
Dmx8F6UWu-o,Standard,3.5,0.0,
Xc58PdvMSu4,Standard,-1.0,-1.0,
XqKfXWIN1sE,Standard,7.5,6.5,
ucL_moDFo1o,Standard,3.5,6.5,
mCREa4bpHlw,Reaction,4.0,8.5,
tTTBV6np5K4,Standard,-1.0,-1.0,
Au_Elc1laYM,Standard,5.0,0.0,
0zszCESbjfc,Standard,-1.0,-1.0,
cMiO4QFGy6c,Standard,-1.0,-1.0,
9iVwksAIvx0,Standard,-1.0,-1.0,
42xkGvodr1U,Standard,5.0,3.5,
VEW0ryLdIbg,Standard,5.0,0.0,
qd5eJEpTcm4,Standard,-1.0,-1.0,
FAAyVUuM0YY,Reaction,7.5,7.0,
FUipuLSqbv8,Standard,7.5,6.5,
5HKhlT9F3SQ,Standard,6.0,6.0,
nTMeAmI9oHA,Standard,8.5,9.5,
ZQZ21AY1PiA,Standard,-1.0,-1.0,
yDgXt-F6I9k,Standard,2.5,0.0,
n8PwHGYneeI,Standard,-1.0,-1.0,
wCEKb_sAVyA,Reaction,8.5,8.5,
xUraRFqtEyY,Reaction,4.0,9.0,
cliOhQJGTRA,Reaction,7.5,9.0,
rzfyZAnT9d4,Standard,5.0,7.5,
WTi0lLjOjwo,Standard,2.5,6.0,
ULp5CTtC13Y,Standard,-1.0,-1.0,
UQpNgiWSr0E,Standard,-1.0,-1.0,
Kza4smfiH2E,Standard,3.5,0.0,
ltzpFzrQpYY,Standard,-1.0,-1.0,
_wl1HGvawYo,Standard,9.0,9.0,
Gi-TbdByPm4,Standard,-1.0,-1.0,
yadBLG7aloY,Standard,5.0,0.0,
e84gn4swh7g,Standard,8.5,7.5,
soRAP1Xtr5Q,Standard,6.5,6.5,
w1ICpazE0XE,Standard,5.0,0.0,
XkeFM8vzmtY,Standard,-1.0,-1.0,
hL9INPiyJ5s,Standard,8.5,9.0,
Lun_j4EHQaI,Standard,5.0,0.0,
L9QkHxua38s,Standard,-1.0,-1.0,
ZkxD7BoGPJw,Standard,-1.0,-1.0,
7sP_WmUVNEg,Reaction,7.8,9.0,
UFfQNY8MZg8,Standard,3.5,7.5,
FhmC3xFD9cc,Standard,-1.0,-1.0,
z4MCB7sQ4YA,Standard,4.0,0.0,
j50zpU2UMl0,Reaction,8.5,9.5,
KxC6qXh3wz8,Standard,3.5,8.5,
W6tWgoue8Vg,Reaction,5.2,5.0,
bUZeqyykdcg,Standard,2.5,0.0,
sjxlv1CovQA,Standard,8.5,9.0,
ANNSlmJMvv4,Standard,4.5,2.5,
dU-wzF_kQ0w,Standard,8.5,8.5,
tTUJsOv7h9g,Standard,5.0,0.0,
lfXnNJh8UWo,Reaction,5.5,4.5,
jle9-eJ3_NI,Standard,-1.0,-1.0,
50Ik8ZBC-zM,Standard,-1.0,-1.0,
73OjpTJK2gA,Standard,-1.0,-1.0,
2YPy91G78KU,Standard,-1.0,-1.0,
hPXxUlg6nUE,Standard,8.0,8.5,
6ixkE-DQ_Cg,Standard,5.0,0.0,
S5dxdj-jmyA,Standard,2.5,6.5,
C9V-K9BGHJI,Standard,5.0,0.0,
uMZbLeKw_2E,Standard,-1.0,-1.0,
e1AMJcxmmus,Standard,9.0,9.5,
-pIe6dGEJI8,Standard,5.0,0.0,
K3p2SyrXGrw,Reaction,7.5,6.5,
ppFOJcypDi0,Standard,7.0,6.5,
LI3C4Vqo8xs,Standard,8.5,8.5,
tXogZ41O-jU,Standard,7.5,7.5,
GrG21MEkjj0,Standard,-1.0,-1.0,
YmTz0rNMGxg,Reaction,7.5,8.5,
qbEK3u1mSPg,Standard,8.5,6.5,
MLgi3TpjQtI,Reaction,4.0,6.0,
-VirIxNOZTA,Standard,1.0,7.5,
vs_qDoQMraE,Standard,7.5,8.5,
hzfJLt2w1pc,Standard,9.5,9.0,
5lab5WTjD0k,Reaction,3.5,3.5,
LVEe53hx634,Standard,-1.0,-1.0,
-O6UVx0xSCQ,Reaction,-1.0,4.0,
RICtPwfee1E,Standard,7.5,0.0,
0PI2fI8UZPk,Standard,-1.0,0.0,
7hsGApFUDus,Standard,8.0,8.5,
LVE2qX3wslA,Standard,5.0,0.0,
mbprp9aIT1U,Standard,8.5,7.5,
2ApYKLm-U_I,Standard,6.5,0.0,
QqDD0SbhrQA,Standard,-1.0,-1.0,
hf-qToJSqyQ,Standard,7.5,9.0,
16SkV5uAo0M,Standard,8.0,8.5,
wpxBm1IeXM4,Standard,5.0,3.0,
AOzogryjuxs,Standard,-1.0,-1.0,
R9yZ8SAJhgE,Standard,-1.0,-1.0,
YaCSjJTHo-c,Standard,8.5,8.5,
N_9KhXbH_Tc,Standard,5.0,0.0,
ByrK55lqwvM,Standard,5.0,0.0,
RcnllkzE3tU,Standard,5.0,0.0,
csh-Tjb6Irk,Standard,-1.0,-1.0,
JpIthDr2vxI,Standard,2.5,4.5,
yZunUKxPksU,Standard,7.5,8.5,
mGqlixWrBtE,Standard,-1.0,-1.0,
O01E-TtLgxo,Standard,3.5,0.0,
2I5T-BiE_HY,Standard,-1.0,-1.0,
kc870K77ZrE,Reaction,6.0,1.0,
nD-J50ndZkM,Reaction,8.5,9.0,
yKzBWNyQvt8,Standard,-1.0,-1.0,
RFzKm4ssXas,Standard,7.5,8.5,
DemnKWdZHxU,Reaction,7.5,9.5,
JirbyfndtnI,Standard,-1.0,-1.0,
RNPr3WI4dco,Reaction,5.0,1.0,
aQrNAkjMs6A,Standard,8.5,9.0,
mVW7Aw1FvXc,Standard,7.5,9.5,
d-550ARTJE8,Standard,7.0,8.0,
aNnJvAeQ08c,Standard,9.0,9.5,
MlPQFWqHM2M,Standard,-1.0,-1.0,
o-idXyqJAUA,Standard,9.0,8.5,
V94Qegf27Kk,Standard,5.0,0.0,
pe2p0qN5E2c,Standard,-1.0,-1.0,
Z5TdTDXU3r8,Reaction,1.5,8.5,
fUYC5XpvQpg,Standard,8.0,9.0,
8Pah4GdcvuA,Standard,7.5,6.0,
f4DE2th2TXY,Standard,9.0,9.5,
SqAx8OvID3w,Reaction,1.5,3.5,
IiRUQYDsHLY,Standard,-1.0,-1.0,
YYlLQVtHbpI,Standard,-1.0,-1.0,
4k12-JkcL6s,Standard,7.5,6.5,
N13enCP1YMY,Standard,-1.0,-1.0,
Q4nVZDNhrc0,Standard,5.0,0.0,
590Qw1vguRM,Standard,-1.0,-1.0,
CAiu3ABWaoE,Standard,6.5,7.5,
P-mDqWNyf6I,Standard,3.5,0.0,
w-VFzXYjDZI,Reaction,4.5,6.5,
C1VhO5fw5Vc,Standard,-1.0,-1.0,
eY5DqguNOKs,Standard,-1.0,-1.0,
PI353-wwyBw,Reaction,5.0,0.0,
lwPlcGsac8c,Standard,-1.0,-1.0,
_YfaqtNO-oc,Standard,7.5,2.5,
8FL9GNwp5aA,Standard,-1.0,-1.0,
V8upbtuVN58,Standard,-1.0,-1.0,
0aDTK3gEEdE,Standard,-1.0,-1.0,
nyYYL8k7rAU,Reaction,7.5,9.5,
CPwqAOiqQ7U,Standard,7.5,8.5,
IMajh5YnFhY,Reaction,7.5,8.5,
fuX7rcJRBbw,Standard,-1.0,-1.0,
rAcUnz_Jt5A,Standard,-1.0,-1.0,
88yf3u25h5U,Reaction,-1.0,0.0,
gdRLAGORQaQ,Standard,6.5,7.0,
bzaqudoC_Eg,Reaction,8.5,9.0,
_dwqQjZj1_g,Standard,3.0,2.0,
DDDu-pJbYxA,Standard,-1.0,-1.0,
n_z68-UWWDs,Standard,-1.0,-1.0,
Z4-c4JjurGM,Standard,7.5,6.5,
fg5ysNDM6yo,Standard,-1.0,0.0,
QzhMm1slY7k,Standard,5.0,0.0,
1YPv6v9P_-Q,Standard,5.0,0.0,
tdWzjLVcHdY,Standard,0.5,7.0,
C_L8JhHbonA,Standard,7.5,9.0,
1RN8Er24AU4,Standard,3.5,0.5,
kAGf2Im_u40,Standard,-1.0,-1.0,
708NpE4kmoU,Standard,-1.0,-1.0,
Q7LEIYOBCz0,Standard,-1.0,-1.0,
qoVk4als7fo,Standard,-1.0,-1.0,
k49zc0E78Lk,Standard,8.5,9.5,
-qYH81-RoYw,Standard,9.0,9.5,
_-EX8pdjsEQ,Standard,-1.0,-1.0,
JefvE6BB868,Standard,3.5,3.0,
M0hJXqWr2yg,Reaction,3.5,0.0,
-1fNMFpBxpE,Reaction,-1.0,-1.0,
FVka7bV3Coo,Standard,-1.0,-1.0,
PbJ-R66O9gs,Standard,5.0,0.0,
cRmmsrbIVF8,Standard,5.5,1.0,
KkQ0u5kdQKY,Standard,8.0,9.0,
kWXKrkZ8bWc,Standard,-1.0,-1.0,
M8lrKO9aohU,Standard,5.0,1.0,
tBPjupp_ScY,Standard,6.5,3.5,
WSKXNdwFDKE,Standard,5.0,0.0,
bsVbegVH0W0,Standard,-1.0,-1.0,
kVE4Wcu9hrs,Standard,8.5,9.5,
tALzJU0zoUM,Standard,2.5,7.0,
nPvTuMGMVAY,Reaction,5.0,0.0,
0mo-mSNEr24,Standard,-1.0,-1.0,
HegdEYhCz5E,Standard,8.5,7.5,
QrSpaRX93-A,Standard,-1.0,0.0,
Lk6xGyfN-5c,Standard,-1.0,-1.0,
0IQ7Q1229dU,Standard,-1.0,-1.0,
N8o1l9T-JTc,Standard,2.5,0.0,
bqWZ7oQe6kI,Standard,7.5,7.5,
mxHiruo1Hnk,Standard,-1.0,0.0,
QMpv_V4l8kg,Standard,7.5,6.5,
6p_emswD3MI,Standard,5.0,0.0,
jfwIiUSdGbY,Standard,-1.0,-1.0,
blu7Tou82Ss,Reaction,7.5,8.0,
g0xt5FljzII,Standard,-1.0,-1.0,
-Z3AEoisa-0,Standard,-1.0,-1.0,
hQFKaSyPHkI,Standard,5.0,0.0,
YEuKwxolU5k,Standard,7.5,8.5,
Yl9HsSg01qQ,Standard,7.0,8.0,
0esajtmtwck,Standard,-1.0,-1.0,
YFCnKu393zc,Standard,-1.0,-1.0,
clT_vNtXhE8,Reaction,7.5,7.5,
YMi8KDX3xTM,Standard,-1.0,-1.0,
HLu8bVajgrM,Standard,-1.0,-1.0,
ge_RKkJ6xmM,Standard,8.5,7.5,
SX6HHsa0dC8,Standard,-1.0,-1.0,
0P_tlBGfUhE,Standard,7.5,8.5,
PHJPH0q8714,Standard,5.0,0.0,
6OMOO573D6E,Standard,-1.0,-1.0,
TGAbOMuIbSk,Reaction,5.5,0.0,
W9_iTo1QXw8,Standard,7.5,7.5,
TR97KGxt_Q0,Standard,5.0,0.0,
GvZQQMkMQaM,Standard,5.0,0.5,
YHUq8QAuTck,Standard,7.5,8.5,
wbUpLToJrto,Standard,7.5,6.5,
j4vAKoIRWBc,Standard,5.0,3.0,
w_r9GSfpH9I,Standard,4.5,0.0,
eETzt5qnmEU,Standard,9.0,9.5,
ZccIhQhqba0,Standard,5.0,0.0,
f1K74vWmq_Q,Standard,5.0,0.0,
JOWRSUmOuXc,Reaction,9.5,9.5,
tReTqfyOKRk,Standard,7.5,8.5,
1WF92cg4-Gk,Standard,-1.0,-1.0,
T1K7tJWrVZM,Standard,-1.0,-1.0,
9dj__biVfSs,Standard,5.0,0.0,
aJmLsM_O5SY,Standard,7.5,6.5,
wvxBdukpFrM,Standard,3.5,1.5,
4lEOxLqXVxU,Standard,8.5,9.0,
1ujfLwNF73E,Standard,-1.0,-1.0,
qFX3npkmJOc,Standard,4.0,0.0,
5tH4bHl3uDo,Standard,8.0,7.5,
GexmfUtVBsE,Standard,5.0,0.0,
ulXtDvFPkFA,Reaction,1.5,1.0,
pFj6QMm5N0Q,Standard,-1.0,-1.0,
FkjGQIOTYic,Standard,5.0,0.0,
WDFuMq7kKJg,Standard,-1.0,-1.0,
3etXUeAPTZ0,Standard,7.5,7.5,
WNdEh9OK6xw,Reaction,8.5,9.5,
Z_tVBgPysGQ,Standard,7.5,9.0,
hy9hxYD_6NM,Standard,4.5,0.0,
7cXhiEdsPtw,Standard,7.5,6.5,
pKQPqriFPEM,Standard,-1.0,-1.0,
r9DOJHB9VR8,Standard,-1.0,-1.0,
bMDNUadZlXc,Reaction,8.5,7.5,
eqN_EbVp0sw,Standard,7.5,7.0,
y79-aqJa2nQ,Reaction,7.5,8.5,
cMJ-t5MYkGk,Standard,8.5,8.5,
NS7xbd0yeQQ,Standard,7.5,8.5,
eN8je02FS4E,Reaction,5.0,0.0,
A6cARX8Uf_4,Standard,7.5,9.5,
-RWAgjnnXg0,Reaction,6.5,9.0,
fJqpRAAptwU,Standard,-1.0,-1.0,
cZXL3afCCNY,Standard,4.5,7.5,
mXGng-elJPs,Reaction,7.5,9.0,
9dQt9R9bc1U,Standard,-1.0,-1.0,
-vLkC_NxGPU,Standard,7.5,2.5,
9Lq2MaTxaXA,Reaction,7.5,8.5,
7lcE3-xLiqI,Standard,8.5,9.0,
OpQArQdvxG8,Standard,-1.0,-1.0,
YDAQLkN0jjY,Reaction,8.0,9.0,
Zmo5-hyYXUc,Standard,-1.0,4.0,
7qv6WP3snwk,Standard,7.5,9.0,
zULLrtGtcGc,Standard,3.5,0.0,
QgaDs4LdM68,Standard,-1.0,4.0,
EL76Ok4r0aQ,Standard,3.0,2.0,
mUwleLPVjGU,Standard,-1.0,-1.0,
w-oTg-T_ogQ,Standard,-1.0,-1.0,
1kGCxoFYXVE,Standard,6.0,6.0,
MIBdwGE77Dc,Standard,-1.0,-1.0,
mWYALvSLwdk,Standard,-1.0,-1.0,
26h_36sNpRQ,Standard,-1.0,-1.0,
wJnp0OBJ478,Standard,5.0,0.0,
HEoUEybRqgI,Standard,5.0,0.0,
2J26LTl0Ndc,Standard,7.5,7.5,
K-Fwdkt8ATg,Standard,3.5,0.0,
pNIH0Y6aL7A,Reaction,8.5,9.5,
kxRBM4T8MxU,Reaction,7.5,8.5,
k4G_n_jXPbc,Standard,3.5,0.0,
VuEScUzGS8g,Standard,7.5,8.5,
o5mivx9oZjw,Standard,8.5,8.5,
zVVDOagRHVM,Standard,6.5,0.0,
eEvt2u5VjX4,Reaction,1.5,0.0,
--eScyICeMo,Standard,7.5,8.0,
agwqpaZAMhQ,Standard,8.5,9.5,
N4Ilbk00dpM,Standard,5.0,0.0,
2gdr3pPe-yQ,Standard,5.0,0.0,
kSfysXfo9NY,Reaction,7.5,8.5,
sj85AHwqa0c,Standard,6.5,7.0,
Go_QKF9j4Fg,Standard,7.5,7.5,
6L7k3DrvBKE,Standard,-1.0,-1.0,
5_1GH_dS-Bc,Standard,9.5,9.5,
zvi78h1W3uw,Standard,-1.0,-1.0,
jD-JjotF5oM,Reaction,7.0,7.5,
EAsUwCKP3mU,Reaction,8.0,9.0,
MlNZybD3ST8,Standard,6.5,3.5,
A4__0X8rRn0,Standard,2.5,0.0,
2Bi2kgHyfkU,Standard,4.0,7.5,
FHTDmAW9IRo,Reaction,-1.0,-1.0,
MLsfzpcZAIo,Standard,-1.0,-1.0,
xTkWw-2agrk,Standard,-1.0,-1.0,
JZV8bHryOw8,Standard,5.0,0.0,
uRdxMQSzjTQ,Standard,7.5,9.0,
e27q8jesfPI,Standard,-1.0,-1.0,
uKO47Hl06Ew,Standard,-1.0,-1.0,
bPFIXb-N4fE,Standard,6.5,6.0,
Yy7FKZJzsd0,Standard,-1.0,-1.0,
cIszwHt5fT4,Standard,2.5,3.5,
KZdVRMoZFjI,Reaction,7.5,7.5,
xmKGVOJGmLk,Reaction,7.5,9.0,
ip50kDR9Nfk,Standard,8.5,9.5,
SqQmpFrW8fo,Standard,-1.0,-1.0,
Vk0uVAP0Guk,Standard,-1.0,-1.0,
c6WJbFGNc-w,Standard,8.5,9.0,
uTvGnO7TVVI,Standard,5.0,7.5,
Tjx4KMJK454,Standard,5.0,0.0,
Amr0jqHUbPE,Standard,8.0,9.0,
rRIB9Wi4XWs,Reaction,-1.0,-1.0,
tszTt9w-CwA,Reaction,7.0,8.0,
VsgP4uLbSVk,Standard,-1.0,-1.0,
RsR6uamm804,Reaction,7.0,7.5,
IuBuSngss6g,Standard,7.0,5.0,
NCoUykZjr_0,Standard,-1.0,-1.0,
XBobvH7h1hc,Standard,5.0,0.0,
zn-Zs6MQuSc,Standard,8.5,9.0,
jVvPQOK1QNY,Reaction,2.5,1.0,
Ar6CTvs3L3c,Standard,9.5,9.5,
caVZxEeKOwk,Standard,9.0,9.5,
Vfmuln0Mr8Y,Standard,5.0,0.0,
2-Kzf5I6tHo,Reaction,3.0,7.5,
2vyrIiSDK8g,Standard,7.0,6.5,
LpQ1Qbr7Yj4,Standard,4.5,6.5,
yeU2QNxRvUU,Standard,5.0,7.0,
qXcVy8cl6sU,Standard,-1.0,-1.0,
bjjQISI1ga0,Standard,-1.0,-1.0,
CXgB1t6ggEE,Standard,-1.0,-1.0,
xcp7e8J_hh0,Standard,2.5,5.0,
uoYFWGoMdyY,Standard,5.0,0.0,
m7Yt2UuVwdQ,Standard,5.0,0.0,
2zWrI-eD_SQ,Standard,4.5,1.0,
X4OLTwY8W5w,Standard,7.5,7.0,
LMQncnd32gM,Standard,-1.0,-1.0,
y1E1HB66oY0,Standard,8.5,9.5,
WGLLCOrlG4Q,Standard,5.0,0.0,
0VFZLv6-HYQ,Reaction,8.0,7.5,
UxM7c7RFjys,Reaction,9.5,8.5,
cM1M6qsKujU,Standard,9.0,9.5,
JrhbgX9LPu0,Standard,7.5,6.5,
zYdwFwBddDc,Standard,7.5,7.0,
VmKbLDzd34E,Reaction,-1.0,7.0,
jeyTmLvvsyA,Reaction,7.5,6.5,
56MwG2ZeQYw,Reaction,3.5,2.5,
wqHg19GyqfI,Standard,5.0,0.0,
W9jJQn_djiw,Standard,-1.0,-1.0,
oGgnYvEa6Dg,Standard,2.5,7.5,
moUilDrPqIA,Standard,7.5,7.5,
zwjTzDAcyGA,Standard,8.0,9.0,
iwZKr4WN6Tw,Reaction,-1.0,-1.0,
Adehia8T3CA,Reaction,-1.0,-1.0,
OzYOQb2AfXE,Standard,7.5,7.0,
2DI2nGmoJzg,Standard,5.0,0.0,
tb8pX8YInpQ,Standard,2.5,0.0,
za1QHpgv_LE,Standard,5.0,0.0,
aM8l8aseboI,Standard,2.5,8.0,
ScW_hDhN3P4,Standard,3.5,7.0,
9Ef6tKeDt8A,Standard,5.0,0.0,
2S0udTlullY,Standard,1.5,8.0,
aClkLlca6bU,Standard,-1.0,-1.0,
AutYREirRb0,Standard,5.0,0.0,
YgW_HbUOkmw,Standard,0.5,1.0,
b3PCRkUbuh8,Reaction,3.5,1.0,
k7ZuGwT4yow,Reaction,7.5,8.5,
lXb0yJVIX2w,Standard,6.5,9.0,
-gWyLhoRXsY,Standard,6.5,8.0,
8JXCjhmJ92o,Standard,-1.0,-1.0,
Tm4ySqFaHgk,Reaction,7.5,8.0,
WJ45qzeWZYU,Standard,5.0,0.0,
38FfCc0ixLg,Standard,-1.0,-1.0,
DMWmWxXcxuk,Standard,7.5,8.5,
SRR3Nt5-dbU,Standard,8.0,8.5,
0ByYPgnVMv8,Standard,7.5,8.5,
OXxUHyegFsU,Standard,-1.0,0.0,
i6x7hFeoABc,Standard,8.5,8.5,
qaj2ZfEsNW8,Standard,5.0,7.5,
l4i4xo4F8G0,Standard,6.5,6.0,
UcroB-blec0,Standard,5.0,0.0,
jtfXKD5fd2w,Reaction,2.5,0.0,
D-g_Mury-64,Standard,1.5,8.5,
rGMLIsCk8sw,Standard,7.5,6.0,
JxyO6qZDtBM,Standard,5.0,0.0,
lVfydLMmTWo,Standard,7.5,8.5,
BHbTPAtk2fQ,Standard,6.5,6.5,
kMKEHgu7bZs,Standard,-1.0,-1.0,
ejfaeUv-aN0,Standard,-1.0,-1.0,
kKZKMYn_fc8,Standard,8.5,8.5,
YgkmeIKfCyo,Reaction,5.0,0.0,
WRWDyfAcKbU,Standard,1.5,7.0,
TtyM5kKJiy8,Standard,8.5,9.5,
iWwLJ_hMnRo,Standard,8.5,9.0,
_6i0_fI3jQw,Standard,-1.0,-1.0,
19WrFRBna0s,Standard,3.5,2.5,
2FgUGaVzMxw,Reaction,7.0,7.5,
BGfAYcxWwSQ,Standard,4.0,8.5,
SSv5kSfzBJc,Reaction,6.5,7.5,
J_Q9SybdCdM,Standard,-1.0,-1.0,
ixz7PoJOtp0,Standard,7.5,6.5,
kgrSHxisjb0,Reaction,7.5,8.5,
FLWElAf4rVg,Standard,7.5,8.5,
xW0m352KWDs,Standard,-1.0,-1.0,
xyNwzpMpnZI,Reaction,4.5,0.0,
f57cICcdECU,Standard,-1.0,-1.0,
uVOHMFqILEA,Standard,6.0,1.0,
RVIf3B4M3tM,Standard,5.0,0.0,
E7SJmRXMEYk,Reaction,7.5,7.5,
HmYHzjZ1lzY,Reaction,7.5,8.5,
odb1pkGMArs,Standard,8.5,8.5,
CpYf0KrtbMA,Reaction,2.5,8.5,
7lw7V6_sDcY,Standard,-1.0,-1.0,
PZBtEfznLCk,Reaction,6.5,8.5,
3VWygkOJQq4,Standard,4.5,1.0,
O2ASPbWSfmY,Standard,5.0,0.0,
hEIP3xFxPlg,Standard,9.5,9.5,
escedpVP5lk,Standard,-1.0,-1.0,
ts-zS7EBTTk,Standard,2.5,0.0,
bKDC9i_Wjc8,Standard,-1.0,-1.0,
9tYFy-5ekSY,Standard,8.5,8.5,
2T8by1kWzIM,Standard,-1.0,-1.0,
qEOmUD74Rc8,Standard,-1.0,-1.0,
xoEd8D4idSw,Reaction,7.5,8.5,
CNT2NV541IA,Standard,-1.0,-1.0,
2fPuIsLKn3o,Standard,6.5,8.5,
KqlnmeWgcm0,Standard,6.5,7.0,
1EtaZQ4Cu_w,Standard,-1.0,-1.0,
K_JqZRRd3uw,Reaction,-1.0,-1.0,
sbXjRx0q-Yg,Standard,5.0,0.0,
bpxQYgup6NI,Reaction,7.5,8.0,
0sGO8vdqPS4,Standard,5.0,0.0,
yh6RwxLQbv0,Standard,-1.0,-1.0,
moyq7OBA1fI,Standard,5.0,0.0,
KDp9stGt784,Standard,5.0,8.5,
okXXv-uS9m8,Reaction,8.5,8.5,
NQMMbClSIqQ,Standard,5.0,0.0,
zrUeP3GST9Q,Standard,5.0,0.0,
o0AfzxEvdWA,Standard,6.5,7.0,
cJpFtx7s26k,Standard,-1.0,-1.0,
Lhtw7ZH9PSQ,Standard,4.5,6.5,
YnYuK9q3LCk,Reaction,-1.0,0.0,
Dx81qdQPH60,Standard,8.5,8.5,
mbf4aO3JyXc,Standard,6.0,0.0,
_FzPaHTAmZU,Standard,8.5,9.0,
5Nr-20qnZJs,Standard,-1.0,-1.0,
qImRN4s2rrU,Reaction,3.5,1.5,
1yO5hEv4eYs,Standard,7.5,6.5,
tp8DQS2yIiY,Standard,5.0,0.0,
23UcYsVPVds,Standard,5.0,0.0,
4nGvZ6nSDU0,Standard,5.0,0.0,
vgG6z8XrFz0,Standard,5.0,0.0,
2D6zCLTiId8,Standard,6.0,3.5,
OsHpYoNsaUw,Standard,7.5,0.0,
oHDBalG7G04,Standard,5.0,0.0,
Gg2SuX-WTWs,Standard,-1.0,-1.0,
HGTSjWi11Jg,Standard,-1.0,-1.0,
cfKoCkBBN0A,Standard,-1.0,-1.0,
NuLAYstyo5g,Standard,7.5,7.5,
muLfny1Bydg,Standard,-1.0,-1.0,
J5HhJPbZ6jg,Standard,-1.0,-1.0,
nocck3tNk_8,Standard,8.5,8.5,
vdhiNcRe4ek,Standard,7.5,6.0,
gb-xhUhxRlo,Reaction,8.0,8.5,
B375yq_yMA4,Standard,-1.0,-1.0,
Wk3hxNa6iFQ,Reaction,8.5,9.5,
yuujFsqH_bk,Reaction,-1.0,-1.0,
s1h8YEc8OUQ,Standard,5.5,8.5,
axs1qMDklQ4,Reaction,6.5,8.5,
IzlVfcWAkvo,Standard,5.0,0.0,
zsOljPOyw24,Standard,7.5,7.5,
GewisSSlcFk,Standard,7.5,8.5,
ziqjMHQrOkQ,Standard,5.0,0.0,
IxlevkcOq-w,Standard,-1.0,-1.0,
JTwSpVGe5XE,Standard,-1.0,-1.0,
8abFe0dO5ls,Standard,5.0,0.0,
budbycmTplI,Standard,9.0,9.5,
C-ca8hl6oMc,Standard,7.0,8.0,
P5zVUiIvXhI,Reaction,7.5,8.5,
Ki5-hmWoUkc,Standard,5.0,0.0,
6lSxSKp48Wc,Standard,8.5,7.5,
55UHRFp-sgU,Standard,7.0,9.0,
lAA_GsJAB60,Standard,5.0,0.0,
7SJtltiEYps,Standard,5.0,0.0,
YuIXsTTh4Js,Standard,6.5,7.5,
wGoTQQCrrow,Standard,5.0,0.0,
PmeLwpmTCcg,Standard,6.5,4.5,
zPiZoUd3s1s,Reaction,7.5,8.5,
iMJgmLmuy_M,Standard,8.5,9.5,
jfN1QnqQ7AE,Standard,9.0,10.0,
Juh-3Xc1Wng,Standard,2.5,0.0,
cgPM5mQaaao,Standard,6.5,3.5,
YyBDF5DnLIU,Standard,6.0,7.5,
Dcrr_yDxBzo,Reaction,9.0,9.5,
2Fymv0enDqg,Standard,7.5,8.0,
yBpneSN7uFU,Standard,-1.0,0.0,
ioKorZE9KXo,Standard,-1.0,-1.0,
Im4OfWNHlZQ,Standard,7.5,2.0,
nf769w48vDM,Reaction,8.5,8.5,
HIz3pWwvls4,Reaction,-1.0,0.0,
LJ6swML5NbI,Standard,-1.0,-1.0,
T2-zTQWJ3NY,Standard,5.0,0.0,
RV598sb3npQ,Reaction,3.5,0.0,
wuuH386mI_w,Standard,2.5,6.5,
hupWLWjnO3Q,Standard,5.0,0.0,
zHZN35jeYxg,Standard,-1.0,0.0,
_v0MuTip4Lw,Standard,1.5,1.5,
tjh_2i-4DXE,Reaction,2.5,8.0,
92riuPXqdPg,Standard,7.0,7.5,
7-ip-aaPY2c,Standard,7.5,9.0,
h83jG5vNSPo,Standard,7.5,9.0,
IxMG8AyO3Xg,Standard,5.0,0.0,
j69W7IFNs5k,Reaction,-1.0,-1.0,
CgD7Sd1EdSI,Standard,5.0,0.0,
u29J_I7edBM,Standard,-1.0,-1.0,
qQpOzw81EJc,Standard,5.0,0.0,
SAaKd1EGczE,Standard,8.5,9.0,
Eyq-UJ9hSTQ,Standard,3.5,0.0,
SVwPfzMZExA,Standard,-1.0,-1.0,
UP4k-xwW-MM,Standard,6.5,5.5,
4b79VGFVaJU,Standard,-1.0,-1.0,
8vkkuErRSkU,Standard,-1.0,-1.0,
X4PI7Nmy6JI,Standard,8.0,7.5,
VtF6glFBqhs,Standard,8.5,9.5,
AZSravUftqA,Standard,4.0,0.5,
uQLBNjIwhEg,Standard,-1.0,-1.0,
NoTZgOhrWd8,Standard,3.5,6.5,
2UBMv1v_Zzg,Standard,5.0,0.0,
Xtvowpbvy24,Reaction,8.5,9.5,
0LosdA-NRNM,Reaction,9.0,8.5,
98VB78ijEyE,Standard,-1.0,-1.0,
hwtez66l_2I,Standard,-1.0,-1.0,
yb7lm-ds614,Standard,6.0,4.0,
7kKmVcZ2Vqc,Standard,6.0,8.0,
kDGXRlT-NqY,Standard,-1.0,-1.0,
98mJ85lL6Pg,Standard,-1.0,-1.0,
rsnfvfithbk,Standard,7.5,8.5,
27cfCbliuOM,Standard,5.5,0.0,
i0nLw9XqI6o,Standard,4.0,2.5,
D7uTHsX3-uM,Standard,2.5,0.0,
UaFWry7Cgu4,Standard,9.5,10.0,
Oqh2jygk7io,Standard,5.0,0.0,
dY5Kh-19sYQ,Standard,-1.0,-1.0,
ufVVehAmdyg,Standard,3.5,6.5,
bl0HsbiinXM,Standard,5.0,0.0,
K2Xe8Yt-JiQ,Standard,5.0,8.5,
2TDWofDxL_4,Standard,7.5,7.5,
3-sM6iaQThU,Reaction,7.5,7.5,
Iwhj6CmcK5Y,Standard,2.5,8.0,
qjw44zY8ra0,Standard,6.5,0.0,
bEG6EUwHClQ,Standard,-1.0,-1.0,
cv8Nj1ETmv4,Standard,-1.0,-1.0,
vu7QAxJQcQo,Reaction,5.0,0.0,
17HKdR4GzfU,Standard,9.0,7.0,
RQeuXhok8VQ,Standard,5.0,0.0,
0VPZkh23rak,Standard,-1.0,-1.0,
XeB8uQbwr5s,Standard,7.5,6.5,
52nTrZkt_Iw,Reaction,1.5,0.0,
vwCSOqO8SPU,Standard,7.5,6.0,
8KBFYnpWLGY,Standard,8.0,9.0,
yHWwpVGZCQ8,Standard,9.5,9.0,
aLTxhFCANCI,Standard,7.5,4.5,
1rx_Dp5oNAM,Standard,-1.0,-1.0,
zCiIWfJcynE,Reaction,7.5,9.5,
dnGSac3nD6o,Standard,7.0,6.5,
R-Aquc6cRZI,Standard,3.5,0.0,
4uu-2ITH-T0,Reaction,3.5,6.5,
xRPLzz7gLUw,Standard,-1.0,-1.0,
3Ykq29riUhI,Standard,7.0,8.5,
cC-RyI9IqE8,Standard,-1.0,7.0,
t5qkkU-u_s4,Reaction,-1.0,-1.0,
ahc7eLUtOrE,Standard,-1.0,-1.0,
gdXCQpz516Y,Standard,7.0,6.0,
WmygbFUecj0,Standard,8.5,9.5,
iLn3T6QTPcQ,Standard,8.5,9.0,
8cjnBY5u9eE,Standard,7.5,9.0,
DfMvystpnss,Standard,5.0,0.0,
Uwv1qcvBWHY,Standard,-1.0,-1.0,
fJICPr28iIU,Standard,5.0,0.0,
YwhTtuVxg-E,Reaction,9.0,9.5,
ER6pg22WGXA,Reaction,7.5,8.5,
OKoJWHCqSho,Standard,5.0,0.0,
3-Xm505eU7Y,Standard,7.0,8.5,
fGNBA17Ja1Q,Standard,7.5,2.5,
XxeGkik2h00,Standard,-1.0,-1.0,
ICx1H2OYBLo,Standard,7.5,8.5,
u2bN8z4jOUk,Standard,-1.0,-1.0,
O_JD1EILJ2E,Standard,7.5,6.5,
OynKy5NRYCM,Reaction,6.5,8.5,
MMcGDpI0e9c,Standard,6.5,7.5,
gIXp-FoPBKk,Standard,5.0,0.0,
0Ph7fdLqTQU,Standard,9.0,9.0,
aw-2I-wQ18k,Standard,-1.0,-1.0,
FiN69SjDKKI,Reaction,8.5,9.0,
yg7-oJCNNPg,Reaction,6.5,7.0,
DrJfUvPsxuc,Standard,-1.0,-1.0,
2Ah8Ajr5qCo,Reaction,-1.0,-1.0,
Y4v6DDFx5RA,Standard,7.0,6.5,
e-C5BurGiXc,Standard,2.5,0.0,
Vp77eIG0TVc,Standard,9.0,9.0,
liErxDXWdDI,Standard,-1.0,-1.0,
julfRBrQ9Tk,Reaction,7.5,7.5,
PT6e0mQmuCI,Standard,8.0,8.5,
QrOQoG_t8hc,Reaction,-1.0,-1.0,
3JUGbswd2-c,Standard,9.0,9.5,
7G7QX-_x8H0,Reaction,4.5,7.5,
HCOeE2mvaEg,Standard,5.0,0.0,
sWTlFDfZBo0,Standard,8.5,7.5,
Eb9BPZtnUOo,Standard,7.5,6.5,
SDCTZsXf-F0,Reaction,6.8,8.0,
RNnAue1N5ds,Standard,4.0,7.0,
jiu1UUY0sA8,Standard,-1.0,-1.0,
riOWw184CjY,Standard,-1.0,-1.0,
Mhse7pEFgrU,Standard,8.5,8.0,
PYjtTYWxhWo,Reaction,7.5,7.5,
gFuI5kOrNEg,Reaction,7.5,8.5,
1x_c2Bkj73A,Reaction,7.5,8.0,
8LU-ikvQkuM,Standard,3.5,0.0,
wqge4Vtf0KI,Standard,8.5,9.5,
QduxwSs_aE0,Standard,-1.0,-1.0,
1PZeWOOsMtw,Standard,1.5,7.5,
8eflQKFP748,Standard,5.0,0.0,
D0QvkEs_DlY,Standard,7.0,3.5,
SrjTP2wVMj4,Standard,9.0,9.5,
RfQS5-xxpf0,Standard,8.5,8.5,
PGD5hHjOCOQ,Standard,-1.0,-1.0,
EzYE9diC9L0,Standard,-1.0,-1.0,
-8cEXuJESM0,Standard,8.0,8.5,
VAfHfhCk35A,Standard,6.5,0.0,
yW7MP0_6EoU,Standard,6.5,7.5,
98DaBKUkIy4,Standard,8.5,9.0,
t7xvHyIobS0,Standard,7.5,8.0,
qbKcyoIm6JU,Standard,-1.0,-1.0,
DW4B33d3YkU,Standard,4.5,0.0,
EdVMbUvKfo4,Standard,5.0,0.0,
NgHMR8Oe7nE,Standard,5.0,3.0,
OznC11bP1tQ,Standard,5.0,0.0,
ZFIAHprSKFc,Standard,8.5,8.5,
JVg60CRCpSc,Reaction,5.0,7.5,
ymc7EDUI1qY,Standard,-1.0,-1.0,
pLpNkGaftDk,Standard,7.5,2.5,
OFy1eh04CxQ,Standard,-1.0,-1.0,
vk5Exlcc68Y,Standard,2.5,1.0,
nmFtHRXCzvk,Standard,-1.0,-1.0,
1hzOH2Dy1Ws,Standard,6.0,0.0,
m2FA3eahdF0,Standard,-1.0,-1.0,
rDTXCsEgiXE,Standard,2.5,7.5,
Nhtco6lRTrw,Standard,-1.0,-1.0,
DFqTAl0UJyo,Reaction,7.5,8.0,
X3QMfO7idw4,Standard,5.0,0.0,
GWrpHuOUV3A,Standard,3.5,7.0,
b-oSmbx6cQs,Reaction,7.5,7.0,
W8Lfav31RIc,Reaction,2.5,0.0,
Hy_hJBm4XkU,Standard,6.5,7.5,
6Ig1Om7TKy0,Standard,9.0,8.5,
KcT90hXMzAQ,Standard,4.0,0.0,
jYlk47yauZo,Standard,6.5,0.0,
OA-94Jywv98,Reaction,7.5,7.5,
DvtHWU_eLno,Standard,-1.0,-1.0,
KuPjS0JhgZ0,Reaction,7.5,8.5,
CtWT6fNpvPI,Standard,1.5,6.5,
yyPCNmKMsaU,Standard,9.0,9.0,
FkM69rMAlkU,Standard,5.0,0.0,
BoNzsQcOMCk,Standard,5.0,2.0,
PuuJ__KED1M,Reaction,2.5,0.0,
2Sf5TEV6cbY,Standard,3.5,4.5,
-GleH1Fm4g0,Standard,-1.0,-1.0,
_t-RB1QE5es,Standard,8.5,9.0,
mkJvJ72_EiU,Standard,-1.0,-1.0,
vwJeLKNmU1g,Standard,7.0,0.0,
b2LLvpH5e1Q,Reaction,8.5,9.5,
tezsE5lJ4ZY,Standard,5.0,0.0,
xu2ixiWFuNY,Standard,9.0,9.5,
n-Sdx1kCF2c,Standard,-1.0,-1.0,
-7nQgBSQFAA,Standard,-1.0,-1.0,
8Ki-Fji_ZBc,Standard,6.0,7.0,
sIl3_ehUvog,Standard,8.5,9.5,
ODABTvD-DU0,Standard,9.0,9.0,
7Brl228CjDc,Standard,-1.0,-1.0,
cAJY90XQh18,Standard,5.0,0.0,
DVd3RAVoF-k,Standard,-1.0,-1.0,
04WI_23XoZQ,Standard,-1.0,-1.0,
1u_uneolCC8,Standard,9.0,9.5,
-1DGy7hJeTw,Standard,7.5,8.5,
WNdhtrbRa5o,Standard,7.0,4.5,
5QHpX6mu7uI,Reaction,1.5,6.0,
0CRclt2clgw,Reaction,-1.0,-1.0,
De1r89rNcbo,Reaction,6.0,9.0,
oYADpb8VtU4,Standard,-1.0,-1.0,
-H_SS1GSzEI,Reaction,2.0,2.5,
wm06s0RBBk8,Standard,5.0,0.0,
wIxaXbelBek,Standard,8.0,8.5,
bJqW5jKQO_k,Standard,5.0,0.0,
3TCP4tkeQMI,Standard,5.0,0.0,
yo_oW3px4kY,Reaction,1.5,7.5,
-iz6EoFJfSA,Standard,5.0,0.0,
z_zJ0PSIoVg,Standard,5.0,0.0,
knzB4C_SSZs,Standard,5.0,0.0,
7mtxwI0m3U8,Standard,5.0,0.0,
s38lOpttv60,Reaction,-1.0,0.0,
lJ7faXRW4x0,Standard,-1.0,-1.0,
LNj0wKjba6A,Reaction,2.5,7.5,
K8s0mQc2Z7k,Standard,5.5,0.0,
yovpwgo9QP0,Reaction,3.5,1.5,
lIHZjD7Jw0U,Standard,7.5,7.5,
aK2_LUDhwks,Reaction,6.5,4.5,
oI4pY3MlAS0,Standard,7.0,7.0,
OuhpWF1W__s,Standard,2.5,1.5,
-jtbukJuHOo,Standard,8.0,8.0,
OpcuIei3v58,Standard,4.0,4.0,
IdH9t2-pnSA,Reaction,9.5,9.0,
UCbBs80Oh3k,Standard,5.0,0.0,
58X0kd-k0vw,Standard,8.0,8.5,
RXj2cCV_gZA,Standard,6.5,0.0,
qaDIAJkmN2I,Standard,3.5,8.5,
Sz06wdUsP7Y,Standard,8.0,9.0,
hMR2_pRYJhY,Standard,5.0,0.0,
g2zBqa1TDPs,Reaction,8.5,9.5,
Xh3K8kgF4Ho,Standard,6.0,7.0,
vRJIFgjOwI0,Standard,-1.0,-1.0,
nUqOz921zXk,Standard,7.5,7.5,
NgcY__hzg2g,Standard,-1.0,-1.0,
9QRNx2VZk84,Standard,5.0,0.0,
ZcQFcBIGKLA,Standard,-1.0,-1.0,
sJ8pXD_7psE,Standard,6.0,5.0,
B8OG1CNrMWk,Standard,-1.0,-1.0,
v-hmWI_BFjU,Standard,4.0,1.0,
bmlX5-TVELc,Standard,-1.0,-1.0,
75GUym5GxwE,Reaction,5.0,0.0,
paoi21mwGS8,Standard,-1.0,-1.0,
2UqYTNMP-fE,Reaction,8.0,8.5,
LBsgioB3hvc,Standard,-1.0,-1.0,
jIJdxnU1Q38,Standard,6.0,0.0,
K1JA9pZM3SE,Standard,-1.0,-1.0,
H7foeVz89xk,Standard,7.0,6.5,
GbIFtrW3t5E,Standard,7.5,0.0,
6KGwpzmceyU,Standard,7.5,7.0,
9ja_UD_ggBY,Standard,7.5,7.5,
4XxyQ18zQC8,Standard,4.5,6.0,
Z78LoRhDhW4,Standard,-1.0,-1.0,
4Si5NTJ3eAk,Standard,-1.0,-1.0,
msHDfsUXNsc,Standard,-1.0,-1.0,
gL1SvcAamfo,Standard,5.0,0.0,
snjO3gx-Ln0,Reaction,7.5,9.5,
O7bxByL79SI,Standard,9.0,9.0,
uzJEGaVyb3k,Standard,5.5,0.0,
MQGpuIAV9A0,Standard,-1.0,-1.0,
0fHSrYixm40,Standard,3.5,7.0,
DBiuAjAXDvY,Standard,9.5,9.0,
N6sNwLWpPCE,Standard,8.0,9.0,
yGa8i15foD8,Standard,-1.0,-1.0,
iP16ta7wRb8,Standard,4.5,6.5,
4paOdz4dYu4,Standard,6.0,4.5,
zExYnA1emzU,Standard,5.0,0.0,
I_qikXTGlsA,Standard,-1.0,-1.0,
Hl_d9W42Yww,Standard,7.5,7.5,
Q_DISDOMFgo,Standard,5.0,0.0,
PF8wsi4Fi4I,Standard,8.5,8.5,
ubmvNayv3AU,Standard,8.5,9.5,
Md3HZ8nVPJk,Standard,8.0,6.5,
CPRw7r94WaU,Standard,5.0,0.0,
0slEh-s2QsI,Standard,3.5,3.5,
NWDUZSXXLaw,Standard,7.5,7.5,
QelwkbqOAGQ,Standard,7.5,7.5,
emv-ek9Ecdk,Standard,-1.0,-1.0,
yjepEDaNGwY,Reaction,-1.0,-1.0,
WDAQyb9xWEg,Standard,-1.0,-1.0,
_Kj_8Uy9Phg,Reaction,7.5,9.5,
pJE4Gi9Jp7o,Standard,3.5,8.0,
R2UpX3XaDsY,Standard,7.5,8.5,
vbeyrI8sC7E,Reaction,8.5,7.5,
GbAY5kHiZMo,Standard,5.0,2.0,
6bv0KULjwtg,Reaction,7.5,8.5,
diw9qhekxi4,Reaction,2.5,6.5,
3xnQOFRWmEw,Reaction,1.5,2.5,
-MPZwoSIDqc,Reaction,5.0,6.5,
YsJrgI_j-jw,Reaction,8.0,9.0,
TSLJ0bQITpk,Standard,-1.0,-1.0,
a3s9fwtUAQQ,Reaction,2.5,6.5,
Pe2HU0k6MsA,Standard,7.5,6.5,
v6CXiaBRajk,Standard,5.0,0.0,
WS61W6Swp0k,Standard,-1.0,-1.0,
AMB3FTp0HCQ,Standard,-1.0,-1.0,
o66Td0Fmdd4,Standard,-1.0,-1.0,
lU_9mKUKGzU,Reaction,-1.0,-1.0,
qrcxNq5CcW8,Standard,3.5,7.5,
BnWJpBD6MFo,Standard,-1.0,-1.0,
7Dwxb0kMJJY,Standard,-1.0,-1.0,
ghOhfrDIqfg,Standard,5.0,1.0,
TBPYy3TrJSY,Standard,-1.0,-1.0,
fcYbPTNMJ2Y,Standard,7.5,9.0,
1gysXKvKuSQ,Standard,-1.0,-1.0,
zKIqdnsd9uI,Reaction,5.0,8.5,
h0aq901EgRA,Standard,7.5,8.5,
pvdefVo5XMI,Standard,-1.0,-1.0,
UVJV0AytGHc,Standard,5.0,0.0,
NRpcOv7iIuU,Standard,3.5,0.0,
U5-5VKZuzuQ,Reaction,8.5,9.5,
459I7bI6F-4,Reaction,2.5,7.5,
Lts_d0k9A3M,Standard,6.5,0.0,
nUkYywcZhgg,Standard,5.0,0.0,
ALXzrL3mjig,Reaction,-1.0,-1.0,
OwB6A2LtgX0,Standard,2.5,6.5,
qOXF8sNthx4,Standard,-1.0,-1.0,
C0sgzw8onE0,Standard,-1.0,-1.0,
K7_EyL8gHps,Standard,6.5,2.0,
DrnQ73Ffi18,Standard,-1.0,-1.0,
GOxPrUStBwc,Standard,1.5,7.5,
nMJewBjXRRA,Standard,5.0,0.0,
L7SUb8JjlWk,Reaction,8.5,8.0,
vxP21n-hKoc,Standard,8.5,8.0,
YJebFbYkh-o,Reaction,8.5,8.0,
JWXKleU5Dvk,Standard,3.5,0.0,
ku1NoBgDJLI,Standard,7.5,8.5,
SlIoNca-s8E,Standard,5.0,0.0,
e9crmlusb9s,Standard,5.0,0.0,
QTxgAe0rCjI,Standard,-1.0,-1.0,
lWi1kXep_Xg,Standard,-1.0,-1.0,
G0C7nOCY4Eo,Standard,-1.0,-1.0,
-d6XZaYgPl4,Standard,7.0,4.5,
qvigIev_5Jg,Standard,-1.0,-1.0,
xcPCfCHM75k,Standard,-1.0,-1.0,
nO5R6LfBThI,Standard,-1.0,-1.0,
85Rt2DBSSC0,Standard,9.5,9.0,
ifamplwaBSk,Standard,-1.0,-1.0,
L_ObT1WY7Xc,Standard,-1.0,-1.0,
6sfVuB2HIKk,Reaction,8.0,4.0,
f44emL6s1J0,Standard,2.5,0.0,
aLmXGZvLBLg,Standard,-1.0,-1.0,
xMOdrdJ9JKs,Standard,6.0,7.5,
mV4USlng0D0,Reaction,7.5,8.5,
0shgzwOxEDg,Standard,7.5,6.5,
AHan7-wjHrg,Standard,8.5,9.5,
7j_D_tm-ScA,Reaction,3.0,7.5,
BipaKrGkuWo,Standard,5.0,0.0,
O5yP2BZwpJA,Reaction,7.5,7.0,
CLZmIHiErJs,Reaction,7.5,4.5,
evlt2zv8A9Y,Standard,3.5,7.5,
R1hlKXEZWOA,Standard,9.0,7.5,
0fdTNA0bVto,Reaction,5.0,0.0,
PxEqYFK-UiA,Reaction,7.5,9.0,
0c6X4FempR0,Standard,7.5,6.5,
VwW7IABTF6I,Standard,7.0,0.0,
nlD-dIqjp5Q,Standard,4.0,1.0,
lnQjzjADn3M,Reaction,9.5,9.5,
A4QjOPqYHJE,Reaction,9.0,9.0,
E5MfWEdFr4E,Standard,5.0,0.0,
3NH343p5IHU,Standard,7.5,8.5,
CtlpdjJ8K9c,Reaction,6.5,8.5,
aNkBMXTwirk,Reaction,8.5,9.0,
PjMMSBAgr_8,Reaction,8.5,9.5,
D4RoCAihnKo,Reaction,2.5,0.0,
OLhcCNj5BcU,Standard,-1.0,-1.0,
y2MpycJB_0g,Reaction,7.5,8.5,
lr5ez68rT24,Standard,7.5,2.5,
HGdYwdfKoPw,Reaction,4.0,9.0,
vu_XnROFg78,Standard,-1.0,-1.0,
0oX_tygpX80,Standard,7.5,7.5,
Zeb8zKXGeqE,Standard,8.5,8.5,
QA1tlMIf_Pg,Standard,5.5,0.0,
y_XH6cxHkGA,Standard,6.5,0.0,
zxz2wOjGouE,Standard,5.5,6.5,
hwyozQmzYy4,Standard,5.0,0.0,
On0tzmYRDUM,Reaction,3.5,8.0,
TEsIbUfa9gQ,Standard,8.5,8.5,
hv5qhsAoR9w,Standard,-1.0,-1.0,
6pB5DSvKVUc,Reaction,8.5,9.5,
f-Dz7Cc-Glg,Standard,9.0,9.5,
g2Dv1-c2NTk,Reaction,8.5,9.0,
9FgXXcKC5uU,Standard,3.5,6.5,
3DahinzeWCw,Standard,5.0,0.0,
_lWXD8DSpa4,Reaction,5.0,0.0,
EBYPLBNjU_g,Standard,5.0,6.5,
cNRuW326A0U,Standard,5.0,0.0,
MRQ098_bnjs,Standard,5.0,0.0,
2pq_nvx6pXY,Standard,8.5,8.5,
CCM94doHftc,Standard,6.5,7.5,
MhCs5cAS9GI,Standard,5.5,7.0,
Sw5WlOAg714,Reaction,3.5,1.5,
aDM5D8ystfA,Reaction,7.5,6.5,
-9skvZk5BPU,Standard,7.5,6.0,
UFX2swbG9C8,Standard,5.0,0.0,
VMH5YYDJbfk,Standard,-1.0,-1.0,
zil36k5cPt8,Standard,5.0,0.0,
3wV1GRSgd90,Standard,5.0,0.0,
iaVxWjyZZ10,Reaction,8.0,9.0,
-Hgxr5gReXg,Standard,8.5,7.5,
wDNl_fC7mgE,Standard,7.5,9.0,
g3pnbgdFP0M,Reaction,6.5,7.5,
7lWCMJhdUFk,Standard,5.0,0.0,
kI5CSG_-kYM,Standard,-1.0,-1.0,
2o0jHLNQVu0,Standard,5.0,0.0,
Zcow1ClpW6E,Reaction,0.5,7.0,
JyDusSPiDRw,Standard,9.0,9.0,
7slmUu-Pigc,Standard,2.5,7.5,
zkhECae_syU,Standard,2.5,8.5,
lpdxPYZceHA,Standard,5.0,0.0,
l4oLUKmys78,Standard,-1.0,-1.0,
IytP9kYE6BA,Reaction,7.5,8.5,
58_TDc0ftRI,Standard,5.0,0.0,
6i8EB42jFtE,Standard,-1.0,-1.0,
1Y1rRfu-m84,Reaction,1.0,0.5,
hbQoTLsX-rQ,Reaction,8.5,8.5,
J0KQIZOAnpM,Standard,8.5,9.5,
YlTwDyeSxfs,Standard,7.5,2.5,
KIGOogSe4tg,Standard,5.0,0.0,
WGRbFTihvP8,Standard,-1.0,-1.0,
1p-5B3gRnsE,Standard,8.5,7.5,
N6-9L-rTSGs,Standard,7.5,7.0,
iPJL8zNo9-8,Standard,8.0,7.5,
98jjBTVW0UA,Reaction,2.5,7.5,
q3IeOOmPC6g,Standard,-1.0,-1.0,
87Z84BB6w4c,Standard,5.0,1.0,
DRETz8AEskg,Standard,8.0,9.0,
047woaxFw8k,Standard,5.0,0.0,
plKavA3WE60,Standard,5.0,0.0,
heCFn-ZipMI,Reaction,5.0,3.0,
PC6YnaescTc,Standard,-1.0,-1.0,
_cn7FiEcTbQ,Standard,-1.0,-1.0,
dxC4Z-BePlQ,Standard,5.0,4.0,
Iijg_RmjsZ0,Standard,8.5,9.0,
qZjJYK-Gh5E,Standard,8.5,7.5,
5X06WkcvrfQ,Standard,-1.0,-1.0,
EhvGaOBZIsw,Standard,-1.0,-1.0,
XhEyIb7hfi8,Reaction,1.5,1.0,
5rXqSGe2ZRA,Standard,5.5,0.0,
H1Pkj7aMwNs,Standard,8.5,8.5,
QWsZ5Wk61sg,Standard,5.0,0.0,
Ikec_9yPCSY,Reaction,2.5,8.5,
1NmmKAtLiGo,Standard,1.5,0.5,
zUPLTO2GLLk,Standard,6.5,7.0,
YoWjZ11ig_w,Standard,5.0,0.0,
Bmbca9GnP6Y,Standard,5.0,0.0,
lkWjB2oI-tc,Standard,5.0,6.5,
u-rFFk1hNOk,Standard,-1.0,-1.0,
Ui9kus1fQVs,Standard,7.5,7.5,
bOYuw9SxREM,Reaction,9.0,9.5,
AsNyrrMMPYk,Standard,-1.0,0.0,
my2yzDTxzio,Standard,4.5,0.0,
TJ8oRPaHtXk,Standard,-1.0,0.0,
vf8JqceJ85M,Reaction,3.5,4.0,
1ERN9GI0x1c,Standard,2.5,2.0,
Ix41r2s9j0s,Reaction,6.5,8.5,
JbsUPLHUV5k,Standard,-1.0,-1.0,
9PpiDkU_9jw,Standard,7.0,7.0,
CccjALSBV5Q,Standard,5.0,0.0,
uKoWcnuBJig,Standard,6.0,0.0,
3rINY_9NvNM,Reaction,7.5,9.5,
QBe0hsSQ3e4,Reaction,7.5,8.5,
2lJ6MfNSJBc,Standard,-1.0,-1.0,
JWGORmg-3OY,Standard,-1.0,-1.0,
9Q57Kfi-4co,Standard,-1.0,-1.0,
0YK4O_c-dxw,Standard,9.0,9.0,
IAHf-PS5RJY,Standard,8.0,8.5,
ej6MB-6Ab-k,Reaction,8.5,9.0,
gP55ZBHt3lw,Standard,5.0,6.5,
FPEyKG_5YUs,Standard,-1.0,-1.0,
EqwOEFCTMqw,Standard,-1.0,-1.0,
bzLT1TX8iyo,Standard,-1.0,-1.0,
nycbHXquVJY,Standard,7.5,8.5,
M1bzW2YmaWw,Standard,7.5,9.0,
0IZEbIa65mo,Reaction,7.5,9.5,
ym23dYEZbkA,Standard,-1.0,-1.0,
qG24mKc0RpY,Standard,-1.0,-1.0,
ugaGCRHBKIM,Reaction,8.5,8.5,
B93lUyJ0cvM,Standard,-1.0,-1.0,
MJygajAD-o0,Standard,5.0,0.0,
N5PSoTbzK5Q,Standard,5.0,0.0,
-AlgqvOaadA,Standard,3.5,0.0,
H2nZLXRWwqM,Standard,5.0,0.0,
zzblrhR8zxQ,Standard,6.0,7.5,
B3qn-DCMv6A,Standard,-1.0,-1.0,
lIH8bQnKHG8,Standard,-1.0,-1.0,
CFycT29j0Uo,Standard,5.5,3.5,
oZ6iMANQxXQ,Standard,-1.0,-1.0,
-HaliMVZqWk,Reaction,5.0,0.0,
-CRM38IYUk0,Standard,-1.0,-1.0,
OqUru31EyPc,Standard,8.5,9.0,
6ExDMqHOdms,Standard,-1.0,-1.0,
--vao_GNmRw,Reaction,4.0,7.5,
9uR6BX-05pE,Standard,5.0,3.0,
Pkf9kcTMRs0,Standard,2.5,0.0,
vWkU5_ddBLM,Reaction,-1.0,0.0,
ExHvK7Wuk7E,Standard,7.5,8.5,
cH5FoVYiCZA,Standard,-1.0,-1.0,
SBo-kxVZryo,Standard,8.5,8.5,
60hH-fNnqnA,Standard,4.0,3.5,
kcfI7guFxE8,Reaction,8.5,8.5,
IZK9A2EsrtA,Standard,5.5,0.0,
z_agqAJJPHw,Standard,8.5,6.5,
232fFoAUdrc,Standard,5.0,0.0,
FM5CAvtt8FY,Standard,-1.0,-1.0,
OHpdSqtBS04,Reaction,4.0,8.5,
579zl2h-Zgw,Standard,7.0,1.0,
PhCobMjeu18,Standard,6.5,7.0,
-umWNCbCEhk,Reaction,2.5,1.5,
g-GeIB5wx40,Standard,8.5,9.5,
rBP6-zKFJ-w,Reaction,7.5,8.5,
MVwy7RZaKPQ,Standard,2.5,3.5,
soSE6jh39B8,Standard,8.5,9.5,
oGfeMxRrWo4,Standard,3.5,0.0,
5li3wiSqMS4,Standard,4.5,0.0,
iUQjJtDzJ50,Standard,3.5,0.0,
eI2qP6-Wr40,Standard,-1.0,-1.0,
R3Dz1_C1rGI,Standard,5.0,0.0,
zsAXJxf7Dgg,Standard,5.0,0.0,
M2dnkmAhUAk,Standard,2.5,7.5,
BOB6JkJfG_4,Standard,5.0,0.0,
QSPveOximEY,Standard,-1.0,-1.0,
xYYmN0pBonE,Standard,7.5,8.5,
fDghcxXJQdE,Reaction,7.5,8.0,
nNxl8OsU7c8,Standard,2.5,0.0,
3KI1TL39nPo,Standard,5.0,0.0,
zylDu20CgX8,Standard,5.0,0.0,
ocPulROAdMI,Reaction,8.5,9.5,
IrRXA3TvZAE,Reaction,7.5,8.5,
bbTaDNsj__M,Standard,8.0,9.0,
COpjUhYlmqk,Standard,8.5,9.0,
ZECF7pEJOlI,Standard,5.0,6.5,
-4ib3E9vojw,Standard,7.5,9.0,
VtRZtrzB1cA,Standard,8.5,9.5,
OAWS_aoKN64,Standard,5.5,1.0,
GP82dZKy_9U,Standard,5.0,7.5,
FOIR0s0ozrc,Standard,-1.0,0.0,
nILCnlXE1h4,Standard,2.5,6.5,
LyM8TqzT6nI,Standard,-1.0,-1.0,
dJCVuv4PByk,Standard,6.5,0.0,
gk5RAvwnJ14,Reaction,3.5,0.0,
7yb2PQdv5sI,Standard,-1.0,-1.0,
myung6eL9xk,Standard,5.0,0.0,
hEHrtlPuC4A,Standard,8.0,9.0,
A1KFk6wFPAE,Reaction,7.0,7.5,
jKCrp_UJgrk,Standard,-1.0,-1.0,
hjW85zqKg74,Standard,5.0,7.5,
Jb0X1pon_1Q,Standard,5.0,0.0,
MLAMH05bI1I,Standard,7.5,9.0,
nHfrt0TXr0o,Standard,5.0,0.0,
zKirMoNXLKI,Standard,5.0,0.0,
ngXGO6PKGcs,Standard,-1.0,-1.0,
2sm0UkbvvpY,Reaction,5.0,0.0,
ckeqkl8gAJE,Standard,7.5,6.5,
_tmRjhe_8oM,Standard,5.0,0.0,
05nG4_mLL2Y,Standard,-1.0,-1.0,
__mTR6R7DJs,Reaction,7.5,9.0,
XVCkABGeiMk,Standard,9.5,9.5,
1GyDdauL5TQ,Standard,7.5,7.5,
UxDg_hrS_hw,Standard,0.5,8.5,
2k9KCdg1TR4,Standard,-1.0,-1.0,
ZnNH5NszxII,Standard,8.5,7.0,
J9r_CoEYshI,Reaction,2.5,7.5,
sKQerjkJqsw,Standard,6.8,7.5,
j3AX2dbKaXM,Standard,5.0,0.0,
VK8d76b6lv8,Reaction,7.5,8.5,
3lmhSMagB0c,Standard,9.0,9.5,
IH0QGqULAyw,Reaction,-1.0,7.5,
c3iDL-xC6Co,Standard,9.0,9.5,
tit6xPYe69Q,Reaction,7.5,9.0,
22r3uUdhde8,Standard,-1.0,-1.0,
WCYfeEBYKSM,Standard,6.0,1.0,
AjpW4UaXrLw,Standard,-1.0,-1.0,
Sl4mQv2Bo-Y,Standard,-1.0,-1.0,
oELRMuC0zrs,Standard,-1.0,-1.0,
ZBk0ch0kWz8,Standard,6.0,7.0,
1jxhLW--abY,Reaction,7.0,7.0,
7rZDbmggszw,Standard,-1.0,-1.0,
Wk5kfBYiYZY,Reaction,7.5,9.0,
NfL52SutGPo,Reaction,1.0,8.0,
eRp-yXUzvtY,Standard,-1.0,-1.0,
BsnbI3QSI0I,Reaction,7.5,9.0,
xBJN2CSPo3k,Reaction,-1.0,-1.0,
3s4bnQYG2UY,Reaction,-1.0,-1.0,
CGoRX-RFbkc,Standard,-1.0,-1.0,
NJKthH9oU6k,Reaction,7.5,7.5,
capq0GG-bmU,Standard,8.5,8.0,
33ivRLE3jGY,Reaction,0.5,9.5,
DnrO533jKTc,Standard,5.0,7.5,
3itZjEcp96k,Standard,7.5,1.0,
fF0hFeVwCB8,Standard,8.0,9.5,
EtGzGGneqC0,Standard,-1.0,-1.0,
lHAGf-FHkDw,Standard,5.0,0.0,
1W1hTzKJbnc,Standard,-1.0,-1.0,
hgTBCp10Ouc,Standard,-1.0,-1.0,
LmSwGmjxqjU,Standard,8.5,8.5,
R3fMZdwFPBk,Standard,-1.0,-1.0,
PNa5o_sfFjQ,Standard,3.8,0.0,
nfUcyqATNN8,Reaction,8.5,9.5,
LQL9aoy636I,Standard,-1.0,-1.0,
WWDHyTTQ7Ns,Standard,5.0,0.0,
kFNCDMUUSJg,Reaction,7.5,9.0,
ldD87FUlZIs,Standard,8.5,9.0,
hUi-FfyWoIY,Standard,5.0,0.0,
acR9P17BBeQ,Standard,-1.0,0.0,
XWHlsm20ELA,Standard,4.7,7.0,
E5Yz2dol8Jc,Reaction,7.5,9.0,
TEPyYMKTbeo,Standard,8.5,9.0,
xswNOsRNijA,Standard,4.5,6.5,
bcOS4s3gT0g,Reaction,7.0,6.5,
jxA5IJFdHAk,Reaction,7.5,8.5,
GsjTcmuZE-s,Reaction,8.0,8.5,
TZrIKF-P5bQ,Standard,9.5,9.5,
4sBmDC72OKk,Standard,7.5,8.5,
kzpmLX4DV1w,Standard,7.5,6.0,
nlqT8ty-T0E,Standard,7.5,7.5,
t-sNQ4y7ttY,Standard,7.0,9.0,
HHu_CTQR9-E,Standard,5.0,0.0,
AsdyBslQl2w,Standard,5.0,0.0,
xiKdlhg9q_M,Standard,7.5,8.5,
49K-vrTWciY,Reaction,2.5,7.0,
WIPelyrkFNg,Reaction,2.5,6.5,
pcnnJ5GMT8U,Standard,9.0,9.0,
lTBKEk2acQo,Standard,8.5,8.5,
7klbnqZsC0c,Reaction,7.5,8.5,
dn6mbfRGIPs,Standard,-1.0,-1.0,
kREXZkC2I54,Standard,7.5,8.5,
7AeQrqKLXn4,Standard,9.0,9.0,
6X2gRMxkwI0,Standard,-1.0,-1.0,
HQCpqEpauX8,Standard,2.5,0.0,
oIdegqwQZkE,Standard,9.0,9.5,
cDzwJo-giKg,Standard,6.0,0.0,
EteXpuDG_NI,Reaction,6.5,6.0,
IkoK0L_hnMg,Standard,5.0,0.0,
zNy1lJ5t3Nc,Standard,9.5,9.5,
50r9Z7chrtY,Standard,5.0,8.5,
PGL2fMrUb3Y,Reaction,9.0,8.5,
9nGBNJR8gYs,Standard,5.0,0.0,
MxVLC7s-ZiY,Standard,8.5,8.5,
1KnpUODKfcU,Reaction,7.5,8.5,
a-9yDH-sSqs,Standard,5.0,0.0,
EwPs6XE3F4I,Standard,7.5,7.5,
YNbF2F4uLRU,Standard,9.5,8.5,
tWsZ2uDEvio,Standard,3.5,4.0,
fNExCEb6jsw,Reaction,7.5,9.0,
nGtbx_EPHMQ,Standard,8.0,8.5,
n8HcLlo3uWY,Standard,0.5,7.0,
sqdssF2pjLA,Reaction,3.5,4.5,
_MmiyO0FEGM,Reaction,8.0,9.0,
-gW95g2QD7w,Standard,8.5,9.0,
oobt-0GA94A,Standard,2.5,6.5,
9_ErFc2U9Dg,Reaction,7.5,8.5,
9ophWle6Zgg,Reaction,-1.0,-1.0,
044nZwPJtQU,Standard,5.0,0.0,
qv924m8UrwA,Reaction,7.5,8.5,
BSfcjlthoD0,Standard,8.8,9.2,
3vUx2m1G3Vc,Standard,-1.0,-1.0,
r6Nn3CqTBwY,Standard,5.0,0.0,
wjLCs-nElbI,Standard,-1.0,-1.0,
U6ANILMihGA,Standard,7.5,0.0,
7Fj2uzHWq3M,Standard,2.5,8.5,
DkoWbUkVSAs,Standard,-1.0,-1.0,
v-3g67hdAgA,Reaction,5.0,0.0,
NXNhqcGt7Xo,Standard,3.5,0.0,
sMWK0RAIM1g,Reaction,2.0,7.0,
Hf1sRRV9Qmo,Standard,8.0,9.0,
tnkd4wHalnU,Standard,7.0,0.0,
FZRHhHsjX9E,Standard,5.0,0.0,
Gf7aOhr-T2I,Reaction,2.5,6.5,
Wd0Dr_cgoT8,Standard,2.5,2.0,
vv6aaErFyOk,Standard,-1.0,-1.0,
_i77hur49gg,Reaction,5.2,2.5,
oEzvVb6nBjI,Standard,-1.0,-1.0,
cYLbnPnH6b8,Standard,8.5,9.5,
rptf48GRRsU,Reaction,4.0,6.5,
aDBanrHWUio,Standard,8.5,9.0,
RbwbypT_kXs,Standard,9.5,9.5,
J_HWDfXAc80,Standard,5.0,0.0,
LEgL0pDFVLs,Standard,6.5,9.5,
zYZqcRJlNLc,Standard,3.5,0.0,
RNxh0AcTDI0,Reaction,7.5,6.5,
aht1cTBJJBU,Standard,7.5,4.5,
ub1z2ZFJIbA,Standard,-1.0,-1.0,
esDKcm7yMAQ,Standard,8.0,9.0,
58uieLiJBns,Standard,5.0,3.5,
CzKjp4w2vw0,Reaction,7.5,8.5,
ogD-i8CITPQ,Reaction,6.0,8.5,
DVmPA1qhdJs,Standard,8.5,9.5,
Ch33QxdErOU,Standard,5.0,0.0,
IXtfGyR4b4o,Standard,9.0,9.0,
qGOpnt-JJrs,Reaction,7.5,8.5,
nmSuuqB7_QQ,Standard,2.5,0.5,
Mav0iUEzsG4,Standard,-1.0,-1.0,
MHTyDPJrjrY,Standard,5.0,0.0,
TPzIGaEmxpA,Standard,5.0,0.0,
LbGKXdOSNDQ,Standard,4.0,7.5,
9hrvbOKAtow,Standard,7.5,9.5,
X8Yy00pE0RY,Standard,-1.0,-1.0,
VRZ0BRp9MLo,Standard,9.5,9.5,
d8RZPqlDG8U,Standard,1.5,8.5,
0T1veHkYfVo,Reaction,7.5,6.5,
1k_BO1NBPxQ,Standard,-1.0,-1.0,
H6sq-9Jii9M,Standard,5.0,0.0,
MaCr8qCFUoY,Standard,8.5,9.0,
lgTQ2pSQ4SQ,Standard,9.0,9.5,
-H7LVxEdmEs,Standard,5.0,0.0,
yaICAidUQOo,Standard,-1.0,-1.0,
jT74LGsU_LU,Standard,5.0,5.0,
ODwghjXB-eQ,Standard,-1.0,-1.0,
byfHBoNSpZI,Standard,-1.0,-1.0,
gGPM31WxPlc,Standard,-1.0,-1.0,
VAEeBOIYqKA,Standard,7.5,0.0,
pX3Ii9ywOFg,Standard,-1.0,-1.0,
p5T0T_UNLuI,Standard,5.0,0.0,
I7tEnTBUtfs,Standard,6.0,3.5,
lVZ9qvdx2XM,Standard,5.0,0.0,
tReY9rsaGSE,Standard,6.5,0.0,
fJmnO8mkHxs,Standard,5.0,0.0,
HJIJt1dLPxM,Standard,7.0,8.5,
1oQYoQ3Nijk,Standard,5.0,0.0,
PvaGU0r51lg,Standard,4.0,8.5,
9KI1Nnh6ql0,Standard,-1.0,-1.0,
SyvcmKTLY0A,Standard,5.0,0.0,
faAOR4yrcog,Standard,-1.0,-1.0,
FQ8CaTbLFVM,Standard,9.0,8.5,
3X5ogT8Mkoo,Standard,4.5,-1.0,
dJTblJzRhE0,Standard,-1.0,0.0,
3iHAHqQ3bAo,Standard,5.0,0.0,
9vrmKxZh0GM,Standard,9.0,8.0,
heKwP-Fw608,Standard,1.5,6.0,
cEFL2jdYRNw,Standard,3.5,0.0,
ionSXAXTtOE,Standard,-1.0,-1.0,
imN0mzPqtPM,Standard,8.5,8.5,
Pybmw9XjdNI,Standard,7.5,6.5,
IRFuEiRkorI,Reaction,7.8,8.2,
KVATugl8nHA,Reaction,1.0,8.0,
N6AITiEWJjQ,Standard,3.5,6.5,
vQ5FNd4Pg18,Reaction,7.5,9.5,
B4ETznZxN1c,Standard,7.0,8.5,
54Ech_B9sX4,Standard,8.5,8.5,
vghtzX33eZk,Standard,-1.0,-1.0,
6XpIR-51_qc,Standard,-1.0,-1.0,
WNw-3QyEMHU,Standard,5.0,0.0,
XHVG_hgr5NI,Standard,-1.0,-1.0,
vPxuGxqRlhs,Reaction,2.5,6.5,
VqVT6E26xK4,Standard,2.5,7.5,
ZUu67tjYFck,Standard,7.0,6.5,
e1h3mhuD94U,Standard,4.5,0.0,
yI8ZUdid5OY,Standard,7.0,8.5,
vjfoOOQUpPk,Reaction,5.0,0.0,
4e0O4lVzxPI,Standard,-1.0,-1.0,
kQoZeGhlOsM,Standard,-1.0,-1.0,
Ll2ekbMSmOM,Standard,9.0,9.0,
ZkWjKRKZvb0,Standard,4.0,8.0,
fHaBVbuSAQM,Standard,-1.0,-1.0,
lyLhcfUP5DM,Standard,-1.0,-1.0,
KdzpvDgnf9Q,Reaction,8.5,9.0,
FpcodtrDj5E,Standard,-1.0,-1.0,
OCMn4vJuP8I,Standard,7.5,7.5,
TEesU4SgYII,Standard,5.0,0.0,
gLgNomiJ0pc,Standard,5.0,0.0,
75C123m3Y0k,Standard,5.0,0.0,
0WmRYl4JLZU,Reaction,4.0,0.0,
kVPCTIJR-4E,Standard,6.5,2.5,
7sMWMgE-JTg,Reaction,7.5,8.5,
uATZYi0DEFg,Standard,1.5,7.0,
a5Vo9co3E34,Standard,5.0,0.0,
O3Mbir9q3o4,Standard,2.5,0.0,
_lWJyKUmgJ8,Standard,-1.0,-1.0,
0_f7vNBM2w4,Reaction,-1.0,8.0,
MYvIie1ix7U,Standard,7.5,5.0,
cwZUH87zMV4,Reaction,3.5,7.5,
DmV4LEExULk,Standard,-1.0,-1.0,
SAkdID5Nf6o,Standard,5.0,0.0,
ZWV7XMe0lv8,Standard,-1.0,-1.0,
OBifI1eDtfs,Standard,5.0,0.0,
WiJ-SHjBe9M,Standard,-1.0,-1.0,
4mPya0sXHpQ,Standard,7.5,6.5,
CsBkC3UZON0,Standard,5.0,0.0,
YXuc-4P9ge8,Standard,0.0,8.0,
vSpeWpC-kgI,Standard,2.5,0.0,
rdzNi66u4qI,Reaction,7.5,9.5,
6BAodUVESig,Standard,-1.0,-1.0,
eF6_2IosNME,Standard,-1.0,-1.0,
sa1ZFbPQwpg,Standard,6.0,0.0,
vDZGFsdOlNU,Standard,5.0,1.0,
UJSfy4n24jk,Standard,8.5,9.0,
sBCX2N3JPBw,Standard,5.0,0.0,
FnVUNaW5XmE,Standard,-1.0,-1.0,
F2j_zUcKZv0,Standard,-1.0,-1.0,
FmvktJ2c85o,Standard,-1.0,-1.0,
ufNLdBC7Gh8,Reaction,1.5,2.0,
rMSMYbYVxqA,Standard,0.5,7.0,
UZ45LLocBPo,Standard,7.0,0.0,
iA0bOvmOBg0,Standard,6.5,7.0,
AYU2OKkIYi8,Standard,8.5,7.5,
my3VVeayeuY,Standard,4.0,0.0,
smcNaC1SlbI,Standard,5.0,1.0,
ahEpYRbDEN4,Standard,9.0,9.5,
M3tyK7uFAlk,Standard,9.0,9.0,
flHhLx3iXI8,Standard,9.5,9.5,
P9s80XbCVZg,Reaction,8.5,9.0,
R4YO_x3nTEs,Standard,8.5,9.0,
M9Oe7n1t07I,Standard,7.5,9.0,
HiaE1YAMB6c,Standard,-1.0,-1.0,
_EkLWYeQiJI,Standard,5.0,1.0,
B4A3Cf0Ejvk,Standard,5.0,0.0,
YPaiwPrjXkM,Reaction,7.0,8.0,
TMzqOPQswRc,Standard,7.5,8.0,
HhG5vNj89p0,Standard,8.5,9.0,
t9oogVzhmiI,Standard,7.0,8.5,
t2IpP3SnH3c,Standard,-1.0,-1.0,
vMyTPxzeano,Reaction,0.5,8.5,
pGmGZjSNyTo,Standard,8.0,9.0,
2c9E8g3tBbw,Standard,5.0,0.0,
7OygJJgv7O4,Standard,-1.0,-1.0,
lmp7m8lOg3Y,Standard,9.0,9.5,
QjYTTp89tEc,Standard,-1.0,-1.0,
psu0PjP9oJU,Standard,5.0,0.0,
ilKYqPEOCHU,Standard,5.0,0.0,
QXItIEMUevs,Standard,-1.0,-1.0,
Cafl08vhpoI,Standard,-1.0,-1.0,
Aax2uzKAdHs,Standard,7.5,6.5,
-YNfOEjgieo,Standard,7.5,6.5,
rNaqfHLtewI,Standard,-1.0,-1.0,
y6RjjD0JajQ,Reaction,7.5,8.5,
sQTOyKRUpe4,Standard,8.0,6.5,
-wO4r5yvaVQ,Standard,5.0,0.0,
w7gP5o6z_2w,Standard,7.0,8.5,
5hxRX3MQf_M,Standard,-1.0,-1.0,
ERYoI8tf4pM,Standard,7.5,8.5,
ZfkaiYIanNs,Standard,7.8,9.0,
UTf6rc-3DcU,Standard,7.5,6.5,
yYVDQHXWv-0,Standard,5.0,0.0,
_q-RZHUW3SY,Reaction,8.5,9.0,
oTLOfB1ql88,Standard,3.5,0.0,
DBLt8X14scc,Standard,7.5,2.5,
Mae7Qotvw2s,Standard,5.0,0.0,
MOx2EkbvFwE,Standard,7.0,3.0,
hdv1W7qBRJs,Standard,-1.0,-1.0,
3LbE1mjRu18,Reaction,7.5,8.5,
Ks_cS6NxMwk,Standard,8.5,9.0,
5g3rxR9MCC0,Standard,2.5,0.0,
LD4v76Mf_Lk,Standard,5.0,0.0,
bN4-xcG9mec,Standard,-1.0,-1.0,
ayRPL7lVXu8,Standard,5.0,0.0,
U0UNB1R6rys,Standard,-1.0,-1.0,
_S9s7u5MeUg,Reaction,2.5,1.5,
FVUa-shIIcY,Standard,8.5,8.5,
Lv1_o4aNAtI,Reaction,7.0,7.5,
drVc0RxC7_c,Standard,-1.0,-1.0,
sIxvZ_-YQ4I,Standard,5.0,0.0,
rmVvP9aDZhE,Standard,-1.0,-1.0,
vvg0sfDo6pc,Standard,9.0,8.5,
WRyaclGsGyY,Standard,-1.0,-1.0,
NNBzO7Ap9YI,Standard,5.0,7.5,
zwTpN4lsezQ,Standard,-1.0,6.5,
E5CXkcLrTSA,Standard,2.5,0.0,
7j04m6e_R34,Standard,-1.0,-1.0,
PEFp9vFVGow,Standard,-1.0,-1.0,
gi51hPaHUGQ,Standard,5.0,0.0,
7-MaiGljjzM,Standard,-1.0,-1.0,
9-G-5BwoZKM,Standard,3.5,6.0,
9HwZ6PJXxuY,Standard,5.0,2.0,
sKVGSVCYzJQ,Standard,8.5,9.5,
SFkiOSwILYE,Standard,6.0,6.5,
mf_e1f91tAc,Standard,8.5,9.5,
auxg7hraMz0,Standard,7.5,7.5,
DY1x5zJAeSM,Reaction,7.5,9.5,
xd-8VJg41o0,Standard,5.0,7.5,
MbTN_-S5Vi4,Standard,-1.0,-1.0,
W_aqvI3qPQs,Standard,4.0,0.0,
4b2ddsHYiEc,Standard,7.5,8.5,
JHZoPsq-OU4,Reaction,8.0,9.5,
8LrIjQg34ns,Standard,5.0,0.0,
br3FNsQEx1w,Standard,-1.0,-1.0,
0xWrzSoU72s,Standard,5.0,0.0,
CyPPGbNArEk,Standard,6.0,8.5,
RQnWOOZCtkM,Reaction,1.0,4.0,
GW3G97R6hy4,Standard,-1.0,-1.0,
l8pq3uWs95k,Standard,8.0,8.5,
gezsIhdhzkQ,Standard,5.0,4.0,
zQ-vVciw5xk,Reaction,2.5,7.0,
BH4akgcubLU,Standard,8.5,8.0,
d-NTf30Foe4,Standard,8.0,9.0,
Q3wICnmf8SU,Standard,5.0,0.0,
j23HB-fu6x0,Standard,6.0,5.5,
BwIEtJ0yYQU,Standard,5.0,0.0,
GzNCHkXZnPY,Standard,2.5,3.5,
_H0e-dep3Zg,Standard,7.5,2.5,
Btixv7zBc6M,Standard,8.0,9.5,
PD38uvt80Co,Standard,-1.0,-1.0,
x9OvClakYdU,Reaction,8.5,9.5,
1AntWNSrVCU,Standard,3.5,6.5,
0kljVnUM_Ns,Reaction,-1.0,6.5,
QxG5rCaLSIQ,Standard,7.0,6.0,
t35B2HpmVRk,Reaction,2.5,4.5,
5HqVK-QRNrU,Standard,5.0,0.0,
Ot6XctMA5ng,Standard,5.0,0.0,
2pu4XV55wy8,Standard,5.0,0.0,
OmGv19kTEM4,Standard,-1.0,7.0,
EU1HhZJS9Fo,Standard,5.0,0.0,
xOAupSr99nI,Standard,2.5,2.0,
zfiSCmqbjY8,Standard,-1.0,-1.0,
stOa50lGEwY,Standard,5.0,0.0,
n-MLpB47AYk,Standard,-1.0,-1.0,
ln3IPmHN7dI,Standard,-1.0,-1.0,
hEtiPIN4LG4,Standard,7.0,8.0,
qgCN4_H0cgU,Standard,5.0,4.5,
iDPhM6UgR6I,Standard,2.5,6.5,
xrAv4uOVWd0,Standard,-1.0,-1.0,
SWcqDFaOR2k,Standard,8.5,8.5,
PEyimH91t1o,Standard,3.0,6.5,
w7vYi9_sOuU,Standard,7.5,6.5,
WW3gQ4vO4eQ,Standard,7.5,9.0,
Xg_pmGaxkCE,Standard,5.0,5.0,
GlGuSk0ObCM,Standard,-1.0,-1.0,
qfcm6-s88e4,Standard,5.0,0.0,
b8tUcBCWqnc,Standard,-1.0,-1.0,
e7-Fd1HOw_g,Standard,7.0,6.5,
bl-M4_Z_I1A,Standard,5.0,0.0,
Qtohz-9I3Ec,Standard,6.0,6.5,
5kU3c6xA6tE,Standard,-1.0,-1.0,
T4zknkqjCUQ,Reaction,7.0,7.0,
z7w0iyk0j9A,Standard,-1.0,-1.0,
QZPpaheomzE,Standard,-1.0,-1.0,
L3gfXmYEq98,Reaction,-1.0,0.0,
Va4iPZtoppc,Standard,-1.0,-1.0,
rTQFggjILvU,Reaction,6.5,8.5,
BSJeOLcUi4c,Reaction,7.5,9.5,
CFbadyElHic,Standard,-1.0,-1.0,
FARkTNFOrWI,Standard,-1.0,-1.0,
ZphWTi7L2Ks,Reaction,8.5,9.5,
z5-eDTdb4Fs,Standard,7.5,8.5,
e8XH_WRS05o,Standard,-1.0,-1.0,
dSt2Vh5_q0Y,Standard,7.0,8.0,
Kdrax1aQ6Fk,Reaction,8.5,9.5,
u7NyT08N43A,Standard,7.0,7.5,
BrIvhc_Injc,Standard,-1.0,-1.0,
ibhc0EYDRdk,Standard,2.5,4.5,
oxVWT7F2xNE,Standard,-1.0,-1.0,
tkDLiebv5jw,Standard,8.5,8.5,
Fa0FW7_TX9k,Standard,3.5,7.0,
4yAkG6sLMes,Standard,8.5,9.0,
yyHmG7V-JUk,Standard,5.0,0.0,
Z_MxlNRhjCw,Standard,-1.0,-1.0,
3dsDdkVGJXo,Standard,-1.0,-1.0,
FMjSzKZpJRA,Standard,7.5,8.5,
9QylWSzpBM8,Standard,-1.0,-1.0,
9n6G3k6DhlM,Reaction,8.5,9.0,
ldW7-Fd40IM,Standard,-1.0,-1.0,
pMou1hq4YlM,Standard,-1.0,-1.0,
LBGKYTI9ju8,Reaction,5.0,9.0,
3X4wHrNhRKw,Standard,7.5,9.0,
SOZWhax30S8,Standard,-1.0,-1.0,
rmRvSn4oYnA,Standard,5.0,0.0,
ydsRopNew6s,Standard,1.5,8.5,
w95BfD3CfYI,Reaction,-1.0,2.0,
WFeGR_qQxnc,Standard,5.0,0.0,
ncpKIRIFzF8,Standard,7.5,9.5,
7_ONeYyWa4A,Standard,9.0,9.5,
WVBUGOYoTds,Standard,5.0,7.5,
-N_yO9nvqE0,Standard,5.0,0.0,
MUbYabIDEOE,Standard,4.0,0.0,
ZhJejPv68QA,Standard,-1.0,-1.0,
CHgHe4vSaXw,Standard,-1.0,-1.0,
cmJ93XEOK_4,Standard,-1.0,-1.0,
Jze_W8ygilI,Standard,7.0,7.5,
UG_9X6yNxKk,Standard,0.5,7.0,
lhFW5t4-tOU,Standard,-1.0,-1.0,
I_ObMY5KE2g,Standard,5.0,0.0,
DPbpoir_Zsg,Standard,6.5,7.5,
fVHpah3cdxo,Standard,7.5,7.5,
4-y3MPic8FQ,Standard,2.5,1.5,
tAQj4fwGxgk,Standard,5.0,0.0,
WRa4lmk8BUc,Standard,5.0,0.0,
ph03kK53ZeE,Standard,-1.0,-1.0,
TvOsg8Z3ab8,Standard,-1.0,-1.0,
7THcHct_tIc,Standard,-1.0,-1.0,
yIvn_YX7co8,Standard,8.0,9.0,
DjBQgrFMd38,Reaction,-1.0,-1.0,
nzLXwbsvu7M,Reaction,7.0,8.5,
I-MQXQq7l6Y,Standard,9.0,9.0,
v7GBCa7Gua8,Standard,5.0,0.0,
MJywkqVhKmQ,Standard,-1.0,0.0,
vYp-Owk_jzA,Standard,5.0,7.0,
PZNYuYbxkQo,Standard,5.0,0.0,
ZA1nY7Erhf0,Standard,8.5,9.0,
DbKBNGsN3Ls,Reaction,6.5,7.5,
Fi7iBFv5Tok,Standard,-1.0,-1.0,
WPpw2qM7Nok,Reaction,2.5,0.0,
jfD7h9gwxLk,Standard,-1.0,-1.0,
JdxR3JRVR6Q,Standard,5.0,0.0,
ewTvNqO3vAQ,Standard,6.0,0.0,
yFYpvz7CoOc,Standard,7.5,8.5,
Kjm6N1GWaWA,Standard,-1.0,5.0,
c-xzFpjJEG4,Standard,-1.0,7.5,
KPTViKEtdNk,Standard,5.0,0.0,
eZXFKhc4E6w,Standard,5.0,0.0,
w-CWC39MLk4,Reaction,8.5,9.5,
TTpNMUCVxEs,Reaction,8.5,9.0,
yAiDhT9s4Eg,Reaction,7.5,9.0,
FXGUdO5ZZG0,Standard,3.0,4.5,
7aprB5bwrwE,Standard,5.0,0.0,
ZnV5td6qX8E,Reaction,7.5,6.0,
1W-nAXpo6dA,Standard,8.0,9.0,
ifPlb8j7GIc,Standard,2.5,3.5,
ioc83CNNs_Y,Standard,5.0,1.0,
SogLg8dAcPI,Standard,-1.0,-1.0,
zyizFYN3cco,Standard,5.0,0.0,
iv4HJtpC2sM,Standard,4.5,0.0,
EeaAwhTt348,Standard,7.5,7.0,
wetctJZvuyE,Standard,-1.0,-1.0,
ZUPZEJ5n6tY,Standard,2.5,0.0,
f0RGpK0UoMI,Standard,3.5,0.0,
SONDPXy1tsc,Standard,5.0,0.0,
IbPwQDbCT78,Standard,8.5,9.0,
z5LStF_w0yo,Standard,8.0,9.0,
GGVGyb9m6H0,Standard,7.8,7.5,
K1uI9gnauys,Standard,3.5,0.0,
U4a0sylNa7s,Reaction,8.0,9.5,
GTWc8kPo_68,Standard,-1.0,-1.0,
68DrdFFmtuA,Reaction,-1.0,-1.0,
79kKnA2fGJY,Standard,5.0,0.0,
MMV9Jq_SD-Y,Standard,7.0,6.0,
QoLCenp9TOY,Standard,4.5,7.5,
i7vVB0EpUmA,Standard,8.5,8.5,
gCnjyDx1NJ8,Standard,5.0,6.5,
wRhoY2EKMyg,Standard,3.5,1.5,
ohmJQrjO6yI,Standard,6.5,4.5,
CRMuHc-9JgA,Standard,5.0,0.0,
xDdTqV90PMk,Reaction,7.5,8.5,
fBuGy8HimK0,Standard,7.0,6.5,
6E0MsHdoz90,Standard,8.5,9.5,
wWUPIvfnfq4,Standard,5.0,0.0,
hhWLep2zjGM,Reaction,8.5,8.5,
PoNbDzHDyhw,Standard,8.5,7.5,
-j-aVrGA9mo,Standard,5.5,7.5,
6pOf1D0WsvU,Standard,-1.0,-1.0,
SEVBpS4aT18,Standard,7.5,6.5,
MWjun8KpHHU,Standard,-1.0,-1.0,
uGxqkwKkTjo,Standard,5.0,0.0,
Fi-4sA8ys-0,Reaction,8.0,9.5,
3rDM9k6zJn8,Standard,5.0,1.0,
8AlSov75Pe4,Standard,-1.0,-1.0,
NgYn2MaZjEo,Standard,-1.0,-1.0,
ccoeK9pLeD8,Reaction,3.5,3.5,
-6NuYVwt96U,Standard,5.0,0.0,
wXxSZuu01js,Reaction,7.8,8.8,
HtGQ42AMZvY,Standard,7.0,0.5,
E1RYoDffm7g,Standard,7.5,6.5,
KtJt6guq-Ag,Reaction,8.0,9.0,
NHU9DyyTnIA,Standard,-1.0,-1.0,
xfo4XzRt8Wg,Standard,8.5,7.5,
C3BCPLsQcJw,Standard,5.0,0.0,
DXxvL0sQfCc,Standard,2.5,0.0,
SFE9rn3O8WQ,Standard,8.5,9.0,
s_4R0bFCgI8,Standard,8.5,8.5,
DLd7Vzmdw7k,Standard,1.5,1.0,
otoyfBytGGU,Standard,8.0,7.5,
CVY7gMCo878,Standard,9.5,9.5,
P1aJQo-XGnk,Standard,5.0,0.0,
-4HCX19DZZ4,Standard,7.5,8.5,
VOvXhgdC7v4,Standard,2.5,0.0,
ydoWkDAsa_E,Standard,5.5,6.0,
iFLioD_yFxE,Standard,6.5,1.5,
9n1Ju5FpKYA,Standard,-1.0,-1.0,
Bt1BZ-LKH5k,Standard,6.0,7.0,
nMUJVliHECk,Standard,5.0,2.5,
0kIIBazL52E,Standard,-1.0,-1.0,
dXUQNx3SJPI,Standard,4.0,2.0,
fOBRvcU3jek,Standard,5.5,7.5,
aCfk3jDxoWw,Standard,8.5,7.5,
ZfKSUekWq1U,Standard,4.0,0.0,
8Mm_CfZP7S0,Standard,-1.0,3.5,
9nxygysiFXY,Standard,7.5,8.5,
EZN35uWaHsw,Standard,7.5,7.0,
415PFj_MQe8,Standard,5.0,7.5,
dBw_6a2RsKY,Standard,4.5,0.0,
nC9Va4tJTac,Standard,-1.0,-1.0,
EmbEGWN6KfM,Standard,-1.0,-1.0,
IrGLIveL6zA,Standard,-1.0,-1.0,
YlhJPVR-N7k,Reaction,5.0,0.0,
lgf2c_Ei5qg,Standard,-1.0,7.5,
3DI-qoXW0wc,Standard,-1.0,-1.0,
TfujQi5QSJA,Standard,-1.0,-1.0,
CAiQCQB0MNc,Standard,-1.0,-1.0,
dPcG8NtJugY,Standard,5.0,0.0,
RF3VkiPQwfM,Standard,5.0,0.0,
eMdKJchiGHA,Standard,-1.0,-1.0,
nxJXbh5a-S0,Standard,5.0,0.0,
0KRpHKjcHn0,Standard,5.0,0.0,
A7XeUWZz58I,Standard,3.5,1.5,
nRzIGU9CJjI,Reaction,2.5,7.5,
d5fnQuUBYbM,Standard,7.8,8.2,
Zz4gp3O0BYg,Standard,6.5,4.5,
KwqDh9OgzZM,Standard,5.0,0.0,
-f_QKAyBq2k,Standard,-1.0,-1.0,
neZclkTpmWc,Standard,-1.0,-1.0,
9QeM_jJB28A,Standard,5.0,0.0,
WWz7MCK4ZZA,Standard,7.5,8.5,
7vrr05Z1ymQ,Standard,8.0,9.0,
p_HV_eJ7XaU,Standard,9.0,9.5,
yYSAW9MrxpY,Standard,5.0,0.0,
LnbnrKM6sgU,Reaction,-1.0,-1.0,
i9FewFM9jIw,Standard,5.0,0.0,
YRxBRwH0DAw,Standard,4.5,0.0,
0Dz25JMbWOs,Standard,9.0,9.5,
o9JEiibMflg,Standard,9.0,9.0,
vvjEQsup2uU,Reaction,8.5,9.0,
m_s8YBYpkv0,Standard,-1.0,-1.0,
iXi9V3arSxE,Standard,-1.0,-1.0,
spnV-_w2a7o,Standard,4.0,7.5,
1tN0FDSCQoY,Standard,5.0,0.0,
1maPqlxdSh8,Standard,7.5,7.5,
VW4Hf5ZYk5s,Standard,5.0,0.0,
4QzSDeQcMMw,Reaction,8.5,9.5,
aIpeipKT2wQ,Standard,-1.0,-1.0,
arEofqG7m-k,Standard,7.5,6.5,
Tz_-1xirGUw,Standard,5.0,0.0,
ZXKBFYSG5CM,Standard,5.0,0.0,
nIQbvpP2NLQ,Standard,5.0,3.5,
F7khKtM59Kw,Reaction,8.5,9.0,
cDCI8AtnKRU,Standard,-1.0,-1.0,
Cyu3-igPNM8,Standard,7.5,8.5,
Utz7gvz-CDw,Standard,7.5,8.5,
HbwoT16t6pk,Standard,-1.0,-1.0,
lhdjrNfbulA,Reaction,-1.0,-1.0,
kmJTG6XAtfU,Reaction,3.5,0.0,
lzZrTcouTDY,Standard,7.5,6.5,
QY_Fxy9yEBs,Standard,-1.0,-1.0,
eGlvWOn9KoA,Reaction,7.5,7.5,
l9S8f81LdQ0,Standard,-1.0,-1.0,
2TNAEUhZSMo,Standard,7.5,8.5,
0CNXdi6S41Q,Standard,-1.0,-1.0,
WxWH6taOS2I,Standard,-1.0,-1.0,
eHT5lcsi3kE,Standard,6.0,6.0,
kfs2UVcXJs4,Standard,-1.0,-1.0,
Px5UL81isb4,Standard,8.5,8.5,
GPdB6q8hcSg,Standard,-1.0,-1.0,
r2cXqVd2xK0,Standard,-1.0,-1.0,
CMbJxQDkjcQ,Standard,-1.0,-1.0,
1mxWdkVD-Bs,Standard,5.0,0.0,
B7kbqzAfL10,Reaction,7.0,6.0,
JFG8r6-Dkh0,Standard,8.5,9.0,
1J1rva1kNsQ,Standard,5.0,0.0,
z47NCUlh4GE,Reaction,-1.0,-1.0,
kOKFbfc_bBQ,Standard,4.5,8.5,
NAKqmSTJVSU,Standard,-1.0,-1.0,
gI6OEGxtzQw,Standard,3.5,0.0,
2y0YfCCZ5DU,Standard,5.0,0.0,
5SK-CLPRNKQ,Standard,6.5,7.0,
IQKFQLTgL3Y,Standard,6.5,0.0,
rP_0769sTAc,Standard,5.0,0.0,
o-Q9a-PX-Kc,Standard,3.5,4.0,
I9P1u7r10aM,Standard,-1.0,-1.0,
CjsiXCi6RW8,Standard,2.5,7.5,
rUy-har5i2c,Standard,7.5,8.5,
dGe-cgCVAiw,Standard,7.0,7.0,
Bby-2ZdIHEs,Standard,-1.0,-1.0,
S5FGs2lo5Dk,Standard,7.0,8.5,
NeOUWgAkDt8,Standard,3.0,0.5,
PFbk0c8PvcA,Reaction,5.0,0.0,
fd-ZpYWth9I,Standard,7.5,8.5,
WMiSe7pKuLs,Reaction,7.8,8.8,
BXovw46QkXU,Standard,2.5,7.5,
FCgR9fQDPpI,Reaction,1.5,7.5,
cDmbQbjDuT8,Standard,-1.0,-1.0,
NEZ1030eaNg,Standard,8.5,9.5,
KXmzWHv8r9A,Reaction,7.5,6.5,
JB_YB4xO99A,Standard,5.0,0.0,
O5U_jguV0As,Reaction,7.5,3.5,
onbA-y2yZO8,Standard,-1.0,-1.0,
xr3EesdSchg,Standard,-1.0,-1.0,
C0CQIlQva4I,Standard,-1.0,-1.0,
0qi5pqkPPBA,Standard,8.5,7.5,
dIys0viXsRw,Reaction,6.5,8.0,
PzEsOQxi3w4,Reaction,7.5,8.5,
oHazWnNQc_Q,Standard,-1.0,-1.0,
jGHGRFtuJNY,Standard,-1.0,-1.0,
XlOoj2DhY4g,Standard,-1.0,-1.0,
YykxhhIityI,Standard,-1.0,-1.0,
eoe_jOywKkM,Standard,-1.0,-1.0,
j95i9DENlbc,Standard,6.5,7.5,
4vTteHiDnoA,Standard,-1.0,-1.0,
-8SaJgJJHuM,Reaction,7.5,8.5,
I23GfWIVXvg,Standard,2.5,0.0,
p9c--sxTTnc,Standard,3.5,0.0,
Odb7xZ5P-4A,Standard,8.5,9.5,
f_i-wXQXmro,Standard,4.5,8.5,
7CkOCAAGOiQ,Standard,8.0,8.5,
mc8dR45i6RE,Reaction,-1.0,-1.0,
h7bBF1RER80,Standard,-1.0,-1.0,
1tNzYFqZIC0,Standard,-1.0,-1.0,
0M3_b83BwR8,Standard,7.5,7.5,
ElJy6Nkg0m0,Standard,7.5,6.5,
4nwCDHY-RhU,Standard,8.5,9.0,
kS-wLSOdezQ,Standard,8.5,9.5,
LtUxmf2Htow,Standard,3.5,6.0,
2m1pHrHLVWE,Standard,7.5,8.5,
rO9mBtq5PXE,Standard,-1.0,-1.0,
YaewNys9wxk,Standard,9.5,9.5,
MHzjw6BIlCM,Standard,8.5,9.5,
7qJOwcrRWa8,Standard,1.0,7.5,
PU0wbw2N8KE,Standard,6.0,7.0,
T7EIHxzIIkA,Standard,-1.0,-1.0,
bvJIJnIUeio,Standard,-1.0,7.5,
ICcvJN558OA,Reaction,7.5,8.5,
boJqqG0ZU0M,Standard,-1.0,-1.0,
f8gVJGv13pI,Standard,6.5,8.5,
hcr2bweD-Q0,Standard,-1.0,-1.0,
oEzEdxuddMU,Standard,-1.0,-1.0,
QX4u8KTmbQQ,Standard,5.0,6.5,
rYPqabM_b3w,Standard,-1.0,-1.0,
WVhLgBSf44o,Standard,6.0,1.0,
qVV6pqlQQlI,Standard,8.5,8.5,
2fd3semtJqI,Standard,6.0,0.0,
dwdolEnI2TU,Standard,4.0,7.0,
ImelQr7XI6M,Standard,7.5,0.0,
qJlBu15CuwM,Reaction,9.0,9.5,
iNFIYG0Wc1o,Reaction,8.5,9.5,
zwvQkn1NgS8,Standard,5.0,0.0,
lcJp1j1o97c,Standard,-1.0,-1.0,
r6e6H2XCEso,Standard,5.0,7.0,
w1MVzaUy9dw,Standard,5.0,0.0,
OeYr_xFc8kY,Standard,5.0,0.0,
Ucp1dI5FcOY,Standard,3.5,7.5,
7DL8w-zm-gQ,Standard,7.5,7.5,
OBEstnWcEUw,Reaction,7.5,7.0,
AemWy6q4Jto,Standard,8.5,8.5,
vI94RKms91Y,Standard,5.0,7.5,
cKBjAti15VQ,Standard,7.0,7.0,
k8tPcDVDhEc,Standard,5.0,0.0,
C_pP6tg28kk,Standard,6.5,4.5,
WD_SOzHqIrc,Standard,9.0,9.0,
Qk9Vft_MbRE,Standard,5.0,4.0,
ejavPGv6vls,Standard,7.5,8.0,
mb2p5on6DN0,Standard,8.5,7.0,
3xr1roIL-co,Reaction,5.0,0.0,
QYhtqwBCbZc,Standard,7.0,8.0,
Pu0xvok60SM,Reaction,7.5,8.5,
ZlTYyvSyus4,Reaction,8.5,8.5,
dSo-giN7nnE,Standard,7.0,6.5,
4l_2D-TUSfk,Standard,6.5,4.5,
Jzh1hizB_MQ,Standard,-1.0,-1.0,
Zu-fKQonAik,Reaction,1.5,0.0,
VL7BOZmvbTU,Standard,4.0,7.5,
lFK-YTRDwlA,Standard,7.5,9.0,
GHXKjWUBLCk,Standard,3.5,0.0,
z0my2AeyrZY,Standard,5.0,0.0,
AnBGrGVHNHA,Standard,-1.0,-1.0,
MgOiOVZ6Qgw,Standard,-1.0,-1.0,
HY22qomVLKk,Reaction,5.0,7.5,
qY36Iawkuqc,Standard,8.0,7.5,
UpO8xeLe51o,Standard,-1.0,-1.0,
H0RA0Q8Cad4,Standard,6.5,7.5,
IuVvm0-9KDs,Standard,-1.0,-1.0,
Xrte797mnuc,Reaction,1.5,1.0,
2tLghGZufYA,Standard,3.5,0.0,
lVyvcYd9wbw,Standard,4.0,0.5,
KFjMCAOvKiQ,Reaction,8.0,8.5,
kMYVKy-aUec,Reaction,8.5,9.0,
hwCcD9e0Aoo,Standard,7.5,0.0,
gyu_mOhz8HQ,Standard,6.5,7.0,
njquG5__E5U,Standard,-1.0,-1.0,
wsKD760htRo,Standard,8.5,8.0,
vi9QC4_vnNs,Standard,6.5,7.5,
M9UpjnWCUG8,Reaction,6.8,4.5,
eB9xrf7ATJA,Standard,-1.0,-1.0,
kDdOfZ8szmQ,Standard,-1.0,-1.0,
1XOC0g1gePA,Standard,9.5,9.5,
AMs8w35bLRU,Standard,7.5,6.0,
xhpH1Cxt3kg,Standard,6.5,3.5,
BzOC1Goq_Mw,Standard,7.5,7.5,
qB-DqFonSow,Reaction,7.5,7.0,
949ZNCAe_Dw,Standard,5.0,0.0,
4go21VZQXqk,Standard,7.0,6.5,
PWu6OpgnwGI,Standard,5.0,0.0,
o4EErZWU2U8,Standard,7.5,7.5,
qh3QXUID72s,Reaction,7.0,8.0,
W9cMGe9cN4s,Standard,-1.0,-1.0,
yZmQOKdL1tA,Standard,8.5,9.0,
wtwwMQCXzzA,Standard,-1.0,-1.0,
3h_JwFMSA6Q,Standard,7.5,8.5,
YmozWa1mnNY,Standard,4.0,7.0,
sCHxrUEI8s4,Standard,1.5,7.5,
hUtw0M1xqH0,Standard,6.8,7.2,
_9pOV0usG_4,Standard,-1.0,-1.0,
t53j1oY_x7g,Standard,-1.0,-1.0,
httTljeG8vM,Standard,7.0,0.0,
0GlEatQH9sk,Standard,7.0,6.5,
UfrEoI1iekk,Reaction,3.0,9.0,
6rKpMz3kW3s,Reaction,7.5,7.0,
8ztvelxBEKw,Standard,-1.0,-1.0,
LiaxB4n32I8,Standard,-1.0,-1.0,
upYky-F2fro,Standard,3.5,0.0,
s35EHq98P3c,Reaction,4.0,0.0,
2LVpmSysotc,Standard,5.0,7.0,
j1BSZXhq_R4,Standard,3.5,1.5,
xZZA6UxrTiU,Reaction,6.5,7.5,
1z8eLZN_GA8,Standard,-1.0,-1.0,
47nqrkA2S5I,Reaction,7.5,8.0,
4YLGhgkx4Rk,Reaction,8.0,9.5,
U8cr5jo4mg4,Standard,2.5,7.0,
2dkCl4pLKOk,Reaction,7.5,8.0,
RKYVB3qlIO4,Standard,8.5,9.5,
p-ppcFAx07Y,Standard,5.0,0.0,
h_j_K-IK_7w,Standard,5.0,0.0,
3FjelDk7PYk,Standard,5.0,0.0,
zMejvwlaQVU,Standard,-1.0,-1.0,
QuRsrAELmoQ,Standard,8.5,9.0,
yByUrEpG4Xg,Standard,8.0,9.0,
cPFHyt6oh7A,Standard,5.0,0.0,
Y1epopDdRrY,Standard,4.5,0.0,
OMVmd8v5o_M,Standard,7.5,8.5,
_MB64lqtl0M,Standard,5.0,0.0,
ZfnRd9Denos,Standard,-1.0,-1.0,
yj94E8G6LbA,Standard,-1.0,-1.0,
byZz6ukJV_g,Standard,-1.0,-1.0,
0jhTRcfvaTA,Standard,3.5,0.0,
cR5nTUQqwZk,Reaction,9.5,9.5,
BJtL_4FjOTM,Standard,6.0,6.0,
qPjtWdlsRxs,Standard,8.5,9.0,
KKMfiPuSCYs,Standard,3.5,0.0,
wzMlG0hqd70,Standard,5.0,0.0,
kgI53oBuJ9U,Standard,8.0,9.0,
9DhXRD-GbP4,Standard,8.5,9.5,
CGCXvUXaFeU,Standard,2.5,7.5,
XlQ0ss66lGM,Standard,-1.0,-1.0,
o7pT-BDWFI0,Reaction,10.0,10.0,
lVTY28wlTEE,Standard,9.0,9.5,
XqWiDIZqc-A,Standard,7.0,8.5,
MhhwDcmi3Sk,Standard,5.0,0.0,
DHdAgAZLAZE,Standard,5.0,0.0,
NpVDWfIDgOE,Standard,7.5,6.0,
kGsC3uu1EQk,Standard,6.5,6.0,
p-A0n_qJwHU,Standard,3.5,0.0,
UMvchWH_jc0,Standard,8.5,7.5,
LepFxwuWfNE,Standard,5.0,0.0,
5ocdshDWkgU,Reaction,4.0,1.0,
bbzHdDpRV4w,Reaction,7.0,8.5,
6N3kdtRMrNw,Reaction,5.0,0.0,
H0Kl4OMkUA8,Standard,7.5,6.0,
ee9i037r5cM,Standard,6.8,7.0,
4Si2nx7cAbs,Reaction,7.5,8.5,
XqlLx-nGtZE,Standard,5.0,1.0,
aGAdaTF6WNg,Reaction,1.0,7.0,
v7hH9Ol31TE,Standard,3.8,1.5,
D2JGi9ZU1XU,Reaction,9.5,9.5,
tA4tgx2DXCU,Standard,5.0,0.0,
HBnPNcDirbI,Reaction,5.0,1.0,
tzIg43y72cQ,Standard,8.5,9.0,
LZwLlLZ7Im8,Standard,6.0,2.5,
DhZyIxUhwBM,Standard,8.5,8.5,
tEJMCFJ8WuQ,Standard,3.5,8.0,
nFIDM4cqbZg,Standard,-1.0,-1.0,
mWe5nCTTOnw,Standard,-1.0,-1.0,
6Fx7PdfN48g,Standard,9.0,8.0,
ML9FmoW0Cuc,Standard,8.0,9.5,
s9OHiMUM0No,Standard,7.0,6.5,
ItChmeJm17k,Standard,5.0,7.0,
fLIdXU4acqE,Standard,-1.0,-1.0,
leyWvtbMjtQ,Reaction,8.5,9.5,
5FTgXXpl5ys,Standard,8.5,8.5,
VwdRrNbjCuo,Standard,5.0,0.0,
giwsD-hlf28,Standard,5.0,0.0,
9euxWMrQ3Uw,Standard,5.0,0.0,
7ILjubp6mzQ,Standard,-1.0,-1.0,
06eB32rFqOM,Standard,7.5,6.5,
YFZsK29Lc7w,Reaction,-1.0,-1.0,
0GRY1_jwqSw,Standard,-1.0,-1.0,
oJjEBOArhsU,Standard,-1.0,-1.0,
sjTKbbp3fWE,Standard,6.0,6.0,
p3DhATCBj1k,Standard,5.0,0.0,
-f81WHhZKOE,Standard,2.5,0.0,
7_2m3ykJbCw,Standard,8.0,8.0,
jK2W3N9huU8,Standard,-1.0,-1.0,
dKn1Ke66zHE,Standard,3.5,2.0,
fr_fQ0uwvno,Standard,-1.0,-1.0,
xoWdE6YPo2I,Reaction,9.5,8.5,
OM0GH_gcdf8,Standard,-1.0,-1.0,
68VK9q7IWYE,Standard,-1.0,-1.0,
koMtt-hI2tk,Standard,9.0,9.5,
-VBPXQ-IOgU,Standard,-1.0,-1.0,
O7iK64UsBUc,Standard,8.5,9.5,
84KGiuK42n4,Standard,7.5,7.5,
BjkHblf5q9E,Standard,7.5,8.0,
Bnh6y_nn_NI,Standard,-1.0,-1.0,
RTuGEUh2SSk,Standard,4.0,0.0,
r9gErLYYoWc,Standard,8.0,9.5,
nOpJi-Ja8DA,Standard,-1.0,-1.0,
8rOO1Kuh410,Reaction,8.5,9.5,
NLJdhFTicVM,Standard,5.0,0.0,
HqFgbklrwcw,Standard,6.5,7.0,
QeaLNIYjunY,Standard,7.5,7.5,
F7t1FOM7s5U,Standard,3.5,0.0,
c_PgpYqA0WU,Standard,7.5,6.5,
_P29cWOEffw,Standard,9.5,9.5,
0I9qSEQPkWo,Reaction,7.5,9.0,
Vg2dGkoufjQ,Standard,5.0,0.0,
vSk012mPSXc,Reaction,8.0,8.5,
Cw2HAJlq908,Standard,5.0,0.0,
3NNoTHPYiTQ,Standard,7.0,6.0,
Qnn8HK8U7O0,Standard,-1.0,-1.0,
pDbIFt_mDS0,Reaction,7.5,6.5,
bmfGfmNTiLg,Standard,5.0,0.0,
p1oVC2CteUo,Reaction,7.0,0.0,
LdOq3xIW_PU,Standard,6.5,0.0,
ERNnBiHgie0,Standard,2.5,0.0,
SWQlUcnkpHc,Standard,7.5,7.5,
52fiCEFuD18,Standard,4.5,0.0,
gkM3qVGLy9A,Standard,5.0,0.0,
Fr7IF41l0qs,Standard,5.0,0.0,
yh3iaOtnHSU,Standard,2.5,7.5,
vBdE8JL9KIY,Standard,2.5,7.5,
1xpY5yJjFeU,Standard,7.5,8.5,
t4JY7e6jLUY,Standard,8.5,9.0,
GggOe-ss5sY,Standard,-1.0,-1.0,
1MP_hF8N2Uw,Standard,8.5,9.0,
ROfH6TlDu7Q,Standard,9.5,7.5,
5NsHGzICPuc,Standard,5.0,0.0,
EaXCcVPxXu4,Standard,-1.0,-1.0,
hYL271TE2Jg,Standard,-1.0,2.0,
pCGCVMlwwcE,Standard,5.0,0.0,
1n8IiQg1Vvw,Standard,7.5,8.0,
DH00PD1rXzU,Standard,3.5,1.5,
vZxHKXMDtYM,Standard,8.0,8.5,
Duj2EIlNpX0,Reaction,8.5,8.5,
7bsNvyY3cTU,Standard,5.0,0.0,
6shlUctFG9A,Standard,3.8,0.0,
ppuLjXhuLmE,Standard,8.5,7.5,
G1QxyHwleEU,Standard,-1.0,-1.0,
IE-SNBDalSQ,Standard,8.5,9.5,
yDjMSSlXBcA,Standard,3.0,7.5,
OZVGKbHBeYI,Standard,-1.0,-1.0,
9vkspHhAov0,Standard,-1.0,-1.0,
CLLG0mQtP94,Reaction,7.5,7.5,
31tAC09muWE,Reaction,-1.0,0.0,
wqbeKj89iJ4,Standard,7.0,8.0,
kOJmasVjdGw,Reaction,4.5,-1.0,
M2DD_249x0M,Reaction,2.5,1.0,
bADAq6Oq6Kw,Reaction,1.5,0.0,
dsd7wG3jjFM,Standard,9.0,9.5,
vB5aYcs9yAw,Reaction,3.5,0.0,
QPp5_9nBUQI,Standard,8.0,8.5,
V2DyQY3XakQ,Standard,7.5,8.5,
k8yY-1gUx1g,Reaction,7.5,8.0,
7cLM5aY6QA8,Standard,2.5,0.0,
pbUyaoH6WNI,Standard,-1.0,-1.0,
AMuDUP-_AnE,Standard,7.5,7.5,
wqzjY_G4TbY,Standard,7.5,8.5,
K7ts5lizo8w,Standard,3.5,7.5,
sk1X3wZVMl4,Reaction,-1.0,-1.0,
xHSqAHpHqLk,Standard,7.5,8.5,
nYv4MsfbPDk,Standard,-1.0,-1.0,
JXmkXvUX5Bk,Standard,3.5,0.0,
tbhTQzRFeIQ,Standard,-1.0,-1.0,
TeT4CXxaEBQ,Standard,6.0,7.0,
oy5h3mUfeAY,Standard,7.0,0.0,
jfmUKkb_dko,Standard,-1.0,-1.0,
uYgdX8PwUHM,Standard,7.5,8.5,
RhIzrVmvBhI,Standard,-1.0,-1.0,
Jso2MDvba34,Reaction,7.5,8.5,
cTQFhXhYE7M,Standard,5.0,0.0,
ywFivZ8FUEY,Standard,8.5,7.5,
ZgyT2reltKo,Reaction,1.5,1.0,
qSwU6FfcPjU,Standard,9.5,9.5,
K2gcON5np0A,Standard,5.0,0.0,
_aq47-hWB8c,Reaction,5.0,0.0,
qR_qi0hTp84,Reaction,8.5,9.5,
2cTASwImGdM,Standard,-1.0,-1.0,
RLDctlpnQw8,Standard,6.8,7.5,
y-vye027Jyw,Standard,7.5,8.5,
6EyQmaeJZOM,Standard,-1.0,-1.0,
N81AYQOPvUo,Standard,-1.0,-1.0,
w8tVVKkxzMs,Standard,6.0,0.0,
X0tsIE-tTD4,Standard,5.5,2.0,
jvui0du571Y,Standard,5.5,0.0,
yTdxUl6GAAw,Reaction,3.5,9.5,
VjZFU4wg0MY,Reaction,7.5,8.5,
yfK-PgjxoXE,Standard,-1.0,-1.0,
0JPR9JB1ohk,Standard,5.0,0.0,
1_O5U82bth8,Standard,6.0,0.0,
PAGksQ68SJ8,Reaction,7.0,8.5,
12OgxTbYhl0,Standard,3.5,0.0,
esfvN4rdIEk,Standard,5.0,0.0,
VEaKkGP5xsw,Standard,7.5,8.5,
81LxbteY2MM,Standard,4.5,8.5,
CgbDfBb72Xc,Standard,-1.0,-1.0,
r7RxMnDnOfg,Standard,-1.0,-1.0,
Sx6-rvBEwU8,Standard,5.0,0.0,
ZL5XM26c84s,Reaction,8.5,8.5,
CIcYO0yucwc,Standard,7.5,6.5,
6bB0MPWNDDU,Standard,-1.0,3.5,
Vbm339MZVbQ,Standard,1.5,8.0,
YEzY61n4Mi0,Standard,7.0,4.0,
ohjj9IRMCVI,Standard,5.0,0.0,
XmtpNKHjN4U,Reaction,-1.0,-1.0,
naYbS2xz7z8,Reaction,7.5,8.5,
x2r3ROsRpS8,Reaction,1.5,6.0,
GsEz0fqw9_E,Standard,-1.0,1.0,
VNCPllF9I68,Standard,-1.0,-1.0,
TT1pZYYeyCg,Standard,5.0,7.5,
v9JmPDOICpM,Standard,-1.0,-1.0,
7T_DvTZQT1w,Standard,-1.0,0.0,
9JwDzNeqoC8,Standard,-1.0,-1.0,
1alhIj9ZVHw,Standard,5.0,0.0,
wXTIkNoGN9Y,Standard,7.5,8.5,
3jHA2ouvzIk,Standard,5.0,0.0,
2PkGBJtmrcU,Standard,7.5,8.0,
QGa_DmzdOVw,Reaction,8.5,9.0,
aYpk79ytOm4,Standard,8.5,8.5,
MeQoyKCrGOs,Reaction,8.5,9.5,
TsfLe2Cb2F0,Reaction,8.5,9.0,
cg7HvsfwvOw,Standard,5.0,0.0,
XWvkXFWUlQk,Reaction,6.0,9.5,
pSHvczamPRk,Standard,-1.0,-1.0,
t9c51uXMxGc,Standard,2.5,0.0,
CRI1FpVJB-w,Standard,5.0,1.0,
72aVpqox7X8,Standard,6.5,2.5,
hKAQ4U-AXNs,Reaction,4.0,8.0,
6UHeagWxHqE,Reaction,5.0,7.0,
bsgbMyzjB98,Standard,-1.0,3.0,
ZHU8dSZ1ZEk,Standard,2.5,0.0,
GY9r2bHS5FE,Standard,6.5,4.5,
tBUQo-LFRjM,Reaction,7.5,8.5,
1Trlg8UIrrk,Standard,3.5,2.0,
0B1GHnZf4kY,Standard,4.0,6.5,
JAvsP3RyRYo,Reaction,7.5,8.5,
XckDWssm58A,Standard,-1.0,-1.0,
_d2wtsNoQbI,Standard,6.0,2.0,
O_To5dYUhVA,Standard,-1.0,-1.0,
sIGmaay6KZA,Standard,7.5,4.5,
PLNcoM-O_EQ,Standard,-1.0,-1.0,
Bbk_0QkBmDM,Standard,5.0,0.0,
OaN3ch0nZQk,Reaction,-1.0,-1.0,
k98WHh_MfJ0,Standard,-1.0,-1.0,
aA-I2blGyiI,Standard,4.5,0.0,
2rbGa0mg9nY,Standard,-1.0,-1.0,
owky6Tp1kUU,Standard,9.5,9.0,
VqnwHILvFss,Standard,7.0,5.5,
xMUTC86jjMk,Reaction,7.0,8.0,
3HtYlyG08kk,Standard,8.0,0.0,
3SFgRQnZe0Y,Standard,2.5,2.0,
P7XcUSmcZ2M,Standard,5.0,3.5,
9DTvsZiGCdk,Standard,-1.0,-1.0,
55VKw3NLFVk,Standard,-1.0,-1.0,
GTUuXGrKjtg,Standard,9.5,9.5,
qVth0YCeWXA,Standard,-1.0,-1.0,
JWhsl83XFgk,Reaction,8.5,9.5,
_S9jbe0kMrE,Standard,-1.0,2.0,
3d2HTmJlwC4,Reaction,5.5,6.0,
AzMGJ9gtJaA,Standard,7.5,8.5,
8lTtGo89Qg8,Reaction,7.0,3.5,
g2SD3IWfsvw,Reaction,2.5,0.0,
Jdo9YfhHn1w,Reaction,-1.0,-1.0,
7ZEyJLsFjeQ,Standard,2.5,1.5,
oFQA2IwDS-M,Standard,3.5,0.0,
0iAWWDBv8Es,Standard,2.5,4.0,
3LD2gu2VsZU,Standard,7.5,8.5,
T78az3dUOoA,Standard,8.5,8.5,
ysHsC4MAxQc,Standard,-1.0,-1.0,
LhprMx7XhKs,Standard,9.5,9.5,
vB7ba58VwOI,Standard,-1.0,-1.0,
aUVRgHzP3SE,Standard,-1.0,-1.0,
bUI651bpTM0,Standard,-1.0,-1.0,
r3EE908buZ8,Standard,7.5,8.5,
8Gz3YD3xq90,Standard,6.5,6.0,
NX_aNn8IyHk,Standard,7.5,9.0,
CdJ-78RCHyk,Standard,8.5,9.0,
lB5vlDOn3qo,Standard,-1.0,-1.0,
0qNqCJP-c-0,Standard,-1.0,-1.0,
tLGt9OBlbGc,Standard,-1.0,-1.0,
uxTVfuHmOtk,Standard,8.0,9.0,
mq6ShV170wk,Standard,5.0,0.0,
5qZfN4UEmgE,Standard,-1.0,-1.0,
bG1PFAvun8Y,Reaction,7.5,8.5,
uxhBDDSYfns,Standard,-1.0,-1.0,
_Qi_oNO_EHk,Standard,5.0,0.0,
j-ROfMGNPp8,Standard,3.5,0.0,
5s7ATlNB4r8,Standard,-1.0,-1.0,
bb0KCqj1tB8,Reaction,-1.0,-1.0,
Oii7lCzVBjM,Standard,2.5,1.5,
KIsHBROJLHA,Standard,1.5,7.5,
49VCyDSd-m0,Standard,-1.0,-1.0,
U-TaLP3CliA,Standard,7.5,1.0,
SCzGaaiVeac,Standard,8.5,8.5,
KEurDw8jWO0,Standard,7.5,7.5,
RLoYFlZZU4E,Standard,1.5,7.5,
8UfbAbATryA,Reaction,2.5,7.5,
-8Mxj_ZniPU,Reaction,7.5,5.5,
6_U98s0IjDA,Standard,5.0,0.0,
rvxGHzkC7XE,Reaction,3.5,6.5,
ecpGJDarMEo,Standard,6.5,3.5,
BsDHZnW1iWQ,Standard,-1.0,-1.0,
lfhVWZ_cXqA,Standard,-1.0,-1.0,
GYfYAwILdc4,Reaction,1.0,8.0,
PrutO9-axrg,Reaction,7.5,9.5,
3wtGv8NFunM,Standard,5.0,3.5,
2eUnuPgE078,Standard,-1.0,-1.0,
QUN-49Iu2so,Standard,-1.0,-1.0,
nu83vH556yM,Standard,4.0,7.0,
KbpL_awj0mI,Standard,7.5,7.5,
hbAHE5L73w4,Standard,0.5,7.0,
