channel_id,channel_title,is_german,subscribers,eligible_current_analysis,channel_created_at,first_observed_video_date,first_identification_video_date,channel_type,issue_missing_language_classification,issue_missing_channel_metadata,issue_missing_first_observed_video,issue_missing_identification_date,issue_identification_before_first_observed,issue_observed_before_channel_creation
UC-2X_zyihO6Rci7_c1OEpew,,0,,False,,,,unclassified_missing_dates,False,True,True,True,False,False
UC-3jIAlnQmbbVMV6gR7K8aQ,,0,,False,,2022-11-13T00:00:19Z,,unclassified_missing_dates,False,True,False,True,False,False
UC-4hANxbQIJRHou2xElTKbg,,1,,,,,,unclassified_missing_dates,False,True,True,True,False,False
UC-5SBfAf180QoMljBUcZXRA,,0,,False,,,,unclassified_missing_dates,False,True,True,True,False,False
UC-6xx83XBwlIBuzI7D-WIcw,,0,,False,,,,unclassified_missing_dates,False,True,True,True,False,False
UC-7U4GM--arDeL-4QB7_27w,,0,,False,,,,unclassified_missing_dates,False,True,True,True,False,False
UC-9qG8HJQy0Qy0vdHmkUvkg,,0,,False,,,,unclassified_missing_dates,False,True,True,True,False,False
UC-A4MnpDhvy1E2C0WCewYVA,,0,,False,,,,unclassified_missing_dates,False,True,True,True,False,False
UC-A8QairGTHaL6yKV-nTnRQ,,1,,,,,,unclassified_missing_dates,False,True,True,True,False,False
UC-ATGFoeuCtnc6Bbw8qzySw,,1,,,,,,unclassified_missing_dates,False,True,True,True,False,False
UC-AZcNRFE2LLpcKRwpLvLCg,,1,,,,,,unclassified_missing_dates,False,True,True,True,False,False
UC-BKx02n0oQ3H808WyqhVZw,Initiative der Veranstaltungswirtschaft e.V.,1,68,False,2020-10-08T16:36:59Z,,,unclassified_missing_dates,False,False,True,True,False,False
UC-CD5E3ck9aqzIrUGZt83-Q,,1,,,,,,unclassified_missing_dates,False,True,True,True,False,False
UC-CifLdq7HKndIFSR1d6LOQ,,0,,False,,,,unclassified_missing_dates,False,True,True,True,False,False
UC-Ck_ruXzZbGfvTYIYF1EzQ,A. N.,1,24,False,2013-08-19T20:58:21Z,,,unclassified_missing_dates,False,False,True,True,False,False
UC-D7SYcwsbA0iNvH4O-Dpiw,DaNiNi,1,1850,False,2021-12-31T16:28:06Z,2022-10-07T08:02:48Z,,unclassified_missing_dates,False,False,False,True,False,False
UC-DIDPxm8LIEBjutYRkA_AA,,1,,,,,,unclassified_missing_dates,False,True,True,True,False,False
UC-DRrskKWhYA7-0wtygRaHA,RS InfoNews1,1,6030,False,2021-02-05T14:56:15Z,2022-10-16T22:58:33Z,,unclassified_missing_dates,False,False,False,True,False,False
UC-Ea0z3cAiEnIA9UpN_cp1A,,0,,False,,,,unclassified_missing_dates,False,True,True,True,False,False
UC-GnjuT2JCEzJQcnDnbnhEg,,1,,,,,,unclassified_missing_dates,False,True,True,True,False,False
UC-H3MJoxGP1knuAF6EXDnJw,,0,,False,,,,unclassified_missing_dates,False,True,True,True,False,False
UC-Hta24dlLr1JUa4ohIL46w,,1,,,,,,unclassified_missing_dates,False,True,True,True,False,False
UC-IshgLAnJVsjYKNVcrmpAQ,Ezidische Fakten,1,2270,False,2015-01-22T19:18:03Z,2022-11-12T21:10:21Z,,unclassified_missing_dates,False,False,False,True,False,False
UC-JQAuWEKGlHUYHSQV7eOAw,,0,,False,,,,unclassified_missing_dates,False,True,True,True,False,False
UC-LATHNfSKi1nF7GkeehyFA,Wirtschaftsjunioren Bodensee Oberschwaben,1,21,False,2016-03-11T07:24:36Z,2022-10-15T17:03:36Z,,unclassified_missing_dates,False,False,False,True,False,False
UC-LF4kRAQ95-MuZvnum6UdQ,,1,,,,,,unclassified_missing_dates,False,True,True,True,False,False
UC-LYYRK_2idGSjjse17rJWg,,0,,False,,,,unclassified_missing_dates,False,True,True,True,False,False
UC-MOV9umDhRL-fjIjs_Q8HQ,,1,,,,2023-11-10T23:22:14Z,,unclassified_missing_dates,False,True,False,True,False,False
UC-Mhg7AxB1lDXzJ8D_I4UwA,,0,,False,,,,unclassified_missing_dates,False,True,True,True,False,False
UC-MsH7CKtoqVSfd5HG366Pw,,0,,False,,,,unclassified_missing_dates,False,True,True,True,False,False
UC-NoSW9RLh9jU-Km3jFsomw,,1,,,,,,unclassified_missing_dates,False,True,True,True,False,False
UC-O9umZ2UMcTKT6zPb3vp7g,Schrumpfkopf Upload,1,42,False,2019-03-13T13:23:55Z,2022-10-07T02:51:30Z,,unclassified_missing_dates,False,False,False,True,False,False
UC-OyaBNipNseo-ct_pKGSkA,,0,,False,,,,unclassified_missing_dates,False,True,True,True,False,False
UC-PD-mxzFcJEYRHWRXfhIvA,Landespflegekammer Rheinland-Pfalz,1,185,False,2015-05-29T14:45:10Z,2022-12-01T10:33:55Z,,unclassified_missing_dates,False,False,False,True,False,False
UC-PLw6QzleZM2nImiet2Frw,,1,,,,,,unclassified_missing_dates,False,True,True,True,False,False
UC-PcqfpmEEYEwEQkRPfpeew,,0,,False,,2023-12-13T15:02:07Z,2023-12-13T15:02:07Z,first_active_after_reference,False,True,False,False,False,False
UC-QVFOQMch-mb_kg2ZEupoA,,0,,False,,,,unclassified_missing_dates,False,True,True,True,False,False
UC-QrdYeyiXZcQowDqZpR1og,,0,,False,,,,unclassified_missing_dates,False,True,True,True,False,False
UC-R7u1mDeW2OJMnSzcmaTzw,DBSchenkerAT,1,164,False,2011-10-25T10:42:28Z,2022-11-09T08:03:30Z,,unclassified_missing_dates,False,False,False,True,False,False
UC-RGCs0HKKTcZYHCeqUffJw,,0,,False,,,,unclassified_missing_dates,False,True,True,True,False,False
UC-TKBHpDimRuTtd220JCUUw,MaccArena7T7,1,494,False,2012-09-28T16:01:44Z,2022-11-11T14:32:49Z,,unclassified_missing_dates,False,False,False,True,False,False
UC-TwPFBwri02jW2iHWzyY5w,,0,,False,,,,unclassified_missing_dates,False,True,True,True,False,False
UC-U3-eIfEaCIGWDkcUrAYOA,,1,,,,,,unclassified_missing_dates,False,True,True,True,False,False
UC-UHH8W2dx1dQG_ojUh0ejA,,0,,False,,,,unclassified_missing_dates,False,True,True,True,False,False
UC-UHXwX8R8ToKn8JOth9jdw,,1,,,,,,unclassified_missing_dates,False,True,True,True,False,False
UC-Ub3a2iev2RnsS21Dyi8jw,Dietmar Späth - Baden Baden,1,26,False,2022-02-22T10:29:10Z,,,unclassified_missing_dates,False,False,True,True,False,False
UC-WJ3RzGbRhJz8_1nthLOuA,,0,,False,,,,unclassified_missing_dates,False,True,True,True,False,False
UC-XV0haaow-6ifxqqcNc0PA,,0,,False,,,,unclassified_missing_dates,False,True,True,True,False,False
UC-YdMR2OIpli8xzwNKsThvQ,FlossenTV - ZeitReisen,1,3160,False,2017-11-15T21:42:23Z,2022-10-13T16:00:20Z,,unclassified_missing_dates,False,False,False,True,False,False
UC-Yz9wL4sqVZXxnDN-ZX3Zg,,0,,False,,,,unclassified_missing_dates,False,True,True,True,False,False
UC-ZzBfi_y9E72HUqc7In9vg,,0,,False,,,,unclassified_missing_dates,False,True,True,True,False,False
UC-_2zW5T6yYcRne88kGz4cw,,0,,False,,,,unclassified_missing_dates,False,True,True,True,False,False
UC-_o17lJyhyhDWjU0SF4_Qg,,1,,,,,,unclassified_missing_dates,False,True,True,True,False,False
UC-b7btVeIrjzd75JNAIN8DA,Nordkirche,1,2390,False,2017-01-26T09:00:44Z,2022-11-20T09:00:10Z,,unclassified_missing_dates,False,False,False,True,False,False
UC-bAZbuMpmYep-TV0E62tgQ,Lutz Knoche,1,40,False,2017-04-22T14:24:26Z,,,unclassified_missing_dates,False,False,True,True,False,False
UC-c0ws7jJRtOwONLNMqIA8w,,1,,,,,,unclassified_missing_dates,False,True,True,True,False,False
UC-cKt4B7A0JyQnEtjIb7msA,,0,,False,,,,unclassified_missing_dates,False,True,True,True,False,False
UC-chqi3Gpb4F7yBqedlnq5g,,0,,False,,,,unclassified_missing_dates,False,True,True,True,False,False
UC-cvpI5CcI3uZUZ9kO0YERw,AfD Hamburg,1,3630,False,2013-08-24T23:23:05Z,2022-12-15T13:01:45Z,,unclassified_missing_dates,False,False,False,True,False,False
UC-cxejMAK3D3DizhiHU7wTw,Michael “Murphy” Müller,1,70,False,2013-02-16T21:48:53Z,2023-07-17T09:34:40Z,,unclassified_missing_dates,False,False,False,True,False,False
UC-e-CFiPro6blUF0EqNyu3Q,,0,,False,,,,unclassified_missing_dates,False,True,True,True,False,False
UC-eA1-DspexzNbcHGC7jvTw,,0,,False,,,,unclassified_missing_dates,False,True,True,True,False,False
UC-eegKVWEgBCa4OzjnK_PtA,,0,,False,,,,unclassified_missing_dates,False,True,True,True,False,False
UC-efo1vgbhyn1I-iwMDWejg,,1,,,,,,unclassified_missing_dates,False,True,True,True,False,False
UC-exF6J1v8f-e52zgTtNTXA,,0,,False,,,,unclassified_missing_dates,False,True,True,True,False,False
UC-fRqOTYjHLrxv9usE0f8hw,,0,,False,,,,unclassified_missing_dates,False,True,True,True,False,False
UC-gSFqPTfXzxXGo-F_ce50Q,,0,,False,,,,unclassified_missing_dates,False,True,True,True,False,False
UC-gzYgC042UGyqtWZrz4WAQ,,0,,False,,,,unclassified_missing_dates,False,True,True,True,False,False
UC-h_GVWc9uHRzyLFJtiTwgw,,0,,False,,,,unclassified_missing_dates,False,True,True,True,False,False
UC-ig8NFzMN-E1L96lHI7ogA,,0,,False,,,,unclassified_missing_dates,False,True,True,True,False,False
UC-k1QnaQ_SyxLImTrRj8IYw,,0,,False,,,,unclassified_missing_dates,False,True,True,True,False,False
UC-k9X92PLSKHgchuIPEtPbw,,0,,False,,,,unclassified_missing_dates,False,True,True,True,False,False
UC-kVrKsoOIE0iHyUVqDmQaw,,1,,,,,,unclassified_missing_dates,False,True,True,True,False,False
UC-lF0xbSa3nKIbE_x89TGBA,,0,,False,,,,unclassified_missing_dates,False,True,True,True,False,False
UC-lNwN_Rj2tROWlNLVj9uyA,,0,,False,,,,unclassified_missing_dates,False,True,True,True,False,False
UC-luPza8viGw0Cegr-AuxlA,,1,,,,,,unclassified_missing_dates,False,True,True,True,False,False
UC-nDa6eoeSk8xeb5UnNVp5g,,0,,False,,,,unclassified_missing_dates,False,True,True,True,False,False
UC-pdRuwbKZdDrGAPW3DJcEA,Nur mal so zum Wissen,1,1200,False,2021-05-18T10:40:04Z,2022-10-13T07:00:02Z,,unclassified_missing_dates,False,False,False,True,False,False
UC-puphhPe5xCF5yC1LZI3ow,,0,,False,,,,unclassified_missing_dates,False,True,True,True,False,False
UC-q-_J-W7XF9mzfOYircvgg,Günther Schmitz,1,27,False,2011-01-01T15:44:36Z,,,unclassified_missing_dates,False,False,True,True,False,False
UC-qRqLG1OrsT5Pu6ACSfgbg,,1,,,,,,unclassified_missing_dates,False,True,True,True,False,False
UC-sosyO4iBqzST_Vdw3M6Gw,,1,,,,,,unclassified_missing_dates,False,True,True,True,False,False
UC-tSJco8mdiUUOH7AAF2lDA,,1,,,,,,unclassified_missing_dates,False,True,True,True,False,False
UC-tpNbSCENIAiXVcG3Rj-GQ,,0,,False,,,,unclassified_missing_dates,False,True,True,True,False,False
UC-w52yGX0-DQBY_am7X9M8w,Stadt Warendorf,1,844,False,2012-04-26T14:27:46Z,2022-10-26T14:56:46Z,,unclassified_missing_dates,False,False,False,True,False,False
UC-wpYmSefSYChfqGqNa9EmA,,0,,False,,,,unclassified_missing_dates,False,True,True,True,False,False
UC-yL-y71_0g_u5DwslQf97A,,0,,False,,,,unclassified_missing_dates,False,True,True,True,False,False
UC-zVytOQB62OwMhKRi0TDvg,,0,,False,,,,unclassified_missing_dates,False,True,True,True,False,False
UC0-2gSS_nGVWd_jO9mabWig,Volkmar Alswede,1,378,False,2006-09-18T16:52:38Z,2023-08-06T21:03:11Z,,unclassified_missing_dates,False,False,False,True,False,False
UC0-ryW7FleaOh7uilmOkdmg,BEST OF FOUND THIS,1,1440,False,2006-09-29T21:51:58Z,2022-12-15T22:33:23Z,,unclassified_missing_dates,False,False,False,True,False,False
UC016ZIKMCNAk9rGgKWGJt-w,,0,,False,,,,unclassified_missing_dates,False,True,True,True,False,False
UC01fJkUv8ISaF12e2YOQuLw,,0,,False,,,,unclassified_missing_dates,False,True,True,True,False,False
UC02hNfQXloOmmteDQAk3mCg,,1,,,,,,unclassified_missing_dates,False,True,True,True,False,False
UC03yVkpEQecteSLuXDao4Cw,,0,,False,,,,unclassified_missing_dates,False,True,True,True,False,False
UC04-cLxdsTkyJ4bsRRrqdtQ,,0,,False,,,,unclassified_missing_dates,False,True,True,True,False,False
UC041TLgmt8_NFZcdk86Elbg,,0,,False,,,,unclassified_missing_dates,False,True,True,True,False,False
UC04byog6M5PIp0ua3LsvLMQ,,1,,,,,,unclassified_missing_dates,False,True,True,True,False,False
UC04x3z8hfN5BAYae27vf46w,,0,,False,,2023-12-22T10:02:44Z,2023-12-22T10:02:44Z,first_active_after_reference,False,True,False,False,False,False
UC07obEUk41ln4UeamTSwFGQ,,1,,,,2023-10-29T18:30:09Z,,unclassified_missing_dates,False,True,False,True,False,False
UC08IWzXwqGFg-My8fZReGhA,,0,,False,,,,unclassified_missing_dates,False,True,True,True,False,False
UC090VLwJwG41uqw4MwQvqWw,,0,,False,,,,unclassified_missing_dates,False,True,True,True,False,False
UC09AZ7V6NtcHk3vi6otJ-OQ,,0,,False,,,,unclassified_missing_dates,False,True,True,True,False,False
UC09iWrNI8utbCtDzQ7tbElw,,0,,False,,,,unclassified_missing_dates,False,True,True,True,False,False
UC09lzvuTr974DgwzkjByTYQ,,0,,False,,,,unclassified_missing_dates,False,True,True,True,False,False
UC0A-NQ9eMt14u9V2HMh8itw,,0,,False,,,,unclassified_missing_dates,False,True,True,True,False,False
UC0BiHq5BH02NVmggfW2ZpYQ,,0,,False,,,,unclassified_missing_dates,False,True,True,True,False,False
UC0BkQZ7kgPTzMEzFmr727yA,,0,,False,,,,unclassified_missing_dates,False,True,True,True,False,False
UC0E7-2s5-HOyZbWokalAhQA,,1,,,,,,unclassified_missing_dates,False,True,True,True,False,False
UC0EVLLsMYM3vnRwrPTtMXag,,1,,,,,,unclassified_missing_dates,False,True,True,True,False,False
UC0F0tioCLUCkup_sn9yhvaQ,,0,,False,,,,unclassified_missing_dates,False,True,True,True,False,False
UC0F73I7Z13ozN7CVr_g5qFg,,0,,False,,,,unclassified_missing_dates,False,True,True,True,False,False
UC0G-iVamgfIhs2ZUiGS6Jvg,,1,,,,,,unclassified_missing_dates,False,True,True,True,False,False
UC0HRR1JgUUD0ueiHDHHMOQQ,,0,,False,,,,unclassified_missing_dates,False,True,True,True,False,False
UC0IDzQ9RqvciaMy5wv90Vhw,,0,,False,,,,unclassified_missing_dates,False,True,True,True,False,False
UC0KQq4C7d3xECzJdqCFD5dA,,1,,,,,,unclassified_missing_dates,False,True,True,True,False,False
UC0KrzPkze4b3QGJ9ZGVtsaQ,,0,,False,,,,unclassified_missing_dates,False,True,True,True,False,False
UC0LJfqpzEAJQV_BXTTHO5wA,,0,,False,,,,unclassified_missing_dates,False,True,True,True,False,False
UC0MWJUApeuUxrWgAwRaODdA,,0,,False,,,,unclassified_missing_dates,False,True,True,True,False,False
UC0MZMXQqYykUOkQ5YaaAhlg,Repräsentanz Transparente Gebäudehülle,1,19,False,2021-05-21T12:37:20Z,2023-01-04T14:49:22Z,,unclassified_missing_dates,False,False,False,True,False,False
UC0Ng_08O-8QLiDBkyD8REww,,0,,False,,,,unclassified_missing_dates,False,True,True,True,False,False
UC0Nk-kgedy98tRJu6L5d66w,,0,,False,,,,unclassified_missing_dates,False,True,True,True,False,False
UC0NpZ5EpruYWWL2R3A82piA,,0,,False,,,,unclassified_missing_dates,False,True,True,True,False,False
UC0OLb_Kowk0zfv_jXSjEmcA,Rosenheim24,1,4920,False,2011-08-17T06:22:42Z,2022-10-24T22:00:29Z,,unclassified_missing_dates,False,False,False,True,False,False
UC0OorZ_Usj8hhZ1zAtp87Ww,,0,,False,,,,unclassified_missing_dates,False,True,True,True,False,False
UC0PjWfuMlnh97k7JI2fi4Vw,,1,,,,,,unclassified_missing_dates,False,True,True,True,False,False
UC0Ryd_7dDX_yLCMBNAtmPIA,,0,,False,,,,unclassified_missing_dates,False,True,True,True,False,False
UC0Sg7_k58VHEuAllYerCKSA,VdW Rheinland Westfalen,1,29,False,2014-12-01T14:12:36Z,2023-03-09T12:54:52Z,,unclassified_missing_dates,False,False,False,True,False,False
UC0UCyP6smm9WIuP56TADOpQ,,0,,False,,,,unclassified_missing_dates,False,True,True,True,False,False
UC0V7M4a7su-FezLy070v7sw,IT-Fun,1,6,False,2021-06-07T16:43:51Z,2023-01-28T11:00:17Z,,unclassified_missing_dates,False,False,False,True,False,False
UC0VZgMXxazZnpn47diPDzCA,,0,,False,,,,unclassified_missing_dates,False,True,True,True,False,False
UC0XjargJFfIMUkPwD94q3jQ,,0,,False,,,,unclassified_missing_dates,False,True,True,True,False,False
UC0YB8qdmHA3oAqoAZHWDJ2g,,0,,False,,,,unclassified_missing_dates,False,True,True,True,False,False
UC0YfxinZgo6NM9F3fpQ0ceg,,0,,False,,,,unclassified_missing_dates,False,True,True,True,False,False
UC0YiX-p6Q5VU982114Zcz0w,,0,,False,,,,unclassified_missing_dates,False,True,True,True,False,False
UC0_fifI2SCEmNNVYhgo7QdA,,1,,,,,,unclassified_missing_dates,False,True,True,True,False,False
UC0c2y3MWeDz-ClGpvUhzQ8w,,0,,False,,,,unclassified_missing_dates,False,True,True,True,False,False
UC0dFhuZe8DVLMs5x4aCKLVg,,0,,False,,,,unclassified_missing_dates,False,True,True,True,False,False
UC0du6sYWJme7qFUXCWKLqMA,,1,,,,,,unclassified_missing_dates,False,True,True,True,False,False
UC0eEVwy1l_E16we4e4Gr-ig,,1,,,,,,unclassified_missing_dates,False,True,True,True,False,False
UC0en6rKJ4gslWU23ds84YBg,SPD-Fraktion Niedersachsen,1,60,False,2016-09-16T10:01:51Z,2026-03-18T13:40:51Z,,unclassified_missing_dates,False,False,False,True,False,False
UC0fTBy722Ixtn0yUHNXzvhA,,0,,False,,,,unclassified_missing_dates,False,True,True,True,False,False
UC0h_mxbYl2CzZPR-F1acBmw,,1,,,,,,unclassified_missing_dates,False,True,True,True,False,False
UC0i9_dNHK8VoAqD69v_b3og,,0,,False,,,,unclassified_missing_dates,False,True,True,True,False,False
UC0is6PaEFntROFR3Js6cdRw,,1,,,,,,unclassified_missing_dates,False,True,True,True,False,False
UC0j0FCppk0V0C_hUYB2IfeQ,,1,,,,,,unclassified_missing_dates,False,True,True,True,False,False
UC0kZLteDEapjb0ZfAGGWhDw,,1,,,,,,unclassified_missing_dates,False,True,True,True,False,False
UC0lQLu7VcNWWRi5H0OUqc3A,,0,,False,,,,unclassified_missing_dates,False,True,True,True,False,False
UC0mCTPjzHhgYSrGqd_FPmhQ,,0,,False,,,,unclassified_missing_dates,False,True,True,True,False,False
UC0mFukwrJyzBOhadBQi1lmQ,,0,,False,,,,unclassified_missing_dates,False,True,True,True,False,False
UC0nDaMRcqXnUH97cNpCDXNw,Liste Lebenswerte Ortenau - LiLO,1,40,False,2020-06-21T13:58:33Z,2022-11-03T17:31:26Z,,unclassified_missing_dates,False,False,False,True,False,False
UC0nKN9kESBaDkDuNt0TW6hQ,,0,,False,,,,unclassified_missing_dates,False,True,True,True,False,False
UC0n_eLFiW2cCJ_24TSn9DjA,,0,,False,,,,unclassified_missing_dates,False,True,True,True,False,False
UC0pmTwQ2cCNUV7HFhXtaVzg,,0,,False,,,,unclassified_missing_dates,False,True,True,True,False,False
UC0rQXIf8dg_aInL4EdQNeHQ,,0,,False,,,,unclassified_missing_dates,False,True,True,True,False,False
UC0sUO6MEE5ClO0tvA8_6lQQ,,1,,,,,,unclassified_missing_dates,False,True,True,True,False,False
UC0szKxYSWpVgErP046ogjdg,Joker,1,6,False,2011-10-01T12:36:05Z,2022-10-22T09:11:30Z,,unclassified_missing_dates,False,False,False,True,False,False
UC0ulWmpb5zyPsDh-M4Ck_gQ,,0,,False,,,,unclassified_missing_dates,False,True,True,True,False,False
UC0w1hmh_a6sDrEAF8e5PM5w,,0,,False,,,,unclassified_missing_dates,False,True,True,True,False,False
UC0wSls7JtKDIiqRyJJS51Ww,Waldemar Herdt Offiziell,1,387,False,2020-09-16T09:55:55Z,,,unclassified_missing_dates,False,False,True,True,False,False
UC0wywpJze-j6a5SBd4e_M9A,Niederdeutschsekretariat,1,537,False,2019-12-19T13:38:30Z,2022-11-16T17:43:48Z,,unclassified_missing_dates,False,False,False,True,False,False
UC0xXTSPB3p9402_aIhDStWw,,1,,,,,,unclassified_missing_dates,False,True,True,True,False,False
UC0xaMj2hyp6hXT1W1vRnk-g,,0,,False,,,,unclassified_missing_dates,False,True,True,True,False,False
UC0xjGrNcFEJjlq64QfuC_Zw,,1,,,,,,unclassified_missing_dates,False,True,True,True,False,False
UC0zCqlq49R3yhoEta7H1uXw,,0,,False,,,,unclassified_missing_dates,False,True,True,True,False,False
UC0zUtcba5UJqrmJuTtJomsw,,0,,False,,,,unclassified_missing_dates,False,True,True,True,False,False
UC0zX4f2noTXFjKrm9va6K6Q,,1,,,,,,unclassified_missing_dates,False,True,True,True,False,False
UC12CAHGZvX9k40Ulkoln2yQ,DIE LINKE. in der Regionsversammlung Hannover,1,0,False,2020-12-28T15:28:19Z,,,unclassified_missing_dates,False,False,True,True,False,False
UC12cpBcExRzgkh7abbelwew,CDU Rhein-Berg,1,7,False,2020-08-22T12:25:31Z,2022-12-24T13:18:49Z,,unclassified_missing_dates,False,False,False,True,False,False
UC12dhEoo6XghL_0UoiPA8EQ,,0,,False,,,,unclassified_missing_dates,False,True,True,True,False,False
UC12qofaZJ9KRakPE_p_Gq-A,,1,,,,,,unclassified_missing_dates,False,True,True,True,False,False
UC13AQYiIs6zLd-Qzt6k5OEA,,1,,,,,,unclassified_missing_dates,False,True,True,True,False,False
UC13Lovw_GkNNk3S3Q-XYMww,,0,,False,,,,unclassified_missing_dates,False,True,True,True,False,False
UC14hksGNKLU5Ny8c145cuzw,,0,,False,,,,unclassified_missing_dates,False,True,True,True,False,False
UC15MaUjxwpfLMS5YT-8sWUA,,0,,False,,,,unclassified_missing_dates,False,True,True,True,False,False
UC15VMNY8KCHsPUDTuv2PEQw,,0,,False,,,,unclassified_missing_dates,False,True,True,True,False,False
UC15i2LXh3En2ukgNt5LHs5g,FirmenAkte,1,1990,False,2012-06-14T20:17:07Z,,,unclassified_missing_dates,False,False,True,True,False,False
UC15z6FsWn_DFTNBqhqn7ZXg,,0,,False,,,,unclassified_missing_dates,False,True,True,True,False,False
UC183k0W5D4BKy_j27h1-eDg,,0,,False,,,,unclassified_missing_dates,False,True,True,True,False,False
UC18bbFE5UvSgC1hCd1qo6qA,,0,,False,,,,unclassified_missing_dates,False,True,True,True,False,False
UC18hrs2AJV7YfRe0NG23_gQ,,1,,,,,,unclassified_missing_dates,False,True,True,True,False,False
UC19LQVKPymMFnkh8ThHu85A,,1,,,,,,unclassified_missing_dates,False,True,True,True,False,False
UC19VUKdL5qcyaC-Oc34pYcw,,1,,,,,,unclassified_missing_dates,False,True,True,True,False,False
UC19h1H8sAwJZpqQLQLAoMBQ,,0,,False,,,,unclassified_missing_dates,False,True,True,True,False,False
UC19lE46BUraLSBWSpyBdONA,,0,,False,,,,unclassified_missing_dates,False,True,True,True,False,False
UC1ACplDgZW0goEnEKPk79gQ,,0,,False,,,,unclassified_missing_dates,False,True,True,True,False,False
UC1B3S7CKFiRvpZEDI1iUPyg,,0,,False,,,,unclassified_missing_dates,False,True,True,True,False,False
UC1B4fVSEgKK5Vgj2J8FM60w,,0,,False,,,,unclassified_missing_dates,False,True,True,True,False,False
UC1BWYP6GuFYohBUrQBZIOJw,Sarah Philipp,1,24,False,2016-01-27T13:32:28Z,,,unclassified_missing_dates,False,False,True,True,False,False
UC1BoFlGLctLEblz9ONxks5Q,,1,,,,,,unclassified_missing_dates,False,True,True,True,False,False
UC1C4L39LNI2H6u-sFU05wrw,Schleswig TV,1,182,False,2020-01-02T13:35:20Z,2022-10-14T10:30:17Z,,unclassified_missing_dates,False,False,False,True,False,False
UC1CD5hqEs3X846zR_Q9ymoQ,,1,,,,,,unclassified_missing_dates,False,True,True,True,False,False
UC1DXu_0c3JyidU7ZjM3qyPA,Isabell Rathgeb,1,48,False,2020-06-14T12:40:05Z,,,unclassified_missing_dates,False,False,True,True,False,False
UC1G_E2BbAEnVj7raGsYpY9w,,0,,False,,,,unclassified_missing_dates,False,True,True,True,False,False
UC1H6hU3HrGJlF6QaOO4pEGw,,1,,,,,,unclassified_missing_dates,False,True,True,True,False,False
UC1ILaBoTEhJ9cEd2j918jOQ,Fridays for Future Darmstadt,1,126,False,2019-04-29T18:53:44Z,,,unclassified_missing_dates,False,False,True,True,False,False
UC1JPkaMq9peVkJV5tVLBDiQ,,0,,False,,,,unclassified_missing_dates,False,True,True,True,False,False
UC1JvxiG3_joitDJoCQ-c5qg,Jan Dingeldey,1,17,False,2021-03-01T10:45:05Z,,,unclassified_missing_dates,False,False,True,True,False,False
UC1KQju10-WHh594cvibkB1w,,0,,False,,,,unclassified_missing_dates,False,True,True,True,False,False
UC1LcXg3CQwQBjNiKud076cQ,,0,,False,,,,unclassified_missing_dates,False,True,True,True,False,False
UC1MKy_0zFNkSNQwWoNe6foA,Uriel Stülpnagel,1,1290,False,2008-06-08T14:26:06Z,2022-10-07T14:46:24Z,,unclassified_missing_dates,False,False,False,True,False,False
UC1OdUMjXqppIUnYixoWiCLg,,0,,False,,,,unclassified_missing_dates,False,True,True,True,False,False
UC1PwR89HFUeI9TD0CwG_Diw,,0,,False,,,,unclassified_missing_dates,False,True,True,True,False,False
UC1QPYmdqoA4DBwT9MqK3uzA,,0,,False,,2023-11-02T11:40:53Z,,unclassified_missing_dates,False,True,False,True,False,False
UC1R-lzyYy7nhLu4enbPNrcQ,,0,,False,,,,unclassified_missing_dates,False,True,True,True,False,False
UC1TCKYD6wbS8yfHb3bW8YDg,,0,,False,,,,unclassified_missing_dates,False,True,True,True,False,False
UC1TJcc6qpECT5dK3ClgISDg,,1,,,,,,unclassified_missing_dates,False,True,True,True,False,False
UC1TLYh4NzbaxxoHYmKQXoYw,Wirtschaftsjunioren Mannheim-Ludwigshafen,1,14,False,2018-09-13T09:19:04Z,2022-10-12T14:09:08Z,,unclassified_missing_dates,False,False,False,True,False,False
UC1U-toX2lwJzdSJLCqegO-Q,,1,,,,,,unclassified_missing_dates,False,True,True,True,False,False
UC1UVsCt09c4EpnOUv_t01FQ,,0,,False,,,,unclassified_missing_dates,False,True,True,True,False,False
UC1WKDQ4m5-GAMo1rWvr-8cg,,0,,False,,,,unclassified_missing_dates,False,True,True,True,False,False
UC1X2C1Q98K3HbwX3t2P8cew,,1,,,,,,unclassified_missing_dates,False,True,True,True,False,False
UC1XONPpaC1GknHW2r_nHirg,,0,,False,,,,unclassified_missing_dates,False,True,True,True,False,False
UC1XoTTnvepPB1KLoXWMN-Iw,AGABY Geschäftsstelle,1,18,False,2014-12-17T11:50:07Z,2022-12-16T10:55:37Z,,unclassified_missing_dates,False,False,False,True,False,False
UC1YyvsaDLPhDhxOk1rwjKLQ,,0,,False,,,,unclassified_missing_dates,False,True,True,True,False,False
UC1_7Qeu1LdDy5PTZ0vQE_sA,,0,,False,,,,unclassified_missing_dates,False,True,True,True,False,False
UC1__jMiFSj11Ctxs3ZqDpBw,T-tekk,1,3860,False,2019-08-12T16:44:49Z,2022-10-09T13:00:32Z,,unclassified_missing_dates,False,False,False,True,False,False
UC1_ndZd9DeGW2RYAqbxpEmg,,0,,False,,,,unclassified_missing_dates,False,True,True,True,False,False
UC1aTiwhVpGcrxMOREZPFOlg,,1,,,,,,unclassified_missing_dates,False,True,True,True,False,False
UC1aYf7VVQkzvIVEftG9WkSQ,,0,,False,,,,unclassified_missing_dates,False,True,True,True,False,False
UC1bBedepq_smxtfbxkt5ADA,Die Linke im Europaparlament,1,905,False,2010-03-09T09:52:22Z,2022-10-11T13:19:44Z,,unclassified_missing_dates,False,False,False,True,False,False
UC1bLyjqNo9cvow6lSurRHhw,,0,,False,,,,unclassified_missing_dates,False,True,True,True,False,False
UC1bkeIVo7gygQ5zWKb0a1tA,,1,,,,,,unclassified_missing_dates,False,True,True,True,False,False
UC1c2Namx6e5aSnOha1iJRUA,,1,,,,,,unclassified_missing_dates,False,True,True,True,False,False
UC1dSpuJuXo6z3RBFE_kBmyQ,,0,,False,,,,unclassified_missing_dates,False,True,True,True,False,False
UC1eHKg-_noSiONGLB6PYVzQ,,0,,False,,,,unclassified_missing_dates,False,True,True,True,False,False
UC1eeIwg_yvsVnNAaJqNtCew,,0,,False,,,,unclassified_missing_dates,False,True,True,True,False,False
UC1gAotMoCAwIT_jUtfdycoA,,1,,,,2023-10-13T20:32:11Z,2023-10-23T14:30:14Z,first_active_after_reference,False,True,False,False,False,False
UC1haaAPdIwq6XcFXJ6mGIGg,,0,,False,,,,unclassified_missing_dates,False,True,True,True,False,False
UC1hvzPRMWGkJ80kr7Jt2INQ,,0,,False,,,,unclassified_missing_dates,False,True,True,True,False,False
UC1iSPH-SRXTQpAaTD2emRhw,,0,,False,,,,unclassified_missing_dates,False,True,True,True,False,False
UC1jNC4auwKdK5pwUk3DqZvw,,0,,False,,,,unclassified_missing_dates,False,True,True,True,False,False
UC1jYZDjRxn_C28g1_BOOzfw,,0,,False,,,,unclassified_missing_dates,False,True,True,True,False,False
UC1je4dHNWx6mioE9mgVqxcg,,0,,False,,,,unclassified_missing_dates,False,True,True,True,False,False
UC1kdsZUTDSW1BtsHEoYx4WQ,,0,,False,,,,unclassified_missing_dates,False,True,True,True,False,False
UC1kzkjiqK-BhB5Rd1HHGSig,,1,,,,,,unclassified_missing_dates,False,True,True,True,False,False
UC1lFmHFPMM2NBPpDVfFttug,,0,,False,,,,unclassified_missing_dates,False,True,True,True,False,False
UC1mEuJR0pRPkr6VXDRymIQg,,1,,,,,,unclassified_missing_dates,False,True,True,True,False,False
UC1nA9NYadfbCFp3XZiWB_HQ,,1,,,,,,unclassified_missing_dates,False,True,True,True,False,False
UC1oSpW1pMQNFzSifuBO0veA,,0,,False,,,,unclassified_missing_dates,False,True,True,True,False,False
UC1onjMxS3fTNH_6OamGC1JQ,Bex,1,114,False,2021-07-30T10:57:16Z,2023-03-04T21:09:19Z,,unclassified_missing_dates,False,False,False,True,False,False
UC1r0DxlsYF0qpbYe4xuWMkw,,0,,False,,,,unclassified_missing_dates,False,True,True,True,False,False
UC1r1pvPtJcXkjmcsmla2YLQ,,1,,,,,,unclassified_missing_dates,False,True,True,True,False,False
UC1s6HFSnI53NpX2XQGfsxVg,CDU Zeilsheim,1,1,False,2021-01-27T17:10:35Z,,,unclassified_missing_dates,False,False,True,True,False,False
UC1sBuOpAH7F7gq0MtbFYsig,,1,,,,,,unclassified_missing_dates,False,True,True,True,False,False
UC1sEO7bRygDg9unKQbRevAQ,,1,,,,,,unclassified_missing_dates,False,True,True,True,False,False
UC1uAukoabFwTqoMEqPXQ9UA,,0,,False,,,,unclassified_missing_dates,False,True,True,True,False,False
UC1uRfLrOfDPb5FJj3_PMSfA,,1,,,,,,unclassified_missing_dates,False,True,True,True,False,False
UC1ubqKEbjBJ7zCIlikwgedA,,1,,,,2023-10-18T17:23:40Z,2023-10-18T17:23:40Z,first_active_after_reference,False,True,False,False,False,False
UC1wRxbpBC-WuV9R_jHA0pBg,Hofberichterstatter,1,558,False,2020-03-02T01:23:04Z,2022-10-08T17:52:32Z,,unclassified_missing_dates,False,False,False,True,False,False
UC1wsHVet6jUo-vMFbhHHgXg,Bi Plus Pride Hamburg,1,75,False,2021-04-12T10:39:59Z,2022-10-29T13:00:29Z,,unclassified_missing_dates,False,False,False,True,False,False
UC1wthkZAsx9SpJyX3zKEW7Q,,0,,False,,,,unclassified_missing_dates,False,True,True,True,False,False
UC1wwVvkroRUHDrrpuv7nOjg,,0,,False,,,,unclassified_missing_dates,False,True,True,True,False,False
UC1xPDUFjBxzczxxbXMoeH5A,,0,,False,,,,unclassified_missing_dates,False,True,True,True,False,False
UC1xxiwmF8rknRLJe6jgrMcg,,1,,,,,,unclassified_missing_dates,False,True,True,True,False,False
UC1yiJaMBHgW62B88K0fy_8A,,0,,False,,,,unclassified_missing_dates,False,True,True,True,False,False
UC1zGLw5rAoMCon1bUKtnjpg,,0,,False,,,,unclassified_missing_dates,False,True,True,True,False,False
UC1zkeLu1oCqk0FoLdMzj-sQ,,1,,,,,,unclassified_missing_dates,False,True,True,True,False,False
UC2-SiKsTUn3GB93XiKEfc2Q,,1,,,,2023-10-13T08:25:37Z,,unclassified_missing_dates,False,True,False,True,False,False
UC20AR5IMX36bW31z5tZHrjA,,0,,False,,,,unclassified_missing_dates,False,True,True,True,False,False
UC20TFBA3t-JPctedQQCcPhA,,0,,False,,,,unclassified_missing_dates,False,True,True,True,False,False
UC20khKCN8eaP_ULr_UuRfjw,Solinger Tageblatt,1,1050,False,2008-07-17T09:52:07Z,2022-10-30T14:28:23Z,,unclassified_missing_dates,False,False,False,True,False,False
UC24CUHhHKCerP6vzXgPSSNA,,0,,False,,,,unclassified_missing_dates,False,True,True,True,False,False
UC255-TRPKXf3_wMq6edv-4A,klettereichhoernchen,1,369,False,2009-11-15T16:37:08Z,2022-12-03T21:39:06Z,,unclassified_missing_dates,False,False,False,True,False,False
UC26miJRUSsBv2UfAlgO0l-g,,0,,False,,,,unclassified_missing_dates,False,True,True,True,False,False
UC27FwJROE491JrSUTbh8qKw,Juz Salzhausen ,1,25,False,2021-08-22T18:06:54Z,,,unclassified_missing_dates,False,False,True,True,False,False
UC29_uxOrUQR-vH2NhKyApSQ,,0,,False,,,,unclassified_missing_dates,False,True,True,True,False,False
UC29h1zP-3UNwMOOuiIhUWQA,,0,,False,,,,unclassified_missing_dates,False,True,True,True,False,False
UC2AT84wcdtvojtr_bipvoKg,,0,,False,,,,unclassified_missing_dates,False,True,True,True,False,False
UC2BX2XTNnRHvgZ1iYpNHlgg,,0,,False,,,,unclassified_missing_dates,False,True,True,True,False,False
UC2C5maQ8ws9LsAlXUXlE61g,,0,,False,,,,unclassified_missing_dates,False,True,True,True,False,False
UC2Fh_Fm-Nk94CH9tem1T1dg,,1,,,,,,unclassified_missing_dates,False,True,True,True,False,False
UC2Fhc6-0maV0KfwmPJT6wfQ,Marc Ziegenhain,1,2570,False,2015-11-01T17:55:14Z,,,unclassified_missing_dates,False,False,True,True,False,False
UC2Fw-s2RO2XeSCQZSVjvUlg,Wille Wahrheit Weltanschauung,1,100,False,2020-06-07T20:10:53Z,2022-10-09T22:58:44Z,,unclassified_missing_dates,False,False,False,True,False,False
UC2G3R1J_0CPF57vgGZZw_sg,,1,,,,,,unclassified_missing_dates,False,True,True,True,False,False
UC2GVtKoOvSqOIiIAF7K1Vqw,,0,,False,,2023-10-16T19:03:56Z,2023-10-16T19:03:56Z,first_active_after_reference,False,True,False,False,False,False
UC2HLW_ZkopBzjnAId04vPxA,,0,,False,,,,unclassified_missing_dates,False,True,True,True,False,False
UC2IXAcu0ZFtqb53-oQJfAZQ,,0,,False,,,,unclassified_missing_dates,False,True,True,True,False,False
UC2IqGU62WrNaoKAmPZylcqQ,,1,,,,,,unclassified_missing_dates,False,True,True,True,False,False
UC2J3rdTiBxZ4CgaK3vwP7qg,,0,,False,,,,unclassified_missing_dates,False,True,True,True,False,False
UC2J9EQeP12WUNGjGH8_x5aw,,0,,False,,,,unclassified_missing_dates,False,True,True,True,False,False
UC2JTzovlInbaASUrKeLKY8w,Klimarkant,1,269,False,2021-01-19T12:52:08Z,2024-03-17T20:14:38Z,,unclassified_missing_dates,False,False,False,True,False,False
UC2JaKau1dfBnPnkVHaG9dVw,,1,,,,2023-11-25T09:07:03Z,2023-11-25T09:07:03Z,first_active_after_reference,False,True,False,False,False,False
UC2K0Zrm5ROpfZq5kwyI_bXw,,0,,False,,,,unclassified_missing_dates,False,True,True,True,False,False
UC2M-ckp6T7AAtS2yBsxrF4A,,1,,,,,,unclassified_missing_dates,False,True,True,True,False,False
UC2MDanRetpp9I-wbd9_vZOg,,0,,False,,,,unclassified_missing_dates,False,True,True,True,False,False
UC2Mp0HZ_wprRlhfluUx2Bag,,0,,False,,,,unclassified_missing_dates,False,True,True,True,False,False
UC2NG-a5tpOZxZv-IuzbT8jA,,0,,False,,,,unclassified_missing_dates,False,True,True,True,False,False
UC2NW16kIm2J16Qaq6jNy5gA,Stadtjugendring Wolfsburg - stjr wob,1,80,False,2008-11-27T17:04:46Z,2025-02-07T07:32:42Z,,unclassified_missing_dates,False,False,False,True,False,False
UC2PI1UpIb95UnfBGrFtNIig,,1,,,,,,unclassified_missing_dates,False,True,True,True,False,False
UC2REgkSjRJ2zQNCWTyJKuPA,,0,,False,,,,unclassified_missing_dates,False,True,True,True,False,False
UC2RVLvwqckjFlzwNI9TNABQ,,0,,False,,,,unclassified_missing_dates,False,True,True,True,False,False
UC2RWqu9hUOgvLxrwqiQpkBQ,,0,,False,,,,unclassified_missing_dates,False,True,True,True,False,False
UC2RnskltVyepyIv9H7SUu7g,,1,,,,,,unclassified_missing_dates,False,True,True,True,False,False
UC2SWbfZgym491XxPKJIBjHw,corona-paradox-de,1,0,False,2011-09-11T19:45:11Z,,,unclassified_missing_dates,False,False,True,True,False,False
UC2SWkJynh7lcZ-XUeWwMHTw,,1,,,,,,unclassified_missing_dates,False,True,True,True,False,False
UC2T8CpWN-AxhphmqIVx8KBw,,1,,,,,,unclassified_missing_dates,False,True,True,True,False,False
UC2UUMO2mLKVa4tGtd_y_PWA,,1,,,,,,unclassified_missing_dates,False,True,True,True,False,False
UC2UiqRV1Wdw2OawZPXBp1HQ,,0,,False,,,,unclassified_missing_dates,False,True,True,True,False,False
UC2VNRRM3LWTgbYxU4bzza8w,,1,,,,,,unclassified_missing_dates,False,True,True,True,False,False
UC2VtFV8wZ66KMzxHoXllqkg,,0,,False,,,,unclassified_missing_dates,False,True,True,True,False,False
UC2XQr4LD2kkZqJ6eKjYDPFw,,0,,False,,,,unclassified_missing_dates,False,True,True,True,False,False
UC2XUA0DcaK0O1MLe7GDFuuw,,0,,False,,,,unclassified_missing_dates,False,True,True,True,False,False
UC2Y1MbPE6wKQ6Z3M8Kx6AWA,,1,,,,2023-10-12T16:00:38Z,2023-10-21T20:31:13Z,first_active_after_reference,False,True,False,False,False,False
UC2YMFZa9TL7dvVBcGIzh1Og,,0,,False,,,,unclassified_missing_dates,False,True,True,True,False,False
UC2YPStUlLUWNAq0AMMZPTqA,,0,,False,,,,unclassified_missing_dates,False,True,True,True,False,False
UC2ZvKK6LveWJUsrCFJSInjg,,0,,False,,,,unclassified_missing_dates,False,True,True,True,False,False
UC2cIGEPVmgBJ3Ar0Pn93Mrg,,0,,False,,,,unclassified_missing_dates,False,True,True,True,False,False
UC2cVWXdnTQdGqXGKKiZU1SQ,Die Linke Tübingen,1,64,False,2021-01-17T00:09:32Z,2024-05-07T19:15:46Z,,unclassified_missing_dates,False,False,False,True,False,False
UC2dxBt59UXY2RKqoIo01HIQ,,0,,False,,,,unclassified_missing_dates,False,True,True,True,False,False
UC2gIGyixtBCvTbJJO1FVXgw,,0,,False,,,,unclassified_missing_dates,False,True,True,True,False,False
UC2gqz4lWX_hzvhGq4lNy-UQ,KV Si-Wi B90-DIE GRÜNEN,1,23,False,2020-08-24T08:11:19Z,2023-04-07T10:30:30Z,,unclassified_missing_dates,False,False,False,True,False,False
UC2iE14OtbVWmusvBUSzHLPQ,,0,,False,,,,unclassified_missing_dates,False,True,True,True,False,False
UC2jUPJm11L9h3BuQEqwGPDg,,1,,,,,,unclassified_missing_dates,False,True,True,True,False,False
UC2lEu6akdStHUXa1DlXFCNg,,0,,False,,,,unclassified_missing_dates,False,True,True,True,False,False
UC2lM5eWSI2zqyOR3NuRBdLg,SelMcGambling Künstliche Intelligenz,1,3,False,2021-02-12T14:04:59Z,,,unclassified_missing_dates,False,False,True,True,False,False
UC2lhmOTf1WB8u1nnDlFtpPQ,Grüne Apache,1,0,False,2022-06-29T18:16:17Z,,,unclassified_missing_dates,False,False,True,True,False,False
UC2mP1tF2IQsfR0a-A69UiFg,,0,,False,,,,unclassified_missing_dates,False,True,True,True,False,False
UC2myOlk0CxMsQwlefCks2Mg,,0,,False,,2023-10-16T13:00:02Z,2023-10-16T13:00:02Z,first_active_after_reference,False,True,False,False,False,False
UC2n31OTLxHR9SAaWXHQzGcA,,0,,False,,,,unclassified_missing_dates,False,True,True,True,False,False
UC2nQRf41_fBHLgLAtW5_sVw,turi2tv,1,4370,False,2009-01-20T14:40:33Z,2022-10-07T07:01:56Z,,unclassified_missing_dates,False,False,False,True,False,False
UC2oRniR_7wuLscgv9YWw8oQ,,1,,,,,,unclassified_missing_dates,False,True,True,True,False,False
UC2pq_Brh70_Cnl7SZJn2saQ,,0,,False,,,,unclassified_missing_dates,False,True,True,True,False,False
UC2r2fsUsiJI1CWKDJelAYGQ,,0,,False,,,,unclassified_missing_dates,False,True,True,True,False,False
UC2rSQlwqiIlIpi6TjDUb2lQ,,0,,False,,,,unclassified_missing_dates,False,True,True,True,False,False
UC2shqcFhxHEs28Rl5Ht0zYg,Katalin Gennburg,1,12,False,2016-09-07T07:36:23Z,,,unclassified_missing_dates,False,False,True,True,False,False
UC2tUA07b_vQiQ91GPoIA43g,,0,,False,,,,unclassified_missing_dates,False,True,True,True,False,False
UC2tne4hRvSp-ec2o9H7FYRw,,0,,False,,,,unclassified_missing_dates,False,True,True,True,False,False
UC2u9eBfAm0A1orpGus-8WIg,,0,,False,,,,unclassified_missing_dates,False,True,True,True,False,False
UC2uGUDVo9tBTpaRj1jSEcKA,,1,,,,,,unclassified_missing_dates,False,True,True,True,False,False
UC2uKb6YhHdvfXZRy6vkxUww,,1,,,,,,unclassified_missing_dates,False,True,True,True,False,False
UC2w1_etudyqY1XziVPgba8Q,Dresden Nazifrei Archiv,1,102,False,2021-01-27T16:21:35Z,,,unclassified_missing_dates,False,False,True,True,False,False
UC2wH8GtY17cZdH8HaIW-UUA,,0,,False,,,,unclassified_missing_dates,False,True,True,True,False,False
UC2wRCFd5K3X0yXONiE352vQ,,0,,False,,2023-11-23T16:00:41Z,,unclassified_missing_dates,False,True,False,True,False,False
UC2wUGe0KRisIhvbsZLvMjUw,CDU Westerwald,1,13,False,2019-04-29T14:41:25Z,,,unclassified_missing_dates,False,False,True,True,False,False
UC2x89Mg2kuETWIhwKwbDv2A,,0,,False,,,,unclassified_missing_dates,False,True,True,True,False,False
UC2xWRF9q0oay_NSptrkCeZg,,0,,False,,,,unclassified_missing_dates,False,True,True,True,False,False
UC2xzsAeqDINIvhRE47lDwtg,,0,,False,,,,unclassified_missing_dates,False,True,True,True,False,False
UC2yhr82RqnfAEMzxdkEZNBw,,1,,,,2023-11-02T20:47:50Z,,unclassified_missing_dates,False,True,False,True,False,False
UC3-ALciUX2MQ8iQWf0ezT9A,,0,,False,,,,unclassified_missing_dates,False,True,True,True,False,False
UC3-Ob7eZsmxcqDPB9unsg0A,,1,,,,,,unclassified_missing_dates,False,True,True,True,False,False
UC3-zt3arhH2nDwOyOvUabug,,0,,False,,,,unclassified_missing_dates,False,True,True,True,False,False
UC310KpRrRMNIxKj1iyxdGiQ,Einfach Heidelberg e.V.,1,294,False,2017-03-11T11:39:13Z,2023-09-06T18:37:47Z,,unclassified_missing_dates,False,False,False,True,False,False
UC33iAgIG9x675U4Ujq6M2sg,,0,,False,,,,unclassified_missing_dates,False,True,True,True,False,False
UC34df8AaNuVsX1btzqXkZ5Q,,0,,False,,,,unclassified_missing_dates,False,True,True,True,False,False
UC36BVwwlztgcFToptoHb-Cw,,0,,False,,,,unclassified_missing_dates,False,True,True,True,False,False
UC36I7LwhnOazgoPz7nTIbSw,,0,,False,,,,unclassified_missing_dates,False,True,True,True,False,False
UC36eoezusznX3F_zkuCwxtQ,BOCKBÄR,1,6810,False,2021-06-16T13:04:23Z,,,unclassified_missing_dates,False,False,True,True,False,False
UC36k9jQb8u6skEEtoGBsnwQ,,0,,False,,,,unclassified_missing_dates,False,True,True,True,False,False
UC378XIE45wvOd8OM56BykfQ,,0,,False,,,,unclassified_missing_dates,False,True,True,True,False,False
UC38Lsge5CKOBomqCVjvK70A,,0,,False,,,,unclassified_missing_dates,False,True,True,True,False,False
UC39POulYGFuLP2kRkgWVdeQ,,0,,False,,,,unclassified_missing_dates,False,True,True,True,False,False
UC3AS-R2Z2A7zTq_5mA34YgA,Perra,1,7,False,2008-04-21T13:39:51Z,,,unclassified_missing_dates,False,False,True,True,False,False
UC3CeRUS3zyZHcyb9Oh9UJlg,,1,,,,,,unclassified_missing_dates,False,True,True,True,False,False
UC3CoFzAmWT4j6mOpXN4PUzg,,0,,False,,,,unclassified_missing_dates,False,True,True,True,False,False
UC3D_ZXHwaKekKwbO_LM48OQ,,0,,False,,,,unclassified_missing_dates,False,True,True,True,False,False
UC3EFVBrKZU-blXN4cuDrpGQ,,0,,False,,,,unclassified_missing_dates,False,True,True,True,False,False
UC3EiORYD6OUFAU81kY1z0kQ,,1,,,,,,unclassified_missing_dates,False,True,True,True,False,False
UC3GDt1CdhkE28H0bwErmWzw,,0,,False,,,,unclassified_missing_dates,False,True,True,True,False,False
UC3GU8e0yeu8u24RYDzW9eJg,,0,,False,,,,unclassified_missing_dates,False,True,True,True,False,False
UC3GoaVVdVNvnArHDfkda02w,,0,,False,,,,unclassified_missing_dates,False,True,True,True,False,False
UC3H2oegDgu1JiVGLXJiR9kw,,0,,False,,,,unclassified_missing_dates,False,True,True,True,False,False
UC3IZeLOmnNH7xxf3oqz6Jdw,Jugendzentrum Chilly Schwalmtal,1,64,False,2012-09-18T17:36:03Z,2023-01-16T14:52:48Z,,unclassified_missing_dates,False,False,False,True,False,False
UC3J1NJ-AdRZ7Xbxld0y5QvQ,,0,,False,,2023-10-08T13:22:07Z,2023-10-08T13:22:07Z,first_active_after_reference,False,True,False,False,False,False
UC3J1pUm45jhyLyx1B47jqMw,,0,,False,,,,unclassified_missing_dates,False,True,True,True,False,False
UC3Jl-Ig65AwACMDaWOCk5QQ,Grüne Fraktion Schleswig-Holstein,1,132,False,2008-10-07T21:56:06Z,2022-10-12T12:20:24Z,,unclassified_missing_dates,False,False,False,True,False,False
UC3LYBvBWvbCZjTkRELimvgg,,0,,False,,,,unclassified_missing_dates,False,True,True,True,False,False
UC3M-0QfjGAQj6XcZGJU44QQ,,0,,False,,,,unclassified_missing_dates,False,True,True,True,False,False
UC3MHqdaw4O3tuaaT278b28A,,0,,False,,,,unclassified_missing_dates,False,True,True,True,False,False
UC3Mqx7m6fo_PXq8hiTkY2rQ,M.A.H.D.I.-e.V.,1,292,False,2009-11-29T20:26:36Z,2023-01-29T07:03:28Z,,unclassified_missing_dates,False,False,False,True,False,False
UC3No5C2bi3MuuEUT-FWIKlw,,0,,False,,,,unclassified_missing_dates,False,True,True,True,False,False
UC3P1ejIl6WeEbHCcCWoasFg,Deutscher_Patriot_6,1,57,False,2021-09-24T17:42:48Z,,,unclassified_missing_dates,False,False,True,True,False,False
UC3PtL1pduBRAR2Yj_0Mh1Nw,,0,,False,,,,unclassified_missing_dates,False,True,True,True,False,False
UC3Q1y6PHeoKBvZuaoJ4PrWw,,0,,False,,,,unclassified_missing_dates,False,True,True,True,False,False
UC3Q2_bZQ69TZ6D-S2TWcU1A,Gruene Ratsfraktion Magdeburg,1,5,False,2012-05-16T06:19:37Z,,,unclassified_missing_dates,False,False,True,True,False,False
UC3QxD1-8iMaLddQpLyvqYWQ,THE GERMAN ANTAGONIST,1,70,False,2021-09-20T14:16:23Z,2023-01-05T08:12:46Z,,unclassified_missing_dates,False,False,False,True,False,False
UC3R7YlWBz-WlLvmszvRTdsg,,0,,False,,,,unclassified_missing_dates,False,True,True,True,False,False
UC3RxvbEXU85hcybeOG_NawA,,0,,False,,,,unclassified_missing_dates,False,True,True,True,False,False
UC3T1aqAyT3MttxPndGrY2zw,Schpontana LOKI,1,266,False,2021-12-01T15:18:37Z,,,unclassified_missing_dates,False,False,True,True,False,False
UC3TLuLznG9EUwKArHDWxN2A,,0,,False,,,,unclassified_missing_dates,False,True,True,True,False,False
UC3VIFyxQIPrL5Sqe8ZxeK5A,,0,,False,,,,unclassified_missing_dates,False,True,True,True,False,False
UC3VPdoFQmRtjc9VVbxFAETg,,0,,False,,,,unclassified_missing_dates,False,True,True,True,False,False
UC3VY4ObSBiPjHJ9Z5NJ1sAw,,0,,False,,,,unclassified_missing_dates,False,True,True,True,False,False
UC3WRRjlG8UxprZy0owSYd6Q,,1,,,,,,unclassified_missing_dates,False,True,True,True,False,False
UC3XPKGjk2OdYqjb9TjdIuTQ,,0,,False,,,,unclassified_missing_dates,False,True,True,True,False,False
UC3Y_HaUqzTYABL2whcwGOKA,,0,,False,,,,unclassified_missing_dates,False,True,True,True,False,False
UC3YupNs7n2CSZuQzWooUR5w,,0,,False,,,,unclassified_missing_dates,False,True,True,True,False,False
UC3Z-Ia9dnyFv9tw2Epg-42A,,1,,,,,,unclassified_missing_dates,False,True,True,True,False,False
UC3aYlE1Ll5BFhy12mtChFzA,Friedrich-Ebert-Gedenkstätte,1,93,False,2020-09-21T07:01:32Z,2023-01-13T05:54:44Z,,unclassified_missing_dates,False,False,False,True,False,False
UC3agL6GGor7t_5ABl6hLQfw,,1,,,,,,unclassified_missing_dates,False,True,True,True,False,False
UC3ausHKBf31TnL0A_c9TlJg,,0,,False,,,,unclassified_missing_dates,False,True,True,True,False,False
UC3c43BIFNKxBXk4K3V2iWmg,,0,,False,,,,unclassified_missing_dates,False,True,True,True,False,False
UC3c9GlEAKuzozD9E3yBLeoQ,,0,,False,,,,unclassified_missing_dates,False,True,True,True,False,False
UC3d4XqT1qtQBnJLj3szN3MA,,0,,False,,2023-10-21T09:22:39Z,2023-10-21T09:22:39Z,first_active_after_reference,False,True,False,False,False,False
UC3deHMMjL_3wZVtGNXqrfJQ,,1,,,,,,unclassified_missing_dates,False,True,True,True,False,False
UC3dxymsCXSkXVTSzvpQKxYA,,1,,,,,,unclassified_missing_dates,False,True,True,True,False,False
UC3fc0RnedSqYR86P1eVFBHA,,0,,False,,,,unclassified_missing_dates,False,True,True,True,False,False
UC3fyiENUSj5e5qDt2EFWr6A,FridaysForFuture Offenbach,1,13,False,2021-02-25T17:52:18Z,,,unclassified_missing_dates,False,False,True,True,False,False
UC3hHoBk36zJKYowpI4BL7dw,,1,,,,2023-11-22T17:08:02Z,,unclassified_missing_dates,False,True,False,True,False,False
UC3iKpGfU9UQ2yn3KYYi9ZVQ,,0,,False,,,,unclassified_missing_dates,False,True,True,True,False,False
UC3iNdSV_RQU7DHTGpqEW96w,,0,,False,,,,unclassified_missing_dates,False,True,True,True,False,False
UC3ifUr3rjXgg-VzOy7UEaxA,,1,,,,,,unclassified_missing_dates,False,True,True,True,False,False
UC3jEZaLTFlBHwd7Jv-W88Nw,,1,,,,,,unclassified_missing_dates,False,True,True,True,False,False
UC3jLOR_yPb6but7oYhMlvcg,,0,,False,,,,unclassified_missing_dates,False,True,True,True,False,False
UC3jcIVHwgtoNfI2S2mvIDjw,Die Abwasser Bande Reaktion [Zweit Kanal],1,230,False,2019-10-13T11:53:53Z,2022-10-07T18:18:31Z,,unclassified_missing_dates,False,False,False,True,False,False
UC3lxQAq2_Q_u6EMlOwMW45A,,0,,False,,,,unclassified_missing_dates,False,True,True,True,False,False
UC3mLRDRK_NL3vMXD9_fpPUA,,0,,False,,,,unclassified_missing_dates,False,True,True,True,False,False
UC3mRtMkdyyLh_-HC4SYHpWw,,0,,False,,,,unclassified_missing_dates,False,True,True,True,False,False
UC3n0a8m2FOWapySRgMhS1JQ,,0,,False,,,,unclassified_missing_dates,False,True,True,True,False,False
UC3oIieEIPoSJFWrNEBstJ_w,,0,,False,,,,unclassified_missing_dates,False,True,True,True,False,False
UC3p5ZFCmZbjV9AuXA_IOsJw,,0,,False,,,,unclassified_missing_dates,False,True,True,True,False,False
UC3prwMn9aU2z5Y158ZdGyyA,,0,,False,,2022-06-04T09:29:27Z,,unclassified_missing_dates,False,True,False,True,False,False
UC3qBtlCZedGLfTATOwGrSiQ,,0,,False,,,,unclassified_missing_dates,False,True,True,True,False,False
UC3qEGhOMMc5kpNEgj1l9vTw,,0,,False,,,,unclassified_missing_dates,False,True,True,True,False,False
UC3qJme5_q27T8X94vSYA_DA,,1,,,,,,unclassified_missing_dates,False,True,True,True,False,False
UC3qajjc-LxUbt14YogWDu-g,,0,,False,,,,unclassified_missing_dates,False,True,True,True,False,False
UC3qoh2PGpS7nuDg0qEsNRbw,,0,,False,,,,unclassified_missing_dates,False,True,True,True,False,False
UC3sh0DcI7tZd0i34Iszm8_Q,,0,,False,,,,unclassified_missing_dates,False,True,True,True,False,False
UC3v2RoDhmx0_uIHFerUxBig,,0,,False,,,,unclassified_missing_dates,False,True,True,True,False,False
UC3xCDHNlY9H8_7RNg3doIGQ,,0,,False,,,,unclassified_missing_dates,False,True,True,True,False,False
UC3xHSnWZ-Y1kahvfe5MPBIw,,1,,,,,,unclassified_missing_dates,False,True,True,True,False,False
UC3yz3VcTqD4iGWGzFsuq3ug,,0,,False,,,,unclassified_missing_dates,False,True,True,True,False,False
UC3zY5EVgLHMt5_mLgRgSC7w,,0,,False,,,,unclassified_missing_dates,False,True,True,True,False,False
UC4-cKHa5xwH5LtGl1bHywYg,,1,,,,,,unclassified_missing_dates,False,True,True,True,False,False
UC403ystFURlcCYfjPsqBKcQ,DeutschlandLiebe,1,5,False,2021-04-10T19:13:54Z,,,unclassified_missing_dates,False,False,True,True,False,False
UC448gFijbWS73gK9KqFkD0w,,0,,False,,,,unclassified_missing_dates,False,True,True,True,False,False
UC44HiGRmrUs63sPoKxH5p1A,,0,,False,,,,unclassified_missing_dates,False,True,True,True,False,False
UC46KpP5v0s2y3NjPXSSj2jg,,1,,,,,,unclassified_missing_dates,False,True,True,True,False,False
UC46tdrc1g0pEa4Ehz7OfdWA,,0,,False,,,,unclassified_missing_dates,False,True,True,True,False,False
UC47dPWm_JmGN2fMppTU24pw,,0,,False,,,,unclassified_missing_dates,False,True,True,True,False,False
UC48JzK1pUn5N_qtbR1InCdw,,1,,,,,,unclassified_missing_dates,False,True,True,True,False,False
UC48KfLxz-Z59dyv5pFpqrxA,,0,,False,,,,unclassified_missing_dates,False,True,True,True,False,False
UC493q3OEntI6aP9OG4drBjA,,1,,,,,,unclassified_missing_dates,False,True,True,True,False,False
UC49HGm2XU_KFINcAoLu1OjA,,0,,False,,,,unclassified_missing_dates,False,True,True,True,False,False
UC4A88OWEMLCw3y0OjI8Ly7A,SAV Sozialistische Alternative,1,311,False,2011-06-21T09:35:14Z,2025-05-15T12:47:14Z,,unclassified_missing_dates,False,False,False,True,False,False
UC4BrzDeTbC0AwqnftkpAvpg,,0,,False,,,,unclassified_missing_dates,False,True,True,True,False,False
UC4Ct8gIf9f0n4mdyGsFiZRA,,0,,False,,,,unclassified_missing_dates,False,True,True,True,False,False
UC4FAgyjnUzZWeKCm-2C2TYQ,PresseClub München,1,1450,False,2016-08-24T12:01:03Z,2022-10-11T21:48:35Z,,unclassified_missing_dates,False,False,False,True,False,False
UC4FDVVY_dJp3bKd0C4nASHg,,1,,,,,,unclassified_missing_dates,False,True,True,True,False,False
UC4FVsi6hz-27sjNjf2RTZdQ,,1,,,,2023-10-16T18:15:35Z,2023-10-16T18:15:35Z,first_active_after_reference,False,True,False,False,False,False
UC4GLavukUPziAY0DGPGXgSw,,0,,False,,,,unclassified_missing_dates,False,True,True,True,False,False
UC4HNn8fKF-ZO_cQHwLI3C5A,,0,,False,,2023-10-23T11:00:18Z,2023-10-23T11:00:18Z,first_active_after_reference,False,True,False,False,False,False
UC4HQLZ1wOr3ej06ZZ2n9jkg,linksjugend ['solid] Rheinland-Pfalz,1,240,False,2010-03-24T15:08:12Z,,,unclassified_missing_dates,False,False,True,True,False,False
UC4HuBHMMGEroJ1PvXZtCMhg,,1,,,,,,unclassified_missing_dates,False,True,True,True,False,False
UC4Hzb-lOAun0Y7V7rLyXEYA,,1,,,,,,unclassified_missing_dates,False,True,True,True,False,False
UC4JF54bcKOTYNzd5ZmQy8fQ,LRTV Podcasts,1,9,False,2021-01-05T19:52:17Z,2023-07-27T15:51:22Z,,unclassified_missing_dates,False,False,False,True,False,False
UC4JcHNm0pApRWDa8KxUh28Q,,0,,False,,,,unclassified_missing_dates,False,True,True,True,False,False
UC4KONCumhYjkv6KOidXv_aQ,,0,,False,,,,unclassified_missing_dates,False,True,True,True,False,False
UC4KSciJLrUmzhPzLk6LR3UA,,0,,False,,,,unclassified_missing_dates,False,True,True,True,False,False
UC4KiQZITzjlpxZ2B8ERRP1A,,0,,False,,,,unclassified_missing_dates,False,True,True,True,False,False
UC4M1xF8cYQ3Dc4CswSke5IA,,1,,,,,,unclassified_missing_dates,False,True,True,True,False,False
UC4Nh0sFYZ7smhYVlZPR359Q,JK Thunder,1,141,False,2018-01-18T19:18:35Z,2023-06-07T05:32:07Z,,unclassified_missing_dates,False,False,False,True,False,False
UC4O52oTWLBikV7ZOO9bHutA,,0,,False,,,,unclassified_missing_dates,False,True,True,True,False,False
UC4PWgTIkkv5p2shhjiXNiGg,,0,,False,,,,unclassified_missing_dates,False,True,True,True,False,False
UC4PiYpkYag1oUGLshXZBsoQ,,0,,False,,,,unclassified_missing_dates,False,True,True,True,False,False
UC4Q9nUIlupWRE-k-3xTz0eA,Jugendrat Ratingen,1,170,False,2015-11-18T13:23:39Z,2023-11-21T14:15:40Z,,unclassified_missing_dates,False,False,False,True,False,False
UC4QHgT2GQ4YG5MNrt0rsqjQ,,0,,False,,,,unclassified_missing_dates,False,True,True,True,False,False
UC4QT_F-kQYGcxccNzU2jUMw,Ronzheimer,1,48300,False,2024-03-06T12:07:58Z,2021-02-10T19:00:06Z,2021-11-08T12:00:07Z,keyword_before_reference,False,False,False,False,False,True
UC4RZMm_EskLxYt4jTuijSxw,,1,,,,,,unclassified_missing_dates,False,True,True,True,False,False
UC4UXMeaBV6-nMF2E10306Sw,Freiheit der Meinung,1,8,False,2021-04-19T14:04:15Z,,,unclassified_missing_dates,False,False,True,True,False,False
UC4Uj6bwqnd0DP1-X_k1g5Ew,,0,,False,,,,unclassified_missing_dates,False,True,True,True,False,False
UC4UnUVTBLB4IJsYn9Ap7PFQ,,1,,,,,,unclassified_missing_dates,False,True,True,True,False,False
UC4WwCzpS7O8J5g_QVhYrWHw,Julian boss,1,1450,False,2017-08-18T20:00:32Z,2022-10-08T01:54:31Z,,unclassified_missing_dates,False,False,False,True,False,False
UC4YMmX6pHEg_kEJJOeZJlnw,,0,,False,,,,unclassified_missing_dates,False,True,True,True,False,False
UC4Y__0kw44eQcHLgYXbQR6Q,,1,,,,,,unclassified_missing_dates,False,True,True,True,False,False
UC4Yl_V4pm1LwryD04ky54SA,,1,,,,,,unclassified_missing_dates,False,True,True,True,False,False
UC4Z-Us6MNhzTY5AABza2Y3w,,0,,False,,,,unclassified_missing_dates,False,True,True,True,False,False
UC4ZD15d_6rm6ymKKUWgGlAg,,1,,,,,,unclassified_missing_dates,False,True,True,True,False,False
UC4ZSFCWuQvMLql2H3JbOtEA,wetalkfreiburg,1,187,False,2020-02-18T12:22:14Z,2024-02-01T21:08:45Z,,unclassified_missing_dates,False,False,False,True,False,False
UC4Zil2ulGQvMJfq62uqjytA,,0,,False,,,,unclassified_missing_dates,False,True,True,True,False,False
UC4_6ifJvUhmRB6J0dMCgQJw,Der_NWO_ Papst,1,85,False,2021-08-06T13:04:40Z,2026-01-01T19:35:10Z,,unclassified_missing_dates,False,False,False,True,False,False
UC4_XmS9O5t_CECi-olnnfHg,,0,,False,,,,unclassified_missing_dates,False,True,True,True,False,False
UC4a1lG0fuchn5vbxM2JMVsw,,1,,,,,,unclassified_missing_dates,False,True,True,True,False,False
UC4agCMhh7V0MxFIFAIrXJEA,,0,,False,,,,unclassified_missing_dates,False,True,True,True,False,False
UC4b0Zc5gTZqupfe0Twh-6RA,,1,,,,,,unclassified_missing_dates,False,True,True,True,False,False
UC4bvZYA8_Sxs88G7P17kHFg,,0,,False,,,,unclassified_missing_dates,False,True,True,True,False,False
UC4d4LnRO1tG9Du8t631qO6g,,0,,False,,,,unclassified_missing_dates,False,True,True,True,False,False
UC4dtKcJTH2-nV1CgdqGsGGg,,1,,,,,,unclassified_missing_dates,False,True,True,True,False,False
UC4dv1n2zL7NmtCoiOrG-fiA,,0,,False,,,,unclassified_missing_dates,False,True,True,True,False,False
UC4eIt2i_wdKUpavxebUP_5A,,0,,False,,,,unclassified_missing_dates,False,True,True,True,False,False
UC4egMzCr-n-1p34PM1_SJOQ,,0,,False,,,,unclassified_missing_dates,False,True,True,True,False,False
UC4eh5v2MAWdYFo5MhKjvkvQ,Gernmeier Plays,1,373,False,2014-01-25T17:59:14Z,2022-10-07T13:00:30Z,,unclassified_missing_dates,False,False,False,True,False,False
UC4ey0yGTzyL5RjnEabQlFVQ,,0,,False,,,,unclassified_missing_dates,False,True,True,True,False,False
UC4fGtjv4d_rEsyGnfRnvkOA,,0,,False,,,,unclassified_missing_dates,False,True,True,True,False,False
UC4hY7iik7HnRwxDI2C-u_kw,,0,,False,,,,unclassified_missing_dates,False,True,True,True,False,False
UC4heOXaXsp38BtQmS0SOnRA,,1,,,,,,unclassified_missing_dates,False,True,True,True,False,False
UC4i7OZM7JCsN325X9tPebsA,,0,,False,,,,unclassified_missing_dates,False,True,True,True,False,False
UC4isXqHiD5mkI8nkrrXaMJw,,0,,False,,,,unclassified_missing_dates,False,True,True,True,False,False
UC4jrr5202qyB0Exo9S1bF8g,,0,,False,,,,unclassified_missing_dates,False,True,True,True,False,False
UC4khmGvsYqRimFcCzMCUf0w,,0,,False,,,,unclassified_missing_dates,False,True,True,True,False,False
UC4ldZ__UfaYSuGUJyxWEqig,,0,,False,,,,unclassified_missing_dates,False,True,True,True,False,False
UC4lqlcWzIF0O_KaG5wONwog,,0,,False,,,,unclassified_missing_dates,False,True,True,True,False,False
UC4mjdJztXDbkH5Cs31lowSg,,0,,False,,,,unclassified_missing_dates,False,True,True,True,False,False
UC4n3DhU9wcKHMEFExtvnyxQ,,0,,False,,,,unclassified_missing_dates,False,True,True,True,False,False
UC4nZU4Odp72OL_qdppe6Lhw,,0,,False,,,,unclassified_missing_dates,False,True,True,True,False,False
UC4o4J2vJiC66v7vwfMVPx3Q,,0,,False,,,,unclassified_missing_dates,False,True,True,True,False,False
UC4oPNGB30r7SQDasZDe6H9A,,0,,False,,,,unclassified_missing_dates,False,True,True,True,False,False
UC4pWdnfoa2H4N7U2jMqNevw,,0,,False,,,,unclassified_missing_dates,False,True,True,True,False,False
UC4ppy5BvCuk9EryLZCd_Diw,,0,,False,,,,unclassified_missing_dates,False,True,True,True,False,False
UC4q7KYT3fzklgiymqmJSGyw,,0,,False,,,,unclassified_missing_dates,False,True,True,True,False,False
UC4sB-o1emaeTB2n9NAHZ5tg,Critical Mass Pforzheim,1,16,False,2021-02-17T11:36:24Z,2022-11-20T23:08:21Z,,unclassified_missing_dates,False,False,False,True,False,False
UC4tKjEfpNx9CmuzUykzeHlg,,0,,False,,,,unclassified_missing_dates,False,True,True,True,False,False
UC4uS0WJVijZukDpEikxMZtw,,0,,False,,,,unclassified_missing_dates,False,True,True,True,False,False
UC4vbiZMU_yrheYVZH393-Zw,,0,,False,,,,unclassified_missing_dates,False,True,True,True,False,False
UC4wCOHZ3yBRNGYJ7WJdfucw,,1,,,,,,unclassified_missing_dates,False,True,True,True,False,False
UC4wYsYwIt6RITUGe-TBg9pQ,,1,,,,,,unclassified_missing_dates,False,True,True,True,False,False
UC4wwxtKrphiRHFLknD-1RaQ,GdeB e.V. - europäische Buckfastimker,1,852,False,2022-03-14T16:36:15Z,2022-11-14T00:34:24Z,,unclassified_missing_dates,False,False,False,True,False,False
UC4xsEDuq_7-2lNYcsnukUnw,,0,,False,,,,unclassified_missing_dates,False,True,True,True,False,False
UC4y6Yi7Sj_jRNMAgd6tbmhg,,0,,False,,,,unclassified_missing_dates,False,True,True,True,False,False
UC4yYLBIuxfpyMUD6aEJ9EJg,,0,,False,,,,unclassified_missing_dates,False,True,True,True,False,False
UC4yo3orwCuPmt-i0OgFDYEw,,0,,False,,,,unclassified_missing_dates,False,True,True,True,False,False
UC4z5IcMXxLyRvgYW4paAw6A,,1,,,,2023-10-12T09:41:08Z,,unclassified_missing_dates,False,True,False,True,False,False
UC5-0dC5i49w9ZNZFE8HEasQ,,1,,,,,,unclassified_missing_dates,False,True,True,True,False,False
UC52YefoQwyb7hrKtYGrQtmQ,,0,,False,,,,unclassified_missing_dates,False,True,True,True,False,False
UC533pPLu6p-Ptbig81S1C-w,,1,,,,,,unclassified_missing_dates,False,True,True,True,False,False
UC53GKemNjp2gt01Yw4-FAlw,,0,,False,,,,unclassified_missing_dates,False,True,True,True,False,False
UC54M9aqdxED6t2nRFi69ACg,,0,,False,,,,unclassified_missing_dates,False,True,True,True,False,False
UC54UdUOCM-Xm0tXKATQBm3g,Mahmut Özdemir,1,64,False,2018-10-18T07:24:42Z,,,unclassified_missing_dates,False,False,True,True,False,False
UC55Gb36yh_Gj_4UE-IyP4nA,,1,,,,,,unclassified_missing_dates,False,True,True,True,False,False
UC55YzhPyLeXqTKS__gP9r-w,,1,,,,,,unclassified_missing_dates,False,True,True,True,False,False
UC55zm4txbbzKhNY8-lTFbSw,ADFC Magdeburg,1,18,False,2015-11-30T20:11:24Z,,,unclassified_missing_dates,False,False,True,True,False,False
UC56fm0Ig7_KIojWYUptLKSA,,0,,False,,,,unclassified_missing_dates,False,True,True,True,False,False
UC56reWvWtz5CSDL2Q69HFZQ,,1,,,,,,unclassified_missing_dates,False,True,True,True,False,False
UC58Icc-lWeci1Fph2zaORxQ,,0,,False,,,,unclassified_missing_dates,False,True,True,True,False,False
UC59TOW5bew0ryM_9Y3ZVq9w,,0,,False,,,,unclassified_missing_dates,False,True,True,True,False,False
UC59zoP92ceSY_M_Z8_hdINg,,0,,False,,2023-12-06T19:10:46Z,2023-12-12T19:01:00Z,first_active_after_reference,False,True,False,False,False,False
UC5AagLvRz7ejBrONZVaA13Q,,1,,,,,,unclassified_missing_dates,False,True,True,True,False,False
UC5Bbjlr0j0M89nQWF990aCw,,0,,False,,,,unclassified_missing_dates,False,True,True,True,False,False
UC5CFiBH4PLOpkiYJX0i18qg,,0,,False,,,,unclassified_missing_dates,False,True,True,True,False,False
UC5CzWgwAgx2-OBBvi0vTCSA,,0,,False,,,,unclassified_missing_dates,False,True,True,True,False,False
UC5E0V9QY2oUBRTS7da1rHIQ,Gemeinsam Stark Bremerhaven ,1,111,False,2022-02-27T10:39:05Z,,,unclassified_missing_dates,False,False,True,True,False,False
UC5ESgZlMLfkav_vCNxqpeqw,Digitaler Widerstand,1,357,False,2013-03-25T12:11:01Z,2022-12-08T19:58:01Z,,unclassified_missing_dates,False,False,False,True,False,False
UC5ESgmE4zX6mUWCyyPQroyA,,1,,,,,,unclassified_missing_dates,False,True,True,True,False,False
UC5EnzSl05E2J4hVH2e6dzJg,,0,,False,,,,unclassified_missing_dates,False,True,True,True,False,False
UC5HUSZPyBMtAUuEZdtwnSCQ,,1,,,,2023-12-07T11:28:28Z,2023-12-07T11:28:28Z,first_active_after_reference,False,True,False,False,False,False
UC5H_CyJkh4_E18-7AzwUl1A,,0,,False,,,,unclassified_missing_dates,False,True,True,True,False,False
UC5IFusUWV1MQfZIfUjFMF7g,,0,,False,,,,unclassified_missing_dates,False,True,True,True,False,False
UC5IHXcyrReQKIEKtB37lz7Q,KabelJournal® GmbH,1,4140,False,2013-08-01T08:03:36Z,2022-10-07T08:48:07Z,,unclassified_missing_dates,False,False,False,True,False,False
UC5JJG1ZW-yRlLzMrgH77YbA,Walter “der TeckTanguero”,1,67,False,2012-04-12T07:02:49Z,2022-11-02T09:02:18Z,,unclassified_missing_dates,False,False,False,True,False,False
UC5JNoczz7kh4jZ-9mtq0yJQ,,0,,False,,,,unclassified_missing_dates,False,True,True,True,False,False
UC5JeZoY2ogouBBAY9lt5Wtg,,0,,False,,,,unclassified_missing_dates,False,True,True,True,False,False
UC5K5PaOrynHPqQYbo58k_Kw,,1,,,,,,unclassified_missing_dates,False,True,True,True,False,False
UC5KVF1DbzfRP-jKFXcof23w,,0,,False,,,,unclassified_missing_dates,False,True,True,True,False,False
UC5KY16Q3kAXTKFiRns4dJMw,,1,,,,,,unclassified_missing_dates,False,True,True,True,False,False
UC5L4rorWxx3pc_oVDZVOGtg,,1,,,,,,unclassified_missing_dates,False,True,True,True,False,False
UC5LKw8nPWWH4wRtqM9RpT_w,Kreisschülervertretung Groß-Gerau,1,13,False,2021-03-01T23:14:37Z,,,unclassified_missing_dates,False,False,True,True,False,False
UC5LPoPyykSYHMMcvSruFHXA,,1,,,,,,unclassified_missing_dates,False,True,True,True,False,False
UC5MdJVYBqNG5mlMoeQqwp_w,,0,,False,,,,unclassified_missing_dates,False,True,True,True,False,False
UC5OaZP3lUBoSVP-gM4qZ0bA,,0,,False,,,,unclassified_missing_dates,False,True,True,True,False,False
UC5PNE9s786ihullUOil_KIg,Freggel,1,4690,False,2019-12-10T12:49:46Z,2022-10-08T15:19:04Z,,unclassified_missing_dates,False,False,False,True,False,False
UC5RNPGm_xJJacLMbdJ6MFmQ,Roman Kuffert MdL Brandenburg,1,164,False,2019-12-21T17:21:54Z,2024-07-16T21:38:19Z,,unclassified_missing_dates,False,False,False,True,False,False
UC5Ra7rZA9xrzozCUsTuoH1g,,0,,False,,,,unclassified_missing_dates,False,True,True,True,False,False
UC5RnZlczU-cnbww5sOdep6g,,0,,False,,,,unclassified_missing_dates,False,True,True,True,False,False
UC5TrFlPDUtgBqhqihjIAFVw,,1,,,,,,unclassified_missing_dates,False,True,True,True,False,False
UC5V6firc-9PUlstKjwnCxUQ,,1,,,,,,unclassified_missing_dates,False,True,True,True,False,False
UC5WEwtgN5bnqgJeEI83Crsg,,1,,,,,,unclassified_missing_dates,False,True,True,True,False,False
UC5WXmUCZ0sfpjoMnrG9_OoA,Vienna Hurricanes,1,37,False,2017-09-22T09:10:44Z,2022-10-20T13:00:16Z,,unclassified_missing_dates,False,False,False,True,False,False
UC5X36W2lzRxkYlqFWOBVGEA,,1,,,,,,unclassified_missing_dates,False,True,True,True,False,False
UC5Xhl4gN-ZW_oKTnvof30Jw,,0,,False,,,,unclassified_missing_dates,False,True,True,True,False,False
UC5Y8bt0qPHJpxDnYwSEmNww,,0,,False,,,,unclassified_missing_dates,False,True,True,True,False,False
UC5YsLiBTc-tRi4ujN38h8_g,,1,,,,,,unclassified_missing_dates,False,True,True,True,False,False
UC5aHCkpszfiP1R9Z3I5J5vw,,1,,,,,,unclassified_missing_dates,False,True,True,True,False,False
UC5aKYNb8pAPYEVnTdloXdkA,,0,,False,,,,unclassified_missing_dates,False,True,True,True,False,False
UC5aaIpWuLS0lKrWHmm-wl4Q,,1,,,,,,unclassified_missing_dates,False,True,True,True,False,False
UC5aez5JQrmCu3iIhhED3gzQ,Junge Stimme Niedersachsen,1,13,False,2022-07-17T11:10:13Z,,,unclassified_missing_dates,False,False,True,True,False,False
UC5b1NSNqsEVG31xFDjprA5w,,0,,False,,,,unclassified_missing_dates,False,True,True,True,False,False
UC5bKZHg4PzURMOWcvanl6nA,,0,,False,,,,unclassified_missing_dates,False,True,True,True,False,False
UC5cRzZzBb_BdkYHmV24QTkw,,0,,False,,,,unclassified_missing_dates,False,True,True,True,False,False
UC5cYkH0mvpdL-PBvHKBlPZA,LEE_NRW,1,410,False,2017-03-06T08:19:11Z,2022-10-10T09:10:43Z,,unclassified_missing_dates,False,False,False,True,False,False
UC5cZKUTw4N9AhGEax-8MS4g,,0,,False,,,,unclassified_missing_dates,False,True,True,True,False,False
UC5eERl41l-t4GfYmrHjQvaw,,1,,,,,,unclassified_missing_dates,False,True,True,True,False,False
UC5f1ptmkRYSv-Udb8uFFXNw,,0,,False,,2023-11-29T16:16:43Z,,unclassified_missing_dates,False,True,False,True,False,False
UC5gulPEW4fag6L7ayyHeXWQ,,0,,False,,,,unclassified_missing_dates,False,True,True,True,False,False
UC5h0moQKkQZmzLfrzZ2acow,,0,,False,,,,unclassified_missing_dates,False,True,True,True,False,False
UC5i7JTZNv4C4fbBHHTuyASw,,0,,False,,,,unclassified_missing_dates,False,True,True,True,False,False
UC5iQIQ1qvyNF7WKqe95gGbw,,0,,False,,,,unclassified_missing_dates,False,True,True,True,False,False
UC5japFGK3tTDIaVhpEbxepg,,1,,,,,,unclassified_missing_dates,False,True,True,True,False,False
UC5k2cOSnB8_hDN5ir-to4lg,,0,,False,,,,unclassified_missing_dates,False,True,True,True,False,False
UC5lz71YHH3zI66z48OzEIFw,,0,,False,,,,unclassified_missing_dates,False,True,True,True,False,False
UC5mT739rg5M5AkK0UEQYxXQ,,1,,,,,,unclassified_missing_dates,False,True,True,True,False,False
UC5ml8o20ZEjOVdWhPCT2DJg,,0,,False,,,,unclassified_missing_dates,False,True,True,True,False,False
UC5n81FakMocto21RvkgQWYg,,1,,,,,,unclassified_missing_dates,False,True,True,True,False,False
UC5nl6emOpwfkxFlnSptlOVA,,0,,False,,,,unclassified_missing_dates,False,True,True,True,False,False
UC5o7tRUAbA8frSgWz6ME0sw,,0,,False,,,,unclassified_missing_dates,False,True,True,True,False,False
UC5oNvbG4z-AdkH_2UM2IdLw,,0,,False,,,,unclassified_missing_dates,False,True,True,True,False,False
UC5p2r5b-6QqxR_5VOXpWleg,CDU Walldürn,1,8,False,2021-04-24T11:25:11Z,,,unclassified_missing_dates,False,False,True,True,False,False
UC5p3jN-RDc57JRukgcO0Bzw,Stefan Hans Bauer,1,2430,False,2021-01-27T11:08:02Z,,,unclassified_missing_dates,False,False,True,True,False,False
UC5pzBa6oHD5HsiDnlmm5QEw,,1,,,,,,unclassified_missing_dates,False,True,True,True,False,False
UC5rGCxEyCvQT374ql1Cwgmg,,0,,False,,,,unclassified_missing_dates,False,True,True,True,False,False
UC5rJ5yXnyCiQxrzDtWuX9zA,XYDogAustria,1,2320,False,2006-09-17T03:57:29Z,2022-10-10T14:43:05Z,,unclassified_missing_dates,False,False,False,True,False,False
UC5sD-_CVc0pYFY_EM9DsggQ,Plastikblech 𖤹 ,1,277,False,2017-11-23T06:47:39Z,2022-11-21T16:33:06Z,,unclassified_missing_dates,False,False,False,True,False,False
UC5uFR3Z0Lk0RYzYI6BjuMMQ,,0,,False,,,,unclassified_missing_dates,False,True,True,True,False,False
UC5vDoqbVLjCndEctJ4YFjOQ,Der Wirtschaftsanalyst,1,426,False,2021-10-18T11:52:06Z,2022-10-10T15:30:01Z,,unclassified_missing_dates,False,False,False,True,False,False
UC5vIWr5Y5USJ3HndKq2DBJA,cozmo news,1,333,False,2019-11-17T17:12:21Z,2022-12-25T17:59:08Z,,unclassified_missing_dates,False,False,False,True,False,False
UC5xS2ECFiws-ObuwJqFRVQg,,0,,False,,,,unclassified_missing_dates,False,True,True,True,False,False
UC5xwj4WS4Jbe06nWmCVIoTQ,,0,,False,,,,unclassified_missing_dates,False,True,True,True,False,False
UC6-tKSdT8e8ZEUhq1lkz7vA,,1,,,,,,unclassified_missing_dates,False,True,True,True,False,False
UC60Kq7Z0owJ6No_dho-uvgw,,1,,,,,,unclassified_missing_dates,False,True,True,True,False,False
UC60j660G-HXjZEws3yLRyPg,,0,,False,,,,unclassified_missing_dates,False,True,True,True,False,False
UC60nM8S1tPH5VRy3bdUFsPw,,0,,False,,,,unclassified_missing_dates,False,True,True,True,False,False
UC610101hGXUQpoNqgL6lw6A,,0,,False,,,,unclassified_missing_dates,False,True,True,True,False,False
UC62nuBy1KRv3ECpadN-TR3Q,,1,,,,,,unclassified_missing_dates,False,True,True,True,False,False
UC640y4UvDAlya_WOj5U4pfA,,0,,False,,,,unclassified_missing_dates,False,True,True,True,False,False
UC65bxF8fiAYh-tYf9_N2yLw,,0,,False,,,,unclassified_missing_dates,False,True,True,True,False,False
UC68cPzNSGc3YXNXlQjm3tCA,,1,,,,,,unclassified_missing_dates,False,True,True,True,False,False
UC68ldbHwL_-5qzETqOaAMWQ,,0,,False,,,,unclassified_missing_dates,False,True,True,True,False,False
UC69Ql0UtpmYcKiRJ7yeEEyQ,,1,,,,,,unclassified_missing_dates,False,True,True,True,False,False
UC6A1IykkLsJFdTw61IXHfjA,,0,,False,,,,unclassified_missing_dates,False,True,True,True,False,False
UC6AOQZ8DlIwfFTTLh84VtDA,,0,,False,,,,unclassified_missing_dates,False,True,True,True,False,False
UC6AmBquXjGxIbs2yLoEAmGA,,0,,False,,,,unclassified_missing_dates,False,True,True,True,False,False
UC6ArXfVZRQkdX2qUtMCs44g,,1,,,,,,unclassified_missing_dates,False,True,True,True,False,False
UC6BQSWYpyJXuOlPA1RNImxw,,0,,False,,,,unclassified_missing_dates,False,True,True,True,False,False
UC6BXYZAj79R9o0j5PGCnMIg,VIP VELO | Interviews auf dem Tandem-Fahrrad,1,785,False,2020-03-02T14:55:33Z,2022-10-13T16:00:10Z,,unclassified_missing_dates,False,False,False,True,False,False
UC6C2qbFTnMe1cD7Cb9D2XiQ,,0,,False,,,,unclassified_missing_dates,False,True,True,True,False,False
UC6Dq3N-SKES--ZDoqf0k08w,LoComNET MENSCHEN.MACHEN.MEDIEN.,1,3420,False,2021-09-13T10:21:50Z,2022-10-11T16:57:25Z,,unclassified_missing_dates,False,False,False,True,False,False
UC6E6Cq9S45LneyX6qFYt1eg,,0,,False,,,,unclassified_missing_dates,False,True,True,True,False,False
UC6EXIk_WmMWX_4AG-UXJ6KA,,1,,,,,,unclassified_missing_dates,False,True,True,True,False,False
UC6Ey_-1jn0nx834Y273Bifg,Inge Gräßle,1,10,False,2022-03-23T15:35:20Z,,,unclassified_missing_dates,False,False,True,True,False,False
UC6FMX7TYM9PcAEVgCl6ve1Q,,1,,,,,,unclassified_missing_dates,False,True,True,True,False,False
UC6FO6HwcTdLiMbqoDrjx57Q,Heinrich-Böll-Stiftung Schleswig-Holstein,1,96,False,2021-03-25T10:33:01Z,2022-11-14T20:20:16Z,,unclassified_missing_dates,False,False,False,True,False,False
UC6GEHhiLldDUuJ_j8NdMG3w,,0,,False,,,,unclassified_missing_dates,False,True,True,True,False,False
UC6H8v3AQneVlMfYt7ysrlbA,,1,,,,,,unclassified_missing_dates,False,True,True,True,False,False
UC6IKvfT9LswqzarXGF1ffEw,Tim Krause,1,72,False,2021-08-03T15:45:11Z,,,unclassified_missing_dates,False,False,True,True,False,False
UC6INwB2TP0vDBVPsVZx4z8g,,0,,False,,,,unclassified_missing_dates,False,True,True,True,False,False
UC6ISJYM06xpY_AV0hZWLdKA,,1,,,,,,unclassified_missing_dates,False,True,True,True,False,False
UC6IXIG-3mrkvacy8Yzb05VQ,,0,,False,,2023-10-17T12:27:11Z,2023-11-05T12:11:46Z,first_active_after_reference,False,True,False,False,False,False
UC6InHEBVp5e4HmS2WV6e4_w,,0,,False,,,,unclassified_missing_dates,False,True,True,True,False,False
UC6L5o210E9ZFAIM0VbHEu5A,,1,,,,2023-11-09T16:36:09Z,,unclassified_missing_dates,False,True,False,True,False,False
UC6MguqEmRNjTdrtyWXuRDiA,,1,,,,,,unclassified_missing_dates,False,True,True,True,False,False
UC6MxD296RitP1AK3eEzj2VQ,,0,,False,,,,unclassified_missing_dates,False,True,True,True,False,False
UC6PBLd4sIRr8jT3GJSJyeeQ,,0,,False,,,,unclassified_missing_dates,False,True,True,True,False,False
UC6PCVlMJFvCt7RuiLIo281g,,0,,False,,,,unclassified_missing_dates,False,True,True,True,False,False
UC6PXcZheh0LEEcyEAV9o7fQ,,1,,,,,,unclassified_missing_dates,False,True,True,True,False,False
UC6QOQUGDSNn-Sk1TBm1z3Hw,,1,,,,,,unclassified_missing_dates,False,True,True,True,False,False
UC6T0L26KS1NHMPbTwI1L4Eg,,0,,False,,2022-11-05T20:26:41Z,,unclassified_missing_dates,False,True,False,True,False,False
UC6T5dQJLSGJMFXBD9m2smDg,,0,,False,,,,unclassified_missing_dates,False,True,True,True,False,False
UC6TS_yvHOI5PizNJy6cH_mw,,1,,,,,,unclassified_missing_dates,False,True,True,True,False,False
UC6UWaUObvXXMIac8vXTqVFw,,1,,,,,,unclassified_missing_dates,False,True,True,True,False,False
UC6UjEC70HGR1DFalkt34abg,,1,,,,,,unclassified_missing_dates,False,True,True,True,False,False
UC6UqC3ccwKE2biNb72s83Zw,,0,,False,,,,unclassified_missing_dates,False,True,True,True,False,False
UC6UrMr8HdfTe9OzuBRcOBCA,EntiligenteEnte,1,566,False,2014-05-12T10:08:57Z,,,unclassified_missing_dates,False,False,True,True,False,False
UC6WB_wreo4HUO8LHLpfckYQ,,1,,,,,,unclassified_missing_dates,False,True,True,True,False,False
UC6WyCvnCVgShDWwjl-APDkQ,,0,,False,,,,unclassified_missing_dates,False,True,True,True,False,False
UC6Y8XENmVheAlw69pPOjHXA,Deppenkarussell,1,1130,False,2021-11-13T19:08:38Z,,,unclassified_missing_dates,False,False,True,True,False,False
UC6YSuUGvHrqaTNAMFmM-tCw,,0,,False,,,,unclassified_missing_dates,False,True,True,True,False,False
UC6Z35wMDZ1wMVWEXGEgU3iQ,,0,,False,,,,unclassified_missing_dates,False,True,True,True,False,False
UC6ZAAmAaS27aK84NNYhtnkQ,,0,,False,,,,unclassified_missing_dates,False,True,True,True,False,False
UC6ZPDUWWUHqE_tIvY9NLZWQ,,1,,,,,,unclassified_missing_dates,False,True,True,True,False,False
UC6ZgDKpSlQka9-0jXmIN0PA,FDPRLP,1,146,False,2008-03-12T13:43:32Z,2025-02-06T14:54:02Z,,unclassified_missing_dates,False,False,False,True,False,False
UC6_Rv_lyY7_WBgxvq3bDeAA,,0,,False,,,,unclassified_missing_dates,False,True,True,True,False,False
UC6_gix738VppgEakkkCnKpw,,0,,False,,,,unclassified_missing_dates,False,True,True,True,False,False
UC6bUGyI8Nfwe5dvipZ3qSIQ,,0,,False,,,,unclassified_missing_dates,False,True,True,True,False,False
UC6cJboaatnf1gIGCSWpwkAg,,1,,,,,,unclassified_missing_dates,False,True,True,True,False,False
UC6e1Mi56DxwGZ9TZ872hRjQ,,0,,False,,,,unclassified_missing_dates,False,True,True,True,False,False
UC6emiY9qDZZaBZmEyrak7ng,SPD Aachen,1,98,False,2014-12-16T18:52:14Z,2025-02-03T16:14:17Z,,unclassified_missing_dates,False,False,False,True,False,False
UC6fKS0Abp5vLFtrFxYUQKRg,,0,,False,,,,unclassified_missing_dates,False,True,True,True,False,False
UC6gk36DEURKCXTToDKRjVew,,0,,False,,,,unclassified_missing_dates,False,True,True,True,False,False
UC6hy0564iViCCSz3DId5KZA,,0,,False,,,,unclassified_missing_dates,False,True,True,True,False,False
UC6ib6D9oMJXDVaR_-WyCvSA,BUND Schwarzwald Baar Heuberg,1,0,False,2021-02-23T18:26:18Z,,,unclassified_missing_dates,False,False,True,True,False,False
UC6j1X9bJh544xmJb29fOMvg,Zweck Kind (ZweckKind),1,4640,False,2010-01-20T01:17:08Z,2022-10-18T20:36:59Z,,unclassified_missing_dates,False,False,False,True,False,False
UC6jmbiOgvwaZvPpgpmYC8AA,,0,,False,,,,unclassified_missing_dates,False,True,True,True,False,False
UC6juisijUAHcJLt23nk-qOQ,,0,,False,,,,unclassified_missing_dates,False,True,True,True,False,False
UC6k_w-nmlBXFkEwGVIjgutA,,1,,,,,,unclassified_missing_dates,False,True,True,True,False,False
UC6kscGUBbFVA9HcPLLNtB6A,Grüne Regensburg,1,6,False,2020-11-23T17:21:00Z,,,unclassified_missing_dates,False,False,True,True,False,False
UC6lMtVPVO1zj88YA5vA25kw,,0,,False,,,,unclassified_missing_dates,False,True,True,True,False,False
UC6mT70kiJAocSljmCZU9vQg,Rayan_ah2,1,48,False,2022-04-12T17:53:02Z,2022-10-17T12:05:16Z,,unclassified_missing_dates,False,False,False,True,False,False
UC6oZ-8rNOqKE8wZlbn-pCpQ,,0,,False,,,,unclassified_missing_dates,False,True,True,True,False,False
UC6ocAhMipbGzAlW2iLj-Q7w,weineckfilm.de,1,122,False,2010-02-07T11:09:26Z,2023-01-01T17:13:29Z,,unclassified_missing_dates,False,False,False,True,False,False
UC6otg3XoyNPFXQKTZhvwSJg,,0,,False,,,,unclassified_missing_dates,False,True,True,True,False,False
UC6p8yyZaTXj4bnBh1xp-Lsg,,0,,False,,,,unclassified_missing_dates,False,True,True,True,False,False
UC6pq73EbstPuG1So35C5FVw,,1,,,,,,unclassified_missing_dates,False,True,True,True,False,False
UC6pqPF2QQuu62Z--kF4iD2A,,1,,,,,,unclassified_missing_dates,False,True,True,True,False,False
UC6qJwjZWG3x0RWthS4j-z3A,,1,,,,,,unclassified_missing_dates,False,True,True,True,False,False
UC6qf8AGvAGixZXWdxapvCqw,,0,,False,,,,unclassified_missing_dates,False,True,True,True,False,False
UC6sDB4Li1AO-h_iDmQgu_Iw,,1,,,,,,unclassified_missing_dates,False,True,True,True,False,False
UC6sbFTdDdu9xig3VIy5Inhg,,0,,False,,,,unclassified_missing_dates,False,True,True,True,False,False
UC6t5xeHYJSWP_fMye_siePw,,1,,,,,,unclassified_missing_dates,False,True,True,True,False,False
UC6tV_M5rimiYHdEA7FXBVSw,The Property Post,1,2030,False,2017-03-20T10:17:53Z,2022-10-27T08:47:25Z,,unclassified_missing_dates,False,False,False,True,False,False
UC6tdYm6M056-arW6hm0uo-w,,0,,False,,,,unclassified_missing_dates,False,True,True,True,False,False
UC6tkMmQhGztI28XMuKslGwg,,0,,False,,,,unclassified_missing_dates,False,True,True,True,False,False
UC6tyUGH0kuXkdNqeVcHhswQ,,1,,,,,,unclassified_missing_dates,False,True,True,True,False,False
UC6umqdjV20YdOm__zn31QKQ,,0,,False,,,,unclassified_missing_dates,False,True,True,True,False,False
UC6vGeXKFII-vA7N2mwJh1Uw,,0,,False,,,,unclassified_missing_dates,False,True,True,True,False,False
UC6vHEZFqNq2CYC975yNEr1w,,0,,False,,,,unclassified_missing_dates,False,True,True,True,False,False
UC6vSSovFqvdkydyN8J5CV6A,,1,,,,2023-10-18T08:44:30Z,,unclassified_missing_dates,False,True,False,True,False,False
UC6wAimDzrZSVwdCYQXoe9Lw,,1,,,,,,unclassified_missing_dates,False,True,True,True,False,False
UC6wlK9z2-nDpy1RLFfQaW_w,,0,,False,,,,unclassified_missing_dates,False,True,True,True,False,False
UC6xAgCP5C6Er4lg7xfHnFRA,linksjugend ['solid] Brandenburg,1,12,False,2021-04-21T19:04:02Z,,,unclassified_missing_dates,False,False,True,True,False,False
UC6yUyfmwaVa7JWo6BDFh9jg,CDU Löningen,1,50,False,2021-07-16T10:34:56Z,2023-03-12T15:37:36Z,,unclassified_missing_dates,False,False,False,True,False,False
UC6yZs0CMuKTyzyGxlmJyG_A,Zirkus Corona Wahnsinn,1,2340,False,2020-09-14T07:35:24Z,2022-10-12T10:27:35Z,,unclassified_missing_dates,False,False,False,True,False,False
UC6y_DbpezOinlzHv8O092zw,,0,,False,,,,unclassified_missing_dates,False,True,True,True,False,False
UC6ylikHBX9_es8TIf0vmiUQ,,0,,False,,,,unclassified_missing_dates,False,True,True,True,False,False
UC6yvX9FGHHhs7ZI0SAtvrbw,CDU Dissen,1,4,False,2021-07-21T13:52:11Z,,,unclassified_missing_dates,False,False,True,True,False,False
UC6zRffwr38LwNogFM2swhtw,REGIONAL.report - 100% lokal 100% digital,1,492,False,2020-07-07T07:42:31Z,,,unclassified_missing_dates,False,False,True,True,False,False
UC7-q9DQQhnDctPu5dSArFbw,Helmut Wißner,1,5,False,2011-12-06T10:39:20Z,2024-05-04T16:03:08Z,,unclassified_missing_dates,False,False,False,True,False,False
UC70OW5FuRIXUA_HZvsbHebg,Ge Schi,1,945,False,2010-12-18T23:25:46Z,2026-06-21T22:10:34Z,,unclassified_missing_dates,False,False,False,True,False,False
UC70yW54lkdiptVay7R4XE5w,Grüne Fraktion Bayern,1,818,False,2009-07-23T09:07:16Z,2022-12-22T07:42:57Z,,unclassified_missing_dates,False,False,False,True,False,False
UC71N9oyc4YkniJrh3l5Yb5Q,,1,,,,,,unclassified_missing_dates,False,True,True,True,False,False
UC72Vi2MwL-v8Bln7nabXOjQ,,0,,False,,,,unclassified_missing_dates,False,True,True,True,False,False
UC73WbtTAQ3vp8EYF9ryCd1Q,,0,,False,,,,unclassified_missing_dates,False,True,True,True,False,False
UC73aoso2YHQHaTEUFTYNxeQ,,0,,False,,,,unclassified_missing_dates,False,True,True,True,False,False
UC73uTrMZabzajTU8dN697hA,,1,,,,,,unclassified_missing_dates,False,True,True,True,False,False
UC75LvYwh8JDfwGuZt_TKRrQ,,0,,False,,,,unclassified_missing_dates,False,True,True,True,False,False
UC76CkgSa8u4sY19h7OiRROw,Michael Langerhorst,1,2,False,2009-12-23T09:40:11Z,,,unclassified_missing_dates,False,False,True,True,False,False
UC771SLy6dmbStn0zaK6yixA,,0,,False,,,,unclassified_missing_dates,False,True,True,True,False,False
UC77n8d2_UwHj9b-Ut2zWQPw,,1,,,,,,unclassified_missing_dates,False,True,True,True,False,False
UC78HqCsNuNPULtRT9fGxwsQ,Damhat Sisamci,1,5,False,2022-03-23T12:04:17Z,,,unclassified_missing_dates,False,False,True,True,False,False
UC7BaxbyGMgIjptZLpT0Ej4w,,0,,False,,,,unclassified_missing_dates,False,True,True,True,False,False
UC7CjJxNYMyMYdMRnDw02rOQ,,1,,,,,,unclassified_missing_dates,False,True,True,True,False,False
UC7Ek0LEAxyDkAB4IrGNY8jg,,0,,False,,,,unclassified_missing_dates,False,True,True,True,False,False
UC7F6pm-x7aOUX9Lhi6z-XNw,,1,,,,,,unclassified_missing_dates,False,True,True,True,False,False
UC7Ft6iA0fm3YU0D2nJlZnUg,,0,,False,,,,unclassified_missing_dates,False,True,True,True,False,False
UC7G5hyE2DJQArXd52NnJKqA,,0,,False,,,,unclassified_missing_dates,False,True,True,True,False,False
UC7G8ozmvo7SDLxRMWdqX6yw,,0,,False,,,,unclassified_missing_dates,False,True,True,True,False,False
UC7GZkloQkffFqC-SQviHEdA,,0,,False,,,,unclassified_missing_dates,False,True,True,True,False,False
UC7GgD3I62qKmR051SxceT7Q,,0,,False,,,,unclassified_missing_dates,False,True,True,True,False,False
UC7Gi8RXoib7PQlm8Fgu_vbw,,1,,,,,,unclassified_missing_dates,False,True,True,True,False,False
UC7HqVg2OWrZknqvMggH-xzg,,0,,False,,,,unclassified_missing_dates,False,True,True,True,False,False
UC7IEaJdngLHsBfCoQs6ItUA,,0,,False,,,,unclassified_missing_dates,False,True,True,True,False,False
UC7Icx6Cn49HKHdeRXA4j_rg,Gedankenspiele Poesie,1,13,False,2021-10-01T13:12:24Z,2023-01-09T13:23:02Z,,unclassified_missing_dates,False,False,False,True,False,False
UC7LAoKwvm08Q1YPjxJi6oRA,,0,,False,,,,unclassified_missing_dates,False,True,True,True,False,False
UC7NpT_kcQV1m8_sWvhanGZA,,1,,,,,,unclassified_missing_dates,False,True,True,True,False,False
UC7Ojm2s7XndbT4ZR7FRKRbw,,1,,,,,,unclassified_missing_dates,False,True,True,True,False,False
UC7OtO01saqqJE0Ut-ZyDWjw,,1,,,,,,unclassified_missing_dates,False,True,True,True,False,False
UC7PG-tuHelwOyDNtk6LCL4w,,0,,False,,,,unclassified_missing_dates,False,True,True,True,False,False
UC7PIRewyXu3vm_FUSuGCbrw,,0,,False,,,,unclassified_missing_dates,False,True,True,True,False,False
UC7Q7H6qg3oC-1U_EX6qbYWw,,0,,False,,,,unclassified_missing_dates,False,True,True,True,False,False
UC7QRR8DWjjl7x6bcLB412Lg,,1,,,,,,unclassified_missing_dates,False,True,True,True,False,False
UC7QZIf0dta-XPXsp9Hv4dTw,,0,,False,,2023-09-06T19:00:08Z,,unclassified_missing_dates,False,True,False,True,False,False
UC7R-aK7hWelrPMwr9Qfp6-g,,0,,False,,,,unclassified_missing_dates,False,True,True,True,False,False
UC7TNpstQcsQVA3QeH3yba1Q,Küstenwende - Freiheitliches Forum e.V.,1,2040,False,2013-11-27T09:14:34Z,2022-06-07T11:03:10Z,,unclassified_missing_dates,False,False,False,True,False,False
UC7UQMrVyeJ-j0jooG-iBCiA,,1,,,,,,unclassified_missing_dates,False,True,True,True,False,False
UC7VGKQMWMzfO6Ishn4fYVNw,,1,,,,,,unclassified_missing_dates,False,True,True,True,False,False
UC7XE22rjGTD2uflFsghg8ng,,0,,False,,,,unclassified_missing_dates,False,True,True,True,False,False
UC7XMG7p7vNYewbNOm-Mh8lA,,0,,False,,,,unclassified_missing_dates,False,True,True,True,False,False
UC7Y8tZOzp5Sz6aosp1SZEyA,,0,,False,,,,unclassified_missing_dates,False,True,True,True,False,False
UC7ZuYH6KND8Fa2sYYtIuWpw,,0,,False,,,,unclassified_missing_dates,False,True,True,True,False,False
UC7_CsOWMvccr1TtbEFhsDLg,Kirja,1,8,False,2014-12-25T22:04:57Z,,,unclassified_missing_dates,False,False,True,True,False,False
UC7_ZAD6C4zYyyo2wErVW1lw,,0,,False,,,,unclassified_missing_dates,False,True,True,True,False,False
UC7bXZxN_E1GtEWR-d_wZaIA,,0,,False,,,,unclassified_missing_dates,False,True,True,True,False,False
UC7bYyWCCCLHDU0ZuNzGNTtg,,0,,False,,,,unclassified_missing_dates,False,True,True,True,False,False
UC7dFak8hNoZ5Uqq57vmcr5A,,0,,False,,,,unclassified_missing_dates,False,True,True,True,False,False
UC7edjYPNhTm5LYJMT7UMt0Q,,0,,False,,,,unclassified_missing_dates,False,True,True,True,False,False
UC7fcf0JvsQcORo_SrKL8R1g,,0,,False,,,,unclassified_missing_dates,False,True,True,True,False,False
UC7gZtpams3-67x6YmsiIHKA,Sozialverband VdK Saarland e.V.,1,69,False,2021-04-16T07:57:29Z,2023-01-16T10:39:14Z,,unclassified_missing_dates,False,False,False,True,False,False
UC7kkgOjRb64DF5RErw1Qzjw,Black Dog,1,27,False,2020-06-08T06:43:56Z,2022-12-08T15:33:51Z,,unclassified_missing_dates,False,False,False,True,False,False
UC7msrowej4TyPAxDhdGBBIA,,0,,False,,,,unclassified_missing_dates,False,True,True,True,False,False
UC7np-nqFGln0n-A6ypzdgng,,0,,False,,,,unclassified_missing_dates,False,True,True,True,False,False
UC7pgyqP_n3G9wuXQpSAZEuA,,0,,False,,,,unclassified_missing_dates,False,True,True,True,False,False
UC7pwnMOJQvae59NYpxGLjjg,,1,,,,,,unclassified_missing_dates,False,True,True,True,False,False
UC7q8zONLRmcWlq_moJ_Ys3w,,0,,False,,,,unclassified_missing_dates,False,True,True,True,False,False
UC7qVXjC3wQ-0InWJWv17kvg,WIR BEWEGEN BUTZBACH - CDU,1,26,False,2020-12-19T10:05:38Z,,,unclassified_missing_dates,False,False,True,True,False,False
UC7qsxJ7-u68u21_6age8HJA,Regenbogen - Gespräche,1,38,False,2020-05-11T13:05:44Z,2023-02-11T22:37:51Z,,unclassified_missing_dates,False,False,False,True,False,False
UC7rjNB5Fx1i4Kdnla7cn7rQ,,1,,,,,,unclassified_missing_dates,False,True,True,True,False,False
UC7rtE7hSTaC8xDf5v_7O1qQ,,0,,False,,,,unclassified_missing_dates,False,True,True,True,False,False
UC7rvPz9f3pcLLcjIia-f6HA,,0,,False,,,,unclassified_missing_dates,False,True,True,True,False,False
UC7sMDrheM8O5ZT6UJY4VBTQ,,0,,False,,,,unclassified_missing_dates,False,True,True,True,False,False
UC7set75mT1McyVyJE4qUt_A,Utz Mörbe,1,48,False,2020-03-29T14:01:58Z,,,unclassified_missing_dates,False,False,True,True,False,False
UC7souxLg39OvYNVeEV5AXtg,,0,,False,,,,unclassified_missing_dates,False,True,True,True,False,False
UC7t0XhuP3HCIialYh-fEipA,,0,,False,,,,unclassified_missing_dates,False,True,True,True,False,False
UC7t8a9CPcKmdH0vZw23Cr8g,,1,,,,,,unclassified_missing_dates,False,True,True,True,False,False
UC7vwQLGUUy2_gWn_WG3M6sQ,,0,,False,,,,unclassified_missing_dates,False,True,True,True,False,False
UC7xJlxnfXBIRK5G_zeBCUJQ,,1,,,,2023-12-03T12:32:43Z,2023-12-29T10:39:23Z,first_active_after_reference,False,True,False,False,False,False
UC7y2bpRy6Te5W0KlswJiyrw,,1,,,,,,unclassified_missing_dates,False,True,True,True,False,False
UC7yc6W0-F_j3PnbNsNbY-_A,,0,,False,,,,unclassified_missing_dates,False,True,True,True,False,False
UC7zcc-4u0tjN8bfyiDjl3qw,,1,,,,,,unclassified_missing_dates,False,True,True,True,False,False
UC800fo-7c-5gBzmZrjOXPPg,,1,,,,,,unclassified_missing_dates,False,True,True,True,False,False
UC80e5rWtoigSbzrUrj2M1Rg,Helmut Martin MdL,1,18,False,2018-05-24T08:59:15Z,2022-10-28T11:27:09Z,,unclassified_missing_dates,False,False,False,True,False,False
UC80l6uXft6utNbmamibT5Zw,Spezies 8472🍒JRL🍒K8,1,7,False,2021-08-14T20:42:42Z,,,unclassified_missing_dates,False,False,True,True,False,False
UC80yCArzC4d776Q7LD9K_Mw,,0,,False,,,,unclassified_missing_dates,False,True,True,True,False,False
UC81j7oarMg7R9s2tIMjgu_w,,0,,False,,,,unclassified_missing_dates,False,True,True,True,False,False
UC82l2-5ReqofagkBnavptMg,,1,,,,,,unclassified_missing_dates,False,True,True,True,False,False
UC82zidKG5iB5cuWJHRJx_2w,,0,,False,,,,unclassified_missing_dates,False,True,True,True,False,False
UC83VX0ljK1eF1UuYF2Woklg,FDP Erlangen,1,9,False,2020-01-25T16:08:16Z,,,unclassified_missing_dates,False,False,True,True,False,False
UC84GwmnAmAnDi3tHX6EWo9Q,,1,,,,,,unclassified_missing_dates,False,True,True,True,False,False
UC84swC9jWNb2qvBCM5BVkig,,0,,False,,2023-11-07T19:48:15Z,2023-11-07T19:48:15Z,first_active_after_reference,False,True,False,False,False,False
UC85FvpZDx4bicx3RkiYB77A,,1,,,,,,unclassified_missing_dates,False,True,True,True,False,False
UC85mM0MwLSE69OwnMMTujUQ,,0,,False,,,,unclassified_missing_dates,False,True,True,True,False,False
UC88V99rHJDQ_OeC2sBQSidQ,,0,,False,,,,unclassified_missing_dates,False,True,True,True,False,False
UC88vXDEHwe1mCTt8wgONpEQ,Junge Alternative,1,6430,False,2018-03-22T18:54:41Z,2022-10-09T18:37:09Z,,unclassified_missing_dates,False,False,False,True,False,False
UC8BfUybXsOOotLW2385t5gg,,1,,,,,,unclassified_missing_dates,False,True,True,True,False,False
UC8BnPgT5BYiutcin-wm_GuA,,0,,False,,,,unclassified_missing_dates,False,True,True,True,False,False
UC8CvM_RpIkbOIEwRDzHlSsA,Niema Movassat,1,4700,False,2020-05-10T17:38:22Z,,,unclassified_missing_dates,False,False,True,True,False,False
UC8EGtlQBzjZubrqKTO2_xDA,,0,,False,,,,unclassified_missing_dates,False,True,True,True,False,False
UC8EfyTAkty1X9I67i11cfVg,,0,,False,,,,unclassified_missing_dates,False,True,True,True,False,False
UC8EqVFhEKtTAl5wSaiaePMA,"Deniz Kurku, SPD",1,51,False,2017-12-19T08:16:27Z,2023-01-27T07:44:37Z,,unclassified_missing_dates,False,False,False,True,False,False
UC8FDHjEaJwS-prXoflamvGg,,1,,,,,,unclassified_missing_dates,False,True,True,True,False,False
UC8GAOCAJxBL4bExaUCvwL4Q,,0,,False,,,,unclassified_missing_dates,False,True,True,True,False,False
UC8I2-pUJ968sdDhfFpbqFpw,,0,,False,,,,unclassified_missing_dates,False,True,True,True,False,False
UC8IM_GGRsD1LDD0UuEFwIiQ,SPD Rosenheim ,1,86,False,2022-01-29T17:32:27Z,2022-11-21T14:31:23Z,,unclassified_missing_dates,False,False,False,True,False,False
UC8JQXakpFiql7nkln8VBqug,SPD Hildesheim,1,34,False,2018-12-13T18:29:19Z,2023-01-28T06:03:12Z,,unclassified_missing_dates,False,False,False,True,False,False
UC8JmlGkmU3tkqg2vg5eEFuQ,,0,,False,,2023-11-23T18:25:03Z,,unclassified_missing_dates,False,True,False,True,False,False
UC8KMBYwF5JHg_a14KyR41MQ,,1,,,,,,unclassified_missing_dates,False,True,True,True,False,False
UC8Kg_qHbX6-W3cNJVDRA9Ig,1minutegitarre,1,7780,False,2021-01-05T21:56:57Z,2023-01-30T19:29:14Z,,unclassified_missing_dates,False,False,False,True,False,False
UC8M1hLNqmx8m9fNbsFvTE0g,,1,,,,,,unclassified_missing_dates,False,True,True,True,False,False
UC8MEEwEf5sQAB5pD_Mbbccg,,0,,False,,,,unclassified_missing_dates,False,True,True,True,False,False
UC8MTzyAXL1FrFWq5Qfix2XQ,,0,,False,,2023-10-12T21:17:06Z,,unclassified_missing_dates,False,True,False,True,False,False
UC8NiftBqkk9I95ZgFiFOxUQ,FDP Oberallgäu,1,10,False,2020-03-04T10:02:15Z,2025-01-27T10:46:25Z,,unclassified_missing_dates,False,False,False,True,False,False
UC8NmwsrIe0bA8B7f2ChqZlA,,0,,False,,,,unclassified_missing_dates,False,True,True,True,False,False
UC8O2bT1bB_PbjPPsfLkKaWQ,GRÜN hinter den Ohren,1,814,False,2013-05-11T08:24:47Z,,,unclassified_missing_dates,False,False,True,True,False,False
UC8OEhfkkHCowcQemdGhp69w,,1,,,,,,unclassified_missing_dates,False,True,True,True,False,False
UC8OYiO2RtK8NIKMVQxtDo-A,,0,,False,,,,unclassified_missing_dates,False,True,True,True,False,False
UC8QuFeSd0ofLxqkFG2qYcyQ,Ich halt,1,43,False,2012-10-03T08:02:24Z,2022-10-22T17:39:30Z,,unclassified_missing_dates,False,False,False,True,False,False
UC8Rg4hF5OfDKSaBW0kSqXzw,,1,,,,,,unclassified_missing_dates,False,True,True,True,False,False
UC8T8uED24rkQah24eQNFeqA,,0,,False,,,,unclassified_missing_dates,False,True,True,True,False,False
UC8V1ECarEUvXDdEjm5LonZw,United Charity,1,1240,False,2011-09-30T10:05:36Z,2022-10-18T06:43:16Z,,unclassified_missing_dates,False,False,False,True,False,False
UC8VNsrHI_WDcfqwOKplv1jw,,1,,,,,,unclassified_missing_dates,False,True,True,True,False,False
UC8W2afrz9GBlo6JlvJ95sKQ,Info Welle,1,361,False,2021-04-06T12:32:13Z,,,unclassified_missing_dates,False,False,True,True,False,False
UC8Y7SsS1DsHDtLBr1vdbXOA,,0,,False,,,,unclassified_missing_dates,False,True,True,True,False,False
UC8ZjbxMESGcSteuqSCL_66g,,1,,,,,,unclassified_missing_dates,False,True,True,True,False,False
UC8alkHbnyEFFvy3ebsOabXA,,0,,False,,,,unclassified_missing_dates,False,True,True,True,False,False
UC8b-akV9rQ0Gv--TT2OH0JA,,0,,False,,,,unclassified_missing_dates,False,True,True,True,False,False
UC8b2W6oDVEdADchK9hwPbjg,,0,,False,,,,unclassified_missing_dates,False,True,True,True,False,False
UC8bGxfcc1pMkI9PaQE0Xm4w,,0,,False,,,,unclassified_missing_dates,False,True,True,True,False,False
UC8d7LR0x7U_jvnlmiGxc3xg,,0,,False,,,,unclassified_missing_dates,False,True,True,True,False,False
UC8eFBrwILKRmbLgvtVxXAFg,,1,,,,,,unclassified_missing_dates,False,True,True,True,False,False
UC8eni80wAN-LlLi2G5j3oTA,,1,,,,,,unclassified_missing_dates,False,True,True,True,False,False
UC8et8jEecd14I8nm1epaXjw,,0,,False,,,,unclassified_missing_dates,False,True,True,True,False,False
UC8fLI0F7eS9UERhJeqjufYw,Weedo TV,1,6340,False,2018-04-11T16:59:42Z,2022-10-19T15:32:57Z,,unclassified_missing_dates,False,False,False,True,False,False
UC8frS3tC2ZiRDOWv2r3rEVA,,0,,False,,,,unclassified_missing_dates,False,True,True,True,False,False
UC8g7hz4oXFzXNryt8h1gRPw,,0,,False,,,,unclassified_missing_dates,False,True,True,True,False,False
UC8gBVT6MannbKqq7oYas5Bw,,1,,,,,,unclassified_missing_dates,False,True,True,True,False,False
UC8h9yxFGLT3doS0ffgx5w8w,,0,,False,,,,unclassified_missing_dates,False,True,True,True,False,False
UC8hPYw9QivZepnW9DxxTSeQ,,1,,,,,,unclassified_missing_dates,False,True,True,True,False,False
UC8iG-K1xoBdZHUj5Aoow34g,,0,,False,,,,unclassified_missing_dates,False,True,True,True,False,False
UC8imEnsgm0VgpcsXanzX_Gw,,1,,,,2023-11-24T10:15:37Z,,unclassified_missing_dates,False,True,False,True,False,False
UC8jeVaIib4m_oI-c39DNN5A,Wohnen in der Krise,1,281,False,2013-02-12T00:20:02Z,2022-10-27T11:06:14Z,,unclassified_missing_dates,False,False,False,True,False,False
UC8kGKLXSUI4wgxFzA4pi0Bw,,0,,False,,,,unclassified_missing_dates,False,True,True,True,False,False
UC8l-pYQyVrpZROyzn0BfvmQ,,0,,False,,,,unclassified_missing_dates,False,True,True,True,False,False
UC8mvlujxv2kebwzPz8RRgtA,,1,,,,,,unclassified_missing_dates,False,True,True,True,False,False
UC8n1Z-V92qyVSMJlZGwlQ-w,Mauthausen Komitee Österreich (MKÖ),1,1480,False,2014-05-19T10:02:03Z,2022-10-18T08:15:04Z,,unclassified_missing_dates,False,False,False,True,False,False
UC8nPHwExooCR_ezAlGQ9Sug,,1,,,,,,unclassified_missing_dates,False,True,True,True,False,False
UC8nQAbQya-iKv5dlxDL7mbQ,,0,,False,,,,unclassified_missing_dates,False,True,True,True,False,False
UC8nfaIkd8KjqMON8rDWfW7w,,0,,False,,,,unclassified_missing_dates,False,True,True,True,False,False
UC8npTgt1xlW5Hn0jvED0TbQ,,1,,,,,,unclassified_missing_dates,False,True,True,True,False,False
UC8o7_VzBTX4YnLhGTSux3fA,,1,,,,2023-10-29T14:05:17Z,,unclassified_missing_dates,False,True,False,True,False,False
UC8o94Fgiq337SVUQ90sO_cA,,0,,False,,,,unclassified_missing_dates,False,True,True,True,False,False
UC8oAXQIIa0xSkPPWrUFUdeg,,0,,False,,,,unclassified_missing_dates,False,True,True,True,False,False
UC8pBb8xDXNMmzrO3UkRuGKg,,1,,,,2023-12-18T16:15:49Z,2023-12-18T16:15:49Z,first_active_after_reference,False,True,False,False,False,False
UC8qJjPbEwuGfd4Fj4oxeTvQ,,0,,False,,,,unclassified_missing_dates,False,True,True,True,False,False
UC8q_t0-bw_9GcBpc-Cl5zNA,,0,,False,,,,unclassified_missing_dates,False,True,True,True,False,False
UC8qpxV2lQYCsp1VtdMdhk6w,,1,,,,,,unclassified_missing_dates,False,True,True,True,False,False
UC8rk7aJwnehMBRQ8IX6bv3w,,0,,False,,,,unclassified_missing_dates,False,True,True,True,False,False
UC8sCPQ8AWbAvdkfZW6FaMyw,,1,,,,,,unclassified_missing_dates,False,True,True,True,False,False
UC8ssTgLHMChUAPC-Xh343oA,,1,,,,,,unclassified_missing_dates,False,True,True,True,False,False
UC8t4lKn5xDvh5lyOPvdlisA,Konstantin Kuhle,1,2540,False,2018-02-08T17:05:04Z,2022-10-21T08:54:04Z,,unclassified_missing_dates,False,False,False,True,False,False
UC8tt0RxBElFMzS9AJQ2yWBg,,0,,False,,,,unclassified_missing_dates,False,True,True,True,False,False
UC8ucbTdGEhCITCWc5CdPIyg,IG Metall Halle - Dessau,1,7,False,2021-02-08T11:15:33Z,2023-04-20T07:57:45Z,,unclassified_missing_dates,False,False,False,True,False,False
UC8vFupGQgdKg7hPOuIVreqw,SPD-Fraktion Tempelhof-Schöneberg,1,10,False,2020-11-26T10:47:15Z,2023-11-09T09:18:43Z,,unclassified_missing_dates,False,False,False,True,False,False
UC8x3b0TbXSuDtMzQ_fTIFpw,,0,,False,,,,unclassified_missing_dates,False,True,True,True,False,False
UC8yE0HOsSQZwOJTgQQUn3DQ,,0,,False,,,,unclassified_missing_dates,False,True,True,True,False,False
UC90Apiudqhx3agORWz3zGkA,Wilhelm-Knapp-Schule & Studienzentrum,1,31,False,2015-06-17T05:59:16Z,2022-10-10T13:47:19Z,,unclassified_missing_dates,False,False,False,True,False,False
UC9232RYiSTovfCk4gkWfc6A,Rockgöre 💜,1,942,False,2015-03-15T09:20:25Z,2022-10-16T11:09:54Z,,unclassified_missing_dates,False,False,False,True,False,False
UC9277TvMKMifhdexRbR4UkQ,,0,,False,,,,unclassified_missing_dates,False,True,True,True,False,False
UC93m7rcR8CsDIHSEjgwjqcg,,1,,,,,,unclassified_missing_dates,False,True,True,True,False,False
UC93v0gYHeNLQvIdoNCHgiiQ,,0,,False,,,,unclassified_missing_dates,False,True,True,True,False,False
UC94gsUgOLWh4fmrmFKOIkvQ,,0,,False,,2023-12-03T11:38:19Z,,unclassified_missing_dates,False,True,False,True,False,False
UC95kOVoFBsxJcwprkR7v4aA,ALPHA,1,14,False,2022-01-01T13:28:51Z,,,unclassified_missing_dates,False,False,True,True,False,False
UC95taqiyfBlRqmzO3SqE1EA,,1,,,,,,unclassified_missing_dates,False,True,True,True,False,False
UC96M_WJvllzIGtB-SL5t7pg,,0,,False,,,,unclassified_missing_dates,False,True,True,True,False,False
UC96Ta37RxegSwuMIzCmFKfA,,1,,,,,,unclassified_missing_dates,False,True,True,True,False,False
UC977JK9HenunrdgjICAOHcQ,,0,,False,,,,unclassified_missing_dates,False,True,True,True,False,False
UC97YN7gYqtdk6z9jYHOn_lQ,,0,,False,,,,unclassified_missing_dates,False,True,True,True,False,False
UC97hwsvsjb10lZnfXWu_Nzw,,1,,,,,,unclassified_missing_dates,False,True,True,True,False,False
UC97i8ScxTc3jrQqolT3lKjw,Mordsanto,1,65,False,2016-04-02T21:04:46Z,,,unclassified_missing_dates,False,False,True,True,False,False
UC98YljD-no5RWGdB2VY6gWQ,,0,,False,,,,unclassified_missing_dates,False,True,True,True,False,False
UC998wQf8CHmcBnI4Gu3xqKg,,0,,False,,,,unclassified_missing_dates,False,True,True,True,False,False
UC99lah6Ao2c7RoUaayQee-Q,,0,,False,,,,unclassified_missing_dates,False,True,True,True,False,False
UC99zXfKo8_u1T8XgqyvMiwA,,0,,False,,,,unclassified_missing_dates,False,True,True,True,False,False
UC9A-GMqnibfesT0mDKiBaBQ,,0,,False,,,,unclassified_missing_dates,False,True,True,True,False,False
UC9A20u0gRFFJt6_VQyiUWpw,,1,,,,,,unclassified_missing_dates,False,True,True,True,False,False
UC9ATEjHupi9HVZc_0T_vSFw,,0,,False,,,,unclassified_missing_dates,False,True,True,True,False,False
UC9Dd8Hl_-L3IrvzWMOu7AeA,,0,,False,,,,unclassified_missing_dates,False,True,True,True,False,False
UC9Ddqcy2o4LA-btTG4ZUUQA,,0,,False,,,,unclassified_missing_dates,False,True,True,True,False,False
UC9EHLf8p7NH5jY8gqrtfebg,Benedikt Lux,1,17,False,2017-03-14T16:21:26Z,2023-02-01T12:43:04Z,,unclassified_missing_dates,False,False,False,True,False,False
UC9Eh4wU6_8hzUyzrX5pWywA,,0,,False,,,,unclassified_missing_dates,False,True,True,True,False,False
UC9EvowBSaL7Thw8EGtc59-Q,,0,,False,,,,unclassified_missing_dates,False,True,True,True,False,False
UC9FutIVZsOF1EBl1w6BFrFw,Textiles & Creativity produced by Claulili,1,655,False,2020-10-05T14:16:04Z,2022-11-09T19:28:54Z,,unclassified_missing_dates,False,False,False,True,False,False
UC9GkTIx7RqPurYuxCAaSc1A,,1,,,,,,unclassified_missing_dates,False,True,True,True,False,False
UC9HFC1bUNdm8IJo6IX48vQQ,,0,,False,,,,unclassified_missing_dates,False,True,True,True,False,False
UC9HXOtBMZ1w11V5OaP4xn4w,,0,,False,,,,unclassified_missing_dates,False,True,True,True,False,False
UC9IHIJ-myRMaOA42mQcj--Q,Frank Isken,1,1,False,2021-02-28T12:17:56Z,2026-04-04T05:25:28Z,,unclassified_missing_dates,False,False,False,True,False,False
UC9JjgokyKq5iRnpWOVG_2Eg,,1,,,,,,unclassified_missing_dates,False,True,True,True,False,False
UC9JkrowJRbIiHyqCO1Qtfrg,,0,,False,,2023-12-25T09:59:00Z,2023-12-25T09:59:00Z,first_active_after_reference,False,True,False,False,False,False
UC9KRES50SOlxnzJq95ZUUCQ,,0,,False,,,,unclassified_missing_dates,False,True,True,True,False,False
UC9LHQpEEeBnWx6Z2g7xcajw,,0,,False,,,,unclassified_missing_dates,False,True,True,True,False,False
UC9LQ3XIZ3XxIowl_rYiE8jg,,0,,False,,,,unclassified_missing_dates,False,True,True,True,False,False
UC9NA5Ki6SR5AFx0LcpwoF0A,,1,,,,,,unclassified_missing_dates,False,True,True,True,False,False
UC9NJupHw8vefIeUgqo-p4KA,,0,,False,,,,unclassified_missing_dates,False,True,True,True,False,False
UC9OkbGtfizRd0Miy1huhvwQ,,0,,False,,,,unclassified_missing_dates,False,True,True,True,False,False
UC9PI4HgNT6GRWOcCDPY1ttQ,,0,,False,,,,unclassified_missing_dates,False,True,True,True,False,False
UC9PqtJ0ufqSv5QY6sCLCIRw,,1,,,,,,unclassified_missing_dates,False,True,True,True,False,False
UC9RefJbeBjJOuwsuk5ADE5g,,1,,,,,,unclassified_missing_dates,False,True,True,True,False,False
UC9S0ZFXTbay86JapzOxqY0w,Der Plutekop darf alles !!!,1,63,False,2021-04-21T12:32:55Z,2024-03-04T10:18:15Z,,unclassified_missing_dates,False,False,False,True,False,False
UC9TxnS1KTyOVBtiHbRuZhEQ,,0,,False,,,,unclassified_missing_dates,False,True,True,True,False,False
UC9Tyxi96fEu0ho4mlxOEdOQ,,0,,False,,,,unclassified_missing_dates,False,True,True,True,False,False
UC9U65ow0UJItWHaNhgZydqg,,0,,False,,,,unclassified_missing_dates,False,True,True,True,False,False
UC9UzQpNiF4iLzk3UEP1wLJw,,0,,False,,,,unclassified_missing_dates,False,True,True,True,False,False
UC9XXsWIicqnjlIDoAx55Zdg,,0,,False,,,,unclassified_missing_dates,False,True,True,True,False,False
UC9XqGzF0jamei_-8chWna-A,Torsten Liebig in den Landtag,1,15,False,2021-02-16T15:41:04Z,,,unclassified_missing_dates,False,False,True,True,False,False
UC9YkOzFM6-LdLuCNjqzJyeg,,0,,False,,,,unclassified_missing_dates,False,True,True,True,False,False
UC9Yzh1a6kC5qBz6mfrH4EoA,,0,,False,,,,unclassified_missing_dates,False,True,True,True,False,False
UC9ZVgalNHJ-BeGCwLF4lwDw,,0,,False,,2023-11-11T02:18:53Z,,unclassified_missing_dates,False,True,False,True,False,False
UC9_jActApWVL4J9odc5GUGA,Jugendforum Falkensee,1,39,False,2016-10-19T10:26:34Z,,,unclassified_missing_dates,False,False,True,True,False,False
UC9aT7a-yzAoMMdW9cS2RInA,,0,,False,,,,unclassified_missing_dates,False,True,True,True,False,False
UC9anjL_tSD_g0NPExwHlkJQ,,0,,False,,,,unclassified_missing_dates,False,True,True,True,False,False
UC9ax-nE3GXNiLkx0c-z1XzA,,0,,False,,,,unclassified_missing_dates,False,True,True,True,False,False
UC9b9KW4Xjq1AyzOQkHYRgqg,,0,,False,,,,unclassified_missing_dates,False,True,True,True,False,False
UC9cRc9tFv-q2JMERt0aMeXw,,1,,,,,,unclassified_missing_dates,False,True,True,True,False,False
UC9dG44zV1GcKAmNS9WaAlSA,,0,,False,,,,unclassified_missing_dates,False,True,True,True,False,False
UC9dngCsaKaO8nACAWzSjecQ,,1,,,,,,unclassified_missing_dates,False,True,True,True,False,False
UC9dunB_GL5FZxeEmPTQvthg,,0,,False,,,,unclassified_missing_dates,False,True,True,True,False,False
UC9e_AoHTtngjsST8BLMIsfg,,0,,False,,,,unclassified_missing_dates,False,True,True,True,False,False
UC9eat_rV5KnvClUbHbN4sQA,,1,,,,,,unclassified_missing_dates,False,True,True,True,False,False
UC9erHZLVjCIp17dRuAXcK6A,,0,,False,,2023-08-31T13:01:46Z,,unclassified_missing_dates,False,True,False,True,False,False
UC9ewkkkTLStwsS3zc8qAfWA,,1,,,,,,unclassified_missing_dates,False,True,True,True,False,False
UC9fRbJvBMIqioNXyJrXgwGA,,0,,False,,,,unclassified_missing_dates,False,True,True,True,False,False
UC9gO19_7t9oFY8nLKkGEQZA,Lord Cario 34,1,483,False,2017-01-05T12:35:00Z,2022-10-21T01:34:34Z,,unclassified_missing_dates,False,False,False,True,False,False
UC9gxJ5iTgMGZuxFIh5HgKiQ,,1,,,,,,unclassified_missing_dates,False,True,True,True,False,False
UC9hj67vWtPIRVmm5IEWCCOg,,1,,,,,,unclassified_missing_dates,False,True,True,True,False,False
UC9iLBVyQH1jfEA6SWJSs3ZA,,0,,False,,,,unclassified_missing_dates,False,True,True,True,False,False
UC9iqdhobnBvkN0HAeZkXFiA,Verein für Kultur und Gemeinwesen in Fulda,1,1040,False,2009-04-22T19:49:04Z,2022-11-03T17:00:08Z,,unclassified_missing_dates,False,False,False,True,False,False
UC9jaWlFhGE0gBXXFKZ_huYQ,,0,,False,,,,unclassified_missing_dates,False,True,True,True,False,False
UC9jipu23ffJC0hYrX7Y8p_A,,0,,False,,,,unclassified_missing_dates,False,True,True,True,False,False
UC9kUHlWDqm8D7WdXN7syFSA,MetaMorpheus,1,2790,False,2022-05-16T10:26:47Z,2022-10-07T16:00:21Z,,unclassified_missing_dates,False,False,False,True,False,False
UC9l0i7RLfcK6A5YabpQZsKA,,0,,False,,,,unclassified_missing_dates,False,True,True,True,False,False
UC9lHAgtlV2Dx-h4JhBEGxew,,0,,False,,,,unclassified_missing_dates,False,True,True,True,False,False
UC9liKk67Ed9PL6mjKBaxg4g,,0,,False,,,,unclassified_missing_dates,False,True,True,True,False,False
UC9mAJaryncPmiIkjWc3rl3g,BerlinTurk,1,13,False,2011-07-17T08:01:11Z,,,unclassified_missing_dates,False,False,True,True,False,False
UC9oNx7M7bhX6c6Xqy4eZkXQ,Jan Scheumer,1,1300,False,2007-09-15T20:18:15Z,,,unclassified_missing_dates,False,False,True,True,False,False
UC9otBIBdv6dFBkGqY_x630Q,,0,,False,,,,unclassified_missing_dates,False,True,True,True,False,False
UC9pHejM4k0ZzeAsXK0B7DMQ,Talk mit Doc Bartels,1,381,False,2021-02-10T09:56:24Z,2022-11-17T11:19:53Z,,unclassified_missing_dates,False,False,False,True,False,False
UC9pI5jIHwTxpYBzseXXLl-A,KjG Diözesanverband Paderborn,1,3,False,2020-11-26T12:14:32Z,,,unclassified_missing_dates,False,False,True,True,False,False
UC9ruHwr2_B2waV5YcPryYsw,,1,,,,,,unclassified_missing_dates,False,True,True,True,False,False
UC9s18tB085rSwozf37eFp3A,,0,,False,,,,unclassified_missing_dates,False,True,True,True,False,False
UC9sQyf9GT1x2nUxasXsbkMg,,1,,,,,,unclassified_missing_dates,False,True,True,True,False,False
UC9tey9VPNNj5G1X8Z1rGPLw,,1,,,,,,unclassified_missing_dates,False,True,True,True,False,False
UC9thUwDbyp0sTBt-vrbNCbQ,SPD Mainhausen,1,1,False,2021-02-15T14:37:54Z,,,unclassified_missing_dates,False,False,True,True,False,False
UC9uL5CQL7QVbzPyYPhA8Nlw,Die Linke Leipzig,1,165,False,2020-05-20T12:42:05Z,2023-03-08T09:52:36Z,,unclassified_missing_dates,False,False,False,True,False,False
UC9uOkqoZKGBUNPt57NgKV1A,,0,,False,,,,unclassified_missing_dates,False,True,True,True,False,False
UC9wAWcAEBZrNij7Cwf3HI3Q,,0,,False,,,,unclassified_missing_dates,False,True,True,True,False,False
UC9whS29BBJ_GoKxyY0al-ew,,0,,False,,,,unclassified_missing_dates,False,True,True,True,False,False
UC9whsInmQ0AEaWSawuTNQ2g,,1,,,,,,unclassified_missing_dates,False,True,True,True,False,False
UC9wnxmLE8XtFck3LWqvedHA,,0,,False,,,,unclassified_missing_dates,False,True,True,True,False,False
UC9wxwpYjE8qC4OR4xkD_SSQ,,0,,False,,,,unclassified_missing_dates,False,True,True,True,False,False
UC9y7oPSh7futROG-_zicxFg,,0,,False,,,,unclassified_missing_dates,False,True,True,True,False,False
UC9yXN18Td9nChueSQKNko9w,,0,,False,,,,unclassified_missing_dates,False,True,True,True,False,False
UC9yvkW3M06NfrrmNEtzGhrg,,1,,,,,,unclassified_missing_dates,False,True,True,True,False,False
UC9zLMSi8oIwv8uWOSEYPyoQ,,0,,False,,,,unclassified_missing_dates,False,True,True,True,False,False
UC9z_WIy8J3vE93VhHjBHHhg,,1,,,,,,unclassified_missing_dates,False,True,True,True,False,False
UC9zqmW7kT_MoWJHdYg1qYvw,,0,,False,,,,unclassified_missing_dates,False,True,True,True,False,False
UCA0D8aheMJrx-yIB0hm-OXA,,1,,,,2023-10-13T14:49:27Z,,unclassified_missing_dates,False,True,False,True,False,False
UCA2s1iYg-sIm2Skmhyn5hAA,Subterraneo Bachata Harmonies,1,14,False,2018-12-10T10:12:07Z,,,unclassified_missing_dates,False,False,True,True,False,False
UCA4PLnj7PkOiCuQmjW24uAQ,,0,,False,,,,unclassified_missing_dates,False,True,True,True,False,False
UCA6hDOqedcMZUsDs6p-6ZgQ,,1,,,,,,unclassified_missing_dates,False,True,True,True,False,False
UCA6pWPAqjoWuY5AqVPho43w,,0,,False,,,,unclassified_missing_dates,False,True,True,True,False,False
UCA7GgudRfZJiaonZw-AGkKg,Matthias Renger,1,6200,False,2012-08-16T00:25:57Z,2022-12-01T09:38:45Z,,unclassified_missing_dates,False,False,False,True,False,False
UCA7TVBQiHOCD7wtV0yZ-zNw,,1,,,,,,unclassified_missing_dates,False,True,True,True,False,False
UCA7uaxYUVNtwpvwlNSyhb_g,,0,,False,,,,unclassified_missing_dates,False,True,True,True,False,False
UCA7wxPLWCh1xu-loPjlROcg,,0,,False,,,,unclassified_missing_dates,False,True,True,True,False,False
UCA8O77b2B0uBDx0IH1cUZxQ,,0,,False,,,,unclassified_missing_dates,False,True,True,True,False,False
UCA8lS1jp6E1AubvvuHkrAYA,,1,,,,,,unclassified_missing_dates,False,True,True,True,False,False
UCAAJ5wZNKbcyo0wSWZUqQ6g,,0,,False,,,,unclassified_missing_dates,False,True,True,True,False,False
UCAAbT2SJ54_W9iWPcexecjQ,,0,,False,,,,unclassified_missing_dates,False,True,True,True,False,False
UCAAjBPVZVU_6l9QNaLahvaw,,0,,False,,,,unclassified_missing_dates,False,True,True,True,False,False
UCAB6cUTuIKM5Dc54ZkG-X4A,,0,,False,,,,unclassified_missing_dates,False,True,True,True,False,False
UCABkj_vRszDXx2ExTEh983g,,1,,,,,,unclassified_missing_dates,False,True,True,True,False,False
UCACoY8AsHGYZE7g5_WftAGw,,1,,,,,,unclassified_missing_dates,False,True,True,True,False,False
UCAD7YYqHlJzw-QC6MP-45lg,,0,,False,,,,unclassified_missing_dates,False,True,True,True,False,False
UCAD9xrQ_iqGta32SNhtDUXw,,0,,False,,,,unclassified_missing_dates,False,True,True,True,False,False
UCADsgY9Tpq9aRA1Qt4DDDYA,,0,,False,,,,unclassified_missing_dates,False,True,True,True,False,False
UCAFDZlUUnCwerD_Mo_Nu88w,,0,,False,,,,unclassified_missing_dates,False,True,True,True,False,False
UCAFP2LpwOawxThanWWRNuQw,AfD-Stadtratsfraktion Hannover,1,458,False,2018-04-11T21:27:11Z,2022-11-01T07:00:14Z,,unclassified_missing_dates,False,False,False,True,False,False
UCAFSmpsix63-DQiKZHdgGgA,,0,,False,,,,unclassified_missing_dates,False,True,True,True,False,False
UCAFWGqeMXIPyxssw2ZP6nEw,SPD Böblingen,1,12,False,2021-02-23T18:47:38Z,,,unclassified_missing_dates,False,False,True,True,False,False
UCAFs7xXH5c3a9dp-qvrWSRg,,0,,False,,,,unclassified_missing_dates,False,True,True,True,False,False
UCAI4cLjFtDKygDWfNATmqmA,,0,,False,,,,unclassified_missing_dates,False,True,True,True,False,False
UCAI54EfWq7x4bknabgtUK9g,,0,,False,,,,unclassified_missing_dates,False,True,True,True,False,False
UCAIu8cuuFwcJVuKjknEOl2w,,0,,False,,,,unclassified_missing_dates,False,True,True,True,False,False
UCAJfDidJyukTekgSRZrjadw,,0,,False,,,,unclassified_missing_dates,False,True,True,True,False,False
UCAJkObx8V6BGLNBtBDiR43g,,0,,False,,,,unclassified_missing_dates,False,True,True,True,False,False
UCAJqyR1FkRPaKF1bR4Astjg,Stefanie Neumann,1,130,False,2010-02-06T19:18:48Z,2023-03-27T11:32:20Z,,unclassified_missing_dates,False,False,False,True,False,False
UCAKEx2T2Xqv8mSQxyx16Utg,"Bernhard Daldrup, MdB",1,48,False,2021-04-07T13:04:23Z,2023-04-27T13:27:42Z,,unclassified_missing_dates,False,False,False,True,False,False
UCAKFGcVFSxt6_19xBkqx83g,,0,,False,,,,unclassified_missing_dates,False,True,True,True,False,False
UCALzqHfjI7xTUdSWIsGW7ZQ,Busdriver2k19,1,2250,False,2020-02-22T10:00:11Z,2022-10-07T06:01:46Z,,unclassified_missing_dates,False,False,False,True,False,False
UCAM-Jcxi_GMb2wr-3DsWeyA,,0,,False,,,,unclassified_missing_dates,False,True,True,True,False,False
UCAM4U8t_jH57HI8gRANW-2w,,0,,False,,,,unclassified_missing_dates,False,True,True,True,False,False
UCANNQxKBEg6n2xbwiGvMCQQ,,0,,False,,,,unclassified_missing_dates,False,True,True,True,False,False
UCAO0Q0PILVzoqtd7pRuOLnw,,1,,,,,,unclassified_missing_dates,False,True,True,True,False,False
UCAO7sJGCBhrxOPmIl4QNxNw,,0,,False,,,,unclassified_missing_dates,False,True,True,True,False,False
UCAOSqwvrDPV4ZUMzsvvMmmw,,0,,False,,,,unclassified_missing_dates,False,True,True,True,False,False
UCAOnjm8GWb3JjF03DFZkysg,"Ulrike Schielke-Ziesing, MdB",1,1730,False,2018-12-12T11:56:12Z,2022-11-01T22:17:55Z,,unclassified_missing_dates,False,False,False,True,False,False
UCAPt1znYd-DRURrRzxuq9Mw,,0,,False,,,,unclassified_missing_dates,False,True,True,True,False,False
UCAQQUbXg5od_anzX_J-1dMA,Pascal,1,586,False,2017-04-24T18:40:27Z,2022-10-07T12:03:16Z,,unclassified_missing_dates,False,False,False,True,False,False
UCAQeeZqOJ5bFqh02Vh9qaUA,fdpremsmurr,1,28,False,2009-07-29T13:29:16Z,2023-01-19T07:45:03Z,,unclassified_missing_dates,False,False,False,True,False,False
UCASAHJFMNYIT0v8xr5AX0UA,,0,,False,,,,unclassified_missing_dates,False,True,True,True,False,False
UCASJe_psTOwiNTqil7MUqQw,,0,,False,,,,unclassified_missing_dates,False,True,True,True,False,False
UCASUdDiIqCA-rFSUdIsgrDw,CDU-Wetter Ruhr,1,3,False,2021-04-25T06:34:47Z,2025-03-27T16:45:00Z,,unclassified_missing_dates,False,False,False,True,False,False
UCATNdT8jUlSTcZ6iWPJZknw,,0,,False,,,,unclassified_missing_dates,False,True,True,True,False,False
UCAU-K43aYoAbE2ZfVFCclFw,,1,,,,,,unclassified_missing_dates,False,True,True,True,False,False
UCAU9_BR7CLLg2Ic-Hy8Paig,Kain Name,1,24,False,2015-04-01T09:39:58Z,,,unclassified_missing_dates,False,False,True,True,False,False
UCAUlvfYzWcVkewXVWabMkuw,,0,,False,,,,unclassified_missing_dates,False,True,True,True,False,False
UCAX-X9Q2JEOcfhAOnu-Kn0w,,0,,False,,,,unclassified_missing_dates,False,True,True,True,False,False
UCAYvqfJuBom-ZYzLs1ti_XA,,1,,,,,,unclassified_missing_dates,False,True,True,True,False,False
UCAa1yE_YFLAcDRPEfx8wDYg,Tom TC,1,2,False,2020-02-14T14:54:25Z,,,unclassified_missing_dates,False,False,True,True,False,False
UCAbqyg4cK27lvxfwvx7bq5g,,1,,,,,,unclassified_missing_dates,False,True,True,True,False,False
UCAbxL7VqcPsm08S7ZAyizAw,,0,,False,,,,unclassified_missing_dates,False,True,True,True,False,False
UCAby_no2Mizl03ZWx8y2Emw,,0,,False,,,,unclassified_missing_dates,False,True,True,True,False,False
UCAepR5T5eI0zpIUq9axKUjQ,,0,,False,,,,unclassified_missing_dates,False,True,True,True,False,False
UCAet5e6myJ_kTx1RzWfxIfw,,0,,False,,,,unclassified_missing_dates,False,True,True,True,False,False
UCAgzJKpWSpFIbq3rcVJCWWA,,1,,,,,,unclassified_missing_dates,False,True,True,True,False,False
UCAgzXmmGtlx58LDHG4NDy_w,EINFACH WISSEN,1,5390,False,2018-04-25T08:52:05Z,2022-12-04T10:00:06Z,,unclassified_missing_dates,False,False,False,True,False,False
UCAh4UbSh8-MDQChynPmfBfw,,0,,False,,,,unclassified_missing_dates,False,True,True,True,False,False
UCAiyobrLfiTT8ijihGaOerA,,0,,False,,,,unclassified_missing_dates,False,True,True,True,False,False
UCAlaHJRhzWv7XoZhVGLwMtQ,,0,,False,,,,unclassified_missing_dates,False,True,True,True,False,False
UCAmJJCG246uIpfkAjRM6KDw,,1,,,,,,unclassified_missing_dates,False,True,True,True,False,False
UCAmULFVkLFmRoJLjOg6EDTA,,0,,False,,,,unclassified_missing_dates,False,True,True,True,False,False
UCAmWlrVisdMnWxbDF7zHoLQ,,0,,False,,,,unclassified_missing_dates,False,True,True,True,False,False
UCAm_k0dOnd7PVTHlHCsjC-Q,,0,,False,,,,unclassified_missing_dates,False,True,True,True,False,False
UCAmkiEDxaDJ0DRnUZ18Idbw,Institut für Zukunftsfragen der Gesundheits- und Sozialwirtschaft (IZGS),1,9,False,2015-05-04T10:25:18Z,2024-04-08T08:53:49Z,,unclassified_missing_dates,False,False,False,True,False,False
UCAn552ucnDjYOQ4GCCOH0lA,Infinite Magnet,1,2,False,2022-06-24T16:14:58Z,,,unclassified_missing_dates,False,False,True,True,False,False
UCAnfhUDmY-6WbfTh1TfTGng,Wahlkrampf Podcast,1,9,False,2020-11-24T16:17:23Z,,,unclassified_missing_dates,False,False,True,True,False,False
UCAnruayyWk8EDZMXme27j7g,,0,,False,,,,unclassified_missing_dates,False,True,True,True,False,False
UCAp8Jw2UuJzphjt2NVJIJtQ,,0,,False,,,,unclassified_missing_dates,False,True,True,True,False,False
UCApEEZ56zJ1VRAk-qvLRuPg,,0,,False,,,,unclassified_missing_dates,False,True,True,True,False,False
UCAqh2xVGXb1ZXJRXz7Q1y2A,,1,,,,2023-11-30T12:30:24Z,2023-12-14T21:12:26Z,first_active_after_reference,False,True,False,False,False,False
UCAr2t1I2wS-cgXLXllt21rA,,0,,False,,,,unclassified_missing_dates,False,True,True,True,False,False
UCAs2SYJzzqrL6C4R1KqTedg,,0,,False,,,,unclassified_missing_dates,False,True,True,True,False,False
UCAuxC5s2CXaoEL1wNm9ZQxg,,0,,False,,,,unclassified_missing_dates,False,True,True,True,False,False
UCAvzxuXG15Jju_KbrhSE4vg,"Klaus Wichmann, MdL AfD, Nds. Landtag",1,17,False,2021-07-06T15:39:46Z,,,unclassified_missing_dates,False,False,True,True,False,False
UCAwJ5XUEdcYcCA8VpCVg2Kw,,0,,False,,,,unclassified_missing_dates,False,True,True,True,False,False
UCAx6ml4mciWcuKXt1ecnGqA,,1,,,,,,unclassified_missing_dates,False,True,True,True,False,False
UCAxciHySVqhX5kkF_miwuMQ,,1,,,,2023-10-14T17:56:05Z,,unclassified_missing_dates,False,True,False,True,False,False
UCB0XW_y9rIWaIMiKa14RN4Q,Caritas Saar-Hochwald,1,50,False,2021-06-23T14:20:59Z,2022-10-16T07:00:02Z,,unclassified_missing_dates,False,False,False,True,False,False
UCB0rRESYOIUs1Jd2RnJhOXg,,0,,False,,,,unclassified_missing_dates,False,True,True,True,False,False
UCB0v4aGi_w0gBE_9dgeB8eg,Dr. Helmut Kaltenhauser,1,1,False,2018-09-21T13:40:00Z,2023-10-02T09:55:33Z,,unclassified_missing_dates,False,False,False,True,False,False
UCB23-BkO48_wztCbl7YFzKg,,1,,,,,,unclassified_missing_dates,False,True,True,True,False,False
UCB2H5vu3lf-S0XMBp-9sUfw,,0,,False,,,,unclassified_missing_dates,False,True,True,True,False,False
UCB2m2LBk5Tm6ovMtchIun1Q,,0,,False,,,,unclassified_missing_dates,False,True,True,True,False,False
UCB2uiINrXKcyC79ENyhzGIA,,1,,,,,,unclassified_missing_dates,False,True,True,True,False,False
UCB3UqYbIPTcXkBcalxDUxsg,,1,,,,,,unclassified_missing_dates,False,True,True,True,False,False
UCB3pakatvmVZsa1Cvmd_YLg,,0,,False,,,,unclassified_missing_dates,False,True,True,True,False,False
UCB5GdRZPGh2laHHIaiDfDow,,0,,False,,,,unclassified_missing_dates,False,True,True,True,False,False
UCB5XmlZbs7ev2JwyGU5CWig,,0,,False,,,,unclassified_missing_dates,False,True,True,True,False,False
UCB6fJrcbFVb_MPM5O9YnljQ,,0,,False,,,,unclassified_missing_dates,False,True,True,True,False,False
UCB7FISLOmFXWgje5ylXdYxQ,,1,,,,,,unclassified_missing_dates,False,True,True,True,False,False
UCB8f2C6MbvtopZgZ1-ghHSw,,1,,,,,,unclassified_missing_dates,False,True,True,True,False,False
UCB8z3fPuikfXIQHWKOXwv1g,,0,,False,,,,unclassified_missing_dates,False,True,True,True,False,False
UCB9PmxkPHCoBnxlJ74YWoxg,,1,,,,,,unclassified_missing_dates,False,True,True,True,False,False
UCB9U74yPGuQj1ehSLcAzl1A,Janx,1,3,False,2021-09-28T13:12:51Z,,,unclassified_missing_dates,False,False,True,True,False,False
UCBAklVSE5_Hl-vGDRzwbgnA,,0,,False,,,,unclassified_missing_dates,False,True,True,True,False,False
UCBAwf5oV0MMAVnzyNiiKRvA,,0,,False,,,,unclassified_missing_dates,False,True,True,True,False,False
UCBB5R4_RmZye6knaHiXJqsA,,1,,,,,,unclassified_missing_dates,False,True,True,True,False,False
UCBC6lF0_VCrCy1lCfc5BJUw,,0,,False,,,,unclassified_missing_dates,False,True,True,True,False,False
UCBC80d2Fq4kXbMQxhR8KgCg,,0,,False,,,,unclassified_missing_dates,False,True,True,True,False,False
UCBEmVletgIcoyRRa_9d4q4Q,,0,,False,,,,unclassified_missing_dates,False,True,True,True,False,False
UCBFkr2uMZ5QrOVe_Kcjbm_g,ECHTBUNT,1,14,False,2021-09-09T20:10:12Z,,,unclassified_missing_dates,False,False,True,True,False,False
UCBFs262kl07k1Rcw27wz5yg,,0,,False,,,,unclassified_missing_dates,False,True,True,True,False,False
UCBHlbGgVkRAIV5I9wRA4R4g,Arbeitskammer des Saarlandes,1,390,False,2016-06-15T08:11:34Z,2022-10-10T08:45:03Z,,unclassified_missing_dates,False,False,False,True,False,False
UCBIq_wShEqFd1r0lg1DKdDw,,0,,False,,2023-12-26T23:41:15Z,2023-12-26T23:41:15Z,first_active_after_reference,False,True,False,False,False,False
UCBK0yEF73UxpnNSZodm-XHQ,,0,,False,,,,unclassified_missing_dates,False,True,True,True,False,False
UCBL5-ZpBpBcNjfRY87qGNUg,,0,,False,,,,unclassified_missing_dates,False,True,True,True,False,False
UCBN9Vf0fVcNGTLTisBul0kQ,,1,,,,,,unclassified_missing_dates,False,True,True,True,False,False
UCBNtR9T0UZp5K6TK1gRKh1A,,0,,False,,,,unclassified_missing_dates,False,True,True,True,False,False
UCBOQMDcAUomjalzxor3PBtg,,0,,False,,,,unclassified_missing_dates,False,True,True,True,False,False
UCBP5nv_XcTp1WOeWGLWj12g,,1,,,,2023-10-19T17:00:07Z,,unclassified_missing_dates,False,True,False,True,False,False
UCBPcOIKc1ziqrWllSWq1eHA,,0,,False,,,,unclassified_missing_dates,False,True,True,True,False,False
UCBRK2ANYn_WkzNglfI3vQHA,,1,,,,,,unclassified_missing_dates,False,True,True,True,False,False
UCBSUDT-wj-5NLa1Zkpj78fw,,0,,False,,,,unclassified_missing_dates,False,True,True,True,False,False
UCBU-nestztQf9rRg8fM0tMQ,,1,,,,,,unclassified_missing_dates,False,True,True,True,False,False
UCBUNwxoJV7Zg6mipriXDSUw,,1,,,,,,unclassified_missing_dates,False,True,True,True,False,False
UCBUOeQBcs2JBsb32-1-6dQg,,1,,,,,,unclassified_missing_dates,False,True,True,True,False,False
UCBW2x3AXOzFAElLJgjszZMA,,0,,False,,,,unclassified_missing_dates,False,True,True,True,False,False
UCBWoetwDPRgyJEAbco9FGSQ,,0,,False,,,,unclassified_missing_dates,False,True,True,True,False,False
UCBXBbqkLwyBP4lwtaizUNWg,,1,,,,2023-11-08T12:03:07Z,,unclassified_missing_dates,False,True,False,True,False,False
UCBY8-K7ApHTtxO756o2PKkg,,1,,,,,,unclassified_missing_dates,False,True,True,True,False,False
UCBYdjt6ye0vWqObCyrZn4-w,,0,,False,,,,unclassified_missing_dates,False,True,True,True,False,False
UCBZLzNa7FTvxd1bXtyCwYsw,,1,,,,,,unclassified_missing_dates,False,True,True,True,False,False
UCBZfHmlxJg67kWv2PCeIXzA,,1,,,,,,unclassified_missing_dates,False,True,True,True,False,False
UCBZzsE_u9LFKhs8zzYPUJXw,,0,,False,,,,unclassified_missing_dates,False,True,True,True,False,False
UCB_4fgxGgHNnHDFFIAWLmqg,,0,,False,,,,unclassified_missing_dates,False,True,True,True,False,False
UCB_5reHJxbStzU8rgw7bQCA,,0,,False,,,,unclassified_missing_dates,False,True,True,True,False,False
UCB_lpJm1sN4KOhDhxCOAvOw,,0,,False,,,,unclassified_missing_dates,False,True,True,True,False,False
UCBb1vV3FzM6_oDl48kGOFyw,,0,,False,,,,unclassified_missing_dates,False,True,True,True,False,False
UCBbvIiHA73W8EZbjpryORGg,,0,,False,,,,unclassified_missing_dates,False,True,True,True,False,False
UCBc7WB1HwWaPgs4nIvlJlyg,SosO 2.0,1,34,False,2013-01-18T22:44:57Z,2022-10-13T13:42:06Z,,unclassified_missing_dates,False,False,False,True,False,False
UCBc8GbrvTFt-15RXi8U_54g,,1,,,,,,unclassified_missing_dates,False,True,True,True,False,False
UCBcDMbcNHnWfSmBrl61M5bg,WJ Berlin-Brandenburg,1,28,False,2021-08-16T09:45:36Z,2022-10-27T07:00:11Z,,unclassified_missing_dates,False,False,False,True,False,False
UCBcasleSU_7HPW1h6u20oqA,,0,,False,,,,unclassified_missing_dates,False,True,True,True,False,False
UCBdOLQYVHPtOcl3q2th7fhA,,1,,,,,,unclassified_missing_dates,False,True,True,True,False,False
UCBdqXYvFsjRQ1cA79tMCFJQ,,0,,False,,,,unclassified_missing_dates,False,True,True,True,False,False
UCBeWGVmWZWVm4iRiy1QtHEQ,Uwe R,1,1500,False,2019-02-05T17:16:57Z,2025-11-11T06:14:45Z,,unclassified_missing_dates,False,False,False,True,False,False
UCBee-8jXp-ZzV3kJx1vc1QQ,,1,,,,,,unclassified_missing_dates,False,True,True,True,False,False
UCBfAP3K4em_Bbheriuiq_wA,,1,,,,,,unclassified_missing_dates,False,True,True,True,False,False
UCBfrdsaboI8y1HnRUxMDjcw,,1,,,,2023-10-08T19:51:22Z,2023-11-10T13:24:00Z,first_active_after_reference,False,True,False,False,False,False
UCBhdaaA-s4E4JNd-EazAQPA,,0,,False,,,,unclassified_missing_dates,False,True,True,True,False,False
UCBi1eoQwQ8eVjWh8tjBvddQ,,1,,,,,,unclassified_missing_dates,False,True,True,True,False,False
UCBj3v8U0iIdoH1PyPReIl3w,,0,,False,,,,unclassified_missing_dates,False,True,True,True,False,False
UCBktz9aBA4IgmvG1k6LTg1Q,,0,,False,,,,unclassified_missing_dates,False,True,True,True,False,False
UCBlf6PVDgm8_k4gYthSOrKA,,0,,False,,,,unclassified_missing_dates,False,True,True,True,False,False
UCBn3wJ8OQl2CRo2U4uiWLVw,,0,,False,,,,unclassified_missing_dates,False,True,True,True,False,False
UCBnZUbp9T2fBIEg3udKKCBQ,Wege aus der Einsamkeit e.V.,1,5660,False,2013-08-15T07:11:06Z,2022-10-29T17:39:03Z,,unclassified_missing_dates,False,False,False,True,False,False
UCBnp3TxYgGl1j6WJnGsTQDw,Gruene Ober-Ramstadt,1,0,False,2021-01-09T10:29:56Z,,,unclassified_missing_dates,False,False,True,True,False,False
UCBnsE-q34rVuSoMmdC2i2Zg,,0,,False,,2023-12-17T04:28:30Z,2023-12-17T04:28:30Z,first_active_after_reference,False,True,False,False,False,False
UCBoIJhUfNcn8G_odWECKVIA,,1,,,,2023-10-19T05:43:09Z,,unclassified_missing_dates,False,True,False,True,False,False
UCBoS7z_76qs-RD-L-HpYtog,,0,,False,,,,unclassified_missing_dates,False,True,True,True,False,False
UCBp-78jxJPaSzJyNABX_1Eg,,1,,,,,,unclassified_missing_dates,False,True,True,True,False,False
UCBp-DbhtSZ91C9fxhfKfRtg,,0,,False,,,,unclassified_missing_dates,False,True,True,True,False,False
UCBpNn329andtA3JHChd4N0A,,0,,False,,,,unclassified_missing_dates,False,True,True,True,False,False
UCBr9gxK1WAyrwAv7wxpDKDg,,0,,False,,,,unclassified_missing_dates,False,True,True,True,False,False
UCBrwaXHuFZIpJtCYHTxuqZQ,,1,,,,,,unclassified_missing_dates,False,True,True,True,False,False
UCBsd3AUvcqZIhaCo7EFPEZA,Uwe Lennartz,1,455,False,2012-02-13T16:45:47Z,2022-11-04T08:07:13Z,,unclassified_missing_dates,False,False,False,True,False,False
UCBsq_CM3ZDyeYEVQ27BsPyw,,0,,False,,,,unclassified_missing_dates,False,True,True,True,False,False
UCBtbarOeoJKcZ3mQLOeAlmQ,,1,,,,,,unclassified_missing_dates,False,True,True,True,False,False
UCBuEcHYBNx4Wgbqvp9zf_4w,,0,,False,,,,unclassified_missing_dates,False,True,True,True,False,False
UCBw7NXxRpCg5een0rZ3Bc0g,,1,,,,,,unclassified_missing_dates,False,True,True,True,False,False
UCBwzo_QHMYp5F2LHVez0dgg,,1,,,,,,unclassified_missing_dates,False,True,True,True,False,False
UCByO_g0EL7p1AUDRXlN68GQ,Zapper Infotainment,1,885,False,2008-11-30T22:42:25Z,2022-10-07T16:59:14Z,,unclassified_missing_dates,False,False,False,True,False,False
UCBznUJqL2Cg1kKqWHJ50a_Q,Politik Mal Anders,1,1,False,2022-02-20T23:24:07Z,,,unclassified_missing_dates,False,False,True,True,False,False
UCC02xOJrIiMU1FVgzMrnsew,Die vollgetankte Selbstmordmaschine,1,1750,False,2013-12-15T19:13:41Z,2022-11-29T20:49:42Z,,unclassified_missing_dates,False,False,False,True,False,False
UCC1Bdq05VN4V5MKGIuzeocQ,,1,,,,,,unclassified_missing_dates,False,True,True,True,False,False
UCC2_eA3xiIDN0ESiCjxz5lA,,0,,False,,,,unclassified_missing_dates,False,True,True,True,False,False
UCC3_da01tBGiOJobHbDzpQg,,0,,False,,,,unclassified_missing_dates,False,True,True,True,False,False
UCC3hr0YhNFgqtp-atFx_4jQ,,0,,False,,,,unclassified_missing_dates,False,True,True,True,False,False
UCC59-1I0UI-at7j1-WGNXuQ,halbzehnFM - Politik-Podcast von links!,1,765,False,2018-12-04T15:42:04Z,,,unclassified_missing_dates,False,False,True,True,False,False
UCC5pbcGBHDK2gWCuGKyQtYw,,0,,False,,,,unclassified_missing_dates,False,True,True,True,False,False
UCC7mb1L0-j7vmKypO8uHiyw,,1,,,,,,unclassified_missing_dates,False,True,True,True,False,False
UCC7vORv1EJhpjpswGZNaTww,Oberösterreichische Nachrichten,1,7380,False,2012-04-20T10:02:33Z,2022-10-09T15:47:48Z,,unclassified_missing_dates,False,False,False,True,False,False
UCC8Rht7obzQwRT0SP29CQgA,Fridays for Future Eppingen,1,11,False,2021-02-23T19:36:41Z,,,unclassified_missing_dates,False,False,True,True,False,False
UCC8bGgswLGHTz9YOhQEVxew,,1,,,,,,unclassified_missing_dates,False,True,True,True,False,False
UCC8iQ_iceDsV-QwKknxB-Aw,,0,,False,,,,unclassified_missing_dates,False,True,True,True,False,False
UCC9m9Iig3PKlPS3HMD9m9AA,,0,,False,,,,unclassified_missing_dates,False,True,True,True,False,False
UCCAFVxA3Mk5w0dT2lr_8bGw,,0,,False,,,,unclassified_missing_dates,False,True,True,True,False,False
UCCCFuDUYY6tAvo-fHvvXM9g,,1,,,,,,unclassified_missing_dates,False,True,True,True,False,False
UCCCPCZNChQdGa9EkATeye4g,,0,,False,,2022-05-04T13:15:24Z,,unclassified_missing_dates,False,True,False,True,False,False
UCCCvkE4mRk20Umc6rAqbErQ,,0,,False,,,,unclassified_missing_dates,False,True,True,True,False,False
UCCD_GyqAJ2w5UpH9R4yIEjw,,0,,False,,,,unclassified_missing_dates,False,True,True,True,False,False
UCCDy4NfIs2GPC22Tgkt7q7g,,0,,False,,,,unclassified_missing_dates,False,True,True,True,False,False
UCCEnwd0_w1hALpxh2BW0VLQ,,0,,False,,,,unclassified_missing_dates,False,True,True,True,False,False
UCCEtxtD1pRK9GJppYyJZxlA,,0,,False,,,,unclassified_missing_dates,False,True,True,True,False,False
UCCG9uaISUoOfJkfaUwlZbEQ,,1,,,,,,unclassified_missing_dates,False,True,True,True,False,False
UCCGb2tAxYOTvhlx48vL9jVQ,,0,,False,,,,unclassified_missing_dates,False,True,True,True,False,False
UCCNRwVZJINvCDQyq_2ZXIaQ,,0,,False,,,,unclassified_missing_dates,False,True,True,True,False,False
UCCPttRaDpZZ2Rg14A4R9BGg,,1,,,,,,unclassified_missing_dates,False,True,True,True,False,False
UCCQkd2gPIejh9SPX8ChPKMg,,0,,False,,,,unclassified_missing_dates,False,True,True,True,False,False
UCCQmP9Ij-kcrkN9R8peQjSQ,,0,,False,,,,unclassified_missing_dates,False,True,True,True,False,False
UCCRY6v5_XAhVrIezCa8ZT9w,,1,,,,,,unclassified_missing_dates,False,True,True,True,False,False
UCCSMdQIkDAvAhcBYASC1yxg,,1,,,,,,unclassified_missing_dates,False,True,True,True,False,False
UCCTT3jX9XJAq-353EEBjIVA,,1,,,,,,unclassified_missing_dates,False,True,True,True,False,False
UCCUH1bwdxZYQ4bCoH82zGcA,SPD Hanau,1,22,False,2020-11-09T15:28:02Z,,,unclassified_missing_dates,False,False,True,True,False,False
UCCUZnYOQ8QAQbmiCK93_Kig,,1,,,,,,unclassified_missing_dates,False,True,True,True,False,False
UCCWF2EbSmEouzy7vbY6wLvQ,Mitbestimmen in Pankow,1,0,False,2021-06-08T06:21:13Z,,,unclassified_missing_dates,False,False,True,True,False,False
UCCWyZ61lxV_n13mYP-iA4Cg,,0,,False,,,,unclassified_missing_dates,False,True,True,True,False,False
UCCXR5J49ggb8FEUdE54fJ6Q,,0,,False,,,,unclassified_missing_dates,False,True,True,True,False,False
UCCXV0NIBb8F9y9hpUrmEg2A,CDU Kreisverband Fulda,1,19,False,2018-10-29T08:42:24Z,2025-02-21T09:27:00Z,,unclassified_missing_dates,False,False,False,True,False,False
UCCXltndyrDEQqzSBoiOzyCA,RGA Remscheid,1,469,False,2014-11-04T15:57:06Z,2022-10-31T14:36:54Z,,unclassified_missing_dates,False,False,False,True,False,False
UCCYBWEg_X1vRzqO0anP28KA,Ich bin's,1,1040,False,2015-09-10T20:32:47Z,2023-03-05T18:19:43Z,,unclassified_missing_dates,False,False,False,True,False,False
UCCZ8SJWVa39wt0TQAAD934w,,0,,False,,,,unclassified_missing_dates,False,True,True,True,False,False
UCCZIjxktTaTkFk5XBacfs3Q,,1,,,,,,unclassified_missing_dates,False,True,True,True,False,False
UCCamh3E4EYIvbftbCmOlqGQ,,0,,False,,2023-12-02T01:31:16Z,,unclassified_missing_dates,False,True,False,True,False,False
UCCbZ9Gpi_Gwz_LkAGn-HNTg,,1,,,,,,unclassified_missing_dates,False,True,True,True,False,False
UCCc1_bkjYATWoPmdEDe3SXg,,0,,False,,,,unclassified_missing_dates,False,True,True,True,False,False
UCCcEU5JQgDE1gJGTXLeOt2w,,0,,False,,,,unclassified_missing_dates,False,True,True,True,False,False
UCCclwrt2nxnNtoy8xF3YvsA,,0,,False,,,,unclassified_missing_dates,False,True,True,True,False,False
UCCcrbd1PBFezi0VOi0f66bQ,Julia Zupancic,1,3,False,2021-10-08T07:19:10Z,,,unclassified_missing_dates,False,False,True,True,False,False
UCCdKkuyDe0rt950_fF3lAig,ZDF Comedy,1,182000,True,2022-03-30T09:29:32Z,2021-01-17T17:00:16Z,2022-06-02T18:00:29Z,active_before_keyword_after,False,False,False,False,False,True
UCCdjl_yQOUL2Z4cEMP1E7Zg,Bernd Riexinger,1,21,False,2018-05-31T10:34:56Z,2022-10-26T08:56:04Z,,unclassified_missing_dates,False,False,False,True,False,False
UCCf_-BMYfCfbzYP6A0JgtMw,,0,,False,,,,unclassified_missing_dates,False,True,True,True,False,False
UCChMp1doR4Izn8Px78N2TYw,,0,,False,,,,unclassified_missing_dates,False,True,True,True,False,False
UCChoU-o-NdTCyoF9-eC5e5g,,0,,False,,,,unclassified_missing_dates,False,True,True,True,False,False
UCChpVZregfdkMF7vQdJDZRw,,1,,,,2023-10-27T12:00:08Z,,unclassified_missing_dates,False,True,False,True,False,False
UCChpkaZjiCfHwbQZ_cCG_vw,,1,,,,,,unclassified_missing_dates,False,True,True,True,False,False
UCCiNHzGpGj8FuTNYZBN2tZA,,1,,,,,,unclassified_missing_dates,False,True,True,True,False,False
UCCiTsTby0zrv044VyFzJd6A,,1,,,,,,unclassified_missing_dates,False,True,True,True,False,False
UCCifiim8YojsbLCZFeD_6Sg,WVG Geesthacht,1,24,False,2021-09-08T15:41:04Z,,,unclassified_missing_dates,False,False,True,True,False,False
UCCj-xOsx5iszk1TWDa3bzNw,,0,,False,,,,unclassified_missing_dates,False,True,True,True,False,False
UCCj6lFTJI4kXT5N3Tv12XEA,Landesfrauenrat MV,1,23,False,2021-04-06T08:21:52Z,2022-11-23T13:31:02Z,,unclassified_missing_dates,False,False,False,True,False,False
UCCk7UrdfrMVfhv0NOifimGg,,1,,,,,,unclassified_missing_dates,False,True,True,True,False,False
UCCkL8DHm5KSE5MiDWepOHUw,,0,,False,,,,unclassified_missing_dates,False,True,True,True,False,False
UCCkdLLokpeqla89rhQWMDxA,Herbert Meier,1,1180,False,2018-01-08T16:03:56Z,2022-10-16T22:31:48Z,,unclassified_missing_dates,False,False,False,True,False,False
UCClHsdjg93P0gaIFQdC-dcg,,1,,,,,,unclassified_missing_dates,False,True,True,True,False,False
UCCl_n2awXcy3LL7bHUngYwg,,0,,False,,,,unclassified_missing_dates,False,True,True,True,False,False
UCCmR-5zXRBdrJ3JvcxnjtxQ,,1,,,,,,unclassified_missing_dates,False,True,True,True,False,False
UCCn7twGqyuHzBVcVHyBRgLw,,0,,False,,,,unclassified_missing_dates,False,True,True,True,False,False
UCCnPWEcAkylt1z6ij3lKtYw,Joe Fck,1,240,False,2007-05-02T21:22:59Z,2022-11-15T16:43:26Z,,unclassified_missing_dates,False,False,False,True,False,False
UCCqSdVccEKDsVqQaloR5f5Q,,0,,False,,,,unclassified_missing_dates,False,True,True,True,False,False
UCCrGxthxUu8xQqal-xH_Izg,,0,,False,,,,unclassified_missing_dates,False,True,True,True,False,False
UCCrk6XQcWwghIttdy1Ch3ZA,,0,,False,,,,unclassified_missing_dates,False,True,True,True,False,False
UCCsGd-y9Du-8tPZfDl8p-tA,CDU Niederkrüchten,1,11,False,2020-08-09T15:59:38Z,,,unclassified_missing_dates,False,False,True,True,False,False
UCCutjomq2gnx50a9AGp-E6Q,,1,,,,,,unclassified_missing_dates,False,True,True,True,False,False
UCCvSydcqHEeig2kZQ0lX7sw,GRÜNE MV,1,280,False,2009-03-14T19:36:36Z,2022-12-01T11:18:25Z,,unclassified_missing_dates,False,False,False,True,False,False
UCCwzWoUOjKvU5Oj8JfnFDcQ,,1,,,,,,unclassified_missing_dates,False,True,True,True,False,False
UCCx_DZzr0PwNZiFpcRNtbiQ,,0,,False,,,,unclassified_missing_dates,False,True,True,True,False,False
UCCxmWUQwMKijo8SPdY6j_qw,,0,,False,,,,unclassified_missing_dates,False,True,True,True,False,False
UCCzHH3duyfQDQZ6-C5zgPpQ,Activinews by Michael Langhans,1,3920,False,2017-07-04T14:19:31Z,2023-01-19T10:33:58Z,,unclassified_missing_dates,False,False,False,True,False,False
UCD-8TVOcY0NPP1KZ3frQJpg,,0,,False,,,,unclassified_missing_dates,False,True,True,True,False,False
UCD-EIpGuny9W6wLYB5DZF8g,,0,,False,,,,unclassified_missing_dates,False,True,True,True,False,False
UCD-rZ_AgVw3FuDbIhyQau9w,,1,,,,,,unclassified_missing_dates,False,True,True,True,False,False
UCD0hxmPOrQehtRYEoXEKeGw,,1,,,,,,unclassified_missing_dates,False,True,True,True,False,False
UCD10pevX-QP90qr8Oj3zQ0Q,,0,,False,,,,unclassified_missing_dates,False,True,True,True,False,False
UCD2KQ5DH5biDEt8y93zc3fA,,0,,False,,,,unclassified_missing_dates,False,True,True,True,False,False
UCD4EyHp1YtH1WJzmt31W_dg,Bialke,1,368,False,2006-11-24T02:30:00Z,2023-01-08T04:47:40Z,,unclassified_missing_dates,False,False,False,True,False,False
UCD4PShON5583JTofGFMdXuQ,,0,,False,,,,unclassified_missing_dates,False,True,True,True,False,False
UCD5-K_SP_kzgzcII-Er0wtA,Outside Views Deutschland,1,557,False,2019-11-04T07:34:10Z,2022-10-19T04:00:00Z,,unclassified_missing_dates,False,False,False,True,False,False
UCD5JCLDokpY6veHdG472LUQ,,0,,False,,,,unclassified_missing_dates,False,True,True,True,False,False
UCD6qlYO1AnFucXmG-GLxNiA,,0,,False,,,,unclassified_missing_dates,False,True,True,True,False,False
UCD6vZHxwy58E48W1cvdL93Q,DIY0815,1,12,False,2011-07-16T21:39:59Z,,,unclassified_missing_dates,False,False,True,True,False,False
UCD8A39T6y25TSOuXfjfYCKg,,0,,False,,,,unclassified_missing_dates,False,True,True,True,False,False
UCD8iFtyG9PgegC9SMuqMAmg,,1,,,,,,unclassified_missing_dates,False,True,True,True,False,False
UCD8nrrKrHdel0wrBVaxnRTw,Dargador LP der Freizeit Zocker,1,126,False,2013-11-07T17:13:19Z,2022-10-07T04:00:18Z,,unclassified_missing_dates,False,False,False,True,False,False
UCD9YIufEy0SmhsqlC5iBwdg,,1,,,,,,unclassified_missing_dates,False,True,True,True,False,False
UCD9jOPhkS--mpbdJNyfd3mQ,FDP Friedberg,1,2,False,2021-03-02T09:31:05Z,,,unclassified_missing_dates,False,False,True,True,False,False
UCDB8nu9MRwfY6alnk-Kl6BQ,,0,,False,,,,unclassified_missing_dates,False,True,True,True,False,False
UCDBUo1vVoT1ijGRvnHUf2Iw,,0,,False,,,,unclassified_missing_dates,False,True,True,True,False,False
UCDBV1_28Q_NKF2SxnLO-3jg,,0,,False,,,,unclassified_missing_dates,False,True,True,True,False,False
UCDCua3OJ65UHU47HaXN8-uw,,1,,,,,,unclassified_missing_dates,False,True,True,True,False,False
UCDDta-49GXCXO6DsnsRJv_A,Willisau Tv,1,877,False,2011-08-06T09:41:42Z,2022-10-08T11:00:21Z,,unclassified_missing_dates,False,False,False,True,False,False
UCDENsn0uTnri_Mlzs6O4i1w,,0,,False,,2023-12-26T01:54:46Z,2023-12-26T01:54:46Z,first_active_after_reference,False,True,False,False,False,False
UCDEgz16OrhLErXZ76gs8vYg,,1,,,,,,unclassified_missing_dates,False,True,True,True,False,False
UCDFOOt2E2-Ci5pbro_HADCA,,0,,False,,,,unclassified_missing_dates,False,True,True,True,False,False
UCDFiBI1Rg2BtgnGs0S2hr2A,,0,,False,,,,unclassified_missing_dates,False,True,True,True,False,False
UCDG1riyO9I8VO4KRbYxB7Ig,,1,,,,,,unclassified_missing_dates,False,True,True,True,False,False
UCDGCJI51l0iAV6qqCr-8DtQ,Unruly Juli,1,2540,False,2019-09-12T06:10:00Z,2022-11-20T19:00:06Z,,unclassified_missing_dates,False,False,False,True,False,False
UCDGgiNqxaO80NoIFCmjXZvA,,1,,,,,,unclassified_missing_dates,False,True,True,True,False,False
UCDGrFwrsG9VrfujjsS9aa0A,,0,,False,,,,unclassified_missing_dates,False,True,True,True,False,False
UCDHEVDiAXQYddj6bDTmg3MA,,0,,False,,,,unclassified_missing_dates,False,True,True,True,False,False
UCDHq3XVtjcWwESfpBn44DIw,,0,,False,,,,unclassified_missing_dates,False,True,True,True,False,False
UCDI9D-TA8-AYT3-vC2zzTOQ,Nikolaisaal Potsdam,1,371,False,2011-09-14T10:25:27Z,2022-10-20T12:29:08Z,,unclassified_missing_dates,False,False,False,True,False,False
UCDIV8X7CbTJ5_XUADOjKCTQ,,0,,False,,,,unclassified_missing_dates,False,True,True,True,False,False
UCDIsTzW-Izbyx4RJ6p4NeJw,,0,,False,,,,unclassified_missing_dates,False,True,True,True,False,False
UCDLg2ioe8QZaOjFbdGupg_w,,0,,False,,,,unclassified_missing_dates,False,True,True,True,False,False
UCDMskWVYFGuCpPazHJ8qgIA,Lutz Richter,1,1,False,2021-09-10T16:20:26Z,,,unclassified_missing_dates,False,False,True,True,False,False
UCDN8Wtw6Bz9dwfYHSHx15RQ,,0,,False,,,,unclassified_missing_dates,False,True,True,True,False,False
UCDN9RsULoiaKVyCjzv48DSQ,Diakoniewerk Martha-Maria,1,953,False,2016-12-22T10:11:50Z,2022-10-24T07:32:17Z,,unclassified_missing_dates,False,False,False,True,False,False
UCDNsyFMbd3S28Y5Zoi0lUKw,,0,,False,,,,unclassified_missing_dates,False,True,True,True,False,False
UCDO3n0D3C7vW-kHTiwtuyIQ,,0,,False,,,,unclassified_missing_dates,False,True,True,True,False,False
UCDOEuJQrwehQTywd3iV_pFg,,0,,False,,2023-12-01T01:03:57Z,,unclassified_missing_dates,False,True,False,True,False,False
UCDOHJbn8-3wSjaAgsiw6-Pg,,0,,False,,,,unclassified_missing_dates,False,True,True,True,False,False
UCDOxFhKC0--LUtLacM9gnTA,,0,,False,,,,unclassified_missing_dates,False,True,True,True,False,False
UCDPBAqe_be6aaeQh06iNn_Q,,0,,False,,,,unclassified_missing_dates,False,True,True,True,False,False
UCDPMut_pzX-dYI1l93OXbTg,,0,,False,,,,unclassified_missing_dates,False,True,True,True,False,False
UCDPPeOr5RfbA1ej7JkdaRvA,,1,,,,,,unclassified_missing_dates,False,True,True,True,False,False
UCDPQVkgqr3gO-EOSYDnX-uA,,0,,False,,,,unclassified_missing_dates,False,True,True,True,False,False
UCDQNWX1V7rCvckAgLlTgAGQ,,0,,False,,,,unclassified_missing_dates,False,True,True,True,False,False
UCDRU08xlp02M9-QOXlP_SCQ,,1,,,,,,unclassified_missing_dates,False,True,True,True,False,False
UCDRmshNkl2uA01oRHwWBY6w,,0,,False,,,,unclassified_missing_dates,False,True,True,True,False,False
UCDRontqYlTn9IMEhWe2u6Dw,,0,,False,,,,unclassified_missing_dates,False,True,True,True,False,False
UCDTsB5A1bsdmtfnOazKQhbw,,0,,False,,,,unclassified_missing_dates,False,True,True,True,False,False
UCDUGmCHXckCfMKtGLI9hr7Q,Dr. Falko Grube,1,73,False,2014-02-26T21:58:49Z,2022-10-12T10:00:55Z,,unclassified_missing_dates,False,False,False,True,False,False
UCDUUunkimvYyZZiKRd01sLg,,0,,False,,,,unclassified_missing_dates,False,True,True,True,False,False
UCDVC3uU0UR1K-FlzNFvyJcA,,1,,,,,,unclassified_missing_dates,False,True,True,True,False,False
UCDVq6oKkwKVEyJuNSZcB2YQ,,1,,,,,,unclassified_missing_dates,False,True,True,True,False,False
UCDW3tFFXcGZ8-mOL_vgzHxA,,1,,,,,,unclassified_missing_dates,False,True,True,True,False,False
UCDWV0bETRriI0Wz2lqSWOPg,,0,,False,,,,unclassified_missing_dates,False,True,True,True,False,False
UCDWxquVTEASxHZfTZGZGWNQ,,0,,False,,2023-10-16T18:02:21Z,2023-10-16T18:02:21Z,first_active_after_reference,False,True,False,False,False,False
UCDX8cDjI6M-eZvNWHnHPHkA,,0,,False,,2023-11-30T16:09:03Z,2023-11-30T16:09:03Z,first_active_after_reference,False,True,False,False,False,False
UCDXSDdzBoH8AXIVYyX3ytGw,,0,,False,,,,unclassified_missing_dates,False,True,True,True,False,False
UCDXlIaLX8YRrJt_h5Hkqf1g,,0,,False,,2023-10-07T04:48:32Z,,unclassified_missing_dates,False,True,False,True,False,False
UCDXswo06HokWf-hYD3CxJvQ,,0,,False,,,,unclassified_missing_dates,False,True,True,True,False,False
UCDZ56qrLhl0rDYc-xW7Xn1w,,1,,,,2023-10-22T22:05:05Z,2023-10-22T22:05:05Z,first_active_after_reference,False,True,False,False,False,False
UCDZ7N-OcWzkLydFjV7ivhRw,,0,,False,,,,unclassified_missing_dates,False,True,True,True,False,False
UCD_m0DHkDfpx6QG6itrwihA,,0,,False,,,,unclassified_missing_dates,False,True,True,True,False,False
UCDcYdA5aOksMINY--8_wJJg,,1,,,,,,unclassified_missing_dates,False,True,True,True,False,False
UCDffRXd1LU8Fzw3VWoK4EIg,,0,,False,,,,unclassified_missing_dates,False,True,True,True,False,False
UCDgAPYCUtzxmUW8HE7lYfhQ,RETRO CLASSICS,1,7800,False,2021-08-01T17:59:17Z,2022-10-08T19:22:45Z,,unclassified_missing_dates,False,False,False,True,False,False
UCDgjhQ6JXO--J1-y4Otml6Q,Achim Weidner,1,102,False,2007-05-13T08:17:51Z,2022-10-15T07:05:44Z,,unclassified_missing_dates,False,False,False,True,False,False
UCDgtE3fbPKPSfyEtkKi6GkQ,Lukas Geirhos,1,17,False,2019-10-20T16:13:34Z,,,unclassified_missing_dates,False,False,True,True,False,False
UCDh7YaIPxib4evV-esrDmqA,,0,,False,,,,unclassified_missing_dates,False,True,True,True,False,False
UCDiDR5R8rXmwws_kXMzPvpw,,0,,False,,,,unclassified_missing_dates,False,True,True,True,False,False
UCDlm9ItxohHFvjA3v_8_h-g,,1,,,,,,unclassified_missing_dates,False,True,True,True,False,False
UCDmuaplTgATV4RTro7LvaNA,,0,,False,,,,unclassified_missing_dates,False,True,True,True,False,False
UCDoKB-gaLEtSgX2kcz_Yjug,,1,,,,,,unclassified_missing_dates,False,True,True,True,False,False
UCDpTaA5XVqVLWROtS9pTHeg,,0,,False,,,,unclassified_missing_dates,False,True,True,True,False,False
UCDpYiLBbRA7CF_v3iH79N7g,,0,,False,,,,unclassified_missing_dates,False,True,True,True,False,False
UCDpch1DrH0RWJQW-jODODdQ,,1,,,,,,unclassified_missing_dates,False,True,True,True,False,False
UCDrB3FG-lWrspbbMqHdMJ9w,,0,,False,,,,unclassified_missing_dates,False,True,True,True,False,False
UCDuMWrIsQ8sY6ZyTtLe9G0w,,0,,False,,,,unclassified_missing_dates,False,True,True,True,False,False
UCDujVW4852YxSpDSA6oKhFw,,1,,,,2023-11-11T08:07:51Z,,unclassified_missing_dates,False,True,False,True,False,False
UCDupByRYQZ7VvpxcXqo7jkw,Qualität ohne Quote,1,48,False,2021-01-18T16:23:22Z,2023-03-17T14:43:12Z,,unclassified_missing_dates,False,False,False,True,False,False
UCDx5f7jjXx7z2IsBKcA_AJg,,0,,False,,,,unclassified_missing_dates,False,True,True,True,False,False
UCDy2XlnY9GR0Ed9MqOtMnKQ,PASTEL PLAY,1,32,False,2015-12-01T07:14:33Z,,,unclassified_missing_dates,False,False,True,True,False,False
UCDy6uwDLNTSJOmBxnnSGd0A,,1,,,,,,unclassified_missing_dates,False,True,True,True,False,False
UCDyTdUzrdjGKRW1JmdhEdPg,KlavierKranich,1,898,False,2020-07-11T10:22:33Z,2023-02-05T16:00:08Z,,unclassified_missing_dates,False,False,False,True,False,False
UCDzcdCtvQFt4hgSEGwl188g,,0,,False,,,,unclassified_missing_dates,False,True,True,True,False,False
UCE-s2ORhFCTmyLyGW8fzLTA,,0,,False,,,,unclassified_missing_dates,False,True,True,True,False,False
UCE1DB4tr1Ms-Rqph3KoDXTw,dokumente de,1,0,False,2022-02-10T05:49:15Z,,,unclassified_missing_dates,False,False,True,True,False,False
UCE38FJeWDQ-ViY6buSKWoJg,,0,,False,,2023-10-13T00:09:49Z,,unclassified_missing_dates,False,True,False,True,False,False
UCE3WiuXaAzDsX723s0IJcsg,yilmazic1,1,9,False,2011-02-21T13:54:47Z,2023-11-03T14:07:12Z,,unclassified_missing_dates,False,False,False,True,False,False
UCE4xTqgBgg7ZieJqjHaBvKw,,0,,False,,,,unclassified_missing_dates,False,True,True,True,False,False
UCE5Ow_wi2SS1ICPoPDybUZQ,Therapeuten-Stammtisch Schleswig-Holstein,1,2,False,2021-09-23T09:25:55Z,,,unclassified_missing_dates,False,False,True,True,False,False
UCE5vfEYi9h8qAfUIwbtTwpQ,,0,,False,,,,unclassified_missing_dates,False,True,True,True,False,False
UCE79CVClZLSmXOmsojVbbOw,,0,,False,,,,unclassified_missing_dates,False,True,True,True,False,False
UCE7PlTYbI9_e0QD12NhXqtA,,1,,,,,,unclassified_missing_dates,False,True,True,True,False,False
UCE7t4Z4ln2JeND8_ix9w29g,,0,,False,,,,unclassified_missing_dates,False,True,True,True,False,False
UCE8Yfq8j44OKwYGvk3FNIfg,,0,,False,,,,unclassified_missing_dates,False,True,True,True,False,False
UCE9DGLYuQ-CnP3krfrpQp0w,Florian Lienert,1,3,False,2021-09-02T17:26:50Z,,,unclassified_missing_dates,False,False,True,True,False,False
UCEA4ehX1sQrntLRRrMfqeEg,,0,,False,,,,unclassified_missing_dates,False,True,True,True,False,False
UCEAuTnjt3bC-Dg1uvyvj5-A,Russlanddeutsche Stimme,1,4420,False,2013-11-21T11:13:14Z,2023-09-29T10:04:58Z,,unclassified_missing_dates,False,False,False,True,False,False
UCEAyON-obSMr0vzeX_0z3gQ,,0,,False,,,,unclassified_missing_dates,False,True,True,True,False,False
UCEBnWqTnklxQNGSH6YF_pCg,,0,,False,,,,unclassified_missing_dates,False,True,True,True,False,False
UCECtR1tObk6ib1Bcc_PgNEw,,0,,False,,,,unclassified_missing_dates,False,True,True,True,False,False
UCEDEqT7DeUJyVNc5QpwSTgQ,,0,,False,,,,unclassified_missing_dates,False,True,True,True,False,False
UCEDV6Tg_pKE8t7kiNCDQnLA,,0,,False,,,,unclassified_missing_dates,False,True,True,True,False,False
UCEE7Q5PuuuAwtNLL7O9w9Ow,,0,,False,,,,unclassified_missing_dates,False,True,True,True,False,False
UCEED9A1rC6YY6Me9Bn_BqMw,,0,,False,,,,unclassified_missing_dates,False,True,True,True,False,False
UCEFX1sDwxzpP6Arv5d-FUJw,,0,,False,,,,unclassified_missing_dates,False,True,True,True,False,False
UCEFZ5GJDB39cgXqFiJp1_Jg,Linksjugend Sachsen,1,300,False,2008-05-29T20:52:28Z,2022-11-30T07:09:33Z,,unclassified_missing_dates,False,False,False,True,False,False
UCEGC6W01XT1rm8LuQjTW_3A,,1,,,,,,unclassified_missing_dates,False,True,True,True,False,False
UCEGh77G24dSsUNS-utjXQ1A,,1,,,,,,unclassified_missing_dates,False,True,True,True,False,False
UCEHlT3P19VatN_6jxdYlkHA,,0,,False,,,,unclassified_missing_dates,False,True,True,True,False,False
UCEI7kSMBo1xj9n3_yi6-CEg,,0,,False,,,,unclassified_missing_dates,False,True,True,True,False,False
UCEJTrMeJ7gFiQxsmIneT4fQ,,1,,,,,,unclassified_missing_dates,False,True,True,True,False,False
UCEJp8M7uGjpKRvJ9aB-RlBg,,1,,,,,,unclassified_missing_dates,False,True,True,True,False,False
UCEKYTacVgldJ6b1i4hdqF2w,,0,,False,,,,unclassified_missing_dates,False,True,True,True,False,False
UCELku_rf-FHbWhLIwsKLGGA,,0,,False,,,,unclassified_missing_dates,False,True,True,True,False,False
UCEMSFGPQy4d97aeemr63Fmg,Die Linke Görlitz | Infokanal ,1,47,False,2017-10-27T17:39:14Z,,,unclassified_missing_dates,False,False,True,True,False,False
UCEMWtlpzeK7jiJKrZ8yruqA,Telepass,1,187,False,2021-03-24T12:44:43Z,2022-07-30T13:33:27Z,,unclassified_missing_dates,False,False,False,True,False,False
UCEMe8EWi3xc2piqUQ0MzChw,,1,,,,,,unclassified_missing_dates,False,True,True,True,False,False
UCENwuzf3kalaTM1ELZ2Yaew,,0,,False,,,,unclassified_missing_dates,False,True,True,True,False,False
UCEOJpBN3NxttYFSyV0DOBgw,,0,,False,,,,unclassified_missing_dates,False,True,True,True,False,False
UCEPkS6A53GSnQelyGCHHIIQ,,0,,False,,,,unclassified_missing_dates,False,True,True,True,False,False
UCEQdp2Ln2KkuaJQznKysBZQ,,0,,False,,,,unclassified_missing_dates,False,True,True,True,False,False
UCEREOn7DzX6Xw2aAhrveeLQ,,0,,False,,,,unclassified_missing_dates,False,True,True,True,False,False
UCES8OCeMHrvMng-HTBCBACg,,0,,False,,,,unclassified_missing_dates,False,True,True,True,False,False
UCETu1lawgEa750EgSpF_xJg,Wirtschaft Politik,1,7,False,2013-01-27T12:36:26Z,,,unclassified_missing_dates,False,False,True,True,False,False
UCEVAMgTYGy6NhOMYGOjoW2w,,0,,False,,,,unclassified_missing_dates,False,True,True,True,False,False
UCEVTdbXcAFt9frZFg2YgKMw,,0,,False,,,,unclassified_missing_dates,False,True,True,True,False,False
UCEV_0YLR5lYU2judEPL4THQ,,0,,False,,,,unclassified_missing_dates,False,True,True,True,False,False
UCEWWdcaRqG6spxIEIHyz3pQ,,0,,False,,,,unclassified_missing_dates,False,True,True,True,False,False
UCEXEXWXsr0YYvGRlRh-lEVw,,1,,,,,,unclassified_missing_dates,False,True,True,True,False,False
UCEXGDNclvmg6RW0vipJYsTQ,,0,,False,,2022-06-26T20:45:00Z,,unclassified_missing_dates,False,True,False,True,False,False
UCEYOYtM15RcORlS9ovL_kqA,,1,,,,,,unclassified_missing_dates,False,True,True,True,False,False
UCEYdYmXd6-hAI_nmhcuigaA,,1,,,,,,unclassified_missing_dates,False,True,True,True,False,False
UCEZC7WAWu1A_RUqzgYMuslg,Jonas Elgebeté,1,305,False,2011-01-22T22:47:25Z,2023-10-11T19:17:56Z,,unclassified_missing_dates,False,False,False,True,False,False
UCE_S99c6G2KHMJNsYh1edFA,,1,,,,,,unclassified_missing_dates,False,True,True,True,False,False
UCE_ToyizyjhKbBYznnbjuNA,,0,,False,,,,unclassified_missing_dates,False,True,True,True,False,False
UCEaQH9w9x_es-4VKovp9Nvw,Radio Essen,1,1040,False,2016-04-19T08:00:46Z,2022-10-07T16:46:44Z,,unclassified_missing_dates,False,False,False,True,False,False
UCEbFNxC3HkSlHArEu1QWr_g,,0,,False,,,,unclassified_missing_dates,False,True,True,True,False,False
UCEbQokMT2sXJXRRB4_llF_w,Drei alte weiße Männer,1,15,False,2020-01-25T13:15:03Z,,,unclassified_missing_dates,False,False,True,True,False,False
UCEbZQvm88ChsoBzlUl985Xw,,0,,False,,,,unclassified_missing_dates,False,True,True,True,False,False
UCEcRBr8r77G_NsOgj2smxIg,,0,,False,,,,unclassified_missing_dates,False,True,True,True,False,False
UCEcSdJRwN8l2XMOs3sK_pgw,,0,,False,,,,unclassified_missing_dates,False,True,True,True,False,False
UCEcik08lEmJJ-JSWfVdf7AQ,,0,,False,,,,unclassified_missing_dates,False,True,True,True,False,False
UCEdOkiTxqJrv6aNko-6zKqA,,0,,False,,,,unclassified_missing_dates,False,True,True,True,False,False
UCEdVQavN0FXIU_5LjINT95A,Norbert Röttgen,1,324,False,2020-06-05T18:17:42Z,,,unclassified_missing_dates,False,False,True,True,False,False
UCEdde5AX-Vthc6G9-gEwHmQ,,1,,,,,,unclassified_missing_dates,False,True,True,True,False,False
UCEeL4jELzooI7cyrouQzoJg,,0,,False,,,,unclassified_missing_dates,False,True,True,True,False,False
UCEj3PHOkWDWD3r2v_eRBPyA,,1,,,,,,unclassified_missing_dates,False,True,True,True,False,False
UCEjxPsOeznhHe3mpRloPpdA,,1,,,,,,unclassified_missing_dates,False,True,True,True,False,False
UCEk1NuEvJdUwKqVqHTMudjw,,0,,False,,,,unclassified_missing_dates,False,True,True,True,False,False
UCEkDcXohzjhYnqYOQmoCfSA,,0,,False,,,,unclassified_missing_dates,False,True,True,True,False,False
UCElHhZxFoit-PocrBEPLibA,,1,,,,,,unclassified_missing_dates,False,True,True,True,False,False
UCElKnRAubpHx3-KFNqD1O0w,AfD Braunschweig,1,28,False,2021-07-05T16:45:35Z,,,unclassified_missing_dates,False,False,True,True,False,False
UCEmBoOTLA8SQElyYwDxNAQQ,,0,,False,,,,unclassified_missing_dates,False,True,True,True,False,False
UCEmo3-p_N_TVgYN9oGIQfKA,Demo Time Now,1,197,False,2016-05-30T10:33:14Z,,,unclassified_missing_dates,False,False,True,True,False,False
UCEoAckhfzhBdSH4TURv24rA,,1,,,,,,unclassified_missing_dates,False,True,True,True,False,False
UCEpIhtT0QObhhJqs0o0aV5w,,1,,,,,,unclassified_missing_dates,False,True,True,True,False,False
UCEpik9QsCd-uDd1cayuEADA,,0,,False,,,,unclassified_missing_dates,False,True,True,True,False,False
UCEqyizLy0pcjnBNJ-Aq-t5A,,0,,False,,,,unclassified_missing_dates,False,True,True,True,False,False
UCErT7j19IGaGh6WBC4eueEw,iRights Lab,1,80,False,2018-05-08T07:42:33Z,2022-11-18T13:06:29Z,,unclassified_missing_dates,False,False,False,True,False,False
UCErqWWMnmgbXGeHufJgpw1A,Bildungsstätte Anne Frank,1,5480,False,2017-10-13T13:34:02Z,2022-10-19T15:44:59Z,,unclassified_missing_dates,False,False,False,True,False,False
UCEsIc0pRPjXfdn0jmxRMPlw,,0,,False,,,,unclassified_missing_dates,False,True,True,True,False,False
UCEslP_eK6Xny9RUFVco8X7w,Wolfgang Weiß,1,3,False,2009-08-31T11:28:32Z,,,unclassified_missing_dates,False,False,True,True,False,False
UCEt8h36PNAgx1D02oqInSNw,,0,,False,,,,unclassified_missing_dates,False,True,True,True,False,False
UCEtRrfZ6c4i5sxYfOCA5LaQ,,0,,False,,,,unclassified_missing_dates,False,True,True,True,False,False
UCEtdslVGMXWaY5-VT8jvE2g,,1,,,,,,unclassified_missing_dates,False,True,True,True,False,False
UCEvUj8gomdWzKcCSZIOhbOw,Manuel Kastner,1,6,False,2021-09-30T21:37:10Z,2022-11-16T00:07:30Z,,unclassified_missing_dates,False,False,False,True,False,False
UCEwiLKfRxSKEvKxSt1nHaPg,Adamantios,1,1390,False,2014-02-21T19:38:17Z,,,unclassified_missing_dates,False,False,True,True,False,False
UCExcLel2a2kLL3vN17kH0xw,,0,,False,,,,unclassified_missing_dates,False,True,True,True,False,False
UCEy4DpTT3XyKu6TNMdx5pnw,KjG Köln,1,62,False,2013-11-06T08:57:36Z,2022-12-13T10:47:28Z,,unclassified_missing_dates,False,False,False,True,False,False
UCF1GQjNR6r6iDYFOEp6pM2A,,1,,,,,,unclassified_missing_dates,False,True,True,True,False,False
UCF1u8zrcjif4gb_Qm0QqZBA,,0,,False,,,,unclassified_missing_dates,False,True,True,True,False,False
UCF2O5GFrm3_Ql7ywwhfqbgg,,1,,,,,,unclassified_missing_dates,False,True,True,True,False,False
UCF2VvFcK70KbopZ-FLHBY2Q,DEHOGA Berlin,1,437,False,2010-09-17T19:17:19Z,2022-10-11T12:51:21Z,,unclassified_missing_dates,False,False,False,True,False,False
UCF34loUAKwi9MuJwO7IK1FA,,0,,False,,,,unclassified_missing_dates,False,True,True,True,False,False
UCF3Ai2Yaeq3Kpd5xO3yNSrA,,0,,False,,,,unclassified_missing_dates,False,True,True,True,False,False
UCF53EOIDYGaCEK5prxGj_5g,Stadtverwaltung Schwalmstadt,1,126,False,2019-04-08T14:19:27Z,2023-07-03T08:14:21Z,,unclassified_missing_dates,False,False,False,True,False,False
UCF64w_j1cpfzKkMs0G7HnCA,,0,,False,,,,unclassified_missing_dates,False,True,True,True,False,False
UCF6S7dSHfB-xGYC2BZXyAeA,,0,,False,,,,unclassified_missing_dates,False,True,True,True,False,False
UCF79wWxm37ZjBbQWl1HfXhQ,,0,,False,,,,unclassified_missing_dates,False,True,True,True,False,False
UCF7vCGuwxj9kpA25qJXwRYQ,,0,,False,,,,unclassified_missing_dates,False,True,True,True,False,False
UCF8HUTbUwPKh2Q-KpGOCVGw,,0,,False,,,,unclassified_missing_dates,False,True,True,True,False,False
UCF8JmkRdjX7MXci4oK7reTA,VernunfTrigger,1,575,False,2018-10-21T12:12:31Z,2022-11-06T13:01:57Z,,unclassified_missing_dates,False,False,False,True,False,False
UCF8Me_zN7f4sk1nbnt5I96A,,0,,False,,,,unclassified_missing_dates,False,True,True,True,False,False
UCF9bp2SgK1PUUPccnuAA_sw,,0,,False,,,,unclassified_missing_dates,False,True,True,True,False,False
UCFA0m8sH1oZXp41y2m4ovbA,,1,,,,,,unclassified_missing_dates,False,True,True,True,False,False
UCFCL6vupA76mAD7uYbTpK0w,,1,,,,,,unclassified_missing_dates,False,True,True,True,False,False
UCFEhP67ko36rpwJx_wm0f6Q,,0,,False,,,,unclassified_missing_dates,False,True,True,True,False,False
UCFGWwtsGKaU7brcUBhaqJTA,,0,,False,,,,unclassified_missing_dates,False,True,True,True,False,False
UCFH1rXyPlTyHkr8B2HmIvvw,,0,,False,,,,unclassified_missing_dates,False,True,True,True,False,False
UCFIDcCnw6__aj5awBR-MofA,Frau Didem Laçin Karabulut,1,19,False,2015-11-13T17:49:24Z,,,unclassified_missing_dates,False,False,True,True,False,False
UCFILAS1ugSrPa-uM29aMllg,,0,,False,,,,unclassified_missing_dates,False,True,True,True,False,False
UCFItJt1JClxwm84IPicBhGA,Stadtjugendring Mönchengladbach,1,14,False,2020-06-28T12:33:40Z,,,unclassified_missing_dates,False,False,True,True,False,False
UCFIuYuTui77thdt9WaSEXUA,,0,,False,,,,unclassified_missing_dates,False,True,True,True,False,False
UCFIyKs_l80rpi6rX9W4ytqA,,1,,,,,,unclassified_missing_dates,False,True,True,True,False,False
UCFJPZnnN8L7h2sitD7b5x6g,,1,,,,,,unclassified_missing_dates,False,True,True,True,False,False
UCFK7YrsW6SlSF0i80UcZ7rw,,1,,,,,,unclassified_missing_dates,False,True,True,True,False,False
UCFKXlPvSsNIZ-KtdZbMOTYw,,0,,False,,,,unclassified_missing_dates,False,True,True,True,False,False
UCFLI6KAjrKRtydD7KqiYvAw,,0,,False,,2023-11-04T00:00:17Z,2023-11-04T00:00:17Z,first_active_after_reference,False,True,False,False,False,False
UCFNf9WigjSRQBC9falJsV2A,,0,,False,,,,unclassified_missing_dates,False,True,True,True,False,False
UCFNrI5RG_5dy4EDbB0VVOBA,Keinen Meter mehr!,1,36,False,2015-01-29T08:15:04Z,2023-01-12T11:51:50Z,,unclassified_missing_dates,False,False,False,True,False,False
UCFOkAsHogyPFm3isSTIOzJg,AfD Stadtverband Frankfurt Oder,1,35,False,2020-06-16T15:22:33Z,,,unclassified_missing_dates,False,False,True,True,False,False
UCFPLM0ebZYdvtgAw3ELU0ig,,1,,,,,,unclassified_missing_dates,False,True,True,True,False,False
UCFPbCoLbI4hHx26vky2e-jw,,1,,,,,,unclassified_missing_dates,False,True,True,True,False,False
UCFQ8dW5sZ50Dd13lNW1W66w,Teresia Minjoli,1,1,False,2013-05-08T05:46:46Z,,,unclassified_missing_dates,False,False,True,True,False,False
UCFQgi22Ht00CpaOQLtvZx2A,,0,,False,,2022-02-24T10:17:01Z,,unclassified_missing_dates,False,True,False,True,False,False
UCFRT782IKdO__tNs0p1B7Jw,CDU Rheinland-Pfalz,1,415,False,2009-08-12T09:19:44Z,2023-02-09T13:27:54Z,,unclassified_missing_dates,False,False,False,True,False,False
UCFRTV-NZGv17VghdMHlVJ3A,,1,,,,,,unclassified_missing_dates,False,True,True,True,False,False
UCFRWSbAErP54l7wIW27Mn2Q,,0,,False,,,,unclassified_missing_dates,False,True,True,True,False,False
UCFS7bGoV0779rFRqifdhtIA,,1,,,,,,unclassified_missing_dates,False,True,True,True,False,False
UCFSb3Z3N4btVbA6gCLM23uA,,0,,False,,,,unclassified_missing_dates,False,True,True,True,False,False
UCFSyNMSJelNLssHWtDw3qOg,,0,,False,,,,unclassified_missing_dates,False,True,True,True,False,False
UCFT_M5o-s8sPTmJqRLELxeA,Neuwähler:in,1,418,False,2019-03-29T02:35:26Z,2022-11-19T09:19:43Z,,unclassified_missing_dates,False,False,False,True,False,False
UCFTfgSfANGAfPBtj0jwrkBw,Holger Reich - God is moving! Komm doch mit.,1,34,False,2019-08-19T07:44:35Z,2022-11-13T14:31:48Z,,unclassified_missing_dates,False,False,False,True,False,False
UCFTn0F3HmJWZaWm9f7qoOog,,1,,,,,,unclassified_missing_dates,False,True,True,True,False,False
UCFUPuLrrd5Ys3ptbzYWiCuQ,,1,,,,,,unclassified_missing_dates,False,True,True,True,False,False
UCFUhg3e95XoK3DBueJXsZpA,FDP Sachsen-Anhalt,1,201,False,2013-08-21T06:16:09Z,2024-04-06T15:14:08Z,,unclassified_missing_dates,False,False,False,True,False,False
UCFW2Oud0f923iEVvNrBScCw,,0,,False,,,,unclassified_missing_dates,False,True,True,True,False,False
UCFX0n4dfjrVA-t7rzIbIGyg,Faysal TV,1,560,False,2022-01-18T00:39:21Z,2022-10-14T17:45:11Z,,unclassified_missing_dates,False,False,False,True,False,False
UCFXYdGElfq9_jnjLQUj-ZaQ,AMA,1,4250,False,2021-08-23T19:52:05Z,2022-10-14T16:47:53Z,,unclassified_missing_dates,False,False,False,True,False,False
UCFYoJ1rGfiwLKoVgryfdmnQ,,0,,False,,,,unclassified_missing_dates,False,True,True,True,False,False
UCFcXl58vFBAj1tPSS7Aoa7g,,0,,False,,,,unclassified_missing_dates,False,True,True,True,False,False
UCFdSY75-V9eSBhq3hDvStng,,1,,,,,,unclassified_missing_dates,False,True,True,True,False,False
UCFdh7OBBJi5wy-7JWcUYxLw,Manuel Freidrichs,1,0,False,2020-08-25T15:23:47Z,,,unclassified_missing_dates,False,False,True,True,False,False
UCFdkt7Wv_Ujuym58hlUKIjg,,1,,,,,,unclassified_missing_dates,False,True,True,True,False,False
UCFeMQ4PSVoVepY16ay8LZCA,,0,,False,,,,unclassified_missing_dates,False,True,True,True,False,False
UCFfep3kXFYwKrg_MifYXWhw,,1,,,,,,unclassified_missing_dates,False,True,True,True,False,False
UCFgBYlz5LwymPSWBX-G6hBA,,0,,False,,,,unclassified_missing_dates,False,True,True,True,False,False
UCFgCiiEAE0DoGxqVsuF3lRg,,0,,False,,,,unclassified_missing_dates,False,True,True,True,False,False
UCFgI4PURneki-8Rc06Tj74w,,0,,False,,,,unclassified_missing_dates,False,True,True,True,False,False
UCFmrPx_tH1g3f9P166ymSMw,,1,,,,,,unclassified_missing_dates,False,True,True,True,False,False
UCFn8BJcPwjjRTvewGSw3b8Q,,0,,False,,,,unclassified_missing_dates,False,True,True,True,False,False
UCFnrdbyF-eyICWNTC2C2F8g,8. Mai Hamburg: Tag der Befreiung,1,83,False,2021-04-19T08:48:02Z,2023-04-07T09:23:25Z,,unclassified_missing_dates,False,False,False,True,False,False
UCFoGU0FUI6dAuym3UaowQpg,,1,,,,,,unclassified_missing_dates,False,True,True,True,False,False
UCFoT0jn42kqUMtDKAJzDR8g,,1,,,,,,unclassified_missing_dates,False,True,True,True,False,False
UCFp6D8IM2EG15cP3j_Yh-Sw,,0,,False,,2023-11-08T17:00:09Z,2023-12-10T11:00:18Z,first_active_after_reference,False,True,False,False,False,False
UCFqZSl4WpBbLpXi5J123PkQ,CDU Münster Nord,1,10,False,2021-10-02T20:30:32Z,2022-11-09T11:00:02Z,,unclassified_missing_dates,False,False,False,True,False,False
UCFqoqqFN-0m2iOSCB058qDA,MIT-Bergstrasse,1,3,False,2021-05-17T19:44:21Z,,,unclassified_missing_dates,False,False,True,True,False,False
UCFsNuVgmpe643BS1WT3zp-w,politainment,1,1080,False,2020-05-07T10:20:33Z,2024-04-16T09:30:47Z,,unclassified_missing_dates,False,False,False,True,False,False
UCFuvG6rO3om9B4cJaLYuncA,,0,,False,,,,unclassified_missing_dates,False,True,True,True,False,False
UCFw4ijN72mTSwDvBLqWPa1g,,0,,False,,,,unclassified_missing_dates,False,True,True,True,False,False
UCFw715xXPUS9AHLd5i4036g,,0,,False,,,,unclassified_missing_dates,False,True,True,True,False,False
UCFx1NOvD4zlxW_ZqG2mPf_w,,0,,False,,,,unclassified_missing_dates,False,True,True,True,False,False
UCFxnnb66Q30Z7gqSpzEjkYw,,0,,False,,,,unclassified_missing_dates,False,True,True,True,False,False
UCFyQrHIc9kWd_rwNncsrt9Q,,0,,False,,,,unclassified_missing_dates,False,True,True,True,False,False
UCG028xwX9lvj7QPVVONVU9g,,0,,False,,,,unclassified_missing_dates,False,True,True,True,False,False
UCG032Jo_w9JUUR9SOWRxkmw,,0,,False,,,,unclassified_missing_dates,False,True,True,True,False,False
UCG2WvQ6v1WpkNhXfPEGfZyg,,1,,,,,,unclassified_missing_dates,False,True,True,True,False,False
UCG2cISSriQdsXNYEWw3-vQA,Gründungszentrum Enterprise,1,132,False,2018-06-01T09:00:00Z,2023-01-26T13:22:25Z,,unclassified_missing_dates,False,False,False,True,False,False
UCG3nwNPbOxVP7q_xjlq-j-A,,0,,False,,,,unclassified_missing_dates,False,True,True,True,False,False
UCG43bfJt_H_UVTFi2NX192Q,,0,,False,,,,unclassified_missing_dates,False,True,True,True,False,False
UCG5gyd9kzkU9yIjgJrm5-XQ,,0,,False,,,,unclassified_missing_dates,False,True,True,True,False,False
UCG7FywRlHM5kjvltdpv8VTg,,1,,,,,,unclassified_missing_dates,False,True,True,True,False,False
UCG7q_ClILikulrvvDTyDL1g,A. Benitez,1,526,False,2008-03-11T21:55:31Z,2022-10-29T16:20:33Z,,unclassified_missing_dates,False,False,False,True,False,False
UCG8KvWWF-8l89IZfjEIURFg,AfD-Mandatsträger im Landkreis Altötting,1,51,False,2021-07-04T23:40:55Z,2022-05-30T14:12:39Z,,unclassified_missing_dates,False,False,False,True,False,False
UCG8_OtIGzZEw8URKkmwft0A,Tegernseer Stimme - Neues aus dem Tegernseer Tal,1,1470,False,2010-04-26T18:22:52Z,2022-12-14T14:28:56Z,,unclassified_missing_dates,False,False,False,True,False,False
UCG9WtLyoP9QU8sxuIfxk3eg,,0,,False,,,,unclassified_missing_dates,False,True,True,True,False,False
UCGAGjFFQWR93kyxUBFEMOOw,,0,,False,,,,unclassified_missing_dates,False,True,True,True,False,False
UCGAVwxy_n2gtEheo67Sr2ZA,,0,,False,,,,unclassified_missing_dates,False,True,True,True,False,False
UCGAqif2dM8tZSslHSmgVtsQ,,0,,False,,,,unclassified_missing_dates,False,True,True,True,False,False
UCGC63VO6UawskYoibERTIoQ,,0,,False,,,,unclassified_missing_dates,False,True,True,True,False,False
UCGCLCpvGOYkU-0IKLD6WtbQ,,1,,,,,,unclassified_missing_dates,False,True,True,True,False,False
UCGEqzlhOV2WHoVD6WBvIFXw,,0,,False,,,,unclassified_missing_dates,False,True,True,True,False,False
UCGGO_fswsP1TFb4DbyAkAUw,,0,,False,,2023-12-25T16:59:44Z,2023-12-25T16:59:44Z,first_active_after_reference,False,True,False,False,False,False
UCGGok-JwM0U8kXkpA_RPs3Q,SGV Partei,1,47,False,2022-03-24T10:47:43Z,2023-03-29T15:09:34Z,,unclassified_missing_dates,False,False,False,True,False,False
UCGHTzdaeJk7OOdK-DG5bRzA,,1,,,,,,unclassified_missing_dates,False,True,True,True,False,False
UCGHhfhbdEpMWOZ-KxNQKstg,,0,,False,,,,unclassified_missing_dates,False,True,True,True,False,False
UCGIGy8NQguF17YQBNo0aL1Q,,0,,False,,,,unclassified_missing_dates,False,True,True,True,False,False
UCGILZK83fDc12rN-BQ2552A,Bündnis 90/Die Grünen Frankfurt,1,87,False,2017-09-11T07:08:08Z,2022-12-28T07:15:10Z,,unclassified_missing_dates,False,False,False,True,False,False
UCGL2cEoi7ny88-qX6-WPSUw,fischerAppelt,1,526,False,2011-07-22T12:26:24Z,2022-10-26T08:40:45Z,,unclassified_missing_dates,False,False,False,True,False,False
UCGM5RPYChXQfYZzFg-PVhjA,,0,,False,,,,unclassified_missing_dates,False,True,True,True,False,False
UCGMb06PixubDa7nOo5_Dtdw,,0,,False,,,,unclassified_missing_dates,False,True,True,True,False,False
UCGOfu3HOhug0eyk8iPsgAGw,,1,,,,,,unclassified_missing_dates,False,True,True,True,False,False
UCGOhZcexnOuXyEa7F1T25PQ,"John F. Kennedy, Jr.",1,701,False,2019-08-23T22:35:51Z,,,unclassified_missing_dates,False,False,True,True,False,False
UCGPim18y-oqkcbb9_MLkIxw,,0,,False,,,,unclassified_missing_dates,False,True,True,True,False,False
UCGQZoLBhZWcUol6kkq3cEsg,,0,,False,,2023-12-22T17:40:49Z,2023-12-22T17:40:49Z,first_active_after_reference,False,True,False,False,False,False
UCGRXfktq9I_LW9LMkUSupLw,Klavier lernen mit Flexpiano,1,21,False,2021-04-06T20:03:36Z,2022-12-11T13:59:46Z,,unclassified_missing_dates,False,False,False,True,False,False
UCGSpVIEy9yPS1zsRbE4pNww,SPD Frankfurt,1,103,False,2019-05-27T14:41:37Z,2022-11-11T14:43:41Z,,unclassified_missing_dates,False,False,False,True,False,False
UCGUBwNDf7Ig7EKZyvuBeC0A,,0,,False,,,,unclassified_missing_dates,False,True,True,True,False,False
UCGUngvGCBAFNhTwm2sxapTA,,0,,False,,,,unclassified_missing_dates,False,True,True,True,False,False
UCGVHjColTG9-P0W0f1zLMkg,,1,,,,,,unclassified_missing_dates,False,True,True,True,False,False
UCGVMEDxO1cLr4QPX_9N7NaA,FDP Ludwigsburg,1,120,False,2016-02-02T22:02:43Z,2024-06-06T21:30:04Z,,unclassified_missing_dates,False,False,False,True,False,False
UCGVNQ50SxhHqPm0PaDK_mug,,1,,,,,,unclassified_missing_dates,False,True,True,True,False,False
UCGVOhygdzcKWILGztD69kyQ,,0,,False,,,,unclassified_missing_dates,False,True,True,True,False,False
UCGVPYpi1zgjCkXjx0FDkilw,,0,,False,,,,unclassified_missing_dates,False,True,True,True,False,False
UCGWzNiwEaIilqlXKf4J1NCQ,,0,,False,,,,unclassified_missing_dates,False,True,True,True,False,False
UCGX84KMEQ8HStL9UWqpfyVw,,0,,False,,,,unclassified_missing_dates,False,True,True,True,False,False
UCGXO4eSJEmdjYL5cCC4-CYA,,0,,False,,,,unclassified_missing_dates,False,True,True,True,False,False
UCGXgEZtOp-lVjB2Bhio4hOw,,1,,,,,,unclassified_missing_dates,False,True,True,True,False,False
UCGYB_kKqj-QcOYsbJfQoUPg,,0,,False,,,,unclassified_missing_dates,False,True,True,True,False,False
UCGYJKn-EzD3I06zKSjWLd_A,,1,,,,,,unclassified_missing_dates,False,True,True,True,False,False
UCGYYS6LNmhHKLLtCkl8tG-g,,0,,False,,,,unclassified_missing_dates,False,True,True,True,False,False
UCGZIoJ8s0UWudKQWMUIoO9w,,1,,,,,,unclassified_missing_dates,False,True,True,True,False,False
UCGZfP3hYTYpEtDuIGKuyGTQ,,0,,False,,,,unclassified_missing_dates,False,True,True,True,False,False
UCGZtdKRBVzPOS26Wyuxo2LQ,,0,,False,,,,unclassified_missing_dates,False,True,True,True,False,False
UCG_BqBzw-7gfSGVro0nNUbA,,0,,False,,,,unclassified_missing_dates,False,True,True,True,False,False
UCG_Hhu7JXAVu6--LmiZ1hiA,Assistenzhunde NRW,1,68,False,2019-12-17T09:33:49Z,2023-12-09T19:33:09Z,,unclassified_missing_dates,False,False,False,True,False,False
UCGaAyE2ANhfBcQtokxwWp9A,,1,,,,,,unclassified_missing_dates,False,True,True,True,False,False
UCGbfiblKJqAKCSnlZ8Mwwmg,,1,,,,2023-11-24T22:01:37Z,2023-11-24T22:01:37Z,first_active_after_reference,False,True,False,False,False,False
UCGcS6_E_xKhSsnyfrS7WPVQ,,0,,False,,,,unclassified_missing_dates,False,True,True,True,False,False
UCGchmD9fbX3JMMMfZScMBMQ,,0,,False,,,,unclassified_missing_dates,False,True,True,True,False,False
UCGdmzTZC0LbDoT4J95-B5Lw,Partwork_Modellbau,1,8460,False,2019-03-30T22:49:19Z,2022-10-07T18:00:12Z,,unclassified_missing_dates,False,False,False,True,False,False
UCGetN7MgfQkx2AVK31yoW6w,,0,,False,,,,unclassified_missing_dates,False,True,True,True,False,False
UCGh0-G7WGH1NRkFKQpAJZSQ,,0,,False,,,,unclassified_missing_dates,False,True,True,True,False,False
UCGhRw_XV7QeMXGWuyfHqGzg,,0,,False,,,,unclassified_missing_dates,False,True,True,True,False,False
UCGjL3Z3ikK4JVlT9U5fOE2g,,0,,False,,,,unclassified_missing_dates,False,True,True,True,False,False
UCGk9REx2aAN8oZfBSb7ooyQ,,0,,False,,,,unclassified_missing_dates,False,True,True,True,False,False
UCGkcFciH8AnSDZVScJZFLzw,CDU EMDEN UNION,1,1,False,2021-08-18T11:38:56Z,,,unclassified_missing_dates,False,False,True,True,False,False
UCGl3hVEnlAwuSLTZBjdD06w,,0,,False,,,,unclassified_missing_dates,False,True,True,True,False,False
UCGlFDeEQmY70sGmbUX3HbeA,,0,,False,,2023-12-17T20:32:26Z,2023-12-17T20:32:26Z,first_active_after_reference,False,True,False,False,False,False
UCGl_3qVXe4ndrs47TH1nD6g,,0,,False,,,,unclassified_missing_dates,False,True,True,True,False,False
UCGmGXZAXMV9XBXS49Znhz7w,,0,,False,,,,unclassified_missing_dates,False,True,True,True,False,False
UCGmqeAXqhkvxmBTS9fCpOCg,,0,,False,,,,unclassified_missing_dates,False,True,True,True,False,False
UCGopz6pdZ0F06ynyNk5U_BQ,,0,,False,,,,unclassified_missing_dates,False,True,True,True,False,False
UCGowpT11ENtMry60SUis-AQ,,0,,False,,,,unclassified_missing_dates,False,True,True,True,False,False
UCGpBI7nqo9CfUukanJCr2AQ,TKs Modellbauschmiede,1,686,False,2014-08-25T18:18:26Z,2022-10-07T13:52:06Z,,unclassified_missing_dates,False,False,False,True,False,False
UCGpo2KKJtEWtWQ8PvCn5rIQ,,0,,False,,,,unclassified_missing_dates,False,True,True,True,False,False
UCGq_VNLbz-WgpjyHQUwpbeQ,,0,,False,,,,unclassified_missing_dates,False,True,True,True,False,False
UCGrCi4vZdz6Fc1DGspN6rTQ,,0,,False,,,,unclassified_missing_dates,False,True,True,True,False,False
UCGsUX4U3fUxEcTCLbeblEhQ,,0,,False,,,,unclassified_missing_dates,False,True,True,True,False,False
UCGsc9Jbr1o87Q3rUVmTeVAA,,1,,,,,,unclassified_missing_dates,False,True,True,True,False,False
UCGt57BL6w9f7S0ileaoTXsw,,1,,,,,,unclassified_missing_dates,False,True,True,True,False,False
UCGthn7s9m7X1DDGVJM7PrYw,,1,,,,,,unclassified_missing_dates,False,True,True,True,False,False
UCGvddsvAkMBUYQ2cvknOwcA,,0,,False,,,,unclassified_missing_dates,False,True,True,True,False,False
UCGw5SIcjwQf_olJxFo5fnTA,,0,,False,,,,unclassified_missing_dates,False,True,True,True,False,False
UCGwBD0de4ZTY2_7sZajpe7g,Top Bundestag,1,66,False,2021-04-19T22:03:47Z,,,unclassified_missing_dates,False,False,True,True,False,False
UCGwRL3s7jj8Xx2Re9dpTBDA,,1,,,,,,unclassified_missing_dates,False,True,True,True,False,False
UCGwc4CGwxW6UHxO_q044PSg,,0,,False,,,,unclassified_missing_dates,False,True,True,True,False,False
UCGx_C3SEUqLg1nVbfym2Whg,,0,,False,,,,unclassified_missing_dates,False,True,True,True,False,False
UCGyKAD02plQsUwL3eQFa79g,,0,,False,,,,unclassified_missing_dates,False,True,True,True,False,False
UCGyXS-n5WD3CyZyfjhqmSQw,,0,,False,,,,unclassified_missing_dates,False,True,True,True,False,False
UCGyb_OFXFMVgbfl8ktcO7dA,,1,,,,,,unclassified_missing_dates,False,True,True,True,False,False
UCH0MDgu0T5vv36xHvKh1Tgw,DiakonieRWL,1,127,False,2010-05-02T16:45:22Z,2022-12-02T10:10:38Z,,unclassified_missing_dates,False,False,False,True,False,False
UCH0w9-U2Bv05c2O7Sg5lvsQ,,1,,,,,,unclassified_missing_dates,False,True,True,True,False,False
UCH1fW2FJ0ZjUtjAaNEborow,,0,,False,,,,unclassified_missing_dates,False,True,True,True,False,False
UCH1ilLEBBIqHC6R7wm2otwg,,1,,,,,,unclassified_missing_dates,False,True,True,True,False,False
UCH2-XpoFtLTA069DBEqJpkQ,,0,,False,,2023-10-07T23:46:55Z,,unclassified_missing_dates,False,True,False,True,False,False
UCH3ALDr0PWotsPFsvgt1Dyg,,0,,False,,,,unclassified_missing_dates,False,True,True,True,False,False
UCH6AwyTELWlX0LBVN5RWcGw,,0,,False,,,,unclassified_missing_dates,False,True,True,True,False,False
UCH77LtngLpZfaTYiMnQiMiA,,0,,False,,,,unclassified_missing_dates,False,True,True,True,False,False
UCH7v8fkqyRuZCCQOknaUgnA,DIE LINKE Lausitz,1,68,False,2014-05-07T07:08:48Z,2022-10-19T10:54:10Z,,unclassified_missing_dates,False,False,False,True,False,False
UCH7wkE38Jr2EgF3BNTs24qA,,0,,False,,,,unclassified_missing_dates,False,True,True,True,False,False
UCH8KWjRh1riN4PbpWLa7-5A,Petra-Kelly-Stiftung,1,442,False,2010-07-19T16:15:12Z,2022-10-20T03:05:10Z,,unclassified_missing_dates,False,False,False,True,False,False
UCH8x9JG9WukMFU6OcMfQVQg,,0,,False,,,,unclassified_missing_dates,False,True,True,True,False,False
UCH97gaRolv_ZwCAEgxgRwnQ,"DaroPix - News, Kultur, Blaulichtreport, Technik",1,94,False,2011-12-12T21:04:56Z,2022-12-28T12:57:55Z,,unclassified_missing_dates,False,False,False,True,False,False
UCH9lR-RPEzLU_sy-ZqTZ9BQ,,0,,False,,,,unclassified_missing_dates,False,True,True,True,False,False
UCHAU46QMRC8HaFQbqOfHa1w,,1,,,,,,unclassified_missing_dates,False,True,True,True,False,False
UCHBS89S-Y5K4KoNFbW7ZnPg,,1,,,,,,unclassified_missing_dates,False,True,True,True,False,False
UCHBbMGoW9DT2ZE0_ncY7iEQ,,0,,False,,,,unclassified_missing_dates,False,True,True,True,False,False
UCHEHZsHXL5gnfVpqFyb-Sqg,,0,,False,,,,unclassified_missing_dates,False,True,True,True,False,False
UCHFCpNczvRU33AkCN2gN1OA,,0,,False,,,,unclassified_missing_dates,False,True,True,True,False,False
UCHHKF8o2gEj_iqtouQOrKqw,,1,,,,,,unclassified_missing_dates,False,True,True,True,False,False
UCHJ6IgsXCnLndY7mtj3u7YQ,Ukraine - Medien - Politik,1,367,False,2022-05-02T18:36:09Z,2022-10-08T18:39:09Z,,unclassified_missing_dates,False,False,False,True,False,False
UCHJ8gW2vKH5R3VohymtBCrQ,,0,,False,,2023-10-30T07:19:31Z,,unclassified_missing_dates,False,True,False,True,False,False
UCHKxmbvIEhVlaWGcQOlkOig,,0,,False,,,,unclassified_missing_dates,False,True,True,True,False,False
UCHMFLrrAnhn1HXHlwotS4uQ,akmonix,1,6330,False,2011-07-02T21:50:40Z,2023-01-07T00:51:28Z,,unclassified_missing_dates,False,False,False,True,False,False
UCHMUIUrEhd64KSNf6iX2j-Q,,0,,False,,,,unclassified_missing_dates,False,True,True,True,False,False
UCHMbNS5pSUPXV1K3vAgzZCg,Ungetrübt Media,1,640,False,2013-08-25T14:27:07Z,2022-10-08T19:36:37Z,,unclassified_missing_dates,False,False,False,True,False,False
UCHMv8jXMOmpi2FYzS7vmglA,,1,,,,,,unclassified_missing_dates,False,True,True,True,False,False
UCHNRQnMbdpA2Dj5A5D0Fj_Q,Outside Views Weltweit,1,250,False,2021-05-23T08:39:47Z,2022-11-10T16:00:21Z,,unclassified_missing_dates,False,False,False,True,False,False
UCHPHUBwo-dBZdiXUOgqxSVw,,1,,,,,,unclassified_missing_dates,False,True,True,True,False,False
UCHPRG86Rn1OOcGQiJO62-Ug,Gebi Mair,1,75,False,2009-01-15T16:14:49Z,2023-09-20T04:44:51Z,,unclassified_missing_dates,False,False,False,True,False,False
UCHQLz11hBUkzGWqak825G2g,,0,,False,,,,unclassified_missing_dates,False,True,True,True,False,False
UCHSYJ99Tn8jynryvLvDXkXQ,,1,,,,,,unclassified_missing_dates,False,True,True,True,False,False
UCHTK-2W11Vh1V4uwofOfR4w,,0,,False,,,,unclassified_missing_dates,False,True,True,True,False,False
UCHTyBMTO5L9P1dZK0fsctEg,KoW | Agent🖤,1,23,False,2022-06-05T08:51:55Z,2022-10-07T14:46:34Z,,unclassified_missing_dates,False,False,False,True,False,False
UCHVUf-vbRAZta2W3jrFTt_Q,,0,,False,,,,unclassified_missing_dates,False,True,True,True,False,False
UCHVgIDjipXcgSGxDlJuxJAw,,0,,False,,,,unclassified_missing_dates,False,True,True,True,False,False
UCHW2yQXZ35kwhof4k-GUa6A,,1,,,,2023-11-27T15:16:17Z,,unclassified_missing_dates,False,True,False,True,False,False
UCHWHv7F4YkAcDpgDwkBgO_A,,0,,False,,2023-10-27T13:11:30Z,2023-10-27T13:11:30Z,first_active_after_reference,False,True,False,False,False,False
UCHYZqS5J-99jq60AgJ6-SFg,,0,,False,,,,unclassified_missing_dates,False,True,True,True,False,False
UCHZMZyHHpciQLfhT5Zvt5kA,morf,1,6890,False,2020-11-02T20:35:46Z,2022-10-14T16:52:05Z,,unclassified_missing_dates,False,False,False,True,False,False
UCHaDz5TRufdvBNnicgch2BA,,0,,False,,,,unclassified_missing_dates,False,True,True,True,False,False
UCHaGmwdPLgslrKg9aWY0Yeg,,1,,,,,,unclassified_missing_dates,False,True,True,True,False,False
UCHaHv8UCVIi_hM6S_R-u_bA,,0,,False,,,,unclassified_missing_dates,False,True,True,True,False,False
UCHbYIicIYfEyzTW6yhNrTdA,,0,,False,,,,unclassified_missing_dates,False,True,True,True,False,False
UCHcRbFDCYn39OdQMR4BxL3g,,1,,,,,,unclassified_missing_dates,False,True,True,True,False,False
UCHd4RlFt6LCNLp54hTqilSg,,0,,False,,,,unclassified_missing_dates,False,True,True,True,False,False
UCHdB7h9cOU0I_XPZgfHJAuQ,,1,,,,,,unclassified_missing_dates,False,True,True,True,False,False
UCHeNLFyqCWwIphWkzH7NgOw,,1,,,,,,unclassified_missing_dates,False,True,True,True,False,False
UCHfnKsdsCIjmpta2Dwgy0RA,,0,,False,,,,unclassified_missing_dates,False,True,True,True,False,False
UCHg4vaBGJ08E9EBYbz39Hzw,,0,,False,,2023-11-17T16:51:32Z,,unclassified_missing_dates,False,True,False,True,False,False
UCHgMBVGzJwkXPj3FWM_l71w,,1,,,,,,unclassified_missing_dates,False,True,True,True,False,False
UCHgffqQSH8TDpZ8CM1HtK4A,,0,,False,,,,unclassified_missing_dates,False,True,True,True,False,False
UCHgjyPjZZS15jnQzLmD21Zg,,1,,,,,,unclassified_missing_dates,False,True,True,True,False,False
UCHhI7BuKHQOjLuoueFCh4mQ,,0,,False,,,,unclassified_missing_dates,False,True,True,True,False,False
UCHhpsPB4AkbQxT7HkilfL_A,,0,,False,,,,unclassified_missing_dates,False,True,True,True,False,False
UCHiBiHl8XOeHEE9IdORUVQw,,0,,False,,,,unclassified_missing_dates,False,True,True,True,False,False
UCHig1ohRyXGnHVcFEU-v9Ng,,1,,,,,,unclassified_missing_dates,False,True,True,True,False,False
UCHjEjBYxLcLnxufLQUaX4ZA,,1,,,,,,unclassified_missing_dates,False,True,True,True,False,False
UCHjqGmMpR4aLr4-YygMkWRQ,,0,,False,,,,unclassified_missing_dates,False,True,True,True,False,False
UCHnK0hxO3SV9GUZ9Ixx0AMw,,0,,False,,,,unclassified_missing_dates,False,True,True,True,False,False
UCHoWsyZhCfr3eFhJT4FuB_w,,0,,False,,2023-11-24T11:11:49Z,2023-11-24T11:11:49Z,first_active_after_reference,False,True,False,False,False,False
UCHoiiqK12Jxle-Z1KLZY24Q,,0,,False,,,,unclassified_missing_dates,False,True,True,True,False,False
UCHp7DIHEnFK_BZct3jRB8Mg,,0,,False,,,,unclassified_missing_dates,False,True,True,True,False,False
UCHpOEKofK7QG1V7S7um4S7g,Die Serbo-Hebräische,1,4230,False,2014-06-17T11:49:00Z,2022-12-03T04:28:08Z,,unclassified_missing_dates,False,False,False,True,False,False
UCHq9EU6PVNj_D2Dvm_gS8zA,,1,,,,,,unclassified_missing_dates,False,True,True,True,False,False
UCHqPyawZ3PkTqWWf8Uvv1sQ,,0,,False,,,,unclassified_missing_dates,False,True,True,True,False,False
UCHqtv8zoUhhYeknOWsrZz_Q,,1,,,,,,unclassified_missing_dates,False,True,True,True,False,False
UCHr9913AxARs-S08WJYJGVA,,1,,,,,,unclassified_missing_dates,False,True,True,True,False,False
UCHsd3Bf9NIrnKDxdLHba1CA,,0,,False,,,,unclassified_missing_dates,False,True,True,True,False,False
UCHsjI_qx4JHF3x_5SFLuXOQ,FDP Rödermark,1,7,False,2021-02-19T07:02:51Z,,,unclassified_missing_dates,False,False,True,True,False,False
UCHtyErY6ipU1VBSq8FFmfiw,,0,,False,,,,unclassified_missing_dates,False,True,True,True,False,False
UCHu_TDs8hjfpbzLpPlBODkw,Diyar Agu,1,36,False,2018-12-25T23:11:43Z,,,unclassified_missing_dates,False,False,True,True,False,False
UCHvYjTC3IgDMowmTNksjuOA,NewsUp,1,1950,False,2015-09-01T07:38:38Z,2022-10-20T09:11:21Z,,unclassified_missing_dates,False,False,False,True,False,False
UCHw2aRSCveHIIxNinU2ZHpQ,,0,,False,,2023-10-29T14:46:31Z,2023-10-29T14:46:31Z,first_active_after_reference,False,True,False,False,False,False
UCHwfzraENt_kkbCczCnnp-g,Alexander Broicher,1,7810,False,2018-02-01T14:23:00Z,2023-01-28T11:29:04Z,,unclassified_missing_dates,False,False,False,True,False,False
UCHwggpEZ3HC7rbFPrwfBmVg,,0,,False,,,,unclassified_missing_dates,False,True,True,True,False,False
UCHyR8JZ2NDI3akpFvzQxWPw,,0,,False,,,,unclassified_missing_dates,False,True,True,True,False,False
UCHz0XY8O943Q_rKzKZWTKBA,,1,,,,,,unclassified_missing_dates,False,True,True,True,False,False
UCI-Pspd-qHG5ifBxKslOJDQ,CDU Thüringen,1,680,False,2009-01-22T15:34:34Z,2023-10-24T16:10:16Z,,unclassified_missing_dates,False,False,False,True,False,False
UCI-XrykKIHcMPfXedSoujHA,CDU Wanfried,1,19,False,2020-12-28T14:15:39Z,,,unclassified_missing_dates,False,False,True,True,False,False
UCI-_aJYoOthbjIZNWBnFw_w,,0,,False,,,,unclassified_missing_dates,False,True,True,True,False,False
UCI2sy1zd88cGI1FFTZQc5Eg,,1,,,,,,unclassified_missing_dates,False,True,True,True,False,False
UCI3h20Ti-4Tv5nhkkaXUjlA,,1,,,,,,unclassified_missing_dates,False,True,True,True,False,False
UCI3n7HVj9ewssWIYO8LZW2g,,0,,False,,,,unclassified_missing_dates,False,True,True,True,False,False
UCI4jrrIoG-1f2jJf92zHkRw,,0,,False,,,,unclassified_missing_dates,False,True,True,True,False,False
UCI5FLrALx2e6f42I8T_LdYw,,1,,,,,,unclassified_missing_dates,False,True,True,True,False,False
UCI5OO5bco7TPQy9S6u3p5Qw,,0,,False,,,,unclassified_missing_dates,False,True,True,True,False,False
UCI6FHd9Tp43TVtfh5cAriVA,,0,,False,,,,unclassified_missing_dates,False,True,True,True,False,False
UCI6MlSTQFnNS1eQin36Uolw,Gesund leben,1,21,False,2022-08-21T13:37:16Z,2022-10-07T22:00:06Z,,unclassified_missing_dates,False,False,False,True,False,False
UCI7R7qiF80h7bUGGrub6qcQ,,1,,,,,,unclassified_missing_dates,False,True,True,True,False,False
UCI8vyl4uN0EUnnXGaSuu4KQ,,1,,,,,,unclassified_missing_dates,False,True,True,True,False,False
UCIA3CeceOTLzS6bNU6McddA,Stephan Wende,1,0,False,2021-01-29T14:53:32Z,,,unclassified_missing_dates,False,False,True,True,False,False
UCIALMKvObZNtJ6AmdCLP7Lg,,0,,False,,2022-09-12T07:51:43Z,,unclassified_missing_dates,False,True,False,True,False,False
UCIA_gt6ns4hu6k-WQOPRoNQ,,0,,False,,,,unclassified_missing_dates,False,True,True,True,False,False
UCIB8Ab_hrurwkgBaT5DcLCg,,1,,,,,,unclassified_missing_dates,False,True,True,True,False,False
UCIBjAK_rk9iJHY3UTu_TtjA,,0,,False,,,,unclassified_missing_dates,False,True,True,True,False,False
UCICfRASOE7JzE_BGDNf8kZQ,,1,,,,,,unclassified_missing_dates,False,True,True,True,False,False
UCID2oVaOWCfh0Rt-A-A3QWg,,0,,False,,,,unclassified_missing_dates,False,True,True,True,False,False
UCIDQUORHQHKGP0SjeVTLgeg,,0,,False,,,,unclassified_missing_dates,False,True,True,True,False,False
UCIDtUqf2KtF4kjki4xG2NOA,,1,,,,,,unclassified_missing_dates,False,True,True,True,False,False
UCIEthnaXGu_WrKLYs1ncKmA,,1,,,,2023-11-30T17:41:06Z,,unclassified_missing_dates,False,True,False,True,False,False
UCIFKWQNKWteRqGMD0DgCe0Q,,1,,,,2023-11-14T17:15:04Z,2023-11-14T17:15:04Z,first_active_after_reference,False,True,False,False,False,False
UCIGMrtwa7lhPBJkgQBsoeHQ,,0,,False,,,,unclassified_missing_dates,False,True,True,True,False,False
UCIHcIwnm-3Y9wwEGH8aHBwg,,0,,False,,,,unclassified_missing_dates,False,True,True,True,False,False
UCIHez0aqppzs0agaqr21tQA,,0,,False,,,,unclassified_missing_dates,False,True,True,True,False,False
UCIIBX0WPCsdQCmlB55WyQzQ,,1,,,,,,unclassified_missing_dates,False,True,True,True,False,False
UCII__CA9pAZ4v5ycbxbWFQQ,,0,,False,,,,unclassified_missing_dates,False,True,True,True,False,False
UCIJlptN1rByamgnKGLho-_w,,1,,,,,,unclassified_missing_dates,False,True,True,True,False,False
UCINJr9UCTvm9PvuSfBuOr-A,,0,,False,,,,unclassified_missing_dates,False,True,True,True,False,False
UCINm2qhvrhAEcpcZhodGXuw,,1,,,,2023-10-28T14:01:52Z,2023-12-30T14:34:00Z,first_active_after_reference,False,True,False,False,False,False
UCIOI6ZsHPRFHUHSEpqD5slA,,0,,False,,,,unclassified_missing_dates,False,True,True,True,False,False
UCIP8BDgmZgV_Bg2GGGDOpVQ,,1,,,,,,unclassified_missing_dates,False,True,True,True,False,False
UCIPA0hqTbjsUCBG50qHMSnQ,,1,,,,2023-10-09T08:50:12Z,,unclassified_missing_dates,False,True,False,True,False,False
UCIPVcWxvMqik3Sw41GWNH1Q,AfD Landesverband Berlin,1,220,False,2021-08-18T20:35:44Z,,,unclassified_missing_dates,False,False,True,True,False,False
UCIQBbsiQ3uCdE7cGiPNc7gA,,1,,,,,,unclassified_missing_dates,False,True,True,True,False,False
UCIQVjPV2GSBkNEiYWSmNylw,,0,,False,,,,unclassified_missing_dates,False,True,True,True,False,False
UCIR7c2FBnj5nKaageiXzuQw,,1,,,,,,unclassified_missing_dates,False,True,True,True,False,False
UCIRYBXDze5krPDzAEOxFGVA,,0,,False,,2022-02-24T06:18:43Z,,unclassified_missing_dates,False,True,False,True,False,False
UCIRiRjQf9ssjpzKCyHDgJ6w,,1,,,,,,unclassified_missing_dates,False,True,True,True,False,False
UCISDOYCNwlbw3tcuf4eGPHA,,0,,False,,,,unclassified_missing_dates,False,True,True,True,False,False
UCITbJFWlPtGzeLhJ8WLoXew,,1,,,,,,unclassified_missing_dates,False,True,True,True,False,False
UCITou9QEhbSvbTIv5J0y7fg,,0,,False,,,,unclassified_missing_dates,False,True,True,True,False,False
UCIXENqgFY-xdCK43xxqS8UA,,1,,,,2023-11-09T12:04:34Z,,unclassified_missing_dates,False,True,False,True,False,False
UCIXLT51b1KGgugocCByXhMQ,US-Kriege im Mittleren- und Nahen Osten,1,264,False,2011-04-01T15:41:22Z,2022-12-15T20:22:46Z,,unclassified_missing_dates,False,False,False,True,False,False
UCIZJ9a6P_nxCFJTmL0gh_IQ,,0,,False,,2022-12-18T12:21:42Z,,unclassified_missing_dates,False,True,False,True,False,False
UCIa1jdQ_7qikSpUiPTIQHeA,,1,,,,,,unclassified_missing_dates,False,True,True,True,False,False
UCIaHJPQ80XXzg_uxI-VQDJQ,,1,,,,,,unclassified_missing_dates,False,True,True,True,False,False
UCIaJjnDF6U-qvk5mjmn0xmA,,0,,False,,,,unclassified_missing_dates,False,True,True,True,False,False
UCIab3FFnC8yQ6a_jixxg5aA,,0,,False,,,,unclassified_missing_dates,False,True,True,True,False,False
UCIakpj3Xn5NBfRH9mfoG43w,,0,,False,,,,unclassified_missing_dates,False,True,True,True,False,False
UCIasZUoIADpbtB6vNd19mvQ,,1,,,,,,unclassified_missing_dates,False,True,True,True,False,False
UCIbA0W1i6bUgADI7b4eCXog,eaf Sachsen e.V. ,1,217,False,2020-11-05T08:43:44Z,2022-10-17T07:50:21Z,,unclassified_missing_dates,False,False,False,True,False,False
UCIbg1zY8uedJUDPK0tAlCyw,,1,,,,,,unclassified_missing_dates,False,True,True,True,False,False
UCIcnRzKt6COKsWwNlcOTWlA,,1,,,,,,unclassified_missing_dates,False,True,True,True,False,False
UCIcpDSLI35UCEKs8-NScpRA,,0,,False,,,,unclassified_missing_dates,False,True,True,True,False,False
UCIdQz4fqz0N9j1n0_z_cmRQ,Klima Wahlcheck Rheinland-Pfalz,1,2,False,2021-02-17T23:17:43Z,,,unclassified_missing_dates,False,False,True,True,False,False
UCIdmjqBWsS_y8jGHlMpl3LA,,1,,,,,,unclassified_missing_dates,False,True,True,True,False,False
UCIe5lh-yIVJQQ7leNIfEaeg,,1,,,,,,unclassified_missing_dates,False,True,True,True,False,False
UCIeex3QdIxEGjzWWtXigIHA,Ingrid Nestle,1,58,False,2018-02-20T12:22:20Z,2022-10-18T15:08:37Z,,unclassified_missing_dates,False,False,False,True,False,False
UCIfQ_GmpfNs00DoNB-8e0-A,,0,,False,,,,unclassified_missing_dates,False,True,True,True,False,False
UCIfqq6axc0-O4J2P1Ls_rWw,,0,,False,,,,unclassified_missing_dates,False,True,True,True,False,False
UCIg-FixFX_T-bDruGxi5e8w,,1,,,,,,unclassified_missing_dates,False,True,True,True,False,False
UCIh5LkqwUJO6WOBwvhFBMKw,,0,,False,,,,unclassified_missing_dates,False,True,True,True,False,False
UCIhBRyzvBo1rDDwTXUjYVIg,,0,,False,,,,unclassified_missing_dates,False,True,True,True,False,False
UCIhfe9ArScKXD4mi6mvBTsw,,0,,False,,,,unclassified_missing_dates,False,True,True,True,False,False
UCIhvBpMO-MdFx9We1X8zRzA,,1,,,,,,unclassified_missing_dates,False,True,True,True,False,False
UCIi-F1ONT6Vo6DaIxHAILuA,,1,,,,,,unclassified_missing_dates,False,True,True,True,False,False
UCIikwaB9wuUmMud6EuYHHxg,CDU Gemeindeverband Weyhe,1,3,False,2021-07-09T08:29:21Z,,,unclassified_missing_dates,False,False,True,True,False,False
UCIjJAAwr2elkcOYMyIzxV-w,Steffen John - AfD,1,70,False,2019-01-09T07:54:30Z,2022-11-16T11:55:34Z,,unclassified_missing_dates,False,False,False,True,False,False
UCIjN4mp7ioA9MB8aHTMMtGA,,0,,False,,,,unclassified_missing_dates,False,True,True,True,False,False
UCIkFfUKge2nyfKgLE-c7A7Q,CDU Fraktion Lübeck,1,10,False,2020-07-13T11:55:14Z,,,unclassified_missing_dates,False,False,True,True,False,False
UCIkTEkWUM-Jc1Pmw-aEi8GQ,FarmerKingPing,1,1020,False,2009-09-10T12:20:00Z,2022-10-10T12:00:45Z,,unclassified_missing_dates,False,False,False,True,False,False
UCIlQnkYrtmOaH3moriTKg7Q,,0,,False,,,,unclassified_missing_dates,False,True,True,True,False,False
UCIlXgPTD3KhmTLIUID_iO4g,,0,,False,,2023-11-07T20:00:08Z,,unclassified_missing_dates,False,True,False,True,False,False
UCImAWm-gGnBqLHgrAIp1DVg,,1,,,,,,unclassified_missing_dates,False,True,True,True,False,False
UCImJ65Ko_eWBJ2RRAVNtcSQ,AfD Niedersachsen,1,1510,False,2019-05-11T19:15:25Z,2022-11-09T12:12:25Z,,unclassified_missing_dates,False,False,False,True,False,False
UCImQKbHmG3Tpv3XmVsvuvqQ,,0,,False,,,,unclassified_missing_dates,False,True,True,True,False,False
UCIoKy_M0RRCn99siROaGhtQ,,0,,False,,,,unclassified_missing_dates,False,True,True,True,False,False
UCIr-C32pPGJPYvieMrRGyCw,NFJ - Niedersachsen,1,6,False,2021-08-19T12:13:57Z,,,unclassified_missing_dates,False,False,True,True,False,False
UCItgB13eLvcm0y-EP_fXnsA,Die Weltraumaffen,1,9870,False,2016-01-25T22:24:49Z,2022-10-09T20:11:58Z,,unclassified_missing_dates,False,False,False,True,False,False
UCIuJlGHWx3yVWjnb_oNOvmg,,0,,False,,,,unclassified_missing_dates,False,True,True,True,False,False
UCIvPTZeni34ovR_kTvrM79Q,,0,,False,,,,unclassified_missing_dates,False,True,True,True,False,False
UCIw34jx_bUuW8nnoE-7PqeA,,0,,False,,,,unclassified_missing_dates,False,True,True,True,False,False
UCIwv9fT1b4Hv94bgEoNf2bg,,0,,False,,,,unclassified_missing_dates,False,True,True,True,False,False
UCIxFrAy9heUVtspcaSE0MEw,,1,,,,,,unclassified_missing_dates,False,True,True,True,False,False
UCIy-nCCjhsgg7nTbs1OEmbw,,0,,False,,,,unclassified_missing_dates,False,True,True,True,False,False
UCIy2ZKb3PDcn9BSWPrNrlLw,,0,,False,,,,unclassified_missing_dates,False,True,True,True,False,False
UCIyCnOekl1n28KDPI-h0nGA,,0,,False,,,,unclassified_missing_dates,False,True,True,True,False,False
UCIyTq2xij_6kIdTLDxdRNRg,,0,,False,,,,unclassified_missing_dates,False,True,True,True,False,False
UCJ-U19AItJevvy_dEEodESw,,0,,False,,2023-11-21T22:28:28Z,2023-11-21T22:28:28Z,first_active_after_reference,False,True,False,False,False,False
UCJ-u_NhtNe-OwkjIYwa1WrQ,,0,,False,,,,unclassified_missing_dates,False,True,True,True,False,False
UCJ0EzU-rA8gQt9-LFG1zylQ,,0,,False,,,,unclassified_missing_dates,False,True,True,True,False,False
UCJ1G7hxBL1HAUhjr-DmIqBw,Jan beck,1,51,False,2015-03-08T14:56:47Z,,,unclassified_missing_dates,False,False,True,True,False,False
UCJ1SsysRY5o4XsjHg_gcnAQ,,0,,False,,,,unclassified_missing_dates,False,True,True,True,False,False
UCJ2RvKgx4BOjBBVlxFsmCww,,0,,False,,,,unclassified_missing_dates,False,True,True,True,False,False
UCJ2VIqZn7bO-Cl8e9GM-Aqg,,1,,,,,,unclassified_missing_dates,False,True,True,True,False,False
UCJ2kIIEv_gk_eurGGS4f71g,,0,,False,,,,unclassified_missing_dates,False,True,True,True,False,False
UCJ5ZhYqArD2kJBx2OTjC-0Q,Kölner Stadt-Anzeiger,1,9160,False,2007-05-17T08:20:16Z,2022-10-08T15:11:16Z,,unclassified_missing_dates,False,False,False,True,False,False
UCJ6B3iEP3Lv12ICDScYkmSw,,1,,,,,,unclassified_missing_dates,False,True,True,True,False,False
UCJ7ofKJuGmU3AcmfYJWyesQ,,1,,,,,,unclassified_missing_dates,False,True,True,True,False,False
UCJ7puo8oyPvCz32WkrnN_ug,,0,,False,,,,unclassified_missing_dates,False,True,True,True,False,False
UCJ8VhKSyXbUiGCrYYZ2DPnQ,,1,,,,,,unclassified_missing_dates,False,True,True,True,False,False
UCJB5_0gIRQlhnNRArGq_Aew,,1,,,,,,unclassified_missing_dates,False,True,True,True,False,False
UCJBToJ_L2_fQ-LcVCOLozog,,1,,,,,,unclassified_missing_dates,False,True,True,True,False,False
UCJBmrvimOZNMCKoYr2k5_Yw,,0,,False,,,,unclassified_missing_dates,False,True,True,True,False,False
UCJDLgA01KPrST5KI1NJPE-A,Welle Niederrhein,1,233,False,2006-09-03T21:25:51Z,,,unclassified_missing_dates,False,False,True,True,False,False
UCJEI2fXqDlZ_Cn5-l9aDzTg,,0,,False,,,,unclassified_missing_dates,False,True,True,True,False,False
UCJESyVJt7iaETVXdZAQ6kZA,,1,,,,,,unclassified_missing_dates,False,True,True,True,False,False
UCJF0xOf5nDJ9USx9jj2X4Yw,,1,,,,2023-10-30T05:42:23Z,,unclassified_missing_dates,False,True,False,True,False,False
UCJFo3RY4LG928naHMf1d-hg,,0,,False,,,,unclassified_missing_dates,False,True,True,True,False,False
UCJG7WLqdKeeQV6xUXPhoEnQ,,1,,,,,,unclassified_missing_dates,False,True,True,True,False,False
UCJHkDZAoCD0C6MS27MrQqng,,0,,False,,2023-11-28T09:44:02Z,2023-12-10T09:00:53Z,first_active_after_reference,False,True,False,False,False,False
UCJK9HTEjBEXHovnSEpaILrQ,,0,,False,,,,unclassified_missing_dates,False,True,True,True,False,False
UCJL0ObjgEAcHyMcxzD6TlCQ,,0,,False,,,,unclassified_missing_dates,False,True,True,True,False,False
UCJLX6UAJo9GFgag_U7HmROw,,0,,False,,2023-12-21T11:21:51Z,2023-12-21T11:21:51Z,first_active_after_reference,False,True,False,False,False,False
UCJMC-44oT9l97ra5iemDPiA,,0,,False,,2023-10-24T13:00:14Z,,unclassified_missing_dates,False,True,False,True,False,False
UCJNN0Xc8ITgDIh9yZmDWZaA,Udo Stein MdL,1,53,False,2019-10-17T11:49:34Z,2022-10-26T09:26:08Z,,unclassified_missing_dates,False,False,False,True,False,False
UCJOkFyF6mG6AidQ0QEnUThg,,0,,False,,,,unclassified_missing_dates,False,True,True,True,False,False
UCJPTFu6_-YwuuqqOo2MuIUQ,,0,,False,,,,unclassified_missing_dates,False,True,True,True,False,False
UCJPdqBhOixgw_1Whnif0jeQ,,0,,False,,,,unclassified_missing_dates,False,True,True,True,False,False
UCJPny77nNKt9Jv9D9a7_qrg,,0,,False,,,,unclassified_missing_dates,False,True,True,True,False,False
UCJQFC-R7tSOZ_omjRsO6BWg,Thomas Büchele,1,161,False,2014-12-30T16:44:15Z,2022-10-08T17:18:47Z,,unclassified_missing_dates,False,False,False,True,False,False
UCJSWXktUbrkKCrK0t7UTvjA,,1,,,,,,unclassified_missing_dates,False,True,True,True,False,False
UCJSuq2epX1WYuQyTp5vFbAg,,1,,,,,,unclassified_missing_dates,False,True,True,True,False,False
UCJT1cNyeCsz2EuE6v0ZLqHA,,0,,False,,,,unclassified_missing_dates,False,True,True,True,False,False
UCJUplSIFrNF61HAY9Pw4GfQ,,0,,False,,,,unclassified_missing_dates,False,True,True,True,False,False
UCJUwria5d-oecPa1GMfQgDw,,0,,False,,,,unclassified_missing_dates,False,True,True,True,False,False
UCJVMrR290HU9pDxaP35u_cg,,0,,False,,,,unclassified_missing_dates,False,True,True,True,False,False
UCJXrVgkml3cTY7HzUANRaVw,,0,,False,,,,unclassified_missing_dates,False,True,True,True,False,False
UCJYcCm4aidnjgi_iDnD60Ug,,1,,,,,,unclassified_missing_dates,False,True,True,True,False,False
UCJYpqUI-pzi2_kC6MI35m2Q,,1,,,,,,unclassified_missing_dates,False,True,True,True,False,False
UCJZT3h_lnOMoCEQsJwBYDpA,,0,,False,,,,unclassified_missing_dates,False,True,True,True,False,False
UCJ_O0TJUoF0TeMPlx42eyGQ,,0,,False,,,,unclassified_missing_dates,False,True,True,True,False,False
UCJa4wZXliU0-O6KQWMltfwA,,1,,,,,,unclassified_missing_dates,False,True,True,True,False,False
UCJaRw3lhQYNRmrqWZDY5tfg,,0,,False,,,,unclassified_missing_dates,False,True,True,True,False,False
UCJalKltT8vxJm4cg2tYbb2w,,0,,False,,,,unclassified_missing_dates,False,True,True,True,False,False
UCJbtdpCZDqFO3kjUrXEcd4w,,1,,,,,,unclassified_missing_dates,False,True,True,True,False,False
UCJc-pOKr1QcDVPFNUsQnylw,"Dietmar Friedhoff, MdB",1,660,False,2017-07-24T14:46:53Z,2022-10-07T12:14:18Z,,unclassified_missing_dates,False,False,False,True,False,False
UCJc2no1yiJ9VRVNPV0Gucrg,Mario Stingl (mymovie-stingl),1,285,False,2020-01-20T19:29:57Z,2022-11-15T12:19:27Z,,unclassified_missing_dates,False,False,False,True,False,False
UCJcttyQKac9uyXVtDONRqIA,Alexander Wiesner - MdL,1,63,False,2020-01-31T12:38:49Z,2022-12-19T12:11:33Z,,unclassified_missing_dates,False,False,False,True,False,False
UCJes3rB5bqTZb9YMYWjMdAg,,1,,,,,,unclassified_missing_dates,False,True,True,True,False,False
UCJfWEBLOL2zaQsKkV7gAYeA,,0,,False,,,,unclassified_missing_dates,False,True,True,True,False,False
UCJgCUs6c12ZLslDW450tYTQ,,0,,False,,,,unclassified_missing_dates,False,True,True,True,False,False
UCJgkx4ddt8TuMzLtUzy1v5g,NOX,1,2,False,2018-02-10T15:00:07Z,,,unclassified_missing_dates,False,False,True,True,False,False
UCJhGt-TzwTaaq9LVvG4jnrQ,,1,,,,,,unclassified_missing_dates,False,True,True,True,False,False
UCJhbf58XQUc_gwSVIp_5vDg,Stephan Peters,1,5240,False,2016-09-23T15:41:18Z,2022-12-01T15:02:34Z,,unclassified_missing_dates,False,False,False,True,False,False
UCJhh52s7lv86cclxvrGKBjg,,0,,False,,,,unclassified_missing_dates,False,True,True,True,False,False
UCJi8Ud-dRX52ddL0maypRnw,Antonia Martina Durisch,1,25,False,2013-12-27T13:55:45Z,2022-10-07T16:45:29Z,,unclassified_missing_dates,False,False,False,True,False,False
UCJiZP0tbZkzf9W74mr8ogrg,,1,,,,,,unclassified_missing_dates,False,True,True,True,False,False
UCJjOVLoaoTSa0VeQDR4YfxA,Pharmazeutische Zeitung,1,944,False,2019-09-11T10:04:54Z,2023-01-18T09:24:47Z,,unclassified_missing_dates,False,False,False,True,False,False
UCJkP4Ko9VRK1ay7YFW-s0PQ,,0,,False,,,,unclassified_missing_dates,False,True,True,True,False,False
UCJku5jC23Y0MkmPqU7CZhog,,0,,False,,,,unclassified_missing_dates,False,True,True,True,False,False
UCJmTAxfYNN3qUbki6ojb3NQ,,0,,False,,,,unclassified_missing_dates,False,True,True,True,False,False
UCJpeAcDINMjw_9zcP5bGEfg,SBIELA,1,708,False,2018-08-25T17:35:11Z,2023-11-09T19:00:02Z,,unclassified_missing_dates,False,False,False,True,False,False
UCJqh5ctkI0ahA_TBr400UMg,Stesie,1,352,False,2012-11-26T19:06:55Z,2022-10-12T14:03:10Z,,unclassified_missing_dates,False,False,False,True,False,False
UCJrAnNjIdtLdmrjTSqI7Xpw,,0,,False,,,,unclassified_missing_dates,False,True,True,True,False,False
UCJrHYgcicu0hL1-fQeIxriQ,,0,,False,,,,unclassified_missing_dates,False,True,True,True,False,False
UCJrqE3fUg7FTtVOiprxNNug,,0,,False,,2023-10-16T14:37:20Z,2023-10-16T14:37:20Z,first_active_after_reference,False,True,False,False,False,False
UCJsbK8sEC55sYAxyOU3Gm2Q,,0,,False,,2023-11-19T17:36:17Z,2023-11-19T17:36:17Z,first_active_after_reference,False,True,False,False,False,False
UCJtTMMYLj7ZMo4PtynSALpQ,Podcast Eins,1,51,False,2019-03-05T15:10:00Z,2022-10-07T04:04:45Z,,unclassified_missing_dates,False,False,False,True,False,False
UCJtXI9Dl1kWBlgvgjhv9ffw,,1,,,,,,unclassified_missing_dates,False,True,True,True,False,False
UCJtk8LPPcVDrXFAc-lhoCSg,,1,,,,,,unclassified_missing_dates,False,True,True,True,False,False
UCJu7TZFj73CrZv9lN351hJw,,1,,,,,,unclassified_missing_dates,False,True,True,True,False,False
UCJuim3NZa-FChWQc3RzbfGg,CDU-Stadtverband Oberkochen,1,2,False,2020-09-20T05:05:17Z,2022-11-08T12:45:27Z,,unclassified_missing_dates,False,False,False,True,False,False
UCJwd-aACm353ch99jXrvJvA,,0,,False,,,,unclassified_missing_dates,False,True,True,True,False,False
UCJweRl3A6xfBzFcxMksGUtw,,0,,False,,,,unclassified_missing_dates,False,True,True,True,False,False
UCJyDGikFqYM8KggLRqYSu7g,,1,,,,,,unclassified_missing_dates,False,True,True,True,False,False
UCJy_MccL7Gc2zqWfDKMT_fQ,,0,,False,,,,unclassified_missing_dates,False,True,True,True,False,False
UCJya1XzGek10XQ49bAJkTow,,0,,False,,,,unclassified_missing_dates,False,True,True,True,False,False
UCK-JrzA3rEoI7fIQK8LDYyQ,,1,,,,,,unclassified_missing_dates,False,True,True,True,False,False
UCK-PPpS82eU3pyELsjuYURQ,,0,,False,,,,unclassified_missing_dates,False,True,True,True,False,False
UCK0SZXCfFQyBwvcpJetZ51A,,0,,False,,,,unclassified_missing_dates,False,True,True,True,False,False
UCK2EhCI62pmda1HSuOdlQ5Q,Martin Balasus,1,13,False,2022-01-15T10:25:27Z,,,unclassified_missing_dates,False,False,True,True,False,False
UCK42eT0vHBjY8VeDxymrRhw,,0,,False,,,,unclassified_missing_dates,False,True,True,True,False,False
UCK4_fmlfU1xnYeAceW1sLFA,,0,,False,,,,unclassified_missing_dates,False,True,True,True,False,False
UCK66w8XLX246hgPbkGIno_w,,0,,False,,,,unclassified_missing_dates,False,True,True,True,False,False
UCK6Ni5cGcpwMREg9hqkeiBQ,,0,,False,,,,unclassified_missing_dates,False,True,True,True,False,False
UCK6i8EKyDGH9tqfDI8ZJoMA,,0,,False,,,,unclassified_missing_dates,False,True,True,True,False,False
UCK7qJIGm3DQhdcIbr8DFUVg,,1,,,,,,unclassified_missing_dates,False,True,True,True,False,False
UCK8NtUVmaSTblTrDpukggZQ,,0,,False,,,,unclassified_missing_dates,False,True,True,True,False,False
UCK8ZGnsAq9d8g240jdAYibg,,0,,False,,,,unclassified_missing_dates,False,True,True,True,False,False
UCKAhEs4MO2bQ0e5M4YlaPiQ,Preyplayer,1,8,False,2017-08-03T12:20:55Z,,,unclassified_missing_dates,False,False,True,True,False,False
UCKB5kXfOtyJENCHmeKdbckA,,0,,False,,,,unclassified_missing_dates,False,True,True,True,False,False
UCKBpZYCbPqdt_nHpXlZyHUg,,0,,False,,,,unclassified_missing_dates,False,True,True,True,False,False
UCKC9u9twf1JRLgsCDuWzy0Q,Natalia Greger-Domagala‘s Violin Academy,1,1820,False,2016-09-15T17:44:54Z,2022-10-30T12:00:57Z,,unclassified_missing_dates,False,False,False,True,False,False
UCKCF9wv3Azi5xNHgGpZ5w5Q,,0,,False,,,,unclassified_missing_dates,False,True,True,True,False,False
UCKCGtUolQjwEzf0nlMY1ezQ,FDP Kelkheim,1,6,False,2021-01-18T19:55:32Z,,,unclassified_missing_dates,False,False,True,True,False,False
UCKCcLzf49llRjQbNq3llFCg,,0,,False,,2023-11-23T09:00:26Z,,unclassified_missing_dates,False,True,False,True,False,False
UCKFzpUR8p2R-Fmg_KON0YLg,,0,,False,,,,unclassified_missing_dates,False,True,True,True,False,False
UCKGwbGNh1xwA8S8Q9fGmBbQ,,1,,,,2023-11-09T12:15:08Z,,unclassified_missing_dates,False,True,False,True,False,False
UCKHnP-3cIHjmdPnGA52C4gg,,0,,False,,,,unclassified_missing_dates,False,True,True,True,False,False
UCKI0W-UmVd8jiIP4uEXV7Hw,,0,,False,,,,unclassified_missing_dates,False,True,True,True,False,False
UCKIS6aikrUEZOVteqSYPkQQ,,0,,False,,,,unclassified_missing_dates,False,True,True,True,False,False
UCKJRwDgIru-yiCcwaRVK6Mg,,0,,False,,,,unclassified_missing_dates,False,True,True,True,False,False
UCKKNlhUyxG2uySCSylQqEzw,Dezernat Zukunft,1,296,False,2020-05-04T20:53:50Z,2022-10-19T13:10:54Z,,unclassified_missing_dates,False,False,False,True,False,False
UCKKi9BVhzIF2fZCg0cfv3zg,,1,,,,,,unclassified_missing_dates,False,True,True,True,False,False
UCKKnDFwXGc6t6uJ300D4EsA,"Steffen Kotré, AfD",1,9800,False,2017-10-16T22:39:43Z,2022-10-10T09:47:28Z,,unclassified_missing_dates,False,False,False,True,False,False
UCKLt81-VJ-2AjfvlnZdZWww,,1,,,,,,unclassified_missing_dates,False,True,True,True,False,False
UCKM-EjjoaO4aFFXJ_fjeDHw,Engel & Völkers Commercial Berlin,1,122,False,2016-02-02T08:04:03Z,2022-12-20T13:05:44Z,,unclassified_missing_dates,False,False,False,True,False,False
UCKM73wf4hWC6UYDeRpRJjtw,DIE LINKE. Barnim,1,78,False,2014-01-05T00:47:37Z,2022-10-24T11:35:33Z,,unclassified_missing_dates,False,False,False,True,False,False
UCKMnF3y4CGPS62nlYxi1bBA,,1,,,,,,unclassified_missing_dates,False,True,True,True,False,False
UCKMzrrhQ5AiNzYm-Sqv9qZA,meinTestgelände,1,1140,False,2013-08-23T15:40:00Z,2022-11-03T12:36:18Z,,unclassified_missing_dates,False,False,False,True,False,False
UCKNo59aUqIgnMWLVu2OuZIg,,0,,False,,,,unclassified_missing_dates,False,True,True,True,False,False
UCKOa7pAWLqQ21kbI9xBdAOQ,,0,,False,,,,unclassified_missing_dates,False,True,True,True,False,False
UCKPRQXMaR__8koo4cML9j4w,,0,,False,,,,unclassified_missing_dates,False,True,True,True,False,False
UCKPswsKw2rKAZatDrWHL_Og,youpod,1,958,False,2010-06-07T10:57:43Z,2025-09-19T09:32:38Z,,unclassified_missing_dates,False,False,False,True,False,False
UCKPxuul6zSLAfKSsm123Vww,,0,,False,,,,unclassified_missing_dates,False,True,True,True,False,False
UCKQcHqHp-eILNlCaN5XBgxQ,,0,,False,,,,unclassified_missing_dates,False,True,True,True,False,False
UCKQr0jTe2Wlw63JdEwP3KTQ,,0,,False,,,,unclassified_missing_dates,False,True,True,True,False,False
UCKTO5KizlnTQR7IyTqqxfdg,,0,,False,,,,unclassified_missing_dates,False,True,True,True,False,False
UCKU-rubyOKvTIf4OKRcjepw,,1,,,,,,unclassified_missing_dates,False,True,True,True,False,False
UCKU3QQzP6sK75ww7fgP9AlQ,,0,,False,,,,unclassified_missing_dates,False,True,True,True,False,False
UCKUeoifaH0ohQ9G9otCURKA,,0,,False,,,,unclassified_missing_dates,False,True,True,True,False,False
UCKUl5RpifQMfcuzPlhv5NPw,,1,,,,,,unclassified_missing_dates,False,True,True,True,False,False
UCKW-QQ2T2SwYB_hXHoOj4MQ,,0,,False,,,,unclassified_missing_dates,False,True,True,True,False,False
UCKXzQwAPhIVdx5oeAmb1c9A,,0,,False,,,,unclassified_missing_dates,False,True,True,True,False,False
UCKYy7bcU__izCxIyTsoR42g,Christian's Kanal,1,3,False,2022-05-04T18:07:52Z,,,unclassified_missing_dates,False,False,True,True,False,False
UCKZBnbklai1-HdznGA5A-cA,,1,,,,,,unclassified_missing_dates,False,True,True,True,False,False
UCKZLBcJA_NdUSAzSaObA6Gw,,0,,False,,,,unclassified_missing_dates,False,True,True,True,False,False
UCK_rBpidFVbrhI5ohhzSqzA,,0,,False,,,,unclassified_missing_dates,False,True,True,True,False,False
UCK_xVrQQGeqrN-BH8j1I4Jw,,0,,False,,,,unclassified_missing_dates,False,True,True,True,False,False
UCKai0Unme_5ITtImAfxOKnA,,0,,False,,,,unclassified_missing_dates,False,True,True,True,False,False
UCKbJVBU3R1F9BqxWGDPR9jg,Barden Ohneheim,1,133,False,2011-10-16T10:38:21Z,2022-10-09T09:38:11Z,,unclassified_missing_dates,False,False,False,True,False,False
UCKbwP9uyH9HLvaNU88NMJVg,,0,,False,,,,unclassified_missing_dates,False,True,True,True,False,False
UCKce0MTnURt-XUMnLZcmOvA,,1,,,,2023-10-08T02:47:10Z,2023-10-08T02:47:10Z,first_active_after_reference,False,True,False,False,False,False
UCKceK_x6C6SSaRw46NFFtBA,Villon-Project,1,3,False,2018-08-15T09:03:07Z,,,unclassified_missing_dates,False,False,True,True,False,False
UCKe4ASDX0KPGFWOGiknBRbg,,0,,False,,,,unclassified_missing_dates,False,True,True,True,False,False
UCKf2gpmWOzRKlK3hLOOtdOg,,0,,False,,,,unclassified_missing_dates,False,True,True,True,False,False
UCKf4B_RWmu2XY-XWQgwYhJQ,,1,,,,,,unclassified_missing_dates,False,True,True,True,False,False
UCKhR2qCdc8wHzqbel77N52Q,,0,,False,,,,unclassified_missing_dates,False,True,True,True,False,False
UCKhgqBA4ouFDt1NZh-C7sZQ,,0,,False,,,,unclassified_missing_dates,False,True,True,True,False,False
UCKhrv-Gr9Ts0oesFbjDRG8Q,Sven Huber,1,240,False,2018-01-15T18:33:06Z,2022-11-07T17:37:37Z,,unclassified_missing_dates,False,False,False,True,False,False
UCKiQsccROK15NS13pfO7QpQ,,0,,False,,,,unclassified_missing_dates,False,True,True,True,False,False
UCKir47rhLuH1BMVsaZCJyVg,,1,,,,,,unclassified_missing_dates,False,True,True,True,False,False
UCKj29CXFsWuTKflvASgGCbg,,0,,False,,,,unclassified_missing_dates,False,True,True,True,False,False
UCKjT547kzcESDeKqn1KVZLQ,SPD Lindlar,1,16,False,2020-07-03T15:20:45Z,,,unclassified_missing_dates,False,False,True,True,False,False
UCKjU3KzdbJE1EFcHVqXC3_g,,0,,False,,2022-03-01T06:32:59Z,,unclassified_missing_dates,False,True,False,True,False,False
UCKnwFDyAlN8xJylAy2xX-Cg,,1,,,,,,unclassified_missing_dates,False,True,True,True,False,False
UCKoc_5atufprjXd7TswXbKA,,0,,False,,,,unclassified_missing_dates,False,True,True,True,False,False
UCKpbSI978d4TOxo-L4FdMDw,,1,,,,,,unclassified_missing_dates,False,True,True,True,False,False
UCKsVA5B63U1N3umIjwRmA1A,,0,,False,,,,unclassified_missing_dates,False,True,True,True,False,False
UCKteDVVTOIT1yrT0il78W4w,,0,,False,,,,unclassified_missing_dates,False,True,True,True,False,False
UCKteqTubm1wRJTBl374CzxA,,0,,False,,,,unclassified_missing_dates,False,True,True,True,False,False
UCKvBa6iClvKLXsoz80o8XsQ,FDP Chur,1,10,False,2021-05-07T08:13:46Z,,,unclassified_missing_dates,False,False,True,True,False,False
UCKwM5TJF5TnIZNfrbDolt7A,,0,,False,,,,unclassified_missing_dates,False,True,True,True,False,False
UCKwQjav6uPCFPIDL6SXjNqQ,,0,,False,,,,unclassified_missing_dates,False,True,True,True,False,False
UCKwROj1gc3tl9Gg5sL-0hQQ,,0,,False,,,,unclassified_missing_dates,False,True,True,True,False,False
UCKwSjWFJZsxXMoFCiBpZ67w,Kinder- und Jugendparlament Lingen (Ems),1,7,False,2017-09-26T13:54:08Z,,,unclassified_missing_dates,False,False,True,True,False,False
UCKxSkKh8WVio0nnl6aanp3g,,0,,False,,,,unclassified_missing_dates,False,True,True,True,False,False
UCKyHU-eilDmbnJyV6o_hPsg,,0,,False,,,,unclassified_missing_dates,False,True,True,True,False,False
UCKyucGXsga4rK2dtEiFTNtw,Hans Meisenkeiser,1,3,False,2019-01-14T14:35:48Z,,,unclassified_missing_dates,False,False,True,True,False,False
UCKza8niDux6U-3fpxEq819g,,1,,,,,,unclassified_missing_dates,False,True,True,True,False,False
UCKztuax0_xkcDx45jPTzT2A,,1,,,,,,unclassified_missing_dates,False,True,True,True,False,False
UCL-DdV8h0kvJ9Du85jhY-dg,,0,,False,,,,unclassified_missing_dates,False,True,True,True,False,False
UCL0Rlv_z5uCcY5uyAu1DjaA,,0,,False,,,,unclassified_missing_dates,False,True,True,True,False,False
UCL0u5uz7KZ9q-pe-VC8TY-w,,0,,False,,,,unclassified_missing_dates,False,True,True,True,False,False
UCL0v2jRwxOfhHKaeYuBn9xw,,0,,False,,,,unclassified_missing_dates,False,True,True,True,False,False
UCL2qEINxrBUq0Qu3hAIazVw,Erik Schlieker,1,7,False,2018-06-01T17:41:27Z,,,unclassified_missing_dates,False,False,True,True,False,False
UCL39iW2iuXIT4dz9hORIH5w,,1,,,,,,unclassified_missing_dates,False,True,True,True,False,False
UCL5E8d_gZFZLSON2jJ73IUg,DIE LINKE Friedrichshain-Kreuzberg,1,45,False,2016-08-30T19:53:40Z,2023-01-14T11:21:20Z,,unclassified_missing_dates,False,False,False,True,False,False
UCL5U40EKkvjXF5PA24_IyKA,,0,,False,,,,unclassified_missing_dates,False,True,True,True,False,False
UCL6VjsbU2sjWegS7xvlFmoA,,0,,False,,,,unclassified_missing_dates,False,True,True,True,False,False
UCL6sTrVC7xwiVMG5J4_u5kw,Saturn,1,1,False,2019-05-24T15:34:23Z,,,unclassified_missing_dates,False,False,True,True,False,False
UCL7H76kXdagEpJ2qyqRPt_Q,,0,,False,,,,unclassified_missing_dates,False,True,True,True,False,False
UCL87X2B9VhA6688Ig9trNsg,,0,,False,,,,unclassified_missing_dates,False,True,True,True,False,False
UCL8MOCxGPkNgLe_N6vmIDUQ,,0,,False,,,,unclassified_missing_dates,False,True,True,True,False,False
UCL8MYoUNgYWCFBLZX5xiRMw,,0,,False,,,,unclassified_missing_dates,False,True,True,True,False,False
UCL9zgS__3FGKtcy0zVBp3eA,,1,,,,,,unclassified_missing_dates,False,True,True,True,False,False
UCLA9uUWOPKsVG9aXLI-k62w,,0,,False,,,,unclassified_missing_dates,False,True,True,True,False,False
UCLARORj4cUR4FSIVS4uMujA,,0,,False,,,,unclassified_missing_dates,False,True,True,True,False,False
UCLC8svsoBI3tYMH639Nc21w,,0,,False,,,,unclassified_missing_dates,False,True,True,True,False,False
UCLCV_Oeq4YS9cratCV_Vq1g,,1,,,,,,unclassified_missing_dates,False,True,True,True,False,False
UCLCX43uo9G-uHzJ4_yarbNA,,0,,False,,,,unclassified_missing_dates,False,True,True,True,False,False
UCLDSVtKPnpKczgHWuTTr5sA,,0,,False,,,,unclassified_missing_dates,False,True,True,True,False,False
UCLD_t-pBEP0sb8eZNVAEckw,,0,,False,,,,unclassified_missing_dates,False,True,True,True,False,False
UCLG1z8mHBdxReUW7h4tBAiw,,1,,,,,,unclassified_missing_dates,False,True,True,True,False,False
UCLG66HFqN-3X3rmQ7gTGwNg,Startup-Verband,1,645,False,2017-03-13T13:06:36Z,2022-10-28T04:31:24Z,,unclassified_missing_dates,False,False,False,True,False,False
UCLGwTRZXeWlwFVvAhTSW3pQ,,0,,False,,,,unclassified_missing_dates,False,True,True,True,False,False
UCLHPeyJJDcxMJFeQTMUmKPA,,0,,False,,,,unclassified_missing_dates,False,True,True,True,False,False
UCLI-gFRRWeEkJnwCaL0-0LQ,,0,,False,,,,unclassified_missing_dates,False,True,True,True,False,False
UCLIxlHGEf8uHOvm9q--zvKA,,1,,,,,,unclassified_missing_dates,False,True,True,True,False,False
UCLJLX6F-Z-7NbkoDnflBZJA,Juliane Steinwachs-Zeil,1,2100,False,2011-03-21T00:21:36Z,2022-10-10T17:30:02Z,,unclassified_missing_dates,False,False,False,True,False,False
UCLJMny4v9LBQTllC8Hu3muw,baumstammkronenwald,1,1200,False,2017-02-25T12:11:30Z,2022-10-07T10:45:56Z,,unclassified_missing_dates,False,False,False,True,False,False
UCLJeJQCs3snMmkElnKHc6TA,,0,,False,,,,unclassified_missing_dates,False,True,True,True,False,False
UCLJuqx6EugOxhj-qrBiDi9g,,0,,False,,,,unclassified_missing_dates,False,True,True,True,False,False
UCLKQnQWFCzu3P7ssL7QQJRA,,1,,,,,,unclassified_missing_dates,False,True,True,True,False,False
UCLKXVmN4v0SCoU7kXlDXzGg,,0,,False,,2023-10-14T12:05:52Z,2023-10-14T12:05:52Z,first_active_after_reference,False,True,False,False,False,False
UCLLZQlYwjbqcfmvIz2QLRtw,,0,,False,,,,unclassified_missing_dates,False,True,True,True,False,False
UCLLZU04UmpaAOauqwYKTIcg,,0,,False,,,,unclassified_missing_dates,False,True,True,True,False,False
UCLMpxjiaKpLNstJaLFZRB9g,Eicker TV · AI News · Social Media,1,9780,False,2010-01-19T13:17:54Z,2022-10-07T04:45:52Z,,unclassified_missing_dates,False,False,False,True,False,False
UCLMsQK6b7GBIH57NtF3SfoA,,0,,False,,,,unclassified_missing_dates,False,True,True,True,False,False
UCLNOKmov_qjbSPHZqIryrkw,,1,,,,,,unclassified_missing_dates,False,True,True,True,False,False
UCLPU7FYZqcwm7UpWGF18AcA,Robert Laimer,1,56,False,2014-01-23T18:20:26Z,2022-10-16T09:11:14Z,,unclassified_missing_dates,False,False,False,True,False,False
UCLPsG1uBAXTF3pcVxXlAaVg,,0,,False,,,,unclassified_missing_dates,False,True,True,True,False,False
UCLQ91l3voz3SGN2wNxyPP8Q,,0,,False,,,,unclassified_missing_dates,False,True,True,True,False,False
UCLQIrvSB-EDeKq9AT1wL50w,Hermann Ehlers Stiftung und Akademie,1,547,False,2016-03-11T14:38:06Z,2022-11-16T08:33:57Z,,unclassified_missing_dates,False,False,False,True,False,False
UCLR_dhEPws3ha9GKFrOKkZg,,1,,,,2023-12-21T13:50:59Z,2023-12-21T13:50:59Z,first_active_after_reference,False,True,False,False,False,False
UCLSS3tPtEG-hi3oPlFUbzzA,,0,,False,,,,unclassified_missing_dates,False,True,True,True,False,False
UCLUCDlAgGTAecHPUdl7mbFw,,1,,,,,,unclassified_missing_dates,False,True,True,True,False,False
UCLVCAkLc-f4hFxHBlgRw2ZA,,0,,False,,2023-11-05T08:02:18Z,,unclassified_missing_dates,False,True,False,True,False,False
UCLVeraZYXhwxDCs2ynLbnzA,,1,,,,2023-10-13T06:00:20Z,,unclassified_missing_dates,False,True,False,True,False,False
UCLWzk_geA-XDR5ZhH5whK9w,,0,,False,,,,unclassified_missing_dates,False,True,True,True,False,False
UCLXZqp5DONqkwSqUYPPFo9g,,0,,False,,,,unclassified_missing_dates,False,True,True,True,False,False
UCLYxV1vNjejG2HHQRcR-Adg,Philipp Janusch,1,26,False,2013-10-12T19:45:23Z,2023-05-12T14:38:05Z,,unclassified_missing_dates,False,False,False,True,False,False
UCLZ2CL5JVYIXwiLqVMaATvQ,,0,,False,,,,unclassified_missing_dates,False,True,True,True,False,False
UCLZK3w_p1Y1TryCKzXcbDZA,,1,,,,,,unclassified_missing_dates,False,True,True,True,False,False
UCLb8GnnBJRc6hEcPbmigVSg,,0,,False,,,,unclassified_missing_dates,False,True,True,True,False,False
UCLbaLG92Nq8PFM6XeAc1OLw,,0,,False,,,,unclassified_missing_dates,False,True,True,True,False,False
UCLbz_oPN6yq0g_nHhnvjD_A,,0,,False,,,,unclassified_missing_dates,False,True,True,True,False,False
UCLctiSP7plZifVk3e57A15Q,,0,,False,,,,unclassified_missing_dates,False,True,True,True,False,False
UCLdG0j_poM9r9yWD1Vr646A,,0,,False,,,,unclassified_missing_dates,False,True,True,True,False,False
UCLeAbDeEYZcZ0Gbz_wiIyzw,,1,,,,,,unclassified_missing_dates,False,True,True,True,False,False
UCLeYm2ArwMLaXiqI6UkB3VQ,Stadt Heidelberg,1,3020,False,2009-08-26T08:33:02Z,2022-10-07T10:12:30Z,,unclassified_missing_dates,False,False,False,True,False,False
UCLekxHQGF2Hen9imdgU4oAg,,0,,False,,,,unclassified_missing_dates,False,True,True,True,False,False
UCLf0p6ISsaem4uUWS5OHPfQ,,0,,False,,,,unclassified_missing_dates,False,True,True,True,False,False
UCLfvN8mgGZMoySSVIWGSNTQ,,0,,False,,,,unclassified_missing_dates,False,True,True,True,False,False
UCLgydr7LZpq9vicPkxy_9zA,,0,,False,,,,unclassified_missing_dates,False,True,True,True,False,False
UCLic-hursNi_TgnIDgcJviA,Lothar Geburzky,1,0,False,2021-04-21T04:12:19Z,,,unclassified_missing_dates,False,False,True,True,False,False
UCLijSMylzIy6AvtTPtBzp2A,,1,,,,,,unclassified_missing_dates,False,True,True,True,False,False
UCLjF4D5Ey3lLT08tFAgY0FQ,Grüne Jugend Stuttgart,1,35,False,2009-02-03T20:58:01Z,2022-10-19T13:59:52Z,,unclassified_missing_dates,False,False,False,True,False,False
UCLjFDuUGaNZTachUlKOKebA,,1,,,,2023-11-13T10:49:16Z,,unclassified_missing_dates,False,True,False,True,False,False
UCLjX4zkAO-M1oWh7GEOEjoA,,0,,False,,,,unclassified_missing_dates,False,True,True,True,False,False
UCLkW3lbNqaC00KehadL8oBQ,,0,,False,,,,unclassified_missing_dates,False,True,True,True,False,False
UCLkrkEydJ_FxQBiesSmMvMw,,0,,False,,,,unclassified_missing_dates,False,True,True,True,False,False
UCLkwcZLUexrl-BTvfwxyYjQ,,0,,False,,,,unclassified_missing_dates,False,True,True,True,False,False
UCLlCvPeud_k7eHPs9Wpcvjw,,0,,False,,2023-01-07T22:12:54Z,,unclassified_missing_dates,False,True,False,True,False,False
UCLlXogQKyaawSbGVKu3RFTQ,,0,,False,,,,unclassified_missing_dates,False,True,True,True,False,False
UCLpG4i1xHva6b3vdcKpdlXg,,0,,False,,,,unclassified_missing_dates,False,True,True,True,False,False
UCLpsTUsVjNd9vY6Q4cXhSjw,,1,,,,,,unclassified_missing_dates,False,True,True,True,False,False
UCLsYxaA418qc2Dd2rSlmDGA,,1,,,,,,unclassified_missing_dates,False,True,True,True,False,False
UCLtM7gup-9ucF0KfwGcFk1Q,Stefan Wünsch,1,2,False,2020-07-31T17:37:22Z,2024-02-27T06:23:48Z,,unclassified_missing_dates,False,False,False,True,False,False
UCLtc1aYmMr9SmwOBPPGqIng,,0,,False,,,,unclassified_missing_dates,False,True,True,True,False,False
UCLv2oRJI2a8arZVKIcgT8gA,,1,,,,,,unclassified_missing_dates,False,True,True,True,False,False
UCLv2ygLDZSwrYRS3dldVKgg,,0,,False,,,,unclassified_missing_dates,False,True,True,True,False,False
UCLvXa82VBWxLAXoXRIxQviw,,0,,False,,,,unclassified_missing_dates,False,True,True,True,False,False
UCLxRyz64veUrPL-Ee-SRgag,,1,,,,,,unclassified_missing_dates,False,True,True,True,False,False
UCLx_c3twuLTtVGwqigYngEA,titanicredaktion,1,8570,False,2007-03-06T16:40:08Z,2023-03-21T14:23:04Z,,unclassified_missing_dates,False,False,False,True,False,False
UCLyM8HgdpKyO-Djs02fIOYQ,ShenTe,1,278,False,2021-05-24T20:30:03Z,2022-10-08T23:32:07Z,,unclassified_missing_dates,False,False,False,True,False,False
UCLzSk-eCLVJ_XQavdJVnmqQ,,0,,False,,,,unclassified_missing_dates,False,True,True,True,False,False
UCLzTH2aSr6y1aat_F-BfR9A,Alefox HD,1,135,False,2019-07-30T19:55:11Z,2022-10-07T21:40:10Z,,unclassified_missing_dates,False,False,False,True,False,False
UCLzcmIEQ-I4jRR8cKNh0-8g,,0,,False,,,,unclassified_missing_dates,False,True,True,True,False,False
UCLzlR9zLI435b9qnoLpI-9g,,1,,,,,,unclassified_missing_dates,False,True,True,True,False,False
UCM-tQLKd8PRsMoMN7lGobTA,,1,,,,,,unclassified_missing_dates,False,True,True,True,False,False
UCM0rhnJRLjq4JoAAsHfBg5Q,,1,,,,2023-11-24T06:00:32Z,,unclassified_missing_dates,False,True,False,True,False,False
UCM1iaopGbwHGFsLOsUfuaeg,,0,,False,,,,unclassified_missing_dates,False,True,True,True,False,False
UCM1qnUnVNxbKK8rD9VLGzGw,DIE LINKE. LÜNEBURG,1,26,False,2020-04-14T18:29:20Z,,,unclassified_missing_dates,False,False,True,True,False,False
UCM2XuBvAc6KgdVvcNA2jpSg,,0,,False,,,,unclassified_missing_dates,False,True,True,True,False,False
UCM3EEZyFQHs8I6pF3CpGBEw,Jugendarbeit Stadtteile Pforzheim,1,27,False,2021-02-04T21:35:50Z,,,unclassified_missing_dates,False,False,True,True,False,False
UCM4-dwgmT3uyaeqpF9yVuKA,,0,,False,,,,unclassified_missing_dates,False,True,True,True,False,False
UCM4Y7XoO3zz5pHJvT6Ldz3A,,0,,False,,2023-10-14T11:46:46Z,2023-10-14T11:46:46Z,first_active_after_reference,False,True,False,False,False,False
UCM5alVkb4UX72dYeqDj4SXg,,0,,False,,,,unclassified_missing_dates,False,True,True,True,False,False
UCM6FmDT1_8fSlg54EA305Bw,,1,,,,,,unclassified_missing_dates,False,True,True,True,False,False
UCM6YZBJnCcumVO4wxZ_sZpA,Freie Linke,1,427,False,2021-03-22T20:48:43Z,2023-06-12T02:03:45Z,,unclassified_missing_dates,False,False,False,True,False,False
UCM78pLo2etWRp56Ost5-xyQ,,0,,False,,,,unclassified_missing_dates,False,True,True,True,False,False
UCM8-b4hgSAPkOBKwVg4M6EA,,1,,,,2023-10-09T16:18:41Z,2023-10-09T16:18:41Z,first_active_after_reference,False,True,False,False,False,False
UCM9672Zr1_E332D5CXQZ_Zg,,0,,False,,,,unclassified_missing_dates,False,True,True,True,False,False
UCM9FXjAJn9Ytm6XlBhfTLuw,film-werk56,1,469,False,2015-02-04T17:41:54Z,2022-10-23T11:33:35Z,,unclassified_missing_dates,False,False,False,True,False,False
UCMA1qnUeblDsnJtprd2OXwQ,,0,,False,,,,unclassified_missing_dates,False,True,True,True,False,False
UCMAcVEHuZH9RB7-d5d1Imaw,,1,,,,,,unclassified_missing_dates,False,True,True,True,False,False
UCMAyRLy6Phf7WVm_1-SclEA,,0,,False,,,,unclassified_missing_dates,False,True,True,True,False,False
UCMBsRjfczaNwA1Fqt4JdeGg,,0,,False,,,,unclassified_missing_dates,False,True,True,True,False,False
UCMCBjitkE_LenpvwZuw40mw,Matthias Gastel,1,316,False,2012-11-14T18:10:55Z,2023-04-24T11:50:05Z,,unclassified_missing_dates,False,False,False,True,False,False
UCMCt9X9uHxwCCifF5-fX9Jw,,0,,False,,,,unclassified_missing_dates,False,True,True,True,False,False
UCMD4boY3-_VvzE1dgIB1edw,,0,,False,,,,unclassified_missing_dates,False,True,True,True,False,False
UCMDcWosJSZ2fdop2OZGrKyA,,0,,False,,,,unclassified_missing_dates,False,True,True,True,False,False
UCME27W1ky0BPDBoD4tRvGdQ,,0,,False,,,,unclassified_missing_dates,False,True,True,True,False,False
UCMENKEWGrNvFEtcwRkGa45Q,,0,,False,,,,unclassified_missing_dates,False,True,True,True,False,False
UCMElQSATC36CfUPOgT3Ad2w,,1,,,,,,unclassified_missing_dates,False,True,True,True,False,False
UCMG-p_LIMc0RObXlBBFoKvQ,rotkelchen,1,721,False,2007-11-13T15:41:56Z,2023-02-22T21:38:00Z,,unclassified_missing_dates,False,False,False,True,False,False
UCMGnjd95_PLypH9R_CTAosg,Annka Esser,1,11,False,2011-10-14T15:35:43Z,,,unclassified_missing_dates,False,False,True,True,False,False
UCMHM5SWhYpyFSzkGJtVlgog,,0,,False,,,,unclassified_missing_dates,False,True,True,True,False,False
UCMHPYIwDYOfiBOsswwupG4w,,1,,,,,,unclassified_missing_dates,False,True,True,True,False,False
UCMIiQrslqMluD9plX7fQYqA,,1,,,,,,unclassified_missing_dates,False,True,True,True,False,False
UCMIxcAm7S0nUe9CnWR_BePQ,,0,,False,,2023-12-21T01:30:03Z,2023-12-21T01:30:03Z,first_active_after_reference,False,True,False,False,False,False
UCMJD9wZVMP8X-9pa1JxbGTw,,0,,False,,,,unclassified_missing_dates,False,True,True,True,False,False
UCMJGziL3tEMtE518I9VIsFw,,1,,,,2023-12-03T23:05:31Z,,unclassified_missing_dates,False,True,False,True,False,False
UCMJHFJFK4aPAgFBB9yDScFQ,,1,,,,,,unclassified_missing_dates,False,True,True,True,False,False
UCMKJ_1qi8HjzYdLyAtJB__g,,1,,,,,,unclassified_missing_dates,False,True,True,True,False,False
UCMKclBuUPs8wJRF8HxpaF8g,,1,,,,,,unclassified_missing_dates,False,True,True,True,False,False
UCMKqEzChILUS-VST33XOvgQ,,0,,False,,,,unclassified_missing_dates,False,True,True,True,False,False
UCMKsHq99Z7wQBAmWu1Ffthw,Feng Shui Center Berlin,1,1160,False,2014-10-30T16:34:17Z,2022-10-07T15:00:27Z,,unclassified_missing_dates,False,False,False,True,False,False
UCMLXJsdkebU0Dtd5gQw-Kaw,,0,,False,,,,unclassified_missing_dates,False,True,True,True,False,False
UCMOXDH8ZczqorvmGWn_dt5A,Freispiel Gaming Experience,1,477,False,2014-04-07T21:10:16Z,2023-03-05T23:43:41Z,,unclassified_missing_dates,False,False,False,True,False,False
UCMOZljimhohkdg4SgN3Efkg,,0,,False,,,,unclassified_missing_dates,False,True,True,True,False,False
UCMRxcZQxbenSs3JqPld2W_g,,1,,,,2023-10-08T16:29:04Z,2023-10-24T11:03:39Z,first_active_after_reference,False,True,False,False,False,False
UCMSVqAhIZKIjlBQVZ9zoxAQ,Angizia - Topic,1,367,False,2014-01-16T21:01:17Z,2023-01-17T10:01:26Z,,unclassified_missing_dates,False,False,False,True,False,False
UCMTBEJzcavBdPpDdq3ZAJ1A,,1,,,,,,unclassified_missing_dates,False,True,True,True,False,False
UCMTdCfXma1mUGOWAx46lzCQ,,0,,False,,,,unclassified_missing_dates,False,True,True,True,False,False
UCMU5o7O9A5fvAW8TScK82Rg,Auswandern aus Deutschland Wohin?,1,1940,False,2014-06-14T08:42:32Z,,,unclassified_missing_dates,False,False,True,True,False,False
UCMV80CxgXF4dlruTb4a98ug,,0,,False,,,,unclassified_missing_dates,False,True,True,True,False,False
UCMXXeJ2FPpqciTwUbDysHoA,,0,,False,,,,unclassified_missing_dates,False,True,True,True,False,False
UCMYM9AK53zY2oAAeRP_bRSg,Hanfparade,1,3000,False,2009-03-04T01:06:04Z,2023-05-06T13:30:53Z,,unclassified_missing_dates,False,False,False,True,False,False
UCMZ2xPaBRjf1Rz42sbde8ew,,0,,False,,,,unclassified_missing_dates,False,True,True,True,False,False
UCMZfoHUC2q9f-jM2pPOeetA,,0,,False,,,,unclassified_missing_dates,False,True,True,True,False,False
UCM_1eLCHEnLbLWRtSjKMFgA,,1,,,,,,unclassified_missing_dates,False,True,True,True,False,False
UCM_1ll7Zk0IGYhfNfW5soGg,,1,,,,,,unclassified_missing_dates,False,True,True,True,False,False
UCMa4SBj0cYvn0KX-pXEwksw,DBfK Nordwest,1,3580,False,2016-06-29T11:47:23Z,2022-10-14T15:13:21Z,,unclassified_missing_dates,False,False,False,True,False,False
UCMaPYsveb0f_47JCkYYR5Sg,,1,,,,,,unclassified_missing_dates,False,True,True,True,False,False
UCMaXOE8JmRhNYJT8vxZg2gg,,0,,False,,,,unclassified_missing_dates,False,True,True,True,False,False
UCMaxrt4JgqgOD-JSYE3Zwbg,Tesla-Fan,1,57,False,2021-07-10T11:15:10Z,2022-10-13T15:21:55Z,,unclassified_missing_dates,False,False,False,True,False,False
UCMbJXK4px8hy1eqQak60CxA,raum 13,1,101,False,2011-03-24T12:11:28Z,2023-01-22T15:44:16Z,,unclassified_missing_dates,False,False,False,True,False,False
UCMbXy3i_9ui7AWI0xW0iCww,,0,,False,,,,unclassified_missing_dates,False,True,True,True,False,False
UCMbaNMGIjxI4UZ22XkXmEaw,,0,,False,,,,unclassified_missing_dates,False,True,True,True,False,False
UCMbmHvzIC8Y7Fvwf6OaYwhQ,,0,,False,,,,unclassified_missing_dates,False,True,True,True,False,False
UCMcccbJ_sgJSe67cA-Wh3Vw,,1,,,,,,unclassified_missing_dates,False,True,True,True,False,False
UCMchQiX38L3zES3YLMF4vmA,Othmar Karas,1,166,False,2009-05-12T19:48:16Z,2022-10-10T10:48:37Z,,unclassified_missing_dates,False,False,False,True,False,False
UCMervZgqcaOvBjhzG8KFLcg,,0,,False,,,,unclassified_missing_dates,False,True,True,True,False,False
UCMfg-IGVDNXQnF_lPyhvEkA,,0,,False,,,,unclassified_missing_dates,False,True,True,True,False,False
UCMg6G1FkH-_HK42XniRb5bw,,0,,False,,,,unclassified_missing_dates,False,True,True,True,False,False
UCMge67qT4-NcHS7mLUbxODg,2 plus 2 gleich 4,1,361,False,2013-08-22T05:51:30Z,2023-04-01T13:52:13Z,,unclassified_missing_dates,False,False,False,True,False,False
UCMl0JOqqv3BVwpsk2jOBu_A,,0,,False,,,,unclassified_missing_dates,False,True,True,True,False,False
UCMlH553st66qpIFMQJjWSkw,,1,,,,,,unclassified_missing_dates,False,True,True,True,False,False
UCMlKCF1IL1nb0GRF6l8svww,,1,,,,,,unclassified_missing_dates,False,True,True,True,False,False
UCMlQLlSqgUKqKwLHAzmKPrg,NOBODY CHANNEL,1,456,False,2021-02-10T22:16:38Z,2022-10-07T22:00:15Z,,unclassified_missing_dates,False,False,False,True,False,False
UCMn6mBAZXmj7hb7qppX8C2w,,0,,False,,,,unclassified_missing_dates,False,True,True,True,False,False
UCMnGRsnoXThnw9-DyRsiOXw,jott-stories,1,151,False,2015-11-27T19:51:53Z,,,unclassified_missing_dates,False,False,True,True,False,False
UCMo57A2xx9mrSQ5YEDN_jXQ,,0,,False,,,,unclassified_missing_dates,False,True,True,True,False,False
UCMoUuHj36zR-PCMmemOg7bQ,,0,,False,,,,unclassified_missing_dates,False,True,True,True,False,False
UCMod6gZxdA9lnJtVYHJqGjA,SPD Aschaffenburg,1,47,False,2017-04-21T17:42:45Z,2023-10-13T17:45:07Z,,unclassified_missing_dates,False,False,False,True,False,False
UCMohJmEkTY0mGPjblH5MiYg,,0,,False,,,,unclassified_missing_dates,False,True,True,True,False,False
UCMpIezdf8Kwt65_WePD6Glg,,0,,False,,,,unclassified_missing_dates,False,True,True,True,False,False
UCMsiTVqjZfcQGMP1HHW5lVA,,0,,False,,,,unclassified_missing_dates,False,True,True,True,False,False
UCMt48nyzL3GIli1XReZeKJw,,0,,False,,,,unclassified_missing_dates,False,True,True,True,False,False
UCMtyuTqtYyLj_LNtX93C72Q,Jörg Wasow,1,233,False,2021-02-06T17:19:17Z,,,unclassified_missing_dates,False,False,True,True,False,False
UCMuMhqctb_WP5LRSptGLyPw,,0,,False,,,,unclassified_missing_dates,False,True,True,True,False,False
UCMubraNKXZtSaxBFBxJskzw,,1,,,,,,unclassified_missing_dates,False,True,True,True,False,False
UCMveuxAdE6AyLVobK4BWHMw,,0,,False,,,,unclassified_missing_dates,False,True,True,True,False,False
UCMwM7rwIkbchwamoaQ5nYxQ,,0,,False,,,,unclassified_missing_dates,False,True,True,True,False,False
UCMxSWo0Ggkb88qIoAhoAqMw,,1,,,,,,unclassified_missing_dates,False,True,True,True,False,False
UCMx_YRNyqjuNDKebzxl2m3Q,,0,,False,,2023-11-05T14:10:23Z,2023-11-05T14:10:23Z,first_active_after_reference,False,True,False,False,False,False
UCMyGRwh-IMUE9yOOrp6tqJg,,0,,False,,,,unclassified_missing_dates,False,True,True,True,False,False
UCMyREj-bkOnkR4Jd32aJA0Q,,0,,False,,,,unclassified_missing_dates,False,True,True,True,False,False
UCMylXrfbKhXsAjyqLSZDX_A,,1,,,,,,unclassified_missing_dates,False,True,True,True,False,False
UCN046Yj7toBvpivkUZtTTiQ,,1,,,,,,unclassified_missing_dates,False,True,True,True,False,False
UCN0P-rblDOyqpEVw0pPMR0Q,,0,,False,,,,unclassified_missing_dates,False,True,True,True,False,False
UCN1RaDzDef4WgFaCF20YCdg,,0,,False,,2023-11-05T03:00:08Z,,unclassified_missing_dates,False,True,False,True,False,False
UCN3Cbc4fY_PASP4VDI_wGvQ,,0,,False,,,,unclassified_missing_dates,False,True,True,True,False,False
UCN52lzkrbNTGSx5f3UPcf9A,FDP Zermatt,1,0,False,2021-02-10T11:06:08Z,,,unclassified_missing_dates,False,False,True,True,False,False
UCN54oZ20jPyjyOhV3hHNkbQ,,0,,False,,,,unclassified_missing_dates,False,True,True,True,False,False
UCN5dKYAymPG5qS1rUPK2Mtg,,0,,False,,,,unclassified_missing_dates,False,True,True,True,False,False
UCN6jGPejmrTcV1qr2xfSwDA,Grüne Sachsen-Anhalt,1,299,False,2012-07-18T12:53:58Z,2022-12-01T03:28:15Z,,unclassified_missing_dates,False,False,False,True,False,False
UCN71VH99qmsMs5utpzBANFQ,,1,,,,,,unclassified_missing_dates,False,True,True,True,False,False
UCN7b3HDK5TZkFAT2-R18ugg,,0,,False,,,,unclassified_missing_dates,False,True,True,True,False,False
UCN7bDwNWRRwS3qXv6Cozraw,,1,,,,,,unclassified_missing_dates,False,True,True,True,False,False
UCN7cXOTCDFMLoDsaXeMYSKA,,0,,False,,,,unclassified_missing_dates,False,True,True,True,False,False
UCN8Qhz8gB9SnWXJEYRrHctw,Frankfurter Rundschau,1,1770,False,2015-06-24T09:08:48Z,2022-10-10T18:42:48Z,,unclassified_missing_dates,False,False,False,True,False,False
UCN9Uhd5ZoRLD_xoFLevMFEg,,0,,False,,,,unclassified_missing_dates,False,True,True,True,False,False
UCNB3UNG-GryYdOAiuIZR-TQ,,0,,False,,,,unclassified_missing_dates,False,True,True,True,False,False
UCNC8rytL3wRBIUbLXIgKG1g,,0,,False,,,,unclassified_missing_dates,False,True,True,True,False,False
UCND06zC7Pvx4HuKEolX1nqQ,,0,,False,,,,unclassified_missing_dates,False,True,True,True,False,False
UCNE-idRmIyr4yJ72_5iq1Kg,Christin Becker,1,2,False,2019-11-01T11:19:02Z,,,unclassified_missing_dates,False,False,True,True,False,False
UCNEr2xx3wIFmum8mdaqMr8g,,1,,,,,,unclassified_missing_dates,False,True,True,True,False,False
UCNFBe85z3c6KnVzQZknMH2w,,1,,,,,,unclassified_missing_dates,False,True,True,True,False,False
UCNFUeRfzpotOp5EEHOSDhBQ,Telezeitung,1,9,False,2022-08-01T16:43:27Z,2022-08-01T19:46:08Z,,unclassified_missing_dates,False,False,False,True,False,False
UCNGC3UAvb-YuKH6hGa-1duA,AfD RTK,1,666,False,2017-06-07T16:45:41Z,,,unclassified_missing_dates,False,False,True,True,False,False
UCNH8I8ZcobsMYN8CCNkt--A,,0,,False,,,,unclassified_missing_dates,False,True,True,True,False,False
UCNIGzteZ3ZoCSfYDlNQLagw,,1,,,,,,unclassified_missing_dates,False,True,True,True,False,False
UCNIZChQc-XK48Xp-fBWVQkg,,0,,False,,,,unclassified_missing_dates,False,True,True,True,False,False
UCNIpTWkpcAFzX-uT3Fj1PKQ,,0,,False,,,,unclassified_missing_dates,False,True,True,True,False,False
UCNJkM3yXZbfO_YH_yt0bvfA,,0,,False,,,,unclassified_missing_dates,False,True,True,True,False,False
UCNK2fr9Wx8rFdNGx7xo5J-A,BehoerdenSpiegel,1,1630,False,2011-11-30T21:31:13Z,2022-10-13T01:32:39Z,,unclassified_missing_dates,False,False,False,True,False,False
UCNKomgId0-uTA-vVLM9v1pw,,0,,False,,2023-11-14T13:04:14Z,,unclassified_missing_dates,False,True,False,True,False,False
UCNMDitB6P-fhVLGoiTCm2Vw,,1,,,,2023-12-01T18:45:01Z,2023-12-02T18:45:00Z,first_active_after_reference,False,True,False,False,False,False
UCNMmSp_yaXOaatK_q3aMC0w,,1,,,,,,unclassified_missing_dates,False,True,True,True,False,False
UCNOItY02-aPe2EwKRxkKBBg,Sabine Jacobs,1,75,False,2012-04-15T16:08:37Z,2022-11-27T20:24:17Z,,unclassified_missing_dates,False,False,False,True,False,False
UCNOjiHRPgDU51Zt3zsSokuA,,0,,False,,,,unclassified_missing_dates,False,True,True,True,False,False
UCNPhHs3fYcIDv2WRpLi6GsQ,,1,,,,,,unclassified_missing_dates,False,True,True,True,False,False
UCNQ8XtLbnPu2Q3FmGuKqlHA,,0,,False,,,,unclassified_missing_dates,False,True,True,True,False,False
UCNSAm57oqmMVmZo0_-g7wSw,,0,,False,,,,unclassified_missing_dates,False,True,True,True,False,False
UCNSEuC8ev6YxZ7f-7Anwd5A,,1,,,,,,unclassified_missing_dates,False,True,True,True,False,False
UCNUCExxaTI4yi6TlIfKsS6A,,0,,False,,,,unclassified_missing_dates,False,True,True,True,False,False
UCNUZgLl6Zqk6B_O-ZM8hZ5A,,1,,,,,,unclassified_missing_dates,False,True,True,True,False,False
UCNUute8Fhn8paSKmwI3cHYA,,0,,False,,,,unclassified_missing_dates,False,True,True,True,False,False
UCNV5d6YTwZQ28rLYUUYqoow,,0,,False,,,,unclassified_missing_dates,False,True,True,True,False,False
UCNWEIe3nJsj3namtYm5bcfg,,0,,False,,,,unclassified_missing_dates,False,True,True,True,False,False
UCNWHYu4O2EXQEtFvaDBQHhg,,0,,False,,,,unclassified_missing_dates,False,True,True,True,False,False
UCNWj_arln-xpyV5ikf_g7gw,,0,,False,,,,unclassified_missing_dates,False,True,True,True,False,False
UCNWoeH_QgAUXARCZFge3pPA,,0,,False,,,,unclassified_missing_dates,False,True,True,True,False,False
UCNX6kMTlRijF9GZU_73MWMA,,0,,False,,,,unclassified_missing_dates,False,True,True,True,False,False
UCNXBBpo97RCOoTQdQixL6Lw,,0,,False,,,,unclassified_missing_dates,False,True,True,True,False,False
UCNXC0JeGzbjtgUCT6acO7qQ,,0,,False,,,,unclassified_missing_dates,False,True,True,True,False,False
UCNY0IbQsfxqB7I8gl67MbRQ,,0,,False,,,,unclassified_missing_dates,False,True,True,True,False,False
UCNYbtMib8W6HsJ2owazBAlw,,0,,False,,,,unclassified_missing_dates,False,True,True,True,False,False
UCN_8wQKDPRFoZJhKtHXRVjg,,0,,False,,,,unclassified_missing_dates,False,True,True,True,False,False
UCN_XNlPK_MNrz_wSN4aQmsA,,1,,,,2023-12-27T15:49:42Z,2023-12-27T15:49:42Z,first_active_after_reference,False,True,False,False,False,False
UCNa7V5qT94N90n_dey3UeKQ,,0,,False,,,,unclassified_missing_dates,False,True,True,True,False,False
UCNbIDJNNgaRrXOD7VllIMRQ,,0,,False,,,,unclassified_missing_dates,False,True,True,True,False,False
UCNd72OnU2SYxbz6dGDrjp6w,,0,,False,,,,unclassified_missing_dates,False,True,True,True,False,False
UCNdMZxUWPTjtfH-9wNxYDhw,,0,,False,,,,unclassified_missing_dates,False,True,True,True,False,False
UCNf07H8dik9kAxs7-WFR0-g,,0,,False,,,,unclassified_missing_dates,False,True,True,True,False,False
UCNgUKlm-UImjLyLz4QhO5uQ,,1,,,,,,unclassified_missing_dates,False,True,True,True,False,False
UCNh7od81QfbknfMhcjkcN7w,Neues Forum Freiheit,1,115,False,2017-10-10T09:03:57Z,2022-10-21T10:46:19Z,,unclassified_missing_dates,False,False,False,True,False,False
UCNiREYiQ4e1Cr8WZlTTUPmg,,0,,False,,,,unclassified_missing_dates,False,True,True,True,False,False
UCNjBERYFTH8BmhsPaHGXyjQ,,1,,,,2024-01-03T16:01:01Z,2024-01-03T16:01:01Z,first_active_after_reference,False,True,False,False,False,False
UCNjJWhZmFO9_VYfXTCSCnZA,Die Grünen Bürstadt,1,30,False,2021-02-25T19:47:03Z,2025-02-06T17:34:03Z,,unclassified_missing_dates,False,False,False,True,False,False
UCNjSnLrumqKzvUFJwcxp61Q,,0,,False,,,,unclassified_missing_dates,False,True,True,True,False,False
UCNlXeG9nFvXunFLah_Yf1wQ,,0,,False,,,,unclassified_missing_dates,False,True,True,True,False,False
UCNlsayTJl-pdXPSI-bMAzZw,,0,,False,,,,unclassified_missing_dates,False,True,True,True,False,False
UCNmWbFAGpNBrvocQlhxqnuw,,0,,False,,,,unclassified_missing_dates,False,True,True,True,False,False
UCNn4boAwzowzOKg6nPupbLw,,0,,False,,,,unclassified_missing_dates,False,True,True,True,False,False
UCNo7Pku-UMFZzitqEbhNlbw,Die LINKE. Eimsbüttel,1,55,False,2013-09-10T18:40:33Z,2022-11-05T06:25:00Z,,unclassified_missing_dates,False,False,False,True,False,False
UCNoBEuprJntKd1y1mjkMuEw,,0,,False,,,,unclassified_missing_dates,False,True,True,True,False,False
UCNoNmt8_lurVcrPBlLEwhxA,,1,,,,,,unclassified_missing_dates,False,True,True,True,False,False
UCNoU7XUazPTiDNnJbmD8vJQ,,0,,False,,,,unclassified_missing_dates,False,True,True,True,False,False
UCNqFDjYTexJDET3rPDrmJKg,,0,,False,,,,unclassified_missing_dates,False,True,True,True,False,False
UCNqejWe8tuHqjqUcWd5wUrw,,1,,,,,,unclassified_missing_dates,False,True,True,True,False,False
UCNrlnEyqjYJN-fBi0Q-_5HQ,,0,,False,,,,unclassified_missing_dates,False,True,True,True,False,False
UCNsGa8goO2jv0w7p8Z8UFeQ,,1,,,,,,unclassified_missing_dates,False,True,True,True,False,False
UCNt4-Qlyo80Cj66RoE9VDhQ,,1,,,,,,unclassified_missing_dates,False,True,True,True,False,False
UCNtEr7UnziW4zkSkeLWBy2Q,"Christina Weng, MdL",1,17,False,2018-04-27T13:28:42Z,2023-01-26T01:22:19Z,,unclassified_missing_dates,False,False,False,True,False,False
UCNtu3xqS86bTpWL7cHaNKDA,,0,,False,,,,unclassified_missing_dates,False,True,True,True,False,False
UCNvEdYTulR1luiwhOEP9eAA,,1,,,,,,unclassified_missing_dates,False,True,True,True,False,False
UCNvOZdQF1RuoQXIpCOQLXMQ,,0,,False,,,,unclassified_missing_dates,False,True,True,True,False,False
UCNvvE1SR6U_UCnC7McpB_tQ,,0,,False,,,,unclassified_missing_dates,False,True,True,True,False,False
UCNwnZ0hRs7RhV0DTIywsIOQ,,1,,,,,,unclassified_missing_dates,False,True,True,True,False,False
UCNxFIxDPtSC2WJZR5VQ6_bA,,1,,,,,,unclassified_missing_dates,False,True,True,True,False,False
UCNye-wNBqNL5ZzHSJj3l8Bg,,0,,False,,2022-02-28T04:57:58Z,,unclassified_missing_dates,False,True,False,True,False,False
UCNymm6hJ5VTM20DnR-g5F-g,Nach dem Rechten sehen,1,45,False,2020-09-01T13:34:38Z,,,unclassified_missing_dates,False,False,True,True,False,False
UCNzgdkE2SYx1ShmxvazhqAg,,0,,False,,,,unclassified_missing_dates,False,True,True,True,False,False
UCO-o-KtSfdjHdXk-lk46CVA,,0,,False,,,,unclassified_missing_dates,False,True,True,True,False,False
UCO01ytfzgXYy4glnPJm4PPQ,,0,,False,,2022-03-03T02:30:12Z,,unclassified_missing_dates,False,True,False,True,False,False
UCO1HQtMjlHfRyzwzswCXmSA,,0,,False,,,,unclassified_missing_dates,False,True,True,True,False,False
UCO29_3GueloRm1_6p7DGCpw,FDP-Ortsverband Limburgerhof,1,1,False,2021-01-29T18:18:07Z,2024-01-04T18:34:20Z,,unclassified_missing_dates,False,False,False,True,False,False
UCO4u1-frtNZbGpq3pyuMZug,,0,,False,,,,unclassified_missing_dates,False,True,True,True,False,False
UCO5RjzKlyKeK9M3HeCUlu-Q,,1,,,,,,unclassified_missing_dates,False,True,True,True,False,False
UCO5cl8Lwgo3am5KD5ilIBAw,,0,,False,,,,unclassified_missing_dates,False,True,True,True,False,False
UCO5n1KVjRRYgsV80uGgkIrQ,,1,,,,,,unclassified_missing_dates,False,True,True,True,False,False
UCO5zdgUNvnMspuPMkxIsGjg,,0,,False,,,,unclassified_missing_dates,False,True,True,True,False,False
UCO6F7XJbNG9ndHIhYC2Zjdw,FDPSeeheimJugenheim,1,6,False,2011-01-04T13:44:21Z,,,unclassified_missing_dates,False,False,True,True,False,False
UCO6fzKz7Mr3fzJCHip6sklg,,0,,False,,,,unclassified_missing_dates,False,True,True,True,False,False
UCO6i0vrdJ_lfqm8mhGH25Xg,,0,,False,,,,unclassified_missing_dates,False,True,True,True,False,False
UCO8YOsARsfS6IdjKdiGDz3w,,0,,False,,,,unclassified_missing_dates,False,True,True,True,False,False
UCO8lEjkMDGrcsXm5dv6_wIw,,0,,False,,,,unclassified_missing_dates,False,True,True,True,False,False
UCO93YJ2OK0eZgFZ31QNYRFA,KirchenImDorfLassen,1,129,False,2020-09-08T14:03:46Z,2022-10-07T20:45:00Z,,unclassified_missing_dates,False,False,False,True,False,False
UCO9oJS2cMR_SuxIKCUiHbAQ,hase54321,1,2,False,2006-11-30T16:26:36Z,,,unclassified_missing_dates,False,False,True,True,False,False
UCOCTmDhLJ-fxqJmqWodh6yg,,0,,False,,,,unclassified_missing_dates,False,True,True,True,False,False
UCOD5ikW4danDBr98_cwl5VQ,,0,,False,,,,unclassified_missing_dates,False,True,True,True,False,False
UCODgXIYZ9TNrRcE48IUaXxQ,,0,,False,,,,unclassified_missing_dates,False,True,True,True,False,False
UCOGnCKbIueh9GOt64Bf3jEQ,,0,,False,,,,unclassified_missing_dates,False,True,True,True,False,False
UCOHvVAPvJZzvQyUXmUwMN0g,,0,,False,,,,unclassified_missing_dates,False,True,True,True,False,False
UCOHz6Y-z1gAQ_8dZ6cXFkfg,Grüne Grenchen,1,0,False,2021-04-08T04:39:28Z,,,unclassified_missing_dates,False,False,True,True,False,False
UCOJ-pOpb5nXouW6DklYOZ2g,,0,,False,,,,unclassified_missing_dates,False,True,True,True,False,False
UCOJcxMnR10G-_rJtmiwMqDQ,links live,1,155,False,2020-02-11T14:36:07Z,2023-01-18T16:46:40Z,,unclassified_missing_dates,False,False,False,True,False,False
UCOK9p5OCoz_AllC_qQ11XEA,,0,,False,,,,unclassified_missing_dates,False,True,True,True,False,False
UCOKOslAq84DWCIDvRY2DIMg,,1,,,,,,unclassified_missing_dates,False,True,True,True,False,False
UCOLQQKyKZhv3Zp_OHrzCjhw,,0,,False,,,,unclassified_missing_dates,False,True,True,True,False,False
UCOLT1y61t7ZyEWBDUqCo_Sg,,1,,,,,,unclassified_missing_dates,False,True,True,True,False,False
UCOLUC7ZvrpAl4LAZGMkd7xw,,0,,False,,2023-10-30T19:40:26Z,2023-10-30T19:40:26Z,first_active_after_reference,False,True,False,False,False,False
UCOLpiL5y8eTOW20MAuGVydQ,,0,,False,,,,unclassified_missing_dates,False,True,True,True,False,False
UCOMhubKv7QpQTV79k7KVMnw,,0,,False,,,,unclassified_missing_dates,False,True,True,True,False,False
UCONDU8bFSjl17LAsfWyQ3LQ,,1,,,,,,unclassified_missing_dates,False,True,True,True,False,False
UCONjaKWN0VSJbOehvHWhYTw,,0,,False,,,,unclassified_missing_dates,False,True,True,True,False,False
UCOO3OLTQktuTpKemSm2WUzg,,0,,False,,,,unclassified_missing_dates,False,True,True,True,False,False
UCOOhmygob1jWyk92NNvnfEA,,0,,False,,,,unclassified_missing_dates,False,True,True,True,False,False
UCOOlIOsPbD2rzrSyWAf0gBQ,,1,,,,,,unclassified_missing_dates,False,True,True,True,False,False
UCOPLpDzwIBmCdzmj8xgHYhg,Top TikTok Germany,1,224,False,2017-05-20T19:28:10Z,,,unclassified_missing_dates,False,False,True,True,False,False
UCOPk2OciRVemm3CVd8_EJNg,,0,,False,,,,unclassified_missing_dates,False,True,True,True,False,False
UCOQuPrGdP2kOLPTmyrO5BkQ,,1,,,,,,unclassified_missing_dates,False,True,True,True,False,False
UCOSkITu1uTTn0Yr9WLIqoLA,,1,,,,,,unclassified_missing_dates,False,True,True,True,False,False
UCOTyb6e_v9cz2Bu7VzFW7tg,,0,,False,,,,unclassified_missing_dates,False,True,True,True,False,False
UCOUviKPKF5onJXQ8Uplmo9A,,1,,,,,,unclassified_missing_dates,False,True,True,True,False,False
UCOWmA8l9zQzEaZR5xf5V6hQ,,0,,False,,,,unclassified_missing_dates,False,True,True,True,False,False
UCOXRd8tRe6IQ0EZR5s3kr0g,,1,,,,,,unclassified_missing_dates,False,True,True,True,False,False
UCO_cddUqh86wTJ6fmq4zjHg,xT0t0r0x,1,42,False,2020-09-01T18:02:00Z,,,unclassified_missing_dates,False,False,True,True,False,False
UCOb3oy31EIe3g8hWLbhU38A,,0,,False,,,,unclassified_missing_dates,False,True,True,True,False,False
UCObShvHAnXdqVZUmETQK2ew,Walter Küssner,1,11,False,2021-01-11T07:51:39Z,,,unclassified_missing_dates,False,False,True,True,False,False
UCOcYnACohNG86kowaerwOUQ,,0,,False,,,,unclassified_missing_dates,False,True,True,True,False,False
UCOdI2N25FB8C2ypWdU1mcsw,,0,,False,,,,unclassified_missing_dates,False,True,True,True,False,False
UCOdhLClJmYwmru-nAeCM_Qg,,0,,False,,,,unclassified_missing_dates,False,True,True,True,False,False
UCOdlYSVQ8HcqI5nyDQ4qRRg,,0,,False,,,,unclassified_missing_dates,False,True,True,True,False,False
UCOe34WPFPdtQRQlSbd2uUHg,,0,,False,,,,unclassified_missing_dates,False,True,True,True,False,False
UCOe400qLR2YLkY_yLROFZHQ,,0,,False,,,,unclassified_missing_dates,False,True,True,True,False,False
UCOfO6WYaiJjHqilFu08g6Dw,Paschagrill 1,1,7810,False,2021-03-04T23:35:49Z,2022-10-07T08:11:31Z,,unclassified_missing_dates,False,False,False,True,False,False
UCOfSdhsMIEEMNImDlsrji0w,,0,,False,,,,unclassified_missing_dates,False,True,True,True,False,False
UCOgMMymrm2YyOFMK-Dzgh2w,,0,,False,,,,unclassified_missing_dates,False,True,True,True,False,False
UCOgmEbNxkQGPxCmiGDluAIQ,,0,,False,,,,unclassified_missing_dates,False,True,True,True,False,False
UCOh-D6ajgZN7d6gsNtJTp3w,"Niklas Krämer, weitergedacht Anlageberatung",1,11,False,2021-04-16T10:43:57Z,2025-11-24T10:26:55Z,,unclassified_missing_dates,False,False,False,True,False,False
UCOh0cQttv80awNsvOPqTnRQ,,0,,False,,,,unclassified_missing_dates,False,True,True,True,False,False
UCOhBjjIalf1FhmDtZtCX2MQ,,0,,False,,,,unclassified_missing_dates,False,True,True,True,False,False
UCOi4XrjR4H-2J2gi9iuBlpw,Kinder Adenauers,1,6,False,2014-11-24T21:59:57Z,,,unclassified_missing_dates,False,False,True,True,False,False
UCOiQuYC8XSORQOclqy0ED2g,RWTH A,1,0,False,2013-04-09T17:58:04Z,,,unclassified_missing_dates,False,False,True,True,False,False
UCOjjCucmpVcvgvtq-jzsRAA,,0,,False,,,,unclassified_missing_dates,False,True,True,True,False,False
UCOkV7Zb61spc3fKxEWy-Ogw,,0,,False,,,,unclassified_missing_dates,False,True,True,True,False,False
UCOkxhhrifsJQ81KKRoA8LAQ,,0,,False,,,,unclassified_missing_dates,False,True,True,True,False,False
UCOl2qmTlThCnBgCsZKOMW6A,Dr. Marc Jongen MdEP,1,4980,False,2017-12-20T00:00:45Z,2022-10-11T15:45:40Z,,unclassified_missing_dates,False,False,False,True,False,False
UCOnFMyijizB-Gisp7w9WH1w,,0,,False,,,,unclassified_missing_dates,False,True,True,True,False,False
UCOnU9weesO5yez7c-mvu5_Q,,0,,False,,,,unclassified_missing_dates,False,True,True,True,False,False
UCOo9J9WCtyL2MH8Q6COotIA,Thorsten.Otterbach,1,3,False,2021-02-24T00:07:53Z,,,unclassified_missing_dates,False,False,True,True,False,False
UCOoGOlX5-xl416wIVwUtfDg,,1,,,,,,unclassified_missing_dates,False,True,True,True,False,False
UCOpkV0nHXeR6SeIEXPYKKNw,SPD Röthenbach an der Pegnitz,1,1,False,2022-01-13T21:21:55Z,2023-09-27T21:05:41Z,,unclassified_missing_dates,False,False,False,True,False,False
UCOpv4m-dZ9K_sfEUoqNkeOA,,1,,,,,,unclassified_missing_dates,False,True,True,True,False,False
UCOpzni3BbvGjuafBZPuAAXw,,1,,,,,,unclassified_missing_dates,False,True,True,True,False,False
UCOqKO53_8ikr0xasWp_Z02A,,0,,False,,,,unclassified_missing_dates,False,True,True,True,False,False
UCOqNtlt_rqOI7c0Gtmw2yvw,,0,,False,,,,unclassified_missing_dates,False,True,True,True,False,False
UCOqODGR-AoOTkxB74sc1Xyw,,0,,False,,,,unclassified_missing_dates,False,True,True,True,False,False
UCOqYReXYw0jayi-I2FNQ-bw,,0,,False,,,,unclassified_missing_dates,False,True,True,True,False,False
UCOqtMFINW8c95aAsGH0pjMA,,0,,False,,,,unclassified_missing_dates,False,True,True,True,False,False
UCOs1FgFZvRkjs8qpGu-qAyg,,1,,,,2023-11-05T16:26:17Z,,unclassified_missing_dates,False,True,False,True,False,False
UCOw-SwXryhq_mDexU_grpnQ,,0,,False,,,,unclassified_missing_dates,False,True,True,True,False,False
UCOwIVUvA-T8G_RU1u_dgoLQ,,0,,False,,,,unclassified_missing_dates,False,True,True,True,False,False
UCOwdZaRk4fvzR1Uru9LmuWw,Sabine Seibold,1,6360,False,2015-11-26T20:38:22Z,2022-10-31T21:51:22Z,,unclassified_missing_dates,False,False,False,True,False,False
UCOweQuSqv8ML9GX1p3P5Ssg,,1,,,,,,unclassified_missing_dates,False,True,True,True,False,False
UCOx3fPbEVFpLpfHDCD0oTZw,STV1 BadIschl Regionalfernsehen,1,3500,False,2008-12-16T16:07:21Z,2022-10-11T09:24:05Z,,unclassified_missing_dates,False,False,False,True,False,False
UCOxPs9MBuKQIgfINRvdKSrA,,0,,False,,,,unclassified_missing_dates,False,True,True,True,False,False
UCOxRUX-URwCLUn4h2NMnsdw,,0,,False,,,,unclassified_missing_dates,False,True,True,True,False,False
UCOxYpjr1k7oTlX7RydB6wsw,,1,,,,,,unclassified_missing_dates,False,True,True,True,False,False
UCOy4FbTc5SLP3OA_IyfyNxg,,0,,False,,,,unclassified_missing_dates,False,True,True,True,False,False
UCOy9HaYGWlU9tos_vqOmNxw,,0,,False,,2023-11-07T12:15:24Z,2023-11-07T12:15:24Z,first_active_after_reference,False,True,False,False,False,False
UCOyFfuhZFGWFpgJpGEgCCFw,,0,,False,,,,unclassified_missing_dates,False,True,True,True,False,False
UCOyIO5Q2mL58DX5t22XKTDA,,0,,False,,,,unclassified_missing_dates,False,True,True,True,False,False
UCOz1mSiW54_JIDh0459LzXQ,,1,,,,,,unclassified_missing_dates,False,True,True,True,False,False
UCOzdOjF9uoCHHTzyaDHwTqA,,1,,,,,,unclassified_missing_dates,False,True,True,True,False,False
UCP-8vv7e-xmL6VhcCR2pS2Q,vbw Die Wohnungswirtschaft Baden-Württemberg,1,32,False,2020-07-13T10:35:15Z,2023-03-09T12:33:31Z,,unclassified_missing_dates,False,False,False,True,False,False
UCP07M6S4x8n1tazjGxn-8fQ,,0,,False,,,,unclassified_missing_dates,False,True,True,True,False,False
UCP0H9BnPpGthOdRa3BQuSrg,,1,,,,,,unclassified_missing_dates,False,True,True,True,False,False
UCP0XmDmXy7NHd0BTjifBEDg,,0,,False,,,,unclassified_missing_dates,False,True,True,True,False,False
UCP2ZsN9nsBmiSeJvUsixqAA,,1,,,,,,unclassified_missing_dates,False,True,True,True,False,False
UCP2obGTp0GTEJ43qF4txxKQ,,0,,False,,,,unclassified_missing_dates,False,True,True,True,False,False
UCP3GrIbET3d6bSZeTKMv1UA,,0,,False,,,,unclassified_missing_dates,False,True,True,True,False,False
UCP3SiN95Jhi1wBZ3Fk9KU6Q,,0,,False,,,,unclassified_missing_dates,False,True,True,True,False,False
UCP4bVpv8SXyzVCeU8H_Wy3A,RedDaniel8,1,428,False,2011-04-04T21:57:45Z,,,unclassified_missing_dates,False,False,True,True,False,False
UCP52ZBU4BkGEGpVJVjfnAZw,,0,,False,,,,unclassified_missing_dates,False,True,True,True,False,False
UCP6IIAKACRiJuWTJdOYex9w,,0,,False,,,,unclassified_missing_dates,False,True,True,True,False,False
UCP7PGxgzRCAAMeYly9zrVBQ,,1,,,,,,unclassified_missing_dates,False,True,True,True,False,False
UCP8qfjCNETR2Zk_T7t_aN4w,,0,,False,,2023-12-04T15:55:32Z,,unclassified_missing_dates,False,True,False,True,False,False
UCP8qhQbDXq33kmui-XLIPtg,,0,,False,,,,unclassified_missing_dates,False,True,True,True,False,False
UCP9H7h8cPOBZ4t-gyGJk2ng,Deutsche Freiheit,1,3460,False,2019-04-12T18:48:57Z,2022-10-10T18:01:42Z,,unclassified_missing_dates,False,False,False,True,False,False
UCP9RomjaHWhoYjhkoxj_fHg,,0,,False,,,,unclassified_missing_dates,False,True,True,True,False,False
UCP9aQ583AOp2tsLf7fwK86Q,,0,,False,,,,unclassified_missing_dates,False,True,True,True,False,False
UCPAn6HIHVp44aoiqnKZ1p-g,Bedingungsloses Grundeinkommen SHORTS,1,1,False,2022-03-04T08:51:24Z,,,unclassified_missing_dates,False,False,True,True,False,False
UCPBbyDGhlFDsXZ1uwEgPTTg,,0,,False,,,,unclassified_missing_dates,False,True,True,True,False,False
UCPCpeM0e5CfNojRU_ELC27Q,Die Linke GV,1,2,False,2017-07-07T07:29:06Z,,,unclassified_missing_dates,False,False,True,True,False,False
UCPFwG-j7Rdzf0qVm0BTNQyA,,0,,False,,,,unclassified_missing_dates,False,True,True,True,False,False
UCPG89CGABPBzRdPE7_izOsg,,0,,False,,,,unclassified_missing_dates,False,True,True,True,False,False
UCPGa5cPN1H84XZuTCPWoQ9Q,,0,,False,,,,unclassified_missing_dates,False,True,True,True,False,False
UCPHs3eZBGoj_nP2YyTflLcw,,0,,False,,,,unclassified_missing_dates,False,True,True,True,False,False
UCPHwE766kfHciiwoK6ecPJw,,0,,False,,,,unclassified_missing_dates,False,True,True,True,False,False
UCPI4CNYRha9pec9IhPHskxQ,,0,,False,,,,unclassified_missing_dates,False,True,True,True,False,False
UCPIfruO246xLllS-ECNwQbw,dielinkends,1,657,False,2012-11-14T11:13:00Z,2023-09-28T18:31:44Z,,unclassified_missing_dates,False,False,False,True,False,False
UCPJOmsUjf5eH_3xRBYMW6Vg,,0,,False,,,,unclassified_missing_dates,False,True,True,True,False,False
UCPJfekEqE51U9byGvAj1knw,,0,,False,,,,unclassified_missing_dates,False,True,True,True,False,False
UCPLBxzXSF_8mRTLrRXdNRFw,Mathias Stein - Kieler Sozialdemokrat im Bundestag,1,9,False,2020-12-17T15:06:49Z,,,unclassified_missing_dates,False,False,True,True,False,False
UCPM9qtqUDducVGHiuWc_rYQ,,0,,False,,,,unclassified_missing_dates,False,True,True,True,False,False
UCPMKFh4fne6vzQVXktiqLew,,0,,False,,,,unclassified_missing_dates,False,True,True,True,False,False
UCPQ8YGHIQkG8IZ1hsvhrjzQ,,0,,False,,,,unclassified_missing_dates,False,True,True,True,False,False
UCPQbPDtEiwtIBQO5ofkfMKw,,0,,False,,,,unclassified_missing_dates,False,True,True,True,False,False
UCPRb60vf6SdMoQBHQk2Blfw,,1,,,,2023-10-08T17:53:03Z,,unclassified_missing_dates,False,True,False,True,False,False
UCPSC1q66OwoK6PcLHv0_jCw,Kopf Stein Pflaster,1,396,False,2011-01-01T01:31:21Z,2024-05-21T19:57:45Z,,unclassified_missing_dates,False,False,False,True,False,False
UCPSnoQGh0xoyGxnDbto-UJg,Wahrheitsfinder (Wahrheitsfinder),1,1270,False,2014-06-12T13:49:17Z,,,unclassified_missing_dates,False,False,True,True,False,False
UCPVpF7sZFbA1EAq33S9WtCw,,0,,False,,,,unclassified_missing_dates,False,True,True,True,False,False
UCPW70o2pkap9_fMzwBGKe-A,,1,,,,,,unclassified_missing_dates,False,True,True,True,False,False
UCPXSz8Koc7us525-eVjtbvA,,0,,False,,,,unclassified_missing_dates,False,True,True,True,False,False
UCPYAkdZgPzGcj-7qO3lBKpA,Careful Number,1,1,False,2013-01-19T21:43:45Z,,,unclassified_missing_dates,False,False,True,True,False,False
UCPZkHcfzGOJlAsOh8en4U0A,,0,,False,,,,unclassified_missing_dates,False,True,True,True,False,False
UCP_H5QE_nmV3kK4vK1hZCFw,,0,,False,,2023-10-30T21:08:34Z,,unclassified_missing_dates,False,True,False,True,False,False
UCP__hmWC88wNmnE2CdVV8LQ,Hèctor Xaubet,1,367,False,2011-11-07T17:41:33Z,2023-01-08T17:57:24Z,,unclassified_missing_dates,False,False,False,True,False,False
UCPapPp-4pL53fqOhvo4_EyA,,0,,False,,,,unclassified_missing_dates,False,True,True,True,False,False
UCPcQ4Llo_7LiiPOn-GkHCZw,,1,,,,,,unclassified_missing_dates,False,True,True,True,False,False
UCPd10BFRj4ENwjZ8ppEoViw,,0,,False,,,,unclassified_missing_dates,False,True,True,True,False,False
UCPdSP3U6mxZ9G9Llne_8Dgg,,1,,,,,,unclassified_missing_dates,False,True,True,True,False,False
UCPdVrj_bFepsWCCA5xhEjkg,,0,,False,,,,unclassified_missing_dates,False,True,True,True,False,False
UCPdvpVQ4lxK5gQQsP5NdEEg,GrueneHungen,1,31,False,2021-01-12T12:56:12Z,2026-02-07T12:00:58Z,,unclassified_missing_dates,False,False,False,True,False,False
UCPf2uKLZ05sp_Wl83Tyg0wg,,1,,,,,,unclassified_missing_dates,False,True,True,True,False,False
UCPf3O5khpAAiAelXn_7sOkA,TWO SWAG / GAMES,1,283,False,2016-09-27T13:29:37Z,2022-11-04T11:40:25Z,,unclassified_missing_dates,False,False,False,True,False,False
UCPfFXhCgc6cciu3aYm-9AdA,,0,,False,,2023-10-22T09:34:49Z,,unclassified_missing_dates,False,True,False,True,False,False
UCPfjxMc2KeVXpyopHkdjqUQ,,1,,,,,,unclassified_missing_dates,False,True,True,True,False,False
UCPgmMuJyH68-7tcn-cWa6GA,,0,,False,,,,unclassified_missing_dates,False,True,True,True,False,False
UCPhlTjBje13z5_M4HxutCXw,,0,,False,,,,unclassified_missing_dates,False,True,True,True,False,False
UCPhxD1C5LMT_KYATLRwB5lQ,,0,,False,,,,unclassified_missing_dates,False,True,True,True,False,False
UCPk8I2T3FeEEQFDzoAR2N8A,,0,,False,,,,unclassified_missing_dates,False,True,True,True,False,False
UCPkFlHQu-B63FlyQGKbzUPg,GEW M-V,1,89,False,2010-03-06T14:19:45Z,2023-11-23T21:16:37Z,,unclassified_missing_dates,False,False,False,True,False,False
UCPlTDBgxH_RoQf1WXbHMXIw,,0,,False,,,,unclassified_missing_dates,False,True,True,True,False,False
UCPmMobx-hIlRyfKqolHHfcg,,0,,False,,,,unclassified_missing_dates,False,True,True,True,False,False
UCPmPjXoG16DHfjcOI34LC0A,,0,,False,,,,unclassified_missing_dates,False,True,True,True,False,False
UCPmqy7ttgOyU6mnd0n0Ta6g,,0,,False,,,,unclassified_missing_dates,False,True,True,True,False,False
UCPnIbdsxldlE_zXUXeNv0hg,Easy Listening Nothelle,1,1820,False,2011-11-05T20:11:12Z,2023-09-10T15:49:44Z,,unclassified_missing_dates,False,False,False,True,False,False
UCPnQ33kuQ0k-kyZksrpEvqA,,1,,,,,,unclassified_missing_dates,False,True,True,True,False,False
UCPnYjLM_m6XLXO3MuuAH8mA,,0,,False,,,,unclassified_missing_dates,False,True,True,True,False,False
UCPo0Bfn-yqahfY71OqN4axg,,0,,False,,,,unclassified_missing_dates,False,True,True,True,False,False
UCPo5AYOFlemUd6jZFzZolsQ,,1,,,,,,unclassified_missing_dates,False,True,True,True,False,False
UCPoynFhg40gOq6AYI0R0skw,,0,,False,,2023-11-11T12:45:17Z,,unclassified_missing_dates,False,True,False,True,False,False
UCPp3GkpInEyQoiCs9uwOTpA,,0,,False,,,,unclassified_missing_dates,False,True,True,True,False,False
UCPqLKqZwKkMe97lJr9AiMJA,,0,,False,,,,unclassified_missing_dates,False,True,True,True,False,False
UCPqj72hPKJuUzL-p0qqcXtQ,,0,,False,,,,unclassified_missing_dates,False,True,True,True,False,False
UCPslepc-7JLO-_p1RX-ju-w,,1,,,,,,unclassified_missing_dates,False,True,True,True,False,False
UCPtkVZUd2YxZhjwNPP37XmQ,,1,,,,,,unclassified_missing_dates,False,True,True,True,False,False
UCPu-ARoBqbRalVzHqVMk5Gw,Politik Plaudereien,1,33,False,2021-11-26T21:52:18Z,,,unclassified_missing_dates,False,False,True,True,False,False
UCPvubm5-AOJj290A7xejsKQ,,1,,,,,,unclassified_missing_dates,False,True,True,True,False,False
UCPx0YE89uB-1VMBLthKpcEg,,0,,False,,,,unclassified_missing_dates,False,True,True,True,False,False
UCPxkmuKMiDUcOLqoXdvrW7g,,0,,False,,,,unclassified_missing_dates,False,True,True,True,False,False
UCPz-17miM6rqBMDnr_KDpaQ,,0,,False,,,,unclassified_missing_dates,False,True,True,True,False,False
UCQ--tG_5UXCeZyZHesejeZQ,KJR Pfaffenhofen,1,4,False,2020-07-27T08:09:27Z,,,unclassified_missing_dates,False,False,True,True,False,False
UCQ-PMt5UgHLMpLhqsfLHnPg,,1,,,,,,unclassified_missing_dates,False,True,True,True,False,False
UCQ-c6qXqlo_zJEKTp196GIA,,0,,False,,,,unclassified_missing_dates,False,True,True,True,False,False
UCQ0-xuXH-_hmLa1lcUmcdBQ,,0,,False,,,,unclassified_missing_dates,False,True,True,True,False,False
UCQ1hO0KgzUg8bhRABO-4x-A,,0,,False,,2023-10-09T06:25:33Z,2023-10-09T06:25:33Z,first_active_after_reference,False,True,False,False,False,False
UCQ1rUaHwsoFJuuwM6XYuEYQ,,1,,,,,,unclassified_missing_dates,False,True,True,True,False,False
UCQ2Bv7RhL3rC3iTjla1eYIA,,1,,,,2023-10-19T23:09:23Z,2023-12-13T11:55:17Z,first_active_after_reference,False,True,False,False,False,False
UCQ2Kqs9sU_Ij2fUD8j0B4HA,,0,,False,,,,unclassified_missing_dates,False,True,True,True,False,False
UCQ2gJllwEoc6vkdxWU2yWrg,,0,,False,,,,unclassified_missing_dates,False,True,True,True,False,False
UCQ2z0V6dmccnI5SzZqprXKQ,,0,,False,,,,unclassified_missing_dates,False,True,True,True,False,False
UCQ4L3cwgNatp0hJPTYUVgOg,,0,,False,,,,unclassified_missing_dates,False,True,True,True,False,False
UCQ5Jz7_dr4gZMKepcDUrwZg,,0,,False,,,,unclassified_missing_dates,False,True,True,True,False,False
UCQ65arbNMcGeDRH0MMrLrXQ,,0,,False,,,,unclassified_missing_dates,False,True,True,True,False,False
UCQ6ZqvUkN3WQ801RuR2piPw,,1,,,,,,unclassified_missing_dates,False,True,True,True,False,False
UCQ71uMa_D22Q6bnvmoajJCw,,1,,,,,,unclassified_missing_dates,False,True,True,True,False,False
UCQ88ZOFQFW_qp7KoTtyE2BQ,RuhrSPD,1,11,False,2020-06-15T11:37:13Z,,,unclassified_missing_dates,False,False,True,True,False,False
UCQ8GKt_ce5rY7xf2LG09K9Q,,1,,,,,,unclassified_missing_dates,False,True,True,True,False,False
UCQ9V9YI1_Lfx4xrB1SrEs1Q,Gesocksbremse,1,204,False,2011-10-10T16:24:41Z,2023-03-06T12:01:13Z,,unclassified_missing_dates,False,False,False,True,False,False
UCQ9mhX84jlKcLggyqPsVyLg,,1,,,,,,unclassified_missing_dates,False,True,True,True,False,False
UCQAh-9kD31OUuZQQ8YA4Z-Q,,1,,,,,,unclassified_missing_dates,False,True,True,True,False,False
UCQBMgrUya614ESyMmJF7wOA,Stadt Weinheim,1,636,False,2012-03-12T11:36:19Z,2022-12-22T08:42:27Z,,unclassified_missing_dates,False,False,False,True,False,False
UCQDrVcZGRE9H37iFx2L3KNA,Stefan Mersch,1,1,False,2014-06-08T11:48:23Z,,,unclassified_missing_dates,False,False,True,True,False,False
UCQDv1tbjhbH4XtryoW6EF-Q,,1,,,,,,unclassified_missing_dates,False,True,True,True,False,False
UCQEJiv-GpY7GfvsxW7w1Reg,,0,,False,,,,unclassified_missing_dates,False,True,True,True,False,False
UCQFz7daM82zNS4p-Mnz4lsA,,1,,,,,,unclassified_missing_dates,False,True,True,True,False,False
UCQICRZ34XGkOfIk6FBazAsw,,0,,False,,,,unclassified_missing_dates,False,True,True,True,False,False
UCQIm-hGvJSoWMn8YqVRMObg,,0,,False,,,,unclassified_missing_dates,False,True,True,True,False,False
UCQJbb_uQLAHYiu0VI9bmSPw,,0,,False,,,,unclassified_missing_dates,False,True,True,True,False,False
UCQJdqeyR4z47BZhJfCpP8Tg,,1,,,,,,unclassified_missing_dates,False,True,True,True,False,False
UCQKRxgOpGQvP_VdScKRq93g,,0,,False,,2023-11-19T18:15:16Z,,unclassified_missing_dates,False,True,False,True,False,False
UCQKrhkCQfmCE4kTongyd2jg,,1,,,,2023-10-16T18:00:15Z,,unclassified_missing_dates,False,True,False,True,False,False
UCQLJc8OVBEXfcRNIT9BwRHw,,0,,False,,,,unclassified_missing_dates,False,True,True,True,False,False
UCQLu-TkMr2oOmHdNgU3jKPg,,0,,False,,,,unclassified_missing_dates,False,True,True,True,False,False
UCQMFpac37T75FBfNZ0VL8dw,,0,,False,,,,unclassified_missing_dates,False,True,True,True,False,False
UCQMYm-ojlEjVKgR73f4j-bw,SPD Mannheim,1,32,False,2021-02-09T16:03:07Z,,,unclassified_missing_dates,False,False,True,True,False,False
UCQMf6T-Nzj-srLVDmEepC2w,,1,,,,,,unclassified_missing_dates,False,True,True,True,False,False
UCQNpBxUWya0LgJAbBiX997Q,,0,,False,,,,unclassified_missing_dates,False,True,True,True,False,False
UCQQL_R6_FiQG-E3mdDs3MbQ,,1,,,,,,unclassified_missing_dates,False,True,True,True,False,False
UCQR-h-oMfbw8ADuN_9ByDYQ,,0,,False,,,,unclassified_missing_dates,False,True,True,True,False,False
UCQS6ms6gyp4JPl8sNfM07TQ,,0,,False,,,,unclassified_missing_dates,False,True,True,True,False,False
UCQSGD8ONsHjPvykhvnoOhEA,NACOA Deutschland,1,624,False,2018-02-21T08:44:52Z,2022-12-04T07:12:16Z,,unclassified_missing_dates,False,False,False,True,False,False
UCQSfTbCloqggS9WlZ20DPyQ,,0,,False,,2023-11-25T20:53:26Z,2023-12-07T17:30:11Z,first_active_after_reference,False,True,False,False,False,False
UCQT8f35D8_8XvVUmXJx8zWA,DIE LINKE.Wuppertal TV,1,33,False,2020-11-09T19:07:33Z,,,unclassified_missing_dates,False,False,True,True,False,False
UCQTbo0jFdMd0lCPLDhgW9Ow,,0,,False,,,,unclassified_missing_dates,False,True,True,True,False,False
UCQTfu2KVHDO_VDciVeOvYGA,,1,,,,,,unclassified_missing_dates,False,True,True,True,False,False
UCQU4lxdCduLFNNn8pV76dWA,,0,,False,,,,unclassified_missing_dates,False,True,True,True,False,False
UCQUGQyBhYtptZdCJyNk_R5Q,,0,,False,,,,unclassified_missing_dates,False,True,True,True,False,False
UCQUdFCJiW_XWFGP2n6STudQ,,1,,,,,,unclassified_missing_dates,False,True,True,True,False,False
UCQX05USSwpKauA4SXDc89uQ,,0,,False,,,,unclassified_missing_dates,False,True,True,True,False,False
UCQXseaiVEMjS1KbYvkmHChA,,0,,False,,,,unclassified_missing_dates,False,True,True,True,False,False
UCQYIxdYmzL8JLZf-4Td60zQ,,0,,False,,,,unclassified_missing_dates,False,True,True,True,False,False
UCQZaECXxTueRvGLVTKgaymQ,,0,,False,,,,unclassified_missing_dates,False,True,True,True,False,False
UCQZxTPgKj59i3JMKYBcBMPg,,1,,,,,,unclassified_missing_dates,False,True,True,True,False,False
UCQ_TMcNSJyO8qnQ7tJZZiSw,Holger Reich - politisch unterwegs,1,2,False,2019-09-06T07:52:12Z,2022-10-29T16:51:07Z,,unclassified_missing_dates,False,False,False,True,False,False
UCQbkni3qPLL7M2BfQo_cqxw,,0,,False,,,,unclassified_missing_dates,False,True,True,True,False,False
UCQdlcaOoozDuCWG16XIn0Rw,,0,,False,,,,unclassified_missing_dates,False,True,True,True,False,False
UCQdudtUJl2ls_PaIobm4W7Q,,0,,False,,,,unclassified_missing_dates,False,True,True,True,False,False
UCQfwfsi5VrQ8yKZ-UWmAEFg,,0,,False,,2022-03-08T10:55:37Z,,unclassified_missing_dates,False,True,False,True,False,False
UCQgh6awVEkitD_P_xTvR9DQ,,0,,False,,,,unclassified_missing_dates,False,True,True,True,False,False
UCQgi3rogTcnSJXWL4STtnLg,Christian Springer,1,1190,False,2014-04-14T11:19:28Z,2023-04-23T09:52:23Z,,unclassified_missing_dates,False,False,False,True,False,False
UCQhWo896NSSR3eqbhq4KlAw,Mati Werner (Liebe im Sinn),1,23,False,2015-04-27T06:59:38Z,,,unclassified_missing_dates,False,False,True,True,False,False
UCQiwv49KX8cEKT5AfQmF4yg,,1,,,,,,unclassified_missing_dates,False,True,True,True,False,False
UCQjN2YkU76xYUUQniIo0uDg,Rudger,1,100,False,2021-02-12T15:18:38Z,2022-10-13T09:58:05Z,,unclassified_missing_dates,False,False,False,True,False,False
UCQjVv0mgRVntMNHbCNHy4cw,,0,,False,,,,unclassified_missing_dates,False,True,True,True,False,False
UCQjaBAEkGw2RdYEE7tI2mWg,Heinrich Böll Stiftung Baden-Württemberg,1,395,False,2014-12-15T10:16:13Z,2022-12-01T13:30:30Z,,unclassified_missing_dates,False,False,False,True,False,False
UCQlVXGRH0X8u2njaSTSxdNQ,,0,,False,,,,unclassified_missing_dates,False,True,True,True,False,False
UCQlyKCNq6v_3-9Zfw-uI2nw,,0,,False,,,,unclassified_missing_dates,False,True,True,True,False,False
UCQnyZIFR0kfwGSaMdu56Ldw,,0,,False,,,,unclassified_missing_dates,False,True,True,True,False,False
UCQo6evcnzTD78yDxQ65JOMQ,,0,,False,,,,unclassified_missing_dates,False,True,True,True,False,False
UCQpYYUcJGVgERtFH8uj6_SQ,SPD Sachsen-Anhalt,1,214,False,2018-03-26T07:00:43Z,2024-10-18T18:38:29Z,,unclassified_missing_dates,False,False,False,True,False,False
UCQqPBuApWOPiwg0uVjF7Vwg,Worldwide Day of Genital Autonomy,1,137,False,2021-08-31T17:39:07Z,2023-04-24T14:47:48Z,,unclassified_missing_dates,False,False,False,True,False,False
UCQqreAASg_IfRYMEqKQpxzA,,0,,False,,,,unclassified_missing_dates,False,True,True,True,False,False
UCQr96wf0HXNLlWQLtvFEbQw,,1,,,,,,unclassified_missing_dates,False,True,True,True,False,False
UCQsO0vkkvOnWoXb2Fy_wUyg,,0,,False,,,,unclassified_missing_dates,False,True,True,True,False,False
UCQuDtl3VbCwY2ATIF9XNoVw,,0,,False,,,,unclassified_missing_dates,False,True,True,True,False,False
UCQuE_ZVJLVZITCqbqNVXfLA,GRÜNE Kreis Mettmann,1,23,False,2020-04-22T08:17:14Z,,,unclassified_missing_dates,False,False,True,True,False,False
UCQuQ9jl8AM-3CPFSBlOws6Q,,0,,False,,,,unclassified_missing_dates,False,True,True,True,False,False
UCQuYy98LSsBAQT657PWWjdg,,0,,False,,,,unclassified_missing_dates,False,True,True,True,False,False
UCQua9KM62Zee15voZW2qlcw,,0,,False,,,,unclassified_missing_dates,False,True,True,True,False,False
UCQvkzBqVqxLpt_eaNKx-SOw,,0,,False,,,,unclassified_missing_dates,False,True,True,True,False,False
UCQwk8f3oFeiP6s-KkZq8Fhg,,0,,False,,,,unclassified_missing_dates,False,True,True,True,False,False
UCQxIuva8KFnLwqYWe2KTIWQ,,0,,False,,,,unclassified_missing_dates,False,True,True,True,False,False
UCQxN36bVLYrjhWJVHP-S-XA,,0,,False,,,,unclassified_missing_dates,False,True,True,True,False,False
UCR-CGPBiJ5xlQPe7uILUNEg,,0,,False,,,,unclassified_missing_dates,False,True,True,True,False,False
UCR-RQnAG9QAEmBDkrRlzY7w,,1,,,,,,unclassified_missing_dates,False,True,True,True,False,False
UCR02Uzg5Jdy67HJPTVV6WTw,,0,,False,,,,unclassified_missing_dates,False,True,True,True,False,False
UCR04b68_-aAs86IuLeIYS9A,,0,,False,,2023-10-21T15:18:21Z,2023-10-21T15:18:21Z,first_active_after_reference,False,True,False,False,False,False
UCR0vWXcBhNdV5PX-6q2gQlQ,,1,,,,,,unclassified_missing_dates,False,True,True,True,False,False
UCR1Bel6F5n1xv7ZoCibmqkw,,1,,,,,,unclassified_missing_dates,False,True,True,True,False,False
UCR22UvnSiVDlT8Uw5PfejRg,,0,,False,,,,unclassified_missing_dates,False,True,True,True,False,False
UCR3mtfZUcR7YdCyvZinlNZQ,,0,,False,,,,unclassified_missing_dates,False,True,True,True,False,False
UCR5dygFM0VRFO-MuiyR290g,,1,,,,,,unclassified_missing_dates,False,True,True,True,False,False
UCR64xdGMRNOUfm0fnndLoIg,studiopst,1,612,False,2008-05-24T20:37:36Z,2023-01-17T15:46:31Z,,unclassified_missing_dates,False,False,False,True,False,False
UCR6YsjWKr5O53WuHnlMfLiw,,0,,False,,2023-10-21T20:20:30Z,,unclassified_missing_dates,False,True,False,True,False,False
UCR7hsgxcJAdgxztFhdySpLA,,0,,False,,,,unclassified_missing_dates,False,True,True,True,False,False
UCR7mOYsPPO3orK5ucOGNB5Q,,0,,False,,,,unclassified_missing_dates,False,True,True,True,False,False
UCRAfDLubuc6nqIJa6nKqbfQ,Der Paritätische Gesamtverband,1,3330,False,2010-11-16T10:14:47Z,2022-10-12T18:49:17Z,,unclassified_missing_dates,False,False,False,True,False,False
UCRBL9vXcq4OTastPco39TCA,,1,,,,,,unclassified_missing_dates,False,True,True,True,False,False
UCRC-qUg1zukOX3I0ibrDM2w,Max Zander,1,1340,False,2013-09-12T17:49:32Z,2022-11-06T09:31:30Z,,unclassified_missing_dates,False,False,False,True,False,False
UCRD72BqMk3Ow-PB-hMMm8LA,,0,,False,,,,unclassified_missing_dates,False,True,True,True,False,False
UCRDcepfGURxV30LVu9D6sIw,Branchenverband Cannabiswirtschaft e.V. (BvCW),1,743,False,2021-09-08T10:19:29Z,2022-10-08T15:57:17Z,,unclassified_missing_dates,False,False,False,True,False,False
UCREHnypfe5AHc-CB-MyooEw,,0,,False,,,,unclassified_missing_dates,False,True,True,True,False,False
UCRFXoRTEvgIC50geYkRF72g,,0,,False,,,,unclassified_missing_dates,False,True,True,True,False,False
UCRFYcjzOZ0ZcXc1bYf8GPqQ,,0,,False,,,,unclassified_missing_dates,False,True,True,True,False,False
UCRH4JmnrlD6VP-mUnNYA7aA,LangLese,1,21,False,2021-05-06T18:27:50Z,,,unclassified_missing_dates,False,False,True,True,False,False
UCRICPVfSI7lLYCBwFjDuDeA,,1,,,,,,unclassified_missing_dates,False,True,True,True,False,False
UCRIF8GYU75Ac72MsHLgaE-w,DIE LINKE.Uckermark,1,20,False,2021-03-04T15:39:11Z,,,unclassified_missing_dates,False,False,True,True,False,False
UCRJ7RAy0w72yBtC4BP_AKHg,,0,,False,,,,unclassified_missing_dates,False,True,True,True,False,False
UCRJBfbenGSx3Kc5x8A5iQ2g,,1,,,,,,unclassified_missing_dates,False,True,True,True,False,False
UCRJYG5Glqf7oWIB3Utu-big,,0,,False,,,,unclassified_missing_dates,False,True,True,True,False,False
UCRNKJIB7tjGOUZFXtMXExVQ,,0,,False,,,,unclassified_missing_dates,False,True,True,True,False,False
UCROV17WqN8Xpxk1ca5gXUwA,,0,,False,,,,unclassified_missing_dates,False,True,True,True,False,False
UCRPDvvT5KfZYIR79qY10hRA,,1,,,,,,unclassified_missing_dates,False,True,True,True,False,False
UCRQU8hIgayxwGNbeGOOuoLg,Axid,1,21,False,2013-06-26T12:50:17Z,,,unclassified_missing_dates,False,False,True,True,False,False
UCRQW_9R1A-hNbz6gXcqT6IA,,0,,False,,,,unclassified_missing_dates,False,True,True,True,False,False
UCRSWddkqzLPQgNhYVk1b8Nw,SPD-Bezirk Hessen-Süd,1,386,False,2019-05-06T11:21:17Z,2022-10-11T10:34:07Z,,unclassified_missing_dates,False,False,False,True,False,False
UCRTSLt2XGzbahmPJUfU8KSg,,1,,,,,,unclassified_missing_dates,False,True,True,True,False,False
UCRTqhiN8kcGQyvhkrZbT6bA,,0,,False,,,,unclassified_missing_dates,False,True,True,True,False,False
UCRUqUCN1IxIc6GVEBZIGcCw,,0,,False,,,,unclassified_missing_dates,False,True,True,True,False,False
UCRUwc7q-faqbet1VFKCaXgA,,1,,,,,,unclassified_missing_dates,False,True,True,True,False,False
UCRV21U3ZlhvTX4UvMC6_XpA,,1,,,,,,unclassified_missing_dates,False,True,True,True,False,False
UCRXQisf9sMULcTLTR9iQDRQ,,1,,,,,,unclassified_missing_dates,False,True,True,True,False,False
UCRXt6VIXt8fXDwW1IQZ6qIQ,Silbentrenner,1,48,False,2007-12-16T18:15:09Z,2023-01-06T17:00:10Z,,unclassified_missing_dates,False,False,False,True,False,False
UCRYbd4c2iGtaOR3D0kXtM_Q,Law Enforcement Against Prohibition (LEAP) Deutschland,1,2240,False,2015-12-15T15:30:22Z,2022-11-23T23:15:01Z,,unclassified_missing_dates,False,False,False,True,False,False
UCRYq6a7ZDO9rNLMd6EQBNog,SPD Essen,1,85,False,2019-02-02T12:41:02Z,2022-12-05T17:44:46Z,,unclassified_missing_dates,False,False,False,True,False,False
UCRZmTDkpqxE8DKtMVVjWavQ,,0,,False,,,,unclassified_missing_dates,False,True,True,True,False,False
UCRZo0EWm0q9RX-lDaMHVRog,,1,,,,,,unclassified_missing_dates,False,True,True,True,False,False
UCRZvalI9rGoyqwAKFKxGvng,,0,,False,,,,unclassified_missing_dates,False,True,True,True,False,False
UCR_QwP352r7NQ-SZEnEEWdw,,0,,False,,,,unclassified_missing_dates,False,True,True,True,False,False
UCRa_cp4_WI8ayjeYV1ZskMQ,Dennis Berger,1,5,False,2020-09-27T11:47:41Z,,,unclassified_missing_dates,False,False,True,True,False,False
UCRb5Y_E0GRrWLVuMYeIYF7Q,,0,,False,,,,unclassified_missing_dates,False,True,True,True,False,False
UCRdcRgcHb9xvvZ5CdOC5PmA,,1,,,,,,unclassified_missing_dates,False,True,True,True,False,False
UCRdr4GAqh1XYF16v22O1AOA,,0,,False,,,,unclassified_missing_dates,False,True,True,True,False,False
UCRgEl2flQt9OG3kpdPV8XOg,,1,,,,,,unclassified_missing_dates,False,True,True,True,False,False
UCRggZaTcJJ_lmG59lU9Bayw,,1,,,,,,unclassified_missing_dates,False,True,True,True,False,False
UCRhCLjPGVo1ZlpsU94xu-8g,,1,,,,,,unclassified_missing_dates,False,True,True,True,False,False
UCRi46OiLnvHN0K28q00CkFQ,,1,,,,,,unclassified_missing_dates,False,True,True,True,False,False
UCRisbuyuwmhOGbZVA_Mla_w,,0,,False,,,,unclassified_missing_dates,False,True,True,True,False,False
UCRiwxxdkY3IVQvPkPa99tKQ,,0,,False,,,,unclassified_missing_dates,False,True,True,True,False,False
UCRixnW3GUstGMjTNpa_Xudw,,0,,False,,,,unclassified_missing_dates,False,True,True,True,False,False
UCRjrbgnMOmrv9fvzp_piTdQ,,0,,False,,,,unclassified_missing_dates,False,True,True,True,False,False
UCRktRN3ihVzjEwXULmmnWVQ,,1,,,,,,unclassified_missing_dates,False,True,True,True,False,False
UCRkwEIdMbletBhM2LspcwKQ,,0,,False,,,,unclassified_missing_dates,False,True,True,True,False,False
UCRkx-NCWa5acU2cDXBO7paQ,,1,,,,,,unclassified_missing_dates,False,True,True,True,False,False
UCRmRfTjSmzD1FQn3Iwp2fiQ,,0,,False,,,,unclassified_missing_dates,False,True,True,True,False,False
UCRmYU-z2KbbBuoUjnwJb9rg,Kiosk Leineschlösschen,1,8,False,2022-09-05T06:42:00Z,,,unclassified_missing_dates,False,False,True,True,False,False
UCRmbXtYzUWpD0z3v-sRaOpQ,,1,,,,,,unclassified_missing_dates,False,True,True,True,False,False
UCRohZbp0fCyJfFkdxwREgkA,Niklas Nienaß,1,201,False,2019-03-26T16:07:42Z,2023-11-30T13:56:05Z,,unclassified_missing_dates,False,False,False,True,False,False
UCRosfc2wlDJHiAly9TdeT5g,,0,,False,,,,unclassified_missing_dates,False,True,True,True,False,False
UCRqiKNOGXLlG04HDS4P37ug,,0,,False,,,,unclassified_missing_dates,False,True,True,True,False,False
UCRrTrenYhb-JWPKLjNlJnnQ,,0,,False,,,,unclassified_missing_dates,False,True,True,True,False,False
UCRsL-tCiIwNortlV4OlnQCA,,1,,,,,,unclassified_missing_dates,False,True,True,True,False,False
UCRsvVxi_Qu0myLjz6BQL6UA,,0,,False,,,,unclassified_missing_dates,False,True,True,True,False,False
UCRu2PjNF97rj1qdjaM3ZpEA,Bündnis 90 Die Grünen Schöneck,1,5,False,2021-02-10T12:51:46Z,,,unclassified_missing_dates,False,False,True,True,False,False
UCRujKeycIAornd-DknIVG4g,,0,,False,,,,unclassified_missing_dates,False,True,True,True,False,False
UCRv3zPRZln0J303y8svltEA,,1,,,,,,unclassified_missing_dates,False,True,True,True,False,False
UCRv6VDBeh4zqkpQu6AHTCOg,Kabarett Peter Vollmer,1,114,False,2011-09-28T11:42:05Z,2024-01-27T15:01:10Z,,unclassified_missing_dates,False,False,False,True,False,False
UCRwG1KPPlALKNt0lNpelCsw,,1,,,,,,unclassified_missing_dates,False,True,True,True,False,False
UCRwL2P5zSsXo-sPxqZYin0A,,1,,,,,,unclassified_missing_dates,False,True,True,True,False,False
UCRwcyBu-m4wkg6E19fYWtjQ,,0,,False,,,,unclassified_missing_dates,False,True,True,True,False,False
UCRxNk7AzzIxgMGaKW8hIKTQ,,1,,,,,,unclassified_missing_dates,False,True,True,True,False,False
UCRxmBjpgHJ8y-cIpCa8iXcw,,1,,,,,,unclassified_missing_dates,False,True,True,True,False,False
UCRzWa3Z26yA0k4IghWeAwuA,Isis Melloney,1,0,False,2021-07-08T20:03:50Z,,,unclassified_missing_dates,False,False,True,True,False,False
UCS-iualZL6msGschzBBsj-A,SPD Kreisverband Starnberg,1,28,False,2011-10-12T17:44:54Z,2023-03-20T15:24:31Z,,unclassified_missing_dates,False,False,False,True,False,False
UCS06MC_xIe3V7egFKbx_SYg,,0,,False,,,,unclassified_missing_dates,False,True,True,True,False,False
UCS0Cmxam-Ac8KKYASb1ITSA,Firef4lke,1,81,False,2018-02-05T18:01:16Z,2022-10-07T12:00:40Z,,unclassified_missing_dates,False,False,False,True,False,False
UCS1GvZ-Y-Yq10RNqBJ5oHUQ,Kasseler Friedensforum (Kasseler Friedensforum),1,1210,False,2020-10-28T16:32:32Z,,,unclassified_missing_dates,False,False,True,True,False,False
UCS1XZZVfSkyxbi0Be3IhbRA,,0,,False,,,,unclassified_missing_dates,False,True,True,True,False,False
UCS1yf4Qf4Nn3bKdbkEf-88A,,1,,,,,,unclassified_missing_dates,False,True,True,True,False,False
UCS4-eY5b2KFLMr75xko9w1w,,0,,False,,,,unclassified_missing_dates,False,True,True,True,False,False
UCS46N8ObMdWhKWBAyIlocKg,MVV,1,634,False,2010-09-17T06:47:25Z,2022-10-13T06:09:24Z,,unclassified_missing_dates,False,False,False,True,False,False
UCS4n0hOkw_4CU3BZhtRLwjQ,,0,,False,,,,unclassified_missing_dates,False,True,True,True,False,False
UCS8uIXvlSK3HtC0p0VIWyTQ,,0,,False,,,,unclassified_missing_dates,False,True,True,True,False,False
UCS95qeVaKwjY-w848ERuweg,,1,,,,,,unclassified_missing_dates,False,True,True,True,False,False
UCS9Q9fYkMy66AWtWOS0rs1Q,Frank S.,1,26,False,2015-08-21T14:47:08Z,,,unclassified_missing_dates,False,False,True,True,False,False
UCSC0pj-E8lQVjgUhV9OKf8w,,1,,,,,,unclassified_missing_dates,False,True,True,True,False,False
UCSCPXiVKuX1mY0QOrXNbJWQ,Frank Schäffler,1,1010,False,2011-03-21T12:57:49Z,2024-01-31T14:51:34Z,,unclassified_missing_dates,False,False,False,True,False,False
UCSDlVHyzMfRSWCK9FpaHqGg,,1,,,,,,unclassified_missing_dates,False,True,True,True,False,False
UCSE64DX8j0hrIQlTzEun7Lw,,0,,False,,,,unclassified_missing_dates,False,True,True,True,False,False
UCSEKoueWtUcu4NZruLvNCow,,0,,False,,,,unclassified_missing_dates,False,True,True,True,False,False
UCSEpUr-a_wgvIEW8KW2po5w,,1,,,,,,unclassified_missing_dates,False,True,True,True,False,False
UCSFnRsoF9zANc6_s96yCw5w,un.logo!,1,281000,True,2023-10-11T14:11:24Z,2023-03-16T09:30:00Z,2025-05-02T17:35:42Z,first_active_after_reference,False,False,False,False,False,True
UCSHd2mG2rpnby501GGZAJ4w,,0,,False,,,,unclassified_missing_dates,False,True,True,True,False,False
UCSI6aF9kQWl7ABBh3UZZX-Q,,0,,False,,,,unclassified_missing_dates,False,True,True,True,False,False
UCSI6vr3f8WCSVTw3Wd44TMw,,0,,False,,,,unclassified_missing_dates,False,True,True,True,False,False
UCSII4DTbev_MCSBtgLzpQgw,,0,,False,,,,unclassified_missing_dates,False,True,True,True,False,False
UCSIj8NTomiXJiUWlQMZxdcg,,0,,False,,,,unclassified_missing_dates,False,True,True,True,False,False
UCSJ5l1wAO8vnYBEl9XBoqAA,,0,,False,,,,unclassified_missing_dates,False,True,True,True,False,False
UCSJhsht3vjH--hiA16gcOQw,,1,,,,,,unclassified_missing_dates,False,True,True,True,False,False
UCSJsOR2wazR5XnlNFffLVxA,,1,,,,,,unclassified_missing_dates,False,True,True,True,False,False
UCSLqv5XXrSQL0tk3Wh8zu4g,AkeHifiTonträger&Mehr,1,1540,False,2014-05-01T15:00:39Z,2022-10-12T15:26:20Z,,unclassified_missing_dates,False,False,False,True,False,False
UCSM-FfgQ_UTpfHAHF192i2w,,1,,,,,,unclassified_missing_dates,False,True,True,True,False,False
UCSMBBw9ZI83muX2jgiIURig,,0,,False,,,,unclassified_missing_dates,False,True,True,True,False,False
UCSMlNE-oyVU-qCR7_plInTw,,0,,False,,,,unclassified_missing_dates,False,True,True,True,False,False
UCSMqateX8OA2s1wsOR2EgJA,,0,,False,,,,unclassified_missing_dates,False,True,True,True,False,False
UCSOezTl4FZ0giMLgoG12_pg,,0,,False,,,,unclassified_missing_dates,False,True,True,True,False,False
UCSOlYU-M3DPIuMUVVDW3jBw,,1,,,,,,unclassified_missing_dates,False,True,True,True,False,False
UCSPYeF_7nFYw5fAI1zbofjw,,0,,False,,,,unclassified_missing_dates,False,True,True,True,False,False
UCSQtpklyeDDoodHtNEDi9Hg,,0,,False,,,,unclassified_missing_dates,False,True,True,True,False,False
UCSRDYhi8XTsNbdGv39CLk9w,,1,,,,,,unclassified_missing_dates,False,True,True,True,False,False
UCST3n--AgFPCq6CXoKG3QRA,,1,,,,,,unclassified_missing_dates,False,True,True,True,False,False
UCSTVLjnr-3GNSrT-G_IJw1w,Demokratie Leben! Erlensee & Rodenbach,1,35,False,2020-04-07T13:47:19Z,2023-01-20T17:41:58Z,,unclassified_missing_dates,False,False,False,True,False,False
UCSTdphD2JVxMcXJCzOf55yA,,1,,,,,,unclassified_missing_dates,False,True,True,True,False,False
UCSU78qJJq52RtDH9i4h3Osg,,1,,,,,,unclassified_missing_dates,False,True,True,True,False,False
UCSUxpYX15t8QNKA1_CJEBLw,Crusader of God,1,3080,False,2013-07-31T09:46:01Z,2022-10-27T15:14:49Z,,unclassified_missing_dates,False,False,False,True,False,False
UCSW0BNemazkcvAAKSmAFh-Q,,1,,,,2023-10-08T12:15:13Z,2023-12-10T19:56:06Z,first_active_after_reference,False,True,False,False,False,False
UCSWI_ciZE7JLKPWKY958gGw,,0,,False,,,,unclassified_missing_dates,False,True,True,True,False,False
UCSWN5uvHyQ-0G8U-6mXZPJg,,0,,False,,,,unclassified_missing_dates,False,True,True,True,False,False
UCSWpAZcycDof1q-zBeB6ctw,,0,,False,,,,unclassified_missing_dates,False,True,True,True,False,False
UCSXDZYbNCKH6PzdNmjAqShA,CDU Kreisverband Hochsauerland,1,8,False,2021-08-26T22:13:56Z,2023-04-29T16:03:14Z,,unclassified_missing_dates,False,False,False,True,False,False
UCSXNxiBO0Z7prgJOJLZBTrQ,,1,,,,,,unclassified_missing_dates,False,True,True,True,False,False
UCSZSEUpBrL4bEMIfDMCeAjQ,Elke Langenbrink,1,7,False,2022-03-03T18:00:59Z,,,unclassified_missing_dates,False,False,True,True,False,False
UCSZUzxNseK0TGufh6g3x_Tg,,0,,False,,,,unclassified_missing_dates,False,True,True,True,False,False
UCSdVao1_9bugTciuQ8ldiTg,,0,,False,,,,unclassified_missing_dates,False,True,True,True,False,False
UCSe6_PnQjDAAJ5hkcvQM6wQ,,0,,False,,,,unclassified_missing_dates,False,True,True,True,False,False
UCSf1eaR2UAofWzghcgO5PaA,,1,,,,,,unclassified_missing_dates,False,True,True,True,False,False
UCSgFNxQB7G3HoX1gPZfykEQ,,1,,,,,,unclassified_missing_dates,False,True,True,True,False,False
UCSh62a9G_V86SaAbbhDx4Ow,,1,,,,,,unclassified_missing_dates,False,True,True,True,False,False
UCShIeM78o0-DvL7XEAQ0GAA,,1,,,,,,unclassified_missing_dates,False,True,True,True,False,False
UCSjdiqOO2_33XKPCenH7RrQ,,0,,False,,,,unclassified_missing_dates,False,True,True,True,False,False
UCSkVdQxvU8TtmWDsIGkL--A,,0,,False,,,,unclassified_missing_dates,False,True,True,True,False,False
UCSlDY232GWMR9-epwsA2h3A,,1,,,,,,unclassified_missing_dates,False,True,True,True,False,False
UCSlHdk32TzHhbWu8aDsQNaw,,0,,False,,,,unclassified_missing_dates,False,True,True,True,False,False
UCSm5QmXlF_Me-NtoqoGKFrg,,0,,False,,,,unclassified_missing_dates,False,True,True,True,False,False
UCSmkyj-QqgY3uyNPt5ieUeg,Dude,1,361,False,2016-02-16T18:58:21Z,2024-06-05T02:01:52Z,,unclassified_missing_dates,False,False,False,True,False,False
UCSmq-eFGDOv1Mw-GTaHdBqw,Watricc,1,17,False,2020-02-01T16:21:45Z,2022-10-07T06:00:15Z,,unclassified_missing_dates,False,False,False,True,False,False
UCSnjsXsSRRpMaH9AdQEPbmA,,1,,,,,,unclassified_missing_dates,False,True,True,True,False,False
UCSnon-Wouaiiq-q6ooDKROA,,0,,False,,,,unclassified_missing_dates,False,True,True,True,False,False
UCSoFV-3FseDYBwAjoCP1qvA,,0,,False,,,,unclassified_missing_dates,False,True,True,True,False,False
UCSp5MnfA02IdBoSja-POGfQ,Detlef Krebs,1,6,False,2009-08-08T08:20:07Z,2022-10-19T06:25:57Z,,unclassified_missing_dates,False,False,False,True,False,False
UCSpfK2FW-kyhbqnaCxFLzUg,Tonnentaucherwelpe,1,3110,False,2020-08-14T18:10:36Z,2023-07-11T10:00:21Z,,unclassified_missing_dates,False,False,False,True,False,False
UCSpjXHUJDEG8kiII9qWJm5Q,,0,,False,,,,unclassified_missing_dates,False,True,True,True,False,False
UCSpt0k_sIhYXlPJ_oQ9rV4Q,,0,,False,,,,unclassified_missing_dates,False,True,True,True,False,False
UCSqlzW0uB0SHMmng2tXD68Q,,1,,,,,,unclassified_missing_dates,False,True,True,True,False,False
UCSrQoywesWeWmfn7rETUAYg,,0,,False,,,,unclassified_missing_dates,False,True,True,True,False,False
UCSrZ3UV4jOidv8ppoVuvW9Q,,0,,False,,2022-06-27T16:40:52Z,,unclassified_missing_dates,False,True,False,True,False,False
UCSsze15xi6RXo7LWwvrYqMg,FDP Steinbach,1,0,False,2021-01-03T09:08:38Z,,,unclassified_missing_dates,False,False,True,True,False,False
UCSvDJJGjY_JEBiLseUBbZRw,,1,,,,,,unclassified_missing_dates,False,True,True,True,False,False
UCSvJ5iQqz2-hDv4rC5Hm2yQ,,0,,False,,2023-10-11T14:46:03Z,2023-10-11T14:46:03Z,first_active_after_reference,False,True,False,False,False,False
UCSxCy_TsKynDu3u-6ta9jkQ,,0,,False,,,,unclassified_missing_dates,False,True,True,True,False,False
UCSz6TNomEbJAq-WEihKJttA,Joerg Amtmann / ForTraCo Consulting,1,9,False,2016-01-09T14:04:23Z,2025-01-03T14:48:57Z,,unclassified_missing_dates,False,False,False,True,False,False
UCT-D0R3QejYhLwy8IsRQxGA,,1,,,,,,unclassified_missing_dates,False,True,True,True,False,False
UCT-DMLuP7FAm3uBtiS623PA,Kitarechtler,1,6000,False,2015-04-05T16:08:22Z,2022-10-11T14:23:30Z,,unclassified_missing_dates,False,False,False,True,False,False
UCT041vIaNEvqFjW3Kci5zVw,,1,,,,,,unclassified_missing_dates,False,True,True,True,False,False
UCT1Y1iNAKCOuKedi5EA1ztQ,Pflegemanager,1,74,False,2019-07-01T07:41:29Z,2022-10-13T22:24:14Z,,unclassified_missing_dates,False,False,False,True,False,False
UCT30gYh0HOED-cloBjTAReg,,0,,False,,,,unclassified_missing_dates,False,True,True,True,False,False
UCT4Jg8h03dD0iN3Pb5L0PMA,,0,,False,,,,unclassified_missing_dates,False,True,True,True,False,False
UCT5HxCTzFWlBZxpaC4cJoQw,,0,,False,,,,unclassified_missing_dates,False,True,True,True,False,False
UCT9HJIYh1GltbAKEISSFsbg,,0,,False,,,,unclassified_missing_dates,False,True,True,True,False,False
UCT9fwf_RRUkMJxg3wANP0Hg,,0,,False,,,,unclassified_missing_dates,False,True,True,True,False,False
UCTA4czSWJtlCghujnpAwohQ,,0,,False,,2023-10-09T12:00:43Z,,unclassified_missing_dates,False,True,False,True,False,False
UCTBIIbIs83IBsy4E1BQxYBw,,0,,False,,,,unclassified_missing_dates,False,True,True,True,False,False
UCTCdjNl-L2rr-8Huc0mlRrQ,DIE LINKE. Kreisverband Hansestadt Lübeck,1,52,False,2013-02-14T10:16:44Z,2022-12-18T15:55:39Z,,unclassified_missing_dates,False,False,False,True,False,False
UCTD6tXPEn9zy_3jkoHViqUg,,1,,,,,,unclassified_missing_dates,False,True,True,True,False,False
UCTDrc6GZuL5J8js2iKeQxbg,,0,,False,,,,unclassified_missing_dates,False,True,True,True,False,False
UCTEKNxwZevftEE1PTY_G9hw,,0,,False,,,,unclassified_missing_dates,False,True,True,True,False,False
UCTFwSUEAgzU5qxUjQJLcHUQ,,1,,,,,,unclassified_missing_dates,False,True,True,True,False,False
UCTGMsroelLyeagFV__LcOJQ,,0,,False,,,,unclassified_missing_dates,False,True,True,True,False,False
UCTI5J5D6JVC0pnCfkuJ_mdw,,0,,False,,,,unclassified_missing_dates,False,True,True,True,False,False
UCTJZyjTcSvDNEIDNVRjqKDQ,,0,,False,,,,unclassified_missing_dates,False,True,True,True,False,False
UCTKBaH1OyjXPjBpD-_tTqIQ,,0,,False,,,,unclassified_missing_dates,False,True,True,True,False,False
UCTKckYtsLDrN2Jd3hHL-irQ,,1,,,,,,unclassified_missing_dates,False,True,True,True,False,False
UCTMajEmrvAKqAsJGkJHRNcw,,0,,False,,,,unclassified_missing_dates,False,True,True,True,False,False
UCTNgRvxvOrDKtcCxMrNNFlQ,,1,,,,,,unclassified_missing_dates,False,True,True,True,False,False
UCTO1EZi2AVDSUOWTFXJrmgg,cduschleswigholstein,1,359,False,2009-03-06T09:33:05Z,2023-05-01T11:11:18Z,,unclassified_missing_dates,False,False,False,True,False,False
UCTOUjfThRjhXbTRkls1eFyg,,0,,False,,,,unclassified_missing_dates,False,True,True,True,False,False
UCTPHG5r59NjPchRjlmfXhUg,,0,,False,,,,unclassified_missing_dates,False,True,True,True,False,False
UCTS7pNWYKt0SzmBuiqcmW6A,SmartCities Consulting,1,128,False,2014-09-30T10:50:16Z,2022-11-10T08:26:05Z,,unclassified_missing_dates,False,False,False,True,False,False
UCTSx1ly2lTH7Kn5DYHcATxQ,,1,,,,,,unclassified_missing_dates,False,True,True,True,False,False
UCTT_FZFQ3O4XyahaFPuy98A,Neckarstadtblog,1,48,False,2015-02-05T12:32:43Z,2023-03-26T11:02:31Z,,unclassified_missing_dates,False,False,False,True,False,False
UCTU3a3F_kpibB_X1Jw2PYmg,,1,,,,,,unclassified_missing_dates,False,True,True,True,False,False
UCTUWkjuoYgwsjuSqsFrYA6w,,0,,False,,,,unclassified_missing_dates,False,True,True,True,False,False
UCTUbDTLdw7Ok6XWU-DBUJ-A,,0,,False,,,,unclassified_missing_dates,False,True,True,True,False,False
UCTVtdqJ-OK-CQIsMX9n2udg,,0,,False,,,,unclassified_missing_dates,False,True,True,True,False,False
UCTWsE9jvwJ0mQfO4pLCXFsQ,Kumpan electric,1,569,False,2011-01-10T18:55:03Z,,,unclassified_missing_dates,False,False,True,True,False,False
UCTXDvo92JnVYZBmmeQEeIDg,HerrTeutates,1,3130,False,2011-11-10T01:56:26Z,2023-03-31T01:13:41Z,,unclassified_missing_dates,False,False,False,True,False,False
UCTXtKBBzK3uvIc5fpmMsuBg,,0,,False,,,,unclassified_missing_dates,False,True,True,True,False,False
UCTYGf0LbxAcw9prPAySGlxQ,,1,,,,,,unclassified_missing_dates,False,True,True,True,False,False
UCTYtg3R1MX6dNiOrssqal7w,,1,,,,,,unclassified_missing_dates,False,True,True,True,False,False
UCTZ4GNFZYva0M1_iz89orNQ,,1,,,,,,unclassified_missing_dates,False,True,True,True,False,False
UCTZtPm-2ZYKJfsVuOxVQR6Q,,0,,False,,,,unclassified_missing_dates,False,True,True,True,False,False
UCTZuvrt1Btag66lLDRIaSbA,,1,,,,,,unclassified_missing_dates,False,True,True,True,False,False
UCT_HMFsZADKw-r3lQ_Rc-0g,,1,,,,,,unclassified_missing_dates,False,True,True,True,False,False
UCT_lZKtUy4RYj9wg_Nzt-yg,,0,,False,,,,unclassified_missing_dates,False,True,True,True,False,False
UCTaWpn2PgFO_VOGSu5EnAhg,,1,,,,,,unclassified_missing_dates,False,True,True,True,False,False
UCTa_WU4cTe2ieeLv9-CjzFg,,1,,,,,,unclassified_missing_dates,False,True,True,True,False,False
UCTd7PdCLZqwC9pQycFu_dyg,,1,,,,,,unclassified_missing_dates,False,True,True,True,False,False
UCTdW7IY_On9Az4V5266MKhA,,1,,,,,,unclassified_missing_dates,False,True,True,True,False,False
UCTdiagdYBNrvBk7tA0EtQxg,,1,,,,,,unclassified_missing_dates,False,True,True,True,False,False
UCTdqiBrDHfg-HLT8np0hGAA,,1,,,,,,unclassified_missing_dates,False,True,True,True,False,False
UCTeLYW_f6WMdGDm6NRBrr7A,,0,,False,,,,unclassified_missing_dates,False,True,True,True,False,False
UCTfWjOmcKo2HPG-Jyvt_jVg,,0,,False,,,,unclassified_missing_dates,False,True,True,True,False,False
UCTfrCyeBF9Mc24SEUAOvzRA,,0,,False,,,,unclassified_missing_dates,False,True,True,True,False,False
UCTisoSgEkbeRk_iSXtiG2iA,,0,,False,,,,unclassified_missing_dates,False,True,True,True,False,False
UCTjhywlPG-PYxsusxiyDI9w,,0,,False,,,,unclassified_missing_dates,False,True,True,True,False,False
UCTjkax9zeLKZlSRcJGRbiFw,,1,,,,,,unclassified_missing_dates,False,True,True,True,False,False
UCTjq6ZTfpW-F12UbR3fz9lA,,1,,,,2023-10-24T15:09:38Z,2023-12-18T14:42:21Z,first_active_after_reference,False,True,False,False,False,False
UCTkW-iv0tOKMSwJGNE-Ta-Q,,1,,,,,,unclassified_missing_dates,False,True,True,True,False,False
UCTlO4miX82GjX7IcqJlRnCw,Julius Wagner,1,3,False,2020-12-17T15:56:43Z,,,unclassified_missing_dates,False,False,True,True,False,False
UCTop2zhDuUKdCBmjPo89nWg,Mittendrin TV,1,81,False,2014-03-17T16:07:40Z,,,unclassified_missing_dates,False,False,True,True,False,False
UCTp1F3vijqdRheiI7QdN2NA,,0,,False,,,,unclassified_missing_dates,False,True,True,True,False,False
UCTpU-rVI_4QZZXXXLNlR5fw,Naturfotografie.de,1,2720,False,2018-02-18T14:34:38Z,2022-11-24T09:00:03Z,,unclassified_missing_dates,False,False,False,True,False,False
UCTproodMprZ0DQpJYHKLztg,,0,,False,,,,unclassified_missing_dates,False,True,True,True,False,False
UCTpwlNcmXxFZFw_z-XZuKZg,,1,,,,,,unclassified_missing_dates,False,True,True,True,False,False
UCTqBsTEV8-PVltn9cpWTR7w,,0,,False,,,,unclassified_missing_dates,False,True,True,True,False,False
UCTrUDZl_diTcstiFllJPcdg,Der Alte und ich,1,2,False,2022-07-18T19:01:44Z,,,unclassified_missing_dates,False,False,True,True,False,False
UCTrwpTSNhisr32rXpPUACkw,,0,,False,,,,unclassified_missing_dates,False,True,True,True,False,False
UCTs1a9JD6z69Nrwgl1vBJoA,,0,,False,,,,unclassified_missing_dates,False,True,True,True,False,False
UCTtekwD0EK2x0j4bP--fScA,,0,,False,,2023-10-10T12:05:10Z,2023-12-12T12:25:42Z,first_active_after_reference,False,True,False,False,False,False
UCTuXkM4blBqFVI6BzX8vfYg,,1,,,,,,unclassified_missing_dates,False,True,True,True,False,False
UCTw4NdkoKSsI8_kNTgxjHlQ,,1,,,,2023-11-01T15:05:47Z,2023-11-02T14:00:01Z,first_active_after_reference,False,True,False,False,False,False
UCTwN5tGuy9lyBYDEW-qewWg,,0,,False,,,,unclassified_missing_dates,False,True,True,True,False,False
UCTwQx6Kr7yH-N0efRMDopwg,,0,,False,,,,unclassified_missing_dates,False,True,True,True,False,False
UCTwXzMUcKepyX2mvFaaOwnQ,,0,,False,,,,unclassified_missing_dates,False,True,True,True,False,False
UCTwyT0y6kPaW-WAGIMshWNg,,1,,,,,,unclassified_missing_dates,False,True,True,True,False,False
UCTyLbpazN4x8IfXCnr5J_aQ,,1,,,,,,unclassified_missing_dates,False,True,True,True,False,False
UCTz0-Fty0-mKfT1sHpTFw4w,,1,,,,,,unclassified_missing_dates,False,True,True,True,False,False
UCU-pMKA6C3WhmRaRSNNfcng,,0,,False,,,,unclassified_missing_dates,False,True,True,True,False,False
UCU1BkVOLFy9ydSZOjbSIUjA,,0,,False,,,,unclassified_missing_dates,False,True,True,True,False,False
UCU1mNoQ2Uy3xH2r8du_-Gvg,,0,,False,,,,unclassified_missing_dates,False,True,True,True,False,False
UCU2YtCne2sebi3qGyp0nzbw,Mr. Retro-Gamer,1,332,False,2018-03-01T09:02:24Z,2022-10-08T16:33:00Z,,unclassified_missing_dates,False,False,False,True,False,False
UCU3Z-cslFz7uyA5Nx0WWTKQ,,0,,False,,,,unclassified_missing_dates,False,True,True,True,False,False
UCU4Y8S--xbh-zxanPe3QRKQ,,0,,False,,,,unclassified_missing_dates,False,True,True,True,False,False
UCU5Il-QKrG5u1ivqHpJ1CEg,,1,,,,2023-10-24T13:30:51Z,,unclassified_missing_dates,False,True,False,True,False,False
UCU5pJWo1msb_Codsq0M9-WA,,0,,False,,,,unclassified_missing_dates,False,True,True,True,False,False
UCU6pOcfR0oIfFza5-_YXJyA,Dang Van Trung,1,2810,False,2015-08-04T16:48:00Z,,,unclassified_missing_dates,False,False,True,True,False,False
UCU6zeVUumvRsInq1XukYpmA,Der Lexer,1,4420,False,2013-08-04T17:07:25Z,,,unclassified_missing_dates,False,False,True,True,False,False
UCU7-vPNVB0cIdsU4jG1zNwg,,1,,,,,,unclassified_missing_dates,False,True,True,True,False,False
UCU82qpMqWDDGX_JgaEyrEIg,Engelberger Druck AG,1,2,False,2022-02-07T07:17:39Z,2022-10-17T14:48:33Z,,unclassified_missing_dates,False,False,False,True,False,False
UCU9ZQEeEGL1K2GbLB6D9FPQ,Der Vollbart,1,2490,False,2020-08-13T18:56:31Z,,,unclassified_missing_dates,False,False,True,True,False,False
UCUA429n2paGEJ2hc6RARgbw,,0,,False,,,,unclassified_missing_dates,False,True,True,True,False,False
UCUAuMCq9K_WkqDC4I9pEojA,,0,,False,,,,unclassified_missing_dates,False,True,True,True,False,False
UCUB30EGvaBk1gHC-N_jHpuA,,1,,,,,,unclassified_missing_dates,False,True,True,True,False,False
UCUBUyI-KgstG0_QhxIWNrXg,,1,,,,,,unclassified_missing_dates,False,True,True,True,False,False
UCUBwV0l8e4-EGVqGJGgQo7g,,0,,False,,,,unclassified_missing_dates,False,True,True,True,False,False
UCUC8Drut-jlF2xiZFxBn7FA,,0,,False,,,,unclassified_missing_dates,False,True,True,True,False,False
UCUC_WGmt7Kx0DoUlcWS2pig,,0,,False,,,,unclassified_missing_dates,False,True,True,True,False,False
UCUCt_t4qBgCw5vbZJmgn1qQ,Roger,1,0,False,2021-03-28T21:03:08Z,,,unclassified_missing_dates,False,False,True,True,False,False
UCUFS-bxJFwl8HTbwzjSOg3Q,,0,,False,,,,unclassified_missing_dates,False,True,True,True,False,False
UCUG6jgRTb640NirZFXufk9Q,,1,,,,,,unclassified_missing_dates,False,True,True,True,False,False
UCUGEDLIXq6KoRfCPt5-PSQg,,0,,False,,,,unclassified_missing_dates,False,True,True,True,False,False
UCUGNjRo87DfC97x3hYCw8Gw,,1,,,,,,unclassified_missing_dates,False,True,True,True,False,False
UCUGxFEX7SG3r3ZppxagD1_g,,0,,False,,,,unclassified_missing_dates,False,True,True,True,False,False
UCUIfJOicxiseWjszdN-LGEQ,,1,,,,,,unclassified_missing_dates,False,True,True,True,False,False
UCUIhyy4_FqibbeedDdXi6eA,,0,,False,,,,unclassified_missing_dates,False,True,True,True,False,False
UCUIinfoh6c-j6qfo4vFWqbw,,0,,False,,,,unclassified_missing_dates,False,True,True,True,False,False
UCUItq7_auoCsuvXMzwCP5cA,,1,,,,,,unclassified_missing_dates,False,True,True,True,False,False
UCUIujVZod7TehfOmYh7RqqQ,,0,,False,,,,unclassified_missing_dates,False,True,True,True,False,False
UCUJ3V2ssHteH5gYOra9X1yQ,,1,,,,,,unclassified_missing_dates,False,True,True,True,False,False
UCUJjYrEyWwPK-KC9H5crVPQ,,0,,False,,,,unclassified_missing_dates,False,True,True,True,False,False
UCUKrwnH1ThAE3lAWrSRwOxw,,1,,,,,,unclassified_missing_dates,False,True,True,True,False,False
UCUM2vle-3xS5GZEZUAQl8oQ,,0,,False,,2023-10-14T01:43:12Z,,unclassified_missing_dates,False,True,False,True,False,False
UCUN0tvo9l0bIyLs_zFrC18A,,0,,False,,,,unclassified_missing_dates,False,True,True,True,False,False
UCUOgqcQhgfCor7pJki8Aj4g,,1,,,,,,unclassified_missing_dates,False,True,True,True,False,False
UCUQzCfhOC3pX_q_cg_vXFEQ,,0,,False,,,,unclassified_missing_dates,False,True,True,True,False,False
UCUR8eo-S2liu6WuQW4YulWw,AfD Ratsfraktion Salzgitter,1,779,False,2021-11-09T12:26:01Z,2022-10-12T18:52:48Z,,unclassified_missing_dates,False,False,False,True,False,False
UCURi92if12l0kyMCH6xfpTA,,0,,False,,,,unclassified_missing_dates,False,True,True,True,False,False
UCURxA1ZY_M7eRPPsIqkiu5g,,0,,False,,,,unclassified_missing_dates,False,True,True,True,False,False
UCUSMqAqzCpkGLJe3P6DhitQ,,0,,False,,,,unclassified_missing_dates,False,True,True,True,False,False
UCUSbuE51s4_yBo1GxVeKZzQ,,0,,False,,,,unclassified_missing_dates,False,True,True,True,False,False
UCUSgKsSEVVfZts5CULe2u5A,,0,,False,,,,unclassified_missing_dates,False,True,True,True,False,False
UCUVMw52rvRI6boAAJ8-GjnA,,0,,False,,,,unclassified_missing_dates,False,True,True,True,False,False
UCUVSxH8r5fj3Uki5uAcyQaw,,1,,,,2023-11-16T15:29:49Z,,unclassified_missing_dates,False,True,False,True,False,False
UCUVVNa3UZmMvBrYXLWTV9Lw,,0,,False,,,,unclassified_missing_dates,False,True,True,True,False,False
UCUVtpElFbhkdsD0kFEyDMFQ,,0,,False,,,,unclassified_missing_dates,False,True,True,True,False,False
UCUXBlZTWx-Mj1DA-kcqKzsA,,0,,False,,,,unclassified_missing_dates,False,True,True,True,False,False
UCUXV9MH2XfZosqhIrbSv-bg,,1,,,,,,unclassified_missing_dates,False,True,True,True,False,False
UCUXda-XzA3jtVZcvmCCMq3A,,0,,False,,,,unclassified_missing_dates,False,True,True,True,False,False
UCUZI8-QwCUQJ8R_6LW_c8gg,,1,,,,,,unclassified_missing_dates,False,True,True,True,False,False
UCUbzkqAOzvB7D04bg-273pg,,0,,False,,,,unclassified_missing_dates,False,True,True,True,False,False
UCUc2fvTZdVPNdrshpCTSNHw,,0,,False,,,,unclassified_missing_dates,False,True,True,True,False,False
UCUcN_at05Mk7m9VgFrjz-ig,,1,,,,,,unclassified_missing_dates,False,True,True,True,False,False
UCUcy0bajd0Ra7Hyiihcmu8g,,1,,,,,,unclassified_missing_dates,False,True,True,True,False,False
UCUdJ-y5IBP2IcHwMpdMD4YQ,,0,,False,,,,unclassified_missing_dates,False,True,True,True,False,False
UCUdOoVWuWmgo1wByzcsyKDQ,,0,,False,,,,unclassified_missing_dates,False,True,True,True,False,False
UCUdflc-SkJEbOgAuyVIrahg,,0,,False,,,,unclassified_missing_dates,False,True,True,True,False,False
UCUdocwHcdgsHYhUuLRxQU6A,,0,,False,,2023-11-19T10:40:41Z,2023-12-16T09:00:24Z,first_active_after_reference,False,True,False,False,False,False
UCUeuX7nosI605OrWl9obuSA,,0,,False,,,,unclassified_missing_dates,False,True,True,True,False,False
UCUezp1vXK9ibvd9vSYIOjEA,,0,,False,,,,unclassified_missing_dates,False,True,True,True,False,False
UCUfZ00flxp2n3tEzTbIPV9g,,0,,False,,,,unclassified_missing_dates,False,True,True,True,False,False
UCUfnk5CgUjykoc-BezLMMIA,,0,,False,,,,unclassified_missing_dates,False,True,True,True,False,False
UCUgblLl1TD0JwnjET6dcvHw,,0,,False,,,,unclassified_missing_dates,False,True,True,True,False,False
UCUgo-Q3da-_Nj4Nj7xtupYw,,0,,False,,,,unclassified_missing_dates,False,True,True,True,False,False
UCUhNxLaIjxj2FRniUuunxkw,,0,,False,,,,unclassified_missing_dates,False,True,True,True,False,False
UCUhi9MUEj9JHfAX83MN8j9w,Unser Bruneck,1,14,False,2021-01-28T13:01:14Z,2022-10-28T07:15:10Z,,unclassified_missing_dates,False,False,False,True,False,False
UCUiavnoX9Kqpg3bCXcKjlwA,,0,,False,,,,unclassified_missing_dates,False,True,True,True,False,False
UCUjSAAsErWXNaCwrXLbLt-g,,1,,,,,,unclassified_missing_dates,False,True,True,True,False,False
UCUk6h9L9n33Bgqxw0Rza-Xg,Beware-of-Bearded-Bear,1,177,False,2018-12-23T19:36:51Z,2022-10-07T20:31:03Z,,unclassified_missing_dates,False,False,False,True,False,False
UCUkJHoV09zAFrGwIBZCY7GA,,0,,False,,2023-11-01T17:12:27Z,2023-11-01T17:12:27Z,first_active_after_reference,False,True,False,False,False,False
UCUlHGHacw8VSpfQiHyLxWUw,,0,,False,,,,unclassified_missing_dates,False,True,True,True,False,False
UCUm2gyWVHUQ_FuWfrjE8H4w,,0,,False,,,,unclassified_missing_dates,False,True,True,True,False,False
UCUmDySUDyEPZksOQiI_bHyw,,1,,,,,,unclassified_missing_dates,False,True,True,True,False,False
UCUoV88OKSJS8nOun8YY0XWw,,0,,False,,2023-11-02T09:00:14Z,,unclassified_missing_dates,False,True,False,True,False,False
UCUqbVK31IlilqpZEQjrB2Bw,,0,,False,,,,unclassified_missing_dates,False,True,True,True,False,False
UCUrEMLlbBKCXJ8rH7pKUKhw,,0,,False,,,,unclassified_missing_dates,False,True,True,True,False,False
UCUrQ-eqo-fLGcSMhEA3ft9A,,0,,False,,,,unclassified_missing_dates,False,True,True,True,False,False
UCUrX0ep6ehK6rCYdK5e8NYA,,0,,False,,,,unclassified_missing_dates,False,True,True,True,False,False
UCUrx_7imJKgJiA8a6s6ADXg,Martonno,1,44,False,2017-12-25T17:55:28Z,,,unclassified_missing_dates,False,False,True,True,False,False
UCUsAd151w1ZvYo98jJ0pVig,,1,,,,,,unclassified_missing_dates,False,True,True,True,False,False
UCUsM7vYQCIqZF4RPmEZzIFA,,1,,,,,,unclassified_missing_dates,False,True,True,True,False,False
UCUsMkDtVyel9USjCTaM42rw,,0,,False,,,,unclassified_missing_dates,False,True,True,True,False,False
UCUs_SwJLXmZ6ejK-b6iGy1Q,DGB Baden-Württemberg,1,173,False,2016-01-14T12:47:41Z,2022-10-13T06:35:02Z,,unclassified_missing_dates,False,False,False,True,False,False
UCUuHGt-ppSXW7bxFSlaD67g,,1,,,,,,unclassified_missing_dates,False,True,True,True,False,False
UCUv2sJzV1DYGPvrTqWDgWhg,,0,,False,,,,unclassified_missing_dates,False,True,True,True,False,False
UCUwdJ-qv2MYA7RRwg0YEM5g,,1,,,,,,unclassified_missing_dates,False,True,True,True,False,False
UCUwtKt1J6ZWqY1DGeCvNy8g,,0,,False,,,,unclassified_missing_dates,False,True,True,True,False,False
UCUygk4rkgHe4gYD-_JAcCAQ,,0,,False,,,,unclassified_missing_dates,False,True,True,True,False,False
UCUylCSNmXpmjtpq_YFb1Nvw,BDLI | Bundesverband der Deutschen Luft- und Raumfahrtindustrie,1,281,False,2015-05-08T15:05:08Z,2022-11-02T12:54:15Z,,unclassified_missing_dates,False,False,False,True,False,False
UCUylKf-qx4boeIe3bhAtl5A,,1,,,,,,unclassified_missing_dates,False,True,True,True,False,False
UCUzLsu4l8NHYVigcGvehKoQ,,0,,False,,,,unclassified_missing_dates,False,True,True,True,False,False
UCUzdkcOwhKKgwYxQVhYOs4A,,0,,False,,,,unclassified_missing_dates,False,True,True,True,False,False
UCV-YHfgBG-cYk9QwyOa0VfA,,0,,False,,,,unclassified_missing_dates,False,True,True,True,False,False
UCV-bEsvDso8kc5ec2IF-ouw,,1,,,,,,unclassified_missing_dates,False,True,True,True,False,False
UCV-e6ay3QTqn-LyVQ-XH-qQ,,0,,False,,,,unclassified_missing_dates,False,True,True,True,False,False
UCV1wG5TYGkQE6sxLMzkoPXQ,,0,,False,,,,unclassified_missing_dates,False,True,True,True,False,False
UCV21b1azbF80PNxqqHYQ4WQ,,0,,False,,,,unclassified_missing_dates,False,True,True,True,False,False
UCV34hGuH8cs5T69_8y9UXGg,,0,,False,,,,unclassified_missing_dates,False,True,True,True,False,False
UCV3e6ryjCLJjn0e5m9yQsig,,0,,False,,,,unclassified_missing_dates,False,True,True,True,False,False
UCV4ZvL83kjXjc78Q-shgIcQ,,1,,,,,,unclassified_missing_dates,False,True,True,True,False,False
UCV6Ob4cZSW2RJPGCXrNCFqg,,0,,False,,,,unclassified_missing_dates,False,True,True,True,False,False
UCV6jNCSwCzs2pTgzoFvWLWA,,0,,False,,,,unclassified_missing_dates,False,True,True,True,False,False
UCV7UGBnZoim21HJVLHM6VKg,,0,,False,,,,unclassified_missing_dates,False,True,True,True,False,False
UCV8Nn5xh-3boV1J8brrZpcw,,0,,False,,,,unclassified_missing_dates,False,True,True,True,False,False
UCV8RWB4WBLNbs6FGPywmibA,,0,,False,,,,unclassified_missing_dates,False,True,True,True,False,False
UCV8eF18aVvGZ2ZlTsBfSthw,DIE LINKE Wolfsburg,1,2,False,2022-08-15T10:18:45Z,,,unclassified_missing_dates,False,False,True,True,False,False
UCVAX_HC9rtmH72tYw2d8KpA,Baschar Hafiz al-Assad,1,120,False,2020-03-21T00:15:30Z,,,unclassified_missing_dates,False,False,True,True,False,False
UCVAmhbZxm23d0ILMiXKMe3A,,0,,False,,,,unclassified_missing_dates,False,True,True,True,False,False
UCVBEwguSdBNPxFOqDMxlB9Q,,0,,False,,,,unclassified_missing_dates,False,True,True,True,False,False
UCVCh0z_RGW6BDozdJLmSohg,,0,,False,,,,unclassified_missing_dates,False,True,True,True,False,False
UCVDItTKb_7oviUysRsnoRjA,Der_Sami,1,83,False,2022-05-01T22:06:48Z,2022-10-17T03:47:17Z,,unclassified_missing_dates,False,False,False,True,False,False
UCVDePOx7yzCGUctNLBCQw8w,,1,,,,,,unclassified_missing_dates,False,True,True,True,False,False
UCVFI7T0R0D5PsmxwBFBfMbQ,,1,,,,,,unclassified_missing_dates,False,True,True,True,False,False
UCVFIPOEt0tkQuEOyX62ba4g,DIE LINKE Mettlach,1,2,False,2015-02-25T13:17:38Z,,,unclassified_missing_dates,False,False,True,True,False,False
UCVGr5ql8Uc45s0jUlPZ5M5g,,0,,False,,,,unclassified_missing_dates,False,True,True,True,False,False
UCVI3akr_uvZ5eNqQLvi5-Zg,,0,,False,,,,unclassified_missing_dates,False,True,True,True,False,False
UCVIaj6_ry4xD4UYCa-sQhUw,,0,,False,,,,unclassified_missing_dates,False,True,True,True,False,False
UCVJ4C8cVKobGmHbRXqjhYdg,,0,,False,,,,unclassified_missing_dates,False,True,True,True,False,False
UCVJPVLbxCat5yytqBPKyyPw,,0,,False,,,,unclassified_missing_dates,False,True,True,True,False,False
UCVKD4NWw4uXHpdqhONcriFA,,0,,False,,,,unclassified_missing_dates,False,True,True,True,False,False
UCVLMfMKgJK6beh2hTnCLP8w,,0,,False,,,,unclassified_missing_dates,False,True,True,True,False,False
UCVL_vz0hCA58n0pRnlReHnQ,linconbdl,1,1620,False,2007-08-14T01:46:47Z,,,unclassified_missing_dates,False,False,True,True,False,False
UCVLaRbKaPFM29W91sHhGtqQ,,0,,False,,,,unclassified_missing_dates,False,True,True,True,False,False
UCVMdCuv86mcCjyC_ZwG30Zg,Ahmann & Schlieker,1,71,False,2018-10-21T09:18:17Z,,,unclassified_missing_dates,False,False,True,True,False,False
UCVNLjI2n5S12QaA63nFzsHA,,0,,False,,,,unclassified_missing_dates,False,True,True,True,False,False
UCVOMIPVNzye-bUHlIcFW-KA,MagisterBothe,1,15,False,2021-06-01T14:41:48Z,,,unclassified_missing_dates,False,False,True,True,False,False
UCVPrSgOJLWp1r6wz39q89Tg,,0,,False,,,,unclassified_missing_dates,False,True,True,True,False,False
UCVRMxhxJBFHUu4HxrOiTlaQ,,0,,False,,,,unclassified_missing_dates,False,True,True,True,False,False
UCVRQjmCrTdy-h22wtDkff0g,,0,,False,,,,unclassified_missing_dates,False,True,True,True,False,False
UCVRlJS3Y2_D76QBr5iYEw-A,,0,,False,,,,unclassified_missing_dates,False,True,True,True,False,False
UCVSJ_p-tbVCB_b7XKxjJk_A,,0,,False,,,,unclassified_missing_dates,False,True,True,True,False,False
UCVTBLM4AX7pkZHYYd43YqoA,,0,,False,,,,unclassified_missing_dates,False,True,True,True,False,False
UCVTFRZHofcRP6PvdpPRRViw,,0,,False,,,,unclassified_missing_dates,False,True,True,True,False,False
UCVTdMe0uxKMvlrr-NGkGAZA,,0,,False,,,,unclassified_missing_dates,False,True,True,True,False,False
UCVU8IiL9syxbDxCKVql0TFA,,0,,False,,2023-12-18T18:29:51Z,,unclassified_missing_dates,False,True,False,True,False,False
UCVUg4dlt0GbujGK8J_Hcqhw,,0,,False,,,,unclassified_missing_dates,False,True,True,True,False,False
UCVVg5YhkXuAlt2F95c1eH4Q,,1,,,,,,unclassified_missing_dates,False,True,True,True,False,False
UCVWtnmmpFTNtgiGD_J0KTGA,,0,,False,,,,unclassified_missing_dates,False,True,True,True,False,False
UCVXWfyGk_frQg3mSa8mmjPQ,,1,,,,2023-11-03T17:03:38Z,,unclassified_missing_dates,False,True,False,True,False,False
UCVYXtXQBEGWzS1_uxU2M4Tg,Der Zeit Einfänger,1,844,False,2012-01-23T21:18:06Z,2022-10-24T22:23:08Z,,unclassified_missing_dates,False,False,False,True,False,False
UCVZGFw3pKYEPvcM23y7A7Ig,Alexander Kohl,1,35,False,2015-04-29T03:30:50Z,2023-05-21T13:01:19Z,,unclassified_missing_dates,False,False,False,True,False,False
UCV_TVNgjU1CbSD6VIV9kL9A,,0,,False,,,,unclassified_missing_dates,False,True,True,True,False,False
UCV_XHjqGl7o7bNUrZg0pvkQ,,1,,,,,,unclassified_missing_dates,False,True,True,True,False,False
UCVaG-tSN0EJL5GKB6SlU58Q,,1,,,,,,unclassified_missing_dates,False,True,True,True,False,False
UCVamVUVwvyzpJ2v9yZxDkXQ,,1,,,,,,unclassified_missing_dates,False,True,True,True,False,False
UCVanXoUIPNtspyWRzy0Xr-A,Der VollBart 2,1,573,False,2020-02-29T13:12:59Z,,,unclassified_missing_dates,False,False,True,True,False,False
UCVbdikLJ9esHETe29hP1p9g,,0,,False,,,,unclassified_missing_dates,False,True,True,True,False,False
UCVbtA3vzmNzyKbfTtdp28Gg,,1,,,,,,unclassified_missing_dates,False,True,True,True,False,False
UCVcInM5STU-n4Qw7pRn9Cbg,,0,,False,,,,unclassified_missing_dates,False,True,True,True,False,False
UCVctcrH6MO_qQn13ngs5iUg,,0,,False,,,,unclassified_missing_dates,False,True,True,True,False,False
UCVe8R9V7E5u83oxd-gsJInA,,0,,False,,,,unclassified_missing_dates,False,True,True,True,False,False
UCVeAP6_uShGJ5ZY9f_oTxRQ,,0,,False,,,,unclassified_missing_dates,False,True,True,True,False,False
UCVfQBuXknfk9a9EW8np1gcg,AfD Kreisverband Ludwigsburg,1,202,False,2017-07-13T10:19:34Z,2024-04-23T10:07:11Z,,unclassified_missing_dates,False,False,False,True,False,False
UCVg_1CdXdvtHHPfQaUAnWNA,,1,,,,,,unclassified_missing_dates,False,True,True,True,False,False
UCVhfB10brih8TA_25umzZOQ,,0,,False,,,,unclassified_missing_dates,False,True,True,True,False,False
UCVjFLH_sPxOBfrgImFPeUcg,,0,,False,,,,unclassified_missing_dates,False,True,True,True,False,False
UCVkXMVqjkOQnRpLnh3zsNUg,Thomas Okos,1,21,False,2022-02-04T16:11:52Z,2023-06-15T11:54:01Z,,unclassified_missing_dates,False,False,False,True,False,False
UCVleW9o6n1hilPzrN90xl9g,,0,,False,,,,unclassified_missing_dates,False,True,True,True,False,False
UCVlf6jOkJhb2YEFVJiw07cg,,1,,,,2023-11-13T16:00:29Z,,unclassified_missing_dates,False,True,False,True,False,False
UCVmEobeGbcj3eE1DTwXK8cA,,0,,False,,,,unclassified_missing_dates,False,True,True,True,False,False
UCVmJZtz_lnraUf6aTa3Pj2A,Jill Please,1,6670,False,2019-12-18T18:59:35Z,2022-10-23T13:00:06Z,,unclassified_missing_dates,False,False,False,True,False,False
UCVmP-5c5XKi7omswQpG60TA,,0,,False,,,,unclassified_missing_dates,False,True,True,True,False,False
UCVmUUSIOle6curWe6qwSeRg,,0,,False,,,,unclassified_missing_dates,False,True,True,True,False,False
UCVnEAmItGBEw7oM123x2REw,,0,,False,,,,unclassified_missing_dates,False,True,True,True,False,False
UCVnbdQv0QUvw900WZxKM_MQ,Daniel Fuhrhop,1,43,False,2021-04-19T08:10:44Z,,,unclassified_missing_dates,False,False,True,True,False,False
UCVneCW2AkYMhICIY_l8ObKg,,0,,False,,,,unclassified_missing_dates,False,True,True,True,False,False
UCVoPNKfo8Kw_dMhLI15F39w,,0,,False,,,,unclassified_missing_dates,False,True,True,True,False,False
UCVrSeW_OgqXLIr-LesMYCWw,Klavier lernen,1,90,False,2021-02-15T18:59:28Z,,,unclassified_missing_dates,False,False,True,True,False,False
UCVrT9WtmKbZ5XIUcwB6TM0A,,1,,,,,,unclassified_missing_dates,False,True,True,True,False,False
UCVrqHdrw4efhzflMkOuOLSg,,1,,,,,,unclassified_missing_dates,False,True,True,True,False,False
UCVsioHuYAn9ucwy_Xp1VdZA,,0,,False,,,,unclassified_missing_dates,False,True,True,True,False,False
UCVtEizFydItBgFCnABlpVhg,NETTOTV,1,18,False,2020-07-02T15:47:11Z,,,unclassified_missing_dates,False,False,True,True,False,False
UCVwqUeYhzVcblXX3dIVv6_w,MachtSinn – Der Podcast,1,41,False,2021-04-01T11:51:25Z,,,unclassified_missing_dates,False,False,True,True,False,False
UCVyvOtr9Wj2InNTlBOtfcmg,,0,,False,,,,unclassified_missing_dates,False,True,True,True,False,False
UCW-xZAKMRSxjskg5UjigbPA,,1,,,,2023-11-02T17:05:58Z,,unclassified_missing_dates,False,True,False,True,False,False
UCW16JGeoZkYg9dKxnfhCXBA,,0,,False,,,,unclassified_missing_dates,False,True,True,True,False,False
UCW1_qsVYa0qhI5IK_VyzTFA,,0,,False,,,,unclassified_missing_dates,False,True,True,True,False,False
UCW20kj0LOTeUojtzXNCiqjQ,,1,,,,,,unclassified_missing_dates,False,True,True,True,False,False
UCW22fJ8N6sp3UyeDGlBOa1w,,1,,,,,,unclassified_missing_dates,False,True,True,True,False,False
UCW2Kisu8mNRraNXdEo69iJQ,,1,,,,,,unclassified_missing_dates,False,True,True,True,False,False
UCW2ZOlwagGLqaoQfqeDYJZw,,1,,,,,,unclassified_missing_dates,False,True,True,True,False,False
UCW4-2c-SRbXq-ZwL7TcmLRw,,0,,False,,,,unclassified_missing_dates,False,True,True,True,False,False
UCW4dIH0kzRr2CqTPL9PEJxw,,0,,False,,,,unclassified_missing_dates,False,True,True,True,False,False
UCW4tq-9x7Sin0MccfAjvUVQ,,1,,,,,,unclassified_missing_dates,False,True,True,True,False,False
UCW5kavynVKWRmb1-niSe3hA,Dr. Pfosten2,1,4,False,2021-11-11T06:22:26Z,2023-04-15T07:33:41Z,,unclassified_missing_dates,False,False,False,True,False,False
UCW6RCx9TIT1tppo5PI1_PGg,,0,,False,,,,unclassified_missing_dates,False,True,True,True,False,False
UCW7Ac3sR99ZAFKyqbRpfbbg,,1,,,,,,unclassified_missing_dates,False,True,True,True,False,False
UCW8kDMvbbXoE4RbpjfMCkdg,,0,,False,,,,unclassified_missing_dates,False,True,True,True,False,False
UCW9KX9YF6Ovu1e6P_JP-O6w,,0,,False,,,,unclassified_missing_dates,False,True,True,True,False,False
UCW9MA5zdaW-ry8o-ymecCWg,Dichter als Denker,1,460,False,2017-01-20T21:19:23Z,2022-10-30T16:00:04Z,,unclassified_missing_dates,False,False,False,True,False,False
UCW9MX9q6N3yMZUVLbeqw2XA,,0,,False,,,,unclassified_missing_dates,False,True,True,True,False,False
UCW9PLY9A3ZEujJBpSAcsLrQ,,0,,False,,,,unclassified_missing_dates,False,True,True,True,False,False
UCW9bocNu58gK2j0WvsTDgrg,P. P,1,126,False,2020-07-21T11:10:08Z,2022-11-22T11:54:06Z,,unclassified_missing_dates,False,False,False,True,False,False
UCWCtPEu53k4yrtRFNskIlgw,,1,,,,2023-10-19T18:55:44Z,2023-10-19T18:55:44Z,first_active_after_reference,False,True,False,False,False,False
UCWDCdfxZSIFbYj_lUqGzYaQ,,0,,False,,,,unclassified_missing_dates,False,True,True,True,False,False
UCWECmp5Tk3epYSkjs0qAKKQ,,0,,False,,,,unclassified_missing_dates,False,True,True,True,False,False
UCWEH7OK0tLQjnWzKdpTaugA,,0,,False,,,,unclassified_missing_dates,False,True,True,True,False,False
UCWF1Ro4ByZPkURzFqSn7SMg,,0,,False,,,,unclassified_missing_dates,False,True,True,True,False,False
UCWFR0d7yr8aLRYgVdju-RPw,,0,,False,,,,unclassified_missing_dates,False,True,True,True,False,False
UCWGDOTpgGeF5FEZZ1nblGsw,,0,,False,,,,unclassified_missing_dates,False,True,True,True,False,False
UCWHfgeck7hdX0S9iQoLmQjg,,1,,,,,,unclassified_missing_dates,False,True,True,True,False,False
UCWHxVzS5QEMlHAXFSJzDcWw,,0,,False,,,,unclassified_missing_dates,False,True,True,True,False,False
UCWI1GWTpoxTOzsfLoMh3Ldw,,0,,False,,,,unclassified_missing_dates,False,True,True,True,False,False
UCWJq3DNlVLHJ9MOb9mKkZeQ,,0,,False,,,,unclassified_missing_dates,False,True,True,True,False,False
UCWK6in7cdNfV3aO1dGPGUiA,AHD Politics,1,27,False,2019-09-09T17:05:16Z,2022-11-28T18:48:54Z,,unclassified_missing_dates,False,False,False,True,False,False
UCWLIOIze2LIMME0qSnNjgRg,,0,,False,,,,unclassified_missing_dates,False,True,True,True,False,False
UCWNDjuRWdnc5a0o7wiQgg9w,,1,,,,,,unclassified_missing_dates,False,True,True,True,False,False
UCWNdZ0x8ffkp3n2ZCXuyxzw,,0,,False,,2023-11-18T00:30:09Z,,unclassified_missing_dates,False,True,False,True,False,False
UCWOvOb-s7BQarU-5mSe9iRQ,,0,,False,,,,unclassified_missing_dates,False,True,True,True,False,False
UCWPaRSFhMx6Y9Ns0PnvNbvQ,CDU Ortsverband Velpke,1,17,False,2021-07-22T06:58:07Z,,,unclassified_missing_dates,False,False,True,True,False,False
UCWQi7wHDLxEzZA_tel1U2WA,,1,,,,,,unclassified_missing_dates,False,True,True,True,False,False
UCWRz6CsdeG5qlcTpV72uRrQ,,0,,False,,,,unclassified_missing_dates,False,True,True,True,False,False
UCWS3mpxBmS9HXBcKymKfCRA,,0,,False,,,,unclassified_missing_dates,False,True,True,True,False,False
UCWSkTLogAKEvC8OsWl1WM4Q,TrueLife,1,9,False,2015-03-12T14:03:20Z,,,unclassified_missing_dates,False,False,True,True,False,False
UCWTZrq5khnr7cxzjCKvi83A,vegan.mit.leo,1,1090,False,2009-08-08T18:23:44Z,,,unclassified_missing_dates,False,False,True,True,False,False
UCWTyk3UN1Dw5rT2Q8akhaBw,vlw nrw,1,25,False,2020-11-28T16:35:52Z,2023-02-03T18:25:34Z,,unclassified_missing_dates,False,False,False,True,False,False
UCWUeMsPnK5KB9VqwbOrHMgA,,0,,False,,,,unclassified_missing_dates,False,True,True,True,False,False
UCWV0sBknw7A3xQaQ7zz1neg,Grüne Obertshausen,1,19,False,2021-01-13T17:15:08Z,,,unclassified_missing_dates,False,False,True,True,False,False
UCWX00gzML_bW5-3RJAw2sJQ,FDP Lahn-Dill,1,4,False,2021-02-05T14:43:46Z,,,unclassified_missing_dates,False,False,True,True,False,False
UCWX5fVgoOWpHFPJs5H8TrzQ,Aktuelle Berichte und mehr-die Alternative zum Tag,1,964,False,2020-12-24T15:56:05Z,2024-07-04T19:58:37Z,,unclassified_missing_dates,False,False,False,True,False,False
UCWYD2xnZ-TyE9exR9zZLKJw,MIR,1,732,False,2022-02-06T00:45:29Z,2022-11-29T23:42:44Z,,unclassified_missing_dates,False,False,False,True,False,False
UCWYEjx5fkBog11M0KdRD0xQ,Martina Feldmayer,1,10,False,2019-02-14T11:27:39Z,2022-10-13T10:01:11Z,,unclassified_missing_dates,False,False,False,True,False,False
UCWYyynEwe1M_7shyMLtO0ew,DIE LINKE Weimar/Weimarer Land,1,40,False,2017-05-31T16:29:50Z,2022-11-08T17:27:18Z,,unclassified_missing_dates,False,False,False,True,False,False
UCWZUNtHN37gS05GcP5w_3Og,,1,,,,,,unclassified_missing_dates,False,True,True,True,False,False
UCWZiSG3IXvAJMoGhJeIJeJA,,1,,,,2024-01-03T04:06:55Z,,unclassified_missing_dates,False,True,False,True,False,False
UCWaTOZqECx9c36dCxe2Kp1w,Grüne Ansbach,1,39,False,2013-04-28T12:01:09Z,2022-12-24T08:47:00Z,,unclassified_missing_dates,False,False,False,True,False,False
UCWam-DR6UzOJ9f2HsChZymQ,,0,,False,,,,unclassified_missing_dates,False,True,True,True,False,False
UCWcK-BA_AG7DhhS4p3CrKVQ,,0,,False,,,,unclassified_missing_dates,False,True,True,True,False,False
UCWcbn1OURjNxx8kr4FJ4Y-w,,0,,False,,,,unclassified_missing_dates,False,True,True,True,False,False
UCWcuTCXP-6L_q9ZHJPHsNMA,,0,,False,,,,unclassified_missing_dates,False,True,True,True,False,False
UCWdN-swvMuJTUgLDtQx4bPQ,SPD  - Aktuelle Politik-News aus Deutschland,1,6,False,2022-01-09T15:57:38Z,2022-12-14T15:42:41Z,,unclassified_missing_dates,False,False,False,True,False,False
UCWdSJKtA82RSQs7yENZt3Qw,,1,,,,,,unclassified_missing_dates,False,True,True,True,False,False
UCWdqKzn_0Ohphs_8i-BYYqg,,1,,,,,,unclassified_missing_dates,False,True,True,True,False,False
UCWdrnr09NK4VWzb6MSbFqAw,,1,,,,,,unclassified_missing_dates,False,True,True,True,False,False
UCWeBUjQI08-we-KkJoeVC1Q,Luise Amtsberg,1,236,False,2017-04-18T08:43:04Z,2023-01-20T12:46:10Z,,unclassified_missing_dates,False,False,False,True,False,False
UCWf1CrEX3Pf4co0GbXKRe3w,,0,,False,,,,unclassified_missing_dates,False,True,True,True,False,False
UCWfBWQzhX1-G5ThsX6ua74w,,0,,False,,,,unclassified_missing_dates,False,True,True,True,False,False
UCWfQAoELQpWYAazONzsO5hA,,1,,,,,,unclassified_missing_dates,False,True,True,True,False,False
UCWfb7FooKICr7kx4eopNccw,,1,,,,,,unclassified_missing_dates,False,True,True,True,False,False
UCWhOpUhLA6RjPEmXEhPQJkg,CDU Hückelhoven,1,46,False,2020-08-14T12:05:28Z,,,unclassified_missing_dates,False,False,True,True,False,False
UCWipyZ0asuAsp9zqjGpTJWw,,1,,,,,,unclassified_missing_dates,False,True,True,True,False,False
UCWivOuiIzOwFl1r1S2PmF8A,,1,,,,,,unclassified_missing_dates,False,True,True,True,False,False
UCWkBeUBhlUsREEY-fD0R-Dw,,1,,,,2023-12-21T08:30:07Z,2023-12-21T08:30:07Z,first_active_after_reference,False,True,False,False,False,False
UCWkLCcsnPhngwr-GW20ELwg,BUND Niedersachsen,1,243,False,2011-06-16T16:50:22Z,2023-04-24T12:34:43Z,,unclassified_missing_dates,False,False,False,True,False,False
UCWlEFS16IXTKNLzvISL8wvQ,,0,,False,,,,unclassified_missing_dates,False,True,True,True,False,False
UCWlXv0U9c6D8qn1oulnheZA,,0,,False,,,,unclassified_missing_dates,False,True,True,True,False,False
UCWm2xyL45Puen38__U4Q_cA,,0,,False,,,,unclassified_missing_dates,False,True,True,True,False,False
UCWmMpNDN3PY6hNow_35QrCw,,0,,False,,,,unclassified_missing_dates,False,True,True,True,False,False
UCWmnSLLpzNS343Nt5d75JcA,,1,,,,,,unclassified_missing_dates,False,True,True,True,False,False
UCWpop4RlpejOFLebR0C1YaQ,CDU•CSU Fraktion,1,8100,False,2006-10-30T13:52:47Z,2022-10-11T13:03:11Z,,unclassified_missing_dates,False,False,False,True,False,False
UCWpw7zrgsEwR9XQGFkWo4Uw,,1,,,,,,unclassified_missing_dates,False,True,True,True,False,False
UCWqxn6IFcOkq42XzEOsnexg,,0,,False,,,,unclassified_missing_dates,False,True,True,True,False,False
UCWrQx80MiaFdP96VrEYjdsg,,0,,False,,,,unclassified_missing_dates,False,True,True,True,False,False
UCWrjDKloYpGHdvihlneiu1A,,0,,False,,,,unclassified_missing_dates,False,True,True,True,False,False
UCWsEcMUaBTXGxOzShguXAKg,,0,,False,,,,unclassified_missing_dates,False,True,True,True,False,False
UCWstV-AA1D3v9jJz2SjSogQ,FDP Eglisau,1,1,False,2021-02-02T14:11:43Z,,,unclassified_missing_dates,False,False,True,True,False,False
UCWvYac0m5uRnFeKYwHrUzew,,0,,False,,,,unclassified_missing_dates,False,True,True,True,False,False
UCWvYrCAP-fVH4AvpkIhwL_g,,1,,,,,,unclassified_missing_dates,False,True,True,True,False,False
UCWwfxpTd2ZL3tkdkTMO22UA,,1,,,,,,unclassified_missing_dates,False,True,True,True,False,False
UCWx9w5N6-76g3Z_9HsJZizA,Sächsischer Landtag,1,2580,False,2017-07-21T14:33:40Z,2022-10-18T11:38:17Z,,unclassified_missing_dates,False,False,False,True,False,False
UCWzuJWGH0nZ7fRJtguDwSIw,,0,,False,,,,unclassified_missing_dates,False,True,True,True,False,False
UCX-dzZ2ZPGp1JUeowwu5Ntw,,0,,False,,,,unclassified_missing_dates,False,True,True,True,False,False
UCX-uPlRbiVt7hN9OR0QklpA,,0,,False,,,,unclassified_missing_dates,False,True,True,True,False,False
UCX1xkSGeD38E5XApyCe-HXg,,0,,False,,,,unclassified_missing_dates,False,True,True,True,False,False
UCX2jm-d4CT_YNkyAT6vsfFw,AfD-Oberlausitz,1,465,False,2021-04-09T13:20:24Z,2022-10-24T23:37:43Z,,unclassified_missing_dates,False,False,False,True,False,False
UCX3NPTF6LN8fhfeSENqc7FA,Kreissportbund Oberberg e.V.,1,18,False,2017-04-26T08:57:45Z,2023-08-21T14:03:52Z,,unclassified_missing_dates,False,False,False,True,False,False
UCX4oOnz1OqhZHNUNLrCZZ1Q,,0,,False,,,,unclassified_missing_dates,False,True,True,True,False,False
UCX4w5lpwjf8YNwj_pwjcFjw,,1,,,,,,unclassified_missing_dates,False,True,True,True,False,False
UCX5KLmnz0KpYoIVv16BpJvw,,0,,False,,,,unclassified_missing_dates,False,True,True,True,False,False
UCX6OQ3DkcsbYNE6H8uQQuVA,,0,,False,,,,unclassified_missing_dates,False,True,True,True,False,False
UCX6huvcWjhC8F9veSCF8qfg,,0,,False,,,,unclassified_missing_dates,False,True,True,True,False,False
UCX7hAACtUMyqKd9vdUE3Ing,,0,,False,,,,unclassified_missing_dates,False,True,True,True,False,False
UCX8P7v-sqd32_80XcUtp0QQ,,0,,False,,,,unclassified_missing_dates,False,True,True,True,False,False
UCX8a1_AYl0ukqo2AxPiXD2Q,,0,,False,,,,unclassified_missing_dates,False,True,True,True,False,False
UCX9fk_goHeMuAmCw1AgMH-Q,,0,,False,,,,unclassified_missing_dates,False,True,True,True,False,False
UCXBYvT49OzzxQTNZqTbs0CQ,,0,,False,,,,unclassified_missing_dates,False,True,True,True,False,False
UCXCX3CwazSUH85oldh_IZZA,,1,,,,2023-10-12T20:08:58Z,2023-10-19T08:23:15Z,first_active_after_reference,False,True,False,False,False,False
UCXDfTuIagj_7GEAyh6DPpNw,,0,,False,,,,unclassified_missing_dates,False,True,True,True,False,False
UCXDk-qAM3Hj_AK8AzCBZ1YQ,ÖDP Baden-Württemberg,1,64,False,2020-08-26T19:29:43Z,2024-04-19T21:20:34Z,,unclassified_missing_dates,False,False,False,True,False,False
UCXDk4jVpo7SOhYyqg2VbYRA,OffGes - Offene Gesellschaft Kurpfalz,1,1980,False,2021-06-16T15:45:00Z,2023-06-21T21:00:04Z,,unclassified_missing_dates,False,False,False,True,False,False
UCXEmNst7zowtilX34jesd9Q,,1,,,,,,unclassified_missing_dates,False,True,True,True,False,False
UCXFOHDWFXXyB57ZgHN60mlg,,0,,False,,,,unclassified_missing_dates,False,True,True,True,False,False
UCXGB65AQV6NKD6nrejiOFlA,,0,,False,,,,unclassified_missing_dates,False,True,True,True,False,False
UCXGjTnvBQYgqrh8T8vwpXpw,,0,,False,,,,unclassified_missing_dates,False,True,True,True,False,False
UCXI1QRgFJTj2pOAUb1S3oNQ,,0,,False,,,,unclassified_missing_dates,False,True,True,True,False,False
UCXIJw9vx0APhuMBTUfNcq3w,GenocideNews,1,13,False,2021-12-17T03:35:53Z,,,unclassified_missing_dates,False,False,True,True,False,False
UCXJZipRnA_oJKw3bKmqAmag,,1,,,,,,unclassified_missing_dates,False,True,True,True,False,False
UCXJxMyp7OQIri-xad23fVsQ,ChaosMurphy,1,17,False,2010-05-08T13:39:30Z,2024-01-28T22:17:20Z,,unclassified_missing_dates,False,False,False,True,False,False
UCXKf5KWXBILJ8di7P8IL6YQ,,0,,False,,,,unclassified_missing_dates,False,True,True,True,False,False
UCXLGHJzuLC1LYYdJnlfDE9Q,,0,,False,,,,unclassified_missing_dates,False,True,True,True,False,False
UCXMPtT6TqaKVT6KhEFKtb0Q,,1,,,,,,unclassified_missing_dates,False,True,True,True,False,False
UCXMWJgSukDHjqsQs97GYn8w,,0,,False,,,,unclassified_missing_dates,False,True,True,True,False,False
UCXOsSeROilxsIPqJaiVtZBQ,,0,,False,,,,unclassified_missing_dates,False,True,True,True,False,False
UCXQ3K3TrVh58iIuRg4NROgw,Susanne Ferschl,1,19,False,2021-07-22T08:47:53Z,2023-05-09T08:49:17Z,,unclassified_missing_dates,False,False,False,True,False,False
UCXQ3_rq4EHdsFBIoypa2AMg,,0,,False,,,,unclassified_missing_dates,False,True,True,True,False,False
UCXRWMXtdgh_cHi3I_twVuEw,,0,,False,,,,unclassified_missing_dates,False,True,True,True,False,False
UCXRWn9nRf1x4peBlM5YNA-Q,Jennifer ☆ Klabunde ☆ Shivaaa,1,208,False,2011-10-19T17:44:00Z,,,unclassified_missing_dates,False,False,True,True,False,False
UCXSXIdD3uUFCfU3Eb1ZxLQA,HESSISCHER LANDTAG,1,3250,False,2014-10-09T11:57:40Z,2022-10-13T13:26:57Z,,unclassified_missing_dates,False,False,False,True,False,False
UCXSjBCJwSRG2-12o8npxvnA,,0,,False,,,,unclassified_missing_dates,False,True,True,True,False,False
UCXU1YptaLv1uxFsiXXbsnsw,,1,,,,2023-10-28T16:00:40Z,,unclassified_missing_dates,False,True,False,True,False,False
UCXUgfidhu-nFJycldJDlD9w,AlFa Tester,1,45,False,2020-04-05T11:10:39Z,2022-11-04T17:00:35Z,,unclassified_missing_dates,False,False,False,True,False,False
UCXVDdlDvbAlPvmJ2O7TWqHg,,1,,,,,,unclassified_missing_dates,False,True,True,True,False,False
UCXWdoVy9EtLxbECiIw_C0Vg,,1,,,,,,unclassified_missing_dates,False,True,True,True,False,False
UCXY4DwuI7AGtxMHrVC4AudQ,,0,,False,,2023-11-07T13:38:47Z,,unclassified_missing_dates,False,True,False,True,False,False
UCXZ7ezi93iRyJy0SJIxHaQw,Salvador Allende Haus,1,27,False,2018-03-09T14:02:16Z,,,unclassified_missing_dates,False,False,True,True,False,False
UCX_fxZayuGU0ppe8P7TqXXA,,0,,False,,,,unclassified_missing_dates,False,True,True,True,False,False
UCX_iFritVPboVxwFyn3IARQ,,0,,False,,,,unclassified_missing_dates,False,True,True,True,False,False
UCX_zVhMdSwtA8wydgqb_cHw,,0,,False,,,,unclassified_missing_dates,False,True,True,True,False,False
UCXaDGHLTqcBJzk8bnT6v-bg,,0,,False,,,,unclassified_missing_dates,False,True,True,True,False,False
UCXblBjR_ySE-fGC08zLoPTA,,1,,,,,,unclassified_missing_dates,False,True,True,True,False,False
UCXceW3shm0Q1DwJoFOjsEYw,,0,,False,,,,unclassified_missing_dates,False,True,True,True,False,False
UCXetsASI3NouFTwWKTwRKPA,,0,,False,,,,unclassified_missing_dates,False,True,True,True,False,False
UCXfrlpEqh0Yktj7zY-Pexyg,,1,,,,,,unclassified_missing_dates,False,True,True,True,False,False
UCXgu6JioPZPrHg8WhlPf66Q,,0,,False,,,,unclassified_missing_dates,False,True,True,True,False,False
UCXhbtHGKPG881y0gil-1ryA,,0,,False,,,,unclassified_missing_dates,False,True,True,True,False,False
UCXiKVi-E7Q_FSazaJka6LFA,,0,,False,,,,unclassified_missing_dates,False,True,True,True,False,False
UCXibgCWrN-3l4sDD6uWbMLg,,1,,,,,,unclassified_missing_dates,False,True,True,True,False,False
UCXlQ1vlmJ5UAq2FSg6ObXVA,FDP Thurgau,1,2,False,2022-01-19T10:33:34Z,,,unclassified_missing_dates,False,False,True,True,False,False
UCXnWOeostse7Kl1v8zh9fRQ,,0,,False,,,,unclassified_missing_dates,False,True,True,True,False,False
UCXq5FsYpJnHWXPAkf3-vRZQ,,0,,False,,,,unclassified_missing_dates,False,True,True,True,False,False
UCXqN3zD4tjQTTFTANRqu6DQ,,0,,False,,,,unclassified_missing_dates,False,True,True,True,False,False
UCXrfb7xN-St9DVrA0wU5-jQ,,1,,,,,,unclassified_missing_dates,False,True,True,True,False,False
UCXrjUfCj5j9Ysu47sGNORrA,Lucutus Borg,1,13,False,2022-01-06T21:16:48Z,2022-11-22T10:32:06Z,,unclassified_missing_dates,False,False,False,True,False,False
UCXtma5reKfI8hl7fB_bq0LQ,,0,,False,,,,unclassified_missing_dates,False,True,True,True,False,False
UCXtmeGWbySLShhGV8ooyMzA,,0,,False,,,,unclassified_missing_dates,False,True,True,True,False,False
UCXtwABke84Rp2JjJ2g7cQ_Q,,1,,,,,,unclassified_missing_dates,False,True,True,True,False,False
UCXuqbYbuTLSIfj_WTwM-_-w,,0,,False,,,,unclassified_missing_dates,False,True,True,True,False,False
UCXwQj-jQdyK19ThocZRCxgQ,,0,,False,,,,unclassified_missing_dates,False,True,True,True,False,False
UCXwsbEjx8YCT1xpeNKqvXEA,,0,,False,,,,unclassified_missing_dates,False,True,True,True,False,False
UCXxKfAJz2NH4uc8DIQAW1EQ,,1,,,,2023-11-01T08:47:12Z,2023-11-01T08:47:12Z,first_active_after_reference,False,True,False,False,False,False
UCXyZlkS5sbyHr_tutiF6X2A,,1,,,,,,unclassified_missing_dates,False,True,True,True,False,False
UCXyhiFz6Oan3pvVIscpNvNA,,0,,False,,,,unclassified_missing_dates,False,True,True,True,False,False
UCY-LpH-A63u1viZ1FYapd2Q,,1,,,,,,unclassified_missing_dates,False,True,True,True,False,False
UCY-_FJoXKqT3whRXO1WmLLQ,,1,,,,,,unclassified_missing_dates,False,True,True,True,False,False
UCY-eXsAVai8XUD_5pPlBj-Q,,0,,False,,,,unclassified_missing_dates,False,True,True,True,False,False
UCY0AWTlb0iPauJNulbZwEoA,,0,,False,,,,unclassified_missing_dates,False,True,True,True,False,False
UCY1fopjlWC_K1Kb6oXriTXw,Frankfurter Jugendring,1,12,False,2014-09-26T14:40:03Z,,,unclassified_missing_dates,False,False,True,True,False,False
UCY2L-3qJ0YXoYHV60HShHgg,,0,,False,,,,unclassified_missing_dates,False,True,True,True,False,False
UCY2xRYnwXvTxRPW2qVvg5gw,,0,,False,,2023-12-08T15:28:32Z,2023-12-08T15:28:32Z,first_active_after_reference,False,True,False,False,False,False
UCY3WwmojqMVl5flaEHtqEvg,,0,,False,,,,unclassified_missing_dates,False,True,True,True,False,False
UCY3nfMETmvqdklQZIlRZlXA,,1,,,,,,unclassified_missing_dates,False,True,True,True,False,False
UCY57X3mc4MdCMdMGQzC0CDg,,1,,,,2023-10-16T14:39:36Z,2023-10-16T14:39:36Z,first_active_after_reference,False,True,False,False,False,False
UCY7U63wWcWvasq656n83GuQ,,0,,False,,,,unclassified_missing_dates,False,True,True,True,False,False
UCY7g1R8Txa5rFTjpTyLDghg,,1,,,,2023-12-20T11:08:10Z,2023-12-20T11:08:10Z,first_active_after_reference,False,True,False,False,False,False
UCY8ClUi0EvZB0pUzOZ2s0hA,,0,,False,,,,unclassified_missing_dates,False,True,True,True,False,False
UCY8zlFHeai5-eCPrlgBg65Q,,1,,,,,,unclassified_missing_dates,False,True,True,True,False,False
UCY955VpRV3_A9V3b13_aPyQ,,0,,False,,,,unclassified_missing_dates,False,True,True,True,False,False
UCY9EBdQQNxg3zhHYpSerj9Q,,1,,,,,,unclassified_missing_dates,False,True,True,True,False,False
UCY9ezQwxOI9JR5UDgaVB5vA,,0,,False,,,,unclassified_missing_dates,False,True,True,True,False,False
UCYAphVLwnJh94ORJQErMdzg,,1,,,,,,unclassified_missing_dates,False,True,True,True,False,False
UCYCixziQqloyIQzxvsGHheg,,0,,False,,,,unclassified_missing_dates,False,True,True,True,False,False
UCYEzJBdy81wpTWhyH0TAxbQ,,0,,False,,,,unclassified_missing_dates,False,True,True,True,False,False
UCYFTKCyQGF-89aaat3b9xlA,,1,,,,,,unclassified_missing_dates,False,True,True,True,False,False
UCYFsd1veL_y0HptT4Uzcx6w,Christopher Joseph Richard,1,5,False,2021-11-08T21:28:07Z,,,unclassified_missing_dates,False,False,True,True,False,False
UCYGzSAegCCq_Pu3lZXjpvdw,,0,,False,,,,unclassified_missing_dates,False,True,True,True,False,False
UCYHZPNUii_Q8ZCJoaLpnbVQ,,0,,False,,,,unclassified_missing_dates,False,True,True,True,False,False
UCYIzV_b4kOLryxwh01_iT5w,Café Kajo,1,12,False,2020-06-18T11:53:49Z,,,unclassified_missing_dates,False,False,True,True,False,False
UCYJLx0i-0_eAQnpP5lA5pyw,Die Wohnungswirtschaft,1,1090,False,2010-06-25T06:48:11Z,2022-11-09T09:31:10Z,,unclassified_missing_dates,False,False,False,True,False,False
UCYJS08FfpV-6s_NxMRGxeEQ,Wahlen LOLY Redaktionsgebiet,1,39,False,2013-08-20T10:44:50Z,2022-10-25T07:54:02Z,,unclassified_missing_dates,False,False,False,True,False,False
UCYKcOc-sVUi0qnjMJvQdgYQ,,1,,,,,,unclassified_missing_dates,False,True,True,True,False,False
UCYMWOBfaH5yBfNzbgY6Z1Qg,,0,,False,,,,unclassified_missing_dates,False,True,True,True,False,False
UCYNF61fWM46RGzGyszINMAQ,antiverschwurbelte aktion,1,292,False,2022-05-10T12:58:32Z,2022-11-06T13:57:37Z,,unclassified_missing_dates,False,False,False,True,False,False
UCYOjBM2ZS-SdXL2eGsNmDWQ,,1,,,,,,unclassified_missing_dates,False,True,True,True,False,False
UCYQ-IZQTl7ZTXet4VFFAvQg,Hannes Kreuziger Musik,1,910,False,2011-01-22T18:12:31Z,2023-02-22T12:58:40Z,,unclassified_missing_dates,False,False,False,True,False,False
UCYQ4C_WcAjvEQiuMZhrt0gw,,0,,False,,,,unclassified_missing_dates,False,True,True,True,False,False
UCYQEyyN_2xOGoSum78OnWmQ,,0,,False,,,,unclassified_missing_dates,False,True,True,True,False,False
UCYQKXbDV3mH_OB3k6-MjEZg,,0,,False,,,,unclassified_missing_dates,False,True,True,True,False,False
UCYQibkMWhrbBU_phOgHv9XQ,,0,,False,,,,unclassified_missing_dates,False,True,True,True,False,False
UCYRmiu1U-Hy3uvdn9Pf4jJg,,0,,False,,,,unclassified_missing_dates,False,True,True,True,False,False
UCYTBVEa7ILMM_Y4SLyi2RDw,,1,,,,,,unclassified_missing_dates,False,True,True,True,False,False
UCYULP_UbQy4Lz3piG_p91NQ,Yge Duss,1,13,False,2012-02-12T02:23:18Z,,,unclassified_missing_dates,False,False,True,True,False,False
UCYVA4mLbT998T06uGk1NMvg,,0,,False,,,,unclassified_missing_dates,False,True,True,True,False,False
UCYXBhhG8N7VHNM8jYbLAX-g,,1,,,,,,unclassified_missing_dates,False,True,True,True,False,False
UCYXS4LxveWc1cSjJaKITJ1A,,0,,False,,,,unclassified_missing_dates,False,True,True,True,False,False
UCYZIxDReGkQyAajSiSiOCEg,,0,,False,,,,unclassified_missing_dates,False,True,True,True,False,False
UCYaJQnpO4XAp0yCgqzMkmfA,,0,,False,,,,unclassified_missing_dates,False,True,True,True,False,False
UCYafXfDVjqWnYhTbSGpWJPA,Die GRÜNEN Salzburg,1,232,False,2011-10-11T09:54:49Z,2023-02-28T11:09:45Z,,unclassified_missing_dates,False,False,False,True,False,False
UCYbTA1Gt7Iohiya8e1o_Xyg,,0,,False,,,,unclassified_missing_dates,False,True,True,True,False,False
UCYcfR8isBfe45h-KBewVKug,,0,,False,,,,unclassified_missing_dates,False,True,True,True,False,False
UCYdJGUTkAeZRXhX1EATV97w,Matthias Wolff,1,7,False,2015-05-05T19:11:15Z,,,unclassified_missing_dates,False,False,True,True,False,False
UCYdqweKnCUYMR_U39R49iJg,Susanne ☀️ (auch Susi hat recht. LG),1,66,False,2021-12-11T06:51:46Z,2022-10-27T08:21:11Z,,unclassified_missing_dates,False,False,False,True,False,False
UCYe3C9caldsvCBdEjbuLKOg,Grüne Stuttgart,1,450,False,2017-07-17T07:32:44Z,2023-06-29T08:14:34Z,,unclassified_missing_dates,False,False,False,True,False,False
UCYejXX7m7r2SduhrAjUdVfA,,1,,,,,,unclassified_missing_dates,False,True,True,True,False,False
UCYemRO_E1nHhTKoBOtXh8Hg,,1,,,,,,unclassified_missing_dates,False,True,True,True,False,False
UCYgwD2FwfExNhQMvNDeIFFg,Birgit Bergmann,1,11,False,2021-03-27T17:03:36Z,,,unclassified_missing_dates,False,False,True,True,False,False
UCYhVPAY0GrnqFnx2_kuyZAQ,,0,,False,,,,unclassified_missing_dates,False,True,True,True,False,False
UCYi6mbNMsoFDBAAT7Uq9E_g,,0,,False,,,,unclassified_missing_dates,False,True,True,True,False,False
UCYjJeNVpgjAz-Sv4dhs13VQ,,0,,False,,,,unclassified_missing_dates,False,True,True,True,False,False
UCYjccOK-nbGmJ-CgXoadATA,AsoperHD,1,338,False,2022-05-01T08:57:39Z,2022-10-08T17:27:30Z,,unclassified_missing_dates,False,False,False,True,False,False
UCYjvPqbesw2KG7GGPNxotoA,,1,,,,,,unclassified_missing_dates,False,True,True,True,False,False
UCYkA3Fk7MHyazFaYmhbanpg,Für Gerechtigkeit und Frieden 2.0,1,294,False,2020-12-18T09:21:43Z,,,unclassified_missing_dates,False,False,True,True,False,False
UCYlLBzoBhiFhD6AspBbbm-g,,0,,False,,,,unclassified_missing_dates,False,True,True,True,False,False
UCYlgY3DFqZx-XpJI5LrcU1A,,1,,,,,,unclassified_missing_dates,False,True,True,True,False,False
UCYqJyWHRC3Y0hemyAn14_5Q,,0,,False,,,,unclassified_missing_dates,False,True,True,True,False,False
UCYqMjAhb_5jpKjdLCBpsLvg,,0,,False,,,,unclassified_missing_dates,False,True,True,True,False,False
UCYqtR8fl3C4DaitGPXJZrzA,,0,,False,,,,unclassified_missing_dates,False,True,True,True,False,False
UCYrACr7Sh0DCBjGjJcaHIvw,,1,,,,,,unclassified_missing_dates,False,True,True,True,False,False
UCYrhZOqBB4PMtxO0iYy_Ljw,,0,,False,,2023-10-15T17:00:14Z,,unclassified_missing_dates,False,True,False,True,False,False
UCYsdT8GXzBu2SpdjMLXDk-Q,Theodor Fliedner Stiftung,1,56,False,2018-02-15T10:32:03Z,2023-10-10T12:37:36Z,,unclassified_missing_dates,False,False,False,True,False,False
UCYtShjBMMqhTy2YKxE5-mLw,,0,,False,,,,unclassified_missing_dates,False,True,True,True,False,False
UCYtVX2moo0xyTp8FA4Er-uw,,0,,False,,,,unclassified_missing_dates,False,True,True,True,False,False
UCYtqcbhuWzDf157Mw8DBZvA,,0,,False,,,,unclassified_missing_dates,False,True,True,True,False,False
UCYv9A8R8bHL2CFMnkmP8G8w,Rosa-Luxemburg-Stiftung Baden-Württemberg,1,254,False,2014-05-13T15:10:24Z,2023-04-24T07:00:06Z,,unclassified_missing_dates,False,False,False,True,False,False
UCYvth8ILJ3dAqjEv3KpiWhQ,Gold Status,1,4670,False,2020-05-17T09:35:50Z,2022-10-09T06:11:33Z,,unclassified_missing_dates,False,False,False,True,False,False
UCYwow5gXnpbul5-IX2hZGLg,,0,,False,,,,unclassified_missing_dates,False,True,True,True,False,False
UCYx8iQjrUAyAw78P2sAoGOw,Elmsfeuer,1,4650,False,2014-04-09T18:36:06Z,2022-10-10T18:18:21Z,,unclassified_missing_dates,False,False,False,True,False,False
UCYx_nM2zjy_c90MY_cc03LQ,,1,,,,,,unclassified_missing_dates,False,True,True,True,False,False
UCYy4TS8M6VrbpttWvx6Xobg,,1,,,,,,unclassified_missing_dates,False,True,True,True,False,False
UCYyNJ4bpFQGTIxVHHYRwjHw,SPD Emsdetten,1,13,False,2021-01-26T08:46:39Z,,,unclassified_missing_dates,False,False,True,True,False,False
UCYye3QNktTBHuZe_sG0hZ5w,Roland Zitzmann,1,5,False,2020-12-22T20:14:32Z,,,unclassified_missing_dates,False,False,True,True,False,False
UCYzky4pqvVpPnlPlRpwsWOg,,1,,,,,,unclassified_missing_dates,False,True,True,True,False,False
UCZ1_xFrRSGUgcUmqqv-1tvA,,1,,,,,,unclassified_missing_dates,False,True,True,True,False,False
UCZ49FkRA1goELKlWzq0xH_w,,0,,False,,,,unclassified_missing_dates,False,True,True,True,False,False
UCZ4ERERu-VpQrEYZB00QJ2g,,0,,False,,2023-11-15T05:02:22Z,,unclassified_missing_dates,False,True,False,True,False,False
UCZ4ii6Mw7urvn2LeyKVGaOA,,0,,False,,,,unclassified_missing_dates,False,True,True,True,False,False
UCZ5TR4KFbxH997JuFmAj8iQ,,1,,,,,,unclassified_missing_dates,False,True,True,True,False,False
UCZ5y23FFn4RhqyyEFthk_4Q,,1,,,,,,unclassified_missing_dates,False,True,True,True,False,False
UCZ65D3TF47ByLuTd-jW6c9w,,0,,False,,,,unclassified_missing_dates,False,True,True,True,False,False
UCZ6KSEOOmffjZGoFcs0-a4Q,DIE LINKE. Kreisverband Ravensburg,1,19,False,2020-11-10T17:30:17Z,,,unclassified_missing_dates,False,False,True,True,False,False
UCZ79-UOm9NT8rn08OaxiRwA,Markus Plenk,1,1530,False,2020-01-21T22:03:50Z,,,unclassified_missing_dates,False,False,True,True,False,False
UCZ88KoKgoEetMyy0BDD6OIg,,1,,,,,,unclassified_missing_dates,False,True,True,True,False,False
UCZ8uaKXtz4oLB_bOJTNDXcQ,,1,,,,,,unclassified_missing_dates,False,True,True,True,False,False
UCZA2bBi7HBguTChlm-w46AQ,,0,,False,,,,unclassified_missing_dates,False,True,True,True,False,False
UCZAFbG0IIjRZ30K7OuOUvBA,CDU KV COESFELD,1,26,False,2019-06-04T18:03:42Z,2025-01-31T13:28:54Z,,unclassified_missing_dates,False,False,False,True,False,False
UCZApr4Cfy5b9ZbQdLM6clAw,,0,,False,,,,unclassified_missing_dates,False,True,True,True,False,False
UCZBz3Ov6M_125aaI9h2Zq9Q,,0,,False,,,,unclassified_missing_dates,False,True,True,True,False,False
UCZCF9bIPHIeh3UtIWJJgwAQ,Politheke,1,32,False,2021-05-02T16:19:43Z,,,unclassified_missing_dates,False,False,True,True,False,False
UCZCyK91Q4Cw5l9EEffQCw9w,,0,,False,,,,unclassified_missing_dates,False,True,True,True,False,False
UCZDSz1E3rJ18vefmK7Hw4YA,,0,,False,,,,unclassified_missing_dates,False,True,True,True,False,False
UCZE1dSoWmUZsmdKUHxWPT8g,Reim Gold,1,80,False,2012-09-17T07:33:29Z,,,unclassified_missing_dates,False,False,True,True,False,False
UCZEvQBReSs1EV5cOLhco1sg,,0,,False,,,,unclassified_missing_dates,False,True,True,True,False,False
UCZF1I3FBZGkoxkDLzHZC_Ew,,0,,False,,,,unclassified_missing_dates,False,True,True,True,False,False
UCZF94Kepv-4W0EvKIDnhABw,,0,,False,,,,unclassified_missing_dates,False,True,True,True,False,False
UCZFVs3I9b2yDMliRMXZ0-Kg,,0,,False,,,,unclassified_missing_dates,False,True,True,True,False,False
UCZG0HWW0v08ZYMWIGx4SiLQ,,1,,,,,,unclassified_missing_dates,False,True,True,True,False,False
UCZGdflp1azzBw2AoUEfxW1Q,,0,,False,,,,unclassified_missing_dates,False,True,True,True,False,False
UCZH2PaWG77d33GW6IGVEPeQ,,1,,,,,,unclassified_missing_dates,False,True,True,True,False,False
UCZH2e9IqVUyIQaPAvlL_4aA,,0,,False,,,,unclassified_missing_dates,False,True,True,True,False,False
UCZJFECewSRnXpiZ1Ndmhnhg,,1,,,,2023-10-14T16:00:05Z,2023-10-14T16:00:05Z,first_active_after_reference,False,True,False,False,False,False
UCZMGtEEAVIIA-B63TVoRJoA,WZ68,1,106,False,2007-11-10T16:20:24Z,2023-04-12T17:33:42Z,,unclassified_missing_dates,False,False,False,True,False,False
UCZN1pRdgFqUWqEjAgyowl-A,,0,,False,,,,unclassified_missing_dates,False,True,True,True,False,False
UCZQMKWW7f2FdBkuiFr86mlQ,,0,,False,,,,unclassified_missing_dates,False,True,True,True,False,False
UCZRBR3akLOdeW6GV3hd8H-Q,TV Halle,1,1060,False,2011-09-23T14:08:50Z,2022-10-07T15:30:06Z,,unclassified_missing_dates,False,False,False,True,False,False
UCZRL69D8zAHzQ97GVomP3-A,,0,,False,,,,unclassified_missing_dates,False,True,True,True,False,False
UCZTypxrsRcwPbmzZ4QP7v1w,,0,,False,,2023-11-11T04:10:22Z,,unclassified_missing_dates,False,True,False,True,False,False
UCZUCsOLFqeLHh2Urf06O8NA,,0,,False,,,,unclassified_missing_dates,False,True,True,True,False,False
UCZUbeYq2MLyeFVQifFE-rfw,,0,,False,,,,unclassified_missing_dates,False,True,True,True,False,False
UCZVBouQDu5Sbilkp_ojIgvA,,0,,False,,,,unclassified_missing_dates,False,True,True,True,False,False
UCZVg7fGr_7zI_uudGfSEuTQ,Mediacoustics Multimedia,1,5050,False,2015-11-01T06:03:59Z,2023-04-19T14:02:05Z,,unclassified_missing_dates,False,False,False,True,False,False
UCZWm4YlmO2efAg6KOv1tisw,,0,,False,,,,unclassified_missing_dates,False,True,True,True,False,False
UCZWx2RSBHek3X6oVScc7Czw,,0,,False,,,,unclassified_missing_dates,False,True,True,True,False,False
UCZX7rlGGfQBy5EII5k6OYEg,,1,,,,,,unclassified_missing_dates,False,True,True,True,False,False
UCZYjcFIj-b_fqgYx8MAlBVw,,0,,False,,,,unclassified_missing_dates,False,True,True,True,False,False
UCZZdgI5F7KjUCW0fCKUOAAg,,0,,False,,,,unclassified_missing_dates,False,True,True,True,False,False
UCZaE6fY-3Zt_bGElUCnIW8A,,0,,False,,,,unclassified_missing_dates,False,True,True,True,False,False
UCZadE7XSXL-3FBqeRYNfrUA,,0,,False,,,,unclassified_missing_dates,False,True,True,True,False,False
UCZbHVHQ2lHfV38y1eJmE5yg,Für Heimatliebe & Gerechtigkeit,1,1510,False,2018-12-28T18:58:11Z,,,unclassified_missing_dates,False,False,True,True,False,False
UCZbV6XP5PR5_vAN6PozhXig,,1,,,,,,unclassified_missing_dates,False,True,True,True,False,False
UCZcZTiq-9N0gPeq25yREKwg,Zukunftsrat der CDU,1,14,False,2021-06-16T15:20:44Z,,,unclassified_missing_dates,False,False,True,True,False,False
UCZduYtQPQrvjKh4hE04vb9Q,,1,,,,,,unclassified_missing_dates,False,True,True,True,False,False
UCZeUq6T0yBKhlq8ZiRB_A3Q,,0,,False,,,,unclassified_missing_dates,False,True,True,True,False,False
UCZf9V62QBJzghnWNhP_1KEQ,,1,,,,,,unclassified_missing_dates,False,True,True,True,False,False
UCZfoWIPSzOP40lCDnliZODw,,1,,,,,,unclassified_missing_dates,False,True,True,True,False,False
UCZgxUWITqFMwFa_Exp4r_-g,,0,,False,,,,unclassified_missing_dates,False,True,True,True,False,False
UCZh4i5HT_r-9RcCOXMxuGiQ,,0,,False,,,,unclassified_missing_dates,False,True,True,True,False,False
UCZhHp7BSwU-celiJelSisuA,Modellbahnfreak,1,3920,False,2006-11-19T11:52:33Z,,,unclassified_missing_dates,False,False,True,True,False,False
UCZjC7NZ1GO118YUv6ckdPOA,,1,,,,,,unclassified_missing_dates,False,True,True,True,False,False
UCZja_1Dvgsh_9apAu9fdYsg,,1,,,,,,unclassified_missing_dates,False,True,True,True,False,False
UCZjmFD8bEvn_eMnrFSav1hA,,0,,False,,,,unclassified_missing_dates,False,True,True,True,False,False
UCZk7oNJVjoRKqdaXIvNkXhA,Wibke Brems,1,103,False,2009-08-18T21:22:54Z,2022-11-07T09:41:32Z,,unclassified_missing_dates,False,False,False,True,False,False
UCZl2qRGf8KxHUTC-eAVv5KA,CDU-Georgsmarienhütte,1,10,False,2020-12-07T12:13:21Z,,,unclassified_missing_dates,False,False,True,True,False,False
UCZmLIvddJgLeN5t5e_qAOWg,,1,,,,,,unclassified_missing_dates,False,True,True,True,False,False
UCZnKZyRj22Wbw_h3lOwn2zA,,0,,False,,,,unclassified_missing_dates,False,True,True,True,False,False
UCZnh9VcT6dsJBhgalZogKzg,Frankyyy2019,1,472,False,2019-03-16T18:20:56Z,2023-02-19T14:56:01Z,,unclassified_missing_dates,False,False,False,True,False,False
UCZoCDBLO22UhYUTTULnuy0A,,0,,False,,,,unclassified_missing_dates,False,True,True,True,False,False
UCZosywN4j-rDTMRX06iIyOw,,0,,False,,,,unclassified_missing_dates,False,True,True,True,False,False
UCZqJKUTmgB-cffFSzL3ENJA,,0,,False,,,,unclassified_missing_dates,False,True,True,True,False,False
UCZsfrfogsh2nYOY229styGQ,,0,,False,,,,unclassified_missing_dates,False,True,True,True,False,False
UCZsjNzDFtZGS82bmHKbv0IA,,0,,False,,,,unclassified_missing_dates,False,True,True,True,False,False
UCZv46RcqWMaNCpb_ymFm4bQ,,1,,,,,,unclassified_missing_dates,False,True,True,True,False,False
UCZvS_E2ZuRsM7HVPSESv7Aw,,0,,False,,,,unclassified_missing_dates,False,True,True,True,False,False
UCZw-mfUL-wycuNvrkg92-Gw,,0,,False,,,,unclassified_missing_dates,False,True,True,True,False,False
UCZwO624_8D6zs9VHR39FxFQ,,0,,False,,,,unclassified_missing_dates,False,True,True,True,False,False
UCZwSHOlEYg0YpElEOosOSgw,Stiftung Gemeinwohl-Ökonomie NRW,1,26,False,2020-03-17T19:18:56Z,,,unclassified_missing_dates,False,False,True,True,False,False
UCZxjLcWjiH79kHsOp4nnx9w,,1,,,,,,unclassified_missing_dates,False,True,True,True,False,False
UCZy2WrFXuOImTf92adSGPmQ,Landesverband der Hebammen NRW e.V.,1,11,False,2022-03-08T11:44:05Z,,,unclassified_missing_dates,False,False,True,True,False,False
UCZyn42yXqjvU46zGPozhVag,,0,,False,,,,unclassified_missing_dates,False,True,True,True,False,False
UC_-KUXwopDhXeMVtgCES5Rw,,1,,,,,,unclassified_missing_dates,False,True,True,True,False,False
UC_-VwA-vbgP_Gx8HzH8mP6Q,,0,,False,,,,unclassified_missing_dates,False,True,True,True,False,False
UC_-iLZBvkR6HLZel8jH8mEw,,0,,False,,,,unclassified_missing_dates,False,True,True,True,False,False
UC_0QUnSIxbLObQyKmUsDYtw,,0,,False,,,,unclassified_missing_dates,False,True,True,True,False,False
UC_2NzTch3y4QDD_XPaOzMgA,,0,,False,,,,unclassified_missing_dates,False,True,True,True,False,False
UC_3OHfgPtYZL_AL-4CDT5yA,Gewerkschaft der Honigschaben,1,10,False,2020-04-02T22:00:47Z,2022-12-01T12:02:21Z,,unclassified_missing_dates,False,False,False,True,False,False
UC_4qEj-5T1Vzp1wTfaJiBRA,Die Grünen Unna,1,20,False,2018-06-06T12:15:21Z,,,unclassified_missing_dates,False,False,True,True,False,False
UC_4yTTdvuPgrvJod4F9v5uw,Oberaichwald,1,341,False,2015-08-26T12:41:57Z,2022-10-12T09:59:11Z,,unclassified_missing_dates,False,False,False,True,False,False
UC_7Ah7gHjoo9NoW4QknHE4Q,,0,,False,,,,unclassified_missing_dates,False,True,True,True,False,False
UC_7VP05ZihWHUDPO9cbXazw,Udo Heinz,1,112,False,2014-09-22T08:37:14Z,2025-01-17T20:14:45Z,,unclassified_missing_dates,False,False,False,True,False,False
UC_7WAi381nNUFf34xkSCsnQ,,1,,,,,,unclassified_missing_dates,False,True,True,True,False,False
UC_7echMxyBG_PpdfdIXKPpQ,,0,,False,,,,unclassified_missing_dates,False,True,True,True,False,False
UC_8LGFv0ZPFkjP_TwmKkJIw,Immer-wieder-lustig,1,0,False,2021-09-24T13:30:05Z,,,unclassified_missing_dates,False,False,True,True,False,False
UC_A9zn_RVHTs7etBeTjvUbg,,0,,False,,,,unclassified_missing_dates,False,True,True,True,False,False
UC_Ah-U3xkl4DsmXjfGihPHg,,0,,False,,,,unclassified_missing_dates,False,True,True,True,False,False
UC_BlT2L1RgHqDI8_1wdK4iQ,,1,,,,,,unclassified_missing_dates,False,True,True,True,False,False
UC_C-2oaP7BvbBJ6yOXZzn4Q,,1,,,,,,unclassified_missing_dates,False,True,True,True,False,False
UC_C3JgjYWiCK-XwxlVzjGBg,,0,,False,,,,unclassified_missing_dates,False,True,True,True,False,False
UC_DbE4TFHqsZEEmBWj5Pcdw,,0,,False,,,,unclassified_missing_dates,False,True,True,True,False,False
UC_EFYVOT9I6IgZclHLaYHWg,,1,,,,,,unclassified_missing_dates,False,True,True,True,False,False
UC_ElyERZdtfcrF2mYLsi84g,,0,,False,,,,unclassified_missing_dates,False,True,True,True,False,False
UC_Eo3zkdikz-E15gyF_QXig,,1,,,,,,unclassified_missing_dates,False,True,True,True,False,False
UC_GpARpCNxK30ktJYFWNT8Q,,0,,False,,,,unclassified_missing_dates,False,True,True,True,False,False
UC_HAeQu1NsEjLdA6QcxD7Cw,,0,,False,,,,unclassified_missing_dates,False,True,True,True,False,False
UC_HBOpvjLXEzCXup3VzUNDg,,1,,,,,,unclassified_missing_dates,False,True,True,True,False,False
UC_IN_egLny58sdD6LQ20Q5A,,0,,False,,,,unclassified_missing_dates,False,True,True,True,False,False
UC_Ik8sj3lI5H1V_d-ToPTNQ,Familienmensch Jens Hatzig,1,2190,False,2022-05-23T15:19:45Z,2022-10-10T20:22:09Z,,unclassified_missing_dates,False,False,False,True,False,False
UC_JIqxF4eJ7MFwtmlOPRQIQ,Maneköpp,1,131,False,2020-09-15T12:17:55Z,,,unclassified_missing_dates,False,False,True,True,False,False
UC_JswVUnwitleiVEDoGgePA,,0,,False,,,,unclassified_missing_dates,False,True,True,True,False,False
UC_KY7UeM41MkvV7e83lRIrg,,1,,,,,,unclassified_missing_dates,False,True,True,True,False,False
UC_LX8Vt5dYTHY8nUL5lJltQ,Pittychen,1,1130,False,2011-10-06T06:16:52Z,2022-10-07T16:30:05Z,,unclassified_missing_dates,False,False,False,True,False,False
UC_MY-XQLjY-CN7gNxBk7ZHg,,1,,,,,,unclassified_missing_dates,False,True,True,True,False,False
UC_MiIfnKQOwVvmRpiELpWXw,,0,,False,,,,unclassified_missing_dates,False,True,True,True,False,False
UC_NYUxBZO2L9kNHGAtUPVRA,Mon D Pay,1,101,False,2013-08-24T09:18:15Z,,,unclassified_missing_dates,False,False,True,True,False,False
UC_NbPxWX8pTEPO9-we1R_-A,Matthias Krause,1,374,False,2021-03-25T11:30:05Z,,,unclassified_missing_dates,False,False,True,True,False,False
UC_NhGKSlcJoARIpaBQULAZw,,0,,False,,,,unclassified_missing_dates,False,True,True,True,False,False
UC_Ohgpz2iZu8l7SSLozHXmQ,,1,,,,,,unclassified_missing_dates,False,True,True,True,False,False
UC_Oj752vjf3IsdaiM3vvSUA,,0,,False,,,,unclassified_missing_dates,False,True,True,True,False,False
UC_QPAR9vO7yYYkMxH-j1kdg,Warner Bros. Comedy Deutschland,1,4290,False,2021-10-29T09:37:45Z,,,unclassified_missing_dates,False,False,True,True,False,False
UC_RBqOuB2Wurl9yXPYnO-Zg,,0,,False,,,,unclassified_missing_dates,False,True,True,True,False,False
UC_RVjV2YaujEBbeegTUU-zA,,0,,False,,,,unclassified_missing_dates,False,True,True,True,False,False
UC_SgPVgh822H37eIHiJN3NA,,1,,,,2023-12-27T15:48:49Z,,unclassified_missing_dates,False,True,False,True,False,False
UC_U4XsA_C-UTNC7pSLrOPow,,0,,False,,,,unclassified_missing_dates,False,True,True,True,False,False
UC_UUBirIvY1Kysvy7y40jMg,,1,,,,,,unclassified_missing_dates,False,True,True,True,False,False
UC_UawZJ3PHJsYiNntsA25-A,DIE LINKE Marburg-Biedenkopf,1,8,False,2021-02-01T20:21:27Z,,,unclassified_missing_dates,False,False,True,True,False,False
UC_VJOvPdULL2TmOIgNt7iOw,,0,,False,,,,unclassified_missing_dates,False,True,True,True,False,False
UC_XjJww1vvPeKrnbCMF9koA,,0,,False,,,,unclassified_missing_dates,False,True,True,True,False,False
UC_Y3tw9_ckfhbsPDoAWe9Eg,,0,,False,,,,unclassified_missing_dates,False,True,True,True,False,False
UC_YgNF7oYRFBW5_saxfcSKg,,0,,False,,,,unclassified_missing_dates,False,True,True,True,False,False
UC_Yjd4whWL_yj7_pZHka2Dw,,1,,,,,,unclassified_missing_dates,False,True,True,True,False,False
UC_Yv8xSxSEYloIY53fpwA7Q,DGB-Region Köln-Bonn,1,40,False,2016-06-21T08:31:37Z,2022-11-24T09:01:48Z,,unclassified_missing_dates,False,False,False,True,False,False
UC_Yxx898_ztm85oRrS0H6mQ,,1,,,,,,unclassified_missing_dates,False,True,True,True,False,False
UC_Z8V4e4zkMTOBEV812Tg-w,,0,,False,,,,unclassified_missing_dates,False,True,True,True,False,False
UC__2_0RJ8XnHt2angfw6S1Q,,0,,False,,,,unclassified_missing_dates,False,True,True,True,False,False
UC__zQMC-bjjF8hkxJC2ieow,,0,,False,,,,unclassified_missing_dates,False,True,True,True,False,False
UC_afZyLbbm0MZiLVW8jxhGA,,1,,,,,,unclassified_missing_dates,False,True,True,True,False,False
UC_fEuJgUYdmLEowFiAWOVXQ,,0,,False,,,,unclassified_missing_dates,False,True,True,True,False,False
UC_fZ0MODA4SdVS7umLkVZ6Q,Liebe & Wahrheit - Blumen der Freiheit,1,5120,False,2020-10-24T17:11:20Z,2022-10-07T10:35:00Z,,unclassified_missing_dates,False,False,False,True,False,False
UC_gRn5J0OsOq8qphJzTJ_-Q,,0,,False,,,,unclassified_missing_dates,False,True,True,True,False,False
UC_hd0BKj14-VV0z05fftFXA,,1,,,,,,unclassified_missing_dates,False,True,True,True,False,False
UC_iVTdLXVJ2BISl2q_RTs9g,,0,,False,,,,unclassified_missing_dates,False,True,True,True,False,False
UC_jRWHgjEiilYyjUuELpBxg,,1,,,,,,unclassified_missing_dates,False,True,True,True,False,False
UC_jtUEDD_VLhBu_k2yJXiLQ,,1,,,,,,unclassified_missing_dates,False,True,True,True,False,False
UC_l0U9GUCNxSnu-jbJnnhxA,,1,,,,,,unclassified_missing_dates,False,True,True,True,False,False
UC_ldYkhB5nYwoScBfFuFrvQ,,0,,False,,,,unclassified_missing_dates,False,True,True,True,False,False
UC_lwExNeGsEGZkaF0q3kEgA,,1,,,,2023-10-28T20:24:15Z,,unclassified_missing_dates,False,True,False,True,False,False
UC_m7nPGsTN0BwvKKbTilV_w,,1,,,,,,unclassified_missing_dates,False,True,True,True,False,False
UC_oeuC6ud9LBT7DJzot2BrA,,0,,False,,,,unclassified_missing_dates,False,True,True,True,False,False
UC_ofnF3VDl02IAO32EJM5TA,Der PARITÄTISCHE Regionalverbund Alb-Donau-Riss,1,3,False,2021-03-05T08:40:35Z,,,unclassified_missing_dates,False,False,True,True,False,False
UC_ou4z87LFJ36U-5U7tn_Lw,,0,,False,,,,unclassified_missing_dates,False,True,True,True,False,False
UC_pNrYdYyv0J5TLfLKjLjzw,Linksfraktion MV,1,255,False,2010-12-07T21:25:19Z,2023-03-08T16:06:23Z,,unclassified_missing_dates,False,False,False,True,False,False
UC_q-zk9vPxE9wPQwg1JmoVw,,0,,False,,,,unclassified_missing_dates,False,True,True,True,False,False
UC_q_FwseLVZ8LpS1lHQi7IA,,1,,,,,,unclassified_missing_dates,False,True,True,True,False,False
UC_rhGPc3MursIWlxgQDOrZA,IQ-BOOSTER,1,54,False,2021-12-05T13:28:41Z,2023-01-08T13:00:10Z,,unclassified_missing_dates,False,False,False,True,False,False
UC_s7j5sgnMWoyP-aCS4y3Bw,,1,,,,2023-11-29T13:14:02Z,2023-11-29T13:14:02Z,first_active_after_reference,False,True,False,False,False,False
UC_tZ8sG2Ol0rdB9GI7DRTng,,1,,,,,,unclassified_missing_dates,False,True,True,True,False,False
UC_txCTh0uaQVuYBMOM9b9rg,,0,,False,,,,unclassified_missing_dates,False,True,True,True,False,False
UC_vLFXwlByZ8d6JPeOKMVjw,,0,,False,,,,unclassified_missing_dates,False,True,True,True,False,False
UC_wQ5UJO0JD-Zxwqr5ccqmw,,1,,,,,,unclassified_missing_dates,False,True,True,True,False,False
UC_x7fJo0tv4w60WJUPoC-lg,,1,,,,,,unclassified_missing_dates,False,True,True,True,False,False
UC_yXEx3-Gk5drg9qhPzSQSg,,0,,False,,,,unclassified_missing_dates,False,True,True,True,False,False
UC_yvgiOirC05Ch1g4QyECSw,,0,,False,,,,unclassified_missing_dates,False,True,True,True,False,False
UC_zC2fssqwY-1wajol6OXuw,,0,,False,,,,unclassified_missing_dates,False,True,True,True,False,False
UC_zLhjc-eCAbnW6kHBOb1OQ,,0,,False,,,,unclassified_missing_dates,False,True,True,True,False,False
UCa-XRgnhqenovCoAMgLbX4Q,,0,,False,,,,unclassified_missing_dates,False,True,True,True,False,False
UCa0Du_KPXdN11f-t2z-SZ6A,,1,,,,,,unclassified_missing_dates,False,True,True,True,False,False
UCa0Y8vWyCjk7h_3_OKC_ZaQ,Neulandkrieger,1,378,False,2022-02-13T19:53:55Z,2022-12-30T23:19:10Z,,unclassified_missing_dates,False,False,False,True,False,False
UCa1reERv369pVWFdB7gD2dg,,0,,False,,,,unclassified_missing_dates,False,True,True,True,False,False
UCa1z5Z6B3RD1Enbf5v5FGVQ,,0,,False,,,,unclassified_missing_dates,False,True,True,True,False,False
UCa2LkWJmTXAWmR3zbBNXCCA,,0,,False,,,,unclassified_missing_dates,False,True,True,True,False,False
UCa4Q7z4KbWhBL9xQ3HIRBYQ,,1,,,,,,unclassified_missing_dates,False,True,True,True,False,False
UCa4jgyom4OM02iliQ8d-aww,Winfried-Asprion,1,7,False,2020-11-12T17:04:04Z,,,unclassified_missing_dates,False,False,True,True,False,False
UCa64Z5S3s3FqlLI1jnSXzAw,,0,,False,,,,unclassified_missing_dates,False,True,True,True,False,False
UCa67VxgKh1I6nErrEzOXjPQ,HnxTv,1,1500,False,2011-10-03T22:47:27Z,2022-10-23T16:51:12Z,,unclassified_missing_dates,False,False,False,True,False,False
UCa6TldtxHM-P1OxHuWBOOvg,,0,,False,,,,unclassified_missing_dates,False,True,True,True,False,False
UCa7oDc6Aat-KyW2uPajGvgg,,0,,False,,,,unclassified_missing_dates,False,True,True,True,False,False
UCa8tIxOVETXgLeL3GtkT_nQ,"Carsten Träger, Mitglied des Bundestags SPD",1,45,False,2014-12-08T13:26:35Z,2022-11-11T12:57:00Z,,unclassified_missing_dates,False,False,False,True,False,False
UCa8yFHzOJvTypBPQQxQjBmQ,,0,,False,,,,unclassified_missing_dates,False,True,True,True,False,False
UCa9-o92BhcRUvbQDOq5_AyA,,1,,,,,,unclassified_missing_dates,False,True,True,True,False,False
UCa9KIgwo3HQl0Ziem42g84A,,1,,,,,,unclassified_missing_dates,False,True,True,True,False,False
UCaA99OKE4VisezV7nHuLz6w,Ulrich Heyden,1,4850,False,2016-02-06T20:55:00Z,2022-10-16T09:18:07Z,,unclassified_missing_dates,False,False,False,True,False,False
UCaAQSaOUB5C6MC0MLXBIrVQ,,0,,False,,,,unclassified_missing_dates,False,True,True,True,False,False
UCaAhZTk3jWC6wrs-jXGta-g,,1,,,,,,unclassified_missing_dates,False,True,True,True,False,False
UCaAlQFGzwp-2vhuvVwlOm2A,SPD Hann. Münden,1,20,False,2020-04-29T10:55:29Z,,,unclassified_missing_dates,False,False,True,True,False,False
UCaCEX7lTKaBHYXZCHCKtJVQ,CDU-Kreisverband Gütersloh,1,5,False,2022-04-11T10:39:27Z,2025-09-02T11:27:23Z,,unclassified_missing_dates,False,False,False,True,False,False
UCaCaZ-vKtnMG2_FKmEePChQ,,1,,,,,,unclassified_missing_dates,False,True,True,True,False,False
UCaEOUIfQACh3avHulki8-OQ,,1,,,,,,unclassified_missing_dates,False,True,True,True,False,False
UCaL-SRSexfnZ6mzF8VIGGMA,- BadaSGod-,1,1060,False,2015-10-31T21:28:23Z,2022-10-07T21:19:17Z,,unclassified_missing_dates,False,False,False,True,False,False
UCaN0O6foctkOQR39081FK_g,AfD-Ratsfraktion Chemnitz,1,599,False,2020-01-21T15:23:38Z,2022-11-25T13:32:46Z,,unclassified_missing_dates,False,False,False,True,False,False
UCaN3OzP4lfvsNSzEQANc1oQ,Grüne in Steinburg,1,6,False,2020-09-08T18:11:25Z,,,unclassified_missing_dates,False,False,True,True,False,False
UCaNNTYPz18J-juwTo-0Ngjg,,0,,False,,,,unclassified_missing_dates,False,True,True,True,False,False
UCaNQy4gxo-8Qva3-2slwsnw,CDU Kreistagsfraktion Rhein-Erft-Kreis,1,108,False,2014-10-08T11:53:08Z,,,unclassified_missing_dates,False,False,True,True,False,False
UCaNW9nyPidTWcmeyS_tlfuw,,1,,,,,,unclassified_missing_dates,False,True,True,True,False,False
UCaOc0xm1OrfuLeoV5yb38fQ,,0,,False,,,,unclassified_missing_dates,False,True,True,True,False,False
UCaQ7OqYw62bil4yXWEyC08g,WebPhysik,1,3580,False,2012-10-05T07:26:19Z,2023-04-19T16:42:03Z,,unclassified_missing_dates,False,False,False,True,False,False
UCaQmQL8V5AUFSn90t-QJjNA,Grüne Lübeck,1,71,False,2016-10-14T15:02:47Z,2022-11-04T16:04:35Z,,unclassified_missing_dates,False,False,False,True,False,False
UCaQpR2zHjvm09d8_Zp8jPsA,,0,,False,,2023-02-11T09:52:57Z,,unclassified_missing_dates,False,True,False,True,False,False
UCaR-PX_ZMJty3cH8PlxTiCA,,1,,,,,,unclassified_missing_dates,False,True,True,True,False,False
UCaRatiA9cSB248RYF_7PrRw,Aktionsgemeinschaft Soziale Marktwirtschaft LIVE,1,362,False,2015-07-30T07:18:55Z,2022-11-10T17:46:45Z,,unclassified_missing_dates,False,False,False,True,False,False
UCaRd_dkl35D3L3ChdBmMQDQ,,1,,,,,,unclassified_missing_dates,False,True,True,True,False,False
UCaRstJ35Lw6TvgTcekT2Z5A,,0,,False,,,,unclassified_missing_dates,False,True,True,True,False,False
UCaTaAFuYx6AOASIbmIsK1EA,,1,,,,,,unclassified_missing_dates,False,True,True,True,False,False
UCaVxu5aavGZRg8j_KeduEGw,,0,,False,,,,unclassified_missing_dates,False,True,True,True,False,False
UCaWQLZ8AghHvLEQ76Tglp8g,,0,,False,,,,unclassified_missing_dates,False,True,True,True,False,False
UCaWp27jhLvS-uHDHvg19jUw,,1,,,,,,unclassified_missing_dates,False,True,True,True,False,False
UCaY37iGTpMln15zYGvwyQsA,,0,,False,,,,unclassified_missing_dates,False,True,True,True,False,False
UCaYqzWFGLIFoQzRHzDKrLsQ,,1,,,,,,unclassified_missing_dates,False,True,True,True,False,False
UCaYw_yJ_YLPEv6zR2c7hgHA,,0,,False,,,,unclassified_missing_dates,False,True,True,True,False,False
UCaZl7C8tr-UlAlldCjYaHzg,CDU-Fraktion NRW,1,574,False,2012-03-29T11:29:33Z,2022-11-18T14:51:51Z,,unclassified_missing_dates,False,False,False,True,False,False
UCaZzkJr57JIzBY_rkYmDPXA,,0,,False,,,,unclassified_missing_dates,False,True,True,True,False,False
UCa_DP9FkAzOw8AE3AE-9E4g,SPD Laatzen,1,33,False,2020-12-13T18:40:25Z,2023-05-15T23:15:02Z,,unclassified_missing_dates,False,False,False,True,False,False
UCa_FGOjuvII-dWi8BgMIqmA,Gabriele Appel,1,140,False,2020-04-14T11:37:44Z,,,unclassified_missing_dates,False,False,True,True,False,False
UCa_v-9mktSdbxV0ARQPVrWg,,0,,False,,,,unclassified_missing_dates,False,True,True,True,False,False
UCaaIYj6g3aZf5-RDRyC3rAg,Velberter Ortsverband von Bündnis 90_Die Grünen,1,7,False,2020-07-18T19:58:23Z,,,unclassified_missing_dates,False,False,True,True,False,False
UCaaehHLa7Btg7kt9_uMXXZQ,,1,,,,,,unclassified_missing_dates,False,True,True,True,False,False
UCaaoZF_UecnNy4-O3x-XqCw,,1,,,,,,unclassified_missing_dates,False,True,True,True,False,False
UCabMx-URCjr2toe9wOE3Y-Q,,0,,False,,2023-10-08T18:14:14Z,,unclassified_missing_dates,False,True,False,True,False,False
UCac-JSLigV6q2oz-DjwZB6g,,0,,False,,,,unclassified_missing_dates,False,True,True,True,False,False
UCaePWj4-gEbznOoY2upnXWw,Neuapostolische Kirche Laienmusizieren ,1,830,False,2010-07-19T12:05:02Z,2022-10-16T11:37:38Z,,unclassified_missing_dates,False,False,False,True,False,False
UCaf3Xw0G4bjBGi4fwX3Rt1Q,,1,,,,,,unclassified_missing_dates,False,True,True,True,False,False
UCafZPc9L7ZB7Vpa14N9GJDQ,,0,,False,,,,unclassified_missing_dates,False,True,True,True,False,False
UCaiq9Rsc7l4-t0r9yKBq2ow,,1,,,,,,unclassified_missing_dates,False,True,True,True,False,False
UCajaSptjU7gle3OHS7shB0g,Axel Volker von Juterzenka (BRAINY THE LION),1,20,False,2006-08-16T05:32:01Z,2022-11-03T09:04:14Z,,unclassified_missing_dates,False,False,False,True,False,False
UCak2MeYx96Jsid8K2ZVv_ng,,0,,False,,,,unclassified_missing_dates,False,True,True,True,False,False
UCakX89t7K5Y3YsozJvGWQ3A,,1,,,,,,unclassified_missing_dates,False,True,True,True,False,False
UCalB6U1gayouZwfTVYm7YiA,,1,,,,,,unclassified_missing_dates,False,True,True,True,False,False
UCamLOyLFYVh52RaSnSH-PJw,,0,,False,,2024-01-03T17:30:00Z,2024-01-03T17:30:00Z,first_active_after_reference,False,True,False,False,False,False
UCamLe_zwyiKTPrLXADaWXzA,,0,,False,,,,unclassified_missing_dates,False,True,True,True,False,False
UCamUUp8G6TlHnua-Xq4BVZg,FDPoop,1,0,False,2021-02-11T17:41:30Z,2023-03-11T21:06:37Z,,unclassified_missing_dates,False,False,False,True,False,False
UCanoMab8pHbq_V1Q-K1I42A,,1,,,,,,unclassified_missing_dates,False,True,True,True,False,False
UCaoEIuAc5gOHzeWSUu-clLg,,0,,False,,,,unclassified_missing_dates,False,True,True,True,False,False
UCaqS46gyJXHbvpUF0xjK6-A,Davidfloydmusic,1,1040,False,2011-11-06T15:44:22Z,,,unclassified_missing_dates,False,False,True,True,False,False
UCaskMyEZVEli-w-XtDgZtnA,,1,,,,,,unclassified_missing_dates,False,True,True,True,False,False
UCasvKiwt0aec_tUT8eyvqGw,,0,,False,,,,unclassified_missing_dates,False,True,True,True,False,False
UCat7DeT4WNglAYpIMNIcGNg,,0,,False,,,,unclassified_missing_dates,False,True,True,True,False,False
UCatReWl2K3faT-Omb5I1xZA,,0,,False,,2023-10-07T10:31:37Z,2023-10-07T10:31:37Z,first_active_after_reference,False,True,False,False,False,False
UCatposWuNV40_E4ZckKXBZA,Jüdisches Forum – JFDA e.V.,1,9180,False,2015-10-22T15:30:47Z,2022-10-10T13:27:51Z,,unclassified_missing_dates,False,False,False,True,False,False
UCattb38__30oBE6OhCPhhuQ,DieLinke Kreisverband Darmstadt-Dieburg,1,14,False,2021-02-10T13:55:27Z,,,unclassified_missing_dates,False,False,True,True,False,False
UCavTkUG95DqDD80fccvecDw,,0,,False,,,,unclassified_missing_dates,False,True,True,True,False,False
UCaw9akJ1gX6pGedWqUS9dZQ,,0,,False,,,,unclassified_missing_dates,False,True,True,True,False,False
UCawckVh06FelFsAg9z2kWZg,,0,,False,,,,unclassified_missing_dates,False,True,True,True,False,False
UCawh2Y7UXP_AYQE9hsVkbFQ,,0,,False,,,,unclassified_missing_dates,False,True,True,True,False,False
UCayYmWkO7xim8OjsOOIGy2A,,1,,,,,,unclassified_missing_dates,False,True,True,True,False,False
UCazQj7U_1H0a-2qsqeUyxKQ,,0,,False,,,,unclassified_missing_dates,False,True,True,True,False,False
UCb-RA79zGZ4ZS9XbUFVOgLQ,,0,,False,,,,unclassified_missing_dates,False,True,True,True,False,False
UCb15YQlCxve-6FgTBCCFdDg,,0,,False,,,,unclassified_missing_dates,False,True,True,True,False,False
UCb3KbeinGAczi8C3RpNU6eg,Nasser Ahmed,1,107,False,2021-02-13T11:37:32Z,2024-04-27T20:33:40Z,,unclassified_missing_dates,False,False,False,True,False,False
UCb3iQ5Va8X41PE4H8ttxQ6g,,0,,False,,,,unclassified_missing_dates,False,True,True,True,False,False
UCb3tF-IBydcZdVDts1kAQKQ,,1,,,,,,unclassified_missing_dates,False,True,True,True,False,False
UCb4EIDpc3EudnR_srjTDWCA,THE WEST,1,100,False,2017-09-25T09:16:44Z,2023-02-17T13:52:36Z,,unclassified_missing_dates,False,False,False,True,False,False
UCb4V85qpZhFw_qmmTsvbI9A,SelMcBetting Künstliche Intelligenz,1,4,False,2021-02-17T15:49:01Z,,,unclassified_missing_dates,False,False,True,True,False,False
UCb8rzw-wK_F9feYyVH4aMSQ,,0,,False,,,,unclassified_missing_dates,False,True,True,True,False,False
UCb9nqTlCukUrnlDyfPnkR5Q,,0,,False,,,,unclassified_missing_dates,False,True,True,True,False,False
UCbA0__jRxS-tgJtGYNok1yw,,0,,False,,,,unclassified_missing_dates,False,True,True,True,False,False
UCbA605__2qCjzqWCGbxN-FQ,CDU Obertshausen,1,25,False,2020-11-15T16:24:24Z,,,unclassified_missing_dates,False,False,True,True,False,False
UCbALY8JcPTAHmq4axHyKBEA,Lichtenstein Sachsen,1,1470,False,2021-02-20T21:27:46Z,2022-10-07T17:21:21Z,,unclassified_missing_dates,False,False,False,True,False,False
UCbAr7S29ISzCJt5H2RrHU6Q,,1,,,,2023-10-23T18:05:21Z,2023-10-23T18:05:21Z,first_active_after_reference,False,True,False,False,False,False
UCbBUPv5Rp4CSDl0bjo9yCgg,,1,,,,,,unclassified_missing_dates,False,True,True,True,False,False
UCbCbPloXvkssV8BOx9um_fg,,0,,False,,,,unclassified_missing_dates,False,True,True,True,False,False
UCbCxrrfy-brUqq2COXXreWg,,0,,False,,,,unclassified_missing_dates,False,True,True,True,False,False
UCbCyfZozJErV93doSJ1jTTg,,0,,False,,,,unclassified_missing_dates,False,True,True,True,False,False
UCbCzOoJdxt3puS_6P4uqf8w,,0,,False,,,,unclassified_missing_dates,False,True,True,True,False,False
UCbCzfJarL_cO79wQH490bJQ,,0,,False,,,,unclassified_missing_dates,False,True,True,True,False,False
UCbEgmeHF-RZpWnUeNXwN2SQ,46 Er,1,352,False,2021-04-14T08:42:45Z,2022-12-23T06:42:16Z,,unclassified_missing_dates,False,False,False,True,False,False
UCbEkMCeYSkJiQBkHMlrkxQA,Bundeszuwanderungs- und Integrationsrat BZI e.V.,1,235,False,2018-12-12T08:27:35Z,2023-02-21T13:43:35Z,,unclassified_missing_dates,False,False,False,True,False,False
UCbF4lMQ9aiLWhPYSbWIkcOA,,1,,,,,,unclassified_missing_dates,False,True,True,True,False,False
UCbGjhxIR7EaV_1NNXg6qfQw,Sarah Schlösser,1,10,False,2020-10-30T10:52:05Z,,,unclassified_missing_dates,False,False,True,True,False,False
UCbHZGRk9D92_Jo4BM1T8dxg,Chris-Robert Berendt,1,16,False,2020-12-30T17:38:26Z,,,unclassified_missing_dates,False,False,True,True,False,False
UCbKIL4j8wqJpWD9dQgso5rw,Dinofan 24_7,1,43,False,2012-09-04T12:06:05Z,,,unclassified_missing_dates,False,False,True,True,False,False
UCbKK75iottE8veyzEoR5xXw,Tobias Pflüger,1,23,False,2017-06-23T10:04:04Z,,,unclassified_missing_dates,False,False,True,True,False,False
UCbKVHZjDk2ctcxKVWy2YGyQ,Michael Cramm,1,7,False,2022-08-01T16:33:26Z,2022-10-12T10:18:52Z,,unclassified_missing_dates,False,False,False,True,False,False
UCbLSjHUKvGZ19Bw87Z31sgQ,,1,,,,,,unclassified_missing_dates,False,True,True,True,False,False
UCbLaI2cv0yyrlOOz4h-ZW_w,Mechthilde Wittmann,1,14,False,2022-05-28T21:11:08Z,2022-10-14T09:47:20Z,,unclassified_missing_dates,False,False,False,True,False,False
UCbN1Y514SL_lmQLPP7MgLcQ,,1,,,,2024-01-02T11:00:04Z,,unclassified_missing_dates,False,True,False,True,False,False
UCbNH4p8AaQLQPqNSzB3glLQ,KV-RT Reutlingen,1,17,False,2017-01-21T09:00:17Z,2022-10-11T09:05:36Z,,unclassified_missing_dates,False,False,False,True,False,False
UCbO4d6Jx6bIxJSD8XLKdy2w,,0,,False,,,,unclassified_missing_dates,False,True,True,True,False,False
UCbP8T9XGPEIoVeYUDNd76xg,Prenzlberger Stimme,1,48,False,2010-09-07T15:27:36Z,2022-11-18T21:52:19Z,,unclassified_missing_dates,False,False,False,True,False,False
UCbPKMlqO45B58XsO9ujjWBw,JUZ-TV,1,1360,False,2009-09-20T13:12:38Z,2022-10-07T17:51:44Z,,unclassified_missing_dates,False,False,False,True,False,False
UCbPbAXGyq1v3ged66ufKUKA,,1,,,,,,unclassified_missing_dates,False,True,True,True,False,False
UCbQnjbSfllhERK1Ey5Ou_jA,CDU Quickborn,1,2,False,2021-03-18T17:47:09Z,,,unclassified_missing_dates,False,False,True,True,False,False
UCbSEj-cb7s_EmZAD8rXt-Rw,,1,,,,,,unclassified_missing_dates,False,True,True,True,False,False
UCbSSdpbCFAx8h-Y6VTkTlAA,,0,,False,,,,unclassified_missing_dates,False,True,True,True,False,False
UCbTnAL8CRL9SaTOZPoLtsqg,,0,,False,,,,unclassified_missing_dates,False,True,True,True,False,False
UCbTvNYOFzIyRVtzjsjrnCcA,Wertvoller als Gold,1,2690,False,2007-05-21T15:01:46Z,2022-11-05T22:01:49Z,,unclassified_missing_dates,False,False,False,True,False,False
UCbUflvgU2PnzUrxjSl_mXtA,,0,,False,,,,unclassified_missing_dates,False,True,True,True,False,False
UCbW4QWk3tPeZDdapVuF4kJg,,1,,,,,,unclassified_missing_dates,False,True,True,True,False,False
UCbWQz8QNh_JIyg6vs9738bg,,0,,False,,,,unclassified_missing_dates,False,True,True,True,False,False
UCbWtS5yNoDw6d25ZBKh8a6w,,0,,False,,,,unclassified_missing_dates,False,True,True,True,False,False
UCbX2w2f_uJbFftctO0bCFqg,,0,,False,,,,unclassified_missing_dates,False,True,True,True,False,False
UCbXnNX02pMjNNJtIQCb_Eaw,,0,,False,,,,unclassified_missing_dates,False,True,True,True,False,False
UCbY-GIHwQZTWebpLa42u19g,,0,,False,,,,unclassified_missing_dates,False,True,True,True,False,False
UCb_ecNGWweWq5mXrRsZ3lAA,24 Nachrichten CH,1,421,False,2022-01-13T17:32:12Z,2022-05-21T11:04:45Z,,unclassified_missing_dates,False,False,False,True,False,False
UCbaYavUK2FEfscgPm_0FbuA,,1,,,,,,unclassified_missing_dates,False,True,True,True,False,False
UCbajMldwhEV2npctU78fFjg,,0,,False,,,,unclassified_missing_dates,False,True,True,True,False,False
UCbapBFEgH0gdHduNS24QD3Q,,1,,,,,,unclassified_missing_dates,False,True,True,True,False,False
UCbbHNXyLnrNjen7Q2hVjV9g,,1,,,,2023-10-11T00:31:41Z,,unclassified_missing_dates,False,True,False,True,False,False
UCbbYZTrRDRsauJWGrRnDP8Q,,0,,False,,,,unclassified_missing_dates,False,True,True,True,False,False
UCbcHolRiMKbxfhBU-sCRo9Q,,1,,,,,,unclassified_missing_dates,False,True,True,True,False,False
UCbchgu-gGG4-u4Y-0O2v4Ew,StadtStraelen,1,34,False,2012-08-22T10:20:24Z,2024-11-21T20:37:39Z,,unclassified_missing_dates,False,False,False,True,False,False
UCbcuGgUkvVZ5TRU9D5ZaPWw,,1,,,,,,unclassified_missing_dates,False,True,True,True,False,False
UCbcwZ8hm18GK6on_S_CgmFA,,0,,False,,,,unclassified_missing_dates,False,True,True,True,False,False
UCbeioqdepMbZql_uir8kudQ,,0,,False,,,,unclassified_missing_dates,False,True,True,True,False,False
UCbf4rwfLhbRiDZAdg8L5iQw,,0,,False,,,,unclassified_missing_dates,False,True,True,True,False,False
UCbfXXzBrQZS3jDmITRewlIA,,1,,,,,,unclassified_missing_dates,False,True,True,True,False,False
UCbfb8PfNgqIpPS3ZfEPbMAg,Frauenhauskoordinierung e.V.,1,126,False,2020-11-16T09:20:33Z,2022-11-08T13:56:54Z,,unclassified_missing_dates,False,False,False,True,False,False
UCbg2g92mcqaffyvQ_z0U1sQ,,1,,,,,,unclassified_missing_dates,False,True,True,True,False,False
UCbgVlDOpbZMfF28EGGn9aeQ,,0,,False,,,,unclassified_missing_dates,False,True,True,True,False,False
UCbgfZ6EpoXg75BNc2UVuuvA,,0,,False,,,,unclassified_missing_dates,False,True,True,True,False,False
UCbiqVXXQC09_e_2OsHqUjGA,,0,,False,,,,unclassified_missing_dates,False,True,True,True,False,False
UCbj14XyLp-C7yXsw-eNgnlw,,0,,False,,,,unclassified_missing_dates,False,True,True,True,False,False
UCbj_cFctOmqGhxilWXhexhA,procontra TV,1,174,False,2011-10-04T20:14:11Z,2023-04-19T10:06:26Z,,unclassified_missing_dates,False,False,False,True,False,False
UCbjoe_rq540xYq67hbytnDA,,0,,False,,,,unclassified_missing_dates,False,True,True,True,False,False
UCbkrvm7SdevkEP-iGcof4Cw,,0,,False,,,,unclassified_missing_dates,False,True,True,True,False,False
UCble8hMA99XgxqbOb6umBGA,,0,,False,,,,unclassified_missing_dates,False,True,True,True,False,False
UCbmLySu0qs--3lGg1oPzKnw,SPD Darmstadt-Dieburg,1,45,False,2021-02-04T15:16:13Z,,,unclassified_missing_dates,False,False,True,True,False,False
UCbmUeC0chyr2yqS-TbDbC4w,Handwerkskammer Südwestfalen,1,17,False,2017-07-25T12:06:26Z,2023-08-22T12:36:13Z,,unclassified_missing_dates,False,False,False,True,False,False
UCbpBLhhDVSr5AiepLsz_Ejw,,1,,,,2023-12-06T11:02:43Z,2023-12-06T11:02:43Z,first_active_after_reference,False,True,False,False,False,False
UCbpsF5L22RWigUHgHUfbWsQ,,0,,False,,,,unclassified_missing_dates,False,True,True,True,False,False
UCbqc9IEOQ1-L7EGdiLoBiTA,,0,,False,,,,unclassified_missing_dates,False,True,True,True,False,False
UCbsLjTTEvKgBGIrr5NxrcrQ,,0,,False,,,,unclassified_missing_dates,False,True,True,True,False,False
UCbt7V-x8Fmosro_VEVmNnSg,AfD-Fraktion Hamm,1,347,False,2020-11-14T21:18:44Z,2022-10-29T11:00:39Z,,unclassified_missing_dates,False,False,False,True,False,False
UCbtd3cSlH9bXN8E-R4q7rHg,,1,,,,,,unclassified_missing_dates,False,True,True,True,False,False
UCbuRs0pSUKY7-Kvvt6bg_Ow,,1,,,,,,unclassified_missing_dates,False,True,True,True,False,False
UCbv7oxMzpNzGenQJAsZTz_A,DLRG OG Neuffen-Beuren,1,71,False,2020-04-07T15:05:01Z,2022-12-31T17:50:31Z,,unclassified_missing_dates,False,False,False,True,False,False
UCbw9PyM4Ebjna-uqMs3Apbg,,0,,False,,,,unclassified_missing_dates,False,True,True,True,False,False
UCbwBAbq2ZOQOtlgnoy6P3bQ,Arndt Klocke MdL,1,19,False,2021-02-25T11:34:10Z,2023-03-17T10:40:40Z,,unclassified_missing_dates,False,False,False,True,False,False
UCbx3CIXDLu5V9zARiScE8mQ,Der ParitätischeBW,1,321,False,2012-03-01T10:53:42Z,2022-10-14T06:53:56Z,,unclassified_missing_dates,False,False,False,True,False,False
UCbx47WT2t43LxSZOv4bhPMw,,0,,False,,,,unclassified_missing_dates,False,True,True,True,False,False
UCbxCR9QT9YTuUa4ONm7zAaA,,0,,False,,,,unclassified_missing_dates,False,True,True,True,False,False
UCc-Fxq7EGjmR28zPjkkgFSg,,0,,False,,,,unclassified_missing_dates,False,True,True,True,False,False
UCc-Y0ycATJbSx6YvPCXMNxQ,STUDIO93 von Szene 93,1,252,False,2018-02-09T11:56:31Z,2022-12-09T21:32:30Z,,unclassified_missing_dates,False,False,False,True,False,False
UCc-fBI-VCJnRr-MoDTBffUQ,,0,,False,,,,unclassified_missing_dates,False,True,True,True,False,False
UCc-pERCFX_XbQZSEoLkQbMg,,1,,,,,,unclassified_missing_dates,False,True,True,True,False,False
UCc-uODj5STMBkhRGJRuyMwA,,1,,,,,,unclassified_missing_dates,False,True,True,True,False,False
UCc01fOktr1FVVKQ4pT0bIqQ,Hagen Fisbeck,1,1020,False,2006-07-11T21:08:22Z,,,unclassified_missing_dates,False,False,True,True,False,False
UCc2BsbPTOqYSDy_hZyM11HA,Dubravko Mandic,1,7780,False,2016-11-22T08:13:19Z,2022-10-27T17:15:02Z,,unclassified_missing_dates,False,False,False,True,False,False
UCc2Go99Q_LHyc4a-w1dVNXA,,0,,False,,,,unclassified_missing_dates,False,True,True,True,False,False
UCc2YZgVFk7vZgPwOwfDvoTg,,0,,False,,,,unclassified_missing_dates,False,True,True,True,False,False
UCc2mMT9JWRjX0J_Jp3fVgQQ,Walter Ziems,1,0,False,2020-05-08T19:19:19Z,,,unclassified_missing_dates,False,False,True,True,False,False
UCc2xLyg_sUEl3kLRYEyGX5Q,,0,,False,,,,unclassified_missing_dates,False,True,True,True,False,False
UCc3FeL_413nIBeFGhrVDEow,,1,,,,2023-11-23T09:16:14Z,,unclassified_missing_dates,False,True,False,True,False,False
UCc3hOZ84gWBCxjM0qaw1R9A,Tom Radtke,1,988,False,2020-02-02T16:01:37Z,,,unclassified_missing_dates,False,False,True,True,False,False
UCc3oN3LMVSgQV9cBFcfYchQ,,0,,False,,,,unclassified_missing_dates,False,True,True,True,False,False
UCc5nATAmuZ1nK1z2m3EV93w,,1,,,,,,unclassified_missing_dates,False,True,True,True,False,False
UCc6HcyZSPjDec2VXud5LWmQ,,1,,,,,,unclassified_missing_dates,False,True,True,True,False,False
UCc7LO3oytEzCPQd_Y-GebXg,Jörg Amtmann / ForTraCo Consulting,1,57,False,2009-01-15T23:42:21Z,2025-01-16T18:56:27Z,,unclassified_missing_dates,False,False,False,True,False,False
UCc7Lzd8DawnR5TiAnhltdkg,,0,,False,,,,unclassified_missing_dates,False,True,True,True,False,False
UCc7hCy7BbD5Rj_VqklCiiFQ,,0,,False,,2023-11-26T05:30:14Z,,unclassified_missing_dates,False,True,False,True,False,False
UCcB_pJQP58F4uJT_EvyRWHA,,0,,False,,,,unclassified_missing_dates,False,True,True,True,False,False
UCcBwQEuhOPtnu1DlGkH1Nkw,,1,,,,,,unclassified_missing_dates,False,True,True,True,False,False
UCcBwe8ndmI-7sl7OEyKiXEA,,0,,False,,,,unclassified_missing_dates,False,True,True,True,False,False
UCcCi_ezrrD9RaejoZLz59fg,,0,,False,,,,unclassified_missing_dates,False,True,True,True,False,False
UCcCsVTotu8dK7MXlC-gfqqg,,0,,False,,,,unclassified_missing_dates,False,True,True,True,False,False
UCcDFm5gtUdcFgfQkxUOhAEA,Linksjugend ['solid] Hamburg AK Frieden,1,34,False,2021-04-27T21:29:49Z,2023-03-10T21:29:38Z,,unclassified_missing_dates,False,False,False,True,False,False
UCcDojxvO1VW23trvJLk4WSw,,0,,False,,,,unclassified_missing_dates,False,True,True,True,False,False
UCcEb_2_KV7KQPW7HqTa5YqQ,,0,,False,,,,unclassified_missing_dates,False,True,True,True,False,False
UCcEz4KkvUrSRAh8LdRnmlCQ,,0,,False,,,,unclassified_missing_dates,False,True,True,True,False,False
UCcF_d-agvMEc5IhOwCaZT_w,E-Werk Oschatz,1,900,False,2018-12-03T14:25:56Z,2025-02-14T14:56:23Z,,unclassified_missing_dates,False,False,False,True,False,False
UCcFqsS1UvUw9QZO7PMj1Xvg,,0,,False,,2023-10-15T05:28:09Z,,unclassified_missing_dates,False,True,False,True,False,False
UCcFwM5auuGRPvPGSm3DjLsQ,,0,,False,,,,unclassified_missing_dates,False,True,True,True,False,False
UCcGs_JDPV8rQvXBfKfsEvpg,Angela Kalisch,1,8,False,2011-12-02T09:40:55Z,,,unclassified_missing_dates,False,False,True,True,False,False
UCcIJWYq2QBb-aT02eEZWj6A,,0,,False,,2023-12-30T18:13:50Z,2023-12-30T18:13:50Z,first_active_after_reference,False,True,False,False,False,False
UCcIvOSrYwXtH36254RhBmRA,Deutsche Tik Toks,1,429,False,2021-01-06T01:48:26Z,,,unclassified_missing_dates,False,False,True,True,False,False
UCcJM-bOQkMF5BPBzwK1exmA,,1,,,,,,unclassified_missing_dates,False,True,True,True,False,False
UCcJT7IWwpHry7QOHIAY-Vyg,FELDPARTISAN,1,87,False,2017-12-26T16:00:50Z,2022-11-20T11:20:21Z,,unclassified_missing_dates,False,False,False,True,False,False
UCcKmyaBREUZx9HiJGn77lWQ,,1,,,,,,unclassified_missing_dates,False,True,True,True,False,False
UCcKpNOrR5Opmrgxnh5VSSPw,,0,,False,,2023-11-20T05:59:58Z,2023-11-20T05:59:58Z,first_active_after_reference,False,True,False,False,False,False
UCcLUdWbWtjLJuW3T19k2E8Q,,1,,,,,,unclassified_missing_dates,False,True,True,True,False,False
UCcMPXy1u7drgIcgRwNnJLdA,,0,,False,,,,unclassified_missing_dates,False,True,True,True,False,False
UCcNsp1jgQgiw4XrEtMwQFUA,,0,,False,,,,unclassified_missing_dates,False,True,True,True,False,False
UCcO2CDvbhJ9d9hGfGgs4BEQ,,0,,False,,,,unclassified_missing_dates,False,True,True,True,False,False
UCcObZVgH8x8KeLIN2J-SYbg,,1,,,,,,unclassified_missing_dates,False,True,True,True,False,False
UCcPQOqXfVkjDHDTEH-Fs2pw,,0,,False,,,,unclassified_missing_dates,False,True,True,True,False,False
UCcPsPMxVpp2-L_kJRFg2tTA,ABOUT BONN - Der Podcast aus der Bundesstadt,1,16,False,2020-08-28T08:51:50Z,2022-11-09T23:15:00Z,,unclassified_missing_dates,False,False,False,True,False,False
UCcQbycXPjIwCpG2Xaoatkkg,,1,,,,,,unclassified_missing_dates,False,True,True,True,False,False
UCcQwF6a9LZ5TUcmm4T4SArw,Insta.Politik,1,220,False,2018-02-19T12:14:43Z,,,unclassified_missing_dates,False,False,True,True,False,False
UCcRZ_XpqVFdcR_xtRiG2PGg,,0,,False,,,,unclassified_missing_dates,False,True,True,True,False,False
UCcU7G8aUA5dd_lNali9UywQ,,0,,False,,,,unclassified_missing_dates,False,True,True,True,False,False
UCcUC6XC0tWyS7qZirTIzIzw,SPD Niedersachsen,1,506,False,2009-02-27T09:54:27Z,2022-10-08T06:31:39Z,,unclassified_missing_dates,False,False,False,True,False,False
UCcWGzTkcpAMNEY4R4AYmDvA,,0,,False,,,,unclassified_missing_dates,False,True,True,True,False,False
UCcWaIxY5vFQprlwBrUr1SHQ,,0,,False,,,,unclassified_missing_dates,False,True,True,True,False,False
UCcZPT1SXYWJRpmOYqWLsmmw,Bündnis90 Die Grünen Wilhelmshaven,1,13,False,2015-09-21T16:05:57Z,,,unclassified_missing_dates,False,False,True,True,False,False
UCcZljzXzleY0I_3pJt9KLDg,,0,,False,,,,unclassified_missing_dates,False,True,True,True,False,False
UCc_J2sMH3b-d8-I5hIGEmgg,SPD Limburg,1,40,False,2020-12-05T15:46:42Z,2025-02-04T11:30:26Z,,unclassified_missing_dates,False,False,False,True,False,False
UCc_Yx6nySK4lJIKeMXFgeFg,,0,,False,,,,unclassified_missing_dates,False,True,True,True,False,False
UCcbPQtclBJp_8se9a2t8AoA,,0,,False,,,,unclassified_missing_dates,False,True,True,True,False,False
UCceQF25jcYKq_Kq_ENAK5vA,Sol Sozialistische Organisation Solidarität,1,400,False,2019-09-20T13:42:18Z,2023-01-30T12:46:09Z,,unclassified_missing_dates,False,False,False,True,False,False
UCceQMgHfEi7htzBLGDlVvHw,,0,,False,,,,unclassified_missing_dates,False,True,True,True,False,False
UCcegqVIhKa5_RWT7vq2sCjw,Roll Anarchisch,1,1410,False,2014-09-30T15:26:29Z,2022-10-07T16:00:36Z,,unclassified_missing_dates,False,False,False,True,False,False
UCcgB4ljlRZJYVGlxUJD5w-A,,0,,False,,,,unclassified_missing_dates,False,True,True,True,False,False
UCchORTarY2XkKEca0QwND8Q,,0,,False,,,,unclassified_missing_dates,False,True,True,True,False,False
UCchyEzZDa4NBkSy-8VDUotw,,1,,,,,,unclassified_missing_dates,False,True,True,True,False,False
UCciXB1eGYE3FUWDUuVizNjA,,0,,False,,2024-01-05T20:00:08Z,,unclassified_missing_dates,False,True,False,True,False,False
UCcjLJ9TsTIFldXXnmp23pRA,Christoph Kral,1,370,False,2020-05-29T06:19:58Z,2022-10-08T12:39:33Z,,unclassified_missing_dates,False,False,False,True,False,False
UCcjgqeI3w66lsfxambnDnRw,,1,,,,,,unclassified_missing_dates,False,True,True,True,False,False
UCckHqySbfy5FcPP6MD_S-Yg,,0,,False,,2023-10-10T09:20:00Z,,unclassified_missing_dates,False,True,False,True,False,False
UCckg1h7sN7-CakgFj3ge0mQ,Verzweifelter,1,17,False,2021-07-18T15:38:58Z,2022-12-13T16:41:49Z,,unclassified_missing_dates,False,False,False,True,False,False
UCckpGnlmEhZeOA4aGVC94BQ,Handpan Bonn Anke Sauer-Fresen,1,79,False,2014-01-19T14:36:12Z,2023-03-16T11:50:02Z,,unclassified_missing_dates,False,False,False,True,False,False
UCcmFyXXel3egpIxF-yHm7Bw,,1,,,,,,unclassified_missing_dates,False,True,True,True,False,False
UCcneMwRcCenDWskm72ORp9g,,0,,False,,,,unclassified_missing_dates,False,True,True,True,False,False
UCcopmR03HLLKecYZZX2AOIw,,0,,False,,,,unclassified_missing_dates,False,True,True,True,False,False
UCcp0N_7h34aNvbRT0P0kv9Q,สไปรท์SPD No.1,1,257,False,2020-05-26T15:26:42Z,,,unclassified_missing_dates,False,False,True,True,False,False
UCcpXcyT4Ovcs3Ang0dunuYA,,0,,False,,,,unclassified_missing_dates,False,True,True,True,False,False
UCcq2ne29LvzQvGC4LXt_GEg,,1,,,,,,unclassified_missing_dates,False,True,True,True,False,False
UCcrS5DbU8IbgyhItNUaMoTQ,Die Meinung,1,2,False,2021-02-09T16:01:08Z,,,unclassified_missing_dates,False,False,True,True,False,False
UCcrmjp-jYVapvzhcXJB6NHQ,,0,,False,,,,unclassified_missing_dates,False,True,True,True,False,False
UCcsbHSRLQNcugDQwaUup-pA,,0,,False,,,,unclassified_missing_dates,False,True,True,True,False,False
UCcsjIqjMfLJacU8wQ4g0ZHA,,1,,,,,,unclassified_missing_dates,False,True,True,True,False,False
UCctsR3Q-sCVtpXhqkjPjFFw,,0,,False,,2023-10-07T16:50:37Z,2023-10-07T16:50:37Z,first_active_after_reference,False,True,False,False,False,False
UCcvBsAYs6JxEX-UOUXkUoSg,,1,,,,,,unclassified_missing_dates,False,True,True,True,False,False
UCcvNYxWXR_5TjVK7cSCdW-g,,0,,False,,,,unclassified_missing_dates,False,True,True,True,False,False
UCcvbT0xm3EedlS-epPiPM_w,,0,,False,,,,unclassified_missing_dates,False,True,True,True,False,False
UCcw8XHy9_xj2_IsJ2tE0DHw,,0,,False,,,,unclassified_missing_dates,False,True,True,True,False,False
UCcwy2LmIJqiUKgRdFymIC2Q,,0,,False,,,,unclassified_missing_dates,False,True,True,True,False,False
UCcxRpIINBvF09-SWc2AlXwA,,1,,,,,,unclassified_missing_dates,False,True,True,True,False,False
UCcyINIneCC3SqhNfVDpc7xw,,1,,,,,,unclassified_missing_dates,False,True,True,True,False,False
UCcz4sxB2UdsUblyYFotxijg,Ecologic Institute,1,899,False,2009-06-11T12:02:20Z,2022-10-18T20:38:46Z,,unclassified_missing_dates,False,False,False,True,False,False
UCcz8BqQSR0flwmuIn83ftlw,,0,,False,,,,unclassified_missing_dates,False,True,True,True,False,False
UCczYY1MQu3v3s8qcxB65Ulw,,0,,False,,,,unclassified_missing_dates,False,True,True,True,False,False
UCczeRBaCkdKpnlCq_dbxFnA,,1,,,,,,unclassified_missing_dates,False,True,True,True,False,False
UCd0B4xk88w6cDX9aItXAfPQ,,0,,False,,,,unclassified_missing_dates,False,True,True,True,False,False
UCd1hUY-Cmmp9O7ksKvwa4pA,,0,,False,,,,unclassified_missing_dates,False,True,True,True,False,False
UCd2SKufac4vKZ2QychgYr6w,IHK Saarland,1,326,False,2013-10-11T07:36:08Z,2022-11-11T10:27:20Z,,unclassified_missing_dates,False,False,False,True,False,False
UCd2Zj_TykNDmXvmxPV1PM1A,,1,,,,,,unclassified_missing_dates,False,True,True,True,False,False
UCd2btkSAxzgVSydmoDO_R8g,,1,,,,2023-12-11T15:40:30Z,,unclassified_missing_dates,False,True,False,True,False,False
UCd2zN1iZnAG2pc-bYAeRgzA,Sid der Liedermacher,1,597,False,2009-02-07T02:05:02Z,2022-10-25T14:00:10Z,,unclassified_missing_dates,False,False,False,True,False,False
UCd3P59RCHyirvEtQuK9EpeA,Jörg Rupp,1,58,False,2006-03-15T16:56:28Z,2026-03-30T15:20:05Z,,unclassified_missing_dates,False,False,False,True,False,False
UCd3_-JYxg9vduaG6P4UIXDQ,,0,,False,,,,unclassified_missing_dates,False,True,True,True,False,False
UCd3ueJO1kvpV-Ydu4wR5fqw,,1,,,,,,unclassified_missing_dates,False,True,True,True,False,False
UCd4secr2nk3KvCZUFcqCDkQ,,0,,False,,2023-10-12T10:05:10Z,,unclassified_missing_dates,False,True,False,True,False,False
UCd58jPSafMkhiFnUBK3_E9g,,0,,False,,,,unclassified_missing_dates,False,True,True,True,False,False
UCd5S0_3BK5omart5KBtw0QQ,,0,,False,,,,unclassified_missing_dates,False,True,True,True,False,False
UCd5Xckv66XWhQI95te8JGkw,,0,,False,,,,unclassified_missing_dates,False,True,True,True,False,False
UCd6hpxYDXplDjxOg4a-3WWw,,0,,False,,,,unclassified_missing_dates,False,True,True,True,False,False
UCd7RAqiyMyIqnHvYVm9d-jQ,,0,,False,,2023-12-02T23:00:01Z,,unclassified_missing_dates,False,True,False,True,False,False
UCd97C84pyLaESw_cuIlDJww,,1,,,,,,unclassified_missing_dates,False,True,True,True,False,False
UCd9KZWPRFi4oRn_hxDT-dZA,,1,,,,2023-10-19T12:35:34Z,2023-10-19T12:35:34Z,first_active_after_reference,False,True,False,False,False,False
UCdA-RHTS3P3wj-KPUvrYgkg,,1,,,,,,unclassified_missing_dates,False,True,True,True,False,False
UCdBj10y33EAS14ZThhsV6oA,,0,,False,,,,unclassified_missing_dates,False,True,True,True,False,False
UCdC8NT1qbudlqvEwA5WmzJQ,,0,,False,,,,unclassified_missing_dates,False,True,True,True,False,False
UCdCj_h7_LAuUj94wu3NbWPA,Ambrosia,1,9,False,2015-01-23T20:39:04Z,2025-08-11T10:58:57Z,,unclassified_missing_dates,False,False,False,True,False,False
UCdDtyShktNr_4o2_BegUEOQ,,0,,False,,,,unclassified_missing_dates,False,True,True,True,False,False
UCdE5m2t9zJBeF258sbnakCg,,1,,,,,,unclassified_missing_dates,False,True,True,True,False,False
UCdFcGPb4xQ6X4QOoRU6ROYw,,0,,False,,,,unclassified_missing_dates,False,True,True,True,False,False
UCdGHcEe8DXjG8ytYYRikD0A,,0,,False,,,,unclassified_missing_dates,False,True,True,True,False,False
UCdGUgVqqZKqSQPzAwBhpYog,,0,,False,,,,unclassified_missing_dates,False,True,True,True,False,False
UCdIIZrJSSlfZqx9LychX3Hw,,1,,,,,,unclassified_missing_dates,False,True,True,True,False,False
UCdIatJTfA0Aoan9YO-fFlWw,,0,,False,,,,unclassified_missing_dates,False,True,True,True,False,False
UCdIeVBdwiXP-e7rcWLZ37ww,,0,,False,,,,unclassified_missing_dates,False,True,True,True,False,False
UCdJyM99oj2TKt4StrDy0V8g,HarHar,1,40,False,2022-01-03T10:38:23Z,2022-12-24T11:02:31Z,,unclassified_missing_dates,False,False,False,True,False,False
UCdLGCJcIGu5ExzYN6CXtkIw,,0,,False,,,,unclassified_missing_dates,False,True,True,True,False,False
UCdLIPKTV6aWZWtF5nV-GM-Q,Podcast Montez,1,75,False,2009-06-02T19:56:01Z,2022-11-24T18:01:51Z,,unclassified_missing_dates,False,False,False,True,False,False
UCdLazE3l2Zee6GDGrk5CULA,,0,,False,,,,unclassified_missing_dates,False,True,True,True,False,False
UCdM0AQLaYsRQUoxQyTvadcA,,0,,False,,,,unclassified_missing_dates,False,True,True,True,False,False
UCdN87Ut7tY8h0vf3jbC-wMQ,CDU Lathen,1,11,False,2021-08-11T14:09:34Z,,,unclassified_missing_dates,False,False,True,True,False,False
UCdNW59y_9C4aEGVK-3YFZiw,,0,,False,,,,unclassified_missing_dates,False,True,True,True,False,False
UCdOH5k18k7x5f53lw1wJiCA,,1,,,,,,unclassified_missing_dates,False,True,True,True,False,False
UCdOMUAlqDtqRBpeH4FjvcQQ,,1,,,,,,unclassified_missing_dates,False,True,True,True,False,False
UCdQ9E4tVsnbPDAynPai0p8A,,0,,False,,,,unclassified_missing_dates,False,True,True,True,False,False
UCdQJ4kfH8B-ZI7mkwturLiw,,0,,False,,,,unclassified_missing_dates,False,True,True,True,False,False
UCdQKw7wE3pTgJ04jepwCDuQ,,1,,,,,,unclassified_missing_dates,False,True,True,True,False,False
UCdR_qTNyrRezpc4PnwyBoXg,,1,,,,,,unclassified_missing_dates,False,True,True,True,False,False
UCdSETVoovFbX8pfGs2lgBAQ,,1,,,,,,unclassified_missing_dates,False,True,True,True,False,False
UCdTG9Z57MQnjR4i1aNuZXsw,,1,,,,,,unclassified_missing_dates,False,True,True,True,False,False
UCdU1nAif9viJMzizOaDdECw,,1,,,,,,unclassified_missing_dates,False,True,True,True,False,False
UCdUD6racxisHiSX9iWFcuug,,0,,False,,,,unclassified_missing_dates,False,True,True,True,False,False
UCdUn0maO87Ti33-fPLRdxGA,,1,,,,,,unclassified_missing_dates,False,True,True,True,False,False
UCdUrRCztlOLjBSGkX8D_kEA,,1,,,,,,unclassified_missing_dates,False,True,True,True,False,False
UCdVFd4AbXELWP249OJLQE6g,Sascha Lobo,1,1940,False,2006-02-28T19:28:30Z,2022-10-18T10:39:34Z,,unclassified_missing_dates,False,False,False,True,False,False
UCdW21jVpE-EC4AxiU_70SkQ,,0,,False,,,,unclassified_missing_dates,False,True,True,True,False,False
UCdWMytbMRClo6Dgz2XdhNxg,,0,,False,,,,unclassified_missing_dates,False,True,True,True,False,False
UCdX9JrYRsSMpZwH5OJTOxtg,,0,,False,,,,unclassified_missing_dates,False,True,True,True,False,False
UCdadkDGNkzj-yuN0BwKUlSA,,1,,,,,,unclassified_missing_dates,False,True,True,True,False,False
UCdaoO5M88xaAyNWCznGpArQ,Gamesolotl,1,3,False,2021-06-28T15:37:28Z,,,unclassified_missing_dates,False,False,True,True,False,False
UCdavfr4SQrqcGDOeGeyx5Ag,,1,,,,,,unclassified_missing_dates,False,True,True,True,False,False
UCdbbPz3vDEZ3AwihA9JU5Yg,,0,,False,,,,unclassified_missing_dates,False,True,True,True,False,False
UCdcVDb-TAhUmyDTpdcToV0Q,,0,,False,,,,unclassified_missing_dates,False,True,True,True,False,False
UCdcXiRcEVm7yZ0tgaQTKc3A,Patrick Friedl,1,24,False,2016-06-24T20:21:35Z,2022-12-08T09:25:44Z,,unclassified_missing_dates,False,False,False,True,False,False
UCdcZPMfkpMfLZpctjdg_xOg,,0,,False,,,,unclassified_missing_dates,False,True,True,True,False,False
UCddstSTXWQHI8CjcURMK_wQ,,1,,,,,,unclassified_missing_dates,False,True,True,True,False,False
UCdeLtN8e6sqYIMi6jQ5jIUQ,,0,,False,,,,unclassified_missing_dates,False,True,True,True,False,False
UCdf06oy2aX9XXvcABcBH_bw,,0,,False,,,,unclassified_missing_dates,False,True,True,True,False,False
UCdfB4GGjWiz5N_1j2bvsF6A,,0,,False,,,,unclassified_missing_dates,False,True,True,True,False,False
UCdfJ3f2HqF8rdkcbo03CG2w,,0,,False,,,,unclassified_missing_dates,False,True,True,True,False,False
UCdgjzhTfJvTJH4459swVo0g,Bündnis 90 / Die GRÜNEN Osnabrück,1,26,False,2021-07-13T18:17:53Z,2026-02-20T13:11:03Z,,unclassified_missing_dates,False,False,False,True,False,False
UCdgxE409hOEH19QCbDuHRMg,Annemarie Franz,1,35,False,2018-11-14T17:18:37Z,2022-10-11T13:34:20Z,,unclassified_missing_dates,False,False,False,True,False,False
UCdh4Q22GfPNSCBiD6y8VbQw,,1,,,,,,unclassified_missing_dates,False,True,True,True,False,False
UCdiZr0q55i8UOb63Pnbbudg,,0,,False,,,,unclassified_missing_dates,False,True,True,True,False,False
UCdjWB86TdazXolBI-fIAy3A,,1,,,,,,unclassified_missing_dates,False,True,True,True,False,False
UCdjjjvxXjXBpSLCg7V_KYAQ,,0,,False,,,,unclassified_missing_dates,False,True,True,True,False,False
UCdjy5Sn6DBaD4g4Hoj86qmg,,0,,False,,,,unclassified_missing_dates,False,True,True,True,False,False
UCdkz8FcagUrkENayQj7CGmA,,0,,False,,,,unclassified_missing_dates,False,True,True,True,False,False
UCdlMEqjkn_3MYve8fs_Bu6g,Jinsaya,1,778,False,2014-09-07T18:53:02Z,2022-11-02T14:28:31Z,,unclassified_missing_dates,False,False,False,True,False,False
UCdlyXmJSV9Z6IIBqJp8_r1A,Helmut L.,1,52,False,2015-10-19T19:30:54Z,2022-11-12T19:09:30Z,,unclassified_missing_dates,False,False,False,True,False,False
UCdmBi03L3BBezdQ8Q_xsrKg,,0,,False,,,,unclassified_missing_dates,False,True,True,True,False,False
UCdnpgP8P09ULKJjTsuop9Eg,,0,,False,,,,unclassified_missing_dates,False,True,True,True,False,False
UCdo18ob8PMW3GNdugoiOmYg,Heinrich-Böll-Stiftung Thüringen e.V.,1,15,False,2021-05-07T12:23:24Z,2025-06-16T08:18:14Z,,unclassified_missing_dates,False,False,False,True,False,False
UCdoCp6nt_0ybciG6R5hsr5w,,0,,False,,,,unclassified_missing_dates,False,True,True,True,False,False
UCdoDGAuY6pK8L9_yZtUYBdQ,,0,,False,,,,unclassified_missing_dates,False,True,True,True,False,False
UCdoezYXwU6LPbC9ncclMzkA,VarianVoix,1,1570,False,2021-07-26T14:47:53Z,2022-10-07T18:21:57Z,,unclassified_missing_dates,False,False,False,True,False,False
UCdpjjouypP9dZFkgO7lPEHg,,1,,,,,,unclassified_missing_dates,False,True,True,True,False,False
UCdqZFtJK2Iiq0MAfunMzmvQ,Children - First e.V.,1,42,False,2014-08-13T22:08:37Z,2022-12-01T12:40:19Z,,unclassified_missing_dates,False,False,False,True,False,False
UCdrkhgdEgIvQI1RgEbG3Htw,,1,,,,,,unclassified_missing_dates,False,True,True,True,False,False
UCdtFS3qbNhRZ-tYSkBpEwMg,,0,,False,,,,unclassified_missing_dates,False,True,True,True,False,False
UCduaLwhUTi3oRARqAujGNZQ,Adam On the Line,1,184,False,2013-11-20T13:45:43Z,2023-04-16T19:54:53Z,,unclassified_missing_dates,False,False,False,True,False,False
UCdvFWxYDlRamrhA35-sJiQg,,0,,False,,,,unclassified_missing_dates,False,True,True,True,False,False
UCdvUlYANDVf5Yh_CJ8TFHtQ,,0,,False,,,,unclassified_missing_dates,False,True,True,True,False,False
UCdwTnHPBvKfJmWZWyEIO5DA,,1,,,,,,unclassified_missing_dates,False,True,True,True,False,False
UCdwh2p-bq2T6yOLm-DgsrBA,,1,,,,,,unclassified_missing_dates,False,True,True,True,False,False
UCdywrPCGrM_tlyPn4uypFqQ,,1,,,,,,unclassified_missing_dates,False,True,True,True,False,False
UCdzp4WqSv7X7EMZQEG9xMxQ,,0,,False,,,,unclassified_missing_dates,False,True,True,True,False,False
UCdzzd8M_kS3kuu347wqo5lA,E-Drum Welt,1,1200,False,2021-11-18T15:07:29Z,2022-11-06T17:52:38Z,,unclassified_missing_dates,False,False,False,True,False,False
UCe0N3vrZ9LroaFtfMrCntTA,,0,,False,,,,unclassified_missing_dates,False,True,True,True,False,False
UCe0c2rUjCHtQSf2XY7ulCQA,,0,,False,,,,unclassified_missing_dates,False,True,True,True,False,False
UCe1FlHUZe4CGOg-ocAai7Hg,Onlinezeitung marburgnews,1,45,False,2013-09-04T10:16:49Z,2023-08-26T11:04:53Z,,unclassified_missing_dates,False,False,False,True,False,False
UCe1VCi0GsvqRpUQqgTIQUMQ,,0,,False,,,,unclassified_missing_dates,False,True,True,True,False,False
UCe3eQK92QzZQ2Yn7R5uuUag,,0,,False,,,,unclassified_missing_dates,False,True,True,True,False,False
UCe3pjQE-bYDbDkpOV_anKQg,newsgonewild,1,105,False,2018-12-29T03:03:29Z,2025-02-24T08:17:35Z,,unclassified_missing_dates,False,False,False,True,False,False
UCe4f5ZcxRl7hP14i9DcQCDg,,0,,False,,,,unclassified_missing_dates,False,True,True,True,False,False
UCe5u2iOERWAQkiA4r8FYYQQ,,1,,,,,,unclassified_missing_dates,False,True,True,True,False,False
UCe6HOHwmU7wdKAyfYpShLWA,,0,,False,,,,unclassified_missing_dates,False,True,True,True,False,False
UCe6QaD1yi9BBIhlx6eIUtlQ,,1,,,,,,unclassified_missing_dates,False,True,True,True,False,False
UCe6X1kQYRrLESapWkLsxb2g,,0,,False,,,,unclassified_missing_dates,False,True,True,True,False,False
UCe7SMOKzoC-oUdqPta0w4Dg,,0,,False,,,,unclassified_missing_dates,False,True,True,True,False,False
UCe7XsXbd5T5-RSvJKMPojxw,,1,,,,,,unclassified_missing_dates,False,True,True,True,False,False
UCe8FBScZPJX2ZVIRgEA9Ecw,,1,,,,,,unclassified_missing_dates,False,True,True,True,False,False
UCe8RY1W4yTDY--MrgvIvhtA,,0,,False,,,,unclassified_missing_dates,False,True,True,True,False,False
UCe8r9EFiaaPeq98Bimh-0og,Die Linke Rheinland-Pfalz,1,411,False,2015-06-03T09:15:51Z,2023-06-03T10:48:38Z,,unclassified_missing_dates,False,False,False,True,False,False
UCe8xgglAZHELjGUR9WbWi2w,,0,,False,,,,unclassified_missing_dates,False,True,True,True,False,False
UCe9Q_WLN-Z9tLVLoDIY24pg,,0,,False,,,,unclassified_missing_dates,False,True,True,True,False,False
UCe9mBOJ-qJSTm3hpjAbTHZw,StadtTV der Stadtverwaltung Stutensee,1,29,False,2017-11-24T08:25:30Z,2022-12-18T07:00:00Z,,unclassified_missing_dates,False,False,False,True,False,False
UCeAThlzKbVGJYGTO_eNRMeA,,0,,False,,,,unclassified_missing_dates,False,True,True,True,False,False
UCeBqTmDFed3I_nL0Ykc9rcw,,0,,False,,,,unclassified_missing_dates,False,True,True,True,False,False
UCeCTNAG4VAhDpiQUcVZP-Yw,,1,,,,,,unclassified_missing_dates,False,True,True,True,False,False
UCeF66Rq3L6CfQOd4O9h5qEw,,1,,,,,,unclassified_missing_dates,False,True,True,True,False,False
UCeFc3D1Tf8lnZiDXVfvYCEQ,,0,,False,,,,unclassified_missing_dates,False,True,True,True,False,False
UCeFpr90pTm8XTUdYJ5DC9QQ,Christina Haubrich,1,11,False,2019-10-07T10:05:29Z,2022-10-17T12:48:18Z,,unclassified_missing_dates,False,False,False,True,False,False
UCeFysNWcL4ygfG8zCQmtpcw,Landesjagdverband Brandenburg e.V.,1,980,False,2019-02-11T12:31:04Z,2022-10-10T05:42:05Z,,unclassified_missing_dates,False,False,False,True,False,False
UCeHkHFeHAfC_OkEbdrzbPlg,Robby Pahlke,1,29,False,2009-09-09T05:52:50Z,2023-01-16T16:04:10Z,,unclassified_missing_dates,False,False,False,True,False,False
UCeID7dLMjXZ3FWuUJbm9jIw,,0,,False,,,,unclassified_missing_dates,False,True,True,True,False,False
UCeJ1sxrQF2RBhSD3SOzXD7Q,FDP Rhein-Neckar,1,5,False,2016-07-09T22:05:40Z,2023-09-14T14:25:40Z,,unclassified_missing_dates,False,False,False,True,False,False
UCeJoghW1JUJf14K2AU-VMJg,,0,,False,,,,unclassified_missing_dates,False,True,True,True,False,False
UCeJz_2_RNZhastH-UB7iCIA,,0,,False,,,,unclassified_missing_dates,False,True,True,True,False,False
UCeMQiXmFNTtN3OHlNJxnnUw,,0,,False,,2023-10-14T12:50:16Z,,unclassified_missing_dates,False,True,False,True,False,False
UCeMVMi4GMMuRlvNhrOmKp-w,,1,,,,,,unclassified_missing_dates,False,True,True,True,False,False
UCeMajZhOe8sCZVOa_Pn0pAA,VerVieVas Erklär-Agentur,1,2050,False,2011-08-31T11:38:39Z,2022-10-24T11:23:03Z,,unclassified_missing_dates,False,False,False,True,False,False
UCeOcEaVWEJHhcwjKkwVckkQ,,1,,,,,,unclassified_missing_dates,False,True,True,True,False,False
UCePfIabR_eb30TLuEMtIFPQ,,1,,,,,,unclassified_missing_dates,False,True,True,True,False,False
UCeQdo1iSSNgh3XCYCRDuMAA,,1,,,,,,unclassified_missing_dates,False,True,True,True,False,False
UCeReTKRoL-QSer4srOcI3NQ,,1,,,,,,unclassified_missing_dates,False,True,True,True,False,False
UCeRnULOyCbSBJ9d1QZDDc1g,Hof Birkenkamp,1,46,False,2021-05-04T08:23:31Z,2023-11-30T16:51:02Z,,unclassified_missing_dates,False,False,False,True,False,False
UCeSOB97YbloMeDo3Lgn0R6g,,0,,False,,,,unclassified_missing_dates,False,True,True,True,False,False
UCeT30S1ynRnkZVVXnkq6YgA,,0,,False,,,,unclassified_missing_dates,False,True,True,True,False,False
UCeTnP6X_NFpt0N8yKtTCDuA,Anna Kosera Klavierunterricht,1,369,False,2017-10-03T12:25:20Z,2022-10-24T14:51:34Z,,unclassified_missing_dates,False,False,False,True,False,False
UCeW11HsUiXwnRbPqNlh6fHw,,0,,False,,,,unclassified_missing_dates,False,True,True,True,False,False
UCeX4M0d6rzyh90Wlk_wa9fA,,1,,,,,,unclassified_missing_dates,False,True,True,True,False,False
UCeYAf4k914db7P5JsAh7-ww,,1,,,,,,unclassified_missing_dates,False,True,True,True,False,False
UCeYUJfc_mq0qVfkm5ngqxsQ,,0,,False,,,,unclassified_missing_dates,False,True,True,True,False,False
UCeYeP5WNvZRkq3a7FqJY4RQ,Naris Schnegg Productions,1,27,False,2018-09-19T03:48:31Z,,,unclassified_missing_dates,False,False,True,True,False,False
UCeZiijXU9_oICo5vLXC_c6A,,0,,False,,,,unclassified_missing_dates,False,True,True,True,False,False
UCeaPSisNNbNoZWND5GibspQ,Kulturgesichter0721,1,112,False,2020-12-30T09:30:20Z,,,unclassified_missing_dates,False,False,True,True,False,False
UCeacHVkHvRXGk6cO9pSIZzA,,1,,,,,,unclassified_missing_dates,False,True,True,True,False,False
UCecw2aesyALknhk8kHPW6Uw,,0,,False,,,,unclassified_missing_dates,False,True,True,True,False,False
UCedL3iBcytYx6gSnJ3U3rnQ,Dr. Achim Kessler,1,112,False,2018-04-26T20:24:25Z,,,unclassified_missing_dates,False,False,True,True,False,False
UCee-hPBFqzmNguLaWWbBm0Q,Deutsches Studierendenwerk,1,673,False,2016-07-28T10:08:08Z,2024-02-21T07:39:09Z,,unclassified_missing_dates,False,False,False,True,False,False
UCeeZ43VxaLHb9fa-0CUNWlg,,1,,,,,,unclassified_missing_dates,False,True,True,True,False,False
UCef7U4Lm3njMQdKpANx2OdQ,,1,,,,,,unclassified_missing_dates,False,True,True,True,False,False
UCefIuvI_Dw0cL7VvpErpyMA,,0,,False,,2023-11-09T14:45:03Z,,unclassified_missing_dates,False,True,False,True,False,False
UCeheUQC3NKpMsGl-o6IUvwA,,1,,,,2023-10-09T07:00:02Z,2023-10-25T18:17:40Z,first_active_after_reference,False,True,False,False,False,False
UCejWW3uHjAm3e6fIFIdRT5A,,0,,False,,,,unclassified_missing_dates,False,True,True,True,False,False
UCejWudSmd-QgahVzB3fT9pQ,,0,,False,,,,unclassified_missing_dates,False,True,True,True,False,False
UCejehlk5eLZlzgGP1rUx8kw,,0,,False,,,,unclassified_missing_dates,False,True,True,True,False,False
UCekwz_vK06Qv5UDfrNru2cA,,0,,False,,,,unclassified_missing_dates,False,True,True,True,False,False
UCenQFjeYtgWdiGNU8BQwYwA,Too Good To Go Deutschland,1,935,False,2018-05-09T14:26:38Z,2023-09-11T14:30:28Z,,unclassified_missing_dates,False,False,False,True,False,False
UCenh6YhS46F9Lu3q3Kfcudw,,0,,False,,,,unclassified_missing_dates,False,True,True,True,False,False
UCenhouk1Tqqo8nfVrK0It3w,AfD Müncheberg,1,29,False,2020-09-12T14:50:35Z,,,unclassified_missing_dates,False,False,True,True,False,False
UCenwc8nd_VMI-fq9RfaiJAw,,1,,,,,,unclassified_missing_dates,False,True,True,True,False,False
UCeo6YIXjsLmBzwNwdzoTXSA,Aktuelle Nachrichten,1,19,False,2021-03-08T19:13:33Z,,,unclassified_missing_dates,False,False,True,True,False,False
UCeoBCG2pAx4uGkmWza6b_AQ,,0,,False,,,,unclassified_missing_dates,False,True,True,True,False,False
UCeok9XRA0sCmemffkQf8OVw,,0,,False,,,,unclassified_missing_dates,False,True,True,True,False,False
UCepLFqKe1XdOuGyfOou1R1A,Thomas Kutschaty,1,84,False,2017-06-30T14:03:04Z,2022-11-02T13:26:05Z,,unclassified_missing_dates,False,False,False,True,False,False
UCer7l-cDXj9jqkr7xncgpBA,,0,,False,,,,unclassified_missing_dates,False,True,True,True,False,False
UCethPpaqp2CojeCkLk6ePxA,,1,,,,,,unclassified_missing_dates,False,True,True,True,False,False
UCeuKqZv41XTHY90eEZS4GFg,,0,,False,,,,unclassified_missing_dates,False,True,True,True,False,False
UCeuRFFzq0HBAJNS7Quq5eug,,1,,,,,,unclassified_missing_dates,False,True,True,True,False,False
UCeune2Pijahe1sZznt-E7SA,,1,,,,,,unclassified_missing_dates,False,True,True,True,False,False
UCeuzD8hGq7vYb1_IZusfXPA,,0,,False,,,,unclassified_missing_dates,False,True,True,True,False,False
UCewqNOgWJid-0B_WKJUQGjQ,,0,,False,,,,unclassified_missing_dates,False,True,True,True,False,False
UCexD2whiUFiw23hUNpUbrlg,,0,,False,,,,unclassified_missing_dates,False,True,True,True,False,False
UCexJLSVASKyspBjGLBHelFA,Der Paritätische Hessen,1,27,False,2012-04-16T08:23:24Z,2022-10-19T08:34:00Z,,unclassified_missing_dates,False,False,False,True,False,False
UCeyEJwoupZnsvDp0pNhhF6w,,0,,False,,,,unclassified_missing_dates,False,True,True,True,False,False
UCeyKU2rgWMZVO64awgWrvsA,,0,,False,,,,unclassified_missing_dates,False,True,True,True,False,False
UCezgyayFf1ypnCwsRoyDdFw,,0,,False,,,,unclassified_missing_dates,False,True,True,True,False,False
UCf-XafNruE0jVMsR2fjYBtg,Thomas Gruber,1,23,False,2021-04-26T19:11:23Z,,,unclassified_missing_dates,False,False,True,True,False,False
UCf-p0dP61ejthu-dzoSHJNg,,0,,False,,,,unclassified_missing_dates,False,True,True,True,False,False
UCf09HJnR6n7d1ZqnX-7axVg,,0,,False,,,,unclassified_missing_dates,False,True,True,True,False,False
UCf0yOYFHcFXpH1t6oQcl1Hw,,0,,False,,,,unclassified_missing_dates,False,True,True,True,False,False
UCf18U9sitHUtcSqKN4aFZgA,,1,,,,,,unclassified_missing_dates,False,True,True,True,False,False
UCf36x1YoYwMbsRgQwBXSLbA,,1,,,,,,unclassified_missing_dates,False,True,True,True,False,False
UCf3pc7H9W6v_gTP8ZEavgSQ,,0,,False,,,,unclassified_missing_dates,False,True,True,True,False,False
UCf3ppHg2201ysSZDCKHSX7w,,0,,False,,,,unclassified_missing_dates,False,True,True,True,False,False
UCf4g-87O4dg6C16lvMYaQEw,,1,,,,,,unclassified_missing_dates,False,True,True,True,False,False
UCf4jaNJDcEXcB2H77iv18Eg,,0,,False,,,,unclassified_missing_dates,False,True,True,True,False,False
UCf6Ilxw23ZnumS9jxzMWUWQ,,0,,False,,,,unclassified_missing_dates,False,True,True,True,False,False
UCf6zEsev_cVgWjofTFedJnw,Franziska Hoppermann CDU,1,26,False,2021-03-10T10:03:32Z,2023-03-30T06:14:44Z,,unclassified_missing_dates,False,False,False,True,False,False
UCf7riBgdr2XcnhYgq-oM5Ww,,0,,False,,,,unclassified_missing_dates,False,True,True,True,False,False
UCf8A9G9dQpdIzY8UkTgP_sw,rheinlOKal Worms,1,1480,False,2020-05-25T13:09:55Z,2022-10-07T18:54:51Z,,unclassified_missing_dates,False,False,False,True,False,False
UCf9hqWzCjckpZIu0XPmAO-g,,1,,,,,,unclassified_missing_dates,False,True,True,True,False,False
UCfBEQcoC8fFyvU5JSnI75uA,Lotto Schmidt,1,0,False,2020-11-13T15:17:56Z,,,unclassified_missing_dates,False,False,True,True,False,False
UCfBzIy7kL1nkny_VqQ9pe0g,,0,,False,,,,unclassified_missing_dates,False,True,True,True,False,False
UCfDG1_UPzjmA07pQ6qQpa0A,,1,,,,,,unclassified_missing_dates,False,True,True,True,False,False
UCfDHLZY6TVMYYGEqqtQ8Yjg,,1,,,,,,unclassified_missing_dates,False,True,True,True,False,False
UCfDZWJKS9LA81W3PtKurhkw,,0,,False,,,,unclassified_missing_dates,False,True,True,True,False,False
UCfEFOyLSycyYlIOubPxN1vg,,0,,False,,,,unclassified_missing_dates,False,True,True,True,False,False
UCfGDSZkLeiT8y3EkIrDFSTA,,0,,False,,,,unclassified_missing_dates,False,True,True,True,False,False
UCfHsDs9Y-ttvxoDVToFDrdQ,,0,,False,,2023-11-11T13:45:01Z,,unclassified_missing_dates,False,True,False,True,False,False
UCfIWZlkQlhGuDZ_WoYMMlpQ,,0,,False,,,,unclassified_missing_dates,False,True,True,True,False,False
UCfKo73Jbs46uiF0MWd-f2aw,,0,,False,,,,unclassified_missing_dates,False,True,True,True,False,False
UCfL8_dwPNy0lxU0VtJAIqoQ,,1,,,,,,unclassified_missing_dates,False,True,True,True,False,False
UCfLRSidfIQvUgyFLn0wbG8g,,0,,False,,,,unclassified_missing_dates,False,True,True,True,False,False
UCfNlLbK5LSRgnPqe6B1rvCg,,1,,,,,,unclassified_missing_dates,False,True,True,True,False,False
UCfO4VaZCSZ-KSjbos_6R07Q,,0,,False,,,,unclassified_missing_dates,False,True,True,True,False,False
UCfOOnqfMab-2pa8LwGl5iOw,,0,,False,,,,unclassified_missing_dates,False,True,True,True,False,False
UCfOfBNGJm_pieT1PMdpOAAw,,1,,,,,,unclassified_missing_dates,False,True,True,True,False,False
UCfOg-4C_39C0ibFJ2sfucRw,,0,,False,,,,unclassified_missing_dates,False,True,True,True,False,False
UCfP3HtpBVxyXh9piGg8OmNg,,0,,False,,,,unclassified_missing_dates,False,True,True,True,False,False
UCfPv2l7OiG3swZ-rAJG7JVw,Patrick Tschochner,1,2,False,2015-09-26T05:40:03Z,,,unclassified_missing_dates,False,False,True,True,False,False
UCfPxOCwfAWvn0R6HYnSj5sQ,,0,,False,,,,unclassified_missing_dates,False,True,True,True,False,False
UCfQ0dskj9YWuOA5gRefP6-Q,Kirsten Kappert-Gonther,1,190,False,2018-02-23T12:34:22Z,2026-04-13T13:39:26Z,,unclassified_missing_dates,False,False,False,True,False,False
UCfR-ZcbuVQzlJH6R9jXzyKg,,1,,,,,,unclassified_missing_dates,False,True,True,True,False,False
UCfRHf69NaTNDFVCmnd3D2qA,AfD-Stadtratsfraktion Mainz,1,89,False,2021-01-23T11:01:39Z,2025-02-11T18:42:42Z,,unclassified_missing_dates,False,False,False,True,False,False
UCfRo-TW9ai1wBfVsX1XEVQQ,,0,,False,,2023-11-05T12:47:32Z,2023-11-05T12:47:32Z,first_active_after_reference,False,True,False,False,False,False
UCfSJLKYTw4yeuxInZ9gOf8w,Daily Mail 24h,1,1600,False,2009-08-31T17:04:42Z,,,unclassified_missing_dates,False,False,True,True,False,False
UCfSZdHfKc3aGtuNjjVIdQ8w,,1,,,,,,unclassified_missing_dates,False,True,True,True,False,False
UCfS_500JjZNMrmZzDX9ikJw,,1,,,,,,unclassified_missing_dates,False,True,True,True,False,False
UCfTQCjP02_s7KXLY5XLFUsg,,1,,,,,,unclassified_missing_dates,False,True,True,True,False,False
UCfUraRp3rJGqgus2S27cyTQ,,0,,False,,,,unclassified_missing_dates,False,True,True,True,False,False
UCfV2o-6cvg-3PZBDGDFW5zA,,0,,False,,,,unclassified_missing_dates,False,True,True,True,False,False
UCfVjV4yj13Q29sTme5_LYkg,Müftus,1,318,False,2015-06-15T15:49:31Z,2022-10-07T09:00:34Z,,unclassified_missing_dates,False,False,False,True,False,False
UCfVn-zXH1jtpO6Zc1Fxlsxw,FaktenCheki,1,437,False,2014-01-31T19:47:32Z,2022-11-07T21:53:12Z,,unclassified_missing_dates,False,False,False,True,False,False
UCfWCr9R8uoGWg2_pK50-cbw,,1,,,,,,unclassified_missing_dates,False,True,True,True,False,False
UCfWXBfCbWXv2tyv6Fs6PuAg,,0,,False,,,,unclassified_missing_dates,False,True,True,True,False,False
UCfX1CFXSzIJEv1oLFgtRRDQ,,1,,,,,,unclassified_missing_dates,False,True,True,True,False,False
UCfXY24HjPEux8hGgLPNmP8Q,,0,,False,,,,unclassified_missing_dates,False,True,True,True,False,False
UCfY1LO_4HPMiKheKHUJ24wg,,0,,False,,,,unclassified_missing_dates,False,True,True,True,False,False
UCfY34II2FlTkJN2w1bfuSUw,,1,,,,,,unclassified_missing_dates,False,True,True,True,False,False
UCfYbJ7K3mKAtZaOfVVzrCqA,,1,,,,,,unclassified_missing_dates,False,True,True,True,False,False
UCfZqoH-gzxoInRNiav-lNow,,0,,False,,,,unclassified_missing_dates,False,True,True,True,False,False
UCf_HItERkRB3vnkWt2RSOLg,,0,,False,,2023-11-24T13:58:54Z,,unclassified_missing_dates,False,True,False,True,False,False
UCfaIu2jO-fppCQV_lchCRIQ,,0,,False,,2023-10-12T23:00:12Z,,unclassified_missing_dates,False,True,False,True,False,False
UCfao9M0e-ZDTxi3-UXyyg6A,,1,,,,,,unclassified_missing_dates,False,True,True,True,False,False
UCfap1RHWxLHPdXjQ6jo-EAw,,0,,False,,,,unclassified_missing_dates,False,True,True,True,False,False
UCfaqkj014ojLIk5kYM9PSgQ,,1,,,,,,unclassified_missing_dates,False,True,True,True,False,False
UCfb7uPR3V44lElvLwTS328Q,,1,,,,,,unclassified_missing_dates,False,True,True,True,False,False
UCfdV9evw2wt7YyuHLrEQPig,,0,,False,,,,unclassified_missing_dates,False,True,True,True,False,False
UCfeUg3xY5oay8OICkYptn-w,Georg Klingenberg,1,129,False,2019-02-18T14:19:22Z,2023-01-26T21:55:56Z,,unclassified_missing_dates,False,False,False,True,False,False
UCff30PZamr3E2kMNCWz_ezA,,1,,,,2023-10-17T13:55:27Z,,unclassified_missing_dates,False,True,False,True,False,False
UCffhiFOy1ILArSEzuPRueHQ,Y TK - jugendsender treptow köpenick,1,47,False,2021-03-04T17:14:59Z,,,unclassified_missing_dates,False,False,True,True,False,False
UCfgivID6x5wOzbnv4aiewWw,spdoffenbach,1,9,False,2011-02-09T10:28:03Z,,,unclassified_missing_dates,False,False,True,True,False,False
UCficO2s-Si_s1FO-IR8Vfrw,,0,,False,,,,unclassified_missing_dates,False,True,True,True,False,False
UCfkP3tp5O-AqAVNP7AQGuFQ,,0,,False,,2023-10-11T11:42:08Z,2023-12-26T02:30:46Z,first_active_after_reference,False,True,False,False,False,False
UCfnsWGN5thNUp_QKObM58bA,,0,,False,,,,unclassified_missing_dates,False,True,True,True,False,False
UCfq9KyrVv2Ys587unsff1Ng,WolfBiteLP,1,2780,False,2014-03-03T12:10:49Z,2022-10-07T11:00:04Z,,unclassified_missing_dates,False,False,False,True,False,False
UCfqKom6h08V69GRr5pBEt3A,,0,,False,,,,unclassified_missing_dates,False,True,True,True,False,False
UCfqdgbYeQn-_vF4s5XtcuzQ,,1,,,,,,unclassified_missing_dates,False,True,True,True,False,False
UCfr9VXZ7E1WcaqYsOPmFn7A,,1,,,,,,unclassified_missing_dates,False,True,True,True,False,False
UCfrGI12MhCYi2cxVcE-XvIQ,,0,,False,,,,unclassified_missing_dates,False,True,True,True,False,False
UCftHcLEaOjipl219Bn1oynA,,1,,,,,,unclassified_missing_dates,False,True,True,True,False,False
UCfvxAsZiNLmRwHu_jhRhxiw,,1,,,,2023-11-15T17:07:54Z,2023-11-26T19:00:21Z,first_active_after_reference,False,True,False,False,False,False
UCfwbMc24bYMDf29jzcwSWyw,,1,,,,2023-10-20T13:57:05Z,,unclassified_missing_dates,False,True,False,True,False,False
UCfwostCk-df5dmWt3bCc9EA,,0,,False,,,,unclassified_missing_dates,False,True,True,True,False,False
UCfxQAAntt_jRo7NQauHKglQ,,0,,False,,2023-10-20T20:32:35Z,2023-10-20T20:32:35Z,first_active_after_reference,False,True,False,False,False,False
UCfzfeyyFvY_xklD7yfHKSCA,A.Zeckenbiss,1,651,False,2018-07-18T12:32:21Z,,,unclassified_missing_dates,False,False,True,True,False,False
UCg-9UCI_zdwWu8-Jb9js1Bw,,0,,False,,,,unclassified_missing_dates,False,True,True,True,False,False
UCg-DLxUfamB3YmBw8rxhMVw,,0,,False,,,,unclassified_missing_dates,False,True,True,True,False,False
UCg0CiI9VB9PVJfEGEZfh-Tw,,0,,False,,,,unclassified_missing_dates,False,True,True,True,False,False
UCg1-j0pRtPWgYKy1lFUU5Xg,Nils Siemanowsky,1,0,False,2014-10-18T11:05:04Z,,,unclassified_missing_dates,False,False,True,True,False,False
UCg18_2cdqaVOzKjXW8E1XKQ,Siegener Zeitung,1,4580,False,2010-06-09T13:38:32Z,2022-10-09T15:49:58Z,,unclassified_missing_dates,False,False,False,True,False,False
UCg1D0tcJuORAFX1wij52FzQ,,1,,,,,,unclassified_missing_dates,False,True,True,True,False,False
UCg1Nj4RsqJd1ZojdQf2ujvg,,1,,,,,,unclassified_missing_dates,False,True,True,True,False,False
UCg1SLjjkXHlvGYDt_M3VGpw,,0,,False,,,,unclassified_missing_dates,False,True,True,True,False,False
UCg1Z4ic9inJuPRsHmjusuhA,,1,,,,,,unclassified_missing_dates,False,True,True,True,False,False
UCg40OxZ1GYh3u3jBntB6DLg,,0,,False,,,,unclassified_missing_dates,False,True,True,True,False,False
UCg6RA1ZysIZ2uBneyycXEFA,,1,,,,,,unclassified_missing_dates,False,True,True,True,False,False
UCg6nLWUPW4IYdNcJWBsg-WQ,,0,,False,,,,unclassified_missing_dates,False,True,True,True,False,False
UCg7EUuYhiJF_msyZC47HJrQ,,0,,False,,,,unclassified_missing_dates,False,True,True,True,False,False
UCg7GUvIHaDg7RLVP8am19-g,,1,,,,,,unclassified_missing_dates,False,True,True,True,False,False
UCg7gvrFOCd-EIZuB-JTrdRw,,0,,False,,,,unclassified_missing_dates,False,True,True,True,False,False
UCg8vUiMLsguLg0qTr5FQPfQ,,0,,False,,,,unclassified_missing_dates,False,True,True,True,False,False
UCg93U9UYybHF9OsGviDv2cA,,0,,False,,,,unclassified_missing_dates,False,True,True,True,False,False
UCgBCv3KpZj00mKISqshJGTw,,0,,False,,,,unclassified_missing_dates,False,True,True,True,False,False
UCgBEP-Jd2waLtvP6uK0mM_A,,0,,False,,2023-10-20T11:13:27Z,2023-10-20T11:13:27Z,first_active_after_reference,False,True,False,False,False,False
UCgBVz3EzHYKpPS0BITvLRsg,,0,,False,,,,unclassified_missing_dates,False,True,True,True,False,False
UCgD93xd1KaokQWJ96woH-AA,,0,,False,,,,unclassified_missing_dates,False,True,True,True,False,False
UCgDxHgZIVNud9mUaZHCCTbg,,1,,,,2023-11-20T12:36:45Z,,unclassified_missing_dates,False,True,False,True,False,False
UCgEqGmtPRAtZxDVf0Lg-QPA,,0,,False,,,,unclassified_missing_dates,False,True,True,True,False,False
UCgIi12EA6BQ8HKL8QUccsOQ,,0,,False,,,,unclassified_missing_dates,False,True,True,True,False,False
UCgInOEHjST1FMvfbDOLn3ZA,,0,,False,,,,unclassified_missing_dates,False,True,True,True,False,False
UCgIwxReaUxhFlrHSllteacA,,1,,,,,,unclassified_missing_dates,False,True,True,True,False,False
UCgJ6SvfsdBt3k8LA8ypDfkw,,0,,False,,,,unclassified_missing_dates,False,True,True,True,False,False
UCgJRuWizQl8GmM9HroZTt0Q,,0,,False,,,,unclassified_missing_dates,False,True,True,True,False,False
UCgJqAbpoC-eOJ5Tn71XXlKg,,1,,,,,,unclassified_missing_dates,False,True,True,True,False,False
UCgKtz-3EB_PdZt6MBkxUe2g,,0,,False,,,,unclassified_missing_dates,False,True,True,True,False,False
UCgMGAFrV6XE_MxLj59VfUuA,,0,,False,,,,unclassified_missing_dates,False,True,True,True,False,False
UCgMXy_-6wrRheCfQqMf8DOQ,,0,,False,,,,unclassified_missing_dates,False,True,True,True,False,False
UCgNybSobx2wGbnUdZH8iyWQ,,1,,,,,,unclassified_missing_dates,False,True,True,True,False,False
UCgOChM9bxM4MfePbpwAarSQ,,1,,,,,,unclassified_missing_dates,False,True,True,True,False,False
UCgQYVFXNrUbaKT1tSJE10sA,,0,,False,,,,unclassified_missing_dates,False,True,True,True,False,False
UCgSNSxakXDjg71kMcrrEn6w,,1,,,,,,unclassified_missing_dates,False,True,True,True,False,False
UCgSvHDW9Kh_d5AoQu01rnYQ,,0,,False,,,,unclassified_missing_dates,False,True,True,True,False,False
UCgSyaQKaYs0ONmKkwA96-zg,,1,,,,,,unclassified_missing_dates,False,True,True,True,False,False
UCgTVqh5BVlhYI1uTs3fVzLQ,,1,,,,,,unclassified_missing_dates,False,True,True,True,False,False
UCgUTJhqOrzBaX5qqCYEZn4A,,1,,,,,,unclassified_missing_dates,False,True,True,True,False,False
UCgUr0ONxJFR4qCCln_EdkOA,,0,,False,,,,unclassified_missing_dates,False,True,True,True,False,False
UCgVoBnPy7oW_BoJtGs61Lww,,1,,,,,,unclassified_missing_dates,False,True,True,True,False,False
UCgWgDxq4NVlN6wtZI0wAIRQ,,1,,,,,,unclassified_missing_dates,False,True,True,True,False,False
UCgXePL7hMPg7e5h3AL-RKrg,,0,,False,,,,unclassified_missing_dates,False,True,True,True,False,False
UCgYLm60a7lbBWNYIdzgPbvA,,0,,False,,,,unclassified_missing_dates,False,True,True,True,False,False
UCg_roUCKYMC4lrrcnxlQLHQ,,0,,False,,,,unclassified_missing_dates,False,True,True,True,False,False
UCgaBWDpNAS2duSZwDoZk-Vw,,0,,False,,,,unclassified_missing_dates,False,True,True,True,False,False
UCgbUanXGwb1OKM9EnJuIZxQ,Was Solldas,1,0,False,2020-08-03T10:11:25Z,2022-10-21T08:11:34Z,,unclassified_missing_dates,False,False,False,True,False,False
UCgcnlanFAgBOUhcIFWB15Fw,,0,,False,,,,unclassified_missing_dates,False,True,True,True,False,False
UCgdYtAvZqSP-49GgadzHyMQ,,1,,,,,,unclassified_missing_dates,False,True,True,True,False,False
UCgdhtMTa0bnUzdv6uxiy_JA,,0,,False,,,,unclassified_missing_dates,False,True,True,True,False,False
UCgeqUNJWvPJ8VfcGNl_iLtA,,0,,False,,,,unclassified_missing_dates,False,True,True,True,False,False
UCgfaCzFPV93usdOPBln686w,Tom Kreissl,1,540,False,2012-07-06T22:06:32Z,2023-04-03T17:24:44Z,,unclassified_missing_dates,False,False,False,True,False,False
UCgg8ChNl7GyRHBI5MORbstg,FDP Friedrichsdorf,1,21,False,2020-06-11T19:07:02Z,,,unclassified_missing_dates,False,False,True,True,False,False
UCggV7PZKy_V4hUK_KtW6cDA,SPD Wölfersheim,1,106,False,2016-03-04T00:32:58Z,2022-10-24T05:00:13Z,,unclassified_missing_dates,False,False,False,True,False,False
UCghCUh3Xjj9UYg4_uP6y25w,Joe Chialo,1,213,False,2021-04-03T10:56:18Z,,,unclassified_missing_dates,False,False,True,True,False,False
UCgiS8whB2Om92dkcGiidiZA,,1,,,,,,unclassified_missing_dates,False,True,True,True,False,False
UCgj0uCW9VR8p3PUJ91oDz9g,TheNokturnalTimes,1,9900,False,2016-03-12T15:14:57Z,2022-10-30T15:50:36Z,,unclassified_missing_dates,False,False,False,True,False,False
UCgjKoo9kYpjIpWD4PowMWzg,,1,,,,,,unclassified_missing_dates,False,True,True,True,False,False
UCgjNRzoJO3ccKKt_CC2IQ5w,Tastatursportfreunde ,1,357,False,2020-07-14T18:07:06Z,2022-10-09T14:22:50Z,,unclassified_missing_dates,False,False,False,True,False,False
UCgkc2j2OZqGQQ3UguxuGbdg,,0,,False,,,,unclassified_missing_dates,False,True,True,True,False,False
UCglPsfS3B19qupidW26WLaw,,1,,,,,,unclassified_missing_dates,False,True,True,True,False,False
UCgmrQkUVsoPgpAD4MG_wvxA,,0,,False,,,,unclassified_missing_dates,False,True,True,True,False,False
UCgnNm2tpCyDPNgPLTob5baQ,,1,,,,,,unclassified_missing_dates,False,True,True,True,False,False
UCgoZkFHkOV_OsrJ9X1eKGSg,,0,,False,,,,unclassified_missing_dates,False,True,True,True,False,False
UCgogkuLAhUmy_w56Ritsclw,,0,,False,,,,unclassified_missing_dates,False,True,True,True,False,False
UCgpaCBrTor7op5JBV8CfXlw,,0,,False,,,,unclassified_missing_dates,False,True,True,True,False,False
UCgpeAJUIMENXcHZdBfQlmjA,,0,,False,,,,unclassified_missing_dates,False,True,True,True,False,False
UCgprhQHME6f-OF7yeMu6COA,,0,,False,,,,unclassified_missing_dates,False,True,True,True,False,False
UCgqDaZnAFnpwu687DMEFstw,,0,,False,,,,unclassified_missing_dates,False,True,True,True,False,False
UCgqoJfoFUc7FFAS7vqwAVGQ,,1,,,,,,unclassified_missing_dates,False,True,True,True,False,False
UCgqva2a9yKtQh94doeu6whA,,1,,,,,,unclassified_missing_dates,False,True,True,True,False,False
UCgqx9DyLANjV52i4Cxa3gtw,,0,,False,,,,unclassified_missing_dates,False,True,True,True,False,False
UCgrOAUym4_SO5KMPLFvExuA,,0,,False,,,,unclassified_missing_dates,False,True,True,True,False,False
UCgsFC5G9FHasE1FHM8clzeQ,,1,,,,,,unclassified_missing_dates,False,True,True,True,False,False
UCgsGDNUnQkd9PlE4yq-p04Q,Dieter Kleinfeldt,1,17,False,2021-02-15T20:38:03Z,,,unclassified_missing_dates,False,False,True,True,False,False
UCgtGMDfRUa7uyRtAZ85mnrg,Löwi,1,826,False,2014-08-14T10:23:54Z,2022-10-07T12:00:36Z,,unclassified_missing_dates,False,False,False,True,False,False
UCgtbE9w_d-u2AvPp3WBlPfQ,,0,,False,,,,unclassified_missing_dates,False,True,True,True,False,False
UCgty1FwQo88e_vaHRbmkNiQ,,0,,False,,,,unclassified_missing_dates,False,True,True,True,False,False
UCguSsOr8P-DpQ-on1CwpK7A,,0,,False,,,,unclassified_missing_dates,False,True,True,True,False,False
UCgvCahn5UKom9qTlg8Yn6EQ,,0,,False,,,,unclassified_missing_dates,False,True,True,True,False,False
UCgxQ6MwrBToyQQPnMo-oFLQ,,1,,,,,,unclassified_missing_dates,False,True,True,True,False,False
UCgy8fc5KUdi99TmwQHmDxTg,,1,,,,,,unclassified_missing_dates,False,True,True,True,False,False
UCgynP709CWwxm1DGueYi6Uw,,0,,False,,,,unclassified_missing_dates,False,True,True,True,False,False
UCgznFN-MxZn3csINqhf5tlw,,1,,,,,,unclassified_missing_dates,False,True,True,True,False,False
UCh0J9c4FpxN5La_U5Qm6RXw,,0,,False,,,,unclassified_missing_dates,False,True,True,True,False,False
UCh0bWtUE4gUJU9GTq-ANCvw,,0,,False,,,,unclassified_missing_dates,False,True,True,True,False,False
UCh1f2nSFQbHC4kplmcAiPYQ,,0,,False,,,,unclassified_missing_dates,False,True,True,True,False,False
UCh1j4D2XH_q0ICUePczFoSw,UTV Frankfurt,1,539,False,2012-06-04T14:50:34Z,,,unclassified_missing_dates,False,False,True,True,False,False
UCh2iBwifCy1fZzRwAtdCf4g,,1,,,,,,unclassified_missing_dates,False,True,True,True,False,False
UCh2pwlTJf4DFtcB80y1J-XQ,,0,,False,,,,unclassified_missing_dates,False,True,True,True,False,False
UCh3AmvdhFvq-xK8HZR0ZQ6Q,Benjamin Miskowitsch - Mitglied des Landtags,1,7,False,2011-10-28T17:37:13Z,2023-09-21T08:36:25Z,,unclassified_missing_dates,False,False,False,True,False,False
UCh3e41O9WRiASUY5omHEkXg,,0,,False,,,,unclassified_missing_dates,False,True,True,True,False,False
UCh3ndeOndNN-BA0of1SwlNg,,0,,False,,,,unclassified_missing_dates,False,True,True,True,False,False
UCh4nZoazmodwCYDUJeSsAPQ,Medien wirksam,1,71,False,2020-12-18T01:17:35Z,,,unclassified_missing_dates,False,False,True,True,False,False
UCh4oJbrcLoxCpzONkqEFGEA,Freie Wohlfahrtspflege NRW,1,70,False,2012-09-02T13:43:28Z,2023-06-13T08:01:42Z,,unclassified_missing_dates,False,False,False,True,False,False
UCh55IX24pfN-5iRYYr0R5nA,,1,,,,,,unclassified_missing_dates,False,True,True,True,False,False
UCh6pRjWDNQeiHvxoUk6lh3w,,0,,False,,,,unclassified_missing_dates,False,True,True,True,False,False
UCh6wHFFXE3w2BpgBAb67vMA,,0,,False,,,,unclassified_missing_dates,False,True,True,True,False,False
UCh8FDNPOHXQukzmd_6xJPhg,DIE GRÜNEN NEU WULMSTORF,1,4,False,2021-06-18T12:31:03Z,,,unclassified_missing_dates,False,False,True,True,False,False
UChA189EBbeb5KCKAcSTh_mw,,0,,False,,,,unclassified_missing_dates,False,True,True,True,False,False
UChBtr_EVT2yFL-v105NSpMw,,1,,,,,,unclassified_missing_dates,False,True,True,True,False,False
UChD4OSvN0XcRMTmQQlqeRvw,,1,,,,,,unclassified_missing_dates,False,True,True,True,False,False
UChDbzmA7tjugMGR3oC0-3FQ,,1,,,,,,unclassified_missing_dates,False,True,True,True,False,False
UChEp7YTPh55AT7vFDzHP6UQ,,0,,False,,,,unclassified_missing_dates,False,True,True,True,False,False
UChEr3747p4XpSsntY8JEZMQ,Achtung ab 18,1,168,False,2018-11-16T20:21:08Z,,,unclassified_missing_dates,False,False,True,True,False,False
UChGWkYi4KBLxArfUwre6s0g,,0,,False,,,,unclassified_missing_dates,False,True,True,True,False,False
UChJTREEPvJIsBURQUERVOkw,,0,,False,,,,unclassified_missing_dates,False,True,True,True,False,False
UChJq6R3AxcDorUzcbnKUPvw,,1,,,,,,unclassified_missing_dates,False,True,True,True,False,False
UChK0kH4I9eoorrmaoy3DPcA,SV Bannewitz,1,61,False,2019-04-01T15:22:32Z,,,unclassified_missing_dates,False,False,True,True,False,False
UChKe8hXYLxX7AdO6nIH6VpA,,0,,False,,,,unclassified_missing_dates,False,True,True,True,False,False
UChLKlIDycUMpEKsxKMMcXsQ,,0,,False,,,,unclassified_missing_dates,False,True,True,True,False,False
UChLefM1DxioPr7rAlTh8dMA,,0,,False,,,,unclassified_missing_dates,False,True,True,True,False,False
UChLrFD0tU4bo6SC46V46c6g,,1,,,,,,unclassified_missing_dates,False,True,True,True,False,False
UChLzJNlrrDNf1iUpLAsBLNw,,1,,,,,,unclassified_missing_dates,False,True,True,True,False,False
UChM3cTZdMaaQdP1x-eDaIIw,,0,,False,,,,unclassified_missing_dates,False,True,True,True,False,False
UChMJ9p7nBAPQo_CkncK284w,,1,,,,,,unclassified_missing_dates,False,True,True,True,False,False
UChMz96ejnE5AlQaqrFdHo4A,,1,,,,,,unclassified_missing_dates,False,True,True,True,False,False
UChOzdzBexOoFMdhPfumzDdA,,1,,,,2023-10-07T07:48:36Z,2023-10-07T07:48:36Z,first_active_after_reference,False,True,False,False,False,False
UChP-L3VcUA7YuXBYNf1BnBQ,,0,,False,,,,unclassified_missing_dates,False,True,True,True,False,False
UChQ-8c9luedW-PMQnrFko5Q,,0,,False,,,,unclassified_missing_dates,False,True,True,True,False,False
UChQc-Y6wPyfA5YCPHoNa-qw,,0,,False,,,,unclassified_missing_dates,False,True,True,True,False,False
UChRctbUEedeRHTw3op9OIJg,Sakima Yashi,1,18,False,2019-08-02T14:17:24Z,2022-10-21T13:32:57Z,,unclassified_missing_dates,False,False,False,True,False,False
UChRiwo6evypcFyfX7DkL-bw,Kristina Fröhlich,1,4,False,2020-03-23T20:26:10Z,,,unclassified_missing_dates,False,False,True,True,False,False
UChSFk_fFMYDnH7cfAWzPeGQ,ISO Internationale Sozialistische Organisation,1,129,False,2020-04-16T11:40:05Z,2023-06-17T08:33:47Z,,unclassified_missing_dates,False,False,False,True,False,False
UChSVH5JBf_Hbj9B6N9-FJ0g,Kurdische Gemeinde Deutschland,1,802,False,2015-11-19T18:52:15Z,2022-11-16T13:45:31Z,,unclassified_missing_dates,False,False,False,True,False,False
UChSVp_Vx476wAYiqnZV6uXA,Lausitz TV,1,6920,False,2011-10-21T12:51:13Z,2022-10-07T08:18:11Z,,unclassified_missing_dates,False,False,False,True,False,False
UChSoHy2ypX4lJ94BohHMeXA,,0,,False,,,,unclassified_missing_dates,False,True,True,True,False,False
UChURYUAZ_4DlsqhFcbpYQWA,,0,,False,,,,unclassified_missing_dates,False,True,True,True,False,False
UChVhrU3NDTSw4TuR8zUh30A,,0,,False,,,,unclassified_missing_dates,False,True,True,True,False,False
UChW7Bqy7NPEK6up8VN3jocA,,0,,False,,,,unclassified_missing_dates,False,True,True,True,False,False
UChWaAOyJllLkU5OFD9QEKXw,,1,,,,,,unclassified_missing_dates,False,True,True,True,False,False
UChWz028HWZTHPWCJ3ni8Pzw,interventionistische linke,1,923,False,2013-06-10T17:14:14Z,2024-12-15T13:08:56Z,,unclassified_missing_dates,False,False,False,True,False,False
UChY_9WJx0saa0St48lSdytQ,,0,,False,,,,unclassified_missing_dates,False,True,True,True,False,False
UChZGoqJe113-nLvk3bmMkpQ,Bottrop TV,1,597,False,2011-01-23T15:42:13Z,2022-12-18T17:12:09Z,,unclassified_missing_dates,False,False,False,True,False,False
UChZPNlitzyffvAj1eDLVQ3Q,,0,,False,,,,unclassified_missing_dates,False,True,True,True,False,False
UCh_3beIZHz_HD6qUwhXXbPg,,1,,,,,,unclassified_missing_dates,False,True,True,True,False,False
UCh_BxoK0DDJ6wCJKgADmptg,,1,,,,,,unclassified_missing_dates,False,True,True,True,False,False
UChaY5Dagl0u9rDUimOeHq_w,,0,,False,,2022-08-22T15:06:02Z,,unclassified_missing_dates,False,True,False,True,False,False
UChckq5YSCfNJEF2WLppK_BA,,0,,False,,,,unclassified_missing_dates,False,True,True,True,False,False
UChd3kvLrgJm7LGiQGWcKWNw,,0,,False,,,,unclassified_missing_dates,False,True,True,True,False,False
UChdUEzRQ27J8ZEd3kY8FpeQ,,0,,False,,,,unclassified_missing_dates,False,True,True,True,False,False
UChdcbj5t21uje7pTKzexNPA,,0,,False,,,,unclassified_missing_dates,False,True,True,True,False,False
UChdjz_JSbmm_CGL5d2L-cbQ,,1,,,,,,unclassified_missing_dates,False,True,True,True,False,False
UChf6BIao7Y6PSPz4uONfyGA,,0,,False,,,,unclassified_missing_dates,False,True,True,True,False,False
UChg3qHiZwOheyXXecxDm1JA,,0,,False,,,,unclassified_missing_dates,False,True,True,True,False,False
UChgincZ0qlQciMmphfOMmFQ,SPD Mörfelden-Walldorf,1,10,False,2021-02-13T17:28:44Z,,,unclassified_missing_dates,False,False,True,True,False,False
UChicTmWMVAktiDst8Zn3KRQ,FDP Uster,1,26,False,2016-11-01T22:24:07Z,2026-01-29T18:50:01Z,,unclassified_missing_dates,False,False,False,True,False,False
UChiqnxuBRtAn9xZJYoZ3kuw,,1,,,,,,unclassified_missing_dates,False,True,True,True,False,False
UChirEOpgFCupRAk5etXqPaA,,0,,False,,2022-02-24T20:25:35Z,,unclassified_missing_dates,False,True,False,True,False,False
UChkKFW60j-goQEMidLPg_fw,,1,,,,,,unclassified_missing_dates,False,True,True,True,False,False
UChlbCb754shuIOzmxw_61Bg,StrickerTV Schweizerdeutsch,1,8410,False,2018-01-22T17:49:25Z,2023-06-16T09:02:51Z,,unclassified_missing_dates,False,False,False,True,False,False
UChleoNsMEJgbCFdkY2oKoeQ,,1,,,,,,unclassified_missing_dates,False,True,True,True,False,False
UChnAV6XiXvOLaeCwucbdK2g,,1,,,,2023-11-12T18:46:52Z,2023-12-31T20:47:07Z,first_active_after_reference,False,True,False,False,False,False
UCho6LZa0sqMAzLQqDef2wGQ,,0,,False,,,,unclassified_missing_dates,False,True,True,True,False,False
UChoal0xQYP7ZDIycEUVLQNg,Keine Rheinspange553,1,147,False,2020-04-06T15:59:46Z,,,unclassified_missing_dates,False,False,True,True,False,False
UChp0lo6DEQTlwXML_3V5p-Q,Partnerschaft für Demokratie Herne,1,84,False,2019-10-10T11:09:35Z,2023-01-18T12:00:18Z,,unclassified_missing_dates,False,False,False,True,False,False
UChqUTb7kYRX8-EiaN3XFrSQ,,0,,False,,2022-02-25T00:14:54Z,,unclassified_missing_dates,False,True,False,True,False,False
UChqgtaWq8U8KEnS77nv5-rw,,1,,,,,,unclassified_missing_dates,False,True,True,True,False,False
UChrIfG6p1RWJw6HFmYC75zQ,,0,,False,,,,unclassified_missing_dates,False,True,True,True,False,False
UChsPFs8zgfj02lVHva5Y0aA,Caritas Hagen,1,59,False,2020-04-03T13:33:21Z,2023-11-03T13:09:08Z,,unclassified_missing_dates,False,False,False,True,False,False
UChsoJk_u14yTYzBama6Gs5w,,0,,False,,,,unclassified_missing_dates,False,True,True,True,False,False
UChtd5pmZ92yoHbjD8oLqaow,Finanzfilter,1,1150,False,2020-08-24T06:52:28Z,,,unclassified_missing_dates,False,False,True,True,False,False
UChuagtL7793ujmquSa7SqpQ,,0,,False,,,,unclassified_missing_dates,False,True,True,True,False,False
UChvK-H-TmYM0Omtv5hYyo9g,,0,,False,,,,unclassified_missing_dates,False,True,True,True,False,False
UChwMeCHaIGKhlc5MFThtCcQ,,0,,False,,,,unclassified_missing_dates,False,True,True,True,False,False
UChxWon9_XTKUIS_ugx86CYQ,,1,,,,,,unclassified_missing_dates,False,True,True,True,False,False
UChxYsPKIlfy455Hvg846Hmg,,0,,False,,,,unclassified_missing_dates,False,True,True,True,False,False
UChyI96g0Tcjy-GGpeO0k5AA,,0,,False,,,,unclassified_missing_dates,False,True,True,True,False,False
UChzYuGJHowmJxMUqTtB_YZA,,0,,False,,,,unclassified_missing_dates,False,True,True,True,False,False
UCi0aRSZBZd2D6m13Z82KXbQ,,0,,False,,,,unclassified_missing_dates,False,True,True,True,False,False
UCi1EM23cGI63428MImL-how,,0,,False,,,,unclassified_missing_dates,False,True,True,True,False,False
UCi1Z940sujXriXiTaxyFpOQ,,1,,,,,,unclassified_missing_dates,False,True,True,True,False,False
UCi1oKzKX-aVUUbPOfGHMoCQ,,0,,False,,,,unclassified_missing_dates,False,True,True,True,False,False
UCi26j0zxFoRNpE5a4DBP7RA,,0,,False,,2023-10-12T10:00:17Z,2023-12-28T09:50:00Z,first_active_after_reference,False,True,False,False,False,False
UCi5C3GoFBMqVCQWUH2bfQew,,0,,False,,,,unclassified_missing_dates,False,True,True,True,False,False
UCi639x8BrFauQiNfNmqf63A,,0,,False,,,,unclassified_missing_dates,False,True,True,True,False,False
UCi7H_5_PEfilNpaheKm-vAA,,0,,False,,,,unclassified_missing_dates,False,True,True,True,False,False
UCi8bxMiNsvwBwnHTvBSBL0w,,0,,False,,,,unclassified_missing_dates,False,True,True,True,False,False
UCiAkY6Nwg7TkA1vLa4Gic8Q,,1,,,,,,unclassified_missing_dates,False,True,True,True,False,False
UCiB4pTpIec4SgIkGUaTbxyA,,1,,,,,,unclassified_missing_dates,False,True,True,True,False,False
UCiBIOCY2NLp0INiiOnopHBA,erstiediva,1,100,False,2020-02-26T13:47:44Z,2023-03-06T15:47:30Z,,unclassified_missing_dates,False,False,False,True,False,False
UCiCEnJ4WV4VaRQ_IJHWEf9Q,,1,,,,,,unclassified_missing_dates,False,True,True,True,False,False
UCiDOeugWNHWpbmcNwp5AqAg,,0,,False,,,,unclassified_missing_dates,False,True,True,True,False,False
UCiDpOGMPfckfuyl9dCSDYiQ,,1,,,,,,unclassified_missing_dates,False,True,True,True,False,False
UCiEFhFMuE81EVxBEJUXn19g,Sabine Blankenburg,1,1660,False,2015-09-29T18:08:24Z,2022-10-10T11:46:00Z,,unclassified_missing_dates,False,False,False,True,False,False
UCiEoEdP2hYaSpRRxvP0Mfkw,,1,,,,,,unclassified_missing_dates,False,True,True,True,False,False
UCiFtkYqUaiEJ4JaQ9CqRH-w,,0,,False,,,,unclassified_missing_dates,False,True,True,True,False,False
UCiHQ5AywCFKF6q-C5dIguVQ,,0,,False,,2023-10-07T04:32:54Z,2023-12-09T10:03:27Z,first_active_after_reference,False,True,False,False,False,False
UCiIssAwHJ33D9xT07Fmsg3w,,1,,,,,,unclassified_missing_dates,False,True,True,True,False,False
UCiJBPlzEZ4a5FCCqkS836Sg,,0,,False,,,,unclassified_missing_dates,False,True,True,True,False,False
UCiK6VIu46wXVejtUKWyXoDw,CDU Gemeindeverband Hilter,1,4,False,2021-07-21T12:33:16Z,,,unclassified_missing_dates,False,False,True,True,False,False
UCiK6WWNah0LPzx0of3aoihw,,0,,False,,2023-10-25T13:47:29Z,2023-10-25T13:47:29Z,first_active_after_reference,False,True,False,False,False,False
UCiKBp8VPnoTHA-1aExaLADg,,1,,,,,,unclassified_missing_dates,False,True,True,True,False,False
UCiKRP266-QLVpxUCJDZHR0w,,1,,,,,,unclassified_missing_dates,False,True,True,True,False,False
UCiKi5tFJza0UcvVESYAwSrw,,0,,False,,,,unclassified_missing_dates,False,True,True,True,False,False
UCiKvDzGDSRwenhpx6FHzJKg,,0,,False,,,,unclassified_missing_dates,False,True,True,True,False,False
UCiKyUFQc8FFy8NAdMHBUJzA,,0,,False,,,,unclassified_missing_dates,False,True,True,True,False,False
UCiLQzTrlRVUrEjfTFgWkDcw,,0,,False,,,,unclassified_missing_dates,False,True,True,True,False,False
UCiLo7leTlD00XX9mlsR16RA,,0,,False,,,,unclassified_missing_dates,False,True,True,True,False,False
UCiLqiXa5O85APUBQV7X5w9Q,,0,,False,,,,unclassified_missing_dates,False,True,True,True,False,False
UCiNMefTZFJk8Sb9uunjyVvQ,,0,,False,,,,unclassified_missing_dates,False,True,True,True,False,False
UCiNkSyKaToxnc_WTJsrYJmQ,,0,,False,,,,unclassified_missing_dates,False,True,True,True,False,False
UCiOGUUQ2vhYfbvMIvAUBldQ,,0,,False,,,,unclassified_missing_dates,False,True,True,True,False,False
UCiOtOYSwRZWIWEyOjdlBH9g,Agentur Media Press AMP,1,444,False,2015-05-30T13:02:05Z,,,unclassified_missing_dates,False,False,True,True,False,False
UCiPApSjDJ_ShVUbCFZRzxQQ,,0,,False,,,,unclassified_missing_dates,False,True,True,True,False,False
UCiPXez7pM_W-Sxt8KPCiHmA,,0,,False,,,,unclassified_missing_dates,False,True,True,True,False,False
UCiQqKF4CHu9skyj3T5inT5w,,1,,,,,,unclassified_missing_dates,False,True,True,True,False,False
UCiRTTUyq0S1qibXUceyM7NA,,1,,,,,,unclassified_missing_dates,False,True,True,True,False,False
UCiRWO8i-cCKcclmI2qZqSmA,,0,,False,,,,unclassified_missing_dates,False,True,True,True,False,False
UCiThCkZxKWX3BYrjHXO-_Rg,,0,,False,,,,unclassified_missing_dates,False,True,True,True,False,False
UCiUF9raqTlixLskssXWmGqA,,0,,False,,,,unclassified_missing_dates,False,True,True,True,False,False
UCiUrd4Vv7BdGbI5RZMS-uxA,,0,,False,,,,unclassified_missing_dates,False,True,True,True,False,False
UCiVBg7LmWtpPXVkYyX_-tfQ,Engin,1,106,False,2010-03-20T17:59:13Z,2023-02-25T20:44:33Z,,unclassified_missing_dates,False,False,False,True,False,False
UCiWUdnx2sKvoOxbtFTxTC8g,In Stetten fängt Europa an.,1,1,False,2020-09-21T19:16:20Z,,,unclassified_missing_dates,False,False,True,True,False,False
UCiWwdT4u5QU9i88MEEn_QYw,,1,,,,,,unclassified_missing_dates,False,True,True,True,False,False
UCiXjC44_oou5iIBM_kJqkvA,,1,,,,,,unclassified_missing_dates,False,True,True,True,False,False
UCiYz0V81GQSQK71VK7A3GIg,,0,,False,,,,unclassified_missing_dates,False,True,True,True,False,False
UCiZgRgUgHHJu5fFN2tJfD8A,,0,,False,,2023-10-12T18:10:18Z,,unclassified_missing_dates,False,True,False,True,False,False
UCi_--c-_YmftY3Fu4X9OdnQ,,0,,False,,,,unclassified_missing_dates,False,True,True,True,False,False
UCi_wyI_8zC55j-sJXE2f6Bg,,0,,False,,2023-11-26T03:51:18Z,,unclassified_missing_dates,False,True,False,True,False,False
UCiaj9FZy063OMlKWsEAnmAw,,0,,False,,,,unclassified_missing_dates,False,True,True,True,False,False
UCib_n4fGmh-PL0-GbmO0Few,,0,,False,,,,unclassified_missing_dates,False,True,True,True,False,False
UCibyWNfN4xjcZsE1aTl_KXg,,0,,False,,,,unclassified_missing_dates,False,True,True,True,False,False
UCicKIMMrqafEVQ5JASqOThA,,0,,False,,,,unclassified_missing_dates,False,True,True,True,False,False
UCidF6AQidWX07vzZHRS_nuw,,0,,False,,,,unclassified_missing_dates,False,True,True,True,False,False
UCidL4RTC2ZsFp1iqO_P6shg,,1,,,,,,unclassified_missing_dates,False,True,True,True,False,False
UCidLMNSoL6JIWfA5SJgtNnw,,1,,,,,,unclassified_missing_dates,False,True,True,True,False,False
UCieAB4bxK29rLwNn4rm8gOQ,,0,,False,,,,unclassified_missing_dates,False,True,True,True,False,False
UCieKe7EoOz5jiBk0YvKrO1A,,0,,False,,,,unclassified_missing_dates,False,True,True,True,False,False
UCiefSrqY15YP4EacFEKDJ2Q,,1,,,,,,unclassified_missing_dates,False,True,True,True,False,False
UCifZ_rew_sxBf_D4VMh86fg,Ulrich Singer (MdL),1,14,False,2021-10-01T09:50:16Z,,,unclassified_missing_dates,False,False,True,True,False,False
UCig8aKQHLt8E35_LJKwOscA,,0,,False,,,,unclassified_missing_dates,False,True,True,True,False,False
UCigcO8_cXkvUuo0xxvEKJow,,0,,False,,2022-11-16T07:57:40Z,,unclassified_missing_dates,False,True,False,True,False,False
UCiiMOBCCiw3a8GNKR-wA9Bw,,1,,,,2023-10-08T08:10:05Z,,unclassified_missing_dates,False,True,False,True,False,False
UCiiOPcjhK4oovQlTx6M5vYg,,1,,,,,,unclassified_missing_dates,False,True,True,True,False,False
UCijWaTWAiDOY_q10ZLLZZOA,,1,,,,,,unclassified_missing_dates,False,True,True,True,False,False
UCijd_TBE04JrotpcmWsGm5g,,0,,False,,,,unclassified_missing_dates,False,True,True,True,False,False
UCil2dvniTnd1v6Y1K64-C5w,Carsten Hütter,1,1090,False,2016-12-30T21:43:42Z,2022-11-07T20:37:51Z,,unclassified_missing_dates,False,False,False,True,False,False
UCin_5xorXlWiyo42t6mfsDw,bv nemo,1,66,False,2020-09-24T23:18:54Z,2022-11-29T10:46:49Z,,unclassified_missing_dates,False,False,False,True,False,False
UCinwkttEzBO7cfeOG-HwpCA,,1,,,,,,unclassified_missing_dates,False,True,True,True,False,False
UCioZ0I_8QDeXlEKpWQoyRDQ,,0,,False,,,,unclassified_missing_dates,False,True,True,True,False,False
UCiopJ9wyd4g8qwrQrUtmDcw,,1,,,,,,unclassified_missing_dates,False,True,True,True,False,False
UCiq0sf9axbf9AYIfMLdee_g,,0,,False,,,,unclassified_missing_dates,False,True,True,True,False,False
UCiqzoFRMgr4yC0hmze7cH9w,,1,,,,,,unclassified_missing_dates,False,True,True,True,False,False
UCismdNRbtpHT5rpmMHgdRYA,,1,,,,,,unclassified_missing_dates,False,True,True,True,False,False
UCitDQKOpl6ju_uXnCqWVI7A,,1,,,,,,unclassified_missing_dates,False,True,True,True,False,False
UCiv6f7Eg0Grdo4AMvMJBXDA,Përparim Avdili,1,74,False,2014-07-31T22:39:02Z,2022-12-18T11:14:30Z,,unclassified_missing_dates,False,False,False,True,False,False
UCivkMP3zNHm4VNiAKPCM0rQ,,1,,,,,,unclassified_missing_dates,False,True,True,True,False,False
UCivmmkqqQDD_5h44PQy-F7A,,0,,False,,,,unclassified_missing_dates,False,True,True,True,False,False
UCivzzPsmNNGOsbzeaKo9NOg,,1,,,,,,unclassified_missing_dates,False,True,True,True,False,False
UCiwrMF_syK81rik2limDtFw,DIE LINKE. Breisgau-Hochschwarzwald,1,17,False,2020-06-02T17:57:38Z,,,unclassified_missing_dates,False,False,True,True,False,False
UCiwxqB0p9shUrqPc58Ys4Ng,,1,,,,,,unclassified_missing_dates,False,True,True,True,False,False
UCixLogENY9lijn846qNqL4g,,0,,False,,,,unclassified_missing_dates,False,True,True,True,False,False
UCixRRz_acwjDUTk9pQMck_Q,,0,,False,,,,unclassified_missing_dates,False,True,True,True,False,False
UCixcZpI3z8EoYSE84Qp4ZJw,,1,,,,,,unclassified_missing_dates,False,True,True,True,False,False
UCiyax1AYuLPOg0WRighAmIw,,1,,,,,,unclassified_missing_dates,False,True,True,True,False,False
UCizlejIXaDzoXGHOFPAqbcQ,,0,,False,,,,unclassified_missing_dates,False,True,True,True,False,False
UCj-KSaz7p7f56RAazjE1MLw,,0,,False,,,,unclassified_missing_dates,False,True,True,True,False,False
UCj-fX7FOlO6aj1CymRfGLaQ,,0,,False,,,,unclassified_missing_dates,False,True,True,True,False,False
UCj-gG52prkqCj2vR-V9uJPQ,,0,,False,,,,unclassified_missing_dates,False,True,True,True,False,False
UCj-hxwtrOCSlBRwe74A9exA,,0,,False,,,,unclassified_missing_dates,False,True,True,True,False,False
UCj0BOQR0hWgNT_WG1f9kc0A,,1,,,,,,unclassified_missing_dates,False,True,True,True,False,False
UCj0O084jx8dcldcj9yB2Zqg,,1,,,,2023-11-06T02:31:20Z,2023-12-09T20:10:28Z,first_active_after_reference,False,True,False,False,False,False
UCj0TppyxzQWm9JbMg3CP8Rg,,0,,False,,2022-10-10T13:00:18Z,,unclassified_missing_dates,False,True,False,True,False,False
UCj0e7im_dP5gvlyVP2OSing,,1,,,,,,unclassified_missing_dates,False,True,True,True,False,False
UCj0kNcRTdCpJssEpJ9J05ng,,1,,,,,,unclassified_missing_dates,False,True,True,True,False,False
UCj38Topqj8yC3SdrV6HypIg,,0,,False,,,,unclassified_missing_dates,False,True,True,True,False,False
UCj6Kf1oAmq1waftFLVkG7gg,Verband medizinischer Fachberufe,1,74,False,2009-10-01T12:42:17Z,2023-02-08T09:31:43Z,,unclassified_missing_dates,False,False,False,True,False,False
UCj6MyiPROEGS6U1u1PCNUrw,,1,,,,2023-10-09T09:11:11Z,,unclassified_missing_dates,False,True,False,True,False,False
UCj6UOjxVMQQF5WA1F3KTwDQ,,0,,False,,,,unclassified_missing_dates,False,True,True,True,False,False
UCj7z1A3vQF0KBHoKbQpLN3Q,Erik Fabian Schrumpf,1,12,False,2016-09-18T06:23:10Z,2024-01-25T13:16:18Z,,unclassified_missing_dates,False,False,False,True,False,False
UCj8I89p2Zt_8fK5BwW1Moxg,,0,,False,,,,unclassified_missing_dates,False,True,True,True,False,False
UCj9RU-X-7KlQzVxaOvrWjLw,MK Podcasts,1,444,False,2021-08-06T09:53:00Z,2022-10-07T11:03:50Z,,unclassified_missing_dates,False,False,False,True,False,False
UCjAAdQ3bEnnzUscY1GcvtDQ,,0,,False,,,,unclassified_missing_dates,False,True,True,True,False,False
UCjAEMrncaceaZqjF5EcIBCA,,0,,False,,,,unclassified_missing_dates,False,True,True,True,False,False
UCjAaSd5RhbtW9xjkrIBL42g,,0,,False,,,,unclassified_missing_dates,False,True,True,True,False,False
UCjDQpW5hYrGroDdNGw5TQUQ,,1,,,,,,unclassified_missing_dates,False,True,True,True,False,False
UCjEoTXPpx8hV0XfMAmpliHQ,,1,,,,,,unclassified_missing_dates,False,True,True,True,False,False
UCjFZYU1ZDGLE1TbDODa5d3w,,1,,,,,,unclassified_missing_dates,False,True,True,True,False,False
UCjFjm5kAMHwL3DlCcq4dF9w,,1,,,,,,unclassified_missing_dates,False,True,True,True,False,False
UCjGoFCgcUQARIgT82CS4cwg,,0,,False,,,,unclassified_missing_dates,False,True,True,True,False,False
UCjH0hTlPuELxgCVR3BTo65w,,1,,,,,,unclassified_missing_dates,False,True,True,True,False,False
UCjHyluvBqkIS-GJ_CgoE6RA,,0,,False,,,,unclassified_missing_dates,False,True,True,True,False,False
UCjIJSlRnmODBQ5jAQqTWKAg,JakalX,1,274,False,2020-01-24T13:55:06Z,2022-10-24T18:28:05Z,,unclassified_missing_dates,False,False,False,True,False,False
UCjJANgeL0elDfacKybiLMcg,,0,,False,,,,unclassified_missing_dates,False,True,True,True,False,False
UCjJKdIqUTISt7ahrfW-q64g,,0,,False,,,,unclassified_missing_dates,False,True,True,True,False,False
UCjJkR_5CiCmRYBEypwuMU0g,,0,,False,,,,unclassified_missing_dates,False,True,True,True,False,False
UCjKXhlpVin2bLRtbgmQmS3w,,0,,False,,,,unclassified_missing_dates,False,True,True,True,False,False
UCjLOkRr_GGEZVFDzoSynThg,,0,,False,,,,unclassified_missing_dates,False,True,True,True,False,False
UCjLzRfxd4GJwezz3rrZmVEQ,,0,,False,,,,unclassified_missing_dates,False,True,True,True,False,False
UCjMbWHk36MqST7Zpcq-CenA,,1,,,,,,unclassified_missing_dates,False,True,True,True,False,False
UCjMihe2Rm6I_2ZsvMqJmI-A,,0,,False,,,,unclassified_missing_dates,False,True,True,True,False,False
UCjMkR8eq-GufLiE1yMZNQpg,Jul@ - Jugendpartizipation digital gestalten,1,20,False,2021-07-02T11:11:02Z,2023-04-29T10:44:39Z,,unclassified_missing_dates,False,False,False,True,False,False
UCjMn7VoOYzW36CV5hWDDdXQ,,1,,,,,,unclassified_missing_dates,False,True,True,True,False,False
UCjNQwf37sQolM6UzL9Cchmg,,0,,False,,,,unclassified_missing_dates,False,True,True,True,False,False
UCjNpjlAfkFPVlZLkl_WizDg,STUDIO Z,1,3420,False,2020-10-24T14:46:18Z,,,unclassified_missing_dates,False,False,True,True,False,False
UCjO83iELK-zrF-fT_-w3Xig,,1,,,,,,unclassified_missing_dates,False,True,True,True,False,False
UCjRJ5R1rK2pmZRD2HGbT3tw,DIELINKE SAAR,1,14,False,2021-12-22T20:21:57Z,,,unclassified_missing_dates,False,False,True,True,False,False
UCjRUxjXbhy-MROkrEWLL6-Q,,0,,False,,,,unclassified_missing_dates,False,True,True,True,False,False
UCjRpJSFpEiJ1sCofOfaeDRw,Die GegenUni,1,3410,False,2020-12-10T18:15:53Z,2022-10-07T06:59:41Z,,unclassified_missing_dates,False,False,False,True,False,False
UCjTXWQom4CJuWUN0A9ndbyQ,,1,,,,,,unclassified_missing_dates,False,True,True,True,False,False
UCjUbqCp-S-ays_FZ4VVD6hQ,,0,,False,,,,unclassified_missing_dates,False,True,True,True,False,False
UCjVb9mJZTeuPLN4hOjmvQnw,,0,,False,,2023-10-14T04:00:08Z,,unclassified_missing_dates,False,True,False,True,False,False
UCjX9rp8ScXeLi1Pfopu8-Bw,,0,,False,,,,unclassified_missing_dates,False,True,True,True,False,False
UCjXKTyE_yMZ8T27wxjoBGVQ,,0,,False,,,,unclassified_missing_dates,False,True,True,True,False,False
UCjXOJ2mXMji3EK5tqXCwpxQ,,0,,False,,,,unclassified_missing_dates,False,True,True,True,False,False
UCjXz98JVO9dqdxnmmS86OlQ,,0,,False,,,,unclassified_missing_dates,False,True,True,True,False,False
UCjYln6eLmz9DvEISsnJpOOA,,0,,False,,,,unclassified_missing_dates,False,True,True,True,False,False
UCjYxhcvVP_lMWruzAxnyz1Q,,1,,,,,,unclassified_missing_dates,False,True,True,True,False,False
UCjctn4i1XQw3FhXF2PZ9hbw,,1,,,,,,unclassified_missing_dates,False,True,True,True,False,False
UCjduc29diM-jxyq6JdofTJQ,,0,,False,,,,unclassified_missing_dates,False,True,True,True,False,False
UCjmfMC8qHILwtHgaj41mqdQ,Doppler Manfred,1,8,False,2021-02-18T13:36:16Z,,,unclassified_missing_dates,False,False,True,True,False,False
UCjnw6SgQ4tzLQLBCEhWOkkw,Projekt Woodbot,1,212,False,2017-08-10T17:43:35Z,2022-10-22T11:26:07Z,,unclassified_missing_dates,False,False,False,True,False,False
UCjo643uqe0tf2uON7-gSaxw,,0,,False,,,,unclassified_missing_dates,False,True,True,True,False,False
UCjotDvK65J5LAOcLkabv_-Q,,1,,,,,,unclassified_missing_dates,False,True,True,True,False,False
UCjq9G8yGm7zFcx05ZPwMlPg,,1,,,,,,unclassified_missing_dates,False,True,True,True,False,False
UCjrN-o1HlLk22qcauIKDtlQ,,0,,False,,,,unclassified_missing_dates,False,True,True,True,False,False
UCjsGamTO5b-Dj9Z7Bhz6u5Q,Gerald Markel,1,5510,False,2022-02-25T05:00:12Z,2022-10-12T11:18:40Z,,unclassified_missing_dates,False,False,False,True,False,False
UCjsS-st1PaS55hURgbGBILA,SPD Recke,1,11,False,2021-03-02T09:32:46Z,2025-06-12T19:20:30Z,,unclassified_missing_dates,False,False,False,True,False,False
UCjsvJz8Grfd4I_ExdH-4cpw,TOTALLOKAL TV,1,211,False,2015-07-11T14:01:23Z,,,unclassified_missing_dates,False,False,True,True,False,False
UCjt-juRFsppHjMsoJHDweLw,,1,,,,,,unclassified_missing_dates,False,True,True,True,False,False
UCjtLeDbJwlZiOu_tyguIDOA,,0,,False,,,,unclassified_missing_dates,False,True,True,True,False,False
UCju0cQPuJmpunz1Z6JkVteA,Anne Franke,1,12,False,2019-05-21T06:26:16Z,2023-02-01T10:19:29Z,,unclassified_missing_dates,False,False,False,True,False,False
UCjven468TneS22l8IjINRQw,Markus Diekhoff,1,7,False,2018-01-17T16:04:16Z,,,unclassified_missing_dates,False,False,True,True,False,False
UCjvflxWUfCyuf7t8fdWVgKQ,,0,,False,,,,unclassified_missing_dates,False,True,True,True,False,False
UCjw8dDNKCbatmRpjDagxWoQ,,1,,,,,,unclassified_missing_dates,False,True,True,True,False,False
UCjw8i04-tgGDSYWwtt_aP6g,,0,,False,,,,unclassified_missing_dates,False,True,True,True,False,False
UCjyEl1RRl6WTFQj2kSzQtNg,,0,,False,,,,unclassified_missing_dates,False,True,True,True,False,False
UCjyuJHljLmiuFRg7dXbStng,,0,,False,,2023-11-13T12:45:02Z,,unclassified_missing_dates,False,True,False,True,False,False
UCjz9GNf9nK0DUB_b7Wgpdkw,,0,,False,,,,unclassified_missing_dates,False,True,True,True,False,False
UCjzOv6K3C0B1dlnqVTPfPkQ,,0,,False,,,,unclassified_missing_dates,False,True,True,True,False,False
UCk0ElwzB0BW_d77JnRJZfBw,,0,,False,,,,unclassified_missing_dates,False,True,True,True,False,False
UCk31DAtj0XvM5TQNKWs9qiw,André Grote,1,33,False,2017-03-17T15:45:40Z,,,unclassified_missing_dates,False,False,True,True,False,False
UCk4Ij2IvsCeHK4h9QPGNpww,,0,,False,,,,unclassified_missing_dates,False,True,True,True,False,False
UCk4w0RlpAfE-8ZbPkSjDLGQ,,0,,False,,,,unclassified_missing_dates,False,True,True,True,False,False
UCk50ScDPwv00tEIyBcuMTVw,,0,,False,,,,unclassified_missing_dates,False,True,True,True,False,False
UCk54Pr2qeOfRY1Tv_mHH28g,,0,,False,,,,unclassified_missing_dates,False,True,True,True,False,False
UCk5fFxZePtpX1QLM7edDsNA,,0,,False,,,,unclassified_missing_dates,False,True,True,True,False,False
UCk5wOYwzG1EjbrJwsY_CthQ,,0,,False,,,,unclassified_missing_dates,False,True,True,True,False,False
UCk64qnGIxz6803CNDQialUg,,1,,,,,,unclassified_missing_dates,False,True,True,True,False,False
UCk7SuJZgQZBPjUGfoDNCLKg,Dietmar Schliess,1,0,False,2021-05-02T18:45:48Z,,,unclassified_missing_dates,False,False,True,True,False,False
UCk8BlerMaT1rgrY9UMqxz2w,,0,,False,,,,unclassified_missing_dates,False,True,True,True,False,False
UCk8pPCDrUs1sus2sb7Shgrw,Tom Thomson,1,353,False,2008-04-01T13:36:36Z,2022-10-19T14:14:28Z,,unclassified_missing_dates,False,False,False,True,False,False
UCk8qDhfsASZxmTNChfeUNHw,,0,,False,,,,unclassified_missing_dates,False,True,True,True,False,False
UCk8tuJhugsIDmTe9R-bApqA,,1,,,,,,unclassified_missing_dates,False,True,True,True,False,False
UCk9PIC9eSWDGtbPrslIB1tQ,,0,,False,,,,unclassified_missing_dates,False,True,True,True,False,False
UCkClFc9U19NO7U-ulzrxKlA,,0,,False,,,,unclassified_missing_dates,False,True,True,True,False,False
UCkD2WKDMUfCgIxoEgjHcaIg,,0,,False,,,,unclassified_missing_dates,False,True,True,True,False,False
UCkDiY3xPEkk9-vy7iArNs2w,,0,,False,,,,unclassified_missing_dates,False,True,True,True,False,False
UCkDsxpukXlAxdR0zveYMgtw,,0,,False,,,,unclassified_missing_dates,False,True,True,True,False,False
UCkDzLITXAriC7r9CB9snTIA,,0,,False,,,,unclassified_missing_dates,False,True,True,True,False,False
UCkDzxUX-45DtH1EhmEzf3Uw,,0,,False,,,,unclassified_missing_dates,False,True,True,True,False,False
UCkEB6bt4x9pCjBcIgdLJX2g,,0,,False,,,,unclassified_missing_dates,False,True,True,True,False,False
UCkET3bnNK6g38K_RQ5cNDyA,,1,,,,,,unclassified_missing_dates,False,True,True,True,False,False
UCkEX7kmn9R9LpDbpdr_AsaA,,1,,,,,,unclassified_missing_dates,False,True,True,True,False,False
UCkFL7ambxx4FSGp3-YNlURw,,0,,False,,,,unclassified_missing_dates,False,True,True,True,False,False
UCkHnCw5H7H2LbS1Tj0yHEtg,,0,,False,,,,unclassified_missing_dates,False,True,True,True,False,False
UCkIC3VSoPlTFHj-6R89G20Q,,0,,False,,2023-12-21T19:49:28Z,2023-12-21T19:49:28Z,first_active_after_reference,False,True,False,False,False,False
UCkJ4UtX1ofCgENrFPR4DODA,,0,,False,,,,unclassified_missing_dates,False,True,True,True,False,False
UCkLBaDsqmMT5Jrp_53qiOhg,,0,,False,,2022-12-06T12:16:45Z,,unclassified_missing_dates,False,True,False,True,False,False
UCkLebsCaMfjDkWSKctBH0Hw,,0,,False,,,,unclassified_missing_dates,False,True,True,True,False,False
UCkMHW6jZAhvNHO6x_spenyw,,0,,False,,,,unclassified_missing_dates,False,True,True,True,False,False
UCkM_kxbqJ2Udc5gm6IRNWaQ,,0,,False,,,,unclassified_missing_dates,False,True,True,True,False,False
UCkNJXuPhQ-yOX3g08CWz1Mg,,0,,False,,,,unclassified_missing_dates,False,True,True,True,False,False
UCkOLigb75MiAQ1d4XCOOPlQ,,1,,,,,,unclassified_missing_dates,False,True,True,True,False,False
UCkPZnfLfApyqyFMDgcQJImg,HansimGlueck1234,1,29,False,2009-01-01T19:18:20Z,,,unclassified_missing_dates,False,False,True,True,False,False
UCkRJpM9xMKTqrxeS76nl7NA,,1,,,,,,unclassified_missing_dates,False,True,True,True,False,False
UCkSux35qu9htMEso7G0QUmA,,0,,False,,,,unclassified_missing_dates,False,True,True,True,False,False
UCkUNO_hzR8mMe3ZYeqiReJg,dokudida,1,1710,False,2011-07-29T22:45:39Z,2024-02-05T20:58:23Z,,unclassified_missing_dates,False,False,False,True,False,False
UCkV_lRNG0d1tfIMpUC1hing,,0,,False,,,,unclassified_missing_dates,False,True,True,True,False,False
UCkW6lqsGc9Pm8s1Wuwz5JLw,,0,,False,,,,unclassified_missing_dates,False,True,True,True,False,False
UCkWo88HOHilYeXT0nCPMYtQ,,1,,,,2023-11-21T12:59:16Z,,unclassified_missing_dates,False,True,False,True,False,False
UCkXB819Mfc-uXl12SsKr2Ww,,0,,False,,,,unclassified_missing_dates,False,True,True,True,False,False
UCkXvp4WYpbix1EyTaDbHM1w,,1,,,,,,unclassified_missing_dates,False,True,True,True,False,False
UCkYeZgJToD01wG8pxIbhnGA,,0,,False,,,,unclassified_missing_dates,False,True,True,True,False,False
UCkZFKKK-0YB0FvwoS8P7nHg,,0,,False,,,,unclassified_missing_dates,False,True,True,True,False,False
UCkZLixdEgPJ6811CFbpPweg,,0,,False,,,,unclassified_missing_dates,False,True,True,True,False,False
UCkZqgDezC-5GmnPNZ0hizag,,1,,,,,,unclassified_missing_dates,False,True,True,True,False,False
UCkasSlZ3MKv2JB71uOOwSXA,,0,,False,,,,unclassified_missing_dates,False,True,True,True,False,False
UCkbO37m7ph9dbh0iu2v1sNQ,,0,,False,,,,unclassified_missing_dates,False,True,True,True,False,False
UCkcuDwMT96vGDb8Hr_9fsOA,,0,,False,,,,unclassified_missing_dates,False,True,True,True,False,False
UCkglM_a0wqjvhIUyc6f876Q,,0,,False,,,,unclassified_missing_dates,False,True,True,True,False,False
UCkhUzcwfhxIIM8YgCOkEcZg,Future Sapiens,1,2640,False,2020-06-19T15:38:43Z,2023-03-30T16:57:53Z,,unclassified_missing_dates,False,False,False,True,False,False
UCkii8vXGlIvqkaCpzjw_jFg,Sedanstraße umbenennen!,1,14,False,2021-11-21T19:53:37Z,2023-04-21T12:03:03Z,,unclassified_missing_dates,False,False,False,True,False,False
UCkiwqgmADzbcORdZ5t6lhzw,Agnes Mährkel,1,8,False,2021-04-29T00:49:24Z,,,unclassified_missing_dates,False,False,True,True,False,False
UCklidSoSt9hW9aGS6STOiDw,,1,,,,,,unclassified_missing_dates,False,True,True,True,False,False
UCkn55HNv5dsmGbSmwxdB6bA,,0,,False,,,,unclassified_missing_dates,False,True,True,True,False,False
UCknLrEdhRCp1aegoMqRaCZg,,0,,False,,2022-02-24T06:41:03Z,,unclassified_missing_dates,False,True,False,True,False,False
UCkoEHyeYP4YL9HRlOvJ0RsQ,,0,,False,,,,unclassified_missing_dates,False,True,True,True,False,False
UCkoYJe4e3YDY2TglGndCh7g,,0,,False,,,,unclassified_missing_dates,False,True,True,True,False,False
UCkperWw6uV4_zb_Eogdc8-w,,0,,False,,,,unclassified_missing_dates,False,True,True,True,False,False
UCkqXaW-BkNgd0HfSy6uYpOw,,0,,False,,,,unclassified_missing_dates,False,True,True,True,False,False
UCkr7HqF3nrunTA0okhDh_sQ,,0,,False,,,,unclassified_missing_dates,False,True,True,True,False,False
UCkrrjS7zXBD36-FvlXLX-cw,Hans-Alois Döna,1,141,False,2021-07-20T23:11:03Z,2022-11-06T13:20:01Z,,unclassified_missing_dates,False,False,False,True,False,False
UCksZRV_zuaRf_Sw4crU7NsQ,,0,,False,,2024-01-03T10:42:43Z,2024-01-03T10:42:43Z,first_active_after_reference,False,True,False,False,False,False
UCkskRjmvszU2Va7YlAwwzIA,,0,,False,,,,unclassified_missing_dates,False,True,True,True,False,False
UCksxyBa7mGrrLW0fCpyifww,,0,,False,,,,unclassified_missing_dates,False,True,True,True,False,False
UCktH6PyUbWN5LA8xAR2hZLA,,0,,False,,,,unclassified_missing_dates,False,True,True,True,False,False
UCktmB1jGlnJi1xru8bhJB-A,,0,,False,,,,unclassified_missing_dates,False,True,True,True,False,False
UCku7SU-mpdtVNhKWR-Zi1lQ,,0,,False,,,,unclassified_missing_dates,False,True,True,True,False,False
UCkx7vWWpsdSiAUbybJ5CeOA,,0,,False,,,,unclassified_missing_dates,False,True,True,True,False,False
UCkx9AOKARSVAk5IJFxrSRlA,,0,,False,,,,unclassified_missing_dates,False,True,True,True,False,False
UCky6wD6DdXaQedaJkIq33fw,,0,,False,,2023-10-10T12:09:45Z,2023-10-10T12:09:45Z,first_active_after_reference,False,True,False,False,False,False
UCkyDlIaxn7DdBAfDyivGrHw,Klimaschutz im Bundestag,1,171,False,2021-06-09T13:31:18Z,2022-11-18T09:15:12Z,,unclassified_missing_dates,False,False,False,True,False,False
UCkyET6CynqlJ35ZNZkfFv2w,,0,,False,,,,unclassified_missing_dates,False,True,True,True,False,False
UCkyOIS7HVHk1vtzsu2Bc1iw,,0,,False,,,,unclassified_missing_dates,False,True,True,True,False,False
UCky_CDx2N1S60ADuof0cbrw,,0,,False,,,,unclassified_missing_dates,False,True,True,True,False,False
UCkz184X4GaEHOOZcJaKJuIA,,0,,False,,,,unclassified_missing_dates,False,True,True,True,False,False
UCkz6NYlRRjIYPGuRFxDDSdg,,0,,False,,,,unclassified_missing_dates,False,True,True,True,False,False
UCl-gcMtS1n9OTtEn-nv-SZQ,,0,,False,,,,unclassified_missing_dates,False,True,True,True,False,False
UCl2EdB8etogmwgeY2pnagTA,,0,,False,,,,unclassified_missing_dates,False,True,True,True,False,False
UCl2OQsEHFxCzthQCHPigtBQ,,0,,False,,,,unclassified_missing_dates,False,True,True,True,False,False
UCl2qYuNAsvCwglEkMB8fMGQ,,0,,False,,,,unclassified_missing_dates,False,True,True,True,False,False
UCl2zkZVQ-1km3uqIgrWaLLQ,,0,,False,,,,unclassified_missing_dates,False,True,True,True,False,False
UCl3iwVn4KBdYlDoPCJI5MOA,,0,,False,,,,unclassified_missing_dates,False,True,True,True,False,False
UCl3rFA3_yltboU5wUjodm0Q,,0,,False,,,,unclassified_missing_dates,False,True,True,True,False,False
UCl442ewsFw0ff6u0qlGwjww,,0,,False,,,,unclassified_missing_dates,False,True,True,True,False,False
UCl4fmrJIR5gS0MaQM5b8cXA,,0,,False,,,,unclassified_missing_dates,False,True,True,True,False,False
UCl4xS8qP2Tq1kWz-zzzJnwA,,0,,False,,,,unclassified_missing_dates,False,True,True,True,False,False
UCl5VMB0NU8zPXB6sJ-nGDKA,,0,,False,,,,unclassified_missing_dates,False,True,True,True,False,False
UCl5ZjBv3eBKx1k11-EvG6RA,,0,,False,,,,unclassified_missing_dates,False,True,True,True,False,False
UCl6zu_r6edUag2Hilhr7sdg,,0,,False,,,,unclassified_missing_dates,False,True,True,True,False,False
UCl7PQuf_cj3bh-37KG-zSaQ,,0,,False,,,,unclassified_missing_dates,False,True,True,True,False,False
UCl8DnkdkfPhPa6Ez7dzoeWA,,0,,False,,,,unclassified_missing_dates,False,True,True,True,False,False
UCl8aA0p5tnZqUBPZE6e2qiQ,,0,,False,,2023-10-23T16:20:49Z,,unclassified_missing_dates,False,True,False,True,False,False
UCl9Mm9PEVnv3y2ARlgJy_pw,,0,,False,,,,unclassified_missing_dates,False,True,True,True,False,False
UCl9roQQwv4o4OuBj3FhQdDQ,,0,,False,,2022-04-08T23:00:18Z,,unclassified_missing_dates,False,True,False,True,False,False
UCl9yMfHXUNiR4-390nVLbpQ,,0,,False,,,,unclassified_missing_dates,False,True,True,True,False,False
UClA2NLl8VFVbT9RK9fi1avQ,,0,,False,,,,unclassified_missing_dates,False,True,True,True,False,False
UClBSAPjDzpcpn6ku3T40qXA,,0,,False,,,,unclassified_missing_dates,False,True,True,True,False,False
UClCslIWj80t1BBwJIABp15g,,0,,False,,,,unclassified_missing_dates,False,True,True,True,False,False
UClExW93GubJpE_lUYSo2dQA,,0,,False,,,,unclassified_missing_dates,False,True,True,True,False,False
UClFPds-bwExU8WS4FYxTg-w,,0,,False,,,,unclassified_missing_dates,False,True,True,True,False,False
UClGb9aWJSF8QIKoMSqk51wg,,0,,False,,,,unclassified_missing_dates,False,True,True,True,False,False
UClGitpwQvoRckugURJN0uYw,,0,,False,,,,unclassified_missing_dates,False,True,True,True,False,False
UClGlJsBhn0NU7zLWrXnp8sA,,0,,False,,,,unclassified_missing_dates,False,True,True,True,False,False
UClHLLCfy1G4via9F2hyR5Tg,,0,,False,,,,unclassified_missing_dates,False,True,True,True,False,False
UClHtGfXhlWJ2CVku_U_O4eg,,0,,False,,,,unclassified_missing_dates,False,True,True,True,False,False
UClIYdm72-PAXwuCX1F9M5PQ,,0,,False,,,,unclassified_missing_dates,False,True,True,True,False,False
UClJ7ScBlPohh4L2-ulhZF2g,,0,,False,,,,unclassified_missing_dates,False,True,True,True,False,False
UClJa9UXnvX8pRiiu1qyymuw,,0,,False,,,,unclassified_missing_dates,False,True,True,True,False,False
UClKDM50t0R0qAUk_N1bgB6w,,0,,False,,,,unclassified_missing_dates,False,True,True,True,False,False
UClKIGM-ac1A2zbcqj5xI7KQ,,0,,False,,,,unclassified_missing_dates,False,True,True,True,False,False
UClKcDBSW9H2MXEWvwkPO9Fw,,0,,False,,,,unclassified_missing_dates,False,True,True,True,False,False
UClL0cS2ANh17FuLkeUkcM7A,,0,,False,,,,unclassified_missing_dates,False,True,True,True,False,False
UClL1GBasXpsRxnKxuYPbUBg,,0,,False,,,,unclassified_missing_dates,False,True,True,True,False,False
UClLVLuWxEHm0Q18x9p7EonA,,0,,False,,,,unclassified_missing_dates,False,True,True,True,False,False
UClLm2C2fTowXLiUsD7JPXJA,,0,,False,,,,unclassified_missing_dates,False,True,True,True,False,False
UClMRp7I9jD-B4ohSR-hla-w,,0,,False,,,,unclassified_missing_dates,False,True,True,True,False,False
UClNx6sNPjHiwoBciST8Dnlg,,0,,False,,,,unclassified_missing_dates,False,True,True,True,False,False
UClPk_AzWgXpXLVncoPIiAJg,,0,,False,,,,unclassified_missing_dates,False,True,True,True,False,False
UClRbmz78GYaKSe7JF9X95sQ,,0,,False,,,,unclassified_missing_dates,False,True,True,True,False,False
UClRcyYhrZ1mCXVsYzbrqNEQ,,0,,False,,,,unclassified_missing_dates,False,True,True,True,False,False
UClRgA7uDHfgE8fahrhjdLpg,,0,,False,,,,unclassified_missing_dates,False,True,True,True,False,False
UClRwSZ9J5tM8ahPrS_lyldQ,,0,,False,,,,unclassified_missing_dates,False,True,True,True,False,False
UClS6VjsUYJ1v0JimuBkVKAA,,0,,False,,,,unclassified_missing_dates,False,True,True,True,False,False
UClSI96INUtezhS6SCHGg13g,,0,,False,,,,unclassified_missing_dates,False,True,True,True,False,False
UClSavB0UkW0LJPI08ECNeOQ,,0,,False,,,,unclassified_missing_dates,False,True,True,True,False,False
UClSi-2f8uDPcBo6eT13TrFw,,0,,False,,,,unclassified_missing_dates,False,True,True,True,False,False
UClSkv7GzEB3oEFxAR4k5Fzw,,0,,False,,,,unclassified_missing_dates,False,True,True,True,False,False
UClSnsZSBZufWkgWbguJSWOA,,0,,False,,,,unclassified_missing_dates,False,True,True,True,False,False
UClTfZq3C1aMeLUHjHjhO76A,,0,,False,,,,unclassified_missing_dates,False,True,True,True,False,False
UClU3QL1V27yOsiikI7penww,,0,,False,,,,unclassified_missing_dates,False,True,True,True,False,False
UClUS54-y-44FL1ITau_fCeg,,0,,False,,,,unclassified_missing_dates,False,True,True,True,False,False
UClUc4qq-qDoi6YVNXWswHrw,,0,,False,,,,unclassified_missing_dates,False,True,True,True,False,False
UClUvyMTw5aU6C7K9dCqwZ0A,,0,,False,,,,unclassified_missing_dates,False,True,True,True,False,False
UClVS507xiR39SB3dCBTVsAg,,0,,False,,,,unclassified_missing_dates,False,True,True,True,False,False
UClVZuhz90RrpHQBPUtGE3ZA,,0,,False,,2023-10-09T23:31:53Z,,unclassified_missing_dates,False,True,False,True,False,False
UClVwM5bqspp8J_i4cemfumA,,0,,False,,,,unclassified_missing_dates,False,True,True,True,False,False
UClW2Fk4P5W0RsjkWaBK3heg,,0,,False,,,,unclassified_missing_dates,False,True,True,True,False,False
UClWEh_BOxpgH75kKwlagF7g,,0,,False,,,,unclassified_missing_dates,False,True,True,True,False,False
UClWoTihRebxdOlu2YTS_bvQ,,0,,False,,,,unclassified_missing_dates,False,True,True,True,False,False
UClX1IhmOfwIfieU1lOaqCuQ,,0,,False,,,,unclassified_missing_dates,False,True,True,True,False,False
UClX3wa5HSSC_29FXBfX6nXQ,,0,,False,,,,unclassified_missing_dates,False,True,True,True,False,False
UClX5_xTPilDZKroWUkDsgdg,,0,,False,,,,unclassified_missing_dates,False,True,True,True,False,False
UClY5v8hRRVquTZYAr2nOZew,,0,,False,,,,unclassified_missing_dates,False,True,True,True,False,False
UClYF2DP9n6_OgYgO7D7cM0A,,0,,False,,,,unclassified_missing_dates,False,True,True,True,False,False
UClYwE54lUbe1wBYnKsW45eg,,0,,False,,,,unclassified_missing_dates,False,True,True,True,False,False
UCl_74sFMm1Sm3ePaRGrSnqg,,0,,False,,,,unclassified_missing_dates,False,True,True,True,False,False
UCl_7UJsawzxOWyNrayjYIEg,,0,,False,,,,unclassified_missing_dates,False,True,True,True,False,False
UCl_N76dDfgJDNNvE1TVRetw,,0,,False,,,,unclassified_missing_dates,False,True,True,True,False,False
UCl_YWFMr23gqf2ljq4Eh7XQ,,0,,False,,,,unclassified_missing_dates,False,True,True,True,False,False
UCla6M5G3VFqbhJsNUPx3cSw,,0,,False,,,,unclassified_missing_dates,False,True,True,True,False,False
UClaHrtsfJvxJZKjJ-wQsQgw,,0,,False,,,,unclassified_missing_dates,False,True,True,True,False,False
UClaJgJTZS6nyvwErOsHUZZA,,0,,False,,,,unclassified_missing_dates,False,True,True,True,False,False
UClaOI0X6-2TfxQZDn98TTNQ,,0,,False,,,,unclassified_missing_dates,False,True,True,True,False,False
UClaqMj1KaN2eZLyMEmfrlxw,,0,,False,,,,unclassified_missing_dates,False,True,True,True,False,False
UCle5L42tZPOk3B4Djbaoihw,,0,,False,,2023-12-20T18:39:04Z,2023-12-20T18:39:04Z,first_active_after_reference,False,True,False,False,False,False
UClfUjdmeWnaZo_eWEyWDW9g,,0,,False,,,,unclassified_missing_dates,False,True,True,True,False,False
UClfVgiuWBvZUi3Dd6wiV30g,,0,,False,,,,unclassified_missing_dates,False,True,True,True,False,False
UClhEl4bMD8_escGCCTmRAYg,,0,,False,,,,unclassified_missing_dates,False,True,True,True,False,False
UClimi_HC-MWBdSvuXLCBiHA,,0,,False,,,,unclassified_missing_dates,False,True,True,True,False,False
UCljR9oIxf6IlUOK4CgHDQ_A,,0,,False,,,,unclassified_missing_dates,False,True,True,True,False,False
UCljyb8eqt_obrYszd1SGLIA,,0,,False,,,,unclassified_missing_dates,False,True,True,True,False,False
UClkt-xyg_y64pPrQ0GyeJfw,,0,,False,,2023-10-22T08:48:21Z,2023-12-17T23:37:18Z,first_active_after_reference,False,True,False,False,False,False
UCllNYIlbgvJal-xe6wNnXTA,,0,,False,,,,unclassified_missing_dates,False,True,True,True,False,False
UClm2ae_BagTIc4Wpk7mh_0A,,0,,False,,,,unclassified_missing_dates,False,True,True,True,False,False
UClmwPmbts0NkfDICOfotADA,,0,,False,,,,unclassified_missing_dates,False,True,True,True,False,False
UCln9xJcytJgDVdJULNxCBPg,,0,,False,,,,unclassified_missing_dates,False,True,True,True,False,False
UClnQZxObCe6wgco4_ZgvHwg,,0,,False,,,,unclassified_missing_dates,False,True,True,True,False,False
UClnaRAUHGb_BKUuFz2FRo1Q,,0,,False,,,,unclassified_missing_dates,False,True,True,True,False,False
UClndwm-dnRDtRQy-53GUL1A,,0,,False,,,,unclassified_missing_dates,False,True,True,True,False,False
UCloUuNU-PQLMxKw2H7rPFqw,,0,,False,,,,unclassified_missing_dates,False,True,True,True,False,False
UCloz_Xk0pShZAPNBZlWt7SQ,,0,,False,,,,unclassified_missing_dates,False,True,True,True,False,False
UClpKVVA_wWdiNjbU5mYZUjg,,0,,False,,,,unclassified_missing_dates,False,True,True,True,False,False
UClpQIK9ARTUb8v1mS9ma5Tg,,0,,False,,,,unclassified_missing_dates,False,True,True,True,False,False
UClpa6OUt_qYdofzXYGIOC3Q,,0,,False,,,,unclassified_missing_dates,False,True,True,True,False,False
UClpfRP54SlgvS-mcWLZ2FIw,,0,,False,,,,unclassified_missing_dates,False,True,True,True,False,False
UClpgNi0mGVLgN6T-t-kLkXQ,,0,,False,,,,unclassified_missing_dates,False,True,True,True,False,False
UClqCTbMEnsZZy08Lpxx3sJA,,0,,False,,,,unclassified_missing_dates,False,True,True,True,False,False
UClqISbDFPkxIVtrZNNSp4SA,,0,,False,,,,unclassified_missing_dates,False,True,True,True,False,False
UClqN3l78kGMWCHkHsOA5QAQ,,0,,False,,,,unclassified_missing_dates,False,True,True,True,False,False
UClr8t7v_EmUwwNarMxGeFhQ,,0,,False,,,,unclassified_missing_dates,False,True,True,True,False,False
UClsrlgl539-UHyujmB95nWg,,0,,False,,,,unclassified_missing_dates,False,True,True,True,False,False
UClt9xAjzzLyd1_79oYRLmWw,,0,,False,,,,unclassified_missing_dates,False,True,True,True,False,False
UCluNkZxRjKHCGw3uBLNtgSA,,0,,False,,,,unclassified_missing_dates,False,True,True,True,False,False
UClvBU9KvzviURuFouEq055w,,0,,False,,,,unclassified_missing_dates,False,True,True,True,False,False
UClvIEaCFhb7rcE-7RADMkxQ,,0,,False,,,,unclassified_missing_dates,False,True,True,True,False,False
UClvPsBJqnkCNWJ6_CJfruVA,,0,,False,,,,unclassified_missing_dates,False,True,True,True,False,False
UClwL8weL6zDcA_VvzDHikog,,0,,False,,,,unclassified_missing_dates,False,True,True,True,False,False
UClwgt39lImonCmXQnrhZJZQ,,0,,False,,,,unclassified_missing_dates,False,True,True,True,False,False
UClwsHHW36Yh2T1QUzE2LfLg,,0,,False,,,,unclassified_missing_dates,False,True,True,True,False,False
UClx2p2it6-m9HV4shPxKgxQ,,0,,False,,,,unclassified_missing_dates,False,True,True,True,False,False
UClxLqL6SC6SmuOC8ExMyUsg,,0,,False,,,,unclassified_missing_dates,False,True,True,True,False,False
UClyJuabdt2Q0bTNJeZyVnSg,,0,,False,,,,unclassified_missing_dates,False,True,True,True,False,False
UClzgJQczFMgpLw1YsF_Jjtg,,0,,False,,,,unclassified_missing_dates,False,True,True,True,False,False
UClzsWUlBeCLFUAi6ODkRepQ,,0,,False,,,,unclassified_missing_dates,False,True,True,True,False,False
UCm0INLSoioT6q3vrYSYmyFA,,0,,False,,,,unclassified_missing_dates,False,True,True,True,False,False
UCm0YMV93p-O9c8u036fZglA,,0,,False,,,,unclassified_missing_dates,False,True,True,True,False,False
UCm13Ipn9g2bAwkzmCgyvoQg,,0,,False,,,,unclassified_missing_dates,False,True,True,True,False,False
UCm1ufBMpXuk66f--hQb5UWQ,,0,,False,,,,unclassified_missing_dates,False,True,True,True,False,False
UCm2o2fAzwK40ELUZ0t-ndlg,,0,,False,,,,unclassified_missing_dates,False,True,True,True,False,False
UCm2qbByaIpgDxeNtLJi_eIg,,0,,False,,,,unclassified_missing_dates,False,True,True,True,False,False
UCm3hh2zFU5NjXj-n7GgvEgQ,,0,,False,,,,unclassified_missing_dates,False,True,True,True,False,False
UCm5325bSsgKPcKCeSmj6Waw,,0,,False,,,,unclassified_missing_dates,False,True,True,True,False,False
UCm564dPTSf3_a-nlWNqWHGA,,0,,False,,,,unclassified_missing_dates,False,True,True,True,False,False
UCm5L5vECJ6n7qEsPn9DqTqQ,,0,,False,,,,unclassified_missing_dates,False,True,True,True,False,False
UCm5gji9r7-JGftqy2IB6yLA,,0,,False,,,,unclassified_missing_dates,False,True,True,True,False,False
UCm7f2ga98uRDeroaOTZLP3g,,0,,False,,,,unclassified_missing_dates,False,True,True,True,False,False
UCm7vCOfhydo3sJfhbrGrRMA,,0,,False,,,,unclassified_missing_dates,False,True,True,True,False,False
UCm7ybkPY8BOylIetlggRFHQ,,0,,False,,,,unclassified_missing_dates,False,True,True,True,False,False
UCm8AWWpACeggtS-auxF1OPg,,0,,False,,,,unclassified_missing_dates,False,True,True,True,False,False
UCm8WBZuTg7cLYoVgF6k4uSQ,,0,,False,,,,unclassified_missing_dates,False,True,True,True,False,False
UCm94KxnGPvElMS2yImYxT_g,,0,,False,,,,unclassified_missing_dates,False,True,True,True,False,False
UCm9Eu5Lh7MGEtcjnytSZfxQ,,0,,False,,,,unclassified_missing_dates,False,True,True,True,False,False
UCm9l-4AwiQjuP4fT5FKaV_w,,0,,False,,,,unclassified_missing_dates,False,True,True,True,False,False
UCmACbRrLxT4XEpUHsDO32Nw,,0,,False,,,,unclassified_missing_dates,False,True,True,True,False,False
UCmAgS3cRlkUfxB7zj_eJZEw,,0,,False,,,,unclassified_missing_dates,False,True,True,True,False,False
UCmAmyBvCjXksC7WC09QgmMg,,0,,False,,,,unclassified_missing_dates,False,True,True,True,False,False
UCmBBbBSmQ2kCteFj94cvCUw,,0,,False,,,,unclassified_missing_dates,False,True,True,True,False,False
UCmBL__C0pOhYvpZ45wB0I_w,,0,,False,,,,unclassified_missing_dates,False,True,True,True,False,False
UCmBUDmogAYjx6S7n1KNR3_w,,0,,False,,,,unclassified_missing_dates,False,True,True,True,False,False
UCmBphNq_iCOMbcKiY3r48-Q,,0,,False,,,,unclassified_missing_dates,False,True,True,True,False,False
UCmCSHXa4ecx8B2jAsTcV68g,,0,,False,,,,unclassified_missing_dates,False,True,True,True,False,False
UCmChCFIRn9e6wMIy8ozIhUg,,0,,False,,,,unclassified_missing_dates,False,True,True,True,False,False
UCmCvq4uqAznnqog28E6_AMQ,,0,,False,,,,unclassified_missing_dates,False,True,True,True,False,False
UCmErkbImY1b4yPs6hWqJKrg,,0,,False,,,,unclassified_missing_dates,False,True,True,True,False,False
UCmFJluWGyP6gOgsvgQLaOEQ,,0,,False,,2023-11-22T20:01:50Z,,unclassified_missing_dates,False,True,False,True,False,False
UCmFkUrOFd_FaASmI9HysA3g,,0,,False,,,,unclassified_missing_dates,False,True,True,True,False,False
UCmFzI2z2qTNlTR8p-oYuDog,,0,,False,,,,unclassified_missing_dates,False,True,True,True,False,False
UCmGADgVj4rnY9ll2D5aVW5g,,0,,False,,2023-11-30T16:31:30Z,2023-11-30T16:31:30Z,first_active_after_reference,False,True,False,False,False,False
UCmGgPPy6LnQmVaDYhkFjcEQ,,0,,False,,,,unclassified_missing_dates,False,True,True,True,False,False
UCmGwnfSSwPNtMAqZZ4j9mBw,,0,,False,,,,unclassified_missing_dates,False,True,True,True,False,False
UCmHbfOIUmCESN06YWSQzs1w,,0,,False,,,,unclassified_missing_dates,False,True,True,True,False,False
UCmIpTYHstQDm4tN4zGen56w,,0,,False,,,,unclassified_missing_dates,False,True,True,True,False,False
UCmKzukmI__xoNVLcLGFAyTw,,0,,False,,2023-10-20T12:48:30Z,,unclassified_missing_dates,False,True,False,True,False,False
UCmNKWIJJ8LsZePuxsIFzlSQ,,0,,False,,,,unclassified_missing_dates,False,True,True,True,False,False
UCmO5h4rr4g0jOtOLheOE0Zg,,0,,False,,,,unclassified_missing_dates,False,True,True,True,False,False
UCmOF0Kc2_72TShtee6KtvZg,,0,,False,,,,unclassified_missing_dates,False,True,True,True,False,False
UCmPH1X1PjntSEeGLVWXX-qA,,0,,False,,,,unclassified_missing_dates,False,True,True,True,False,False
UCmQrpSDxxjddFuUf7EZL0-w,,0,,False,,,,unclassified_missing_dates,False,True,True,True,False,False
UCmQrxPMjjACphhS9IAMXowQ,,0,,False,,,,unclassified_missing_dates,False,True,True,True,False,False
UCmRkwhsAo_Mr2zLPLb9UYtQ,,0,,False,,2023-10-21T10:56:11Z,,unclassified_missing_dates,False,True,False,True,False,False
UCmRvV-u4lLSUNF7W1ASk1XQ,,0,,False,,,,unclassified_missing_dates,False,True,True,True,False,False
UCmSeloCe0jGTbRiLp--SDBA,,0,,False,,,,unclassified_missing_dates,False,True,True,True,False,False
UCmSk2JAu2FklbWhY25XARCQ,,0,,False,,,,unclassified_missing_dates,False,True,True,True,False,False
UCmTWP8f_8_8oAj1hWiWswLA,,0,,False,,,,unclassified_missing_dates,False,True,True,True,False,False
UCmTWhY0TDRxQFtVKy5UAtqg,,0,,False,,,,unclassified_missing_dates,False,True,True,True,False,False
UCmTaWve8WvK2lQBvK-uYmrw,,0,,False,,,,unclassified_missing_dates,False,True,True,True,False,False
UCmUjQhD8mh44LadDAweT5Sw,,0,,False,,,,unclassified_missing_dates,False,True,True,True,False,False
UCmVhS0qulkRshtLrXMeMToQ,,0,,False,,,,unclassified_missing_dates,False,True,True,True,False,False
UCmW4T08z29y3VDAkPOIpIjg,,0,,False,,,,unclassified_missing_dates,False,True,True,True,False,False
UCmWN2PbLX06q0JpsbacKpEA,,0,,False,,,,unclassified_missing_dates,False,True,True,True,False,False
UCmWdwNMfxnm-QC4nDBHSa3Q,,0,,False,,,,unclassified_missing_dates,False,True,True,True,False,False
UCmWg63jH-sq8x3D15ujMTWQ,,0,,False,,,,unclassified_missing_dates,False,True,True,True,False,False
UCmWwm2PwTFwDfWw5xDnc6OA,,0,,False,,,,unclassified_missing_dates,False,True,True,True,False,False
UCmYye3-m2lzwyGz8ToKMugA,,0,,False,,,,unclassified_missing_dates,False,True,True,True,False,False
UCmZ0_ElS-QX4BvFrzlZ5dNg,,0,,False,,,,unclassified_missing_dates,False,True,True,True,False,False
UCm_848ECOgMqyEHHFR7dtkw,,0,,False,,,,unclassified_missing_dates,False,True,True,True,False,False
UCm_w6Nee7HGxOaSIaYrzEYA,,0,,False,,,,unclassified_missing_dates,False,True,True,True,False,False
UCmabVe-A49Z2IuV1_2tjq8g,,0,,False,,,,unclassified_missing_dates,False,True,True,True,False,False
UCmabgUrIsqqXCWQTRZktirA,,0,,False,,,,unclassified_missing_dates,False,True,True,True,False,False
UCmaqH3VABiui5cnz3tdawKQ,,0,,False,,2023-10-17T11:57:35Z,2023-10-17T11:57:35Z,first_active_after_reference,False,True,False,False,False,False
UCmb5uEDNJ4fQCCINILkVEcA,,0,,False,,,,unclassified_missing_dates,False,True,True,True,False,False
UCmcECjXGZsVO0iSAxvnyGmQ,,0,,False,,,,unclassified_missing_dates,False,True,True,True,False,False
UCmdaVGzKYFOMIKjuMGUYgig,,0,,False,,,,unclassified_missing_dates,False,True,True,True,False,False
UCme0mi3WvJOorStvwYudxSQ,,0,,False,,,,unclassified_missing_dates,False,True,True,True,False,False
UCmeE4dKgJh0hwSaDLOPzy-g,,0,,False,,,,unclassified_missing_dates,False,True,True,True,False,False
UCmeGwxFb0HgW3RmLqT8pK0g,,0,,False,,,,unclassified_missing_dates,False,True,True,True,False,False
UCmeS6ICk7dCxDiSUVfo-J1A,,0,,False,,,,unclassified_missing_dates,False,True,True,True,False,False
UCmeVGGWNh36u6uQvn8BOvGw,,0,,False,,,,unclassified_missing_dates,False,True,True,True,False,False
UCmebupCownKgBGJoDo7JbjQ,,0,,False,,,,unclassified_missing_dates,False,True,True,True,False,False
UCmgworJMrlKsj-IeN9_XuqA,,0,,False,,,,unclassified_missing_dates,False,True,True,True,False,False
UCmhUe1ZJtjrIT1LJSUBBm1Q,,0,,False,,,,unclassified_missing_dates,False,True,True,True,False,False
UCmiJd2hQvZpWdv37UMv5C2A,,0,,False,,,,unclassified_missing_dates,False,True,True,True,False,False
UCmiNXCBNTFNk6af4giWgAGg,,0,,False,,,,unclassified_missing_dates,False,True,True,True,False,False
UCmifqKGefFTyexu__m5bpPg,,0,,False,,,,unclassified_missing_dates,False,True,True,True,False,False
UCmjaSWrHKiz2bQwYteEsaig,,0,,False,,,,unclassified_missing_dates,False,True,True,True,False,False
UCmjsZYMy-aUj9UQ7w3irB8A,,0,,False,,,,unclassified_missing_dates,False,True,True,True,False,False
UCmjz28vCqEkj1ch4CY5A54A,,0,,False,,,,unclassified_missing_dates,False,True,True,True,False,False
UCmkneGcn2dv81ioeGBL0F6A,,0,,False,,,,unclassified_missing_dates,False,True,True,True,False,False
UCml5RbNL_QB304BQ_Z3xTLw,,0,,False,,,,unclassified_missing_dates,False,True,True,True,False,False
UCmlr8t0wo2GFBEmwakhkqew,,0,,False,,,,unclassified_missing_dates,False,True,True,True,False,False
UCmlrM3mCrAF19DA889mWmwg,,0,,False,,,,unclassified_missing_dates,False,True,True,True,False,False
UCmnrng7i8sk0MQ9CsjMEAFg,,0,,False,,,,unclassified_missing_dates,False,True,True,True,False,False
UCmo-7GtL-EIRzuL9X7vuRPw,,0,,False,,,,unclassified_missing_dates,False,True,True,True,False,False
UCmoa-beOd9dBmZIiLVXB8Bw,,0,,False,,,,unclassified_missing_dates,False,True,True,True,False,False
UCmocKAynoZDUrYkgE4gI3Og,,0,,False,,,,unclassified_missing_dates,False,True,True,True,False,False
UCmpHE7Oe1-BoJpo8NJHUrGA,,0,,False,,,,unclassified_missing_dates,False,True,True,True,False,False
UCmq-SC9L7EdXXUhUO93Vxdw,,0,,False,,,,unclassified_missing_dates,False,True,True,True,False,False
UCmq6cHYJ4M5tJrRj143fjxw,,0,,False,,,,unclassified_missing_dates,False,True,True,True,False,False
UCmqMtpG_QT6rDgzATmrtzOA,,0,,False,,,,unclassified_missing_dates,False,True,True,True,False,False
UCmqooXrByNPYBeoGAQIMpZw,,0,,False,,,,unclassified_missing_dates,False,True,True,True,False,False
UCmqyeYt1xbsR1ZX57lX_A2Q,,0,,False,,,,unclassified_missing_dates,False,True,True,True,False,False
UCmr-OTakxUx0Rs_towDUv7g,,0,,False,,,,unclassified_missing_dates,False,True,True,True,False,False
UCmr3axsAwqJ8yacoPaEslZA,,0,,False,,,,unclassified_missing_dates,False,True,True,True,False,False
UCmrYw4nUKbj3RcbMJtKDPRw,,0,,False,,,,unclassified_missing_dates,False,True,True,True,False,False
UCms84G3dOjoZ-oxcAb8WRIw,,0,,False,,,,unclassified_missing_dates,False,True,True,True,False,False
UCmsM2TL6mclw5Y6-hHGv2qA,,0,,False,,,,unclassified_missing_dates,False,True,True,True,False,False
UCmt6Pk-ufnoXl9brisGbtIg,,0,,False,,,,unclassified_missing_dates,False,True,True,True,False,False
UCmv3kOL8VgX-si4ziNlPXkQ,,0,,False,,,,unclassified_missing_dates,False,True,True,True,False,False
UCmvWH5FoSuURP_AcpK_AazQ,,0,,False,,,,unclassified_missing_dates,False,True,True,True,False,False
UCmw0-lzsJ-JI_OIhOaTEYGw,,0,,False,,,,unclassified_missing_dates,False,True,True,True,False,False
UCmwAZ2gf9Qb3cOnTovyx7GA,,0,,False,,,,unclassified_missing_dates,False,True,True,True,False,False
UCmwEVX63aFmMiWQ2K1WnH4g,,0,,False,,,,unclassified_missing_dates,False,True,True,True,False,False
UCmwjtXYsSxvhVoYSVd_MXPg,,0,,False,,,,unclassified_missing_dates,False,True,True,True,False,False
UCmxbHiV1DzPE3VtYRG7etGQ,,0,,False,,,,unclassified_missing_dates,False,True,True,True,False,False
UCmxkAi5rezLfosJ5sSUqc5Q,,0,,False,,,,unclassified_missing_dates,False,True,True,True,False,False
UCmxtg0oUbc9jniE3fBI4nXw,,0,,False,,,,unclassified_missing_dates,False,True,True,True,False,False
UCmy5LuGUcZJ-38lvUSLL06g,,0,,False,,,,unclassified_missing_dates,False,True,True,True,False,False
UCmyjIMXpmB7offIJUFuDExA,,0,,False,,,,unclassified_missing_dates,False,True,True,True,False,False
UCn-0lfFu-V7OKU1sP8CHc-w,,0,,False,,2023-12-11T08:44:37Z,2023-12-11T08:44:37Z,first_active_after_reference,False,True,False,False,False,False
UCn-zMWPr9pmGFi9NzrVPcrg,,0,,False,,,,unclassified_missing_dates,False,True,True,True,False,False
UCn0eilv0j3DttXeZMyIYewQ,,0,,False,,,,unclassified_missing_dates,False,True,True,True,False,False
UCn0oIR0TvLdnHchupvzVTMg,,0,,False,,,,unclassified_missing_dates,False,True,True,True,False,False
UCn0q_Mnbc9h2qSWqa0DYU5Q,,0,,False,,,,unclassified_missing_dates,False,True,True,True,False,False
UCn0z2OZTBi0LxHqL3Vtaoxw,,0,,False,,,,unclassified_missing_dates,False,True,True,True,False,False
UCn1TTEFAJgWhEyV1wH7_iOA,,0,,False,,,,unclassified_missing_dates,False,True,True,True,False,False
UCn2YrlcihSHOG_Pp7lyqMlw,,0,,False,,,,unclassified_missing_dates,False,True,True,True,False,False
UCn2i5JNDxB-sowPTa8yIL6w,,0,,False,,,,unclassified_missing_dates,False,True,True,True,False,False
UCn3VTWgSLlbsvCxZnzoGKcA,,0,,False,,,,unclassified_missing_dates,False,True,True,True,False,False
UCn3bzoMPZhvqAwNG74EjXEg,,0,,False,,,,unclassified_missing_dates,False,True,True,True,False,False
UCn4ItiG6U_aVayve7c8zM7Q,,0,,False,,,,unclassified_missing_dates,False,True,True,True,False,False
UCn4KoqQ9NR4M4iH0xngUcLg,,0,,False,,,,unclassified_missing_dates,False,True,True,True,False,False
UCn4YcCLFJQg-EUsP8yNg0zQ,,0,,False,,,,unclassified_missing_dates,False,True,True,True,False,False
UCn4_QRLG_UTCzVSbbRwkTSA,,0,,False,,,,unclassified_missing_dates,False,True,True,True,False,False
UCn4eNZR3ApPc5d_4lmAqbOQ,,0,,False,,2023-10-08T19:41:09Z,,unclassified_missing_dates,False,True,False,True,False,False
UCn597G8BjOQ-UFqbSJxfLZA,,0,,False,,,,unclassified_missing_dates,False,True,True,True,False,False
UCn6II75iGDSd06IHfGRTJZg,,0,,False,,,,unclassified_missing_dates,False,True,True,True,False,False
UCn7loVgsjtW5mGLoU3xEo-w,,0,,False,,,,unclassified_missing_dates,False,True,True,True,False,False
UCn8lohaPF4XpxmD2SL5upyg,,0,,False,,,,unclassified_missing_dates,False,True,True,True,False,False
UCn9oS4dvm7ntNON4D31v8pA,,0,,False,,,,unclassified_missing_dates,False,True,True,True,False,False
UCnAXVAXlsXfYdoXSHQNuFsg,,0,,False,,,,unclassified_missing_dates,False,True,True,True,False,False
UCnB6v5dgrF7eokBJpXWnfPg,,0,,False,,,,unclassified_missing_dates,False,True,True,True,False,False
UCnBPWMdWO4pIsAUNN3AkwqQ,,0,,False,,,,unclassified_missing_dates,False,True,True,True,False,False
UCnBkgwUH2YPBCNbcKASlR9g,,0,,False,,,,unclassified_missing_dates,False,True,True,True,False,False
UCnCk6YEaQ4y6acMsK_w2yjA,,0,,False,,,,unclassified_missing_dates,False,True,True,True,False,False
UCnE58RTJYI8skvaEFtGNonw,,0,,False,,,,unclassified_missing_dates,False,True,True,True,False,False
UCnESY8PpFnR-Q_9XTKV881Q,,0,,False,,,,unclassified_missing_dates,False,True,True,True,False,False
UCnET_yGKbN06_Xye_Rpq3HA,,0,,False,,,,unclassified_missing_dates,False,True,True,True,False,False
UCnEXwmErkOAsiqy4ZdLPWkA,,0,,False,,,,unclassified_missing_dates,False,True,True,True,False,False
UCnF46KV7rmnNUYCmrvu9Bbw,,0,,False,,,,unclassified_missing_dates,False,True,True,True,False,False
UCnG7xOmbIzu8NQbV1sRccKw,,0,,False,,,,unclassified_missing_dates,False,True,True,True,False,False
UCnGaeAAgZM3VDtz4uqzmdXA,,0,,False,,,,unclassified_missing_dates,False,True,True,True,False,False
UCnGx03ITkvRhrRK8jQ1MB4A,,0,,False,,,,unclassified_missing_dates,False,True,True,True,False,False
UCnHy8a40qxhi6P0FWBe9yvg,,0,,False,,,,unclassified_missing_dates,False,True,True,True,False,False
UCnI10dYZgLe59FbnSJwDdnw,,0,,False,,,,unclassified_missing_dates,False,True,True,True,False,False
UCnIOHdkWk6shsL-t1wa715g,,0,,False,,,,unclassified_missing_dates,False,True,True,True,False,False
UCnIdwtXIzrUMQfurr2kHA3g,,0,,False,,,,unclassified_missing_dates,False,True,True,True,False,False
UCnIj42G4rm3lyIZvDjOMuWQ,,0,,False,,2023-11-28T04:30:25Z,,unclassified_missing_dates,False,True,False,True,False,False
UCnIriddnXz5lMCbA37X6hSA,,0,,False,,,,unclassified_missing_dates,False,True,True,True,False,False
UCnJ3_5_pus8hv3eGB3_Wtew,,0,,False,,,,unclassified_missing_dates,False,True,True,True,False,False
UCnJxrALdfGoGESYjCDbI7SA,,0,,False,,2023-12-02T05:21:08Z,,unclassified_missing_dates,False,True,False,True,False,False
UCnKOA_iO-EKU5QG5l4FdS7A,,0,,False,,,,unclassified_missing_dates,False,True,True,True,False,False
UCnKYVeshHKX9RQ-ByfEUf4g,,0,,False,,2023-10-08T11:20:34Z,2023-10-08T11:20:34Z,first_active_after_reference,False,True,False,False,False,False
UCnKg3grVE2japI04I1lmw0g,,0,,False,,,,unclassified_missing_dates,False,True,True,True,False,False
UCnL-V3uXg99oBkwGFTBpwiw,,0,,False,,,,unclassified_missing_dates,False,True,True,True,False,False
UCnM4ZHom3ODSOpynt-SCjng,,0,,False,,,,unclassified_missing_dates,False,True,True,True,False,False
UCnMIsWWjGRzBiYy75YXdLlQ,,0,,False,,,,unclassified_missing_dates,False,True,True,True,False,False
UCnMOSFgf1Z70foG4cpI_aJw,,0,,False,,,,unclassified_missing_dates,False,True,True,True,False,False
UCnMOSm16O4MrSIe2podxQig,,0,,False,,,,unclassified_missing_dates,False,True,True,True,False,False
UCnMPf8KAxsbEV2JAsGWnb_w,,0,,False,,,,unclassified_missing_dates,False,True,True,True,False,False
UCnMk-6Brd8rVEKWSWkwsWUg,,0,,False,,2023-10-17T09:39:25Z,,unclassified_missing_dates,False,True,False,True,False,False
UCnMn7kjBEDXMEJFqTicOHng,,0,,False,,,,unclassified_missing_dates,False,True,True,True,False,False
UCnMxiSSjo7qmh1uqEsxUQnQ,,0,,False,,,,unclassified_missing_dates,False,True,True,True,False,False
UCnNGs3dDUAl-nLiMcd8Y-Eg,,0,,False,,,,unclassified_missing_dates,False,True,True,True,False,False
UCnOJHS_ntw9NhxzIiCt79gw,,0,,False,,,,unclassified_missing_dates,False,True,True,True,False,False
UCnOM3fEs-d86PGqcnUmVb2g,,0,,False,,,,unclassified_missing_dates,False,True,True,True,False,False
UCnPPHnJUmZvaaHlU0NxWoJA,,0,,False,,,,unclassified_missing_dates,False,True,True,True,False,False
UCnPZmXhQXORd7PCYHk-fQLw,,0,,False,,,,unclassified_missing_dates,False,True,True,True,False,False
UCnPrDxAuZ5TW-pR_maMQ3XA,,0,,False,,,,unclassified_missing_dates,False,True,True,True,False,False
UCnQ3S_gEQHKPa1tX5mmiafQ,,0,,False,,,,unclassified_missing_dates,False,True,True,True,False,False
UCnQC_G5Xsjhp9fEJKuIcrSw,,0,,False,,2022-02-24T22:54:27Z,,unclassified_missing_dates,False,True,False,True,False,False
UCnQVewV3soqmUWPP_JNm8AA,,0,,False,,,,unclassified_missing_dates,False,True,True,True,False,False
UCnQ_8tHzISv_6fF6MnXWqCw,,0,,False,,,,unclassified_missing_dates,False,True,True,True,False,False
UCnQhKp88bpfW9OkJ--otV4Q,,0,,False,,,,unclassified_missing_dates,False,True,True,True,False,False
UCnR9I1e6CX9A2LIjoMK2VnQ,,0,,False,,,,unclassified_missing_dates,False,True,True,True,False,False
UCnRggmigco6vToa6k0PWxSg,,0,,False,,,,unclassified_missing_dates,False,True,True,True,False,False
UCnRj1Ircz7f3mIY4W7XDgpg,,0,,False,,,,unclassified_missing_dates,False,True,True,True,False,False
UCnRoTn6ffuAcHgomV8m27bQ,,0,,False,,,,unclassified_missing_dates,False,True,True,True,False,False
UCnT196K8mNz-PN1_tkkvz4g,,0,,False,,,,unclassified_missing_dates,False,True,True,True,False,False
UCnTetx7wJNgYoiBLdk88vug,,0,,False,,,,unclassified_missing_dates,False,True,True,True,False,False
UCnTwyEUhluqHLR1_M27Tl4Q,,0,,False,,,,unclassified_missing_dates,False,True,True,True,False,False
UCnU63YJHAyYJLsZ6AU_CiaQ,,0,,False,,,,unclassified_missing_dates,False,True,True,True,False,False
UCnUQFS3jbFmN47AD5s058Kg,,0,,False,,,,unclassified_missing_dates,False,True,True,True,False,False
UCnUTfSenEyqrkL_vJCNyy_Q,,0,,False,,,,unclassified_missing_dates,False,True,True,True,False,False
UCnUXqRTR3pR26v30exV4vlA,,0,,False,,,,unclassified_missing_dates,False,True,True,True,False,False
UCnU_QJBWGUzq_-chtg5wnGg,,0,,False,,,,unclassified_missing_dates,False,True,True,True,False,False
UCnWb5M5GjSpCP3y54z6bwBA,,0,,False,,,,unclassified_missing_dates,False,True,True,True,False,False
UCnWi-MJEheSG_n48VlBCJoQ,,0,,False,,,,unclassified_missing_dates,False,True,True,True,False,False
UCnX04Ca0jKQTOCLZQ2djepA,,0,,False,,2023-12-03T16:54:49Z,2023-12-03T16:54:49Z,first_active_after_reference,False,True,False,False,False,False
UCnXVFbEnE1cHD-IP88z6F0Q,,0,,False,,,,unclassified_missing_dates,False,True,True,True,False,False
UCnXWReP7mN9f9mLKLUAuGHQ,,0,,False,,,,unclassified_missing_dates,False,True,True,True,False,False
UCnXttoWofQMLVl8kwjsL54A,,0,,False,,,,unclassified_missing_dates,False,True,True,True,False,False
UCnXuFfGga0ASZEf3N_Ncwwg,,0,,False,,,,unclassified_missing_dates,False,True,True,True,False,False
UCnYfWApOLgrd9Kw1tLmbVjg,,0,,False,,,,unclassified_missing_dates,False,True,True,True,False,False
UCnYgVU0loFZNOgor472evhw,,0,,False,,,,unclassified_missing_dates,False,True,True,True,False,False
UCnZm3PWrRUQVk6Yq8p2AUsw,,0,,False,,,,unclassified_missing_dates,False,True,True,True,False,False
UCn_O1OT7duPavD2dJRjervw,,0,,False,,,,unclassified_missing_dates,False,True,True,True,False,False
UCnaUCfMpvLGpgGwNCWrNR0w,,0,,False,,,,unclassified_missing_dates,False,True,True,True,False,False
UCnabvIZq0bhAhb2kFr6Mf5Q,,0,,False,,,,unclassified_missing_dates,False,True,True,True,False,False
UCnakgC6f62gaCIErR7UhN6g,,0,,False,,,,unclassified_missing_dates,False,True,True,True,False,False
UCnb0ITc-OfQ0kas-Iq-OVpw,,0,,False,,,,unclassified_missing_dates,False,True,True,True,False,False
UCnb1wImxQQzp_x13q2GQ3aQ,,0,,False,,,,unclassified_missing_dates,False,True,True,True,False,False
UCnbXOpVzeF74HOsA_pqCSGA,,0,,False,,,,unclassified_missing_dates,False,True,True,True,False,False
UCnba9qqyLPISST_kOXlYWJA,,0,,False,,,,unclassified_missing_dates,False,True,True,True,False,False
UCncHrbklDN3wNelVhe1FGhQ,,0,,False,,,,unclassified_missing_dates,False,True,True,True,False,False
UCncUoHaXSIhcJXcnUSK2ihw,,0,,False,,,,unclassified_missing_dates,False,True,True,True,False,False
UCncYECmEVzz7dffT3z0TnCw,,0,,False,,,,unclassified_missing_dates,False,True,True,True,False,False
UCncrd4TMdmwW0j5uh1bwqaw,,0,,False,,,,unclassified_missing_dates,False,True,True,True,False,False
UCnd_Q8zq1YnVcJE97wg9aQw,,0,,False,,,,unclassified_missing_dates,False,True,True,True,False,False
UCneG9Pfjh6_ogs5iW2nGa_Q,,0,,False,,,,unclassified_missing_dates,False,True,True,True,False,False
UCneKmUJhaXF14SsqwZ6JRMQ,,0,,False,,2023-12-16T17:00:04Z,,unclassified_missing_dates,False,True,False,True,False,False
UCnf9j6a-TQbdt8MG5x3Qg8Q,,0,,False,,,,unclassified_missing_dates,False,True,True,True,False,False
UCnfjmhQl-wy3zNOqChbfjsw,,0,,False,,,,unclassified_missing_dates,False,True,True,True,False,False
UCnfu9pm9wqTRhfGbPkLjiEg,,0,,False,,,,unclassified_missing_dates,False,True,True,True,False,False
UCnhjpgCFAp2bP1ULltZ-OJg,,0,,False,,,,unclassified_missing_dates,False,True,True,True,False,False
UCniCETifMe2zxfkdeeigq_A,,0,,False,,,,unclassified_missing_dates,False,True,True,True,False,False
UCniNehvQF7vnemiBscD9upA,,0,,False,,,,unclassified_missing_dates,False,True,True,True,False,False
UCnilNpdgF79PvOdjtVKU0FA,,0,,False,,2023-11-22T12:51:33Z,,unclassified_missing_dates,False,True,False,True,False,False
UCnixTFNpyQe5UzNku-0DAmA,,0,,False,,,,unclassified_missing_dates,False,True,True,True,False,False
UCnjHJdR6pQqZUzrwOrqmRFA,,0,,False,,,,unclassified_missing_dates,False,True,True,True,False,False
UCnjPYXel7q1xW-LkG_qcK1A,,0,,False,,2023-12-11T13:24:42Z,,unclassified_missing_dates,False,True,False,True,False,False
UCnk7bC_ExYU4N5qxroa-5Pg,,0,,False,,2023-12-09T15:13:19Z,2023-12-09T15:13:19Z,first_active_after_reference,False,True,False,False,False,False
UCnm3sOrAyIfyeeeQpXxNG2Q,,0,,False,,2023-12-27T15:00:35Z,2023-12-27T15:00:35Z,first_active_after_reference,False,True,False,False,False,False
UCnmzzu11Itx3KVu5fputxoQ,,0,,False,,,,unclassified_missing_dates,False,True,True,True,False,False
UCnnpmd3JgAaM2LesY99npNg,,0,,False,,2023-10-10T11:21:12Z,,unclassified_missing_dates,False,True,False,True,False,False
UCnovckdith6O4r5M3FsRIKA,,0,,False,,,,unclassified_missing_dates,False,True,True,True,False,False
UCnoyXdY8SzOZeT4CUqiwLIg,,0,,False,,,,unclassified_missing_dates,False,True,True,True,False,False
UCnp5nmaQblpPnEd2Jb91GPQ,,0,,False,,,,unclassified_missing_dates,False,True,True,True,False,False
UCnpRoamkCSKthQjyH_mM-yw,,0,,False,,,,unclassified_missing_dates,False,True,True,True,False,False
UCnpSVoVH0zqv82OdP3YVpvw,,0,,False,,,,unclassified_missing_dates,False,True,True,True,False,False
UCnpqjEw2RHDBNVGDe8pI7tw,,0,,False,,,,unclassified_missing_dates,False,True,True,True,False,False
UCnpvA6Ijjgm84K6TQ9B0PFQ,,0,,False,,,,unclassified_missing_dates,False,True,True,True,False,False
UCnq6i2uZbb9duT4EaJvpzQg,,0,,False,,,,unclassified_missing_dates,False,True,True,True,False,False
UCnq9Vf6qBj0UdRCLUEaN4YA,,0,,False,,,,unclassified_missing_dates,False,True,True,True,False,False
UCnsVcwgKRpsjtID7GWbiZ3g,,0,,False,,,,unclassified_missing_dates,False,True,True,True,False,False
UCntHyNXjF6IGnag_G2xDKJg,,0,,False,,,,unclassified_missing_dates,False,True,True,True,False,False
UCnvPoiPFi6n7WNEtVrY39ug,,0,,False,,2023-10-24T08:30:16Z,,unclassified_missing_dates,False,True,False,True,False,False
UCnvXYbQmXSRr8MEATWIydjw,,0,,False,,,,unclassified_missing_dates,False,True,True,True,False,False
UCnvftRDulHIaCIJyWeHrCmg,,0,,False,,,,unclassified_missing_dates,False,True,True,True,False,False
UCnxFK_9mYWCZUEXSMWQbQZg,,0,,False,,,,unclassified_missing_dates,False,True,True,True,False,False
UCnxMTj4Kx0yYWDO16_4ZrMg,,0,,False,,,,unclassified_missing_dates,False,True,True,True,False,False
UCnxcI9S64L5uCP0pSJ7erqQ,,0,,False,,,,unclassified_missing_dates,False,True,True,True,False,False
UCnyCrv8b7bu0oWFXGyHaPzg,,0,,False,,2023-12-25T11:28:28Z,,unclassified_missing_dates,False,True,False,True,False,False
UCnyVzkQThzUJt3ES80KnTgQ,,0,,False,,,,unclassified_missing_dates,False,True,True,True,False,False
UCnyj-efKyqIxmzMhDDGPmEA,,0,,False,,,,unclassified_missing_dates,False,True,True,True,False,False
UCnykgdHtY1J8sx7zU0RSqIQ,,0,,False,,,,unclassified_missing_dates,False,True,True,True,False,False
UCnzRUNSPuudaANVGS1p2_XQ,,0,,False,,,,unclassified_missing_dates,False,True,True,True,False,False
UCo-Jo1TgEohCl5-pVh5TcHA,,0,,False,,,,unclassified_missing_dates,False,True,True,True,False,False
UCo-m2MbqY0URtxJUod4VyGg,,0,,False,,,,unclassified_missing_dates,False,True,True,True,False,False
UCo0MGiYtL1olrDhjClMfcOQ,,0,,False,,,,unclassified_missing_dates,False,True,True,True,False,False
UCo15RNL4FI_dIpRDG6QEg1A,,0,,False,,,,unclassified_missing_dates,False,True,True,True,False,False
UCo1_0KLoQ3tbzVLyhTLlVwQ,,0,,False,,,,unclassified_missing_dates,False,True,True,True,False,False
UCo1hGJHIY4gYxrElj3IFbJQ,,0,,False,,,,unclassified_missing_dates,False,True,True,True,False,False
UCo2EGURFBRxiVf-uZCO9fdw,,0,,False,,,,unclassified_missing_dates,False,True,True,True,False,False
UCo2e_dIrETtCZTF192f0cXA,,0,,False,,,,unclassified_missing_dates,False,True,True,True,False,False
UCo2hGljFGmQEHtdvkMl017A,,0,,False,,,,unclassified_missing_dates,False,True,True,True,False,False
UCo3Fb2vjca-jOrADY9w5ahw,,0,,False,,,,unclassified_missing_dates,False,True,True,True,False,False
UCo3xdyhOwPm7F6SSUVEhqKA,,0,,False,,,,unclassified_missing_dates,False,True,True,True,False,False
UCo4786F6t-EStXWqTauz78w,,0,,False,,,,unclassified_missing_dates,False,True,True,True,False,False
UCo4OnjGrWT70TpbBa8mZ92w,,0,,False,,,,unclassified_missing_dates,False,True,True,True,False,False
UCo4oyRBls6UqLHZuZxmBjZQ,,0,,False,,,,unclassified_missing_dates,False,True,True,True,False,False
UCo5NULDsHIhM65WVgxeVf3g,,0,,False,,,,unclassified_missing_dates,False,True,True,True,False,False
UCo6Hx1K4iZijpSA3pVK4FnA,,0,,False,,,,unclassified_missing_dates,False,True,True,True,False,False
UCo6dCIFn0ouNLfCa1iIDSWA,,0,,False,,,,unclassified_missing_dates,False,True,True,True,False,False
UCo77eikELzdhudjtJcWQpoQ,,0,,False,,,,unclassified_missing_dates,False,True,True,True,False,False
UCo7Kwq3AEUi1o2xve1eyygA,,0,,False,,,,unclassified_missing_dates,False,True,True,True,False,False
UCo8I0LE_kIbj51DOi9gXCmw,,0,,False,,,,unclassified_missing_dates,False,True,True,True,False,False
UCo9buInmZF9UWpMf6G0px8Q,,0,,False,,,,unclassified_missing_dates,False,True,True,True,False,False
UCoA5PlMfKy8iFhBlndLylrg,,0,,False,,,,unclassified_missing_dates,False,True,True,True,False,False
UCoA9xkGtbaBNElo2iiejArQ,,0,,False,,,,unclassified_missing_dates,False,True,True,True,False,False
UCoAcZ_VmU6nvt-oU081c-Fg,,0,,False,,,,unclassified_missing_dates,False,True,True,True,False,False
UCoBDZeF8cHEuLqrOZtVMq0w,,0,,False,,,,unclassified_missing_dates,False,True,True,True,False,False
UCoBDbFeYGXN7y7jG5Aj_GJA,,0,,False,,,,unclassified_missing_dates,False,True,True,True,False,False
UCoBE9WQLQwCyWtV6kCmgh2A,,0,,False,,,,unclassified_missing_dates,False,True,True,True,False,False
UCoBL89VmbhjQtqD0D3_2HFA,,0,,False,,,,unclassified_missing_dates,False,True,True,True,False,False
UCoBdCfvJ_LgDLJziFudurqA,,0,,False,,,,unclassified_missing_dates,False,True,True,True,False,False
UCoCL__FM9OrQ0N-3c_Vi_wQ,,0,,False,,,,unclassified_missing_dates,False,True,True,True,False,False
UCoEDIxrWUrq20itwWOwOJVQ,,0,,False,,,,unclassified_missing_dates,False,True,True,True,False,False
UCoEiNCiR_6wYooZc7tm1Qsg,,0,,False,,2023-11-27T22:08:44Z,2023-11-27T22:08:44Z,first_active_after_reference,False,True,False,False,False,False
UCoFAY8n3v0QrUn-tF7O8XFA,,0,,False,,2023-12-01T03:40:38Z,,unclassified_missing_dates,False,True,False,True,False,False
UCoFF7wU7410IiUSvYAGVkkQ,,0,,False,,,,unclassified_missing_dates,False,True,True,True,False,False
UCoFL7QBgInNGtAjNKqNbltQ,,0,,False,,,,unclassified_missing_dates,False,True,True,True,False,False
UCoG5ya-sMXNMkqkIz1sZ_Lw,,0,,False,,,,unclassified_missing_dates,False,True,True,True,False,False
UCoGraOXyXwDL2ZYU_HT3c9Q,,0,,False,,,,unclassified_missing_dates,False,True,True,True,False,False
UCoIK3aBAbt_xpDoXSUcMeoQ,,0,,False,,,,unclassified_missing_dates,False,True,True,True,False,False
UCoJFG-eRBDniouINR751xMQ,,0,,False,,,,unclassified_missing_dates,False,True,True,True,False,False
UCoJSRGheRnT5u-cfvPHHtOw,,0,,False,,,,unclassified_missing_dates,False,True,True,True,False,False
UCoJWcuzjPuBpttKntmsH26g,,0,,False,,,,unclassified_missing_dates,False,True,True,True,False,False
UCoJerPYLzzjQ_l2_O-wLR9A,,0,,False,,,,unclassified_missing_dates,False,True,True,True,False,False
UCoLUfG7-tc0p0qRbV-S12rw,,0,,False,,,,unclassified_missing_dates,False,True,True,True,False,False
UCoLeSAsDTok7Z-cUt6P4r9Q,,0,,False,,2023-12-12T08:19:02Z,2023-12-12T08:19:02Z,first_active_after_reference,False,True,False,False,False,False
UCoM0o5f6LsA4INk7GtpQxig,,0,,False,,,,unclassified_missing_dates,False,True,True,True,False,False
UCoMdktPbSTixAyNGwb-UYkQ,,0,,False,,2022-02-24T07:22:26Z,,unclassified_missing_dates,False,True,False,True,False,False
UCoMlZDAqnkkh9fsmE3oh0BQ,,0,,False,,,,unclassified_missing_dates,False,True,True,True,False,False
UCoNpHvAm97_-nKvVXSrHuOw,,0,,False,,,,unclassified_missing_dates,False,True,True,True,False,False
UCoOWIwvaSsJZaV8vjgHYo3Q,,0,,False,,,,unclassified_missing_dates,False,True,True,True,False,False
UCoPTmalDd3M6XyTSI6VSSQA,,0,,False,,,,unclassified_missing_dates,False,True,True,True,False,False
UCoPzL8AoG9sslVTFbEl4L5Q,,0,,False,,,,unclassified_missing_dates,False,True,True,True,False,False
UCoQ5udUGOJaq-lzoLUDywGQ,,0,,False,,,,unclassified_missing_dates,False,True,True,True,False,False
UCoQUdwF309Iq3EPUCGV9F7Q,,0,,False,,,,unclassified_missing_dates,False,True,True,True,False,False
UCoRQ8PIgJXRCqd7d9vodnTA,,0,,False,,,,unclassified_missing_dates,False,True,True,True,False,False
UCoSNyOZZLhG8h7WtEhjuhsg,,0,,False,,,,unclassified_missing_dates,False,True,True,True,False,False
UCoUOEZWUr3K7VHbXxtFP2qw,,0,,False,,,,unclassified_missing_dates,False,True,True,True,False,False
UCoUqD2h8V6_OVAmCfzPvKeA,,0,,False,,2023-10-22T14:35:09Z,2023-11-15T21:00:24Z,first_active_after_reference,False,True,False,False,False,False
UCoUqFYUYvWyS-hCUYKHmFYw,,0,,False,,,,unclassified_missing_dates,False,True,True,True,False,False
UCoUr62mo9pULKpY-uxDlGZw,,0,,False,,,,unclassified_missing_dates,False,True,True,True,False,False
UCoVAtBp05yCDQf9lUtfuypQ,,0,,False,,,,unclassified_missing_dates,False,True,True,True,False,False
UCoVxi4FUUcO5Jyx1EtpERZw,SWR Wissen,1,52800,True,2023-03-01T09:13:55Z,2021-01-21T16:00:31Z,2023-05-16T16:31:48Z,active_before_keyword_after,False,False,False,False,False,True
UCoWVIxHYxXrkiW780PfVvyA,,0,,False,,,,unclassified_missing_dates,False,True,True,True,False,False
UCoXqLdDjoC2n0UrJDRgDnEA,,0,,False,,,,unclassified_missing_dates,False,True,True,True,False,False
UCoYJOum8YdO2BDuNSi9iWlw,,0,,False,,,,unclassified_missing_dates,False,True,True,True,False,False
UCoYR0as_qSNsqut8QS40AbQ,,0,,False,,,,unclassified_missing_dates,False,True,True,True,False,False
UCoYSiOLFBJ2_kLzXgXbdVxg,,0,,False,,,,unclassified_missing_dates,False,True,True,True,False,False
UCoZfaUp_Sr6OEUPnmc7Z7TQ,,0,,False,,,,unclassified_missing_dates,False,True,True,True,False,False
UCoZk8d0KHM6788QV3M_f18w,,0,,False,,,,unclassified_missing_dates,False,True,True,True,False,False
UCoZzHkQKHjdRiUhv0H0VYmQ,,0,,False,,,,unclassified_missing_dates,False,True,True,True,False,False
UCoZzSCUds5CkyxWKY-tT_JQ,,0,,False,,,,unclassified_missing_dates,False,True,True,True,False,False
UCo_iqPCm_Jgd75AyDPOsJEg,,0,,False,,,,unclassified_missing_dates,False,True,True,True,False,False
UCoa0szOeO2g0-eCEW0X1IWg,,0,,False,,,,unclassified_missing_dates,False,True,True,True,False,False
UCoa1eA14GZhM8ZlZ-bI3FCg,,0,,False,,,,unclassified_missing_dates,False,True,True,True,False,False
UCoaKVpu3ajMSSCrF1er0URg,,0,,False,,,,unclassified_missing_dates,False,True,True,True,False,False
UCobaLMJJ70dAFF0jh5TReqA,,0,,False,,,,unclassified_missing_dates,False,True,True,True,False,False
UCocCX_tPM8uWyIeLa1lLW0Q,,0,,False,,,,unclassified_missing_dates,False,True,True,True,False,False
UCocSkFGUfbU4l9jGVm9My9A,,0,,False,,,,unclassified_missing_dates,False,True,True,True,False,False
UCodUaCjbfaMgXkiiI4mKPyg,,0,,False,,,,unclassified_missing_dates,False,True,True,True,False,False
UCodtUYdw3ILphwmQjwRDs6g,,0,,False,,,,unclassified_missing_dates,False,True,True,True,False,False
UCoe3DS2TihV8X9IWfHmlZDQ,,0,,False,,,,unclassified_missing_dates,False,True,True,True,False,False
UCoeogCBpoFMj12QB61PBD5g,,0,,False,,,,unclassified_missing_dates,False,True,True,True,False,False
UCoer5XsIyLy344qeCnpKENQ,,0,,False,,,,unclassified_missing_dates,False,True,True,True,False,False
UCoesIMf5dQ9vy8Z0Ob3-BBQ,,0,,False,,,,unclassified_missing_dates,False,True,True,True,False,False
UCogQZe_UBZ9nIaMJculNEtg,,0,,False,,2023-12-14T15:45:04Z,,unclassified_missing_dates,False,True,False,True,False,False
UCoh-8viI7W2Jwm5qDk1Cz2w,,0,,False,,,,unclassified_missing_dates,False,True,True,True,False,False
UCoiWGH-oyvaLBKOyEy9WCZQ,,0,,False,,,,unclassified_missing_dates,False,True,True,True,False,False
UCojrYakRvQxzwkbuE9277DQ,,0,,False,,,,unclassified_missing_dates,False,True,True,True,False,False
UCojuigQ5h3QXMjK5jb-IT3Q,,0,,False,,,,unclassified_missing_dates,False,True,True,True,False,False
UCojxjaFkTK4niIEBBJsNRSg,,0,,False,,,,unclassified_missing_dates,False,True,True,True,False,False
UCok-K7dWDM8vBvJR0wedPrA,,0,,False,,2023-11-28T15:22:43Z,,unclassified_missing_dates,False,True,False,True,False,False
UCok2AVBVpaL4Yk9qeq1DnpA,,0,,False,,,,unclassified_missing_dates,False,True,True,True,False,False
UCom4zrELkFzq8hgBunNFQNA,,0,,False,,,,unclassified_missing_dates,False,True,True,True,False,False
UCon-GkXe4wPIBqwyZ2Sddmg,,0,,False,,,,unclassified_missing_dates,False,True,True,True,False,False
UConPe1iHtAIWEjjLK7c8nug,,0,,False,,,,unclassified_missing_dates,False,True,True,True,False,False
UCooJgRkbQVKz7e3-hXWIVRQ,,0,,False,,,,unclassified_missing_dates,False,True,True,True,False,False
UCopRL5Hjng7STm3HcoMZ0hA,,0,,False,,,,unclassified_missing_dates,False,True,True,True,False,False
UCopbuGIFf1581h6IzgL3LeQ,,0,,False,,,,unclassified_missing_dates,False,True,True,True,False,False
UCoqQXniATf7zxOFlRP5mJQg,,0,,False,,,,unclassified_missing_dates,False,True,True,True,False,False
UCoqbj0AIyLgmQtfM-Z-0kRw,,0,,False,,,,unclassified_missing_dates,False,True,True,True,False,False
UCorEiYv93Rb8TkoKxzyJ54A,,0,,False,,,,unclassified_missing_dates,False,True,True,True,False,False
UCorl_MAPyKK5G24p0CngIAA,,0,,False,,,,unclassified_missing_dates,False,True,True,True,False,False
UCosK6hM9YYohnMbiGN1cR5Q,,0,,False,,,,unclassified_missing_dates,False,True,True,True,False,False
UCotYampY3v4XRiwx9xm1KPA,,0,,False,,,,unclassified_missing_dates,False,True,True,True,False,False
UCouPZGOD-DfA9EhHqKtpdGA,,0,,False,,,,unclassified_missing_dates,False,True,True,True,False,False
UCovqRPLJRytejyQp7LYIXgg,,0,,False,,,,unclassified_missing_dates,False,True,True,True,False,False
UCowUGxnSTG8ZP61rB4GiRRw,,0,,False,,,,unclassified_missing_dates,False,True,True,True,False,False
UCoweCD0vP5Rsh9-EThxpt1w,,0,,False,,,,unclassified_missing_dates,False,True,True,True,False,False
UCowzEhZXT5PCvJ4YL00obYg,,0,,False,,2023-11-24T10:55:05Z,,unclassified_missing_dates,False,True,False,True,False,False
UCoxN2Y9Zu-pI81UCyg_2GiQ,,0,,False,,,,unclassified_missing_dates,False,True,True,True,False,False
UCoyXxqipui0CoZaAy--UQoQ,,0,,False,,,,unclassified_missing_dates,False,True,True,True,False,False
UCoywLO3vy04j5qHa6n9swGA,,0,,False,,,,unclassified_missing_dates,False,True,True,True,False,False
UCoz0EiGo45aOhjzqtyHF_CQ,,0,,False,,,,unclassified_missing_dates,False,True,True,True,False,False
UCp-4WsBhHiNjXV5mS61u7Ag,,0,,False,,,,unclassified_missing_dates,False,True,True,True,False,False
UCp-82Xjcmy53nQVYlTunDpw,,0,,False,,,,unclassified_missing_dates,False,True,True,True,False,False
UCp-NRWgv6HU7z2BOGVTbcpA,,0,,False,,,,unclassified_missing_dates,False,True,True,True,False,False
UCp-jG2Hizr_Pv9ozHuJJ_TQ,,0,,False,,,,unclassified_missing_dates,False,True,True,True,False,False
UCp02Io-l9Y7_Gd-MApFhnhA,,0,,False,,,,unclassified_missing_dates,False,True,True,True,False,False
UCp0886eco4B6LhsjnvtH2_w,,0,,False,,,,unclassified_missing_dates,False,True,True,True,False,False
UCp0DHdDCqLyU03oCkS7F9kQ,,0,,False,,,,unclassified_missing_dates,False,True,True,True,False,False
UCp0n8A64-786-qkW54iQdZA,,0,,False,,,,unclassified_missing_dates,False,True,True,True,False,False
UCp1FCEVA93njR3wmUtcHepg,,0,,False,,,,unclassified_missing_dates,False,True,True,True,False,False
UCp1KrVaZDZ7BOI_QBuTWWmg,,0,,False,,,,unclassified_missing_dates,False,True,True,True,False,False
UCp1YvrjpbSw9g8nmt-A5Hsw,,0,,False,,,,unclassified_missing_dates,False,True,True,True,False,False
UCp2cQ1fbLBBpKdYDJEyajZQ,,0,,False,,,,unclassified_missing_dates,False,True,True,True,False,False
UCp2sH5wNMjWGAtoCpn3ugCg,,0,,False,,,,unclassified_missing_dates,False,True,True,True,False,False
UCp3NMQR87XuEPPrLKcjaByA,,0,,False,,,,unclassified_missing_dates,False,True,True,True,False,False
UCp3V0xwAM2sld1WzfZ_7khg,,0,,False,,,,unclassified_missing_dates,False,True,True,True,False,False
UCp46NKePfEj_sJcSB6qWoVA,,0,,False,,,,unclassified_missing_dates,False,True,True,True,False,False
UCp52g5CYy1zRitNZBcuqptQ,,0,,False,,,,unclassified_missing_dates,False,True,True,True,False,False
UCp54sOMpLJNtFnipyFp7BUg,,0,,False,,,,unclassified_missing_dates,False,True,True,True,False,False
UCp5cWl3apHy9rVWcCyrz99g,,0,,False,,,,unclassified_missing_dates,False,True,True,True,False,False
UCp6JOnKr-fIlVsSPLtPaQeg,,0,,False,,,,unclassified_missing_dates,False,True,True,True,False,False
UCp7B9sGV7V31BX1p4QBsVIw,,0,,False,,,,unclassified_missing_dates,False,True,True,True,False,False
UCp7VGMiRXm8tB6LcTwc3qcQ,,0,,False,,2023-11-05T08:00:18Z,2023-11-05T08:00:18Z,first_active_after_reference,False,True,False,False,False,False
UCp8ySFHrmY8Au07ferK0-vQ,,0,,False,,,,unclassified_missing_dates,False,True,True,True,False,False
UCp9PmkGrbHL5TS1qiexmLvA,,0,,False,,,,unclassified_missing_dates,False,True,True,True,False,False
UCpAEwfRBDcY9Gu33hE7-Aaw,,0,,False,,,,unclassified_missing_dates,False,True,True,True,False,False
UCpAcps17mEVwsgQgwFxkxuQ,,0,,False,,,,unclassified_missing_dates,False,True,True,True,False,False
UCpAwFOGiqAuHf-Zx9eTDsOA,,0,,False,,,,unclassified_missing_dates,False,True,True,True,False,False
UCpCH7b9KtdcQY0duusx4Xng,,0,,False,,,,unclassified_missing_dates,False,True,True,True,False,False
UCpCN7bBdZlZyA_iMa5ySKpA,,0,,False,,,,unclassified_missing_dates,False,True,True,True,False,False
UCpCk2hQPI_tHj8UKRqYcO2w,,0,,False,,,,unclassified_missing_dates,False,True,True,True,False,False
UCpDuJ-igTPiNmD1IgMHnDew,,0,,False,,,,unclassified_missing_dates,False,True,True,True,False,False
UCpFEsnU5aE_CRtFoBPf3fKQ,,0,,False,,,,unclassified_missing_dates,False,True,True,True,False,False
UCpFMY37lqlGMPkCZGS5OTNw,,0,,False,,,,unclassified_missing_dates,False,True,True,True,False,False
UCpGX1kFN2a_1Vefoeq03ZOQ,,0,,False,,,,unclassified_missing_dates,False,True,True,True,False,False
UCpGY8dMxJIAa1lFeygUQSKw,,0,,False,,,,unclassified_missing_dates,False,True,True,True,False,False
UCpJ6hIM_Iq18HLghMqS0Fbw,,0,,False,,,,unclassified_missing_dates,False,True,True,True,False,False
UCpJO3zsHpWgu0vRXzh3155A,,0,,False,,,,unclassified_missing_dates,False,True,True,True,False,False
UCpJathdxgoKLvUBtk_L6SQQ,,0,,False,,,,unclassified_missing_dates,False,True,True,True,False,False
UCpK1mx5Ddgy-ixoTTdgCcaQ,,0,,False,,,,unclassified_missing_dates,False,True,True,True,False,False
UCpKPb8t5V776i3S_nt4-vsg,,0,,False,,,,unclassified_missing_dates,False,True,True,True,False,False
UCpKfnRN41LRTku9ejCjNOxg,,0,,False,,,,unclassified_missing_dates,False,True,True,True,False,False
UCpKz_TWWQsDbEL5NHWSVrng,,0,,False,,,,unclassified_missing_dates,False,True,True,True,False,False
UCpLZewQ4Twwn35n6AEAQfqA,,0,,False,,,,unclassified_missing_dates,False,True,True,True,False,False
UCpLpWneLKzgYBabyytkCz-A,,0,,False,,,,unclassified_missing_dates,False,True,True,True,False,False
UCpMnmfw0QnDNU_B_Sx9pCVw,,0,,False,,2023-10-09T09:05:33Z,,unclassified_missing_dates,False,True,False,True,False,False
UCpMoIg5bn99hz3P3B37Z1jA,,0,,False,,,,unclassified_missing_dates,False,True,True,True,False,False
UCpMpVekiEAoeHLFQm1RPDgQ,,0,,False,,,,unclassified_missing_dates,False,True,True,True,False,False
UCpN1sPBql4brfR2YvSiwuXA,,0,,False,,2023-11-16T10:15:19Z,,unclassified_missing_dates,False,True,False,True,False,False
UCpNn4ZaZ6dIb9BLJSbxC2ig,,0,,False,,2023-12-11T07:45:18Z,2023-12-11T07:45:18Z,first_active_after_reference,False,True,False,False,False,False
UCpO7klDgGwFXCXfuQltnExw,,0,,False,,,,unclassified_missing_dates,False,True,True,True,False,False
UCpOdK2WCouY4II6mLKtZWfA,,0,,False,,,,unclassified_missing_dates,False,True,True,True,False,False
UCpOj4-bLl_bjVLm4ioblzdw,,0,,False,,,,unclassified_missing_dates,False,True,True,True,False,False
UCpPR7F-4rZtN9vzTGoEznLg,,0,,False,,,,unclassified_missing_dates,False,True,True,True,False,False
UCpPeY8xhYM4DaTgVtlszChA,,0,,False,,,,unclassified_missing_dates,False,True,True,True,False,False
UCpPsOYCJo_q-N29aK2Occrw,,0,,False,,,,unclassified_missing_dates,False,True,True,True,False,False
UCpQGOkw1hLWtLClN2tcxZfw,,0,,False,,,,unclassified_missing_dates,False,True,True,True,False,False
UCpQmTNEU9AsPVWESUVokGsg,,0,,False,,,,unclassified_missing_dates,False,True,True,True,False,False
UCpRjROCYvV7e9Ww0psU6qVA,,0,,False,,,,unclassified_missing_dates,False,True,True,True,False,False
UCpSOB-GJL5M0IFSSaG5lRSg,,0,,False,,,,unclassified_missing_dates,False,True,True,True,False,False
UCpSyoGBQPxzeq4Uj3HXy3lw,,0,,False,,,,unclassified_missing_dates,False,True,True,True,False,False
UCpTZVSbkTRrBVD9ngdb3G-A,,0,,False,,,,unclassified_missing_dates,False,True,True,True,False,False
UCpU9j9Q23qnQZmCrK4WLJwg,,0,,False,,2023-10-12T11:52:44Z,2023-10-27T10:22:03Z,first_active_after_reference,False,True,False,False,False,False
UCpVRciCGhJCCsmfeUtMfZgg,,0,,False,,,,unclassified_missing_dates,False,True,True,True,False,False
UCpVY3aTwkjNXWCTPXSHBerA,,0,,False,,,,unclassified_missing_dates,False,True,True,True,False,False
UCpVYCBh19_LdzYpjCIfp0zA,,0,,False,,,,unclassified_missing_dates,False,True,True,True,False,False
UCpVYJ_0-ghJ3E6sXo0xjTTQ,,0,,False,,,,unclassified_missing_dates,False,True,True,True,False,False
UCpVoTksQxDYR88NX9rk-0Aw,,0,,False,,,,unclassified_missing_dates,False,True,True,True,False,False
UCpX8mGg6zHVskI38_OF36bg,,0,,False,,,,unclassified_missing_dates,False,True,True,True,False,False
UCpXVrgtd4m9b_QRKXbXxYDw,,0,,False,,,,unclassified_missing_dates,False,True,True,True,False,False
UCpXlaKmrxYJVtSR7xkSEPyQ,,0,,False,,,,unclassified_missing_dates,False,True,True,True,False,False
UCpYUxXyNSuhZyQLj4cYZ5Mg,,0,,False,,,,unclassified_missing_dates,False,True,True,True,False,False
UCpZ4kIPyjvvw4x0TNlAYYvQ,,0,,False,,,,unclassified_missing_dates,False,True,True,True,False,False
UCpZCccXpy2ftWxcZSFnQ_ZQ,,0,,False,,,,unclassified_missing_dates,False,True,True,True,False,False
UCpZSfa8ZUKWQuxq0E-zPl0w,,0,,False,,,,unclassified_missing_dates,False,True,True,True,False,False
UCpZTNE7DYt9Knndsop23StA,,0,,False,,,,unclassified_missing_dates,False,True,True,True,False,False
UCpZTlnT7l_1XUqXCIY8Vjfw,,0,,False,,,,unclassified_missing_dates,False,True,True,True,False,False
UCp_7BQylIc69P1ExNFTeRxA,,0,,False,,,,unclassified_missing_dates,False,True,True,True,False,False
UCp_93nzuua8rq7NQSxN4K_Q,,0,,False,,,,unclassified_missing_dates,False,True,True,True,False,False
UCp_XLSSXYXC1rYYNTf_b_KQ,,0,,False,,,,unclassified_missing_dates,False,True,True,True,False,False
UCp_pWK4vWz_TVgEvYR7w9tw,,0,,False,,2023-12-19T18:52:00Z,2023-12-19T18:52:00Z,first_active_after_reference,False,True,False,False,False,False
UCp_zMlztH0vlJTAzOE9rvUQ,,0,,False,,,,unclassified_missing_dates,False,True,True,True,False,False
UCpakYCY-i_udS6LtCDTi9Gg,,0,,False,,,,unclassified_missing_dates,False,True,True,True,False,False
UCpcB58c-lvsG4kKyLUz458w,,0,,False,,,,unclassified_missing_dates,False,True,True,True,False,False
UCpcGydYQS_hEt-bDqgelUeQ,,0,,False,,,,unclassified_missing_dates,False,True,True,True,False,False
UCpciPE54B3ouuwThhadPtbw,,0,,False,,,,unclassified_missing_dates,False,True,True,True,False,False
UCpcvKMQQHCE_hwJpph_Zdwg,,0,,False,,,,unclassified_missing_dates,False,True,True,True,False,False
UCpd7GRugb9sbyiwPr1Y5AqQ,,0,,False,,,,unclassified_missing_dates,False,True,True,True,False,False
UCpdJDgN644yDgyWTU8sFeTQ,,0,,False,,,,unclassified_missing_dates,False,True,True,True,False,False
UCpeDNaBiF4iWJTaM7Sj7e4w,,0,,False,,,,unclassified_missing_dates,False,True,True,True,False,False
UCpeVFk_OcRSvWcTG21pCuHw,,0,,False,,,,unclassified_missing_dates,False,True,True,True,False,False
UCpf7SnQ8IXSCw9-Vi5uh-PA,,0,,False,,2023-10-17T15:44:16Z,,unclassified_missing_dates,False,True,False,True,False,False
UCpf7ymJxtbatXZRWMmj3NFQ,,0,,False,,,,unclassified_missing_dates,False,True,True,True,False,False
UCpfRta1_CszIC-uTwkpYTxQ,,0,,False,,,,unclassified_missing_dates,False,True,True,True,False,False
UCpf_ZoAWaMowERiL99G34-Q,,0,,False,,,,unclassified_missing_dates,False,True,True,True,False,False
UCpgJlJkKeBHGnkm8od6jtzw,,0,,False,,,,unclassified_missing_dates,False,True,True,True,False,False
UCpgU2mHGe8BvgpP31onUcSQ,,0,,False,,,,unclassified_missing_dates,False,True,True,True,False,False
UCpgiPE8nYTM9LUlUoTzW4HA,,0,,False,,,,unclassified_missing_dates,False,True,True,True,False,False
UCpgxmlXoDtkYzRQ4cJgCT5A,,0,,False,,,,unclassified_missing_dates,False,True,True,True,False,False
UCph23Zjflh5fbl8XL9Js35w,,0,,False,,,,unclassified_missing_dates,False,True,True,True,False,False
UCpi_jv70749NkAmkdugyiPQ,,0,,False,,2023-10-12T08:38:49Z,,unclassified_missing_dates,False,True,False,True,False,False
UCpjQH4ACtaxUrY1AzBVIXsg,,0,,False,,,,unclassified_missing_dates,False,True,True,True,False,False
UCpnC0xg_neVodo-9yLxhElQ,,0,,False,,,,unclassified_missing_dates,False,True,True,True,False,False
UCpn_8rwvabk3qqTsKvQCDuA,,0,,False,,,,unclassified_missing_dates,False,True,True,True,False,False
UCpo6FEVQwbelhN2Mp0i5EpA,,0,,False,,,,unclassified_missing_dates,False,True,True,True,False,False
UCpoGWN2qix-9M-u2mAwCugA,,0,,False,,,,unclassified_missing_dates,False,True,True,True,False,False
UCpouUGlV6e6BWc0iGJUxebA,,0,,False,,,,unclassified_missing_dates,False,True,True,True,False,False
UCpoxUpz5j_SZ2rFn7dtPnmg,,0,,False,,,,unclassified_missing_dates,False,True,True,True,False,False
UCppK4ysRmCPxI98I4s5QvTQ,,0,,False,,,,unclassified_missing_dates,False,True,True,True,False,False
UCppNO7wEF8jODy0EX9j4EBA,,0,,False,,,,unclassified_missing_dates,False,True,True,True,False,False
UCppV2FlRNmkEjjo9hoZUw5A,,0,,False,,,,unclassified_missing_dates,False,True,True,True,False,False
UCppq75nKllU4JxAga1fzn2Q,,0,,False,,,,unclassified_missing_dates,False,True,True,True,False,False
UCpqI1JgbKVYm5Iru5sqtGag,,0,,False,,,,unclassified_missing_dates,False,True,True,True,False,False
UCpqU-Zcb9Ayy5AiYbb-6BHw,,0,,False,,,,unclassified_missing_dates,False,True,True,True,False,False
UCpqvuECBmRxwlQoWYC-nbGQ,,0,,False,,2023-11-25T16:04:50Z,,unclassified_missing_dates,False,True,False,True,False,False
UCprEv6NBQ68NCE7AYXqasHw,,0,,False,,,,unclassified_missing_dates,False,True,True,True,False,False
UCprfIsXsAO-MXECP6oZ_PWw,,0,,False,,,,unclassified_missing_dates,False,True,True,True,False,False
UCpthSw9utGLcG1o_f89u-7A,,0,,False,,,,unclassified_missing_dates,False,True,True,True,False,False
UCputq_R1le7EITsgNQFYEKA,,0,,False,,,,unclassified_missing_dates,False,True,True,True,False,False
UCpvN6CCOPHvsYmRVw4Z1cQQ,,0,,False,,,,unclassified_missing_dates,False,True,True,True,False,False
UCpwBXP1V9VyCZNhgrLkEbEg,,0,,False,,2023-11-27T09:00:53Z,,unclassified_missing_dates,False,True,False,True,False,False
UCpxZT5FnYWUE0wE284hxJOA,,0,,False,,,,unclassified_missing_dates,False,True,True,True,False,False
UCpxasPzuoxh1_8ULGs6i6KA,,0,,False,,,,unclassified_missing_dates,False,True,True,True,False,False
UCpxiDxc5BF5K_Dl9rgnK9pw,,0,,False,,,,unclassified_missing_dates,False,True,True,True,False,False
UCpyBF2I4ND6A3CqsuzUcKHQ,,0,,False,,,,unclassified_missing_dates,False,True,True,True,False,False
UCpz9nYuMp6TfPxKw2IJSuQw,,0,,False,,,,unclassified_missing_dates,False,True,True,True,False,False
UCpzpqognoZ-6bW7Nkq30fpQ,,0,,False,,,,unclassified_missing_dates,False,True,True,True,False,False
UCq00C7mYJ84qlKS6AVY0OpQ,,0,,False,,,,unclassified_missing_dates,False,True,True,True,False,False
UCq0OcpKtYlj9j9VeadQqOpg,,0,,False,,,,unclassified_missing_dates,False,True,True,True,False,False
UCq0bqvI7Jxx06bMeKjRwtQQ,,0,,False,,,,unclassified_missing_dates,False,True,True,True,False,False
UCq19Gm5nvzq0LUwMFQZ803A,,0,,False,,,,unclassified_missing_dates,False,True,True,True,False,False
UCq1LM8yogXCPy4DmEz9NTZA,,0,,False,,,,unclassified_missing_dates,False,True,True,True,False,False
UCq1TFbV-0bsv5IWYIcXRuIA,,0,,False,,,,unclassified_missing_dates,False,True,True,True,False,False
UCq1XC5YgmrtzfGtIVCdrLMw,,0,,False,,,,unclassified_missing_dates,False,True,True,True,False,False
UCq1flpjfUS8mTOLaRWMMM2g,,0,,False,,,,unclassified_missing_dates,False,True,True,True,False,False
UCq2NfmU58QfM_76v0AFDAaw,,0,,False,,,,unclassified_missing_dates,False,True,True,True,False,False
UCq2vZcUOqy4DPer8I17iW4A,,0,,False,,,,unclassified_missing_dates,False,True,True,True,False,False
UCq2xh5ABRHwNtrBTkaoLzng,,0,,False,,,,unclassified_missing_dates,False,True,True,True,False,False
UCq3QF7midR4HvJruzI7PxSg,,0,,False,,,,unclassified_missing_dates,False,True,True,True,False,False
UCq3RdDnX0B-CpDhWGfQTIQg,,0,,False,,,,unclassified_missing_dates,False,True,True,True,False,False
UCq489m7XQO3ycYOZq2FayBQ,,0,,False,,,,unclassified_missing_dates,False,True,True,True,False,False
UCq4p2xH2BJhIIPnxdy_MTfA,,0,,False,,2023-10-16T15:11:05Z,,unclassified_missing_dates,False,True,False,True,False,False
UCq4redrB1ZPj0iI3DsAh9Tw,,0,,False,,,,unclassified_missing_dates,False,True,True,True,False,False
UCq68_Tztx-ciuDJJLeDRN6Q,,0,,False,,,,unclassified_missing_dates,False,True,True,True,False,False
UCq6HWIBAboO11dgVyQCyL6A,,0,,False,,,,unclassified_missing_dates,False,True,True,True,False,False
UCq6W_AVhD1VaZ3LJev6thHA,,0,,False,,,,unclassified_missing_dates,False,True,True,True,False,False
UCq7Wn5G6Wz4LIQFGDVNs_Eg,,0,,False,,,,unclassified_missing_dates,False,True,True,True,False,False
UCq7f1_ijP988C-EsV_jSKqg,,0,,False,,,,unclassified_missing_dates,False,True,True,True,False,False
UCq7p-Fbc88hCegJCk6kfYyQ,,0,,False,,,,unclassified_missing_dates,False,True,True,True,False,False
UCq8ThoiTGOq143QYYfwMl5w,,0,,False,,,,unclassified_missing_dates,False,True,True,True,False,False
UCq8v5mmIzVv-2DW2AC1sO-A,,0,,False,,,,unclassified_missing_dates,False,True,True,True,False,False
UCq9AQTKlUwBQ_0-kFLSsoFg,,0,,False,,,,unclassified_missing_dates,False,True,True,True,False,False
UCq9D04qXTVkTa03sYOpI4fw,,0,,False,,,,unclassified_missing_dates,False,True,True,True,False,False
UCq9MvdqSZCrKWlghjOKppJw,,0,,False,,,,unclassified_missing_dates,False,True,True,True,False,False
UCq9Rnudm96qDIw9XJxqJ18g,,0,,False,,,,unclassified_missing_dates,False,True,True,True,False,False
UCqAIyHfLNj1jnltduRDgv_Q,,0,,False,,,,unclassified_missing_dates,False,True,True,True,False,False
UCqCVEJoKkfsyrKBaJCWV9Zw,,0,,False,,,,unclassified_missing_dates,False,True,True,True,False,False
UCqD1HMktQf0fXZbcZeziTOw,,0,,False,,,,unclassified_missing_dates,False,True,True,True,False,False
UCqD3OnFZJmKxXPhM-ScDK4w,,0,,False,,,,unclassified_missing_dates,False,True,True,True,False,False
UCqD6g9CQ6_qqYwTJUvnyHow,,0,,False,,,,unclassified_missing_dates,False,True,True,True,False,False
UCqDFVPCWdEXXKDvVdTceZ-g,,0,,False,,,,unclassified_missing_dates,False,True,True,True,False,False
UCqDJwkNvXQRJ-lRqeUUSOPQ,,0,,False,,,,unclassified_missing_dates,False,True,True,True,False,False
UCqDSCcfszVHvJQMMXLc2a7A,,0,,False,,,,unclassified_missing_dates,False,True,True,True,False,False
UCqDTUHZNmxqcgGQi_MzCAgA,,0,,False,,,,unclassified_missing_dates,False,True,True,True,False,False
UCqDyNPHR-s3lnaCOo_WIf7A,,0,,False,,,,unclassified_missing_dates,False,True,True,True,False,False
UCqG-KUqhF-aHMYWIa_Z5CWw,,0,,False,,,,unclassified_missing_dates,False,True,True,True,False,False
UCqG8wn4G3BWXBpqP6Owq_aQ,,0,,False,,,,unclassified_missing_dates,False,True,True,True,False,False
UCqGPwgE8eDSid4kyJMYlkLw,,0,,False,,,,unclassified_missing_dates,False,True,True,True,False,False
UCqGgpjpsEO1J-2NDFJqWdrg,,0,,False,,,,unclassified_missing_dates,False,True,True,True,False,False
UCqGtSh3uZQzcd1MFijtLpiA,,0,,False,,,,unclassified_missing_dates,False,True,True,True,False,False
UCqIAPMIoNk-06y_WnwqhZcQ,,0,,False,,,,unclassified_missing_dates,False,True,True,True,False,False
UCqIUs3ZPz5wHaRVKGSB8ZRQ,,0,,False,,,,unclassified_missing_dates,False,True,True,True,False,False
UCqIgtDijqwT1tMSdDmnuOcw,,0,,False,,,,unclassified_missing_dates,False,True,True,True,False,False
UCqInmtl_DP8MizNOti0Ezww,,0,,False,,,,unclassified_missing_dates,False,True,True,True,False,False
UCqItgDUUug-qhhpc0pfLkDg,,0,,False,,,,unclassified_missing_dates,False,True,True,True,False,False
UCqIuSHOoxDL1TTQcS46bC6w,,0,,False,,,,unclassified_missing_dates,False,True,True,True,False,False
UCqIw1_htF3BevXxrF4vx77w,,0,,False,,,,unclassified_missing_dates,False,True,True,True,False,False
UCqJL4m3v4A3RQfm01IPT_aA,,0,,False,,,,unclassified_missing_dates,False,True,True,True,False,False
UCqJW-UZLfIiGpibA9382mKg,,0,,False,,,,unclassified_missing_dates,False,True,True,True,False,False
UCqJlj0c9siEBPV446kT4AzA,,0,,False,,,,unclassified_missing_dates,False,True,True,True,False,False
UCqKKIHUxT7xotUymoElfr3w,,0,,False,,,,unclassified_missing_dates,False,True,True,True,False,False
UCqKp3ovKXF9NlQW582dZR8g,,0,,False,,,,unclassified_missing_dates,False,True,True,True,False,False
UCqLHeezEdQibFcRzzjh3cVw,,0,,False,,,,unclassified_missing_dates,False,True,True,True,False,False
UCqLMnpElfHWt1zZzbyYbrBQ,,0,,False,,,,unclassified_missing_dates,False,True,True,True,False,False
UCqLRb3x-DfG_VeSRaKgBUlA,,0,,False,,,,unclassified_missing_dates,False,True,True,True,False,False
UCqLqAZd6RsE7S76v7lzpS_g,,0,,False,,,,unclassified_missing_dates,False,True,True,True,False,False
UCqLsVWpzDK5KilT9fPlpvFQ,,0,,False,,,,unclassified_missing_dates,False,True,True,True,False,False
UCqM3jUCVfd02WNgelCu6ijQ,,0,,False,,2022-03-15T22:55:55Z,,unclassified_missing_dates,False,True,False,True,False,False
UCqNoTcoz9GvhUpizUFdioAg,,0,,False,,,,unclassified_missing_dates,False,True,True,True,False,False
UCqOZQwl5yuPNXwTIeHjTEiA,,0,,False,,,,unclassified_missing_dates,False,True,True,True,False,False
UCqOhxIpYxOC1tkm_NYM7lCw,,0,,False,,,,unclassified_missing_dates,False,True,True,True,False,False
UCqP95FFUjkOKrOHlnotNTrA,,0,,False,,,,unclassified_missing_dates,False,True,True,True,False,False
UCqPcGPe_6kA4nBWO25ORoyA,,0,,False,,2023-11-08T22:35:03Z,,unclassified_missing_dates,False,True,False,True,False,False
UCqPde1D_CPVGpBgiQ_3QKLg,,0,,False,,,,unclassified_missing_dates,False,True,True,True,False,False
UCqRmLCGCDV_WbhvEolMXjHg,,0,,False,,,,unclassified_missing_dates,False,True,True,True,False,False
UCqT0wqXHUNdooPEo-LpfEDQ,,0,,False,,,,unclassified_missing_dates,False,True,True,True,False,False
UCqTDgI-yz8Glr4tgnp9uBBQ,,0,,False,,,,unclassified_missing_dates,False,True,True,True,False,False
UCqTIsbpGvRqO4vLsG4byy8w,,0,,False,,,,unclassified_missing_dates,False,True,True,True,False,False
UCqTgk3_CU61MDHdERLdJnuQ,,0,,False,,,,unclassified_missing_dates,False,True,True,True,False,False
UCqTrxj30bGQHy9fk26wSJpw,,0,,False,,,,unclassified_missing_dates,False,True,True,True,False,False
UCqTtXDgexWEiMeVH2P7XRBA,,0,,False,,,,unclassified_missing_dates,False,True,True,True,False,False
UCqVVVKu4uXlVYNA3dKCRseg,,0,,False,,,,unclassified_missing_dates,False,True,True,True,False,False
UCqVctRfOyBkmhktbnnOXbTA,,0,,False,,,,unclassified_missing_dates,False,True,True,True,False,False
UCqW9L0kx40sC6Ets9-rEkWQ,,0,,False,,,,unclassified_missing_dates,False,True,True,True,False,False
UCqWWIdag_jsUcr1g78QA-OA,,0,,False,,,,unclassified_missing_dates,False,True,True,True,False,False
UCqWWo9-4wfI5_aB3pVEcyTA,,0,,False,,,,unclassified_missing_dates,False,True,True,True,False,False
UCqWYZhfQVllbjeQQygWGzSA,,0,,False,,,,unclassified_missing_dates,False,True,True,True,False,False
UCqWkVlvxx6HP3-h5VDhsxCA,,0,,False,,,,unclassified_missing_dates,False,True,True,True,False,False
UCqWsSQE4OjF3t4Mh3vy0pXA,,0,,False,,,,unclassified_missing_dates,False,True,True,True,False,False
UCqXgAzAWf4sLnnGtgZ9DwSw,,0,,False,,,,unclassified_missing_dates,False,True,True,True,False,False
UCqXtIZgPEoxkINUbCob-nHA,,0,,False,,,,unclassified_missing_dates,False,True,True,True,False,False
UCqZCA1Qv-84SwARl8Ffoj_g,,0,,False,,2023-10-09T03:05:42Z,2023-10-09T03:05:42Z,first_active_after_reference,False,True,False,False,False,False
UCqZtBk5VbA5K89I8O7U91gw,,0,,False,,,,unclassified_missing_dates,False,True,True,True,False,False
UCq_Ej20JdJN6hNMccV7dhyA,,0,,False,,,,unclassified_missing_dates,False,True,True,True,False,False
UCq_H6mq7r9O86MQNWtbB_rw,,0,,False,,,,unclassified_missing_dates,False,True,True,True,False,False
UCqaGnuGubOEJqTiQoMjFvuw,,0,,False,,,,unclassified_missing_dates,False,True,True,True,False,False
UCqaVsYBAegQk9ORibSLOGbg,,0,,False,,,,unclassified_missing_dates,False,True,True,True,False,False
UCqcejAssPglJfyggPzU9m2Q,,0,,False,,,,unclassified_missing_dates,False,True,True,True,False,False
UCqdCeUn1zJOD9JCEpQNjBWw,,0,,False,,,,unclassified_missing_dates,False,True,True,True,False,False
UCqdG30T3uMYhiqA3Py3KhmQ,,0,,False,,2023-12-27T04:51:58Z,,unclassified_missing_dates,False,True,False,True,False,False
UCqfClXLsdvNoZ-8Jpe-UhSw,,0,,False,,,,unclassified_missing_dates,False,True,True,True,False,False
UCqg-sTF8c5O2kpEMcnvxvXg,,0,,False,,,,unclassified_missing_dates,False,True,True,True,False,False
UCqh7xCHdajvIw3eBNH1DcXA,,0,,False,,,,unclassified_missing_dates,False,True,True,True,False,False
UCqhUJp9rCgcpZg3TsTxBGsA,,0,,False,,,,unclassified_missing_dates,False,True,True,True,False,False
UCqhmQF6Wq8BGxDsA7epGULA,,0,,False,,,,unclassified_missing_dates,False,True,True,True,False,False
UCqi-gGOn6KyE2a2dVXnYS-A,,0,,False,,2023-11-17T17:00:33Z,,unclassified_missing_dates,False,True,False,True,False,False
UCqiGSzJNH-AG87tslKrhNBA,,0,,False,,,,unclassified_missing_dates,False,True,True,True,False,False
UCqiLoWt87go5nbptYPrhlkg,,0,,False,,,,unclassified_missing_dates,False,True,True,True,False,False
UCqjR3Oj0UP14rrdqZEMviAw,,0,,False,,,,unclassified_missing_dates,False,True,True,True,False,False
UCqj_abnZSjdmz7X0o71KjMQ,,0,,False,,2023-11-25T19:11:38Z,,unclassified_missing_dates,False,True,False,True,False,False
UCqjdfMWFnF0hC9uA5Gy4Y1g,,0,,False,,,,unclassified_missing_dates,False,True,True,True,False,False
UCqk3PlRDCtAcX4zE4Yfpx5w,,0,,False,,,,unclassified_missing_dates,False,True,True,True,False,False
UCqkOJN4vBBAMv27coSVctWQ,,0,,False,,,,unclassified_missing_dates,False,True,True,True,False,False
UCqkV5rndY1eCtei_EFT99MA,,0,,False,,,,unclassified_missing_dates,False,True,True,True,False,False
UCqkddI4aiAh51K9I9ihzleg,,0,,False,,,,unclassified_missing_dates,False,True,True,True,False,False
UCqlCCJjBAvDetlvYAf6fe6A,,0,,False,,,,unclassified_missing_dates,False,True,True,True,False,False
UCqlNSceUkOXSi_uo1dkmqeg,,0,,False,,,,unclassified_missing_dates,False,True,True,True,False,False
UCqlaaeTYKjGBAZhmvD0klBA,,0,,False,,,,unclassified_missing_dates,False,True,True,True,False,False
UCqlxBVDxO13quv6akkjgR0w,,0,,False,,,,unclassified_missing_dates,False,True,True,True,False,False
UCqmTmrQmHR-vGTqHQcThWIw,,0,,False,,,,unclassified_missing_dates,False,True,True,True,False,False
UCqm_HA3cfKrfODLGOgr2IKg,,0,,False,,,,unclassified_missing_dates,False,True,True,True,False,False
UCqmz8yiHfg804wBAggQa5iA,,0,,False,,,,unclassified_missing_dates,False,True,True,True,False,False
UCqnbD5lzWaDqvPMQiYwxhfA,,0,,False,,,,unclassified_missing_dates,False,True,True,True,False,False
UCqncVezWs7sWok1bFR7zAsg,,0,,False,,,,unclassified_missing_dates,False,True,True,True,False,False
UCqnnI387k_EyS7EzTBftFow,,0,,False,,,,unclassified_missing_dates,False,True,True,True,False,False
UCqnssCbsfmNcSq0KZC9XYaQ,,0,,False,,,,unclassified_missing_dates,False,True,True,True,False,False
UCqogPpQR85DBtka-Uj-oPhw,,0,,False,,,,unclassified_missing_dates,False,True,True,True,False,False
UCqogqzDAXf6GnwahQMOmMRw,,0,,False,,,,unclassified_missing_dates,False,True,True,True,False,False
UCqq7sN7c9MzAZzrlt-shBqQ,,0,,False,,,,unclassified_missing_dates,False,True,True,True,False,False
UCqrJM4_XCiLrhsDcBdyTdFA,,0,,False,,,,unclassified_missing_dates,False,True,True,True,False,False
UCqrS_0qSRE0ESLuG90PP74Q,,0,,False,,2023-10-20T19:47:51Z,,unclassified_missing_dates,False,True,False,True,False,False
UCqsfwjZSV3C1HIDmbzL_-Zg,,0,,False,,,,unclassified_missing_dates,False,True,True,True,False,False
UCqtpDIJNcZLGb_s9fX4yvzg,,0,,False,,,,unclassified_missing_dates,False,True,True,True,False,False
UCqvV5I3bMCwCc0HcZ-8mNRQ,,0,,False,,,,unclassified_missing_dates,False,True,True,True,False,False
UCqwQ_mpJzOg-abk1nQMNOTQ,,0,,False,,,,unclassified_missing_dates,False,True,True,True,False,False
UCqwbiWXThfjQNbOFGXCfyBw,,0,,False,,,,unclassified_missing_dates,False,True,True,True,False,False
UCqwf-lRMIoUnVyIa1spNJwg,,0,,False,,,,unclassified_missing_dates,False,True,True,True,False,False
UCqwn_sJD4b_n2l6Iz7GRvbg,,0,,False,,,,unclassified_missing_dates,False,True,True,True,False,False
UCqx5xnKfnvKrRR5mEpCARXQ,,0,,False,,,,unclassified_missing_dates,False,True,True,True,False,False
UCqx7TtdTCVqRW1lCvg02qwQ,,0,,False,,,,unclassified_missing_dates,False,True,True,True,False,False
UCqxDBwxXNU6xBwxcEe2Jfzg,,0,,False,,,,unclassified_missing_dates,False,True,True,True,False,False
UCqxTx9LUQ2-URentDkneZHQ,,0,,False,,,,unclassified_missing_dates,False,True,True,True,False,False
UCqy2qvY-hyJL3DfutS8Grxg,,0,,False,,,,unclassified_missing_dates,False,True,True,True,False,False
UCqyaGv4gjzsSs67ME4aSKAA,,0,,False,,,,unclassified_missing_dates,False,True,True,True,False,False
UCqz1yq_0xkVRo0kjEfGRklQ,,0,,False,,,,unclassified_missing_dates,False,True,True,True,False,False
UCr-0FoUTjeDAeAam2kCWhjA,,0,,False,,,,unclassified_missing_dates,False,True,True,True,False,False
UCr-JRSHxjyvEJj3qk9L6ssQ,,0,,False,,,,unclassified_missing_dates,False,True,True,True,False,False
UCr-UG33AmnF55xy53teYC1w,,0,,False,,,,unclassified_missing_dates,False,True,True,True,False,False
UCr01liDXqMvdceLxKcgterA,,0,,False,,,,unclassified_missing_dates,False,True,True,True,False,False
UCr0ZFI24ny-MwSuviR6ai3w,,0,,False,,,,unclassified_missing_dates,False,True,True,True,False,False
UCr0bmXAWYAIy4YxO8UEkuyA,,0,,False,,,,unclassified_missing_dates,False,True,True,True,False,False
UCr1bgqPVJqOGxPwnHWe7i2Q,,0,,False,,,,unclassified_missing_dates,False,True,True,True,False,False
UCr1boJAlkgi0aWj-djXw0VQ,,0,,False,,,,unclassified_missing_dates,False,True,True,True,False,False
UCr1fWMuT62XQAYNwpogOjKw,,0,,False,,,,unclassified_missing_dates,False,True,True,True,False,False
UCr1l_VQSrFzev5bUcWgaf1g,,0,,False,,,,unclassified_missing_dates,False,True,True,True,False,False
UCr23AB_CFMXUGiOGkRu1yVw,,0,,False,,,,unclassified_missing_dates,False,True,True,True,False,False
UCr2Qr-IP9YWCu8zlWfaenJA,,0,,False,,,,unclassified_missing_dates,False,True,True,True,False,False
UCr2YHqFCcb5PwER1IJssXDg,,0,,False,,,,unclassified_missing_dates,False,True,True,True,False,False
UCr3IUDoGvE32YuMu-D1UY5g,,0,,False,,,,unclassified_missing_dates,False,True,True,True,False,False
UCr3LVdbgOcW4NZEpo0VHnxw,,0,,False,,,,unclassified_missing_dates,False,True,True,True,False,False
UCr3UBGJxbh3qariJ-KAxWFg,,0,,False,,,,unclassified_missing_dates,False,True,True,True,False,False
UCr4kgAUTFkGIwlWSodg43QA,,0,,False,,,,unclassified_missing_dates,False,True,True,True,False,False
UCr4mDg4JLB0AM1XbXrEdz6Q,,0,,False,,,,unclassified_missing_dates,False,True,True,True,False,False
UCr4uew7UqmcATVYii_P3Kfw,,0,,False,,,,unclassified_missing_dates,False,True,True,True,False,False
UCr4xXJbQ4um14UFSNNT7Nqw,,0,,False,,,,unclassified_missing_dates,False,True,True,True,False,False
UCr5OqdkWdfwN7EZZFTrkCEg,,0,,False,,,,unclassified_missing_dates,False,True,True,True,False,False
UCr5yTuS8gy4nAnY_pmiXk_w,,0,,False,,,,unclassified_missing_dates,False,True,True,True,False,False
UCr67dBBj1HRqQWvcybNrR2w,,0,,False,,,,unclassified_missing_dates,False,True,True,True,False,False
UCr6XQcXJF0VMi4ge0WBaGzA,,0,,False,,,,unclassified_missing_dates,False,True,True,True,False,False
UCr6xfxO3rHD_1aYFsm20qpg,,0,,False,,,,unclassified_missing_dates,False,True,True,True,False,False
UCr7iMkQII4lZGhRYC7FCQcw,,0,,False,,,,unclassified_missing_dates,False,True,True,True,False,False
UCr85SbHVJydkcsXnt6kX2dg,,0,,False,,,,unclassified_missing_dates,False,True,True,True,False,False
UCr8SSAbn6lGIQEUrsPJHC1Q,,0,,False,,,,unclassified_missing_dates,False,True,True,True,False,False
UCr9AOwuKnve_RIOFS--fZSQ,,0,,False,,2023-12-14T15:00:49Z,2023-12-14T15:00:49Z,first_active_after_reference,False,True,False,False,False,False
UCr9a5rL1Cg-DfMEayF722yQ,,0,,False,,,,unclassified_missing_dates,False,True,True,True,False,False
UCrA5WWNH70ITq1Nud5Wk8UA,,0,,False,,2023-10-19T13:10:23Z,2023-10-19T13:10:23Z,first_active_after_reference,False,True,False,False,False,False
UCrA6i1FGzXa4LHn7PGKrQEg,,0,,False,,,,unclassified_missing_dates,False,True,True,True,False,False
UCrAeQpZ5q2Sj7xA9Gh12xEg,,0,,False,,2023-12-15T12:31:03Z,2023-12-15T12:31:03Z,first_active_after_reference,False,True,False,False,False,False
UCrBdDVcG9RKmUXXmWU62R8g,,0,,False,,,,unclassified_missing_dates,False,True,True,True,False,False
UCrC-BBTjUd4I_Tf2fBkj3XQ,,0,,False,,,,unclassified_missing_dates,False,True,True,True,False,False
UCrC7MnlhL5R6sCAvnjW_LIA,,0,,False,,,,unclassified_missing_dates,False,True,True,True,False,False
UCrDMqgRBFvCe_moMpnJJCuA,,0,,False,,,,unclassified_missing_dates,False,True,True,True,False,False
UCrDPVB8EJ2-T18y23PQsomA,,0,,False,,,,unclassified_missing_dates,False,True,True,True,False,False
UCrDsJWj0tRZrJwYU_28xRlg,,0,,False,,,,unclassified_missing_dates,False,True,True,True,False,False
UCrEQa_4ja0dtGIQduC-JXBA,,0,,False,,,,unclassified_missing_dates,False,True,True,True,False,False
UCrF8EuX-cKNwQsXXZE7gK_Q,,0,,False,,,,unclassified_missing_dates,False,True,True,True,False,False
UCrFcBR6yrMpkOEarUB9ZMdg,,0,,False,,,,unclassified_missing_dates,False,True,True,True,False,False
UCrHn4uDn4qA1O3O-hKnlndg,,0,,False,,,,unclassified_missing_dates,False,True,True,True,False,False
UCrJ1LenqccHhRVenjuTwNCA,,0,,False,,,,unclassified_missing_dates,False,True,True,True,False,False
UCrK88fwOguxBwJR2xjlMz9w,,0,,False,,,,unclassified_missing_dates,False,True,True,True,False,False
UCrKPdGxmI8oMmgXURSRStYg,,0,,False,,,,unclassified_missing_dates,False,True,True,True,False,False
UCrKpimSo9TFlvd9AVXCYKhA,,0,,False,,,,unclassified_missing_dates,False,True,True,True,False,False
UCrL2s8ReJuMy-PrhJwael-Q,,0,,False,,,,unclassified_missing_dates,False,True,True,True,False,False
UCrM5eWbnubPv2A7iYefmEDg,,0,,False,,,,unclassified_missing_dates,False,True,True,True,False,False
UCrM8fVs4ZmQyyiQxAZXd9jg,,0,,False,,,,unclassified_missing_dates,False,True,True,True,False,False
UCrMJyBQwnDjmdNRZmjD24cQ,,0,,False,,2023-10-23T16:18:09Z,2023-10-23T16:18:09Z,first_active_after_reference,False,True,False,False,False,False
UCrMRdjWUyncItaVWuCOJy_A,,0,,False,,,,unclassified_missing_dates,False,True,True,True,False,False
UCrNc78Y4LSee7ffOuaujYvA,,0,,False,,,,unclassified_missing_dates,False,True,True,True,False,False
UCrNfPtyWxUbjhgzQdwlsxIg,,0,,False,,,,unclassified_missing_dates,False,True,True,True,False,False
UCrNh8COtIEpycFAyDQXyE2w,,0,,False,,,,unclassified_missing_dates,False,True,True,True,False,False
UCrNqhB_7HN8Xg_0incDWcVQ,,0,,False,,2023-10-08T12:50:08Z,,unclassified_missing_dates,False,True,False,True,False,False
UCrOoevfkFQ4NQY1k0onIryw,,0,,False,,,,unclassified_missing_dates,False,True,True,True,False,False
UCrPU-nK4X9cHDsS8-X_ag7Q,,0,,False,,,,unclassified_missing_dates,False,True,True,True,False,False
UCrPr3lxRsH_k-Fgz8NRSa9Q,,0,,False,,,,unclassified_missing_dates,False,True,True,True,False,False
UCrPupuIYngFCMQ6NM1GqVCQ,,0,,False,,,,unclassified_missing_dates,False,True,True,True,False,False
UCrQCutWhY0eJNmARDwkoQgQ,,0,,False,,,,unclassified_missing_dates,False,True,True,True,False,False
UCrQDAMFyiSKHK57Oj3QKNeQ,,0,,False,,,,unclassified_missing_dates,False,True,True,True,False,False
UCrQNokOSYGiEvxMylr_uLkQ,,0,,False,,,,unclassified_missing_dates,False,True,True,True,False,False
UCrQfSkMUssRJYgM48-WGdRQ,,0,,False,,,,unclassified_missing_dates,False,True,True,True,False,False
UCrQmoEcloydQhilmgnR0-HQ,,0,,False,,,,unclassified_missing_dates,False,True,True,True,False,False
UCrQrjnSa6m9I6gRDFW1Rn3g,,0,,False,,,,unclassified_missing_dates,False,True,True,True,False,False
UCrRAuco_wJx0IvQlYE0P4ng,,0,,False,,,,unclassified_missing_dates,False,True,True,True,False,False
UCrRaRBee8Fm3uFuW0EbXLow,,0,,False,,,,unclassified_missing_dates,False,True,True,True,False,False
UCrRk2h-AgjHQj4NA7-BhufA,,0,,False,,,,unclassified_missing_dates,False,True,True,True,False,False
UCrRpJrz0EfCDlFKuYNq9vFA,,0,,False,,,,unclassified_missing_dates,False,True,True,True,False,False
UCrS7VFev86rVDAv1wZJGVxg,,0,,False,,,,unclassified_missing_dates,False,True,True,True,False,False
UCrSQvtQe0X6e6QTx8HaWcEw,,0,,False,,,,unclassified_missing_dates,False,True,True,True,False,False
UCrTA4wbB54CyF3g1Qhz4WlA,,0,,False,,2023-11-24T19:13:08Z,,unclassified_missing_dates,False,True,False,True,False,False
UCrTB-waPhO8Hzk88LIK8RHQ,,0,,False,,,,unclassified_missing_dates,False,True,True,True,False,False
UCrVC0K8BkUf5kcZpaJVOWhw,,0,,False,,,,unclassified_missing_dates,False,True,True,True,False,False
UCrW6Uq3O7E4xV3zSMvOuj9w,,0,,False,,,,unclassified_missing_dates,False,True,True,True,False,False
UCrWWXJhq3JcK_aVHTeEZK2Q,,0,,False,,,,unclassified_missing_dates,False,True,True,True,False,False
UCrW_qfPLcAkCTcM7x09xGpQ,,0,,False,,,,unclassified_missing_dates,False,True,True,True,False,False
UCrWjK_A0eMHeun1oJh6rs2Q,,0,,False,,,,unclassified_missing_dates,False,True,True,True,False,False
UCrXAbDytuKMscb85Z5h-44g,,0,,False,,2023-12-29T22:47:46Z,2023-12-29T22:47:46Z,first_active_after_reference,False,True,False,False,False,False
UCrXy6RiujKobCY5RWNDxAPQ,,0,,False,,,,unclassified_missing_dates,False,True,True,True,False,False
UCrY0ENB9qyNuCF0ap6SLvjg,,0,,False,,,,unclassified_missing_dates,False,True,True,True,False,False
UCrYMmT-Tvqx7dhcKjDx_X4w,,0,,False,,,,unclassified_missing_dates,False,True,True,True,False,False
UCrYNjktCcPQFrJzQdsqIDAQ,,0,,False,,,,unclassified_missing_dates,False,True,True,True,False,False
UCrYs5bHc9d_QWgVhRf9rfFA,,0,,False,,2024-01-05T10:00:03Z,2024-01-05T10:00:03Z,first_active_after_reference,False,True,False,False,False,False
UCrZ_HUlo_YeyleqNj3hUZVw,,0,,False,,,,unclassified_missing_dates,False,True,True,True,False,False
UCrZkoybk1fIhb3_pwpD90pQ,,0,,False,,,,unclassified_missing_dates,False,True,True,True,False,False
UCrZw8xvVQTqV0EYVc8t1nWA,,0,,False,,,,unclassified_missing_dates,False,True,True,True,False,False
UCr_Jad1lULOVx-Sau06QfJQ,,0,,False,,,,unclassified_missing_dates,False,True,True,True,False,False
UCr_O9YiNo9fiJrxTqoP9P_Q,,0,,False,,,,unclassified_missing_dates,False,True,True,True,False,False
UCr_iZYjSNU2QEjMVJ0-K8NA,,0,,False,,,,unclassified_missing_dates,False,True,True,True,False,False
UCra05ls7YLmVk2Cf8KJ4mGQ,,0,,False,,,,unclassified_missing_dates,False,True,True,True,False,False
UCrapV6Z0JlM2qdxUEgq1gfQ,,0,,False,,,,unclassified_missing_dates,False,True,True,True,False,False
UCrcH4JqxAXweD5iaqrzEybQ,,0,,False,,,,unclassified_missing_dates,False,True,True,True,False,False
UCrcLtblM9r4zvWXilRaRrkQ,,0,,False,,,,unclassified_missing_dates,False,True,True,True,False,False
UCrccw0QSAdPT9Okv0ekuf6Q,,0,,False,,,,unclassified_missing_dates,False,True,True,True,False,False
UCrexsvaDnxRyrJXjtZgkaNQ,,0,,False,,,,unclassified_missing_dates,False,True,True,True,False,False
UCrf0ITL_N4_LUNMzifXXWsw,,0,,False,,,,unclassified_missing_dates,False,True,True,True,False,False
UCrfUVduA6D2va8oc4L9kw3w,,0,,False,,,,unclassified_missing_dates,False,True,True,True,False,False
UCrgi6QD2hn1NzgO4E-_qahg,,0,,False,,,,unclassified_missing_dates,False,True,True,True,False,False
UCrgvbkh5sUKwjPVP1Nb4leQ,,0,,False,,,,unclassified_missing_dates,False,True,True,True,False,False
UCrhLC0ozTP_e3hT6GUXwseg,,0,,False,,,,unclassified_missing_dates,False,True,True,True,False,False
UCrhOdWxeea0IF_H7jV4y7tQ,,0,,False,,,,unclassified_missing_dates,False,True,True,True,False,False
UCriOhH4DGfV61OjXoeSqs2g,,0,,False,,,,unclassified_missing_dates,False,True,True,True,False,False
UCrj7tliJTI0S6liEhfTSZVg,,0,,False,,,,unclassified_missing_dates,False,True,True,True,False,False
UCrjgFFciXzP_kSccflZy3GA,,0,,False,,,,unclassified_missing_dates,False,True,True,True,False,False
UCrjwD9dfPLHFNb7Kpe19qKQ,,0,,False,,,,unclassified_missing_dates,False,True,True,True,False,False
UCrlLfMV3w-9S5gy2FyFQ_Sg,,0,,False,,,,unclassified_missing_dates,False,True,True,True,False,False
UCrl_NOFgLLfNZLUzbqEARDA,,0,,False,,,,unclassified_missing_dates,False,True,True,True,False,False
UCrmbrh1oTtV9XaG4o-GLOng,,0,,False,,,,unclassified_missing_dates,False,True,True,True,False,False
UCromBXaeXQKHLRe65PmQo7g,,0,,False,,,,unclassified_missing_dates,False,True,True,True,False,False
UCromOFzEzws7P-aDgfmoj-w,,0,,False,,,,unclassified_missing_dates,False,True,True,True,False,False
UCrpT9tYnNWOuZAagbZKVADg,,0,,False,,,,unclassified_missing_dates,False,True,True,True,False,False
UCrqMAyOg9G13JUpgUIXhBNA,,0,,False,,,,unclassified_missing_dates,False,True,True,True,False,False
UCrqoJJDnJpxAhdsWc-nUq0Q,,0,,False,,,,unclassified_missing_dates,False,True,True,True,False,False
UCrr1p0HrS1ySOiskffeZiOA,,0,,False,,,,unclassified_missing_dates,False,True,True,True,False,False
UCrroBKt5-4LAjMoB9LiNHzQ,,0,,False,,,,unclassified_missing_dates,False,True,True,True,False,False
UCrrsM0bUjNMEWCJ-lFT8DqQ,,0,,False,,,,unclassified_missing_dates,False,True,True,True,False,False
UCrrynuNzOcaKEyHFkGeyoSQ,,0,,False,,,,unclassified_missing_dates,False,True,True,True,False,False
UCrrypzilsIzJkrcI3b45Zig,,0,,False,,,,unclassified_missing_dates,False,True,True,True,False,False
UCrstEH3BZLaPJx_t-j1ctsg,,0,,False,,,,unclassified_missing_dates,False,True,True,True,False,False
UCrt2ulnXmAySCKzKqFi0KVw,,0,,False,,,,unclassified_missing_dates,False,True,True,True,False,False
UCrunL1ETmMII1sIj-r5PnZw,,0,,False,,,,unclassified_missing_dates,False,True,True,True,False,False
UCrv4Jfw3JYSxNX8OG-JGwdA,,0,,False,,,,unclassified_missing_dates,False,True,True,True,False,False
UCrvG04V6wbOau6fVJI01OlQ,,0,,False,,,,unclassified_missing_dates,False,True,True,True,False,False
UCrw4qwnKuLA8xFDYOem0Vtw,,0,,False,,,,unclassified_missing_dates,False,True,True,True,False,False
UCrwh4uB-OtEcPUwHgW1EwhA,,0,,False,,,,unclassified_missing_dates,False,True,True,True,False,False
UCrxgTYc9LfvauHBD3Juc66g,,0,,False,,,,unclassified_missing_dates,False,True,True,True,False,False
UCryjhnSduZXWLgZSXBvGmCw,,0,,False,,,,unclassified_missing_dates,False,True,True,True,False,False
UCrykpjSq6gFFjmy7U3IVO6A,,0,,False,,,,unclassified_missing_dates,False,True,True,True,False,False
UCryyiEZT0kxUY0l6_9o7LpQ,,0,,False,,,,unclassified_missing_dates,False,True,True,True,False,False
UCs-BlGnTZVtoj22Iw5shneg,,0,,False,,,,unclassified_missing_dates,False,True,True,True,False,False
UCs0ZBqi1SgAEMpGmuUjg4SQ,,0,,False,,,,unclassified_missing_dates,False,True,True,True,False,False
UCs0_Lmqsh6E4t9Fu0I2DZMw,,0,,False,,,,unclassified_missing_dates,False,True,True,True,False,False
UCs0yXfTHNaIBRyrRmNcjtRQ,,0,,False,,,,unclassified_missing_dates,False,True,True,True,False,False
UCs2KPg9HSP0bM9ZPbyUzUxQ,,0,,False,,,,unclassified_missing_dates,False,True,True,True,False,False
UCs3FE7rbphCNH1aIocMlJWQ,,0,,False,,,,unclassified_missing_dates,False,True,True,True,False,False
UCs3Q9eOuaeQ6KmvyeU0XLwQ,,0,,False,,,,unclassified_missing_dates,False,True,True,True,False,False
UCs4D0ajDU7d9IjxSNzRGfXQ,,0,,False,,,,unclassified_missing_dates,False,True,True,True,False,False
UCs4PU_PfgQAtMuyI0yLMzZA,,0,,False,,,,unclassified_missing_dates,False,True,True,True,False,False
UCs4mew41Mj-b_p6rrJjcEdA,,0,,False,,,,unclassified_missing_dates,False,True,True,True,False,False
UCs530ZmS_rEcjQXMMUDz0-A,,0,,False,,,,unclassified_missing_dates,False,True,True,True,False,False
UCs5NYbSYmJpRGrJCUCDWpoQ,,0,,False,,2023-10-11T13:53:39Z,2023-10-11T13:53:39Z,first_active_after_reference,False,True,False,False,False,False
UCs7-i2J4syt16F-bmxVS3qQ,,0,,False,,,,unclassified_missing_dates,False,True,True,True,False,False
UCs70WT6DJJidho03nkG81Tg,,0,,False,,,,unclassified_missing_dates,False,True,True,True,False,False
UCs85HHvz56p-t0PETU2egSA,,0,,False,,,,unclassified_missing_dates,False,True,True,True,False,False
UCs9i9htdqGWPfSX1VdM4xpQ,,0,,False,,,,unclassified_missing_dates,False,True,True,True,False,False
UCs9vz4G0NiQXVnVUgvrjSeA,,0,,False,,2023-11-02T09:05:40Z,,unclassified_missing_dates,False,True,False,True,False,False
UCsAOg1ST1gaJEJ3UDSsBFkA,,0,,False,,2023-10-16T09:28:56Z,,unclassified_missing_dates,False,True,False,True,False,False
UCsBBiv-cnmkKkIy-ddTMCBQ,,0,,False,,,,unclassified_missing_dates,False,True,True,True,False,False
UCsBTWUBx4bIoYFlP5lW1_lA,,0,,False,,,,unclassified_missing_dates,False,True,True,True,False,False
UCsC4twIhZJuDzfThapawekw,,0,,False,,,,unclassified_missing_dates,False,True,True,True,False,False
UCsCET0KnXLYfykuHo_gn3-g,,0,,False,,2023-11-01T16:01:25Z,2023-11-22T11:10:14Z,first_active_after_reference,False,True,False,False,False,False
UCsCcprald4czEoatCpmgDCA,,0,,False,,,,unclassified_missing_dates,False,True,True,True,False,False
UCsD6-6IouMW1ce5NTUnm9IA,,0,,False,,,,unclassified_missing_dates,False,True,True,True,False,False
UCsDXZB1DYLUT9j-UhaJf1vA,,0,,False,,,,unclassified_missing_dates,False,True,True,True,False,False
UCsEk5--h9h-zAiMswKcOfnQ,,0,,False,,,,unclassified_missing_dates,False,True,True,True,False,False
UCsEpSf0l-Sce9ovAaA7hb9A,,0,,False,,,,unclassified_missing_dates,False,True,True,True,False,False
UCsFAv3eh_Eq5i6NDwUA5rag,,0,,False,,,,unclassified_missing_dates,False,True,True,True,False,False
UCsFseJ5-vdhyMZ3Vm8acSIQ,,0,,False,,,,unclassified_missing_dates,False,True,True,True,False,False
UCsGQzCUfMz3OKOVYal7I5jg,,0,,False,,,,unclassified_missing_dates,False,True,True,True,False,False
UCsGdF2Kz6Su-uq0MP2DKLOw,,0,,False,,,,unclassified_missing_dates,False,True,True,True,False,False
UCsHB1VuYfdpCK5g3UM4_jPA,,0,,False,,,,unclassified_missing_dates,False,True,True,True,False,False
UCsHJd6rNIF8N7-G0PIgRbbA,,0,,False,,,,unclassified_missing_dates,False,True,True,True,False,False
UCsHu7Uj2WWxyTmUwFGJstYA,,0,,False,,,,unclassified_missing_dates,False,True,True,True,False,False
UCsIcr-G7Qig67AWqbN5-8Rg,,0,,False,,,,unclassified_missing_dates,False,True,True,True,False,False
UCsJvGDWg_R3AWCypGGGmiTQ,,0,,False,,2023-11-21T10:17:33Z,2023-11-21T10:17:33Z,first_active_after_reference,False,True,False,False,False,False
UCsL3HVWxKjnSNnaeOROSoFg,,0,,False,,,,unclassified_missing_dates,False,True,True,True,False,False
UCsLVdCQev6KjMo3onp8VjZw,,0,,False,,,,unclassified_missing_dates,False,True,True,True,False,False
UCsLne6GOJURFX9r8CaLGl8A,,0,,False,,,,unclassified_missing_dates,False,True,True,True,False,False
UCsLz7KehBzUJ4qlAlq_mg6g,,0,,False,,,,unclassified_missing_dates,False,True,True,True,False,False
UCsMYFUD3zvw-YjTEPRtE4SA,,0,,False,,,,unclassified_missing_dates,False,True,True,True,False,False
UCsN3nVq-CtI9lReci1Zbl9g,,0,,False,,,,unclassified_missing_dates,False,True,True,True,False,False
UCsNdsFTTBj5jcRJSWeJ8-Xg,,0,,False,,,,unclassified_missing_dates,False,True,True,True,False,False
UCsP-mFuRce4TErXmqUKbNOw,,0,,False,,,,unclassified_missing_dates,False,True,True,True,False,False
UCsPefdHXI74iqgvaUo0L4bg,,0,,False,,,,unclassified_missing_dates,False,True,True,True,False,False
UCsPlFV7HDp3SFg474jDwXIw,,0,,False,,,,unclassified_missing_dates,False,True,True,True,False,False
UCsPn0VhYxueZONILzhJeskQ,,0,,False,,,,unclassified_missing_dates,False,True,True,True,False,False
UCsPyYJa-kAaQyJXGxm2n50g,,0,,False,,,,unclassified_missing_dates,False,True,True,True,False,False
UCsQVTlsBqD3rBjRkJJGYd3g,,0,,False,,,,unclassified_missing_dates,False,True,True,True,False,False
UCsRxfuDGCvXwnURa0Rh432Q,,0,,False,,,,unclassified_missing_dates,False,True,True,True,False,False
UCsSAUYEF57Oav_dQKR-Nj4A,,0,,False,,,,unclassified_missing_dates,False,True,True,True,False,False
UCsTF7bcbp1CV8midLmtfJrw,,0,,False,,,,unclassified_missing_dates,False,True,True,True,False,False
UCsTm7wB8Xl65NotPZpM-h3Q,,0,,False,,,,unclassified_missing_dates,False,True,True,True,False,False
UCsTuR6YptxgL5K4UH_11Q0Q,,0,,False,,,,unclassified_missing_dates,False,True,True,True,False,False
UCsUIbKxRJ7qFTA8r6KxSQ_w,,0,,False,,,,unclassified_missing_dates,False,True,True,True,False,False
UCsUSTqAmIASdVPhPMAN3KIw,,0,,False,,,,unclassified_missing_dates,False,True,True,True,False,False
UCsUXsF-_0GWLyllpHpadvCA,,0,,False,,,,unclassified_missing_dates,False,True,True,True,False,False
UCsUdSKdhXIGBge-3FEEo71A,,0,,False,,,,unclassified_missing_dates,False,True,True,True,False,False
UCsUlv9DMp7XuktcU0ZDJ-fw,,0,,False,,,,unclassified_missing_dates,False,True,True,True,False,False
UCsVMivfMy1TBcRX0D-Re_3Q,,0,,False,,,,unclassified_missing_dates,False,True,True,True,False,False
UCsVe9Svi4c4oOqGjpD5exVA,,0,,False,,,,unclassified_missing_dates,False,True,True,True,False,False
UCsW8Z-unRUKjS29Uzm7aVgA,,0,,False,,,,unclassified_missing_dates,False,True,True,True,False,False
UCsWq12WSpzA01t8bgbgwqCw,,0,,False,,,,unclassified_missing_dates,False,True,True,True,False,False
UCsXnAYevLpMxese9OqDaWSg,,0,,False,,,,unclassified_missing_dates,False,True,True,True,False,False
UCsXtlqEjTjNBZI3L85T0RGg,,0,,False,,,,unclassified_missing_dates,False,True,True,True,False,False
UCsYF8l-wFEfAkmJCEvqCXDQ,,0,,False,,,,unclassified_missing_dates,False,True,True,True,False,False
UCs_FP8DbRAaRddZFhVT24eQ,,0,,False,,2023-10-29T18:00:23Z,2023-10-29T18:00:23Z,first_active_after_reference,False,True,False,False,False,False
UCs_YoEzE3Ax4qcZ0VlHoGww,,0,,False,,,,unclassified_missing_dates,False,True,True,True,False,False
UCs_xZ1IL23X9V0PBxj-M2bA,,0,,False,,,,unclassified_missing_dates,False,True,True,True,False,False
UCsabxAgXm9H9WxhBryDCvvQ,,0,,False,,,,unclassified_missing_dates,False,True,True,True,False,False
UCsb-iC2b1ma7oi0VjOl4YKw,,0,,False,,,,unclassified_missing_dates,False,True,True,True,False,False
UCsc8MkS5GL84yq8YmywJ8oA,,0,,False,,,,unclassified_missing_dates,False,True,True,True,False,False
UCsdIw0FgELtiRGkXtRk5tMw,,0,,False,,,,unclassified_missing_dates,False,True,True,True,False,False
UCsdYXaoa-KAPbrhZQtO0heQ,,0,,False,,,,unclassified_missing_dates,False,True,True,True,False,False
UCsd_WwPoM0NyMHJSwX7nrTw,,0,,False,,,,unclassified_missing_dates,False,True,True,True,False,False
UCsdnI0xrPysBvhhnFHDujyg,,0,,False,,,,unclassified_missing_dates,False,True,True,True,False,False
UCsdvsGD03m1w-B996M7Qj1g,,0,,False,,,,unclassified_missing_dates,False,True,True,True,False,False
UCse1n8A0FvZmAYAZcGnHjhg,,0,,False,,2023-12-24T15:15:04Z,2023-12-24T15:15:04Z,first_active_after_reference,False,True,False,False,False,False
UCseJNQvNLGGPNpQfyhQ-3fA,,0,,False,,,,unclassified_missing_dates,False,True,True,True,False,False
UCsekFnyJxM9n0gy_vSEeMjA,,0,,False,,,,unclassified_missing_dates,False,True,True,True,False,False
UCsfMSgQYsDYn-F54H0CC5zg,,0,,False,,,,unclassified_missing_dates,False,True,True,True,False,False
UCsg8tsCLB450ef129HycVbQ,KIDeutschland,1,7190,False,2010-01-13T17:41:04Z,2022-05-04T20:13:36Z,,unclassified_missing_dates,False,False,False,True,False,False
UCsi-sZ5N8qHh8NxkELfb6EQ,,0,,False,,,,unclassified_missing_dates,False,True,True,True,False,False
UCsjF5ChhU1dK_F504CoT5kw,,0,,False,,,,unclassified_missing_dates,False,True,True,True,False,False
UCsjI3_koALIMRUbL9yzEAYg,,0,,False,,,,unclassified_missing_dates,False,True,True,True,False,False
UCsk8U0OdJKqlRj9wFneV9Mw,,0,,False,,,,unclassified_missing_dates,False,True,True,True,False,False
UCskDxZjXGKSMlHPJ3DHhObA,,0,,False,,,,unclassified_missing_dates,False,True,True,True,False,False
UCskUMLj0g1_2ugtdp94KEzw,,0,,False,,,,unclassified_missing_dates,False,True,True,True,False,False
UCskdcXid2nqXcxYBWn86M2w,,0,,False,,2023-10-14T17:52:05Z,,unclassified_missing_dates,False,True,False,True,False,False
UCskrVOmxat-kK4dZLXjPGDQ,,0,,False,,,,unclassified_missing_dates,False,True,True,True,False,False
UCskrwaJw9PibjlUhRSQONhw,,0,,False,,,,unclassified_missing_dates,False,True,True,True,False,False
UCsky76_GoWgG6Kg3pPWFcQQ,,0,,False,,,,unclassified_missing_dates,False,True,True,True,False,False
UCsldAuigQjHQA0kD_TTdMdg,,0,,False,,,,unclassified_missing_dates,False,True,True,True,False,False
UCsltGvdLBBSmRbbgQP0eaQQ,,0,,False,,,,unclassified_missing_dates,False,True,True,True,False,False
UCsmgv3TsFSPtBpAmhDlpK4Q,,0,,False,,,,unclassified_missing_dates,False,True,True,True,False,False
UCsnXfCD5MVLt5pwbxgvoy2w,,0,,False,,,,unclassified_missing_dates,False,True,True,True,False,False
UCsnboBSR8Y37Jm8gnhfeXoQ,,0,,False,,,,unclassified_missing_dates,False,True,True,True,False,False
UCsoC9BNx2iJWTCwWhQ-W4BA,,0,,False,,,,unclassified_missing_dates,False,True,True,True,False,False
UCsoNVN2hShiGfdl-XVJDK2g,,0,,False,,,,unclassified_missing_dates,False,True,True,True,False,False
UCsoqDn0pLhqJZYIIYi3BWSQ,,0,,False,,,,unclassified_missing_dates,False,True,True,True,False,False
UCsp8b4kNhRbWbaUjxxR2uHA,,0,,False,,,,unclassified_missing_dates,False,True,True,True,False,False
UCspl5wXdXVLwZHnwHUBnjwg,,0,,False,,,,unclassified_missing_dates,False,True,True,True,False,False
UCsq3XrHNNZ-NEsB82pPVIMw,,0,,False,,,,unclassified_missing_dates,False,True,True,True,False,False
UCsr5qJDsE5cx2_WLIaDw_Bw,,0,,False,,,,unclassified_missing_dates,False,True,True,True,False,False
UCssZJ9qFKsMC5lgAsgnLfGg,,0,,False,,2023-12-19T15:00:25Z,2023-12-19T15:00:25Z,first_active_after_reference,False,True,False,False,False,False
UCsspaYH9VjWE4Jdc3ZO31zQ,,0,,False,,,,unclassified_missing_dates,False,True,True,True,False,False
UCst-aX_ZfLVKZloThmfkptA,,0,,False,,,,unclassified_missing_dates,False,True,True,True,False,False
UCst53dEnLRpZoE7OTz_HUbg,,0,,False,,,,unclassified_missing_dates,False,True,True,True,False,False
UCst7qX2RVF5I61XmILPxyaA,,0,,False,,,,unclassified_missing_dates,False,True,True,True,False,False
UCstPYltKbDk1X6fJJ_VUI-A,,0,,False,,,,unclassified_missing_dates,False,True,True,True,False,False
UCstaLLGRWRmbqU-1zeM42Lw,,0,,False,,,,unclassified_missing_dates,False,True,True,True,False,False
UCsugKJ_QAeTBWCEol4_zzDA,,0,,False,,,,unclassified_missing_dates,False,True,True,True,False,False
UCsvDUj1_q50xXXrDiquSm5Q,,0,,False,,,,unclassified_missing_dates,False,True,True,True,False,False
UCsvMBYWqE7UW6VosUQtW8Ug,,0,,False,,,,unclassified_missing_dates,False,True,True,True,False,False
UCsvTYVcuMWdUVXZbxB4zsRA,,0,,False,,,,unclassified_missing_dates,False,True,True,True,False,False
UCsvkwFqfXJ37Wu7JUCQ4LBg,,0,,False,,,,unclassified_missing_dates,False,True,True,True,False,False
UCswnqiz47Uv5RGLqBbldm-A,,0,,False,,,,unclassified_missing_dates,False,True,True,True,False,False
UCsyH2IhaKAbPXvxmSR2dKBg,,0,,False,,,,unclassified_missing_dates,False,True,True,True,False,False
UCsys2EX3mERoBzRrPN-FmJg,,0,,False,,2023-10-09T16:47:56Z,,unclassified_missing_dates,False,True,False,True,False,False
UCsyurIu-9DMSc567N-JvlJw,,0,,False,,,,unclassified_missing_dates,False,True,True,True,False,False
UCt-Crq4OrNyj7YU7g9GcCKg,,0,,False,,,,unclassified_missing_dates,False,True,True,True,False,False
UCt-OVGRsTP2meIIdJG0qwPA,,0,,False,,,,unclassified_missing_dates,False,True,True,True,False,False
UCt-peBkfg80nsvbiGmWzQ1Q,,0,,False,,,,unclassified_missing_dates,False,True,True,True,False,False
UCt0IXUy32vnq7lV-c104LKg,,0,,False,,,,unclassified_missing_dates,False,True,True,True,False,False
UCt0L4Y3Xgzjdbs3qDqA3oAA,,0,,False,,,,unclassified_missing_dates,False,True,True,True,False,False
UCt1KXQEx4sWy8iMPAgfS18w,,0,,False,,2023-11-27T21:51:53Z,,unclassified_missing_dates,False,True,False,True,False,False
UCt1fWW2gvnFaVrNFEGgUWkQ,,0,,False,,,,unclassified_missing_dates,False,True,True,True,False,False
UCt2RsAmIUuBFkRUhy_V92Sw,,0,,False,,,,unclassified_missing_dates,False,True,True,True,False,False
UCt2zOEg9kjMxKi7L4_YSFOg,,0,,False,,,,unclassified_missing_dates,False,True,True,True,False,False
UCt4YSdlPDYULlT8LJe4vnYQ,,0,,False,,,,unclassified_missing_dates,False,True,True,True,False,False
UCt6sEwZsSQwrLbmM05KfkxA,,0,,False,,,,unclassified_missing_dates,False,True,True,True,False,False
UCt6tz5W2mtMD661eQp1COsA,,0,,False,,,,unclassified_missing_dates,False,True,True,True,False,False
UCt7tdJEwro8lmywBvFWww8g,,0,,False,,,,unclassified_missing_dates,False,True,True,True,False,False
UCt7wD8bblu-4GruNmi76mcg,,0,,False,,,,unclassified_missing_dates,False,True,True,True,False,False
UCt8TUk2sarAiBA-YwKd-LFQ,,0,,False,,,,unclassified_missing_dates,False,True,True,True,False,False
UCt8X4e7WvfaQUhQ1mTRjcRA,,0,,False,,,,unclassified_missing_dates,False,True,True,True,False,False
UCt9JJYHNQVsPt2srjJ9KZ6Q,,0,,False,,2023-11-28T09:37:57Z,2023-11-28T09:37:57Z,first_active_after_reference,False,True,False,False,False,False
UCt9RUt64PFVfgu88I9fSnFw,,0,,False,,,,unclassified_missing_dates,False,True,True,True,False,False
UCt9V685FnyTFYAtF-qZYuAg,,0,,False,,,,unclassified_missing_dates,False,True,True,True,False,False
UCtA8T_NxUDA29icjEr8b11Q,,0,,False,,,,unclassified_missing_dates,False,True,True,True,False,False
UCtBPQ-wMvHLJShHJOzyJ_kA,,0,,False,,,,unclassified_missing_dates,False,True,True,True,False,False
UCtCqJ8brA36j0pfVEFLn1ZQ,,0,,False,,,,unclassified_missing_dates,False,True,True,True,False,False
UCtCyPxmefK81cN3Zbg0zapw,,0,,False,,,,unclassified_missing_dates,False,True,True,True,False,False
UCtDExQxRYw9MVTURC9LzHDw,,0,,False,,,,unclassified_missing_dates,False,True,True,True,False,False
UCtDdkwy9JjPPcU_rsY3bBaA,,0,,False,,,,unclassified_missing_dates,False,True,True,True,False,False
UCtE-9XkeNejSepek1S0Vvjw,,0,,False,,,,unclassified_missing_dates,False,True,True,True,False,False
UCtEEiU4Bjn6qoGX7Jm6rtzQ,RFM Regional-Fernsehen- München,1,199,False,2021-01-16T21:39:26Z,2022-06-09T19:37:00Z,,unclassified_missing_dates,False,False,False,True,False,False
UCtFBoLcxetGeSJZG2cjxUvg,,0,,False,,,,unclassified_missing_dates,False,True,True,True,False,False
UCtH0UnUtyiA02SJsRs4TuDA,,0,,False,,,,unclassified_missing_dates,False,True,True,True,False,False
UCtHzhouCRZBhasD5L8MSR-Q,,0,,False,,,,unclassified_missing_dates,False,True,True,True,False,False
UCtIL5dbpuKSgxqTvt6dh1iQ,,0,,False,,,,unclassified_missing_dates,False,True,True,True,False,False
UCtLNhfLSf4e39kNMQUTQ7-w,,0,,False,,,,unclassified_missing_dates,False,True,True,True,False,False
UCtLO_fkstxPR2d2nkZX93dQ,,0,,False,,,,unclassified_missing_dates,False,True,True,True,False,False
UCtLffkIr44b-e2zn0vhh1FQ,,0,,False,,,,unclassified_missing_dates,False,True,True,True,False,False
UCtLoQQECIWjmncUP2UWVHLw,,0,,False,,,,unclassified_missing_dates,False,True,True,True,False,False
UCtLvXW7ct2mqyMnO_fwZLDQ,,0,,False,,,,unclassified_missing_dates,False,True,True,True,False,False
UCtMB84DxcnRFfOTl34pP99A,,0,,False,,,,unclassified_missing_dates,False,True,True,True,False,False
UCtMBIk2u5eiOsesC4-sBCxA,,0,,False,,,,unclassified_missing_dates,False,True,True,True,False,False
UCtNCJtu4AsbiPnz2II8hgmg,,0,,False,,,,unclassified_missing_dates,False,True,True,True,False,False
UCtOZmTu2LsHMW_iQNYTf11w,,0,,False,,,,unclassified_missing_dates,False,True,True,True,False,False
UCtPOvdZ5mgElpf5rgfL8wNQ,,0,,False,,,,unclassified_missing_dates,False,True,True,True,False,False
UCtPjrZCPEmYQBjn7juSCl2A,,0,,False,,,,unclassified_missing_dates,False,True,True,True,False,False
UCtPkGtik9121dTxA_AV7-vA,,0,,False,,,,unclassified_missing_dates,False,True,True,True,False,False
UCtRVgMfLAydZ6pYAAZNJYXQ,,0,,False,,,,unclassified_missing_dates,False,True,True,True,False,False
UCtRqDIE-09zs491Mby-0Iag,,0,,False,,2023-11-05T07:45:33Z,2023-11-05T07:45:33Z,first_active_after_reference,False,True,False,False,False,False
UCtRqewQ_qs_mALBXSY9zMeA,,0,,False,,,,unclassified_missing_dates,False,True,True,True,False,False
UCtS9yvoGTt0Bzgnibnw7q2g,,0,,False,,,,unclassified_missing_dates,False,True,True,True,False,False
UCtSkFNiUelEG0tfU7Jp9NVA,,0,,False,,,,unclassified_missing_dates,False,True,True,True,False,False
UCtTsKgf5bmnSMrniv_TFMog,,0,,False,,2023-11-12T07:26:11Z,2023-11-12T07:26:11Z,first_active_after_reference,False,True,False,False,False,False
UCtTwESytjP6tEuCg2TIlHYw,,0,,False,,,,unclassified_missing_dates,False,True,True,True,False,False
UCtVD3Wun1ZQI3Lb4om9tAbA,,0,,False,,,,unclassified_missing_dates,False,True,True,True,False,False
UCtW3wNINdl8GF38w6gRqO6w,,0,,False,,,,unclassified_missing_dates,False,True,True,True,False,False
UCtXWVEqOrmwGM_Sm-rwamsQ,,0,,False,,,,unclassified_missing_dates,False,True,True,True,False,False
UCtXlaW1ZxcoXbt97-PgoIDw,,0,,False,,,,unclassified_missing_dates,False,True,True,True,False,False
UCtYF674jZRjTvpGnpT5BB9Q,,0,,False,,,,unclassified_missing_dates,False,True,True,True,False,False
UCtY_ACWF8gqqJnu4cIDMEFg,,0,,False,,2023-11-29T12:36:10Z,2023-12-30T12:45:23Z,first_active_after_reference,False,True,False,False,False,False
UCtYv-si-poim2sHMNJ0Z8zA,,0,,False,,,,unclassified_missing_dates,False,True,True,True,False,False
UCt_6CxsygUSIDWKF1vGu2sg,,0,,False,,,,unclassified_missing_dates,False,True,True,True,False,False
UCt_GEjaEl7dEd1mmnq9OnSg,,0,,False,,,,unclassified_missing_dates,False,True,True,True,False,False
UCt_GgQtu21zdlL52sX_bitA,,0,,False,,,,unclassified_missing_dates,False,True,True,True,False,False
UCt_Y3j8CpXx366et1RaHACA,,0,,False,,2023-11-29T12:14:42Z,,unclassified_missing_dates,False,True,False,True,False,False
UCta_-4NrGrBozebTyqwDayQ,,0,,False,,,,unclassified_missing_dates,False,True,True,True,False,False
UCtb4OWXLYPr5gf7E0P7n8Gw,,0,,False,,,,unclassified_missing_dates,False,True,True,True,False,False
UCtbh-y-iYoDJdIAWNcjlC0A,,0,,False,,,,unclassified_missing_dates,False,True,True,True,False,False
UCtbvRETHxsKVv7EqVRDnR7w,,0,,False,,,,unclassified_missing_dates,False,True,True,True,False,False
UCte937lp5M09eqNUhRnicqQ,,0,,False,,,,unclassified_missing_dates,False,True,True,True,False,False
UCtf05Vriu2dW1ASkPHf8OtA,,0,,False,,2023-12-21T17:38:47Z,,unclassified_missing_dates,False,True,False,True,False,False
UCtf23YTIsGFDK13_5WNYUGA,,0,,False,,,,unclassified_missing_dates,False,True,True,True,False,False
UCtgKlCLVEQWM8Fp_nsej-mA,,0,,False,,,,unclassified_missing_dates,False,True,True,True,False,False
UCthWFSe0NGZM_aW0s-8d1tg,,0,,False,,,,unclassified_missing_dates,False,True,True,True,False,False
UCthZDVQDA0nIUDB0494lp1g,,0,,False,,,,unclassified_missing_dates,False,True,True,True,False,False
UCti8UZemk8elMnw_vQvYVHA,,0,,False,,,,unclassified_missing_dates,False,True,True,True,False,False
UCtiJNhtqHdq-YP8FHs8hx2Q,,0,,False,,,,unclassified_missing_dates,False,True,True,True,False,False
UCtiYNfji9ysaHfwStuoTQ8w,,0,,False,,,,unclassified_missing_dates,False,True,True,True,False,False
UCtjULOC2Vw_USqzm89XF2Dg,,0,,False,,,,unclassified_missing_dates,False,True,True,True,False,False
UCtjV3YF5rWtGJ3DYVsfHyJw,,0,,False,,,,unclassified_missing_dates,False,True,True,True,False,False
UCtjb0LbyVjiqeAISxP-7G4A,,0,,False,,,,unclassified_missing_dates,False,True,True,True,False,False
UCtjyXWsI4R-xtJiFaydhm-Q,,0,,False,,,,unclassified_missing_dates,False,True,True,True,False,False
UCtkNHKLL5dndmPpD6c4sF8g,,0,,False,,,,unclassified_missing_dates,False,True,True,True,False,False
UCtkVqg-H8ElE6wYELb4L52g,,0,,False,,,,unclassified_missing_dates,False,True,True,True,False,False
UCtm47RxqwizDewlCVTpyqHg,,0,,False,,,,unclassified_missing_dates,False,True,True,True,False,False
UCtmUg9A6aSvVhwJr-8lI_RQ,,0,,False,,,,unclassified_missing_dates,False,True,True,True,False,False
UCtoHneb5fOzQBTRg-kbNtEg,,0,,False,,,,unclassified_missing_dates,False,True,True,True,False,False
UCtoslfMujD9-e-76vs0Ervw,,0,,False,,,,unclassified_missing_dates,False,True,True,True,False,False
UCtpJLMFYDFHGlPt5wV-clsA,,0,,False,,,,unclassified_missing_dates,False,True,True,True,False,False
UCtpR2bg71LWtKEH2U1bPm0Q,,0,,False,,,,unclassified_missing_dates,False,True,True,True,False,False
UCtqrBZiHY6SyzJGqyadx5HQ,,0,,False,,,,unclassified_missing_dates,False,True,True,True,False,False
UCtrDdfLFKwrharkfBNg7ZJQ,,0,,False,,,,unclassified_missing_dates,False,True,True,True,False,False
UCtsZooAeBObEoozjpFN1fPQ,,0,,False,,,,unclassified_missing_dates,False,True,True,True,False,False
UCtt6NJ8Hzdcpt32Mn-I8Zyw,,0,,False,,,,unclassified_missing_dates,False,True,True,True,False,False
UCttlPqLtn8-xv7ueRh7CVjw,,0,,False,,,,unclassified_missing_dates,False,True,True,True,False,False
UCttnbBzvnknTWGiVnRBCA4Q,,0,,False,,,,unclassified_missing_dates,False,True,True,True,False,False
UCttoj-sRZkBSz8icyywZOHQ,,0,,False,,,,unclassified_missing_dates,False,True,True,True,False,False
UCtuQxCyNOcP56yqOlovvu8g,,0,,False,,,,unclassified_missing_dates,False,True,True,True,False,False
UCtvCq8Bj0RKQ1-W3Z0kPJaw,,0,,False,,,,unclassified_missing_dates,False,True,True,True,False,False
UCtvVV8GpPBI2XD0faA27JLw,,0,,False,,,,unclassified_missing_dates,False,True,True,True,False,False
UCtvoW_OAas30G0fQQEfvBCQ,,0,,False,,,,unclassified_missing_dates,False,True,True,True,False,False
UCtwRtHkZ3OTtfvPYL3r9Omg,,0,,False,,,,unclassified_missing_dates,False,True,True,True,False,False
UCtwf54oK_Sr6cuJXbK1PlBQ,,0,,False,,2023-10-09T13:00:42Z,,unclassified_missing_dates,False,True,False,True,False,False
UCtwzUDSCFcvZgqKaEreLl7w,,0,,False,,,,unclassified_missing_dates,False,True,True,True,False,False
UCtx7eLMuAvek-n4Ln4OO--Q,,0,,False,,,,unclassified_missing_dates,False,True,True,True,False,False
UCty7OaUYBsf0P8hbW6_kuVQ,,0,,False,,,,unclassified_missing_dates,False,True,True,True,False,False
UCtzFGxG7vAVydt_CwPXNy_g,,0,,False,,,,unclassified_missing_dates,False,True,True,True,False,False
UCu-LBq_wUgzsxrXz0g3ffFQ,,0,,False,,,,unclassified_missing_dates,False,True,True,True,False,False
UCu00LoHcCupJ4uWnbFhhelQ,,0,,False,,,,unclassified_missing_dates,False,True,True,True,False,False
UCu0kITbu_toDQIhMhnlZ5bw,,0,,False,,,,unclassified_missing_dates,False,True,True,True,False,False
UCu0tDnFjBFW679ZbSYScE1g,,0,,False,,,,unclassified_missing_dates,False,True,True,True,False,False
UCu1QhO7tAvQ2fLMwFOf9UpQ,,0,,False,,,,unclassified_missing_dates,False,True,True,True,False,False
UCu1rKVpShvbN30aejp55VZQ,,0,,False,,,,unclassified_missing_dates,False,True,True,True,False,False
UCu2IUja1ASnGIr_ORrtLReg,,0,,False,,,,unclassified_missing_dates,False,True,True,True,False,False
UCu2U_vvMjZZouRGC-MQy81w,,0,,False,,,,unclassified_missing_dates,False,True,True,True,False,False
UCu2ctQLJj28phZMEZdEmNpg,,0,,False,,,,unclassified_missing_dates,False,True,True,True,False,False
UCu2k640kLhVgpJlPghaERFw,,0,,False,,,,unclassified_missing_dates,False,True,True,True,False,False
UCu548HpNphehSSp7oRyPUBQ,,0,,False,,,,unclassified_missing_dates,False,True,True,True,False,False
UCu5mYQYRuate5K7DTUgRx-A,,0,,False,,,,unclassified_missing_dates,False,True,True,True,False,False
UCu7ltHtbcVbEUKfWzL5Aukw,,0,,False,,,,unclassified_missing_dates,False,True,True,True,False,False
UCu7o6Qo0YCaUTsaTqk3iXsw,,0,,False,,,,unclassified_missing_dates,False,True,True,True,False,False
UCu7te4w_nmyDTPWikm962qg,,0,,False,,,,unclassified_missing_dates,False,True,True,True,False,False
UCu8HGlslyrJ57o59YyvjiYg,,0,,False,,,,unclassified_missing_dates,False,True,True,True,False,False
UCu8zI-u6IP0VE5vm8so3VqA,,0,,False,,,,unclassified_missing_dates,False,True,True,True,False,False
UCu9IIOjeIFCV9ILTalgGoaw,,0,,False,,,,unclassified_missing_dates,False,True,True,True,False,False
UCuAklMNmcLV6dAg8j5HrKAA,,0,,False,,,,unclassified_missing_dates,False,True,True,True,False,False
UCuBI3Juo3t8u2brDgXvviYw,,0,,False,,2023-10-26T17:00:02Z,2023-10-28T16:00:42Z,first_active_after_reference,False,True,False,False,False,False
UCuCvvB2I9yiKjRhoBFWbdkA,,0,,False,,,,unclassified_missing_dates,False,True,True,True,False,False
UCuDVwvobQW_jE2C901Qcivw,,0,,False,,,,unclassified_missing_dates,False,True,True,True,False,False
UCuDqXsn1YbqiBpgKGl0Cv3Q,,0,,False,,,,unclassified_missing_dates,False,True,True,True,False,False
UCuDyHG92MEjptqQ2JuulM9Q,,0,,False,,,,unclassified_missing_dates,False,True,True,True,False,False
UCuEDCoJ8ClAgJhE88dH0pAA,,0,,False,,,,unclassified_missing_dates,False,True,True,True,False,False
UCuEDV3-g7Ftl698bYIguAcQ,,0,,False,,,,unclassified_missing_dates,False,True,True,True,False,False
UCuERwBK0yXNunzPB3Mi2VGw,,0,,False,,,,unclassified_missing_dates,False,True,True,True,False,False
UCuFIw8TLSLo2At8RO1Cx7Zw,,0,,False,,,,unclassified_missing_dates,False,True,True,True,False,False
UCuFM6VxLQ5PCUgzkakHC6lw,,0,,False,,,,unclassified_missing_dates,False,True,True,True,False,False
UCuGNcd7z-gvwjSHavHeL33A,,0,,False,,,,unclassified_missing_dates,False,True,True,True,False,False
UCuGdQWELYnCsaC0aisjAt4g,,0,,False,,,,unclassified_missing_dates,False,True,True,True,False,False
UCuGtu7Q8N2MsGIo8MpncrPA,,0,,False,,,,unclassified_missing_dates,False,True,True,True,False,False
UCuH7O6dDaLWkdinwIl71-0w,,0,,False,,,,unclassified_missing_dates,False,True,True,True,False,False
UCuHYNBd7BhteIjxUUyVsvBw,,0,,False,,,,unclassified_missing_dates,False,True,True,True,False,False
UCuJ8HRTZBtMIXtJkiehLwuQ,,0,,False,,,,unclassified_missing_dates,False,True,True,True,False,False
UCuJvoZ_s1KVePfImsUT8AeQ,,0,,False,,2023-10-20T23:13:47Z,,unclassified_missing_dates,False,True,False,True,False,False
UCuKw2l43spnGdQFsOj5eQtw,,0,,False,,,,unclassified_missing_dates,False,True,True,True,False,False
UCuLLvVCW59Z6-krr0-VJDMg,,0,,False,,,,unclassified_missing_dates,False,True,True,True,False,False
UCuLdcMtXcERtztsrHq0owGg,,0,,False,,,,unclassified_missing_dates,False,True,True,True,False,False
UCuMVMhJ5t7GhzlAEGSAE1PA,,0,,False,,,,unclassified_missing_dates,False,True,True,True,False,False
UCuMj0gQpsWrYdRf_X-EjTTQ,,0,,False,,,,unclassified_missing_dates,False,True,True,True,False,False
UCuNW_cOBqzfEScOySVfYcSA,,0,,False,,,,unclassified_missing_dates,False,True,True,True,False,False
UCuNZrmUF8jOILiMtlDEl0dg,,0,,False,,,,unclassified_missing_dates,False,True,True,True,False,False
UCuNwVeo5IrI-LW49HvcciLQ,,0,,False,,2023-12-29T01:26:52Z,2023-12-29T01:26:52Z,first_active_after_reference,False,True,False,False,False,False
UCuOoz3vvSATPK_z569BL11Q,,0,,False,,,,unclassified_missing_dates,False,True,True,True,False,False
UCuPigkaCdwWNXFXcIwVLFHg,,0,,False,,,,unclassified_missing_dates,False,True,True,True,False,False
UCuPvxl3Z5UneDM-bFK3vhoA,,0,,False,,,,unclassified_missing_dates,False,True,True,True,False,False
UCuQYQBBZ_ArU0ijJ3zMDZgQ,,0,,False,,,,unclassified_missing_dates,False,True,True,True,False,False
UCuQpr2tE-gW5ZjLYFW9_6pw,,0,,False,,,,unclassified_missing_dates,False,True,True,True,False,False
UCuSUln2wAc1YdigDvGFV6dg,,0,,False,,,,unclassified_missing_dates,False,True,True,True,False,False
UCuTaETsuCOkJ0H_GAztWt0Q,,0,,False,,,,unclassified_missing_dates,False,True,True,True,False,False
UCuW1Qz2eHUCcgaoo2uQICXw,,0,,False,,,,unclassified_missing_dates,False,True,True,True,False,False
UCuWLm51mC781A0uQi0pKRWg,,0,,False,,2023-10-16T12:03:54Z,2023-10-16T12:03:54Z,first_active_after_reference,False,True,False,False,False,False
UCuWulkT-nIdGIPwrNs_fzaQ,,0,,False,,,,unclassified_missing_dates,False,True,True,True,False,False
UCuXny5BOyYHQxQ3iO9qZL0Q,,0,,False,,,,unclassified_missing_dates,False,True,True,True,False,False
UCuYSrqlXbuBSTItuKTEpH9Q,,0,,False,,,,unclassified_missing_dates,False,True,True,True,False,False
UCuYcKAeLT_Dg1hbOuDrsH5g,,0,,False,,,,unclassified_missing_dates,False,True,True,True,False,False
UCuYn5HL2-08fYxGMynJGe-g,,0,,False,,,,unclassified_missing_dates,False,True,True,True,False,False
UCuYvfV8pciXoxFc04-GVJTg,,0,,False,,,,unclassified_missing_dates,False,True,True,True,False,False
UCuZE4lquLIy75KBq-ujLe1A,,0,,False,,,,unclassified_missing_dates,False,True,True,True,False,False
UCu_C0jFkFfr_az4SENd1g7w,,0,,False,,,,unclassified_missing_dates,False,True,True,True,False,False
UCu_FTUHhObOJEJivv_VGNPQ,,0,,False,,,,unclassified_missing_dates,False,True,True,True,False,False
UCu_JBKU3vyak0MM8lGpICBQ,,0,,False,,,,unclassified_missing_dates,False,True,True,True,False,False
UCu_Xyx2jP9WC1ILDsnxdwiw,,0,,False,,,,unclassified_missing_dates,False,True,True,True,False,False
UCuaTCyK2z2evUAzkznAOpOQ,,0,,False,,2023-11-21T14:00:15Z,2023-11-21T14:00:15Z,first_active_after_reference,False,True,False,False,False,False
UCub_KHyX2VStN4XKF0Sy7EQ,,0,,False,,,,unclassified_missing_dates,False,True,True,True,False,False
UCuckJDS4oyCEGcXhxancJWw,,0,,False,,,,unclassified_missing_dates,False,True,True,True,False,False
UCuddGzRXqzj2yBjnfmGY6oA,,0,,False,,,,unclassified_missing_dates,False,True,True,True,False,False
UCuddycbS_G5UxVCwSN5VDOw,,0,,False,,,,unclassified_missing_dates,False,True,True,True,False,False
UCudl-n1R9nmFLqHiPVXEDTg,,0,,False,,,,unclassified_missing_dates,False,True,True,True,False,False
UCueiY8g278OhLqUtScFriNw,,0,,False,,,,unclassified_missing_dates,False,True,True,True,False,False
UCuemRf-BrBHvehOC1H12d8g,,0,,False,,,,unclassified_missing_dates,False,True,True,True,False,False
UCufEA7zre_CRxyjtrCw3GMw,,0,,False,,,,unclassified_missing_dates,False,True,True,True,False,False
UCufkfTrsGMwoE6Jt1bHkcVg,,0,,False,,,,unclassified_missing_dates,False,True,True,True,False,False
UCug3YoVF-8tuydAjJohD_tQ,,0,,False,,,,unclassified_missing_dates,False,True,True,True,False,False
UCugSZZGvJvxOf_QR108aYpw,,0,,False,,,,unclassified_missing_dates,False,True,True,True,False,False
UCui74v2DRVpmtON__vFxS2Q,,0,,False,,,,unclassified_missing_dates,False,True,True,True,False,False
UCuiAezFezDIEhG3B57O6EzQ,,0,,False,,,,unclassified_missing_dates,False,True,True,True,False,False
UCuiF_wndmrPugGMlg8m-kKQ,,0,,False,,,,unclassified_missing_dates,False,True,True,True,False,False
UCuicqbcVtI9t3R25H56cH7w,,0,,False,,,,unclassified_missing_dates,False,True,True,True,False,False
UCuj9bxVLnq6et_eZ1qwY9FQ,,0,,False,,,,unclassified_missing_dates,False,True,True,True,False,False
UCujFPk5WajxOQe2FwC3sldg,,0,,False,,,,unclassified_missing_dates,False,True,True,True,False,False
UCujZSCyUU8MN8mUo6AyYz1Q,,0,,False,,,,unclassified_missing_dates,False,True,True,True,False,False
UCun4tg1BecN4PuxwZ6mL3NA,,0,,False,,,,unclassified_missing_dates,False,True,True,True,False,False
UCunN4wUmmXrA7V08z7SGBmA,,0,,False,,,,unclassified_missing_dates,False,True,True,True,False,False
UCunUf7G6GoQfZqzqxdL26fg,,0,,False,,,,unclassified_missing_dates,False,True,True,True,False,False
UCunxp9_qw7cKA2XJRbf1a7Q,,0,,False,,,,unclassified_missing_dates,False,True,True,True,False,False
UCuoRxcuwuSj3HzpmbT7DYYg,,0,,False,,,,unclassified_missing_dates,False,True,True,True,False,False
UCuomN85KRFjaUpkJrkORjZA,,0,,False,,,,unclassified_missing_dates,False,True,True,True,False,False
UCuomw4dv_pCrGGBaIuG0MEw,,0,,False,,,,unclassified_missing_dates,False,True,True,True,False,False
UCuonXMuAJ46A29a4CWPv0qw,,0,,False,,,,unclassified_missing_dates,False,True,True,True,False,False
UCup7y61DXxtpkceiRJvlqSg,,0,,False,,,,unclassified_missing_dates,False,True,True,True,False,False
UCupTnLJjYrLQeW8H_Bg9qXA,,0,,False,,,,unclassified_missing_dates,False,True,True,True,False,False
UCupkstmm5FrEt92Cxu2R8JA,,0,,False,,,,unclassified_missing_dates,False,True,True,True,False,False
UCupvZG-5ko_eiXAupbDfxWw,,0,,False,,2022-02-24T12:46:08Z,,unclassified_missing_dates,False,True,False,True,False,False
UCuqNGg51tr2Bx0ezsJTXM8Q,,0,,False,,,,unclassified_missing_dates,False,True,True,True,False,False
UCuqf9COKDh7oMyY9Mvo_nfQ,,0,,False,,,,unclassified_missing_dates,False,True,True,True,False,False
UCurO2czZXE1eLG9ZHgBjt0g,,0,,False,,,,unclassified_missing_dates,False,True,True,True,False,False
UCurfIF-B0DxiCsUM-382ckQ,,0,,False,,,,unclassified_missing_dates,False,True,True,True,False,False
UCusX46atrFK7Y24PqEcoXWw,,0,,False,,,,unclassified_missing_dates,False,True,True,True,False,False
UCusYz5_jMV2nesJt01GPBiA,,0,,False,,,,unclassified_missing_dates,False,True,True,True,False,False
UCutCxMTVzB8kItfLt9lugFA,,0,,False,,,,unclassified_missing_dates,False,True,True,True,False,False
UCuu0x1ej22UaHh9d7OUK9xw,,0,,False,,,,unclassified_missing_dates,False,True,True,True,False,False
UCuuTCooIMbBFHNbPcSS70uw,,0,,False,,,,unclassified_missing_dates,False,True,True,True,False,False
UCuuaqL2c2Ukugb1n1tnjeNg,,0,,False,,,,unclassified_missing_dates,False,True,True,True,False,False
UCuvU0aE_emuLWEskx3M_xhA,,0,,False,,,,unclassified_missing_dates,False,True,True,True,False,False
UCuxvrWUUaCAw39ftwNHjWHA,,0,,False,,,,unclassified_missing_dates,False,True,True,True,False,False
UCuyrgTsDql_pcwVb3SJO8nA,,0,,False,,,,unclassified_missing_dates,False,True,True,True,False,False
UCuzNL0PYX5agKTo4vb0O24g,,0,,False,,,,unclassified_missing_dates,False,True,True,True,False,False
UCuziK4bUFRr3z62bE7FMDPQ,logo!,1,109000,True,2022-02-03T15:24:24Z,2021-04-30T14:00:04Z,2025-05-07T13:12:37Z,active_before_keyword_after,False,False,False,False,False,True
UCv-tAhyKUBqMdhPZ33kcgYA,,0,,False,,,,unclassified_missing_dates,False,True,True,True,False,False
UCv19jXKi8CHsT973G2eXSlA,,0,,False,,,,unclassified_missing_dates,False,True,True,True,False,False
UCv1ChYwqGqCYewhb8WoUc1A,,0,,False,,,,unclassified_missing_dates,False,True,True,True,False,False
UCv1Dx1OkTvy4NcYeaVH77Jg,,0,,False,,,,unclassified_missing_dates,False,True,True,True,False,False
UCv1mtgOcUQz_3duNF6PFpvQ,,0,,False,,,,unclassified_missing_dates,False,True,True,True,False,False
UCv1tIyRgikUOO6teHsEvBaA,,0,,False,,,,unclassified_missing_dates,False,True,True,True,False,False
UCv2Gkr60xHe3GsPJ5VkMVyA,,0,,False,,,,unclassified_missing_dates,False,True,True,True,False,False
UCv2e5mpzkdXo1dn3_TSoueA,,0,,False,,,,unclassified_missing_dates,False,True,True,True,False,False
UCv2lkx4FLBLoWv2MdpNpoEg,,0,,False,,,,unclassified_missing_dates,False,True,True,True,False,False
UCv3J1tNyrjD5BOOmvXbprrg,,0,,False,,,,unclassified_missing_dates,False,True,True,True,False,False
UCv3bEsBwfNd2u0ZU6n0JXHg,,0,,False,,,,unclassified_missing_dates,False,True,True,True,False,False
UCv4Omk66CetqVPmDCnsKAsQ,,0,,False,,,,unclassified_missing_dates,False,True,True,True,False,False
UCv5jOUURQ8BzBJehGEnMmcA,,0,,False,,,,unclassified_missing_dates,False,True,True,True,False,False
UCv5pjSt1up0FAmb61gMLWEw,,0,,False,,,,unclassified_missing_dates,False,True,True,True,False,False
UCv5yOnEa8cKmcMnlpCzGlfA,,0,,False,,,,unclassified_missing_dates,False,True,True,True,False,False
UCv6NlC6qzDdGFD02_EW9P1g,,0,,False,,,,unclassified_missing_dates,False,True,True,True,False,False
UCv7BUtM9jFb0YTKdDJlugCQ,,0,,False,,,,unclassified_missing_dates,False,True,True,True,False,False
UCv7T78VKYrq4Xv9alD1Vr8Q,,0,,False,,2023-10-31T09:11:04Z,2023-11-02T09:57:41Z,first_active_after_reference,False,True,False,False,False,False
UCv83k1LUaOw6aV2S32DxrAA,,0,,False,,,,unclassified_missing_dates,False,True,True,True,False,False
UCv8OTe00ci-wpQ25rMBpzKw,,0,,False,,,,unclassified_missing_dates,False,True,True,True,False,False
UCv8vBCJ6ELVtUscpg_N63cw,,0,,False,,,,unclassified_missing_dates,False,True,True,True,False,False
UCv8xU8dWwH2eipooe2ADy6g,,0,,False,,,,unclassified_missing_dates,False,True,True,True,False,False
UCvAPMPIp2-atFKQKica3ktw,,0,,False,,,,unclassified_missing_dates,False,True,True,True,False,False
UCvBgrYWvUe-qNx7u88uJezQ,,0,,False,,,,unclassified_missing_dates,False,True,True,True,False,False
UCvD83LdjChTkojbyHlMVEJg,,0,,False,,2023-11-09T11:34:40Z,,unclassified_missing_dates,False,True,False,True,False,False
UCvDUH6INzlJWFkgloc9PmgA,,0,,False,,,,unclassified_missing_dates,False,True,True,True,False,False
UCvEUZD8iJyVCvqzeJkgswhg,,0,,False,,,,unclassified_missing_dates,False,True,True,True,False,False
UCvEZL03ybOKIckUwthEpG_g,,0,,False,,,,unclassified_missing_dates,False,True,True,True,False,False
UCvErP5c4BXkzNntKAsfzcVA,,0,,False,,,,unclassified_missing_dates,False,True,True,True,False,False
UCvEsTD2A4tcpRNhAxwzCemg,,0,,False,,,,unclassified_missing_dates,False,True,True,True,False,False
UCvFHtWOIFX45cPqtb1n57_A,,0,,False,,,,unclassified_missing_dates,False,True,True,True,False,False
UCvFffolmLrxDhcUzi3AErcw,,0,,False,,,,unclassified_missing_dates,False,True,True,True,False,False
UCvFwM4ELJ_wQbZVIaEbB78w,,0,,False,,,,unclassified_missing_dates,False,True,True,True,False,False
UCvFzRI30MRNFw73OP6M0nfQ,,0,,False,,,,unclassified_missing_dates,False,True,True,True,False,False
UCvGhE_lRg8ZC9m9znQx8m-w,,0,,False,,,,unclassified_missing_dates,False,True,True,True,False,False
UCvH9N_dHE5J4dYI9fQw-fzQ,,0,,False,,,,unclassified_missing_dates,False,True,True,True,False,False
UCvJ4o0i8o2IAf57NEcrc22Q,,0,,False,,2023-10-21T14:00:11Z,2023-10-25T10:00:17Z,first_active_after_reference,False,True,False,False,False,False
UCvJS-YNyaWyOucx8bGrHVvw,,0,,False,,,,unclassified_missing_dates,False,True,True,True,False,False
UCvJzPFdTpGOJZpYJ5NfNx0A,,0,,False,,,,unclassified_missing_dates,False,True,True,True,False,False
UCvKmhIj596Qv828B8Pg65EQ,,0,,False,,,,unclassified_missing_dates,False,True,True,True,False,False
UCvKuzGxsoX4KTUtxDKlunZw,,0,,False,,,,unclassified_missing_dates,False,True,True,True,False,False
UCvL5Z8f-H-nmVrBib1RGVOg,,0,,False,,,,unclassified_missing_dates,False,True,True,True,False,False
UCvL8yOYL5VJWwbN6kn8r83A,,0,,False,,,,unclassified_missing_dates,False,True,True,True,False,False
UCvLfSh2yE7Oi34owLYHyaeA,,0,,False,,,,unclassified_missing_dates,False,True,True,True,False,False
UCvLqCgmPCx4Dufuj0sGXn0g,,0,,False,,2023-10-12T06:13:49Z,,unclassified_missing_dates,False,True,False,True,False,False
UCvLr4Y7j8Tns4MKY9a65f2g,,0,,False,,,,unclassified_missing_dates,False,True,True,True,False,False
UCvNJ-rTpVcDEkv36BiCJqvw,,0,,False,,,,unclassified_missing_dates,False,True,True,True,False,False
UCvNL32thgp-TOn2ZIvAEqZg,,0,,False,,,,unclassified_missing_dates,False,True,True,True,False,False
UCvNPh-OfPW-LkROwkSLIv2w,,0,,False,,,,unclassified_missing_dates,False,True,True,True,False,False
UCvO3TfxoDQzyA_JdFuSDQAA,,0,,False,,,,unclassified_missing_dates,False,True,True,True,False,False
UCvObaOPoaXH45uGUhDbGHxg,,0,,False,,,,unclassified_missing_dates,False,True,True,True,False,False
UCvQ5fbmRwrzQ5jPa0e45HyQ,,0,,False,,,,unclassified_missing_dates,False,True,True,True,False,False
UCvQ86_z7-CNO-dhRzMv_hKw,,0,,False,,,,unclassified_missing_dates,False,True,True,True,False,False
UCvQAiBSiI6rdBroH1S3_JLg,,0,,False,,,,unclassified_missing_dates,False,True,True,True,False,False
UCvQrChHNe-GIfmObH_AOAcw,,0,,False,,,,unclassified_missing_dates,False,True,True,True,False,False
UCvR9eP0RgFFtrR7TS2yaa_Q,,0,,False,,,,unclassified_missing_dates,False,True,True,True,False,False
UCvRicsmLHsCzkJkeapZLDOw,,0,,False,,,,unclassified_missing_dates,False,True,True,True,False,False
UCvRyzh9Jl-caDhES6lTR5CA,,0,,False,,,,unclassified_missing_dates,False,True,True,True,False,False
UCvSYVNsUBJw1Xe3tPN3KPQQ,,0,,False,,,,unclassified_missing_dates,False,True,True,True,False,False
UCvT3fYniCJPiFAASgOkj5sA,,0,,False,,,,unclassified_missing_dates,False,True,True,True,False,False
UCvT6j01vjhnB5EVwroI8Ecw,,0,,False,,,,unclassified_missing_dates,False,True,True,True,False,False
UCvTA6M3Ard4_5IdXZPeaF6g,,0,,False,,,,unclassified_missing_dates,False,True,True,True,False,False
UCvTF5BONRzJNO659-ZIAcow,,0,,False,,,,unclassified_missing_dates,False,True,True,True,False,False
UCvTG8OkPMs03x7bUp8sV3IA,,0,,False,,,,unclassified_missing_dates,False,True,True,True,False,False
UCvUnPAgDz6qdv4Gls7PAkWg,,0,,False,,,,unclassified_missing_dates,False,True,True,True,False,False
UCvVQjyMdnWsHf2IRhenuZ9A,,0,,False,,,,unclassified_missing_dates,False,True,True,True,False,False
UCvWHMyV2WDzaZeSVm080JBg,,0,,False,,,,unclassified_missing_dates,False,True,True,True,False,False
UCvXKCV4krIgT9YOYabZwN5w,,0,,False,,,,unclassified_missing_dates,False,True,True,True,False,False
UCvXTXF93Gzmqg2h6k53SYEA,,0,,False,,,,unclassified_missing_dates,False,True,True,True,False,False
UCvYUr3GhbLSEDiL7AKQXKPg,,0,,False,,,,unclassified_missing_dates,False,True,True,True,False,False
UCvYsBU3pidOhRQVAR_IMDag,,0,,False,,2023-10-15T15:54:12Z,,unclassified_missing_dates,False,True,False,True,False,False
UCvZ4Q0_pk3iwi00tAhQy73A,,0,,False,,2023-10-23T15:40:36Z,2023-10-23T15:40:36Z,first_active_after_reference,False,True,False,False,False,False
UCvZJJ5aLP9ez4j0Xnde-8dA,,0,,False,,,,unclassified_missing_dates,False,True,True,True,False,False
UCvZrvULHN2zoVX0yX226pgw,,0,,False,,,,unclassified_missing_dates,False,True,True,True,False,False
UCvZvd0nTJwPsHxQnVh3OKwg,,0,,False,,2023-10-13T17:40:37Z,,unclassified_missing_dates,False,True,False,True,False,False
UCv_-Xpcp7yi9i4EYjou2zmw,,0,,False,,,,unclassified_missing_dates,False,True,True,True,False,False
UCv_V1bUshU0QoRhv7kNiDuQ,,0,,False,,,,unclassified_missing_dates,False,True,True,True,False,False
UCv_k9VNXCG41flkFXbpqhiw,,0,,False,,,,unclassified_missing_dates,False,True,True,True,False,False
UCvbP_SWzuFC1lmknbfsJr9A,,0,,False,,,,unclassified_missing_dates,False,True,True,True,False,False
UCvbSxhwhqhraPPezVadUWsw,,0,,False,,,,unclassified_missing_dates,False,True,True,True,False,False
UCvcLMAoiHMo4XTXv-ScymZw,,0,,False,,,,unclassified_missing_dates,False,True,True,True,False,False
UCvdR5_T-tjRVyLVIzPI6Hkw,,0,,False,,,,unclassified_missing_dates,False,True,True,True,False,False
UCveQwwqX4S5S9uuJb7hD3PA,,0,,False,,,,unclassified_missing_dates,False,True,True,True,False,False
UCvg-2BDH7F3AJhvxvEAJvKA,,0,,False,,,,unclassified_missing_dates,False,True,True,True,False,False
UCvgOF86hZJORRi2hDjDzLBw,,0,,False,,,,unclassified_missing_dates,False,True,True,True,False,False
UCvgQXDAGD_rz5mWTYqCEKfA,,0,,False,,,,unclassified_missing_dates,False,True,True,True,False,False
UCvh2oDk6PMqRwA3yhmQBEnQ,,0,,False,,,,unclassified_missing_dates,False,True,True,True,False,False
UCvhncWs_6ZUy4T_YW6qjF-Q,,0,,False,,,,unclassified_missing_dates,False,True,True,True,False,False
UCvhr4jSG_yN_yHUwC1IubBw,,0,,False,,,,unclassified_missing_dates,False,True,True,True,False,False
UCvi68PTHqYLJbOGGD6doUmQ,,0,,False,,,,unclassified_missing_dates,False,True,True,True,False,False
UCviN5FV6RUL1nIZu_jqKkfA,,0,,False,,,,unclassified_missing_dates,False,True,True,True,False,False
UCvieHJaUNDNfDzNEb-QxZ3g,,0,,False,,,,unclassified_missing_dates,False,True,True,True,False,False
UCvixJtaXuNdMPUGdOPcY8Ag,,0,,False,,2022-03-18T00:45:00Z,,unclassified_missing_dates,False,True,False,True,False,False
UCvjHpMmrHbx8V5UGkL3cKTg,,0,,False,,,,unclassified_missing_dates,False,True,True,True,False,False
UCvjTILtP4sO6p3MwMph7jDA,,0,,False,,,,unclassified_missing_dates,False,True,True,True,False,False
UCvlJS28PQJbHP_EpPOn8n9w,,0,,False,,,,unclassified_missing_dates,False,True,True,True,False,False
UCvlVuntLjdURVD3b3Hx7kxw,,0,,False,,,,unclassified_missing_dates,False,True,True,True,False,False
UCvmDIeafk031pv47rS8PREA,,0,,False,,,,unclassified_missing_dates,False,True,True,True,False,False
UCvmfAnzoROHl1VQigMyBOdA,,0,,False,,,,unclassified_missing_dates,False,True,True,True,False,False
UCvmmIhlJ1WpgQkJr01Nf37Q,,0,,False,,,,unclassified_missing_dates,False,True,True,True,False,False
UCvn3Y7L62eZCx7tgi8L8Gyg,,0,,False,,,,unclassified_missing_dates,False,True,True,True,False,False
UCvnMsDACZwouQFjUpmHwNyQ,,0,,False,,,,unclassified_missing_dates,False,True,True,True,False,False
UCvn_-mCo3qknnWTGoTsx-Yg,,0,,False,,,,unclassified_missing_dates,False,True,True,True,False,False
UCvr48GGl4JF3F37Ym5zlcbw,,0,,False,,,,unclassified_missing_dates,False,True,True,True,False,False
UCvrQhPtfMl_jLr2Ru8Kts1A,,0,,False,,,,unclassified_missing_dates,False,True,True,True,False,False
UCvsE5ZuQdM09dbUOpHYZCRg,,0,,False,,,,unclassified_missing_dates,False,True,True,True,False,False
UCvssZj4ViTWCot8HozPOPMQ,,0,,False,,,,unclassified_missing_dates,False,True,True,True,False,False
UCvtF7FQBHizyAgdxpUvoQ8w,,0,,False,,2023-12-05T07:21:38Z,,unclassified_missing_dates,False,True,False,True,False,False
UCvuTjs6dWdoorssgIi3C7pQ,,0,,False,,,,unclassified_missing_dates,False,True,True,True,False,False
UCvuhMO22OZ2pURSdnyix0Dw,,0,,False,,,,unclassified_missing_dates,False,True,True,True,False,False
UCvvXIG3KXFsJ1aXb8_lGwJg,,0,,False,,,,unclassified_missing_dates,False,True,True,True,False,False
UCvwpyhjRlQU1EArLTlGss5g,,0,,False,,,,unclassified_missing_dates,False,True,True,True,False,False
UCvy1bU1LK7x137MnMICjW1Q,,0,,False,,,,unclassified_missing_dates,False,True,True,True,False,False
UCvyBYAdisvCSNf8679evIkw,,0,,False,,,,unclassified_missing_dates,False,True,True,True,False,False
UCvyBqT_n0ZGrhmau9SvQDvQ,,0,,False,,,,unclassified_missing_dates,False,True,True,True,False,False
UCvyO8wpMPeu_OogCPh6XORQ,,0,,False,,,,unclassified_missing_dates,False,True,True,True,False,False
UCvzKyjSpTC2cWws81sKHglA,,0,,False,,2023-11-23T08:44:05Z,2023-12-13T08:46:45Z,first_active_after_reference,False,True,False,False,False,False
UCvzYj53DsZxNSJhCqd2Yr3g,,0,,False,,,,unclassified_missing_dates,False,True,True,True,False,False
UCvzo6p8V9w969YEHejoPXaw,,0,,False,,,,unclassified_missing_dates,False,True,True,True,False,False
UCw-SjGVT0HK7czJkLgdv3Fw,Die Carolin Kebekus Show,1,110000,True,2022-10-04T13:52:32Z,2022-04-12T10:30:05Z,2025-05-08T18:15:03Z,first_active_after_reference,False,False,False,False,False,True
UCw13flT2hS2xyAgEBv0e3kw,,0,,False,,2023-10-26T16:59:34Z,,unclassified_missing_dates,False,True,False,True,False,False
UCw1xMMCPArnc5EyFIYDi9-w,,0,,False,,,,unclassified_missing_dates,False,True,True,True,False,False
UCw293kSUSVFuQ6jdKSklqWw,,0,,False,,,,unclassified_missing_dates,False,True,True,True,False,False
UCw2EeIe3NT3VcvrWmMb3PxA,,0,,False,,,,unclassified_missing_dates,False,True,True,True,False,False
UCw2O0StjMOUaAvkyFkYJb-w,,0,,False,,,,unclassified_missing_dates,False,True,True,True,False,False
UCw2ouDCnNghay4SBBAVhwWw,,0,,False,,,,unclassified_missing_dates,False,True,True,True,False,False
UCw4qG1Hnmxv9CysXnWnjqAQ,,0,,False,,,,unclassified_missing_dates,False,True,True,True,False,False
UCw4tCZmq1iBXLycENOWQrUQ,,0,,False,,2023-10-08T10:30:05Z,2023-10-08T10:30:05Z,first_active_after_reference,False,True,False,False,False,False
UCw51_oFm3VzjqFaTwsn9Sdw,,0,,False,,,,unclassified_missing_dates,False,True,True,True,False,False
UCw5HoRKtyf9WMmYwqUsLlpg,,0,,False,,,,unclassified_missing_dates,False,True,True,True,False,False
UCw5OOLHv5e-paZQQVV7_Glw,,0,,False,,,,unclassified_missing_dates,False,True,True,True,False,False
UCw5Opn3liA_ZHoyiG6iZTvQ,,0,,False,,,,unclassified_missing_dates,False,True,True,True,False,False
UCw5h0jyaYf90poNFyIqW1cQ,,0,,False,,,,unclassified_missing_dates,False,True,True,True,False,False
UCw64MSI9P0iQlenIwAfQtgg,,0,,False,,,,unclassified_missing_dates,False,True,True,True,False,False
UCw6MWN-N__JnTPOwqeVMkRw,,0,,False,,,,unclassified_missing_dates,False,True,True,True,False,False
UCw7p-hPx5CmcJ6NwsyoqMFQ,,0,,False,,,,unclassified_missing_dates,False,True,True,True,False,False
UCw8-3a18f350uo8HiDwkRkQ,,0,,False,,,,unclassified_missing_dates,False,True,True,True,False,False
UCw8UOnQWwTb8xHx0NDC_w5g,,0,,False,,2023-10-13T15:12:49Z,2023-10-13T15:12:49Z,first_active_after_reference,False,True,False,False,False,False
UCw9zHn10HBUC9J8jSsZSZxQ,,0,,False,,,,unclassified_missing_dates,False,True,True,True,False,False
UCwA0pC8cvaIBY7poVTKHquA,,0,,False,,,,unclassified_missing_dates,False,True,True,True,False,False
UCwACr1TipwIHGb3TTmA8z1A,,0,,False,,,,unclassified_missing_dates,False,True,True,True,False,False
UCwAPHal7PgcUnGlNHIB42BQ,,0,,False,,,,unclassified_missing_dates,False,True,True,True,False,False
UCwBleIOIkr2CsdWV23w7NDg,,0,,False,,,,unclassified_missing_dates,False,True,True,True,False,False
UCwDGeB1KkiPBZRwqKdQqNSQ,,0,,False,,,,unclassified_missing_dates,False,True,True,True,False,False
UCwDkddcOJXnEyqzhXixQajA,,0,,False,,,,unclassified_missing_dates,False,True,True,True,False,False
UCwE-MAHP9aVOSvOjfQtqUKQ,,0,,False,,,,unclassified_missing_dates,False,True,True,True,False,False
UCwERxyDKxQcXG9WkqjPdfOQ,,0,,False,,,,unclassified_missing_dates,False,True,True,True,False,False
UCwEVuAToWLdlWsC9lYczWuQ,,0,,False,,,,unclassified_missing_dates,False,True,True,True,False,False
UCwEnvFgDMSYkTYr0FtXg--Q,,0,,False,,,,unclassified_missing_dates,False,True,True,True,False,False
UCwEstBKtBzzCIKCs0OTYT4Q,,0,,False,,,,unclassified_missing_dates,False,True,True,True,False,False
UCwFq6Tu4NUM7waT0d83f8Yg,,0,,False,,,,unclassified_missing_dates,False,True,True,True,False,False
UCwGeIgna4BUBgHyLamL4cAg,,0,,False,,,,unclassified_missing_dates,False,True,True,True,False,False
UCwGpHa6rMLjSSCBlckm5khw,,0,,False,,,,unclassified_missing_dates,False,True,True,True,False,False
UCwIC2qFknpZr6O-l1i-6GAw,,0,,False,,,,unclassified_missing_dates,False,True,True,True,False,False
UCwIICWLu9ZtWTBe7pR76Oeg,Bärtige Politik,1,24,False,2021-06-05T16:35:36Z,2022-11-23T17:00:07Z,,unclassified_missing_dates,False,False,False,True,False,False
UCwJ3XzxhdzmewUC80rTwNGg,,0,,False,,2023-10-21T16:32:10Z,2023-10-21T16:32:10Z,first_active_after_reference,False,True,False,False,False,False
UCwJFu1BZcR8pZNOjSHBCU6Q,,0,,False,,,,unclassified_missing_dates,False,True,True,True,False,False
UCwJXyt-C_o7slhGWLuDIkgA,,0,,False,,,,unclassified_missing_dates,False,True,True,True,False,False
UCwK-ztFsg6J-cpBFdeASMdQ,,0,,False,,,,unclassified_missing_dates,False,True,True,True,False,False
UCwLAt_qXjFH6wzbXDIKKiHQ,,0,,False,,,,unclassified_missing_dates,False,True,True,True,False,False
UCwLLr_Fo9dpdJ9UHq4A7PjA,,0,,False,,,,unclassified_missing_dates,False,True,True,True,False,False
UCwLTMMZVlnhM3lhyzADoALA,,0,,False,,,,unclassified_missing_dates,False,True,True,True,False,False
UCwMBbnVZajCs6drMuB2ZxUg,,0,,False,,,,unclassified_missing_dates,False,True,True,True,False,False
UCwMR4FlfC9UcfMSGhxXo9mg,,0,,False,,,,unclassified_missing_dates,False,True,True,True,False,False
UCwMjxMlSzv6-7jrchpCLsiw,,0,,False,,,,unclassified_missing_dates,False,True,True,True,False,False
UCwMu67yQWlRA8J3qBalALTA,,0,,False,,,,unclassified_missing_dates,False,True,True,True,False,False
UCwOPTYeeetFtYlGsyE-o6jQ,,0,,False,,,,unclassified_missing_dates,False,True,True,True,False,False
UCwOQ7W_PDROp62YNpyD9WgQ,,0,,False,,,,unclassified_missing_dates,False,True,True,True,False,False
UCwPliT3l0i4dM0uVzDnskig,,0,,False,,,,unclassified_missing_dates,False,True,True,True,False,False
UCwR1lIDDt0e1fpVeuQ1M9qA,,0,,False,,,,unclassified_missing_dates,False,True,True,True,False,False
UCwR2QBU0gdNLcEsOILViVhQ,,0,,False,,,,unclassified_missing_dates,False,True,True,True,False,False
UCwRa9m5pd355c3TJp-JxdIg,,0,,False,,,,unclassified_missing_dates,False,True,True,True,False,False
UCwRqS-dNU6ZxFJwiHT5bBHw,,0,,False,,,,unclassified_missing_dates,False,True,True,True,False,False
UCwS24t8kfC4lR9Xf_m96Cvw,,0,,False,,,,unclassified_missing_dates,False,True,True,True,False,False
UCwSO87h0SkAWI-QgkQVPLEA,,0,,False,,,,unclassified_missing_dates,False,True,True,True,False,False
UCwSpJOMw-BEn8oTkDZFiaCw,,0,,False,,,,unclassified_missing_dates,False,True,True,True,False,False
UCwV2KEq7Wygmy-wSPDuHNuw,,0,,False,,,,unclassified_missing_dates,False,True,True,True,False,False
UCwVPUIIme2qTXoYq2OA1rFQ,,0,,False,,,,unclassified_missing_dates,False,True,True,True,False,False
UCwVRHp6-4D3Qm2npj8JoXlQ,,0,,False,,,,unclassified_missing_dates,False,True,True,True,False,False
UCwWDHIwDIvZGa1XKYmpd9FA,,0,,False,,,,unclassified_missing_dates,False,True,True,True,False,False
UCwWNZP7Ij45wZ_EjunGe8Gg,,0,,False,,,,unclassified_missing_dates,False,True,True,True,False,False
UCwWVmZZF8CDmZ8gsf17I2mg,,0,,False,,,,unclassified_missing_dates,False,True,True,True,False,False
UCwWZUfq03xRy94eanKDGpPw,,0,,False,,2023-12-11T12:46:23Z,,unclassified_missing_dates,False,True,False,True,False,False
UCwYhZH6ibCYtbxF6vz91pLQ,,0,,False,,,,unclassified_missing_dates,False,True,True,True,False,False
UCwYisphuMXivDRWYsem8rIQ,,0,,False,,,,unclassified_missing_dates,False,True,True,True,False,False
UCwZ3PbL2JZF4sek5K3ZXSyQ,,0,,False,,,,unclassified_missing_dates,False,True,True,True,False,False
UCwZMUKMYXVWvrlIvBcpgj0g,,0,,False,,,,unclassified_missing_dates,False,True,True,True,False,False
UCwZPiZMrrDWnAB9pPy_ZGZQ,,0,,False,,,,unclassified_missing_dates,False,True,True,True,False,False
UCwZeN_JbApffWR5695QdQrA,,0,,False,,,,unclassified_missing_dates,False,True,True,True,False,False
UCwahnsJVPWodYOLoTQl3q6A,,0,,False,,,,unclassified_missing_dates,False,True,True,True,False,False
UCwaqWt4ZET9XxgL7aF1Mwug,,0,,False,,,,unclassified_missing_dates,False,True,True,True,False,False
UCwc2FOBXKS2f6eEGz3bbQaA,,0,,False,,,,unclassified_missing_dates,False,True,True,True,False,False
UCwc3Sdp4MRj8l72wFmOdS5w,,0,,False,,,,unclassified_missing_dates,False,True,True,True,False,False
UCwcKmB1dbrFKOSSc7TNSVtQ,,0,,False,,,,unclassified_missing_dates,False,True,True,True,False,False
UCwdJR_WRQYUn_LKfOyhXjaQ,,0,,False,,,,unclassified_missing_dates,False,True,True,True,False,False
UCwdumZM97eha5Bky0IuZzZA,,0,,False,,,,unclassified_missing_dates,False,True,True,True,False,False
UCwg9vDZBEqfQfKCKdvhtS5g,,0,,False,,,,unclassified_missing_dates,False,True,True,True,False,False
UCwgZJsUAZay82mmCACGovMw,,0,,False,,,,unclassified_missing_dates,False,True,True,True,False,False
UCwggFZNUT7p6wiemtckMrKA,,0,,False,,,,unclassified_missing_dates,False,True,True,True,False,False
UCwifWFw8-eNOvRsdspxMQaA,,0,,False,,,,unclassified_missing_dates,False,True,True,True,False,False
UCwkOs9l5lOC5r9hGUYEJb6A,,0,,False,,,,unclassified_missing_dates,False,True,True,True,False,False
UCwkZeLK6R5jWEs5am-igE_A,,0,,False,,,,unclassified_missing_dates,False,True,True,True,False,False
UCwkw0dDLnjhLUtDzk92jISA,,0,,False,,,,unclassified_missing_dates,False,True,True,True,False,False
UCwl1jMx0IwbL9s-KNgkxS7Q,,0,,False,,,,unclassified_missing_dates,False,True,True,True,False,False
UCwm3_YdmFYI1Bm4drJSvoWA,,0,,False,,,,unclassified_missing_dates,False,True,True,True,False,False
UCwm5JhBr1QBIQHPzEsXPW-A,,0,,False,,,,unclassified_missing_dates,False,True,True,True,False,False
UCwnR1MOTJPtJwEnXCDKvJXw,,0,,False,,,,unclassified_missing_dates,False,True,True,True,False,False
UCwnnfe9YqPdRyTUHK0HLdtg,,0,,False,,,,unclassified_missing_dates,False,True,True,True,False,False
UCwodWPPaPY3XQXooW7dBNVA,,0,,False,,,,unclassified_missing_dates,False,True,True,True,False,False
UCwpgHkq9OHTOuwlsjrh9OKw,,0,,False,,,,unclassified_missing_dates,False,True,True,True,False,False
UCwq3QrLfuAkXv2fWEKmRGlA,,0,,False,,,,unclassified_missing_dates,False,True,True,True,False,False
UCwqOKSsqM6dbxdmZcIhx9PQ,,0,,False,,,,unclassified_missing_dates,False,True,True,True,False,False
UCwr0BD_fbP2a8r9lTOTAcGA,,0,,False,,,,unclassified_missing_dates,False,True,True,True,False,False
UCws-wRe8k_zK4q-0I2MKGMA,,0,,False,,,,unclassified_missing_dates,False,True,True,True,False,False
UCwsGg1UEGq6LE64ZtKRh3Ug,,0,,False,,,,unclassified_missing_dates,False,True,True,True,False,False
UCwsMV1cfHhfPiLD-4ewX2KQ,,0,,False,,,,unclassified_missing_dates,False,True,True,True,False,False
UCwsWd0WdHiDP1lnYV_tzwfQ,,0,,False,,,,unclassified_missing_dates,False,True,True,True,False,False
UCwtzqeNxIl6Ftwv_EDtGSZQ,,0,,False,,,,unclassified_missing_dates,False,True,True,True,False,False
UCwu93j6LeTu4Io74yxqNH5Q,,0,,False,,,,unclassified_missing_dates,False,True,True,True,False,False
UCwwCQB9qwMOnk8unqmEYYZA,,0,,False,,,,unclassified_missing_dates,False,True,True,True,False,False
UCwwRzW41YdhO2O0klNkttUA,,0,,False,,,,unclassified_missing_dates,False,True,True,True,False,False
UCwwcYu8VNX0yxvgK2lIVgng,,0,,False,,,,unclassified_missing_dates,False,True,True,True,False,False
UCwxqVZ0McjB4yiJj5UruT1Q,,0,,False,,2023-12-26T14:30:00Z,2023-12-26T14:30:00Z,first_active_after_reference,False,True,False,False,False,False
UCwyw89q4NuOgPKzd_duIMxQ,,0,,False,,,,unclassified_missing_dates,False,True,True,True,False,False
UCwz-dQDqic-uGzcDH4FLC3w,,0,,False,,,,unclassified_missing_dates,False,True,True,True,False,False
UCx-5S_hkr4-pFA_lU_zxaoA,,0,,False,,,,unclassified_missing_dates,False,True,True,True,False,False
UCx02RV7syRYaAkn3-xQ3e-g,,0,,False,,,,unclassified_missing_dates,False,True,True,True,False,False
UCx07HkkCytT-KXoSRg3Wokg,,0,,False,,,,unclassified_missing_dates,False,True,True,True,False,False
UCx0HEhA4zNudufv8DArS1YA,,0,,False,,,,unclassified_missing_dates,False,True,True,True,False,False
UCx0nJ-QowYzEUfjrMgNhPbA,,0,,False,,,,unclassified_missing_dates,False,True,True,True,False,False
UCx15m1r9h77dJZns190QiHA,,0,,False,,,,unclassified_missing_dates,False,True,True,True,False,False
UCx1NeSShWDebzgbTzmSqTJA,,0,,False,,,,unclassified_missing_dates,False,True,True,True,False,False
UCx1WmK8XoW5UtWIzKu80Kig,,0,,False,,,,unclassified_missing_dates,False,True,True,True,False,False
UCx22oXA35U4cNMTqmHmzy4A,,0,,False,,,,unclassified_missing_dates,False,True,True,True,False,False
UCx2HhQ4axhaN33T6SDG7prw,,0,,False,,,,unclassified_missing_dates,False,True,True,True,False,False
UCx2JOb1ta1_banMt_RdqFGw,,0,,False,,2023-12-01T07:34:11Z,,unclassified_missing_dates,False,True,False,True,False,False
UCx2d8xhhRkJrE0VB-dVDNsA,,0,,False,,,,unclassified_missing_dates,False,True,True,True,False,False
UCx2v1uaC_uB0w0QudGSHH0w,,0,,False,,,,unclassified_missing_dates,False,True,True,True,False,False
UCx2zEwimLXrZrn9yQyB00YA,,0,,False,,,,unclassified_missing_dates,False,True,True,True,False,False
UCx31-NoW893jp9UVCKJuMQg,,0,,False,,,,unclassified_missing_dates,False,True,True,True,False,False
UCx3CJwbmZLlSPlxuq0olLtA,,0,,False,,,,unclassified_missing_dates,False,True,True,True,False,False
UCx4I2ND1zEiCO0BX2veeyiA,,0,,False,,,,unclassified_missing_dates,False,True,True,True,False,False
UCx4LU2L4jivKeRl4o6GgIyg,,0,,False,,,,unclassified_missing_dates,False,True,True,True,False,False
UCx5bDDqdhIv7MZRZWpv6bqA,,0,,False,,,,unclassified_missing_dates,False,True,True,True,False,False
UCx5lafQ6xI-L9reV2GoKPWg,,0,,False,,,,unclassified_missing_dates,False,True,True,True,False,False
UCx5vsxcwxcBj_AMSRn1-_lQ,,0,,False,,,,unclassified_missing_dates,False,True,True,True,False,False
UCx6KLNcWQveYWFvtOc0X_ow,,0,,False,,,,unclassified_missing_dates,False,True,True,True,False,False
UCx6XLxBZit7sGz0FOiu82yA,,0,,False,,,,unclassified_missing_dates,False,True,True,True,False,False
UCx7T0dxKkM19W7tajCeVCzw,,0,,False,,,,unclassified_missing_dates,False,True,True,True,False,False
UCx7m16BsXrMYxiroXh0_awQ,,0,,False,,,,unclassified_missing_dates,False,True,True,True,False,False
UCx7tHF2d35KA42HiN_zUrLw,,0,,False,,,,unclassified_missing_dates,False,True,True,True,False,False
UCx7vydGKsNdf69T5H-Os8fA,,0,,False,,,,unclassified_missing_dates,False,True,True,True,False,False
UCx8-JHG7hfVW50D8QgGtFSA,,0,,False,,,,unclassified_missing_dates,False,True,True,True,False,False
UCx8sobJj932vc_hF9Jd9jjw,,0,,False,,,,unclassified_missing_dates,False,True,True,True,False,False
UCx8x6QTgre1B2fmcPYoirnQ,,0,,False,,,,unclassified_missing_dates,False,True,True,True,False,False
UCx9BOOH9c1nDz2N3oInOYwA,,0,,False,,,,unclassified_missing_dates,False,True,True,True,False,False
UCx9_fm-nNV1f0b75bOMdN5A,,0,,False,,,,unclassified_missing_dates,False,True,True,True,False,False
UCx9sRBBU_wnP-m2braR2IuA,,0,,False,,,,unclassified_missing_dates,False,True,True,True,False,False
UCxADks5slYsh94iamhKeb-w,,0,,False,,,,unclassified_missing_dates,False,True,True,True,False,False
UCxBN36dEfsLJ2n8QLhZ7bjA,,0,,False,,,,unclassified_missing_dates,False,True,True,True,False,False
UCxBjv6efrm4-WU7phLgqUDQ,,0,,False,,,,unclassified_missing_dates,False,True,True,True,False,False
UCxBn-Gey6YP3P-KCS59JC7g,,0,,False,,,,unclassified_missing_dates,False,True,True,True,False,False
UCxCpgTGZQUdKV-Yzts9zoZQ,,0,,False,,2023-10-16T16:23:13Z,,unclassified_missing_dates,False,True,False,True,False,False
UCxD0AgoWNeWUrPvmPqjIr_Q,,0,,False,,,,unclassified_missing_dates,False,True,True,True,False,False
UCxD9hZjidhA9df1Vpp6uspA,,0,,False,,,,unclassified_missing_dates,False,True,True,True,False,False
UCxDVIfgkXNUY0SE7byUS7qw,,0,,False,,,,unclassified_missing_dates,False,True,True,True,False,False
UCxDvxexBH8iuqYtqIf_bg1A,,0,,False,,,,unclassified_missing_dates,False,True,True,True,False,False
UCxEDGPNqrPumPzXO3DTnsEQ,,0,,False,,,,unclassified_missing_dates,False,True,True,True,False,False
UCxEK-OwWVUSIuZX7AijEfFg,,0,,False,,,,unclassified_missing_dates,False,True,True,True,False,False
UCxFiJLbAHGga46L9ILOHJIw,,0,,False,,,,unclassified_missing_dates,False,True,True,True,False,False
UCxG0pyQE3_iNTzxLFnDItvQ,,0,,False,,,,unclassified_missing_dates,False,True,True,True,False,False
UCxH0cOZ61eZrSGkh_8sqvyg,,0,,False,,,,unclassified_missing_dates,False,True,True,True,False,False
UCxHxry8Wg02WJRzoejUWc_g,,0,,False,,,,unclassified_missing_dates,False,True,True,True,False,False
UCxHzgaZnpCs6X2BkvZWqCZQ,,0,,False,,,,unclassified_missing_dates,False,True,True,True,False,False
UCxJ2entwDBCn8eAsSXkuY5g,,0,,False,,,,unclassified_missing_dates,False,True,True,True,False,False
UCxKGMOFod59W6ci-BuyIQOQ,,0,,False,,,,unclassified_missing_dates,False,True,True,True,False,False
UCxKXyufkpnUEniNr2h14ZqQ,,0,,False,,,,unclassified_missing_dates,False,True,True,True,False,False
UCxLUgshP90QtLBaNMlimx_g,,0,,False,,,,unclassified_missing_dates,False,True,True,True,False,False
UCxLWk0986iwYqEhK4-Y9M3w,,0,,False,,,,unclassified_missing_dates,False,True,True,True,False,False
UCxLWkfh50s5GQQA4fnDqJOw,,0,,False,,,,unclassified_missing_dates,False,True,True,True,False,False
UCxM5LFmpsKE7zoX0EU4DneQ,,0,,False,,,,unclassified_missing_dates,False,True,True,True,False,False
UCxM9GLFl0TpeeViGNylzJMQ,,0,,False,,,,unclassified_missing_dates,False,True,True,True,False,False
UCxMMVTWkw1Cao4Xr2krBq_w,,0,,False,,,,unclassified_missing_dates,False,True,True,True,False,False
UCxMaqrt_DVdNI0h_d0vQgIw,,0,,False,,,,unclassified_missing_dates,False,True,True,True,False,False
UCxMeS9GSSCAHyDEFl3nJ37w,,0,,False,,,,unclassified_missing_dates,False,True,True,True,False,False
UCxN0d9Zd_Uo-fgbWE6IMwQA,,0,,False,,,,unclassified_missing_dates,False,True,True,True,False,False
UCxNHBoAbE3a9v_1WW82jebw,,0,,False,,,,unclassified_missing_dates,False,True,True,True,False,False
UCxNQjQYuqfTyi2ElKqrfx6w,,0,,False,,,,unclassified_missing_dates,False,True,True,True,False,False
UCxNmB9pzc4N9CwwuYm01ZpQ,,0,,False,,,,unclassified_missing_dates,False,True,True,True,False,False
UCxOEtdHu0HavZmWIPPkprOA,,0,,False,,,,unclassified_missing_dates,False,True,True,True,False,False
UCxOcxJK2cXCo4a-Ii30SbCw,,0,,False,,2023-11-05T16:39:31Z,2023-11-05T16:39:31Z,first_active_after_reference,False,True,False,False,False,False
UCxOsJNl0g2tA5sza4bF61KQ,,0,,False,,,,unclassified_missing_dates,False,True,True,True,False,False
UCxPY2Q3vM5uHQQJNVc8V1aw,,0,,False,,2023-12-05T11:56:21Z,,unclassified_missing_dates,False,True,False,True,False,False
UCxQABB0W9cFS9nBcWjp6AwQ,,0,,False,,,,unclassified_missing_dates,False,True,True,True,False,False
UCxQu5l6X9ep8-wFFqRYLkXQ,,0,,False,,,,unclassified_missing_dates,False,True,True,True,False,False
UCxR1MntyMMxwS5rp5m_hAsA,,0,,False,,,,unclassified_missing_dates,False,True,True,True,False,False
UCxR1k3ibdjoVQAVFFDnvLkw,,0,,False,,,,unclassified_missing_dates,False,True,True,True,False,False
UCxRJ-bXqI1zJVM1PgX5vvqg,,0,,False,,,,unclassified_missing_dates,False,True,True,True,False,False
UCxRopMpPnwabX9UoEIgF1Lw,,0,,False,,,,unclassified_missing_dates,False,True,True,True,False,False
UCxRqFvLQKwMAZ7jP16sLhRw,,0,,False,,,,unclassified_missing_dates,False,True,True,True,False,False
UCxRxDZiXqygjyBwA6d2HeBg,,0,,False,,,,unclassified_missing_dates,False,True,True,True,False,False
UCxSVMONrpFoijtYNbjkVbSw,,0,,False,,2023-11-20T13:26:52Z,2023-11-20T13:26:52Z,first_active_after_reference,False,True,False,False,False,False
UCxUWIEL-USsiPak0Qy6_vVg,,0,,False,,,,unclassified_missing_dates,False,True,True,True,False,False
UCxVH81W8WN7WXlFiLIavVfQ,,0,,False,,2023-11-18T09:00:23Z,,unclassified_missing_dates,False,True,False,True,False,False
UCxW06XR7IDF2kVP-jkkY-ig,,0,,False,,,,unclassified_missing_dates,False,True,True,True,False,False
UCxWC7U9YHvRC0f91g1CHnlg,,0,,False,,,,unclassified_missing_dates,False,True,True,True,False,False
UCxWgWNudwnryd8SrXajNc1w,,0,,False,,,,unclassified_missing_dates,False,True,True,True,False,False
UCxX5b4fGW2jlUYxI2G0xyDQ,,0,,False,,,,unclassified_missing_dates,False,True,True,True,False,False
UCxYCD9koQYcZ0JdW9oOzWwg,,0,,False,,,,unclassified_missing_dates,False,True,True,True,False,False
UCxYJlEnV9YrKWdpXL_qUsHw,,0,,False,,,,unclassified_missing_dates,False,True,True,True,False,False
UCxYVm2PAmpsHq-DwndDN8lA,,0,,False,,2023-12-01T07:14:56Z,,unclassified_missing_dates,False,True,False,True,False,False
UCxZEbwC1PBa_rAKcoFlXbPQ,,0,,False,,,,unclassified_missing_dates,False,True,True,True,False,False
UCxZpFH34Dd1Y4sedL9vQuGw,,0,,False,,,,unclassified_missing_dates,False,True,True,True,False,False
UCxZxxihtheA1xQGDso5whFw,,0,,False,,2023-10-25T14:06:49Z,2023-10-25T14:06:49Z,first_active_after_reference,False,True,False,False,False,False
UCx_hY8F2q_cS16R6QnfVQ1g,,0,,False,,,,unclassified_missing_dates,False,True,True,True,False,False
UCx_oN0xrvGyFPCpnj4Bdbjw,,0,,False,,,,unclassified_missing_dates,False,True,True,True,False,False
UCxaB0LVhebCfPeJHxFPW3RQ,,0,,False,,,,unclassified_missing_dates,False,True,True,True,False,False
UCxaVebf6NsAG9F3-Gl6OXdQ,,0,,False,,,,unclassified_missing_dates,False,True,True,True,False,False
UCxaeB5QCwV8YPzcA0b4iwww,,0,,False,,,,unclassified_missing_dates,False,True,True,True,False,False
UCxag-z4VgD5_hAFHs8gS-nA,,0,,False,,,,unclassified_missing_dates,False,True,True,True,False,False
UCxaqV9p7V8ncAC2mndgsweQ,,0,,False,,2023-10-30T18:09:07Z,,unclassified_missing_dates,False,True,False,True,False,False
UCxazCEmS2HZ7WnmnPkvzMIw,,0,,False,,,,unclassified_missing_dates,False,True,True,True,False,False
UCxb1fLzgKPkSWG-GLQvgtqg,,0,,False,,,,unclassified_missing_dates,False,True,True,True,False,False
UCxbGusN0r-6AaBE6cg0WdHg,,0,,False,,,,unclassified_missing_dates,False,True,True,True,False,False
UCxcfLfCAf6xr1N2e6bmCmWQ,,0,,False,,,,unclassified_missing_dates,False,True,True,True,False,False
UCxcqOJobNhSBeP5LL_vnl-A,,0,,False,,,,unclassified_missing_dates,False,True,True,True,False,False
UCxd6TXRowkLFmdIkhHUUIog,,0,,False,,,,unclassified_missing_dates,False,True,True,True,False,False
UCxdJhtU59RO8nMaul5nWCew,,0,,False,,,,unclassified_missing_dates,False,True,True,True,False,False
UCxdJoYgeqQFKf_7Qna0OmVA,,0,,False,,,,unclassified_missing_dates,False,True,True,True,False,False
UCxdKukZOP3s8bUJAMSrIUdQ,,0,,False,,,,unclassified_missing_dates,False,True,True,True,False,False
UCxdOSRheWGI9tdPZLF0RcNQ,,0,,False,,,,unclassified_missing_dates,False,True,True,True,False,False
UCxdXLsvSFxc1E-brjl9EFOw,,0,,False,,,,unclassified_missing_dates,False,True,True,True,False,False
UCxdsfzc_ZJJKIzqEMhQL8dQ,,0,,False,,,,unclassified_missing_dates,False,True,True,True,False,False
UCxe0sgEtREX-erVUBUHu7Fg,,0,,False,,,,unclassified_missing_dates,False,True,True,True,False,False
UCxeKoPa3J5dl2BcJOV5h-Zw,,0,,False,,,,unclassified_missing_dates,False,True,True,True,False,False
UCxeaDL_X3wMBPar_L1JAsZg,,0,,False,,,,unclassified_missing_dates,False,True,True,True,False,False
UCxf36bqcsTeA6nZ0yvRui4g,,0,,False,,,,unclassified_missing_dates,False,True,True,True,False,False
UCxfKdEN7P6hjpAwvaG5XLog,,0,,False,,2023-11-26T14:00:32Z,,unclassified_missing_dates,False,True,False,True,False,False
UCxgB2zNvkUmmVzEsXddNa8g,,0,,False,,,,unclassified_missing_dates,False,True,True,True,False,False
UCxgEWLZbLbSsXSavtObdDjQ,,0,,False,,,,unclassified_missing_dates,False,True,True,True,False,False
UCxgGUHq8VE_yE2t8OInHEbQ,,0,,False,,,,unclassified_missing_dates,False,True,True,True,False,False
UCxgxPBDZqIZBptdZq60H3fQ,,0,,False,,,,unclassified_missing_dates,False,True,True,True,False,False
UCxhemTLs2tcV4mQ9g-7YwJQ,,0,,False,,,,unclassified_missing_dates,False,True,True,True,False,False
UCxiOtv9eg_RUUTlNWe2wV1g,,0,,False,,,,unclassified_missing_dates,False,True,True,True,False,False
UCxia3mzWFM4YmaESjs2rbFw,,0,,False,,,,unclassified_missing_dates,False,True,True,True,False,False
UCxkK3MMnOBbvJV862a9HV4A,,0,,False,,,,unclassified_missing_dates,False,True,True,True,False,False
UCxkOxyhgVSw1G-uXp4RDNQA,,0,,False,,,,unclassified_missing_dates,False,True,True,True,False,False
UCxkREYqV2zWvqs8ikf0fjuw,,0,,False,,2023-10-08T05:39:35Z,2023-10-08T05:39:35Z,first_active_after_reference,False,True,False,False,False,False
UCxk_9_7WtrCLOwHIUfP_WrA,,0,,False,,,,unclassified_missing_dates,False,True,True,True,False,False
UCxlnSsU8vWEQtsiBab-Cp8w,,0,,False,,,,unclassified_missing_dates,False,True,True,True,False,False
UCxmZloLuyRd3Y6Izvn_f1pQ,,0,,False,,,,unclassified_missing_dates,False,True,True,True,False,False
UCxmePVE3u1rAGDrfjoACgeQ,,0,,False,,,,unclassified_missing_dates,False,True,True,True,False,False
UCxmhfC04y01RmpL1cr1ouxA,,0,,False,,,,unclassified_missing_dates,False,True,True,True,False,False
UCxoODKlB2jRnNdxYlTYSpOQ,,0,,False,,,,unclassified_missing_dates,False,True,True,True,False,False
UCxp1SvciwvU5dVev4zU3TFg,,0,,False,,,,unclassified_missing_dates,False,True,True,True,False,False
UCxp52tneM5hS5Q_eBjeL0kw,,0,,False,,,,unclassified_missing_dates,False,True,True,True,False,False
UCxp5mNlS-AjqYYMnnRtlFOw,,0,,False,,,,unclassified_missing_dates,False,True,True,True,False,False
UCxpX9ujsVZxG_Bi_UEI6K0A,,0,,False,,,,unclassified_missing_dates,False,True,True,True,False,False
UCxpkxL7w8o9e7t74uuDtWRw,,0,,False,,,,unclassified_missing_dates,False,True,True,True,False,False
UCxqVKO5rO5k_rPimdlJUk1g,,0,,False,,,,unclassified_missing_dates,False,True,True,True,False,False
UCxr0G1zXQXs-gdlL3utPhbw,,0,,False,,,,unclassified_missing_dates,False,True,True,True,False,False
UCxr5pX7sLP8uoPqSEwl8fpg,,0,,False,,,,unclassified_missing_dates,False,True,True,True,False,False
UCxrFLz4to3F1qTdbKxdhzEw,,0,,False,,,,unclassified_missing_dates,False,True,True,True,False,False
UCxrL7MVRta2QpvhaTt8oAbA,,0,,False,,,,unclassified_missing_dates,False,True,True,True,False,False
UCxrLbI7PpPfXaUOrP6tE5IA,,0,,False,,,,unclassified_missing_dates,False,True,True,True,False,False
UCxrW3_MxSuLS1KnhmHNjDZQ,,0,,False,,,,unclassified_missing_dates,False,True,True,True,False,False
UCxraIhn42-nWePt777fLWzw,,0,,False,,2023-10-16T15:51:11Z,2023-12-09T18:13:12Z,first_active_after_reference,False,True,False,False,False,False
UCxspRXbtOcqSkxkU_Siw1pw,,0,,False,,,,unclassified_missing_dates,False,True,True,True,False,False
UCxtESziHtcCQykY5328MC8g,,0,,False,,,,unclassified_missing_dates,False,True,True,True,False,False
UCxuHzFW0IBcGaVNQFfi9Vbw,,0,,False,,,,unclassified_missing_dates,False,True,True,True,False,False
UCxuN9V0t7TsFxpSoE-X7RoA,,0,,False,,,,unclassified_missing_dates,False,True,True,True,False,False
UCxvEiTePCzUE46Mb9JMePxg,,0,,False,,,,unclassified_missing_dates,False,True,True,True,False,False
UCxv_P85qv3I18eFPlgwm0uw,,0,,False,,,,unclassified_missing_dates,False,True,True,True,False,False
UCxwi5m34uobYI8NSGIDa67g,,0,,False,,,,unclassified_missing_dates,False,True,True,True,False,False
UCxxRVrztcp_k29umaSw6HjQ,,0,,False,,,,unclassified_missing_dates,False,True,True,True,False,False
UCxyCUQqoGHyTuUux58CWfDw,,0,,False,,,,unclassified_missing_dates,False,True,True,True,False,False
UCxyrt0aYO4U-EFQ1wuFKjKQ,,0,,False,,,,unclassified_missing_dates,False,True,True,True,False,False
UCxyyySXw3BjFMDMEU4sYzww,,0,,False,,,,unclassified_missing_dates,False,True,True,True,False,False
UCy-qWc3CKeQ1VWSO9M_1Ssg,,0,,False,,2023-11-26T10:44:23Z,,unclassified_missing_dates,False,True,False,True,False,False
UCy05-VOMQTXihVGMLIJ8tbQ,,0,,False,,,,unclassified_missing_dates,False,True,True,True,False,False
UCy06EghkdRhjnTbmyzlGhRQ,,0,,False,,,,unclassified_missing_dates,False,True,True,True,False,False
UCy0Bx2w1xq_xWjcpavxiwAg,,0,,False,,,,unclassified_missing_dates,False,True,True,True,False,False
UCy0fZcMImn2xwmp25x5rlmQ,,0,,False,,,,unclassified_missing_dates,False,True,True,True,False,False
UCy0unb1dTENBmR7GiLHA-gw,,0,,False,,,,unclassified_missing_dates,False,True,True,True,False,False
UCy1uTUunF76Z2aaE3jFrA0A,,0,,False,,,,unclassified_missing_dates,False,True,True,True,False,False
UCy2A6uiwV5n88gvCEW7FcRg,,0,,False,,,,unclassified_missing_dates,False,True,True,True,False,False
UCy4kcn-b-xTKSzIc6eCgeSg,,0,,False,,,,unclassified_missing_dates,False,True,True,True,False,False
UCy5WpJnb7qX9ZMhvFfb4dDg,,0,,False,,,,unclassified_missing_dates,False,True,True,True,False,False
UCy5rb-W26GhcK68a113FoBw,,0,,False,,,,unclassified_missing_dates,False,True,True,True,False,False
UCy6FE2ZwnlXcSnsl12bKNzg,,0,,False,,,,unclassified_missing_dates,False,True,True,True,False,False
UCy7GI0ctWnXO_MqUqL12DuA,,0,,False,,,,unclassified_missing_dates,False,True,True,True,False,False
UCy8qKlhRzF1V75jsTL5TJRw,,0,,False,,,,unclassified_missing_dates,False,True,True,True,False,False
UCy9X2zMHsw9x1F01I9KPL7A,,0,,False,,,,unclassified_missing_dates,False,True,True,True,False,False
UCy9fpufzyxWzc0FroaIXpuA,,0,,False,,,,unclassified_missing_dates,False,True,True,True,False,False
UCy9svjUuqyYG8XU2mxGaE_A,,0,,False,,,,unclassified_missing_dates,False,True,True,True,False,False
UCy9xR8EtOBMa9lt5BeU4lfg,,0,,False,,,,unclassified_missing_dates,False,True,True,True,False,False
UCyA8c48c5UPINlONUYLbj-A,,0,,False,,,,unclassified_missing_dates,False,True,True,True,False,False
UCyBRWdrzXOci843lpV92bNg,,0,,False,,,,unclassified_missing_dates,False,True,True,True,False,False
UCyBydxntbmGaTCJnXwtvxPg,,0,,False,,,,unclassified_missing_dates,False,True,True,True,False,False
UCyCoxJ7ab-nHtJ9LymedZ-g,,0,,False,,,,unclassified_missing_dates,False,True,True,True,False,False
UCyCrrGjPb7t_fk6mxemCIxw,,0,,False,,,,unclassified_missing_dates,False,True,True,True,False,False
UCyDYkNaqqC-YI3NkG71QUWw,,0,,False,,,,unclassified_missing_dates,False,True,True,True,False,False
UCyEEdTCJ-WpHzqmOlbRlhNw,,0,,False,,,,unclassified_missing_dates,False,True,True,True,False,False
UCyE_qz_2ndfgpYl4dCCD4vA,,0,,False,,,,unclassified_missing_dates,False,True,True,True,False,False
UCyEw-nPmOgo18LPK7wkkdtQ,,0,,False,,,,unclassified_missing_dates,False,True,True,True,False,False
UCyG8fDB-wIkdjprZD-0TI6Q,,0,,False,,,,unclassified_missing_dates,False,True,True,True,False,False
UCyGOloOIJWt8NlE4tnejQeA,,0,,False,,,,unclassified_missing_dates,False,True,True,True,False,False
UCyGcBMc5nVctUHEv_at7YfA,,0,,False,,,,unclassified_missing_dates,False,True,True,True,False,False
UCyGgCweZprmkNVzZyH9Av-Q,,0,,False,,,,unclassified_missing_dates,False,True,True,True,False,False
UCyIx5TXiCplkR_GeRKSgepA,,0,,False,,,,unclassified_missing_dates,False,True,True,True,False,False
UCyJ52xscqRdb7z3GsVub_Ew,,0,,False,,,,unclassified_missing_dates,False,True,True,True,False,False
UCyJIplxoOlrOrVKjADOXGrg,,0,,False,,2024-01-03T15:12:21Z,,unclassified_missing_dates,False,True,False,True,False,False
UCyJYcvdGd_rfsIRuTYrmb7A,,0,,False,,,,unclassified_missing_dates,False,True,True,True,False,False
UCyK7mEe-h--VesZdvqf_SnA,,0,,False,,,,unclassified_missing_dates,False,True,True,True,False,False
UCyKfAITBVgT0AWQv8EvVzgw,,0,,False,,,,unclassified_missing_dates,False,True,True,True,False,False
UCyKmDYd-ZxH7UzImoxo7KEQ,,0,,False,,,,unclassified_missing_dates,False,True,True,True,False,False
UCyLKeyuj0ooRRaBNiN5MoBg,,0,,False,,,,unclassified_missing_dates,False,True,True,True,False,False
UCyLp4j2cfqinQQr2yN8QhGQ,,0,,False,,,,unclassified_missing_dates,False,True,True,True,False,False
UCyLzpJtQVKP_zPPhevWOMCw,,0,,False,,,,unclassified_missing_dates,False,True,True,True,False,False
UCyMiqEgsnXwoyb2cA1ysSXw,,0,,False,,,,unclassified_missing_dates,False,True,True,True,False,False
UCyMj05SycbG-Y3eSNUbkAEw,,0,,False,,,,unclassified_missing_dates,False,True,True,True,False,False
UCyMtgFdVBkxCs7bi2jwcemQ,,0,,False,,2023-11-04T03:00:31Z,,unclassified_missing_dates,False,True,False,True,False,False
UCyN3m3yKMi90eoMbcZv9wRg,,0,,False,,,,unclassified_missing_dates,False,True,True,True,False,False
UCyN49w93ZUjFTimSRTSCcvQ,,0,,False,,,,unclassified_missing_dates,False,True,True,True,False,False
UCyNAYoTmiedNicbTJFGh3Jw,,0,,False,,2023-11-20T11:44:41Z,,unclassified_missing_dates,False,True,False,True,False,False
UCyNGl2rbki1mZZM5Uc3WyTA,,0,,False,,,,unclassified_missing_dates,False,True,True,True,False,False
UCyNK7n4aKLEk6r1V59LD2qA,,0,,False,,,,unclassified_missing_dates,False,True,True,True,False,False
UCyNrxaAqiwQABAt8opkxJ_Q,,0,,False,,,,unclassified_missing_dates,False,True,True,True,False,False
UCyOSgj6yxWcc2G1F9mLod0w,,0,,False,,,,unclassified_missing_dates,False,True,True,True,False,False
UCyOdKXiO4M5xnQDZ2vB4Pwg,,0,,False,,,,unclassified_missing_dates,False,True,True,True,False,False
UCyPcq8c5QlRO01GekCxUEpA,,0,,False,,,,unclassified_missing_dates,False,True,True,True,False,False
UCyPp9oZo6rCVQxexiXCJbLQ,,0,,False,,,,unclassified_missing_dates,False,True,True,True,False,False
UCyQMsqGl4zLY255p1FaYLNA,,0,,False,,,,unclassified_missing_dates,False,True,True,True,False,False
UCyQUcr403lJC-8pQhDyguBw,,0,,False,,,,unclassified_missing_dates,False,True,True,True,False,False
UCyR6RS0pddFOKK_JodCtHbQ,,0,,False,,,,unclassified_missing_dates,False,True,True,True,False,False
UCyRYZlLzKYULHXdj3SUtBxw,,0,,False,,2023-11-29T11:00:35Z,2023-12-26T11:00:05Z,first_active_after_reference,False,True,False,False,False,False
UCyRZdSy57ZsPs4BJKT4jUCw,,0,,False,,,,unclassified_missing_dates,False,True,True,True,False,False
UCySWvvStkqwqAuoqwDTRjUA,,0,,False,,,,unclassified_missing_dates,False,True,True,True,False,False
UCySkayGHLqRrmOiU1Lrp3VQ,,0,,False,,,,unclassified_missing_dates,False,True,True,True,False,False
UCySyEQWXKZlXsVUXGIfVZ3A,,0,,False,,,,unclassified_missing_dates,False,True,True,True,False,False
UCyTIhzPc8Dp7y9Ipwe_KV1A,,0,,False,,2023-11-10T23:05:00Z,,unclassified_missing_dates,False,True,False,True,False,False
UCyV98-mue3Mk9nQhQjuZSlQ,,0,,False,,,,unclassified_missing_dates,False,True,True,True,False,False
UCyVDKP4Q6_qqIjCviy6N58w,,0,,False,,,,unclassified_missing_dates,False,True,True,True,False,False
UCyX_QLSJYt1Yi4KwBc5fZDg,,0,,False,,,,unclassified_missing_dates,False,True,True,True,False,False
UCyXnCqT7Tw5fsAVU8zGqDBw,,0,,False,,,,unclassified_missing_dates,False,True,True,True,False,False
UCyXswE2FMLG7RZ01EmrAhpw,,0,,False,,,,unclassified_missing_dates,False,True,True,True,False,False
UCyXv-8Rb9ibaMpUIeAHBc7w,,0,,False,,,,unclassified_missing_dates,False,True,True,True,False,False
UCyZ0WlDao_atY9fsIxsvc2w,,0,,False,,,,unclassified_missing_dates,False,True,True,True,False,False
UCyZJYKGgs3ne8pYgnpr9SGw,,0,,False,,,,unclassified_missing_dates,False,True,True,True,False,False
UCyZXRiytLm0x7GSSr2AZY8g,,0,,False,,,,unclassified_missing_dates,False,True,True,True,False,False
UCyZYMwDcYbnpFdW-r5e2YcQ,,0,,False,,,,unclassified_missing_dates,False,True,True,True,False,False
UCyZeC1t3nVNJVChzmES_Dyw,,0,,False,,,,unclassified_missing_dates,False,True,True,True,False,False
UCy_1k6XBDjML4rYlNZZcPxg,,0,,False,,,,unclassified_missing_dates,False,True,True,True,False,False
UCy_Q1BuAotavXAY0MYIkj_g,,0,,False,,,,unclassified_missing_dates,False,True,True,True,False,False
UCy_iSVLcWzMQmWfwJWnHTfQ,,0,,False,,,,unclassified_missing_dates,False,True,True,True,False,False
UCya1c4OA5D9zqDY0FmLr4pQ,,0,,False,,2023-10-21T15:16:00Z,2023-10-21T15:16:00Z,first_active_after_reference,False,True,False,False,False,False
UCyarRH3tvIGFXfXchQFSrpg,,0,,False,,,,unclassified_missing_dates,False,True,True,True,False,False
UCyckV8FpsxAs_2HefVigObQ,,0,,False,,,,unclassified_missing_dates,False,True,True,True,False,False
UCyczvB_IvA7V1a5BXXu3CRg,,0,,False,,,,unclassified_missing_dates,False,True,True,True,False,False
UCydxZZTjZ8tX56LHCrfAPTw,,0,,False,,,,unclassified_missing_dates,False,True,True,True,False,False
UCyer20rbjDTONUhIQPrNEOA,,0,,False,,,,unclassified_missing_dates,False,True,True,True,False,False
UCyf76WZtHMCVgcvDDzTPBlQ,,0,,False,,,,unclassified_missing_dates,False,True,True,True,False,False
UCyg3X65pl4X93x2rxZgbS7g,,0,,False,,,,unclassified_missing_dates,False,True,True,True,False,False
UCygxhSWf2aPVbyczNZ_UL6A,,0,,False,,,,unclassified_missing_dates,False,True,True,True,False,False
UCyh4mLVqs699z7fw0iRVXFg,,0,,False,,,,unclassified_missing_dates,False,True,True,True,False,False
UCyhAm6zASIXtEQNimEDxNUw,,0,,False,,,,unclassified_missing_dates,False,True,True,True,False,False
UCyhEZKz-LOwgktptEOh6_Iw,,0,,False,,2022-03-03T00:14:48Z,,unclassified_missing_dates,False,True,False,True,False,False
UCyhI4QTLfuNBCzX-gtagw1g,,0,,False,,,,unclassified_missing_dates,False,True,True,True,False,False
UCyj1hwXKpqbxhXQgMxO9ACg,,0,,False,,,,unclassified_missing_dates,False,True,True,True,False,False
UCyjzwxMHEy1KnTtjD9c2lmw,,0,,False,,,,unclassified_missing_dates,False,True,True,True,False,False
UCyk6fT-rVU5_JfoHGG6hhpg,,0,,False,,,,unclassified_missing_dates,False,True,True,True,False,False
UCylU9JNMJVuBQeKutSwk9sA,,0,,False,,,,unclassified_missing_dates,False,True,True,True,False,False
UCym8ipjVYWCT79TcYAD1jWw,,0,,False,,,,unclassified_missing_dates,False,True,True,True,False,False
UCymjHAjgGQsL3Mfq9cZkQaw,,0,,False,,,,unclassified_missing_dates,False,True,True,True,False,False
UCynDYI_921_qQNMmbNSwh7g,,0,,False,,,,unclassified_missing_dates,False,True,True,True,False,False
UCynWBCJMjJ8gviU46V3DU9w,,0,,False,,,,unclassified_missing_dates,False,True,True,True,False,False
UCyny-dfYPbE-CjAkzkZqF8A,,0,,False,,,,unclassified_missing_dates,False,True,True,True,False,False
UCyoGb3SMlTlB8CLGVH4c8Rw,,0,,False,,,,unclassified_missing_dates,False,True,True,True,False,False
UCyoYLB1N1yghO8ze0uKarkw,,0,,False,,,,unclassified_missing_dates,False,True,True,True,False,False
UCypMnbly5h4KmM0I2K9y0YA,,0,,False,,,,unclassified_missing_dates,False,True,True,True,False,False
UCyq5NAKTqqvDIWbVTq3Hy6g,,0,,False,,,,unclassified_missing_dates,False,True,True,True,False,False
UCyqGV_lmibPv7WxGimb5MFg,,0,,False,,,,unclassified_missing_dates,False,True,True,True,False,False
UCyrQSvn6_25rINepVZ6H0qQ,,0,,False,,,,unclassified_missing_dates,False,True,True,True,False,False
UCyrlo8f5ZM3WsHTDgavRr9g,,0,,False,,,,unclassified_missing_dates,False,True,True,True,False,False
UCys4ncB8PK0AMqdPnDeDRMg,,0,,False,,,,unclassified_missing_dates,False,True,True,True,False,False
UCytKmCjSQ3TT8fixM5hDxfg,,0,,False,,,,unclassified_missing_dates,False,True,True,True,False,False
UCytaIcrvPsiLogNTEke5n5w,,0,,False,,,,unclassified_missing_dates,False,True,True,True,False,False
UCytdZY74Euvp_7EBAYkKhkg,,0,,False,,,,unclassified_missing_dates,False,True,True,True,False,False
UCytrEAlh6sMn4sJkyuAGs1Q,,0,,False,,,,unclassified_missing_dates,False,True,True,True,False,False
UCyuMZ_Jfz7eJPrIiWKHOYvg,,0,,False,,,,unclassified_missing_dates,False,True,True,True,False,False
UCyuhIPMdJHSClSe5Sl_tCNQ,,0,,False,,,,unclassified_missing_dates,False,True,True,True,False,False
UCyvajf5v2vSHrwWgAdJp1ng,,0,,False,,,,unclassified_missing_dates,False,True,True,True,False,False
UCyvio0DtGtcgirafv6jV4Lg,,0,,False,,2023-11-03T08:01:34Z,2023-12-13T15:48:37Z,first_active_after_reference,False,True,False,False,False,False
UCyw-NpaizmAD_5qQJ4MieVg,,0,,False,,,,unclassified_missing_dates,False,True,True,True,False,False
UCywD8g1UgJla_hAxk9cOlXQ,,0,,False,,,,unclassified_missing_dates,False,True,True,True,False,False
UCywKKVD7V2YQV2GgKbrVgvQ,,0,,False,,,,unclassified_missing_dates,False,True,True,True,False,False
UCywe4fPsyBYoQm38-0MFv_Q,,0,,False,,,,unclassified_missing_dates,False,True,True,True,False,False
UCyws1khXA6SktPKA37NA-jw,,0,,False,,,,unclassified_missing_dates,False,True,True,True,False,False
UCyx7yblsPR9_UZzDsn8bDeg,,0,,False,,,,unclassified_missing_dates,False,True,True,True,False,False
UCyxktPu5Uf3qHnPAkwq18UA,,0,,False,,,,unclassified_missing_dates,False,True,True,True,False,False
UCyxtgwe-ilFaqrY2vKnQlhg,,0,,False,,,,unclassified_missing_dates,False,True,True,True,False,False
UCyyvWdiJZ0qBTTYg5c55D5w,,0,,False,,,,unclassified_missing_dates,False,True,True,True,False,False
UCyz0RNyWuM_ZRoUGYp--X7w,,0,,False,,2023-12-06T14:21:19Z,,unclassified_missing_dates,False,True,False,True,False,False
UCz-73Lnl3OkBLaRTtCABpTw,,0,,False,,,,unclassified_missing_dates,False,True,True,True,False,False
UCz-gqH8aqbUB3G511naSQfg,,0,,False,,,,unclassified_missing_dates,False,True,True,True,False,False
UCz1oDbe1JOEcv6F3MPIOXxA,,0,,False,,,,unclassified_missing_dates,False,True,True,True,False,False
UCz1wzaGCHLZ79pyApwIwgmg,,0,,False,,,,unclassified_missing_dates,False,True,True,True,False,False
UCz1x_GE_uH1iGBpBIhtCeTA,,0,,False,,,,unclassified_missing_dates,False,True,True,True,False,False
UCz2RljPSPZL_J87hI8SB4fw,,0,,False,,,,unclassified_missing_dates,False,True,True,True,False,False
UCz2qfX9VZiMpIRhf29ENrKA,,0,,False,,,,unclassified_missing_dates,False,True,True,True,False,False
UCz3kX5AkfJenwt_QSpUrYQw,,0,,False,,2023-10-25T20:15:37Z,,unclassified_missing_dates,False,True,False,True,False,False
UCz3of7JK7AIdX5Xoph1jayA,,0,,False,,,,unclassified_missing_dates,False,True,True,True,False,False
UCz3zm6LZqJcVnmWGSO-v3fg,,0,,False,,,,unclassified_missing_dates,False,True,True,True,False,False
UCz50Yiv-mNfmTZ4hDnttiWg,,0,,False,,,,unclassified_missing_dates,False,True,True,True,False,False
UCz5ThvnRPiVOyoubKpS1Cvw,,0,,False,,,,unclassified_missing_dates,False,True,True,True,False,False
UCz5b0IjxNFIwLOJnGnO5Z_w,,0,,False,,,,unclassified_missing_dates,False,True,True,True,False,False
UCz8EprWV7811XTedRLQZ8Dg,,0,,False,,,,unclassified_missing_dates,False,True,True,True,False,False
UCz8QaiQxApLq8sLNcszYyJw,,0,,False,,2023-07-12T22:37:15Z,,unclassified_missing_dates,False,True,False,True,False,False
UCz9-tKDzro7d8OpuK0dIB-A,,0,,False,,,,unclassified_missing_dates,False,True,True,True,False,False
UCz93ENulHvSTN0cmT--zcyg,,0,,False,,,,unclassified_missing_dates,False,True,True,True,False,False
UCz9oQ_8SFL2QOHJr8k26wWA,,0,,False,,,,unclassified_missing_dates,False,True,True,True,False,False
UCzABoOdRnT4tVs9XYSsyfUg,,0,,False,,,,unclassified_missing_dates,False,True,True,True,False,False
UCzBNdrkZoMnVcV7sbsO1nLQ,,0,,False,,,,unclassified_missing_dates,False,True,True,True,False,False
UCzBPSds1-42uku5iYVVcplg,,0,,False,,,,unclassified_missing_dates,False,True,True,True,False,False
UCzCJ5oC6ZOX6lvoxg7XIBcg,,0,,False,,,,unclassified_missing_dates,False,True,True,True,False,False
UCzCcYggtj78XeEkFniRpNGw,,0,,False,,,,unclassified_missing_dates,False,True,True,True,False,False
UCzCi4-vzMHxdqPQ11WLP7Kg,,0,,False,,2023-10-24T05:45:41Z,2023-10-24T05:45:41Z,first_active_after_reference,False,True,False,False,False,False
UCzCrMb_3JMXy5DS65S76mfA,,0,,False,,,,unclassified_missing_dates,False,True,True,True,False,False
UCzDAlzB-x-TUMTSKFIFcc1w,,0,,False,,,,unclassified_missing_dates,False,True,True,True,False,False
UCzDh3j3GIXYNBsVkoZLPDYw,,0,,False,,,,unclassified_missing_dates,False,True,True,True,False,False
UCzDq8WsNb499XPeL6B89sCA,,0,,False,,,,unclassified_missing_dates,False,True,True,True,False,False
UCzEcAd4WGbF1k0IpJpPUV0A,,0,,False,,,,unclassified_missing_dates,False,True,True,True,False,False
UCzFCBGJfCMSHyIPDuJ2YcCg,,0,,False,,,,unclassified_missing_dates,False,True,True,True,False,False
UCzFbO-OvalM7prF3lU40pgg,,0,,False,,,,unclassified_missing_dates,False,True,True,True,False,False
UCzG4mvyuYcbMzsq6F0IYhsQ,,0,,False,,,,unclassified_missing_dates,False,True,True,True,False,False
UCzG9V1A5I4fg9KVMLqIQDtw,,0,,False,,,,unclassified_missing_dates,False,True,True,True,False,False
UCzI86pH1kXFyPYW7L1wZ69g,,0,,False,,,,unclassified_missing_dates,False,True,True,True,False,False
UCzJKf7Q_SAjC1Mxm7R-yJXQ,,0,,False,,,,unclassified_missing_dates,False,True,True,True,False,False
UCzJiDShNPSQXV2OBCA4OQfw,,0,,False,,,,unclassified_missing_dates,False,True,True,True,False,False
UCzJoRuP6xtDbjT_nO6El0TQ,,0,,False,,,,unclassified_missing_dates,False,True,True,True,False,False
UCzK7kKyHM91F5JM428hOKRQ,,0,,False,,,,unclassified_missing_dates,False,True,True,True,False,False
UCzKglFwuQe0XuRYwByseIZg,,0,,False,,,,unclassified_missing_dates,False,True,True,True,False,False
UCzL57ztaofHnV3FLI4EGibQ,,0,,False,,,,unclassified_missing_dates,False,True,True,True,False,False
UCzLAKzna28f1CyMAm8GJQlw,,0,,False,,,,unclassified_missing_dates,False,True,True,True,False,False
UCzLSlbsJYpFOlQ1or-6Ot5w,,0,,False,,,,unclassified_missing_dates,False,True,True,True,False,False
UCzM2tZID1LS4y5p4GNEz9EQ,,0,,False,,,,unclassified_missing_dates,False,True,True,True,False,False
UCzMnGSoT2y6nTtqX-1P_PhA,,0,,False,,,,unclassified_missing_dates,False,True,True,True,False,False
UCzNjkPUwnHEULEhnWookIVw,,0,,False,,,,unclassified_missing_dates,False,True,True,True,False,False
UCzNsLVBNlGO2PSS_Xi_n8ew,,0,,False,,,,unclassified_missing_dates,False,True,True,True,False,False
UCzNvNZFjiQmG1Hh_g3jHEsQ,,0,,False,,,,unclassified_missing_dates,False,True,True,True,False,False
UCzQJ1ZNuyXHqJWX8dCMTRuA,,0,,False,,,,unclassified_missing_dates,False,True,True,True,False,False
UCzRWhhZWW7MvL7cmoST29bQ,,0,,False,,,,unclassified_missing_dates,False,True,True,True,False,False
UCzRjeqF-hOKxUql9P1i2AsA,,0,,False,,,,unclassified_missing_dates,False,True,True,True,False,False
UCzRo82VzXa_XgySyH-D5lqA,,0,,False,,2023-12-02T16:00:19Z,,unclassified_missing_dates,False,True,False,True,False,False
UCzSQwCWc83HVq6RwxNwVe7Q,,0,,False,,,,unclassified_missing_dates,False,True,True,True,False,False
UCzTCJkzxGEru4J4OAofUCDQ,,0,,False,,,,unclassified_missing_dates,False,True,True,True,False,False
UCzThpjmy6sl6IQUzUR1Iwug,,0,,False,,,,unclassified_missing_dates,False,True,True,True,False,False
UCzTkBUaJAqgNpo7QqzNop7A,,0,,False,,2023-11-28T00:32:14Z,,unclassified_missing_dates,False,True,False,True,False,False
UCzTn8bviUsYxNPONAOi5Myg,,0,,False,,,,unclassified_missing_dates,False,True,True,True,False,False
UCzU8VW4BK4jh3O4mIWH773w,,0,,False,,,,unclassified_missing_dates,False,True,True,True,False,False
UCzUWGgCGVvjotzOy9z4DLyg,,0,,False,,,,unclassified_missing_dates,False,True,True,True,False,False
UCzUf3uPRTcjkt9n-zIQmW1A,,0,,False,,,,unclassified_missing_dates,False,True,True,True,False,False
UCzXDtkvqqQ9nfE7S10Gz5ow,,0,,False,,,,unclassified_missing_dates,False,True,True,True,False,False
UCzXsbRO7_zUe9F3LUP8qA1Q,,0,,False,,,,unclassified_missing_dates,False,True,True,True,False,False
UCzYFa2xhqHhuvzNQqxV-NHg,,0,,False,,,,unclassified_missing_dates,False,True,True,True,False,False
UCzYvoKZQhJoED73CI8b6gEg,,0,,False,,,,unclassified_missing_dates,False,True,True,True,False,False
UCzZV09ZCCI2xr5QwZMCkDyA,,0,,False,,,,unclassified_missing_dates,False,True,True,True,False,False
UCzZlzz0O75wuVrekhx0aDHg,,0,,False,,,,unclassified_missing_dates,False,True,True,True,False,False
UCzZpGV2yEJbEwwd4ZwBNpVA,,0,,False,,,,unclassified_missing_dates,False,True,True,True,False,False
UCzZqMMTwz9Q9rbe0XFDtfIQ,,0,,False,,2023-12-24T01:01:52Z,2023-12-24T01:01:52Z,first_active_after_reference,False,True,False,False,False,False
UCzZwaCI2lFcMFlkQy8ktVPQ,,0,,False,,,,unclassified_missing_dates,False,True,True,True,False,False
UCz_2h1PdLPFRErD2I53rZqw,,0,,False,,,,unclassified_missing_dates,False,True,True,True,False,False
UCz_Az4d9-Juo3wJTxPI0M7w,,0,,False,,2023-10-27T11:04:13Z,,unclassified_missing_dates,False,True,False,True,False,False
UCz_ZXW2v3b0KFtaoTWsIv8Q,,0,,False,,2023-10-18T07:45:26Z,2023-10-18T07:45:26Z,first_active_after_reference,False,True,False,False,False,False
UCzaZPjV7ZP1rqr717NqhySA,,0,,False,,,,unclassified_missing_dates,False,True,True,True,False,False
UCzatKxPGgtwFseayPmjxGwA,,0,,False,,2023-10-08T09:33:06Z,2023-12-06T02:09:34Z,first_active_after_reference,False,True,False,False,False,False
UCzatxnxtaOiB7U9VG1QlZAw,,0,,False,,,,unclassified_missing_dates,False,True,True,True,False,False
UCzbBM1YAjq5E4YJT5Tsncxw,,0,,False,,,,unclassified_missing_dates,False,True,True,True,False,False
UCzcjbxQbH_kmWu3jimQPv_w,,0,,False,,,,unclassified_missing_dates,False,True,True,True,False,False
UCzcjy1v_fO5RgyRL5Y8dnIQ,,0,,False,,,,unclassified_missing_dates,False,True,True,True,False,False
UCzeQUUCdMkMGuY72N9m0ntQ,,0,,False,,,,unclassified_missing_dates,False,True,True,True,False,False
UCzeYVvi2MzB8t-RkPDbgv0w,,0,,False,,,,unclassified_missing_dates,False,True,True,True,False,False
UCzehxTX9ZUDToPlw-Ypzlow,,0,,False,,,,unclassified_missing_dates,False,True,True,True,False,False
UCzgF7XRrOYxUydVZlHGwPiA,,0,,False,,,,unclassified_missing_dates,False,True,True,True,False,False
UCzgIjk9hZmtL2I1mt7tNoqw,,0,,False,,,,unclassified_missing_dates,False,True,True,True,False,False
UCzgS31WXwktw94Gm5npKtHw,,0,,False,,2023-10-27T02:37:25Z,2023-10-28T02:01:21Z,first_active_after_reference,False,True,False,False,False,False
UCzgpCMCEfho8eIx9thtqYRw,,0,,False,,,,unclassified_missing_dates,False,True,True,True,False,False
UCzgtctfyfBb9YnxP-Hp6qEg,,0,,False,,,,unclassified_missing_dates,False,True,True,True,False,False
UCzh_PS2bYcGSSAAthbTcsqA,,0,,False,,,,unclassified_missing_dates,False,True,True,True,False,False
UCzhsw1ojSoa9dp5hZ8Vc5CQ,,0,,False,,,,unclassified_missing_dates,False,True,True,True,False,False
UCzhz8b8YBcQWCY13niJCUpg,,0,,False,,,,unclassified_missing_dates,False,True,True,True,False,False
UCzhzHAO3W794E-hbz0qyMVQ,,0,,False,,,,unclassified_missing_dates,False,True,True,True,False,False
UCziSYFB8cBdr90IQYQek-LA,,0,,False,,,,unclassified_missing_dates,False,True,True,True,False,False
UCzjJmaB9R-K_i0MY5A28eJA,,0,,False,,,,unclassified_missing_dates,False,True,True,True,False,False
UCzl7UvoPC7gE6iwiF1OaC1g,,0,,False,,,,unclassified_missing_dates,False,True,True,True,False,False
UCzmn1AbPjcTNkatYuf64zjQ,,0,,False,,,,unclassified_missing_dates,False,True,True,True,False,False
UCznMVhUdY5rjZcGJoTtiIiA,,0,,False,,,,unclassified_missing_dates,False,True,True,True,False,False
UCzngE3tseLF0j9NISaX2XLg,,0,,False,,,,unclassified_missing_dates,False,True,True,True,False,False
UCzqKY5XZV-YTDFVojuoKSPA,,0,,False,,,,unclassified_missing_dates,False,True,True,True,False,False
UCzqTa25IPNvfJOI2iGxWbhQ,,0,,False,,,,unclassified_missing_dates,False,True,True,True,False,False
UCzr9Qek3N1_XTJiRPifsMgA,,0,,False,,,,unclassified_missing_dates,False,True,True,True,False,False
UCzrSn6lRVg9z7fikmM8Aqag,,0,,False,,,,unclassified_missing_dates,False,True,True,True,False,False
UCzrX6gleAOfOwoZKvZ38Biw,,0,,False,,,,unclassified_missing_dates,False,True,True,True,False,False
UCzrZE9R0isEX4StmyEbd9Gw,,0,,False,,,,unclassified_missing_dates,False,True,True,True,False,False
UCzrjJgrGKFQm1ZSFaA5fp2A,,0,,False,,,,unclassified_missing_dates,False,True,True,True,False,False
UCzsus6qlfho_DIf7ySMZ3Gw,,0,,False,,,,unclassified_missing_dates,False,True,True,True,False,False
UCztL5dn6e0pes-YYendFR4g,,0,,False,,,,unclassified_missing_dates,False,True,True,True,False,False
UCzuEEWRSbeTgFAB2xLmjzgg,,0,,False,,,,unclassified_missing_dates,False,True,True,True,False,False
UCzuPu3S66dy2v83jxy-7diw,,0,,False,,,,unclassified_missing_dates,False,True,True,True,False,False
UCzvsHzeOGXkU60OSmF7xp7g,,0,,False,,,,unclassified_missing_dates,False,True,True,True,False,False
UCzxESdcno9Vxp1SpbsJ8VyQ,,0,,False,,2024-01-04T05:37:01Z,,unclassified_missing_dates,False,True,False,True,False,False
UCzxbrVjn8iPhK_Ho2wzew3Q,,0,,False,,,,unclassified_missing_dates,False,True,True,True,False,False
UCzxkC7DucKMHwtd-RaW5lEA,,0,,False,,,,unclassified_missing_dates,False,True,True,True,False,False
UCzyf5nKD4R5_EOJhU2lz0OA,,0,,False,,,,unclassified_missing_dates,False,True,True,True,False,False
UCzyoOGeo7ejncGNHnsBqAww,,0,,False,,,,unclassified_missing_dates,False,True,True,True,False,False
UCzzLIhDbFYU46T4VFBz_m_g,,0,,False,,,,unclassified_missing_dates,False,True,True,True,False,False
