channel_id,is_german,german_ratio,classification_country,channel_title,subscribers,hidden_subscriber_count,channel_created_at,metadata_country,video_count,first_observed_video_date,identification_video_count,first_identification_video_date,first_identification_video_ids,first_identification_queries,first_identification_run_ids,identification_queries,identification_query_count,language_classification_available,metadata_available,subscriber_count_available,eligible_german,eligible_10k,eligible_50k,eligible_current_analysis,active_before_reference,identifiable_before_reference,created_before_reference,channel_type,channel_type_label,issue_missing_language_classification,issue_missing_channel_metadata,issue_missing_first_observed_video,issue_missing_identification_date,issue_identification_before_first_observed,issue_observed_before_channel_creation
UC-5Ao5j48FBONkfprK1m5YA,1,1.0,DE,DISSLIKE,182000,0.0,2016-02-29T08:18:07Z,DE,159,2021-08-17T15:00:16Z,2.0,2021-08-31T15:00:17Z,7PWeg3NLBXg,SPD,20260630_225240,CDU|SPD,2.0,True,True,True,True,True,True,True,True,True,True,keyword_before_reference,vor Referenzdatum auffindbar,False,False,False,False,False,False
UC-75V7JVPyuhsdJnPJCP2GQ,1,1.0,DE,"DerDara - Politik, News & Debatte",180000,0.0,2023-07-05T13:52:17Z,DE,1664,2024-03-06T11:00:00Z,20.0,2024-03-18T11:00:28Z,i-9bcsbDYnY,Die Linke,20260705_000728,AfD|Die Linke|FDP,3.0,True,True,True,True,True,True,True,False,False,False,first_active_after_reference,erst nach Referenzdatum beobachtet,False,False,False,False,False,False
UC-7qscJH_SncZvCm9Ty014Q,1,1.0,AT,ServusTV On,389000,0.0,2010-01-20T12:49:19Z,AT,2198,2021-01-04T10:55:22Z,5.0,2024-02-26T14:24:54Z,E2E7ZemD1Fs,Die Linke,20260705_000728,AfD|CDU|Die Linke,3.0,True,True,True,True,True,True,True,True,False,True,active_before_keyword_after,"vorher aktiv, erst danach auffindbar",False,False,False,False,False,False
UC-UQNye_z8EqecFJluZ1PxQ,1,1.0,DE,DAZN Länderspiele,364000,0.0,2019-06-03T08:39:29Z,DE,666,2021-03-24T19:53:50Z,1.0,2023-11-17T10:20:27Z,AfNSaCk7ND0,Die Linke,20260705_000728,Die Linke,1.0,True,True,True,True,True,True,True,True,False,True,active_before_keyword_after,"vorher aktiv, erst danach auffindbar",False,False,False,False,False,False
UC-ZMxS-psFAo2NahWdE3I5g,1,0.9,DE,radioeins,83000,0.0,2009-02-20T10:03:41Z,DE,3074,2021-01-01T00:30:21Z,1.0,2021-05-17T20:00:14Z,ZHue7Bvgom0,Die Grünen,20260702_203504,Die Grünen,1.0,True,True,True,True,True,True,True,True,True,True,keyword_before_reference,vor Referenzdatum auffindbar,False,False,False,False,False,False
UC-k-5F2j4CUzuwkx1QLRlpA,1,1.0,DE,gewaltig nachhaltig,108000,0.0,2020-04-02T09:43:34Z,DE,1114,2021-01-02T18:12:26Z,1.0,2022-06-21T20:50:13Z,f3kWrda9u68,CDU,20260630_111000,CDU,1.0,True,True,True,True,True,True,True,True,False,True,active_before_keyword_after,"vorher aktiv, erst danach auffindbar",False,False,False,False,False,False
UC-pttzXDm3W7mGe7YZIAOCw,1,1.0,DE,Dirk Muchow,50200,0.0,2009-10-26T18:47:08Z,DE,1561,2022-09-30T15:29:42Z,3.0,2024-01-19T18:56:38Z,ruNa3D2UDLY,Die Grünen,20260702_203504,CDU|Die Grünen,2.0,True,True,True,True,True,True,True,False,False,True,first_active_after_reference,erst nach Referenzdatum beobachtet,False,False,False,False,False,False
UC-q8URCNmX5Wg4R9kXtW4tg,1,1.0,AT,Punkt.PRERADOVIC,154000,0.0,2020-02-02T21:06:13Z,AT,519,2021-01-04T18:19:57Z,2.0,2022-12-15T11:00:35Z,sn3Gc8jOGxc,CDU,20260630_111000,CDU|Die Grünen,2.0,True,True,True,True,True,True,True,True,False,True,active_before_keyword_after,"vorher aktiv, erst danach auffindbar",False,False,False,False,False,False
UC-qQ1TNcFK3DqD7jEK5D_jg,1,0.9,DE,Martin Lejeune,75200,0.0,2011-10-21T04:15:29Z,DE,6947,2021-01-01T00:28:46Z,31.0,2021-02-10T19:02:32Z,aZnaahUs9ic,FDP,20260705_000854,CDU|Die Grünen|Die Linke|FDP|SPD,5.0,True,True,True,True,True,True,True,True,True,True,keyword_before_reference,vor Referenzdatum auffindbar,False,False,False,False,False,False
UC-ry8ngUIJHTMBWeoARZGmA,1,1.0,DE,zeitzeugen-portal,99300,0.0,2011-02-11T10:22:33Z,DE,8965,2021-05-04T12:00:00Z,7.0,2023-06-08T16:00:37Z,r4xwNS1_7vk,CDU,20260630_111217,CDU|Die Grünen,2.0,True,True,True,True,True,True,True,True,False,True,active_before_keyword_after,"vorher aktiv, erst danach auffindbar",False,False,False,False,False,False
UC-uCV5UTtCwrjnFalOfhLkg,1,1.0,DE,Björn Banane,76100,0.0,2020-12-20T14:03:10Z,DE,1789,2022-01-19T20:15:25Z,3.0,2024-11-14T13:30:31Z,be8rcUNoJ74,Die Linke,20260705_000728,AfD|Die Grünen|Die Linke,3.0,True,True,True,True,True,True,True,True,False,True,active_before_keyword_after,"vorher aktiv, erst danach auffindbar",False,False,False,False,False,False
UC0CQVmtT10QMU-_p0td3TSQ,1,1.0,DE,Serdar Somuncu,151000,0.0,2011-10-04T09:36:19Z,DE,682,2021-12-31T09:29:20Z,1.0,2024-01-25T12:17:29Z,z0AjirMYO7U,Die Grünen,20260702_203504,Die Grünen,1.0,True,True,True,True,True,True,True,True,False,True,active_before_keyword_after,"vorher aktiv, erst danach auffindbar",False,False,False,False,False,False
UC0J2k12Zbs_tf-f7WxVhYZg,1,1.0,GE,Balthasar Becker,80600,0.0,2012-10-24T15:38:44Z,GE,620,2021-05-18T21:06:16Z,1.0,2025-10-27T17:31:17Z,Ys2owKsHJIQ,Die Linke,20260702_203800,Die Linke,1.0,True,True,True,True,True,True,True,True,False,True,active_before_keyword_after,"vorher aktiv, erst danach auffindbar",False,False,False,False,False,False
UC0RBJwg8ZfRM8TLGOKTpArA,1,1.0,,_horizont_,63400,0.0,2017-03-02T00:56:32Z,Nicht angegeben,1195,2021-01-01T20:29:14Z,12.0,2021-02-28T11:56:28Z,TcT5fh-6rdE,Die Linke,20260705_000728,AfD|CDU|Die Grünen|Die Linke|FDP,5.0,True,True,True,True,True,True,True,True,True,True,keyword_before_reference,vor Referenzdatum auffindbar,False,False,False,False,False,False
UC0gowAwNIqEOMVSuXdJHJOw,1,1.0,DE,Dr. Bernd Baumann,106000,0.0,2016-12-22T14:49:08Z,DE,181,2024-05-14T07:18:28Z,2.0,2024-06-13T17:49:35Z,8gpymMvviDo,CDU,20260630_111315,AfD|CDU,2.0,True,True,True,True,True,True,True,False,False,True,first_active_after_reference,erst nach Referenzdatum beobachtet,False,False,False,False,False,False
UC0ia0Bh33OgZ8p4emfeGG6g,1,1.0,CH,SRF Comedy,105000,0.0,2012-10-11T10:00:46Z,CH,5142,2021-01-03T19:00:06Z,1.0,2022-11-02T16:00:03Z,4GUhrD3UHfg,FDP,20260705_001039,FDP,1.0,True,True,True,True,True,True,True,True,False,True,active_before_keyword_after,"vorher aktiv, erst danach auffindbar",False,False,False,False,False,False
UC0wmQHhNnuVUAl7PBXnwDEQ,1,1.0,DE,warum.kritisch,90100,0.0,2023-01-29T22:12:19Z,DE,588,2025-02-14T22:38:07Z,2.0,2025-02-14T22:38:07Z,NJj2PDpJdZc,AfD,20260701_162442,AfD|Die Grünen,2.0,True,True,True,True,True,True,True,False,False,False,first_active_after_reference,erst nach Referenzdatum beobachtet,False,False,False,False,False,False
UC19tEGPtxdnSMZnoqYUVvzA,1,0.9,DE,Igor Welder,211000,0.0,2009-11-13T08:11:11Z,DE,1372,2021-01-01T16:40:08Z,1.0,2022-01-08T09:27:33Z,8IHzCga3umI,Die Grünen,20260702_203504,Die Grünen,1.0,True,True,True,True,True,True,True,True,True,True,keyword_before_reference,vor Referenzdatum auffindbar,False,False,False,False,False,False
UC1RF0nztcvsH2Vjhh2xDt8g,1,1.0,DE,Der Medienfuzzi,122000,0.0,2022-05-16T15:01:21Z,DE,5205,2022-05-29T20:15:33Z,53.0,2022-09-30T18:00:02Z,6_tyMniMHtM,Die Grünen,20260702_203504,AfD|CDU|Die Grünen|Die Linke|FDP|SPD,6.0,True,True,True,True,True,True,True,False,False,False,first_active_after_reference,erst nach Referenzdatum beobachtet,False,False,False,False,False,False
UC1RJJZSO2GYBrPQuiLUp1dA,1,0.9,DE,Unignorierbar: Die Stimme des Widerstands,418000,0.0,2023-04-20T10:05:38Z,DE,15845,2023-04-20T16:59:19Z,14.0,2024-05-10T17:22:02Z,-D04Lz5Kh98,Die Grünen,20260702_203504,AfD|CDU|Die Grünen|Die Linke|FDP,5.0,True,True,True,True,True,True,True,False,False,False,first_active_after_reference,erst nach Referenzdatum beobachtet,False,False,False,False,False,False
UC1cQzKmbx9x0KipvoCt4NJg,1,1.0,DE,Monitor,137000,0.0,2019-04-25T13:53:22Z,DE,473,2021-01-04T17:00:07Z,19.0,2021-02-22T17:00:32Z,oK3cbjep_FI,AfD,20260701_162327,AfD|CDU|Die Grünen|Die Linke,4.0,True,True,True,True,True,True,True,True,True,True,keyword_before_reference,vor Referenzdatum auffindbar,False,False,False,False,False,False
UC1lSJPfMswLZcpyfzmkX5HA,1,1.0,DE,TRT Deutsch,137000,0.0,2019-03-05T06:44:10Z,DE,6023,2021-01-01T20:37:38Z,15.0,2021-02-07T18:52:10Z,cMm8vRJwBls,AfD,20260701_162327,AfD|CDU|Die Grünen|Die Linke|SPD,5.0,True,True,True,True,True,True,True,True,True,True,keyword_before_reference,vor Referenzdatum auffindbar,False,False,False,False,False,False
UC1lcA9yIr-6brMzptYk_fwA,1,1.0,CH,Krall & Bubeck,165000,0.0,2024-03-19T11:17:50Z,CH,1724,2024-03-26T16:30:06Z,18.0,2024-06-04T16:30:07Z,q0KkhM6z2NQ,SPD,20260701_162148,AfD|CDU|Die Grünen|Die Linke|SPD,5.0,True,True,True,True,True,True,True,False,False,False,first_active_after_reference,erst nach Referenzdatum beobachtet,False,False,False,False,False,False
UC1qFtRUgiodtHFWRs3RY1lg,1,1.0,DE,Peter Weber,116000,0.0,2018-09-06T15:03:59Z,DE,4042,2021-01-01T07:00:07Z,13.0,2021-07-20T16:00:12Z,W881hWN9Td8,CDU,20260630_111134,CDU|Die Grünen|Die Linke|FDP,4.0,True,True,True,True,True,True,True,True,True,True,keyword_before_reference,vor Referenzdatum auffindbar,False,False,False,False,False,False
UC1w6pNGiiLdZgyNpXUnA4Zw,1,1.0,DE,DER SPIEGEL,2310000,0.0,2006-07-13T07:50:19Z,DE,13583,2021-01-01T07:30:04Z,64.0,2021-03-11T08:58:28Z,FB1SgXhdMxQ,Die Grünen,20260702_203504,AfD|CDU|Die Grünen|Die Linke|FDP|SPD,6.0,True,True,True,True,True,True,True,True,True,True,keyword_before_reference,vor Referenzdatum auffindbar,False,False,False,False,False,False
UC1y1GtNgGiAUBfQz87ltjag,1,1.0,AT,exxpressTV,70000,0.0,2021-04-08T09:26:54Z,AT,5124,2021-08-23T15:57:21Z,10.0,2023-02-27T07:10:36Z,CLP67K5e0M0,Die Grünen,20260702_203504,AfD|Die Grünen|Die Linke|FDP,4.0,True,True,True,True,True,True,True,True,False,True,active_before_keyword_after,"vorher aktiv, erst danach auffindbar",False,False,False,False,False,False
UC267Hlq_ACFuWzZYfazrDGQ,1,1.0,DE,TryReact,867000,0.0,2018-09-04T16:55:39Z,DE,2094,2021-01-01T11:30:02Z,1.0,2021-06-17T10:30:00Z,8fVyN69dExk,Die Grünen,20260702_203504,Die Grünen,1.0,True,True,True,True,True,True,True,True,True,True,keyword_before_reference,vor Referenzdatum auffindbar,False,False,False,False,False,False
UC2cJbBzyHM48MVFB6eOW9og,1,1.0,DE,stern TV,735000,0.0,2015-11-27T13:11:34Z,DE,1657,2021-01-02T15:00:02Z,7.0,2022-10-21T16:01:43Z,G-Z0rNIH0bQ,AfD,20260701_162327,AfD,1.0,True,True,True,True,True,True,True,True,False,True,active_before_keyword_after,"vorher aktiv, erst danach auffindbar",False,False,False,False,False,False
UC2n9cj1SR8lXPnNjmFl2BBw,1,1.0,DE,Neuste.news,325000,0.0,2017-01-18T18:35:00Z,DE,2854,2021-01-01T10:18:36Z,1.0,2023-08-06T13:08:35Z,0yz8pQvd-0A,Die Grünen,20260702_203504,Die Grünen,1.0,True,True,True,True,True,True,True,True,False,True,active_before_keyword_after,"vorher aktiv, erst danach auffindbar",False,False,False,False,False,False
UC2q758ZoKua2OKWxSHJiVXA,1,1.0,DE,ThekenAlarm,60200,0.0,2022-04-05T12:31:58Z,DE,4938,2022-04-05T12:37:56Z,2.0,2023-06-30T09:00:32Z,W_jXm07akUY,Die Linke,20260705_000728,Die Linke,1.0,True,True,True,True,True,True,True,False,False,False,first_active_after_reference,erst nach Referenzdatum beobachtet,False,False,False,False,False,False
UC2w2teNMpadicMg3Sd_yiyg,1,1.0,DE,RTL,426000,0.0,2013-07-04T12:42:35Z,DE,3912,2021-03-03T13:04:49Z,2.0,2025-02-15T17:00:23Z,G5iY8J_Huno,Die Grünen,20260702_203720,Die Grünen|SPD,2.0,True,True,True,True,True,True,True,True,False,True,active_before_keyword_after,"vorher aktiv, erst danach auffindbar",False,False,False,False,False,False
UC2xqE9CFcyhokm0VxdJBKpg,1,1.0,DE,Atlas Initiative für Recht und Freiheit,102000,0.0,2020-04-04T09:05:07Z,DE,590,2021-01-01T16:00:07Z,2.0,2024-05-24T11:00:50Z,t3gKiQQ439k,Die Grünen,20260702_203504,Die Grünen,1.0,True,True,True,True,True,True,True,True,False,True,active_before_keyword_after,"vorher aktiv, erst danach auffindbar",False,False,False,False,False,False
UC39NWHuZJnbL2yBidzlJfZQ,1,1.0,DE,inKev,134000,0.0,2018-05-30T15:25:04Z,DE,3577,2021-01-02T13:00:10Z,1.0,2022-05-30T14:00:15Z,Qf6kyAIebqA,AfD,20260701_162327,AfD,1.0,True,True,True,True,True,True,True,True,False,True,active_before_keyword_after,"vorher aktiv, erst danach auffindbar",False,False,False,False,False,False
UC3AdN1bEmEonuSwXNS8LixQ,1,1.0,DE,HKCM,816000,0.0,2015-01-19T10:09:48Z,DE,3649,2021-01-01T20:15:29Z,29.0,2021-08-25T16:19:24Z,lzt6CWcfpnM,CDU,20260630_111134,AfD|CDU|Die Grünen|Die Linke|FDP|SPD,6.0,True,True,True,True,True,True,True,True,True,True,keyword_before_reference,vor Referenzdatum auffindbar,False,False,False,False,False,False
UC3gJSe50HI67uKN4mO9a91g,1,1.0,DE,3nach9,102000,0.0,2011-02-10T17:25:37Z,DE,987,2021-01-16T06:48:21Z,1.0,2023-05-21T10:53:36Z,n5jZj6MRzNM,FDP,20260705_001039,FDP,1.0,True,True,True,True,True,True,True,True,False,True,active_before_keyword_after,"vorher aktiv, erst danach auffindbar",False,False,False,False,False,False
UC3hekG458EdMK2KmbGbMHmw,1,1.0,DE,Marvin Neumann,105000,0.0,2016-03-22T16:50:35Z,DE,688,2021-01-07T13:00:01Z,69.0,2021-01-15T13:00:12Z,cXrWLxtY1j4,AfD,20260701_162327,AfD|CDU|Die Grünen|Die Linke|FDP|SPD,6.0,True,True,True,True,True,True,True,True,True,True,keyword_before_reference,vor Referenzdatum auffindbar,False,False,False,False,False,False
UC3z34-ighaGmK30To86HMqw,1,0.9,,Florian Schroeder,71300,0.0,2012-04-04T16:13:38Z,Nicht angegeben,952,2021-02-01T17:30:07Z,7.0,2023-04-24T16:00:18Z,Tp4QR2I9MPU,FDP,20260705_001039,AfD|CDU|Die Grünen|FDP|SPD,5.0,True,True,True,True,True,True,True,True,False,True,active_before_keyword_after,"vorher aktiv, erst danach auffindbar",False,False,False,False,False,False
UC44EGa9fuj0AsoBqQNjn4VA,1,1.0,DE,Markus Mingers ,70500,0.0,2014-07-25T09:08:57Z,DE,1937,2021-01-07T18:00:04Z,3.0,2022-01-23T15:30:06Z,c9c5x7Yg9Us,Die Grünen,20260702_203504,AfD|Die Grünen|FDP,3.0,True,True,True,True,True,True,True,True,True,True,keyword_before_reference,vor Referenzdatum auffindbar,False,False,False,False,False,False
UC4UpKVeiRJJd-mCBQuhe_8g,1,0.9,NL,Kontraste - Der Wirtschaftsblog,53300,0.0,2022-11-17T20:29:38Z,NL,1826,2023-04-30T19:21:03Z,48.0,2023-09-12T13:15:43Z,AFM1Lnq_vqI,Die Grünen,20260702_203504,AfD|CDU|Die Grünen|Die Linke|SPD,5.0,True,True,True,True,True,True,True,False,False,False,first_active_after_reference,erst nach Referenzdatum beobachtet,False,False,False,False,False,False
UC4V1z5uOPGL0FodEEScHd8g,1,1.0,DE,Mr Rap,183000,0.0,2018-07-24T20:45:28Z,DE,1313,2021-01-02T14:00:18Z,1.0,2021-11-21T11:00:06Z,DR13cYSenII,AfD,20260701_162327,AfD,1.0,True,True,True,True,True,True,True,True,True,True,keyword_before_reference,vor Referenzdatum auffindbar,False,False,False,False,False,False
UC4gENfIXqpg-CCVN7felClg,1,1.0,DE,TOGGO,794000,0.0,2010-09-10T12:27:09Z,DE,2312,2021-01-02T05:00:02Z,1.0,2023-09-28T09:30:43Z,yuZDXs4YkYM,Die Linke,20260705_000728,Die Linke,1.0,True,True,True,True,True,True,True,True,False,True,active_before_keyword_after,"vorher aktiv, erst danach auffindbar",False,False,False,False,False,False
UC4mTAdfgY48VtPSXVWTC9wQ,1,1.0,DE,marliesjohanna,310000,0.0,2014-05-04T09:55:31Z,DE,736,2022-06-30T06:57:21Z,1.0,2025-02-03T17:24:06Z,YhY3LwVFbq0,Die Linke,20260702_203800,Die Linke,1.0,True,True,True,True,True,True,True,False,False,True,first_active_after_reference,erst nach Referenzdatum beobachtet,False,False,False,False,False,False
UC4qhj5cnX0MkbwXQ5vlI1NQ,1,1.0,AT,Kronen Zeitung,215000,0.0,2007-12-10T14:30:10Z,AT,22802,2021-04-02T15:00:30Z,15.0,2023-01-24T13:21:59Z,XZOtYH9sU1I,Die Grünen,20260702_203504,Die Grünen|Die Linke|SPD,3.0,True,True,True,True,True,True,True,True,False,True,active_before_keyword_after,"vorher aktiv, erst danach auffindbar",False,False,False,False,False,False
UC4zcMHyrT_xyWlgy5WGpFFQ,1,1.0,DE,BILD,1780000,0.0,2014-11-07T10:47:58Z,DE,36351,2021-01-25T19:30:01Z,148.0,2021-02-11T12:00:10Z,h64Qo2bAyWU,FDP,20260705_000854,AfD|CDU|Die Grünen|Die Linke|FDP|SPD,6.0,True,True,True,True,True,True,True,True,True,True,keyword_before_reference,vor Referenzdatum auffindbar,False,False,False,False,False,False
UC55YgoWqUE8IU0XZ5wBCUow,1,1.0,CH,Investinbest,88600,0.0,2020-04-28T09:34:09Z,CH,1304,2021-01-01T07:00:22Z,1.0,2024-01-31T09:30:10Z,MK289583fEU,AfD,20260701_162442,AfD,1.0,True,True,True,True,True,True,True,True,False,True,active_before_keyword_after,"vorher aktiv, erst danach auffindbar",False,False,False,False,False,False
UC55ntFpDyyt8jKEaVAgwmpA,1,1.0,AT,Christian Hafenecker,55700,0.0,2021-09-10T16:13:19Z,AT,1494,2021-09-10T18:44:06Z,15.0,2021-10-30T13:39:12Z,gM9LO-M5LRk,Die Grünen,20260702_203504,Die Grünen|Die Linke,2.0,True,True,True,True,True,True,True,True,True,True,keyword_before_reference,vor Referenzdatum auffindbar,False,False,False,False,False,False
UC5NOEUbkLheQcaaRldYW5GA,1,1.0,DE,tagesschau,2140000,0.0,2006-07-31T20:17:35Z,DE,34502,2021-01-22T13:52:22Z,421.0,2021-01-22T13:52:22Z,T_8Tb59nyYE,AfD,20260701_162327,AfD|CDU|Die Grünen|Die Linke|FDP|SPD,6.0,True,True,True,True,True,True,True,True,True,True,keyword_before_reference,vor Referenzdatum auffindbar,False,False,False,False,False,False
UC5QXyeVn0LD-2ydrr_Owe4A,1,1.0,,LACROIX,158000,0.0,2023-11-19T22:33:19Z,Nicht angegeben,952,2024-02-21T14:29:44Z,1.0,2025-09-16T11:44:15Z,Chxux_4KaFw,FDP,20260705_001039,FDP,1.0,True,True,True,True,True,True,True,False,False,False,first_active_after_reference,erst nach Referenzdatum beobachtet,False,False,False,False,False,False
UC5ShHwirTLDS6T9nro0MXaQ,1,1.0,DE,CaspianReport DE,58500,0.0,2022-03-10T19:59:31Z,DE,371,2022-03-10T20:21:54Z,1.0,2025-09-13T14:00:31Z,EiGUf1_AaF8,AfD,20260701_162442,AfD,1.0,True,True,True,True,True,True,True,False,False,False,first_active_after_reference,erst nach Referenzdatum beobachtet,False,False,False,False,False,False
UC5i6nCpwmDVKo98sZD2AAcQ,1,1.0,DE,Horst Lüning (UnterBlog),287000,0.0,2012-08-05T09:09:40Z,DE,557,2021-01-01T16:00:08Z,4.0,2022-06-08T15:00:35Z,sFp2wCBpNVE,FDP,20260705_001039,AfD|FDP,2.0,True,True,True,True,True,True,True,True,False,True,active_before_keyword_after,"vorher aktiv, erst danach auffindbar",False,False,False,False,False,False
UC5vRhLlSCrBEBuzn51ZrpBQ,1,1.0,DE,Andi wacht auf!,73400,0.0,2021-03-16T22:43:22Z,DE,626,2024-01-24T09:49:26Z,3.0,2025-06-03T08:05:17Z,CfYc84j29Wo,Die Grünen,20260702_203720,Die Grünen|Die Linke,2.0,True,True,True,True,True,True,True,False,False,True,first_active_after_reference,erst nach Referenzdatum beobachtet,False,False,False,False,False,False
UC5w2aXFKL_kLWSattQ6ekmQ,1,1.0,DE,MENTALE FITNESS,93700,0.0,2017-10-22T19:24:07Z,DE,585,2024-02-22T18:36:16Z,7.0,2024-03-02T05:42:30Z,LXTXA2n9NMQ,AfD,20260701_162442,AfD|CDU,2.0,True,True,True,True,True,True,True,False,False,True,first_active_after_reference,erst nach Referenzdatum beobachtet,False,False,False,False,False,False
UC6-3bNvn4FpTebBhsreWZBg,1,1.0,DE,UMTL Service,63400,0.0,2011-03-08T07:31:25Z,DE,5603,2021-01-01T04:30:01Z,1.0,2022-06-13T18:49:41Z,65kEpTU_1pk,FDP,20260705_001039,FDP,1.0,True,True,True,True,True,True,True,True,False,True,active_before_keyword_after,"vorher aktiv, erst danach auffindbar",False,False,False,False,False,False
UC60nUxdEh1j8gV_fWAlj_hw,1,0.9,DE,Owe Schattauer,53500,0.0,2010-11-22T13:37:29Z,DE,1111,2021-01-08T13:44:36Z,1.0,2023-04-30T10:20:05Z,Umrs8HhLltA,SPD,20260630_225317,SPD,1.0,True,True,True,True,True,True,True,True,False,True,active_before_keyword_after,"vorher aktiv, erst danach auffindbar",False,False,False,False,False,False
UC62IIFhchBWQxLPSyUatD-A,1,1.0,DE,DER AKTIONÄR TV,644000,0.0,2010-04-22T15:06:19Z,DE,31966,2021-01-07T06:50:12Z,1.0,2025-01-26T09:00:47Z,dxwsfViyh3Y,AfD,20260701_162442,AfD,1.0,True,True,True,True,True,True,True,True,False,True,active_before_keyword_after,"vorher aktiv, erst danach auffindbar",False,False,False,False,False,False
UC67IaTsbpkzgAaeRMnJt5AQ,1,1.0,DE,Vincents Zweiter,53200,0.0,2024-06-10T13:12:15Z,DE,239,2024-06-26T15:11:25Z,4.0,2025-02-21T17:13:25Z,fLHPhDZFHyA,Die Linke,20260702_203800,Die Grünen|Die Linke,2.0,True,True,True,True,True,True,True,False,False,False,first_active_after_reference,erst nach Referenzdatum beobachtet,False,False,False,False,False,False
UC6RYT0kcxYh_u8OJoAaF1Pg,1,1.0,DE,KISSLER KOMPAKT,146000,0.0,2022-11-22T10:58:35Z,DE,1159,2023-01-09T19:25:37Z,22.0,2023-01-16T19:06:39Z,_53ZcDBZwYw,CDU,20260630_111217,AfD|CDU|Die Grünen|Die Linke|FDP,5.0,True,True,True,True,True,True,True,False,False,False,first_active_after_reference,erst nach Referenzdatum beobachtet,False,False,False,False,False,False
UC6eKQpThuLPOHAf_EPyB3xw,1,0.9,AT,Marcel Reiter,373000,0.0,2019-06-02T18:14:31Z,AT,846,2021-01-03T17:00:30Z,1.0,2024-02-17T09:15:17Z,9g9idS-eIFk,Die Grünen,20260702_203504,Die Grünen,1.0,True,True,True,True,True,True,True,True,False,True,active_before_keyword_after,"vorher aktiv, erst danach auffindbar",False,False,False,False,False,False
UC6hrzR7smGOGQgOh5q5HZYQ,1,1.0,DE,HeyWolfi,167000,0.0,2006-10-12T21:09:04Z,DE,1242,2021-01-30T17:30:01Z,11.0,2022-05-20T16:30:00Z,19tiFAtPjRU,FDP,20260705_001039,AfD|CDU|Die Linke|FDP,4.0,True,True,True,True,True,True,True,True,False,True,active_before_keyword_after,"vorher aktiv, erst danach auffindbar",False,False,False,False,False,False
UC6rdE0CWPOZBJdM-b5Yk-Yg,1,0.56,DE,Micha von der Rampe,251000,0.0,2017-04-02T17:24:32Z,DE,2595,2021-01-06T15:21:20Z,1.0,2022-06-02T14:00:03Z,3zQKoJtIqck,Die Linke,20260705_000728,Die Linke,1.0,True,True,True,True,True,True,True,True,False,True,active_before_keyword_after,"vorher aktiv, erst danach auffindbar",False,False,False,False,False,False
UC6zXbTQEujMO-5CzyywlVDQ,1,1.0,DE,Browser Ballett,467000,0.0,2016-06-15T13:54:21Z,DE,718,2021-01-22T10:40:06Z,6.0,2021-08-12T13:28:24Z,HrbVq5kJfEU,AfD,20260701_162327,AfD|CDU|Die Grünen|SPD,4.0,True,True,True,True,True,True,True,True,True,True,keyword_before_reference,vor Referenzdatum auffindbar,False,False,False,False,False,False
UC70-qPE5cS_aOYAOGnM_24g,1,1.0,DE,Versicherungen mit Kopf,135000,0.0,2016-01-18T16:28:06Z,DE,1467,2021-01-04T19:00:07Z,3.0,2022-06-27T18:00:20Z,oV78yryOE9s,CDU,20260630_111000,CDU|Die Grünen,2.0,True,True,True,True,True,True,True,True,False,True,active_before_keyword_after,"vorher aktiv, erst danach auffindbar",False,False,False,False,False,False
UC71SOu9JMKd3VHJs7GipdNQ,1,1.0,CH,Zeidgenosse,73000,0.0,2009-07-16T12:08:18Z,CH,347,2021-01-01T17:45:00Z,2.0,2023-09-05T17:00:33Z,pP3OoY9tEAY,Die Grünen,20260702_203504,Die Grünen|FDP,2.0,True,True,True,True,True,True,True,True,False,True,active_before_keyword_after,"vorher aktiv, erst danach auffindbar",False,False,False,False,False,False
UC7HpbItjae9vGSvO5bYDU3w,1,1.0,US,Klavier lernen (werdemusiker.de),421000,0.0,2013-04-28T20:52:05Z,US,1317,2021-01-01T09:48:45Z,2.0,2022-09-28T13:00:35Z,mjZSb-t8CMo,Die Linke,20260705_000728,Die Linke,1.0,True,True,True,True,True,True,True,True,False,True,active_before_keyword_after,"vorher aktiv, erst danach auffindbar",False,False,False,False,False,False
UC7UmWgseKK7p3NPLo7RISdg,1,1.0,,Boris von Morgenstern,189000,0.0,2021-10-27T01:30:18Z,Nicht angegeben,1482,2021-10-27T19:38:15Z,9.0,2021-10-28T20:18:56Z,2-dv8n-AZFY,Die Grünen,20260702_203504,AfD|CDU|Die Grünen|FDP|SPD,5.0,True,True,True,True,True,True,True,True,True,True,keyword_before_reference,vor Referenzdatum auffindbar,False,False,False,False,False,False
UC7g7kvJmGit81_4R_4yxhGA,1,1.0,DE,BR Kabarett & Comedy,222000,0.0,2019-01-08T14:32:03Z,DE,1815,2021-01-24T10:04:52Z,5.0,2021-02-09T18:59:48Z,cF2jYtPSGeo,FDP,20260705_000854,AfD|Die Grünen|FDP,3.0,True,True,True,True,True,True,True,True,True,True,keyword_before_reference,vor Referenzdatum auffindbar,False,False,False,False,False,False
UC7nW8V_NntJawOXED8zJ55A,1,0.8,DE,Jürgen Höller,61900,0.0,2013-02-08T12:25:43Z,DE,712,2021-01-03T16:22:16Z,1.0,2025-01-24T16:42:15Z,VnrzDIxQsGc,Die Linke,20260702_203800,Die Linke,1.0,True,True,True,True,True,True,True,True,False,True,active_before_keyword_after,"vorher aktiv, erst danach auffindbar",False,False,False,False,False,False
UC7n_Hml4hw5H4G-HP8QPeKw,1,1.0,,:newstime,133000,0.0,2022-09-09T09:27:55Z,Nicht angegeben,10666,2022-09-09T10:38:22Z,190.0,2022-09-14T14:46:35Z,PwXUl4v33x4,FDP,20260705_001039,AfD|CDU|Die Grünen|Die Linke|FDP|SPD,6.0,True,True,True,True,True,True,True,False,False,False,first_active_after_reference,erst nach Referenzdatum beobachtet,False,False,False,False,False,False
UC7x1zUUIrccDYILEpD-gbBA,1,1.0,DE,pLOLitik,54800,0.0,2021-07-28T18:07:19Z,DE,66,2021-07-28T18:30:01Z,10.0,2021-08-24T15:30:05Z,PGkjedAlvdc,CDU,20260630_111134,AfD|CDU|Die Linke|FDP,4.0,True,True,True,True,True,True,True,True,True,True,keyword_before_reference,vor Referenzdatum auffindbar,False,False,False,False,False,False
UC8Km0txKTlSPYIJF9HwPZMA,1,1.0,US,Learn German,340000,0.0,2014-09-19T14:52:12Z,US,1268,2021-02-11T10:00:01Z,3.0,2021-03-06T14:16:37Z,jQeAsnLeMWw,AfD,20260701_162327,AfD|CDU,2.0,True,True,True,True,True,True,True,True,True,True,keyword_before_reference,vor Referenzdatum auffindbar,False,False,False,False,False,False
UC8TFpnUndPTOnxhIfzsx4mA,1,1.0,AT,Österreich zuerst,54100,0.0,2007-09-20T07:56:28Z,AT,9513,2021-01-11T11:08:08Z,3.0,2022-06-23T15:36:20Z,om2iAq_rfik,Die Grünen,20260702_203504,Die Grünen|Die Linke,2.0,True,True,True,True,True,True,True,True,False,True,active_before_keyword_after,"vorher aktiv, erst danach auffindbar",False,False,False,False,False,False
UC8TsX50arK9Ap1oNIBQmQgw,1,1.0,DE,Simon Super Hase [Deutsch],106000,0.0,2018-06-26T12:49:56Z,DE,193,2021-04-16T14:00:13Z,1.0,2021-11-26T15:30:03Z,KJpLrXa_2a8,Die Grünen,20260702_203504,Die Grünen,1.0,True,True,True,True,True,True,True,True,True,True,keyword_before_reference,vor Referenzdatum auffindbar,False,False,False,False,False,False
UC8WYi3XQXsf-6FNvqoEvxag,1,1.0,DE,RTL Sport,326000,0.0,2015-09-18T08:54:02Z,DE,6916,2021-08-26T12:51:12Z,1.0,2025-03-05T11:40:45Z,0iyMieEQILs,AfD,20260701_162442,AfD,1.0,True,True,True,True,True,True,True,True,False,True,active_before_keyword_after,"vorher aktiv, erst danach auffindbar",False,False,False,False,False,False
UC94WBmb8xvVUcV_b9Px0P3A,1,1.0,AE,Wieder Zensiert - Alles Ausser Mainstream Boschimo,93200,0.0,2020-06-30T08:43:30Z,AE,281,2024-06-02T00:22:50Z,1.0,2025-12-17T08:30:32Z,HFxkIYFQq5Y,Die Grünen,20260702_203720,Die Grünen,1.0,True,True,True,True,True,True,True,False,False,True,first_active_after_reference,erst nach Referenzdatum beobachtet,False,False,False,False,False,False
UC9QV7uZvrqbWUbIRifdWz5g,1,1.0,,Finanzdenker,54400,0.0,2021-07-29T10:59:17Z,Nicht angegeben,6185,2022-11-21T11:00:17Z,6.0,2023-04-22T17:16:33Z,znBl_sNEiUE,CDU,20260630_111217,AfD|CDU|Die Linke|FDP,4.0,True,True,True,True,True,True,True,False,False,True,first_active_after_reference,erst nach Referenzdatum beobachtet,False,False,False,False,False,False
UC9qdoYTVU413M6EvqDRZDtA,1,1.0,,Volksverpetzer,66300,0.0,2018-02-15T12:06:38Z,Nicht angegeben,337,2021-01-07T18:15:50Z,4.0,2023-09-12T13:41:24Z,5zK0HFUPIkQ,FDP,20260705_001039,AfD|FDP,2.0,True,True,True,True,True,True,True,True,False,True,active_before_keyword_after,"vorher aktiv, erst danach auffindbar",False,False,False,False,False,False
UC9wj8KPMMTnZyk0lFGlnicg,1,1.0,DE,William Niewiara,111000,0.0,2020-01-19T02:19:42Z,DE,746,2021-01-10T17:00:16Z,1.0,2021-12-02T19:30:09Z,ZsihZI6CQ8g,Die Linke,20260705_000728,Die Linke,1.0,True,True,True,True,True,True,True,True,True,True,keyword_before_reference,vor Referenzdatum auffindbar,False,False,False,False,False,False
UCA95T5bSGxNOAODBdbR2rYQ,1,1.0,DE,DieLinke,171000,0.0,2006-09-20T09:23:15Z,DE,2721,2021-01-04T13:37:33Z,393.0,2021-01-08T11:28:32Z,ekvJMG4Sq-c,Die Linke,20260705_000728,AfD|CDU|Die Linke|FDP|SPD,5.0,True,True,True,True,True,True,True,True,True,True,keyword_before_reference,vor Referenzdatum auffindbar,False,False,False,False,False,False
UCACdxU3VrJIJc7ujxtHWs1w,1,1.0,DE,euronews (deutsch),289000,0.0,2007-05-30T10:01:56Z,DE,134505,2021-02-24T00:54:10Z,91.0,2021-03-03T15:13:00Z,nC2wQ6SdyTw,AfD,20260701_162327,AfD|CDU|Die Grünen|Die Linke|FDP|SPD,6.0,True,True,True,True,True,True,True,True,True,True,keyword_before_reference,vor Referenzdatum auffindbar,False,False,False,False,False,False
UCAKB9wGGRccBDrvbbbmgetw,1,1.0,DE,NDR Info,441000,0.0,2014-10-30T17:16:57Z,DE,2258,2021-01-05T19:13:51Z,9.0,2024-08-13T07:00:37Z,y67VgK6qXo0,FDP,20260705_001039,AfD|Die Linke|FDP|SPD,4.0,True,True,True,True,True,True,True,True,False,True,active_before_keyword_after,"vorher aktiv, erst danach auffindbar",False,False,False,False,False,False
UCAU09OnUvIPwe19RdrJBg0w,1,1.0,,Kurbel TV,128000,0.0,2013-08-13T15:46:18Z,Nicht angegeben,3467,2021-01-14T17:00:12Z,3.0,2025-06-06T11:18:41Z,tdyGRDsSyks,Die Grünen,20260702_203720,AfD|Die Grünen,2.0,True,True,True,True,True,True,True,True,False,True,active_before_keyword_after,"vorher aktiv, erst danach auffindbar",False,False,False,False,False,False
UCAe4VvNMKFlFnqT2fe9-0HA,1,0.0,DE,Digitaler Chronist,118000,0.0,2019-10-10T15:12:11Z,DE,1117,2021-08-31T15:43:46Z,20.0,2021-11-03T18:20:31Z,0DibY-6Vpxk,Die Grünen,20260702_203504,AfD|CDU|Die Grünen|Die Linke|FDP|SPD,6.0,True,True,True,True,True,True,True,True,True,True,keyword_before_reference,vor Referenzdatum auffindbar,False,False,False,False,False,False
UCAeXKE-3J-6u68tO5Oafyag,1,1.0,DE,quer,90800,0.0,2013-04-17T11:46:40Z,DE,797,2021-10-26T15:47:09Z,3.0,2023-05-15T10:28:46Z,4N9Tbh3eFKw,FDP,20260705_001039,FDP|SPD,2.0,True,True,True,True,True,True,True,True,False,True,active_before_keyword_after,"vorher aktiv, erst danach auffindbar",False,False,False,False,False,False
UCAszOEwa5CS4WFwYpkjdaUQ,1,1.0,DE,heise & c't,183000,0.0,2011-01-09T11:40:53Z,DE,4836,2021-01-02T06:00:03Z,1.0,2021-09-01T07:15:03Z,jleytMj-79Q,SPD,20260630_225240,SPD,1.0,True,True,True,True,True,True,True,True,True,True,keyword_before_reference,vor Referenzdatum auffindbar,False,False,False,False,False,False
UCB0H51gtgcpgYGI7LgflNJw,1,1.0,,Clownswelt,493000,0.0,2021-07-01T22:29:06Z,Nicht angegeben,669,2021-07-07T16:58:21Z,6.0,2023-12-06T12:15:32Z,-dKT32LHvJQ,Die Grünen,20260702_203504,Die Grünen|Die Linke|SPD,3.0,True,True,True,True,True,True,True,True,False,True,active_before_keyword_after,"vorher aktiv, erst danach auffindbar",False,False,False,False,False,False
UCB1pc5wo3AD972KPpWQTdXg,1,1.0,DE,REALTALK MEDIA,215000,0.0,2019-03-27T20:44:33Z,DE,689,2021-01-10T18:00:00Z,1.0,2024-01-16T16:05:52Z,Fd60Wn8gQoc,AfD,20260701_162442,AfD,1.0,True,True,True,True,True,True,True,True,False,True,active_before_keyword_after,"vorher aktiv, erst danach auffindbar",False,False,False,False,False,False
UCB37CFICVTUlewYdbMSChIA,1,1.0,DE,Tichys Einblick,343000,0.0,2014-07-30T12:25:51Z,DE,3075,2021-01-05T11:33:06Z,36.0,2022-05-15T17:28:28Z,of6K8MsAn7Q,CDU,20260630_111000,AfD|CDU|Die Grünen|Die Linke|FDP|SPD,6.0,True,True,True,True,True,True,True,True,False,True,active_before_keyword_after,"vorher aktiv, erst danach auffindbar",False,False,False,False,False,False
UCB4UKfI2Wj5xWFUUTklxy-w,1,1.0,DE,Ingmar Stadelmann,58700,0.0,2012-07-26T14:20:57Z,DE,524,2021-12-24T17:00:11Z,2.0,2022-10-08T17:28:45Z,DeDcBd5eh3A,AfD,20260701_162327,AfD|CDU,2.0,True,True,True,True,True,True,True,True,False,True,active_before_keyword_after,"vorher aktiv, erst danach auffindbar",False,False,False,False,False,False
UCBA2L-XIgGYVn_t_8B0VMMg,1,1.0,MT,Tobias Huch,133000,0.0,2017-01-22T03:13:38Z,MT,2383,2021-04-28T09:45:01Z,14.0,2022-08-23T13:15:13Z,QgDQ5g7Nzxg,FDP,20260705_001039,AfD|CDU|Die Grünen|Die Linke|FDP,5.0,True,True,True,True,True,True,True,True,False,True,active_before_keyword_after,"vorher aktiv, erst danach auffindbar",False,False,False,False,False,False
UCBAj8YKmLRd8yyGFM9lwuXw,1,1.0,DE,BERLIN CHANNEL,239000,0.0,2014-05-06T18:21:31Z,DE,158,2021-04-15T14:00:04Z,1.0,2023-01-13T14:00:02Z,23efzZlssPE,Die Grünen,20260702_203504,Die Grünen,1.0,True,True,True,True,True,True,True,True,False,True,active_before_keyword_after,"vorher aktiv, erst danach auffindbar",False,False,False,False,False,False
UCBEbuDZ0EQWrEMd87c3rc1A,1,0.0,DE,German Truck Driver,166000,0.0,2010-07-18T22:19:42Z,DE,722,2021-01-03T16:03:54Z,1.0,2024-06-12T15:31:09Z,3EjilA_dQp0,FDP,20260705_001039,FDP,1.0,True,True,True,True,True,True,True,True,False,True,active_before_keyword_after,"vorher aktiv, erst danach auffindbar",False,False,False,False,False,False
UCBWSgdr27NcLig0XzWLq2gQ,1,1.0,DE,MISSVERSTEHEN SIE MICH RICHTIG,373000,0.0,2019-12-27T10:33:42Z,DE,836,2021-01-01T12:00:10Z,2.0,2025-02-24T16:25:05Z,sVNinduMpE8,Die Linke,20260702_203800,Die Linke,1.0,True,True,True,True,True,True,True,True,False,True,active_before_keyword_after,"vorher aktiv, erst danach auffindbar",False,False,False,False,False,False
UCBYhZdvuMIpQK9SSaargYwQ,1,1.0,DE,ARD team.recherche,85200,0.0,2022-05-17T07:23:33Z,DE,275,2022-07-26T15:00:09Z,1.0,2025-11-28T13:01:57Z,sHw6bjBGHsQ,AfD,20260701_162442,AfD,1.0,True,True,True,True,True,True,True,False,False,False,first_active_after_reference,erst nach Referenzdatum beobachtet,False,False,False,False,False,False
UCB_E_F5o6_c-VqI-L1ZlK3w,1,1.0,DE,Deutschlands Wahnsinn,58300,0.0,2020-03-02T15:56:25Z,DE,955,2023-12-27T13:53:34Z,3.0,2024-10-25T05:08:00Z,FGD3XIDcUGU,Die Linke,20260705_000728,Die Linke,1.0,True,True,True,True,True,True,True,False,False,True,first_active_after_reference,erst nach Referenzdatum beobachtet,False,False,False,False,False,False
UCBkfxC056lxHJ6QMUCKZHJw,1,1.0,DE,Ahmad,187000,0.0,2021-04-21T12:30:35Z,DE,1115,2021-04-25T14:00:12Z,1.0,2021-08-08T16:00:03Z,7RISy6ypWE8,CDU,20260630_111134,CDU,1.0,True,True,True,True,True,True,True,True,True,True,keyword_before_reference,vor Referenzdatum auffindbar,False,False,False,False,False,False
UCBlOtMAWn6nQpChhRo14CYA,1,1.0,DE,Experte für Alles,1010000,0.0,2018-02-20T09:56:39Z,DE,1261,2021-02-11T16:17:16Z,1.0,2021-11-17T15:00:37Z,v_am7ANNIHk,CDU,20260630_111134,CDU,1.0,True,True,True,True,True,True,True,True,True,True,keyword_before_reference,vor Referenzdatum auffindbar,False,False,False,False,False,False
UCBzai1GXVKDdVCrwlKZg_6Q,1,1.0,DE,PULS Reportage,1040000,0.0,2012-04-27T13:16:31Z,DE,1538,2021-01-13T14:00:11Z,1.0,2025-02-12T14:00:53Z,mb0pqonb1FA,SPD,20260701_162148,SPD,1.0,True,True,True,True,True,True,True,True,False,True,active_before_keyword_after,"vorher aktiv, erst danach auffindbar",False,False,False,False,False,False
UCC6MaGWuQS-t7k0TBkA5ZXQ,1,1.0,DE,Olli,67900,0.0,2023-12-01T11:20:21Z,DE,838,2024-01-03T19:00:30Z,3.0,2024-01-21T12:00:20Z,QjolcC7cWCA,Die Grünen,20260702_203504,Die Grünen,1.0,True,True,True,True,True,True,True,False,False,False,first_active_after_reference,erst nach Referenzdatum beobachtet,False,False,False,False,False,False
UCCcFnVUHZDKDUkghDspBKdQ,1,1.0,DE,EX - Rechte Rotlicht Rocker - Philip Schlaffer,144000,0.0,2016-09-16T09:12:56Z,DE,1547,2021-01-03T16:30:12Z,1.0,2022-10-11T09:39:02Z,JrKLJJaZKNs,Die Linke,20260705_000728,Die Linke,1.0,True,True,True,True,True,True,True,True,False,True,active_before_keyword_after,"vorher aktiv, erst danach auffindbar",False,False,False,False,False,False
UCCdKkuyDe0rt950_fF3lAig,1,1.0,DE,ZDF Comedy,182000,0.0,2022-03-30T09:29:32Z,DE,1188,2021-01-17T17:00:16Z,2.0,2022-06-02T18:00:29Z,o_6wbGZHVAQ,SPD,20260630_225317,FDP|SPD,2.0,True,True,True,True,True,True,True,True,False,False,active_before_keyword_after,"vorher aktiv, erst danach auffindbar",False,False,False,False,False,True
UCChHIg4Mp_k8_Wp8js6NQow,1,0.8,,DIE WAHRHEIT?!,174000,0.0,2014-06-30T23:02:40Z,Nicht angegeben,1855,2023-10-21T14:16:49Z,18.0,2023-12-21T13:00:32Z,Vb0OSZAFE_M,Die Grünen,20260702_203504,Die Grünen|SPD,2.0,True,True,True,True,True,True,True,False,False,True,first_active_after_reference,erst nach Referenzdatum beobachtet,False,False,False,False,False,False
UCCjkK_Qk9BUytDlAzz0iCZw,1,1.0,DE,AFP Deutsch,435000,0.0,2007-11-23T21:46:45Z,DE,43647,2021-02-27T14:34:27Z,122.0,2021-02-27T14:34:27Z,10Xj03f7IQw,Die Linke,20260705_000728,AfD|CDU|Die Grünen|Die Linke|FDP|SPD,6.0,True,True,True,True,True,True,True,True,True,True,keyword_before_reference,vor Referenzdatum auffindbar,False,False,False,False,False,False
UCCk8v-UmHH9jPfs3m3cRr0Q,1,0.8,DE,Mr. Tech,78600,0.0,2017-10-25T10:23:42Z,DE,824,2021-12-09T10:45:26Z,1.0,2024-01-16T18:29:13Z,HZJ3muUvBMg,AfD,20260701_162442,AfD,1.0,True,True,True,True,True,True,True,True,False,True,active_before_keyword_after,"vorher aktiv, erst danach auffindbar",False,False,False,False,False,False
UCCljzsYpepeNeY-nKPBKnhA,1,1.0,DE,Hessischer Rundfunk,657000,0.0,2008-01-15T16:24:53Z,DE,9379,2021-01-01T19:50:20Z,15.0,2021-04-30T10:00:11Z,MNZPWIiM9Qo,AfD,20260701_162327,AfD|CDU|Die Grünen|Die Linke|FDP|SPD,6.0,True,True,True,True,True,True,True,True,True,True,keyword_before_reference,vor Referenzdatum auffindbar,False,False,False,False,False,False
UCCwCa-faBqcY-zJ4PS1lCHA,1,1.0,DE,Steuern mit Kopf,167000,0.0,2016-04-23T10:04:49Z,DE,5797,2021-01-04T06:27:42Z,12.0,2021-03-27T17:14:26Z,5q3C3oxGfdg,SPD,20260630_225240,CDU|Die Linke|FDP|SPD,4.0,True,True,True,True,True,True,True,True,True,True,keyword_before_reference,vor Referenzdatum auffindbar,False,False,False,False,False,False
UCCymCsB5DpL5YydF5q_LudA,1,0.8,DE,TV total,129000,0.0,2021-11-04T17:05:22Z,DE,1764,2021-11-11T10:03:31Z,7.0,2021-12-01T20:30:03Z,pBgh7s6ycN8,FDP,20260705_000854,CDU|Die Linke|FDP|SPD,4.0,True,True,True,True,True,True,True,True,True,True,keyword_before_reference,vor Referenzdatum auffindbar,False,False,False,False,False,False
UCDG7fluFPCLOmFz_Rhc3cXw,1,1.0,DE,Prof. Stefan Homburg,125000,0.0,2024-02-17T10:45:19Z,DE,109,2024-03-22T10:34:33Z,1.0,2025-03-10T18:24:08Z,SIV3DFY3RiU,Die Grünen,20260702_203720,Die Grünen,1.0,True,True,True,True,True,True,True,False,False,False,first_active_after_reference,erst nach Referenzdatum beobachtet,False,False,False,False,False,False
UCDW1yldFKWrfjrr78aP5Nkw,1,1.0,DE,Leeroy will's wissen!,2340000,0.0,2018-08-01T02:21:13Z,DE,339,2021-01-03T19:15:01Z,1.0,2022-10-13T18:15:00Z,1POdYZ3OE7k,AfD,20260701_162327,AfD,1.0,True,True,True,True,True,True,True,True,False,True,active_before_keyword_after,"vorher aktiv, erst danach auffindbar",False,False,False,False,False,False
UCDbDbm3v-MAqL4IPR2wIA9A,1,0.8,DE,Hiphop.de,719000,0.0,2007-06-16T08:01:34Z,DE,5080,2021-01-02T11:01:44Z,2.0,2023-01-09T15:04:27Z,EPOxNTFqHb0,CDU,20260630_111217,AfD|CDU,2.0,True,True,True,True,True,True,True,True,False,True,active_before_keyword_after,"vorher aktiv, erst danach auffindbar",False,False,False,False,False,False
UCDw0K7K658-ztRuCn2mn0Kw,1,1.0,DE,frontal,217000,0.0,2021-10-25T11:47:36Z,DE,237,2021-11-03T17:00:12Z,2.0,2022-10-18T16:00:19Z,UaZMC7PY9Fs,AfD,20260701_162327,AfD,1.0,True,True,True,True,True,True,True,True,False,True,active_before_keyword_after,"vorher aktiv, erst danach auffindbar",False,False,False,False,False,False
UCDzjkX1p0DNmy6Mt4s29dUw,1,0.9,DE,Power TJ,245000,0.0,2013-09-05T16:00:22Z,DE,1696,2021-01-01T12:21:07Z,1.0,2022-11-04T18:23:03Z,ZAwlDJJ8pDw,AfD,20260701_162327,AfD,1.0,True,True,True,True,True,True,True,True,False,True,active_before_keyword_after,"vorher aktiv, erst danach auffindbar",False,False,False,False,False,False
UCE0rCXRjJkY3Pro4rm8NINQ,1,1.0,DE,Bodo Wartke,388000,0.0,2006-07-23T15:29:00Z,DE,547,2021-01-13T11:39:09Z,1.0,2022-10-18T16:00:13Z,LAlVSxznnWo,CDU,20260630_111000,CDU,1.0,True,True,True,True,True,True,True,True,False,True,active_before_keyword_after,"vorher aktiv, erst danach auffindbar",False,False,False,False,False,False
UCE1qoGwuxVCkIMRZOL6MIKA,1,0.0,DE,münchen.tv,72700,0.0,2007-11-08T09:16:45Z,DE,22955,2021-01-02T20:00:17Z,10.0,2021-03-10T18:30:11Z,gdXifqYccp4,Die Grünen,20260702_203504,Die Grünen|Die Linke|SPD,3.0,True,True,True,True,True,True,True,True,True,True,keyword_before_reference,vor Referenzdatum auffindbar,False,False,False,False,False,False
UCE5CMv3a2bF7UTDdvjuenoA,1,1.0,DE,JENsationelle Meinung,127000,0.0,2023-06-03T13:52:51Z,DE,1255,2023-08-21T18:35:59Z,10.0,2024-03-30T11:20:13Z,lkHp5aU2npE,AfD,20260701_162442,AfD|CDU|SPD,3.0,True,True,True,True,True,True,True,False,False,False,first_active_after_reference,erst nach Referenzdatum beobachtet,False,False,False,False,False,False
UCE7b8qctaEGmST38-sfdOsA,1,1.0,DE,NachDenkSeiten,190000,0.0,2009-01-05T11:50:45Z,DE,5434,2021-01-07T11:42:22Z,26.0,2021-03-06T15:12:16Z,y66tG9Jxuw8,Die Linke,20260705_000728,CDU|Die Grünen|Die Linke|SPD,4.0,True,True,True,True,True,True,True,True,True,True,keyword_before_reference,vor Referenzdatum auffindbar,False,False,False,False,False,False
UCEPZNMjVXBALuPZNKNua5Hg,1,1.0,DE,Prof. Dr. Volker Quaschning,97300,0.0,2011-10-24T18:43:42Z,DE,291,2021-01-08T14:00:27Z,7.0,2021-09-10T13:00:33Z,_TFeP-KYHs4,Die Linke,20260705_000728,AfD|CDU|Die Grünen|Die Linke|FDP,5.0,True,True,True,True,True,True,True,True,True,True,keyword_before_reference,vor Referenzdatum auffindbar,False,False,False,False,False,False
UCEnCHQArKlggj11Si3bjv3Q,1,1.0,DE,Peter Boehringer,53400,0.0,2017-11-22T13:10:32Z,DE,785,2021-01-04T05:15:01Z,9.0,2021-01-25T05:15:00Z,OPvFKsngktU,AfD,20260701_162327,AfD|CDU|Die Grünen|Die Linke|FDP|SPD,6.0,True,True,True,True,True,True,True,True,True,True,keyword_before_reference,vor Referenzdatum auffindbar,False,False,False,False,False,False
UCEtYtMoD26j2BJBJ4w_hM6w,1,0.0,DE,OPEN MIND,546000,0.0,2014-03-20T20:44:36Z,DE,623,2021-01-01T11:27:31Z,1.0,2023-02-03T14:52:45Z,mqQkS5RMEc8,Die Linke,20260705_000728,Die Linke,1.0,True,True,True,True,True,True,True,True,False,True,active_before_keyword_after,"vorher aktiv, erst danach auffindbar",False,False,False,False,False,False
UCFFM_g9QSjmE45y9XtfYLdw,1,0.5,DE,Simon Motorsport,161000,0.0,2014-02-23T15:00:55Z,DE,1254,2021-01-01T13:00:00Z,1.0,2021-05-27T16:45:01Z,l8cfZEa_3_k,Die Grünen,20260702_203504,Die Grünen,1.0,True,True,True,True,True,True,True,True,True,True,keyword_before_reference,vor Referenzdatum auffindbar,False,False,False,False,False,False
UCFemltyr6criZZsWFHUSHPQ,1,1.0,DE,Tagesspiegel,67800,0.0,2009-07-19T01:06:32Z,DE,2331,2021-02-12T09:24:13Z,18.0,2021-09-10T05:16:30Z,AisHm9v22bs,Die Linke,20260705_000728,AfD|CDU|Die Grünen|Die Linke|FDP,5.0,True,True,True,True,True,True,True,True,True,True,keyword_before_reference,vor Referenzdatum auffindbar,False,False,False,False,False,False
UCFoKXoDoExwtBWdSTCIdEVQ,1,1.0,DE,Weltspiegel,305000,0.0,2017-01-25T09:20:08Z,DE,1855,2021-01-11T07:36:00Z,1.0,2025-12-19T17:15:00Z,-veB17RWRUw,AfD,20260701_162442,AfD,1.0,True,True,True,True,True,True,True,True,False,True,active_before_keyword_after,"vorher aktiv, erst danach auffindbar",False,False,False,False,False,False
UCFqcNI0NaAA21NS9W3ExCRg,1,1.0,DE,ZDF heute-show,1860000,0.0,2016-11-02T15:56:39Z,DE,2451,2021-01-08T15:00:12Z,96.0,2021-01-29T22:07:37Z,szBrP2_-Vpc,AfD,20260701_162327,AfD|CDU|Die Grünen|Die Linke|FDP|SPD,6.0,True,True,True,True,True,True,True,True,True,True,keyword_before_reference,vor Referenzdatum auffindbar,False,False,False,False,False,False
UCFsViOtZE0cNVjqBkvetpmA,1,1.0,DE,RTL Aktuell,120000,0.0,2011-10-07T13:21:08Z,DE,1703,2021-04-13T16:15:38Z,62.0,2023-05-26T10:44:19Z,zngaCrv0klw,FDP,20260705_001039,AfD|CDU|Die Grünen|Die Linke|FDP|SPD,6.0,True,True,True,True,True,True,True,True,False,True,active_before_keyword_after,"vorher aktiv, erst danach auffindbar",False,False,False,False,False,False
UCG6KtMc5WYB-ppxwpaX5CFw,1,1.0,DE,Blocktrainer,230000,0.0,2018-02-13T14:33:29Z,DE,1777,2021-01-02T21:12:51Z,4.0,2022-02-23T18:25:30Z,BiI7g2Q4qIo,Die Linke,20260705_000728,CDU|Die Grünen|Die Linke,3.0,True,True,True,True,True,True,True,True,True,True,keyword_before_reference,vor Referenzdatum auffindbar,False,False,False,False,False,False
UCGHH5XUlAtp5dKhYRQrFluw,1,1.0,DE,Moderner Landwirt,56600,0.0,2018-03-05T20:33:54Z,DE,794,2021-01-21T16:27:22Z,6.0,2021-05-31T18:57:04Z,0Nw4gUFBzCE,Die Linke,20260705_000728,AfD|Die Grünen|Die Linke|SPD,4.0,True,True,True,True,True,True,True,True,True,True,keyword_before_reference,vor Referenzdatum auffindbar,False,False,False,False,False,False
UCGOVq1UBjaq45vO_oyVQNYw,1,1.0,AT,Maschek,96900,0.0,2006-06-16T10:36:04Z,AT,566,2021-01-19T21:15:02Z,1.0,2021-12-21T21:33:05Z,GVhW0HHl7dw,Die Linke,20260705_000728,Die Linke,1.0,True,True,True,True,True,True,True,True,True,True,keyword_before_reference,vor Referenzdatum auffindbar,False,False,False,False,False,False
UCGTRC_2I15euSzNi7VJy9og,1,1.0,DE,DoktorZwoid,449000,0.0,2010-08-02T12:03:50Z,DE,2331,2021-01-01T13:00:32Z,1.0,2023-08-20T08:00:23Z,lMQvseSE_9Q,CDU,20260630_111217,CDU,1.0,True,True,True,True,True,True,True,True,False,True,active_before_keyword_after,"vorher aktiv, erst danach auffindbar",False,False,False,False,False,False
UCGVAL_wYwXMHLLYR_ER2bwg,1,1.0,DE,ROOZ WORLD,106000,0.0,2020-07-21T16:02:09Z,DE,1798,2021-01-01T18:11:26Z,2.0,2023-01-19T16:01:06Z,TghydziDbpk,AfD,20260701_162355,AfD,1.0,True,True,True,True,True,True,True,True,False,True,active_before_keyword_after,"vorher aktiv, erst danach auffindbar",False,False,False,False,False,False
UCGZLruV9OMz7JnmXz86ELdg,1,1.0,DE,Die Autogesellschaft Dresden,287000,0.0,2017-08-24T15:31:41Z,DE,2032,2021-01-07T10:00:13Z,1.0,2022-12-04T07:41:09Z,AgxXkPttnts,Die Linke,20260705_000728,Die Linke,1.0,True,True,True,True,True,True,True,True,False,True,active_before_keyword_after,"vorher aktiv, erst danach auffindbar",False,False,False,False,False,False
UCGcheBSVngQt09ubb0BZyJw,1,1.0,DE,MySpass Stand-up,2590000,0.0,2009-02-12T16:39:46Z,DE,4527,2021-01-03T15:00:19Z,1.0,2022-03-14T14:00:09Z,Osq_S9VcVwc,AfD,20260701_162327,AfD,1.0,True,True,True,True,True,True,True,True,False,True,active_before_keyword_after,"vorher aktiv, erst danach auffindbar",False,False,False,False,False,False
UCGhpSxT5gmwaNgz6jZbCHyg,1,1.0,DE,Nachrichten Update,54900,0.0,2025-01-30T17:50:06Z,DE,736,2025-05-20T19:15:22Z,29.0,2025-08-26T05:00:56Z,lGq8TmRF_WA,Die Grünen,20260702_203720,AfD|CDU|Die Grünen,3.0,True,True,True,True,True,True,True,False,False,False,first_active_after_reference,erst nach Referenzdatum beobachtet,False,False,False,False,False,False
UCGrQfvVlhJJfgjCLk6WppOw,1,1.0,DE,TaxPro GmbH,253000,0.0,2015-02-05T22:13:43Z,DE,665,2021-01-01T18:45:12Z,2.0,2025-02-21T20:03:37Z,jkpyC7xETos,SPD,20260701_162148,SPD,1.0,True,True,True,True,True,True,True,True,False,True,active_before_keyword_after,"vorher aktiv, erst danach auffindbar",False,False,False,False,False,False
UCGs4xGAYB_qSoWJ9EsPAKAQ,1,1.0,DE,"Heimatwurzel - Kochen, Garten & Landleben",136000,0.0,2019-08-21T17:15:17Z,DE,2312,2022-04-30T08:41:23Z,1.0,2024-11-27T09:53:53Z,jzvSkh3TFoc,Die Grünen,20260702_203504,Die Grünen,1.0,True,True,True,True,True,True,True,False,False,True,first_active_after_reference,erst nach Referenzdatum beobachtet,False,False,False,False,False,False
UCHNVmVDguYH5EiKdC_EFcDQ,1,1.0,DE,Frei & Unbeugsam,71000,0.0,2013-11-11T22:46:38Z,DE,3076,2021-01-01T21:03:15Z,5.0,2021-02-18T15:15:16Z,OykW-iRLGmI,Die Linke,20260705_000728,CDU|Die Grünen|Die Linke|SPD,4.0,True,True,True,True,True,True,True,True,True,True,keyword_before_reference,vor Referenzdatum auffindbar,False,False,False,False,False,False
UCHuiLKtABrDZVGlDA24my1g,1,1.0,,Gedanken Express,96600,0.0,2024-09-27T10:31:13Z,Nicht angegeben,426,2024-11-03T07:00:05Z,4.0,2024-11-19T10:25:02Z,ogLX36OYc6w,Die Grünen,20260702_203504,Die Grünen|SPD,2.0,True,True,True,True,True,True,True,False,False,False,first_active_after_reference,erst nach Referenzdatum beobachtet,False,False,False,False,False,False
UCI9wqAKuTelhdToktHJ4s9Q,1,1.0,AT,Sonnenerde,92400,0.0,2017-08-27T20:59:48Z,AT,822,2021-01-30T14:53:06Z,1.0,2022-06-29T16:45:01Z,QvdZUX5FNwU,Die Grünen,20260702_203504,Die Grünen,1.0,True,True,True,True,True,True,True,True,False,True,active_before_keyword_after,"vorher aktiv, erst danach auffindbar",False,False,False,False,False,False
UCICWTMc7Jni_u5ORVXBOnLQ,1,1.0,DE,Kettner-Edelmetalle (Gold & Silber),499000,0.0,2015-10-20T15:40:04Z,DE,6596,2021-01-01T09:00:12Z,16.0,2022-12-07T14:00:02Z,2oQ-bhcx7Qw,Die Grünen,20260702_203504,AfD|CDU|Die Grünen|SPD,4.0,True,True,True,True,True,True,True,True,False,True,active_before_keyword_after,"vorher aktiv, erst danach auffindbar",False,False,False,False,False,False
UCIIVvAp6DP3a2MmoIuIjvQA,1,1.0,DE,Der Postillon ,299000,0.0,2012-05-24T08:37:08Z,DE,983,2021-01-08T15:53:02Z,1.0,2021-09-22T12:32:19Z,fTCflRHp_ec,CDU,20260630_111134,CDU,1.0,True,True,True,True,True,True,True,True,True,True,keyword_before_reference,vor Referenzdatum auffindbar,False,False,False,False,False,False
UCIRrEh0xY1F0JUTj4QCNJbw,1,0.0,DE,KÖNIGIN DER KELCHE®,65100,0.0,2015-06-21T14:03:40Z,DE,2534,2021-01-08T12:01:01Z,1.0,2023-01-12T23:00:35Z,ygHl4r0ihoA,Die Linke,20260705_000728,Die Linke,1.0,True,True,True,True,True,True,True,True,False,True,active_before_keyword_after,"vorher aktiv, erst danach auffindbar",False,False,False,False,False,False
UCIk-Fw1QuWJdO4sAxhXE5DA,1,1.0,DE,Malternativ,937000,0.0,2016-05-10T10:11:32Z,DE,1588,2021-01-06T12:00:32Z,3.0,2021-03-18T13:24:00Z,f5Xckj3FAAU,CDU,20260630_111134,CDU|Die Linke,2.0,True,True,True,True,True,True,True,True,True,True,keyword_before_reference,vor Referenzdatum auffindbar,False,False,False,False,False,False
UCIrg1CS42VIQl4Q1a0fS33g,1,1.0,DE,reitschuster de,124000,0.0,2007-03-24T20:34:58Z,DE,427,2021-01-13T18:34:33Z,1.0,2022-02-21T16:15:39Z,uua0uOxKBRM,FDP,20260705_001039,FDP,1.0,True,True,True,True,True,True,True,True,True,True,keyword_before_reference,vor Referenzdatum auffindbar,False,False,False,False,False,False
UCIvthGRDv___2gL2JGiDryQ,1,1.0,DE,Küppersbusch TV,109000,0.0,2013-06-07T09:16:30Z,DE,1326,2021-01-04T11:00:18Z,12.0,2021-05-10T10:00:03Z,1okB53iZnEE,CDU,20260630_111134,AfD|CDU|Die Grünen|Die Linke|SPD,5.0,True,True,True,True,True,True,True,True,True,True,keyword_before_reference,vor Referenzdatum auffindbar,False,False,False,False,False,False
UCJ1NGNrj5b_x789iOLyFr2g,1,1.0,AT,VOL.AT - Vorarlberg Online,75800,0.0,2012-04-10T09:48:14Z,AT,34586,2021-01-01T12:00:22Z,17.0,2021-05-27T10:12:12Z,lX6kMQtzTFo,Die Grünen,20260702_203504,Die Grünen,1.0,True,True,True,True,True,True,True,True,True,True,keyword_before_reference,vor Referenzdatum auffindbar,False,False,False,False,False,False
UCJEFIodDXA3hF7DyQFvd6zg,1,1.0,DE,rentenbescheid24.de,195000,0.0,2016-01-02T07:01:13Z,DE,2594,2021-01-01T05:00:18Z,16.0,2021-06-18T10:58:52Z,nDZsB6KWB9k,CDU,20260630_111134,CDU|Die Grünen|Die Linke|FDP|SPD,5.0,True,True,True,True,True,True,True,True,True,True,keyword_before_reference,vor Referenzdatum auffindbar,False,False,False,False,False,False
UCJZIMpxy0Q8qhJg5mwLWe9g,1,1.0,AT,BildungsTV,64900,0.0,2013-02-11T14:14:38Z,AT,3661,2021-01-13T07:34:31Z,1.0,2024-06-04T11:24:37Z,lx06mj4RIAM,Die Grünen,20260702_203504,Die Grünen,1.0,True,True,True,True,True,True,True,True,False,True,active_before_keyword_after,"vorher aktiv, erst danach auffindbar",False,False,False,False,False,False
UCJiRXf1Pb0ZkoPD7qcQIvlg,1,1.0,DE,Erfolgskanal - Community für Finanzen & Wirtschaft,262000,0.0,2014-07-06T14:02:49Z,DE,10021,2021-01-01T13:00:06Z,23.0,2022-05-06T08:30:07Z,my07EoBu_ok,Die Grünen,20260702_203504,AfD|CDU|Die Grünen|Die Linke,4.0,True,True,True,True,True,True,True,True,False,True,active_before_keyword_after,"vorher aktiv, erst danach auffindbar",False,False,False,False,False,False
UCJvp5iq9klHnvki_YnTmxQA,1,1.0,DE,Robert Habeck,93600,0.0,2024-10-02T15:55:21Z,DE,198,2024-10-02T22:14:54Z,2.0,2024-11-18T10:12:08Z,7KhtELBXx4A,Die Grünen,20260702_203504,Die Grünen,1.0,True,True,True,True,True,True,True,False,False,False,first_active_after_reference,erst nach Referenzdatum beobachtet,False,False,False,False,False,False
UCK1aTcR0AckQRLTlK0c4fuQ,1,1.0,CH,NZZ,118000,0.0,2014-08-27T12:25:42Z,CH,944,2021-01-11T15:30:00Z,2.0,2025-02-24T10:34:23Z,ifRzFIdGbP0,AfD,20260701_162442,AfD,1.0,True,True,True,True,True,True,True,True,False,True,active_before_keyword_after,"vorher aktiv, erst danach auffindbar",False,False,False,False,False,False
UCK4LDHLxBqiAtcwCm4z7DRg,1,1.0,DE,Der Dunkle Parabelritter,708000,0.0,2012-07-25T00:03:15Z,DE,1032,2021-01-05T08:04:19Z,8.0,2021-10-12T14:00:09Z,4t9p2BGVaG0,AfD,20260701_162327,AfD|CDU|Die Grünen|Die Linke|FDP|SPD,6.0,True,True,True,True,True,True,True,True,True,True,keyword_before_reference,vor Referenzdatum auffindbar,False,False,False,False,False,False
UCK6jlnWA8t-XgUxwZJJHkQA,1,1.0,DE,SWR Doku,664000,0.0,2019-06-14T20:50:04Z,DE,911,2021-01-02T14:00:01Z,2.0,2025-05-15T14:01:30Z,xvW5IFzUtJE,CDU,20260630_111411,CDU|Die Grünen,2.0,True,True,True,True,True,True,True,True,False,True,active_before_keyword_after,"vorher aktiv, erst danach auffindbar",False,False,False,False,False,False
UCKK6WkPbdo91whuKTT1BPPA,1,1.0,DE,"Stephan Brandner, AfD",89200,0.0,2018-01-03T18:51:30Z,DE,1364,2021-01-01T15:30:05Z,41.0,2021-01-22T15:30:04Z,nUdhmaEPQbo,AfD,20260701_162327,AfD|CDU|Die Grünen|Die Linke|FDP|SPD,6.0,True,True,True,True,True,True,True,True,True,True,keyword_before_reference,vor Referenzdatum auffindbar,False,False,False,False,False,False
UCKZmirEl03pmXEwsFYjr87Q,1,1.0,DE,TJ,487000,0.0,2015-05-22T01:47:03Z,DE,424,2021-01-29T15:00:49Z,1.0,2024-02-25T17:25:40Z,zo-DtDTM7GQ,AfD,20260701_162442,AfD,1.0,True,True,True,True,True,True,True,True,False,True,active_before_keyword_after,"vorher aktiv, erst danach auffindbar",False,False,False,False,False,False
UCKbigI3YRqL7wFliRr7R8Mw,1,1.0,CH,Auch Staiy,101000,0.0,2022-10-30T18:13:40Z,CH,636,2022-11-02T17:00:40Z,1.0,2023-05-30T12:08:57Z,spGC6KAjOmE,FDP,20260705_001039,FDP,1.0,True,True,True,True,True,True,True,False,False,False,first_active_after_reference,erst nach Referenzdatum beobachtet,False,False,False,False,False,False
UCL5-tPmf_sttES7ZcYJRp5A,1,1.0,DE,Dennis und Benni Wolter,1410000,0.0,2010-05-26T19:51:16Z,DE,2224,2021-01-01T16:00:04Z,1.0,2023-04-07T15:00:08Z,CcLDIFyo5Ys,SPD,20260630_225317,SPD,1.0,True,True,True,True,True,True,True,True,False,True,active_before_keyword_after,"vorher aktiv, erst danach auffindbar",False,False,False,False,False,False
UCLLibJTCy3sXjHLVaDimnpQ,1,1.0,DE,ARTEde,2700000,0.0,2007-05-03T11:28:57Z,DE,3416,2021-01-19T11:00:07Z,2.0,2023-10-23T15:30:03Z,AMIa3M4ktjY,Die Linke,20260705_000728,AfD|Die Linke,2.0,True,True,True,True,True,True,True,True,False,True,active_before_keyword_after,"vorher aktiv, erst danach auffindbar",False,False,False,False,False,False
UCLdvZfZPIJtRzN_C5vO-IzA,1,1.0,AT,Gerald Grosz,186000,0.0,2009-03-06T16:50:52Z,AT,4639,2021-01-06T08:08:42Z,5.0,2022-06-09T06:35:18Z,9U2Tf_azkv4,Die Grünen,20260702_203504,Die Grünen|Die Linke,2.0,True,True,True,True,True,True,True,True,False,True,active_before_keyword_after,"vorher aktiv, erst danach auffindbar",False,False,False,False,False,False
UCLi8PUVEzLSShCnomkIB48A,1,0.9,DE,Entertainment-Shorts,63200,0.0,2021-02-15T11:29:20Z,DE,1666,2023-06-02T01:29:52Z,63.0,2023-06-11T08:56:55Z,i3KODCwuTXo,CDU,20260630_111217,AfD|CDU|Die Grünen|Die Linke|FDP|SPD,6.0,True,True,True,True,True,True,True,False,False,True,first_active_after_reference,erst nach Referenzdatum beobachtet,False,False,False,False,False,False
UCLkHXX5R9S_qFZuCMGHWMrQ,1,1.0,DE,Achgut,139000,0.0,2017-04-04T14:23:53Z,DE,1783,2021-01-01T12:22:35Z,2.0,2022-07-28T19:26:40Z,LydvyQ-DQig,Die Grünen,20260702_203504,Die Grünen|FDP,2.0,True,True,True,True,True,True,True,True,False,True,active_before_keyword_after,"vorher aktiv, erst danach auffindbar",False,False,False,False,False,False
UCLm6s42r_wCbBX0QqXNCTwg,1,0.9,DE,LeFloid,2680000,0.0,2007-10-14T11:38:55Z,DE,1323,2021-01-01T13:12:48Z,2.0,2021-02-02T17:46:00Z,w1K5v5evuPA,AfD,20260701_162327,AfD|CDU,2.0,True,True,True,True,True,True,True,True,True,True,keyword_before_reference,vor Referenzdatum auffindbar,False,False,False,False,False,False
UCM5gP5bRLmc7ysiLbXA2R3A,1,1.0,DE,Krissy Rieger,331000,0.0,2019-03-27T10:24:02Z,DE,1021,2022-03-22T09:00:09Z,1.0,2022-12-22T08:49:33Z,D37dyunfGl8,Die Grünen,20260702_203504,Die Grünen,1.0,True,True,True,True,True,True,True,False,False,True,first_active_after_reference,erst nach Referenzdatum beobachtet,False,False,False,False,False,False
UCMIgOXM2JEQ2Pv2d0_PVfcg,1,1.0,DE,DW Deutsch,1130000,0.0,2006-10-01T01:14:11Z,DE,34106,2021-01-01T16:18:58Z,40.0,2021-01-18T17:14:44Z,_SwXhYDx1s8,SPD,20260630_225240,AfD|CDU|Die Grünen|Die Linke|FDP|SPD,6.0,True,True,True,True,True,True,True,True,True,True,keyword_before_reference,vor Referenzdatum auffindbar,False,False,False,False,False,False
UCMW8XBBRkjrF_fweALWaZyw,1,1.0,CH,Rafael Zeier,133000,0.0,2011-09-29T20:55:23Z,CH,2133,2021-01-02T17:00:11Z,1.0,2022-03-11T14:00:36Z,zZPCtDOxquQ,Die Grünen,20260702_203504,Die Grünen,1.0,True,True,True,True,True,True,True,True,False,True,active_before_keyword_after,"vorher aktiv, erst danach auffindbar",False,False,False,False,False,False
UCMbiTMFu2Sm06aiKbxQ3ibg,1,1.0,DE,marcant,490000,0.0,2016-02-23T13:40:42Z,DE,111,2021-06-24T17:38:26Z,8.0,2024-03-11T11:36:32Z,LFw-VzPCTx4,Die Grünen,20260702_203504,AfD|CDU|Die Grünen,3.0,True,True,True,True,True,True,True,True,False,True,active_before_keyword_after,"vorher aktiv, erst danach auffindbar",False,False,False,False,False,False
UCMlirlzQIUpfb3uC5LXB17Q,1,1.0,DE,Felix Goldbach ,81700,0.0,2017-11-13T19:32:32Z,DE,1009,2021-01-03T13:15:01Z,1.0,2024-12-23T09:00:05Z,2STw10fNNMI,Die Grünen,20260702_203504,Die Grünen,1.0,True,True,True,True,True,True,True,True,False,True,active_before_keyword_after,"vorher aktiv, erst danach auffindbar",False,False,False,False,False,False
UCMpW4tdyZUid2Ka9_FuDDhQ,1,1.0,DE,Handelsblatt,165000,0.0,2006-08-29T16:13:54Z,DE,22102,2021-01-04T05:01:42Z,81.0,2021-02-10T16:19:18Z,C668Aio1XO0,FDP,20260705_000854,AfD|CDU|Die Grünen|Die Linke|FDP|SPD,6.0,True,True,True,True,True,True,True,True,True,True,keyword_before_reference,vor Referenzdatum auffindbar,False,False,False,False,False,False
UCN23GlvCgK9XZDsNQzln4_Q,1,1.0,DE,ChainBrothers,59000,0.0,2017-03-27T21:28:41Z,DE,557,2021-01-10T14:00:04Z,1.0,2021-09-13T15:45:01Z,EYmuNYZCw2A,CDU,20260630_111134,CDU,1.0,True,True,True,True,True,True,True,True,True,True,keyword_before_reference,vor Referenzdatum auffindbar,False,False,False,False,False,False
UCNJxn7JS4saCHPsnD91yf9Q,1,1.0,DE,DeutscherHanfverband,240000,0.0,2010-08-27T16:17:45Z,DE,1116,2021-01-08T15:52:08Z,21.0,2021-05-14T14:20:38Z,MKnOZtVYXIw,SPD,20260630_225240,CDU|Die Linke|SPD,3.0,True,True,True,True,True,True,True,True,True,True,keyword_before_reference,vor Referenzdatum auffindbar,False,False,False,False,False,False
UCNNEMxGKV1LsKZRt4vaIbvw,1,1.0,DE,ZDF MAGAZIN ROYALE,1450000,0.0,2015-01-21T13:48:01Z,DE,1674,2021-01-21T10:30:16Z,4.0,2021-10-08T21:00:23Z,McScfmH15Oo,AfD,20260701_162327,AfD|Die Grünen|FDP,3.0,True,True,True,True,True,True,True,True,True,True,keyword_before_reference,vor Referenzdatum auffindbar,False,False,False,False,False,False
UCNWwYB-jHnTegtzdBP4RJzQ,1,1.0,DE,Digitaler Chronist TV,50600,0.0,2019-08-13T09:34:19Z,DE,888,2021-01-21T20:11:12Z,11.0,2021-02-22T17:09:30Z,9pL6qqf-bTU,CDU,20260630_111134,CDU|Die Grünen|Die Linke|FDP|SPD,5.0,True,True,True,True,True,True,True,True,True,True,keyword_before_reference,vor Referenzdatum auffindbar,False,False,False,False,False,False
UCN_VDT9sfpp43culPLOjIbQ,1,1.0,DE,dieBasis,57900,0.0,2020-07-07T09:19:48Z,DE,1146,2021-01-01T18:26:58Z,2.0,2023-06-06T08:53:32Z,vqeHy_ew-fs,Die Grünen,20260702_203504,Die Grünen,1.0,True,True,True,True,True,True,True,True,False,True,active_before_keyword_after,"vorher aktiv, erst danach auffindbar",False,False,False,False,False,False
UCNhu9O6tvBzIqGT29VOOs2Q,1,1.0,DE,Claus Roppel,54400,0.0,2017-01-02T14:11:12Z,DE,1749,2021-01-03T08:47:06Z,4.0,2023-02-04T09:00:02Z,3zrqrmm4210,Die Grünen,20260702_203504,Die Grünen|Die Linke|SPD,3.0,True,True,True,True,True,True,True,True,False,True,active_before_keyword_after,"vorher aktiv, erst danach auffindbar",False,False,False,False,False,False
UCNiXdX4GTsg2bd2nmGDLvNg,1,1.0,DE,KuchenTV Uncut,243000,0.0,2014-09-05T13:26:01Z,DE,4044,2021-01-01T12:30:05Z,5.0,2021-09-08T16:30:01Z,NOSh0ovnxU4,CDU,20260630_111134,CDU|Die Grünen|Die Linke,3.0,True,True,True,True,True,True,True,True,True,True,keyword_before_reference,vor Referenzdatum auffindbar,False,False,False,False,False,False
UCNohL6FyY0okQxJQKszfXRg,1,1.0,CY,Oliver Klemm - Tradingcoacholi,102000,0.0,2014-10-25T15:25:13Z,CY,1311,2021-01-09T17:30:03Z,1.0,2024-10-15T10:18:00Z,pC_Q7S03jpg,Die Linke,20260705_000728,Die Linke,1.0,True,True,True,True,True,True,True,True,False,True,active_before_keyword_after,"vorher aktiv, erst danach auffindbar",False,False,False,False,False,False
UCNyCbbSxjcPZta5x4UjjrFw,1,0.9,DE,Vindex - Shorts,61500,0.0,2023-10-03T15:16:53Z,DE,2359,2023-12-22T15:18:11Z,112.0,2023-12-22T17:49:00Z,WA1msyLWnFY,SPD,20260630_225317,AfD|CDU|Die Grünen|Die Linke|FDP|SPD,6.0,True,True,True,True,True,True,True,False,False,False,first_active_after_reference,erst nach Referenzdatum beobachtet,False,False,False,False,False,False
UCO-mUnAn9Ezgh7XXi-gGvxA,1,1.0,DE,iPhone-Tricks.de,200000,0.0,2013-06-04T07:16:15Z,DE,650,2021-01-06T15:55:16Z,1.0,2022-04-04T10:00:30Z,cXWZb-s3Uso,Die Grünen,20260702_203504,Die Grünen,1.0,True,True,True,True,True,True,True,True,False,True,active_before_keyword_after,"vorher aktiv, erst danach auffindbar",False,False,False,False,False,False
UCO3vATnmLHULoZLUpOzrLmw,1,1.0,DE,SAT.1 REGIONAL,81400,0.0,2014-07-15T10:07:46Z,DE,9133,2021-01-04T10:35:02Z,14.0,2022-02-08T09:58:41Z,DSGxVL8vvJM,CDU,20260630_111000,CDU|Die Linke|FDP|SPD,4.0,True,True,True,True,True,True,True,True,True,True,keyword_before_reference,vor Referenzdatum auffindbar,False,False,False,False,False,False
UCOOc_k7pKmmjq8qtGLjBW5A,1,1.0,CH,Meinungsmache,130000,0.0,2023-05-31T12:11:45Z,CH,908,2023-06-18T10:00:17Z,6.0,2023-07-30T08:00:09Z,QWcuPyUZFgk,CDU,20260630_111217,AfD|CDU|Die Grünen|Die Linke,4.0,True,True,True,True,True,True,True,False,False,False,first_active_after_reference,erst nach Referenzdatum beobachtet,False,False,False,False,False,False
UCOQFfcGRc886dXP2Oyt5OEg,1,1.0,DE,Tim Kellner,628000,0.0,2015-03-03T11:30:07Z,DE,474,2022-08-31T14:01:31Z,1.0,2025-09-26T13:51:51Z,eBh-cLRZ8GU,AfD,20260701_162442,AfD,1.0,True,True,True,True,True,True,True,False,False,True,first_active_after_reference,erst nach Referenzdatum beobachtet,False,False,False,False,False,False
UCOXf4qt_FN_aNYCpOd0CZwQ,1,1.0,,achtungdarius,55200,0.0,2023-07-04T20:19:10Z,Nicht angegeben,206,2024-05-19T09:57:40Z,2.0,2025-08-10T17:23:00Z,qpqp9O44uGo,Die Grünen,20260702_203720,Die Grünen,1.0,True,True,True,True,True,True,True,False,False,False,first_active_after_reference,erst nach Referenzdatum beobachtet,False,False,False,False,False,False
UCOY3VWW4NGQAue_rqTBtdhA,1,1.0,DE,SPACE FROGS,1330000,0.0,2011-10-28T17:34:51Z,DE,1499,2021-01-01T13:49:47Z,11.0,2021-05-15T14:14:37Z,ueWixD9fjI0,CDU,20260630_111134,AfD|CDU|Die Linke|FDP|SPD,5.0,True,True,True,True,True,True,True,True,True,True,keyword_before_reference,vor Referenzdatum auffindbar,False,False,False,False,False,False
UCObT1HxDVGDWtvmJxG3E4Cw,1,1.0,CH,DACH Medien,162000,0.0,2019-02-13T14:18:59Z,CH,3355,2024-02-16T10:25:20Z,117.0,2024-03-22T09:54:27Z,bRG7HylfOvc,Die Grünen,20260702_203504,AfD|CDU|Die Grünen|Die Linke|FDP|SPD,6.0,True,True,True,True,True,True,True,False,False,True,first_active_after_reference,erst nach Referenzdatum beobachtet,False,False,False,False,False,False
UCOgPGtSnFR6GM-AkzCnxqMQ,1,0.7,DE,funk,248000,0.0,2016-09-13T16:57:43Z,DE,134,2024-03-21T16:03:00Z,6.0,2025-01-29T17:30:09Z,qWBG1Sa6kcg,SPD,20260701_162148,Die Grünen|Die Linke|SPD,3.0,True,True,True,True,True,True,True,False,False,True,first_active_after_reference,erst nach Referenzdatum beobachtet,False,False,False,False,False,False
UCOiG4UoE0-CBZKlDVgw1eTA,1,0.9,DE,Stonedeafproduction,759000,0.0,2006-05-22T09:27:38Z,DE,414,2021-01-26T17:00:11Z,4.0,2022-03-31T22:00:29Z,3MM3JFzhAsw,SPD,20260630_225317,SPD,1.0,True,True,True,True,True,True,True,True,False,True,active_before_keyword_after,"vorher aktiv, erst danach auffindbar",False,False,False,False,False,False
UCOnyot4cXF5C7OmNXL_kbeA,1,1.0,,Flavio von Witzleben,185000,0.0,2008-08-28T13:31:08Z,Nicht angegeben,1175,2022-06-06T21:21:03Z,2.0,2022-11-06T18:51:10Z,f9mobuWaB6E,SPD,20260630_225317,AfD|SPD,2.0,True,True,True,True,True,True,True,False,False,True,first_active_after_reference,erst nach Referenzdatum beobachtet,False,False,False,False,False,False
UCP0XtrbAFWp-RkPS904VSEw,1,1.0,DE,brainwaveDave,94900,0.0,2018-12-27T12:51:19Z,DE,751,2022-10-06T12:25:41Z,3.0,2025-09-20T07:55:45Z,TXh2dWcmIRo,Die Grünen,20260702_203720,Die Grünen,1.0,True,True,True,True,True,True,True,False,False,True,first_active_after_reference,erst nach Referenzdatum beobachtet,False,False,False,False,False,False
UCPCM96Nc3zxkdU1Td92S75Q,1,1.0,DE,InfoBox,51800,0.0,2010-06-22T15:04:04Z,DE,481,2022-02-25T19:28:04Z,2.0,2022-08-17T11:12:41Z,m0HDgW6n3xE,Die Grünen,20260702_203504,Die Grünen,1.0,True,True,True,True,True,True,True,False,False,True,first_active_after_reference,erst nach Referenzdatum beobachtet,False,False,False,False,False,False
UCPH3ZPeqWqRVZ_ef4vOZgSw,1,1.0,DE,Sahra Wagenknecht,677000,0.0,2019-06-03T11:05:14Z,DE,601,2021-01-07T16:00:02Z,11.0,2021-01-30T12:07:35Z,SX2C60SiB20,Die Linke,20260705_000728,AfD|CDU|Die Grünen|Die Linke|SPD,5.0,True,True,True,True,True,True,True,True,True,True,keyword_before_reference,vor Referenzdatum auffindbar,False,False,False,False,False,False
UCPOmsF_XgQohcJhdj58zshg,1,1.0,DE,NuoViso,274000,0.0,2009-01-03T02:28:08Z,DE,1456,2021-01-01T18:01:13Z,1.0,2025-08-02T08:00:07Z,3Ipf6mf6B68,Die Grünen,20260702_203720,Die Grünen,1.0,True,True,True,True,True,True,True,True,False,True,active_before_keyword_after,"vorher aktiv, erst danach auffindbar",False,False,False,False,False,False
UCPc6vijv_rMNwI573waZHeA,1,0.9,DE,MMnewsTV,144000,0.0,2010-03-29T08:17:40Z,DE,1079,2021-01-03T13:42:44Z,3.0,2021-12-17T15:01:46Z,aiqGlzZjcTI,SPD,20260630_225240,Die Grünen|SPD,2.0,True,True,True,True,True,True,True,True,True,True,keyword_before_reference,vor Referenzdatum auffindbar,False,False,False,False,False,False
UCPhsnKyNcH3huafz_wNG_5A,1,1.0,DE,hessenschau,159000,0.0,2010-09-20T13:08:00Z,DE,8034,2021-03-30T17:20:33Z,40.0,2021-09-04T10:43:59Z,0MiuN7bw7jc,SPD,20260630_225240,AfD|CDU|Die Grünen|Die Linke|FDP|SPD,6.0,True,True,True,True,True,True,True,True,True,True,keyword_before_reference,vor Referenzdatum auffindbar,False,False,False,False,False,False
UCPtPTEFWA0PscaOIR55okfA,1,1.0,DE,Cassandra Sommer,67900,0.0,2018-09-30T10:36:13Z,DE,1008,2022-12-16T09:09:34Z,2.0,2024-03-24T11:00:33Z,Xz5IH4YlkLU,Die Linke,20260705_000728,AfD|Die Linke,2.0,True,True,True,True,True,True,True,False,False,True,first_active_after_reference,erst nach Referenzdatum beobachtet,False,False,False,False,False,False
UCQGqiGhMjc_p4lZEhSTb12g,1,1.0,DE,NIUS,532000,0.0,2022-10-05T15:58:41Z,DE,8956,2023-01-31T19:50:14Z,115.0,2023-02-01T17:16:07Z,3w6GCw2F_AA,Die Grünen,20260702_203504,AfD|CDU|Die Grünen|Die Linke|FDP|SPD,6.0,True,True,True,True,True,True,True,False,False,False,first_active_after_reference,erst nach Referenzdatum beobachtet,False,False,False,False,False,False
UCQNjg0-yEA8LoyCcWI-j8mA,1,0.0,CH,Blick,131000,0.0,2008-11-24T10:19:27Z,CH,4626,2021-01-03T07:00:04Z,2.0,2023-09-12T10:50:00Z,PuSDi_EcqaY,FDP,20260705_001039,Die Grünen|FDP,2.0,True,True,True,True,True,True,True,True,False,True,active_before_keyword_after,"vorher aktiv, erst danach auffindbar",False,False,False,False,False,False
UCQU3PO2g_rmqbmr8VJWvrsA,1,1.0,DE,Nickelodeon Deutschland,1950000,0.0,2012-10-22T13:45:18Z,DE,3543,2021-01-01T11:00:14Z,1.0,2023-01-13T12:00:34Z,hr2t-mtV128,Die Linke,20260705_000728,Die Linke,1.0,True,True,True,True,True,True,True,True,False,True,active_before_keyword_after,"vorher aktiv, erst danach auffindbar",False,False,False,False,False,False
UCQyWcZxP3MpuQ54foJ_IsgQ,1,1.0,DE,Frequent Traveller TV Deutsch,185000,0.0,2015-07-25T17:02:10Z,DE,1776,2021-01-02T18:49:32Z,1.0,2022-08-22T15:08:57Z,o_Fi2Ggt78k,CDU,20260630_111000,CDU,1.0,True,True,True,True,True,True,True,True,False,True,active_before_keyword_after,"vorher aktiv, erst danach auffindbar",False,False,False,False,False,False
UCQz0thmRLbm2mVDJwmVjsOg,1,1.0,DE,Vattenfall Deutschland,141000,0.0,2013-12-12T08:17:37Z,DE,715,2021-01-25T18:26:11Z,1.0,2022-01-15T09:00:23Z,tuK8bH4Knas,Die Grünen,20260702_203504,Die Grünen,1.0,True,True,True,True,True,True,True,True,True,True,keyword_before_reference,vor Referenzdatum auffindbar,False,False,False,False,False,False
UCR2r-x-wLNCl957sh2-Lplw,1,1.0,DE,Jay Jay Riddle,146000,0.0,2023-09-01T09:36:15Z,DE,1362,2023-09-09T13:00:44Z,2.0,2024-03-16T18:00:21Z,hr9gaWqcLA8,Die Grünen,20260702_203504,Die Grünen,1.0,True,True,True,True,True,True,True,False,False,False,first_active_after_reference,erst nach Referenzdatum beobachtet,False,False,False,False,False,False
UCR_iFmLcHBFxc3x3CA71xvw,1,1.0,DE,Apollo News,258000,0.0,2018-06-03T08:43:58Z,DE,837,2024-02-13T13:11:58Z,5.0,2025-03-14T15:00:06Z,4n4I3EJcwtQ,Die Grünen,20260702_203720,Die Grünen|Die Linke|SPD,3.0,True,True,True,True,True,True,True,False,False,True,first_active_after_reference,erst nach Referenzdatum beobachtet,False,False,False,False,False,False
UCRdEdkAlZetdf74bYaBRv3g,1,1.0,AT,FPÖ TV,246000,0.0,2012-09-17T10:58:51Z,AT,8027,2021-01-04T12:41:56Z,20.0,2021-03-02T10:52:45Z,GQm7MGiFoyw,Die Grünen,20260702_203504,Die Grünen|Die Linke,2.0,True,True,True,True,True,True,True,True,True,True,keyword_before_reference,vor Referenzdatum auffindbar,False,False,False,False,False,False
UCRhB0rzRfzFNKKbPLO4BYYg,1,1.0,DE,Christian Velde,55200,0.0,2013-09-05T19:31:40Z,DE,2299,2021-01-02T15:25:48Z,1.0,2022-05-13T18:28:27Z,UB-YGdVBQnM,Die Grünen,20260702_203504,Die Grünen,1.0,True,True,True,True,True,True,True,True,False,True,active_before_keyword_after,"vorher aktiv, erst danach auffindbar",False,False,False,False,False,False
UCRkFMKQApHodjgV0IVuAXHQ,1,0.9,DE,Pierre Vogel (Official),78900,0.0,2011-02-05T17:00:27Z,DE,2674,2021-01-01T15:22:04Z,1.0,2021-03-01T21:45:48Z,FIKbObGH04M,AfD,20260701_162327,AfD,1.0,True,True,True,True,True,True,True,True,True,True,keyword_before_reference,vor Referenzdatum auffindbar,False,False,False,False,False,False
UCRprqV4FxwrWQJbZ0VLFS_g,1,1.0,DE,Wohlstand für Alle,60300,0.0,2019-07-15T21:29:27Z,DE,542,2021-01-06T05:30:00Z,7.0,2021-03-03T05:30:06Z,R5FuNCWXYyk,FDP,20260705_000854,AfD|CDU|Die Linke|FDP|SPD,5.0,True,True,True,True,True,True,True,True,True,True,keyword_before_reference,vor Referenzdatum auffindbar,False,False,False,False,False,False
UCRvNgIlm7NnKLSL1WIc_yHQ,1,1.0,,KetzerKirche,89200,0.0,2009-11-25T15:03:39Z,Nicht angegeben,806,2022-01-26T17:18:20Z,1.0,2023-01-18T14:30:16Z,xhtCpIy1jMQ,SPD,20260630_225317,SPD,1.0,True,True,True,True,True,True,True,True,False,True,active_before_keyword_after,"vorher aktiv, erst danach auffindbar",False,False,False,False,False,False
UCSEr0-U62P5qeqqpJA2_Nog,1,1.0,,Best of Politik Helmut Schmidt,91500,0.0,2024-08-10T11:37:43Z,Nicht angegeben,287,2024-08-10T11:44:34Z,11.0,2024-09-04T19:12:36Z,Va3Zw1CypOE,Die Grünen,20260702_203504,AfD|CDU|Die Grünen|FDP|SPD,5.0,True,True,True,True,True,True,True,False,False,False,first_active_after_reference,erst nach Referenzdatum beobachtet,False,False,False,False,False,False
UCSExr_QUT6h-4sGW5hGjrCA,1,1.0,DE,Prof. Dr. Christian Rieck,555000,0.0,2019-08-07T13:21:02Z,DE,423,2021-01-02T08:15:02Z,4.0,2021-09-25T07:15:01Z,jqezwknMHic,CDU,20260630_111134,AfD|CDU|Die Grünen,3.0,True,True,True,True,True,True,True,True,True,True,keyword_before_reference,vor Referenzdatum auffindbar,False,False,False,False,False,False
UCSFnRsoF9zANc6_s96yCw5w,1,1.0,DE,un.logo!,281000,0.0,2023-10-11T14:11:24Z,DE,401,2023-03-16T09:30:00Z,2.0,2025-05-02T17:35:42Z,A2VxxxJjbVU,AfD,20260701_162442,AfD|Die Linke,2.0,True,True,True,True,True,True,True,False,False,False,first_active_after_reference,erst nach Referenzdatum beobachtet,False,False,False,False,False,True
UCSQJpXRkiYEnDeHFoMNGfww,1,0.0,DE,Druschba FM,67600,0.0,2020-11-10T08:32:28Z,DE,728,2021-01-08T19:05:22Z,2.0,2021-09-18T08:06:55Z,8hU3GGquYE4,Die Grünen,20260702_203504,Die Grünen|Die Linke,2.0,True,True,True,True,True,True,True,True,True,True,keyword_before_reference,vor Referenzdatum auffindbar,False,False,False,False,False,False
UCSeil5V81-mEGB1-VNR7YEA,1,1.0,DE,ntv Nachrichten,410000,0.0,2013-08-12T08:55:20Z,DE,13072,2021-01-01T06:30:01Z,276.0,2021-01-12T12:28:12Z,76KBPBMkNnE,Die Linke,20260705_000728,AfD|CDU|Die Grünen|Die Linke|FDP|SPD,6.0,True,True,True,True,True,True,True,True,True,True,keyword_before_reference,vor Referenzdatum auffindbar,False,False,False,False,False,False
UCSgXnWOMcVUE2He4lSx2l8A,1,1.0,AT,Peter Klien,57700,0.0,2007-06-20T08:34:09Z,AT,193,2021-01-15T22:35:23Z,1.0,2024-03-01T22:26:15Z,5gSVKiHkjcY,Die Grünen,20260702_203504,Die Grünen,1.0,True,True,True,True,True,True,True,True,False,True,active_before_keyword_after,"vorher aktiv, erst danach auffindbar",False,False,False,False,False,False
UCSiFC1DCXr3p1YDzyu9rogA,1,1.0,DE,Marc Friedrich,718000,0.0,2016-11-02T15:30:43Z,DE,3175,2021-01-01T16:00:23Z,31.0,2023-03-21T14:53:33Z,fADxZYjwwlk,Die Grünen,20260702_203504,AfD|CDU|Die Grünen|Die Linke|FDP|SPD,6.0,True,True,True,True,True,True,True,True,False,True,active_before_keyword_after,"vorher aktiv, erst danach auffindbar",False,False,False,False,False,False
UCSiR8kjXDgvKh0Reuuj5Dgw,1,1.0,DE,Aljosha,120000,0.0,2013-10-21T12:49:40Z,DE,263,2022-06-19T16:30:04Z,2.0,2022-10-30T16:36:20Z,fPTRGNpeehA,AfD,20260701_162327,AfD|Die Grünen,2.0,True,True,True,True,True,True,True,False,False,True,first_active_after_reference,erst nach Referenzdatum beobachtet,False,False,False,False,False,False
UCT0wo1uc6G3UTuM_MiacA9g,1,1.0,DE,Alice Weidel,307000,0.0,2018-05-16T06:59:19Z,DE,334,2021-02-11T10:00:02Z,11.0,2022-12-31T14:00:07Z,luoOx9v6-7w,AfD,20260701_162327,AfD|Die Grünen|SPD,3.0,True,True,True,True,True,True,True,True,False,True,active_before_keyword_after,"vorher aktiv, erst danach auffindbar",False,False,False,False,False,False
UCT87TG9Rt5ThxMfAkjAJznw,1,1.0,DE,deep und deutlich,187000,0.0,2021-05-17T11:22:26Z,DE,262,2021-08-26T17:08:12Z,1.0,2024-03-21T16:00:19Z,RozEJmHTj6o,AfD,20260701_162442,AfD,1.0,True,True,True,True,True,True,True,True,False,True,active_before_keyword_after,"vorher aktiv, erst danach auffindbar",False,False,False,False,False,False
UCT8A_4ZjyyfLSOfhec2uV3g,1,1.0,CH,Silberjunge Thorsten Schulte ,187000,0.0,2009-10-13T15:57:42Z,CH,312,2021-01-01T15:49:45Z,1.0,2021-02-25T15:39:40Z,GS8W2CgWQIs,Die Grünen,20260702_203504,Die Grünen,1.0,True,True,True,True,True,True,True,True,True,True,keyword_before_reference,vor Referenzdatum auffindbar,False,False,False,False,False,False
UCT8fbPYycfhjYzLbsU1dl3Q,1,1.0,DE,ZDF Satire,696000,0.0,2011-01-20T15:53:51Z,DE,1877,2021-01-02T17:00:08Z,28.0,2021-05-07T16:00:09Z,8fd5y7PpG4w,CDU,20260630_111134,AfD|CDU|Die Grünen|Die Linke|FDP,5.0,True,True,True,True,True,True,True,True,True,True,keyword_before_reference,vor Referenzdatum auffindbar,False,False,False,False,False,False
UCTINJvbvjiivYhI1oqv37lw,1,1.0,DE,BOSS  DELUXE,80000,0.0,2017-12-01T05:27:29Z,DE,4538,2023-02-09T00:22:09Z,2.0,2023-03-03T22:05:43Z,g11VOHqdkk0,Die Grünen,20260702_203504,Die Grünen|SPD,2.0,True,True,True,True,True,True,True,False,False,True,first_active_after_reference,erst nach Referenzdatum beobachtet,False,False,False,False,False,False
UCTPAHk1b-h-WGQn9cfGlw2Q,1,0.0,DE,NDR Doku,1560000,0.0,2005-08-29T18:49:36Z,DE,2150,2021-01-01T09:26:29Z,1.0,2024-05-24T12:18:22Z,gU9fowpiMsw,SPD,20260701_162148,SPD,1.0,True,True,True,True,True,True,True,True,False,True,active_before_keyword_after,"vorher aktiv, erst danach auffindbar",False,False,False,False,False,False
UCUA2wv8aKohNqTAtTDGV9wQ,1,1.0,DE,PierreVogelDe,69600,0.0,2010-11-01T12:58:40Z,DE,2221,2021-01-04T18:48:11Z,1.0,2021-09-15T13:23:38Z,b3t41mc47yU,CDU,20260630_111134,CDU,1.0,True,True,True,True,True,True,True,True,True,True,keyword_before_reference,vor Referenzdatum auffindbar,False,False,False,False,False,False
UCUQ0WLZUAKArPdkgmZjFCWQ,1,0.9,DE,Kein Tempolimit,53200,0.0,2022-04-03T11:19:16Z,DE,342,2022-04-03T12:06:33Z,1.0,2023-05-30T18:52:34Z,BY127F12V9s,FDP|SPD,20260630_225317|20260705_001039,FDP|SPD,2.0,True,True,True,True,True,True,True,False,False,False,first_active_after_reference,erst nach Referenzdatum beobachtet,False,False,False,False,False,False
UCUYQypt91KuQPHRgr1k8wlg,1,1.0,DE,Roger Beckamp,125000,0.0,2018-08-01T09:11:14Z,DE,1038,2021-01-03T18:25:46Z,17.0,2021-02-23T17:23:34Z,j6aWsm2EzVo,AfD,20260701_162327,AfD|Die Linke|SPD,3.0,True,True,True,True,True,True,True,True,True,True,keyword_before_reference,vor Referenzdatum auffindbar,False,False,False,False,False,False
UCUnxR8x1hsw2Zt35-P-slsw,1,1.0,DE,Kai Brenner - Per Du mit dem Leben 😃,204000,0.0,2015-02-17T09:05:27Z,DE,520,2021-01-23T11:08:06Z,1.0,2023-07-26T05:15:01Z,lJzwNn7UJoE,Die Grünen,20260702_203504,Die Grünen,1.0,True,True,True,True,True,True,True,True,False,True,active_before_keyword_after,"vorher aktiv, erst danach auffindbar",False,False,False,False,False,False
UCUplDvA1BR9qRXUsOlI4QEw,1,1.0,DE,Abendblatt-TV,59600,0.0,2007-10-10T10:09:38Z,DE,10302,2021-01-05T09:51:28Z,3.0,2021-03-30T14:59:00Z,eTHOz6eInHY,SPD,20260630_225240,CDU|Die Grünen|SPD,3.0,True,True,True,True,True,True,True,True,True,True,keyword_before_reference,vor Referenzdatum auffindbar,False,False,False,False,False,False
UCUuab1dctZzN5ZmRmQnTzkg,1,1.0,DE,WDR Doku,1120000,0.0,2017-04-18T14:09:51Z,DE,706,2021-01-05T17:00:00Z,1.0,2025-02-18T17:01:04Z,pmXfy56S220,AfD,20260701_162442,AfD,1.0,True,True,True,True,True,True,True,True,False,True,active_before_keyword_after,"vorher aktiv, erst danach auffindbar",False,False,False,False,False,False
UCVH7_5qzjTuQFGzCbP7AKDw,1,1.0,,Gottfried Curio,90800,0.0,2017-02-20T12:11:54Z,Nicht angegeben,489,2021-01-06T13:22:13Z,2.0,2021-11-04T10:42:31Z,ogtWFgGGxbI,CDU,20260630_111134,CDU,1.0,True,True,True,True,True,True,True,True,True,True,keyword_before_reference,vor Referenzdatum auffindbar,False,False,False,False,False,False
UCVJc8RKxfX00EIFo1wwJ3ow,1,1.0,,Dennis und Jesko,62000,0.0,2009-01-20T20:17:19Z,Nicht angegeben,819,2021-01-07T23:45:00Z,7.0,2021-09-09T21:30:01Z,4d6wzBZ3om0,Die Linke,20260705_000728,CDU|Die Grünen|Die Linke,3.0,True,True,True,True,True,True,True,True,True,True,keyword_before_reference,vor Referenzdatum auffindbar,False,False,False,False,False,False
UCVTzfXBluaApg_1HYaq4IFA,1,1.0,DE,Der kleine Nihilist,59800,0.0,2024-10-04T12:30:41Z,DE,102,2024-10-04T16:48:26Z,2.0,2025-01-21T18:45:06Z,sKYtt-YKYK4,Die Linke,20260702_203800,Die Grünen|Die Linke,2.0,True,True,True,True,True,True,True,False,False,False,first_active_after_reference,erst nach Referenzdatum beobachtet,False,False,False,False,False,False
UCVUYh7UEdKW8v3cPIDA4Iow,1,1.0,DE,immocation,250000,0.0,2016-11-02T15:03:19Z,DE,3182,2021-01-02T18:00:03Z,1.0,2025-02-07T10:00:27Z,Gqy9UvCKeuc,Die Grünen,20260702_203720,Die Grünen,1.0,True,True,True,True,True,True,True,True,False,True,active_before_keyword_after,"vorher aktiv, erst danach auffindbar",False,False,False,False,False,False
UCWFl8y-bkvnJ9RhnTtyfPtA,1,0.9,,MarcantVoll,81400,0.0,2025-11-24T14:56:54Z,Nicht angegeben,13,2025-12-06T16:18:23Z,1.0,2025-12-06T16:18:23Z,7BUUAgnQWeA,AfD,20260701_162442,AfD,1.0,True,True,True,True,True,True,True,False,False,False,first_active_after_reference,erst nach Referenzdatum beobachtet,False,False,False,False,False,False
UCWFnsgnkOAc0D7OweruB3hA,1,1.0,DE,Mario Lochner,293000,0.0,2022-06-30T15:09:26Z,DE,1297,2022-07-02T06:48:43Z,8.0,2023-03-06T14:37:26Z,ncDLW4F_vbU,Die Grünen,20260702_203504,AfD|CDU|Die Grünen|FDP,4.0,True,True,True,True,True,True,True,False,False,False,first_active_after_reference,erst nach Referenzdatum beobachtet,False,False,False,False,False,False
UCWKEY-aEu7gcv5ayIpgrnvg,1,1.0,DE,ZDFunbubble,204000,0.0,2022-04-25T08:11:59Z,DE,548,2022-05-11T15:00:14Z,3.0,2024-03-20T16:00:23Z,Tl_BiASX38w,AfD,20260701_162442,AfD,1.0,True,True,True,True,True,True,True,False,False,False,first_active_after_reference,erst nach Referenzdatum beobachtet,False,False,False,False,False,False
UCWOVvQzsJj5O-CxDAeon-Vw,1,1.0,,achse:ostwest,276000,0.0,2016-12-01T08:38:08Z,Nicht angegeben,510,2021-01-04T15:00:15Z,2.0,2022-05-15T09:00:47Z,BbuH5fMaq7U,SPD,20260630_225317,AfD|SPD,2.0,True,True,True,True,True,True,True,True,False,True,active_before_keyword_after,"vorher aktiv, erst danach auffindbar",False,False,False,False,False,False
UCWZu-P34DVZUVrYAROU3Cmw,1,1.0,DE,Prinz,293000,0.0,2014-09-16T22:06:47Z,DE,364,2021-01-06T08:44:16Z,2.0,2023-01-22T16:04:47Z,HdBVre_K1Mk,CDU,20260630_111217,CDU|Die Grünen,2.0,True,True,True,True,True,True,True,True,False,True,active_before_keyword_after,"vorher aktiv, erst danach auffindbar",False,False,False,False,False,False
UCX1S3lCetZc9qf5LSu7-yFg,1,1.0,DE,KIANUSH | PRIMETIME,215000,0.0,2022-09-11T21:30:09Z,DE,1388,2022-12-14T15:22:34Z,3.0,2024-03-29T09:44:07Z,aksZCq36Iv0,AfD,20260701_162442,AfD|Die Linke,2.0,True,True,True,True,True,True,True,False,False,False,first_active_after_reference,erst nach Referenzdatum beobachtet,False,False,False,False,False,False
UCX9NCHt0gI0nMbUWNPIKsCw,1,0.8,DE,#WasLos Podcast,81600,0.0,2010-12-23T15:59:35Z,DE,205,2021-05-12T09:44:05Z,2.0,2021-09-19T16:28:21Z,CzeTUomoumc,Die Grünen,20260702_203504,CDU|Die Grünen,2.0,True,True,True,True,True,True,True,True,True,True,keyword_before_reference,vor Referenzdatum auffindbar,False,False,False,False,False,False
UCXJBRgiZRZvfilIGQ4wN5CQ,1,1.0,DE,JUNGE FREIHEIT,212000,0.0,2011-10-31T16:23:09Z,DE,1648,2021-01-14T08:37:22Z,18.0,2022-05-19T17:36:51Z,hLdsOXJkQrg,Die Grünen,20260702_203504,AfD|CDU|Die Grünen|Die Linke|SPD,5.0,True,True,True,True,True,True,True,True,False,True,active_before_keyword_after,"vorher aktiv, erst danach auffindbar",False,False,False,False,False,False
UCXSknWhye34DTvq-oYcAlSg,1,1.0,DE,karriereguru,189000,0.0,2020-01-16T21:09:47Z,DE,1706,2021-01-01T11:27:53Z,3.0,2025-02-19T16:33:30Z,SQb6nII1-Wg,Die Grünen,20260702_203720,AfD|Die Grünen|Die Linke,3.0,True,True,True,True,True,True,True,True,False,True,active_before_keyword_after,"vorher aktiv, erst danach auffindbar",False,False,False,False,False,False
UCXTTZIvh1UAlf0kv6XHvOtg,1,1.0,DE,Dave Brych,139000,0.0,2015-05-07T10:41:22Z,DE,794,2021-01-22T12:11:26Z,2.0,2023-09-21T05:00:11Z,mfqgl7bCqH4,CDU,20260630_111217,CDU,1.0,True,True,True,True,True,True,True,True,False,True,active_before_keyword_after,"vorher aktiv, erst danach auffindbar",False,False,False,False,False,False
UCXUY7ZedAkeAH1jQBdoihKg,1,1.0,DE,Schweinfurter Nachrichten,178000,0.0,2009-06-08T17:31:15Z,DE,3835,2021-01-02T11:03:22Z,2.0,2023-11-10T15:09:55Z,NSfWZ0CGy9w,Die Linke,20260705_000728,Die Linke|FDP,2.0,True,True,True,True,True,True,True,True,False,True,active_before_keyword_after,"vorher aktiv, erst danach auffindbar",False,False,False,False,False,False
UCX_2-8KGmcSSAF8P0YAVpOQ,1,1.0,DE,GabbaGandalfTV,61000,0.0,2020-08-10T23:03:00Z,DE,951,2021-12-19T00:19:21Z,2.0,2023-01-03T07:01:00Z,yEjGG_x6NwA,Die Linke,20260705_000728,AfD|Die Linke,2.0,True,True,True,True,True,True,True,True,False,True,active_before_keyword_after,"vorher aktiv, erst danach auffindbar",False,False,False,False,False,False
UCXdfGoYTQq5eQXP6OJwWSQw,1,1.0,,Rayk Anders,113000,0.0,2013-08-21T19:13:53Z,Nicht angegeben,332,2021-01-12T18:31:22Z,4.0,2021-02-19T14:29:59Z,dm9iiPGWMgk,CDU,20260630_111134,AfD|CDU|FDP,3.0,True,True,True,True,True,True,True,True,True,True,keyword_before_reference,vor Referenzdatum auffindbar,False,False,False,False,False,False
UCXpvI8jeu166he5e_Emo2ig,1,1.0,DE,Oli redet,141000,0.0,2020-02-11T23:50:29Z,DE,2843,2021-01-01T09:30:00Z,17.0,2021-03-28T07:00:11Z,TlBOItYqYc0,Die Grünen,20260702_203504,AfD|CDU|Die Grünen|Die Linke|FDP|SPD,6.0,True,True,True,True,True,True,True,True,True,True,keyword_before_reference,vor Referenzdatum auffindbar,False,False,False,False,False,False
UCY4IRKiV-jGyef351u9B7SA,1,1.0,DE,"Finance Experience - Geld, Finanzen, Wirtschaft",55800,0.0,2020-09-15T20:47:17Z,DE,1509,2021-01-03T06:45:00Z,1.0,2022-03-30T17:00:12Z,T2l55tMwwh8,Die Grünen,20260702_203504,Die Grünen,1.0,True,True,True,True,True,True,True,True,False,True,active_before_keyword_after,"vorher aktiv, erst danach auffindbar",False,False,False,False,False,False
UCYEWIee0ApH6cBxciYxPXDg,1,1.0,DE,MatheMind,84900,0.0,2019-12-05T15:10:19Z,DE,1999,2021-01-01T17:00:05Z,3.0,2021-09-15T13:00:06Z,EWiwWCinC7I,CDU,20260630_111134,CDU|Die Grünen|Die Linke,3.0,True,True,True,True,True,True,True,True,True,True,keyword_before_reference,vor Referenzdatum auffindbar,False,False,False,False,False,False
UCYJ61XIK64sp6ZFFS8sctxw,1,0.9,,Gronkh,5040000,0.0,2006-03-12T16:48:56Z,Nicht angegeben,18567,2021-01-01T11:00:00Z,1.0,2023-11-07T13:00:42Z,odWEZEh2_Qg,Die Linke,20260705_000728,Die Linke,1.0,True,True,True,True,True,True,True,True,False,True,active_before_keyword_after,"vorher aktiv, erst danach auffindbar",False,False,False,False,False,False
UCYo2MjFS5C7Wynyty9wTM7g,1,1.0,ES,Oliver Flesch ,56700,0.0,2018-01-10T12:20:26Z,ES,386,2021-04-29T18:30:17Z,2.0,2025-10-28T10:52:05Z,B5uU-J3pxJQ,Die Linke,20260702_203800,AfD|Die Linke,2.0,True,True,True,True,True,True,True,True,False,True,active_before_keyword_after,"vorher aktiv, erst danach auffindbar",False,False,False,False,False,False
UCYyerybBwXg3GhxofPs9eHQ,1,1.0,DE,myprimetime,69100,0.0,2018-02-06T14:56:28Z,DE,787,2021-05-15T18:43:28Z,3.0,2021-10-03T08:00:06Z,CXmHwbfcMBo,Die Linke,20260705_000728,CDU|Die Grünen|Die Linke,3.0,True,True,True,True,True,True,True,True,True,True,keyword_before_reference,vor Referenzdatum auffindbar,False,False,False,False,False,False
UCZAnY7eNSydfTCooQmreUJQ,1,1.0,AT,Gerwin Lovrecki,81900,0.0,2021-02-03T00:49:33Z,AT,391,2021-03-23T12:14:19Z,1.0,2022-06-08T16:08:12Z,m43uAA9Jr5s,Die Grünen,20260702_203504,Die Grünen,1.0,True,True,True,True,True,True,True,True,False,True,active_before_keyword_after,"vorher aktiv, erst danach auffindbar",False,False,False,False,False,False
UCZHpIFMfoJJ_1QxNGLJTzyA,1,1.0,DE,MrWissen2go,2400000,0.0,2012-05-14T15:37:35Z,DE,976,2021-01-03T11:00:28Z,35.0,2021-03-03T17:04:22Z,hzB3fbTPIKU,AfD,20260701_162327,AfD|CDU|Die Grünen|Die Linke|FDP|SPD,6.0,True,True,True,True,True,True,True,True,True,True,keyword_before_reference,vor Referenzdatum auffindbar,False,False,False,False,False,False
UCZMsvbAhhRblVGXmEXW8TSA,1,0.0,DE,WELT Nachrichtensender,2450000,0.0,2011-05-04T14:49:18Z,DE,81083,2021-01-21T14:48:06Z,1267.0,2021-01-21T14:48:06Z,4lc4RGpmqxg,Die Linke,20260705_000728,AfD|CDU|Die Grünen|Die Linke|FDP|SPD,6.0,True,True,True,True,True,True,True,True,True,True,keyword_before_reference,vor Referenzdatum auffindbar,False,False,False,False,False,False
UCZOM0CqaJ5njZB_O-RyQSsw,1,1.0,DE,MDR Investigativ,228000,0.0,2017-06-29T11:08:46Z,DE,561,2021-01-01T17:30:01Z,18.0,2021-01-28T17:30:08Z,oCtQLX5D9g8,AfD,20260701_162327,AfD|CDU|Die Linke|SPD,4.0,True,True,True,True,True,True,True,True,True,True,keyword_before_reference,vor Referenzdatum auffindbar,False,False,False,False,False,False
UCZX_5XCRE_dZ_4tNXOEYtog,1,1.0,DE,taff,1160000,0.0,2013-08-15T10:40:28Z,DE,4774,2021-01-01T16:00:18Z,3.0,2022-04-30T15:00:16Z,TbRbYTKKFXY,SPD,20260630_225317,Die Grünen|SPD,2.0,True,True,True,True,True,True,True,True,False,True,active_before_keyword_after,"vorher aktiv, erst danach auffindbar",False,False,False,False,False,False
UCZiX_brEG6VlfqGjOv78VAw,1,1.0,AT,RTV Privatfernsehen,122000,0.0,2012-08-20T12:34:03Z,AT,3281,2021-01-14T14:55:15Z,9.0,2023-01-17T20:32:18Z,5tvt9MrS75U,SPD,20260630_225317,CDU|Die Grünen|SPD,3.0,True,True,True,True,True,True,True,True,False,True,active_before_keyword_after,"vorher aktiv, erst danach auffindbar",False,False,False,False,False,False
UCZjKcrTI_oBVK0PBuKt0Csg,1,1.0,DE,Gysi gegen Guttenberg,50900,0.0,2023-06-06T13:45:31Z,DE,767,2023-06-14T07:00:18Z,1.0,2024-02-11T21:45:01Z,hDIoCvefpfs,Die Linke,20260705_000728,Die Linke,1.0,True,True,True,True,True,True,True,False,False,False,first_active_after_reference,erst nach Referenzdatum beobachtet,False,False,False,False,False,False
UCZt4nIjVCTcvVYzjp_VTJew,1,0.0,DE,Energie & Outdoor Chiemgau / Energie & Vorsorge,214000,0.0,2012-03-18T16:55:28Z,DE,1079,2021-01-01T12:00:31Z,2.0,2021-03-26T12:00:18Z,yQzumQcd3Q4,Die Grünen,20260702_203504,Die Grünen,1.0,True,True,True,True,True,True,True,True,True,True,keyword_before_reference,vor Referenzdatum auffindbar,False,False,False,False,False,False
UCZwBkcBxgpP12o7_YtAxmXg,1,0.0,DE,Westend Verlag,63900,0.0,2011-03-17T16:35:00Z,DE,706,2021-01-11T13:21:03Z,1.0,2023-06-25T18:00:06Z,4g2ulbR9F8w,Die Linke,20260705_000728,Die Linke,1.0,True,True,True,True,True,True,True,True,False,True,active_before_keyword_after,"vorher aktiv, erst danach auffindbar",False,False,False,False,False,False
UC_3M2qj2haMDhrPobUBx1Fw,1,1.0,DE,"Schuler! Fragen, was ist",160000,0.0,2022-12-15T11:55:15Z,DE,958,2022-12-20T16:25:33Z,52.0,2022-12-20T16:53:37Z,sca1kMPA_00,CDU,20260630_111000,AfD|CDU|Die Grünen|Die Linke|FDP|SPD,6.0,True,True,True,True,True,True,True,False,False,False,first_active_after_reference,erst nach Referenzdatum beobachtet,False,False,False,False,False,False
UC_54Oneq5DtXk13PRtazREQ,1,1.0,DE,ChrizzPlay,52300,0.0,2014-10-15T05:26:15Z,DE,5846,2021-01-01T09:00:03Z,1.0,2022-06-21T13:23:27Z,zFUU7e0Gk_o,Die Grünen,20260702_203504,Die Grünen,1.0,True,True,True,True,True,True,True,True,False,True,active_before_keyword_after,"vorher aktiv, erst danach auffindbar",False,False,False,False,False,False
UC_YnP7DDnKzkkVl3BaHiZoQ,1,1.0,DE,DIE ZEIT ,240000,0.0,2009-02-05T17:10:58Z,DE,9640,2021-02-03T20:08:03Z,66.0,2022-03-28T06:58:40Z,tf2h0sp7FxU,SPD,20260630_225317,AfD|CDU|Die Grünen|Die Linke|FDP|SPD,6.0,True,True,True,True,True,True,True,True,False,True,active_before_keyword_after,"vorher aktiv, erst danach auffindbar",False,False,False,False,False,False
UC_cCcxd8yUwIu1-rt5dpBdw,1,0.0,DE,Die Merkhilfe,199000,0.0,2014-06-13T12:34:29Z,DE,957,2021-01-03T12:30:01Z,3.0,2021-09-19T16:51:14Z,AQ1Kx65fyoc,SPD,20260630_225240,CDU|Die Linke|SPD,3.0,True,True,True,True,True,True,True,True,True,True,keyword_before_reference,vor Referenzdatum auffindbar,False,False,False,False,False,False
UC_dZp8bZipnjntBGLVHm6rw,1,1.0,DE,AfD-Fraktion Bundestag,621000,0.0,2017-12-06T11:29:11Z,DE,9049,2021-01-12T09:25:23Z,369.0,2021-01-12T09:25:23Z,5FtM87NCWOQ,AfD,20260701_162327,AfD|CDU|Die Grünen|Die Linke|FDP|SPD,6.0,True,True,True,True,True,True,True,True,True,True,keyword_before_reference,vor Referenzdatum auffindbar,False,False,False,False,False,False
UCa2ikhDgZNB01WGmvI8784A,1,1.0,DE,Tim Gabel,1010000,0.0,2013-05-29T22:13:24Z,DE,2169,2021-01-01T17:00:05Z,2.0,2021-07-04T10:00:00Z,2Xdc7T9nQf4,AfD,20260701_162327,AfD,1.0,True,True,True,True,True,True,True,True,True,True,keyword_before_reference,vor Referenzdatum auffindbar,False,False,False,False,False,False
UCaICID7P7gdRoVeeXbj-s7w,1,1.0,DE,Ernst Wolff,189000,0.0,2020-10-08T11:35:50Z,DE,458,2021-01-05T17:00:14Z,2.0,2022-05-24T10:10:46Z,McYc4Mz3SkU,Die Grünen,20260702_203504,Die Grünen,1.0,True,True,True,True,True,True,True,True,False,True,active_before_keyword_after,"vorher aktiv, erst danach auffindbar",False,False,False,False,False,False
UCaWbn671XbI1GLTgndyI7gQ,1,1.0,DE,Andreas Schmitz (Der Akku Doktor),457000,0.0,2017-07-17T15:29:22Z,DE,430,2021-03-12T17:00:14Z,2.0,2021-08-22T07:00:09Z,GpqvxCt2ny8,CDU,20260630_111134,CDU,1.0,True,True,True,True,True,True,True,True,True,True,keyword_before_reference,vor Referenzdatum auffindbar,False,False,False,False,False,False
UCair4tGwkIovC3UQlkc3-zQ,1,1.0,DE,Alexander Raue Klartext,61400,0.0,2022-09-17T15:00:40Z,DE,326,2024-02-28T01:46:52Z,4.0,2024-03-22T17:02:02Z,GqsShKPeBOU,CDU|FDP,20260630_111315|20260705_001039,CDU|FDP|SPD,3.0,True,True,True,True,True,True,True,False,False,False,first_active_after_reference,erst nach Referenzdatum beobachtet,False,False,False,False,False,False
UCanbTgWMvESZy3xhXcxjHcg,1,1.0,DE,WELT Netzreporter,260000,0.0,2014-10-29T11:25:38Z,DE,6541,2021-01-05T18:56:42Z,83.0,2021-09-30T12:07:14Z,BGeOv_hJ7PY,FDP,20260705_000854,AfD|CDU|Die Grünen|Die Linke|FDP|SPD,6.0,True,True,True,True,True,True,True,True,True,True,keyword_before_reference,vor Referenzdatum auffindbar,False,False,False,False,False,False
UCb5TfGtSgvNPVPQawfCFuAw,1,1.0,DE,WBS LEGAL,1060000,0.0,2010-07-23T10:40:45Z,DE,4764,2021-01-01T07:00:09Z,10.0,2021-03-04T16:09:50Z,_48wmt4I95w,AfD,20260701_162327,AfD|CDU,2.0,True,True,True,True,True,True,True,True,True,True,keyword_before_reference,vor Referenzdatum auffindbar,False,False,False,False,False,False
UCbRJHkDuRmTdUj8ETeIp2rw,1,1.0,DE,Politik mit Anne Will,58800,0.0,2024-03-29T16:18:52Z,DE,684,2024-04-09T22:00:26Z,4.0,2024-05-17T22:00:24Z,lFj-YNNsF9Y,Die Grünen,20260702_203504,Die Grünen|Die Linke|SPD,3.0,True,True,True,True,True,True,True,False,False,False,first_active_after_reference,erst nach Referenzdatum beobachtet,False,False,False,False,False,False
UCbanHTRuGv2Fi7flpO735yw,1,1.0,DE,Hallo Meinung,173000,0.0,2019-09-15T06:58:40Z,DE,4590,2021-01-01T07:00:01Z,24.0,2021-03-13T12:00:01Z,-tWrtaw7A2A,CDU,20260630_111134,AfD|CDU|Die Grünen|Die Linke|SPD,5.0,True,True,True,True,True,True,True,True,True,True,keyword_before_reference,vor Referenzdatum auffindbar,False,False,False,False,False,False
UCbh5D3EdIHP4YQA5X-eK1ug,1,1.0,DE,Deutscher Bundestag,194000,0.0,2016-04-28T11:05:28Z,DE,6588,2021-01-04T11:30:48Z,17.0,2021-02-12T14:54:09Z,hfgEXbWhNXE,FDP,20260705_000854,AfD|CDU|Die Grünen|Die Linke|FDP,5.0,True,True,True,True,True,True,True,True,True,True,keyword_before_reference,vor Referenzdatum auffindbar,False,False,False,False,False,False
UCbkFiLRzg8S0iyXgHnAjfdQ,1,1.0,DE,Dekarldent,103000,0.0,2016-11-01T06:36:21Z,DE,1904,2021-01-04T14:00:11Z,28.0,2021-08-24T13:00:06Z,FrZIyBQaShE,SPD,20260630_225240,AfD|CDU|Die Grünen|Die Linke|FDP|SPD,6.0,True,True,True,True,True,True,True,True,True,True,keyword_before_reference,vor Referenzdatum auffindbar,False,False,False,False,False,False
UCbpJUoV86egRXUzDCrX0C-g,1,1.0,DE,Demokratisch Denken,112000,0.0,2016-05-06T10:10:19Z,DE,618,2023-10-31T20:07:37Z,6.0,2023-12-13T02:18:13Z,oWO4sS_tXyc,AfD,20260701_162355,AfD|Die Grünen|Die Linke|SPD,4.0,True,True,True,True,True,True,True,False,False,True,first_active_after_reference,erst nach Referenzdatum beobachtet,False,False,False,False,False,False
UCbxb2fqe9oNgglAoYqsYOtQ,1,0.7,DE,Easy German,3110000,0.0,2015-09-07T17:33:30Z,DE,1687,2021-01-03T18:04:54Z,1.0,2024-02-11T18:00:12Z,SZrorzK9VsI,AfD,20260701_162442,AfD,1.0,True,True,True,True,True,True,True,True,False,True,active_before_keyword_after,"vorher aktiv, erst danach auffindbar",False,False,False,False,False,False
UCc2PueJVrynVhKB99Z0-jew,1,1.0,DE,Dirk Rott | Steuerratgeber,108000,0.0,2019-01-13T11:11:58Z,DE,1818,2021-01-06T17:00:01Z,1.0,2023-04-21T06:52:03Z,LxSfyd1iwRo,CDU,20260630_111217,CDU,1.0,True,True,True,True,True,True,True,True,False,True,active_before_keyword_after,"vorher aktiv, erst danach auffindbar",False,False,False,False,False,False
UCcHMudRg3_xhJfTGDSRIx1w,1,0.0,DE,Real Stories Deutschland,336000,0.0,2018-10-23T09:33:00Z,DE,855,2021-05-11T00:30:04Z,1.0,2025-11-28T17:01:18Z,dHNcgFh6F8U,SPD,20260701_162148,SPD,1.0,True,True,True,True,True,True,True,True,False,True,active_before_keyword_after,"vorher aktiv, erst danach auffindbar",False,False,False,False,False,False
UCcPcua2PF7hzik2TeOBx3uw,1,1.0,DE,faz,323000,0.0,2005-10-27T05:32:16Z,DE,41135,2021-02-17T16:01:04Z,228.0,2021-02-17T16:01:04Z,rbQxNa8lbpk,AfD,20260701_162327,AfD|CDU|Die Grünen|Die Linke|FDP|SPD,6.0,True,True,True,True,True,True,True,True,True,True,keyword_before_reference,vor Referenzdatum auffindbar,False,False,False,False,False,False
UCcoQ3WG2J_Xjwwyt-sJqh-w,1,1.0,DE,"Achtung, Reichelt!",562000,0.0,2022-04-07T12:27:51Z,DE,2037,2022-04-09T10:14:49Z,61.0,2022-06-23T18:04:55Z,0IFNxg8BtW4,Die Grünen,20260702_203504,AfD|CDU|Die Grünen|Die Linke|FDP|SPD,6.0,True,True,True,True,True,True,True,False,False,False,first_active_after_reference,erst nach Referenzdatum beobachtet,False,False,False,False,False,False
UCcv4TGfToIWJKIBVdhfRfAA,1,1.0,DE,Northern Finance,50300,0.0,2017-08-17T15:46:17Z,DE,883,2021-01-03T08:00:10Z,4.0,2021-04-07T16:00:34Z,wSg_kLn3cWg,SPD,20260630_225240,CDU|Die Linke|SPD,3.0,True,True,True,True,True,True,True,True,True,True,keyword_before_reference,vor Referenzdatum auffindbar,False,False,False,False,False,False
UCcweJsCV2TUP_kzMX25U-oQ,1,1.0,DE,BR24,546000,0.0,2015-05-06T08:45:32Z,DE,11639,2021-01-01T16:06:13Z,84.0,2021-03-25T14:59:46Z,dmXQzUm_BBE,CDU,20260630_111134,AfD|CDU|Die Grünen|Die Linke|FDP|SPD,6.0,True,True,True,True,True,True,True,True,True,True,keyword_before_reference,vor Referenzdatum auffindbar,False,False,False,False,False,False
UCd1uEp8YZkV-soNnMstlqTg,1,0.8,DE,KlarText Marc,129000,0.0,2017-04-25T18:04:14Z,DE,369,2024-10-25T10:00:32Z,1.0,2024-12-24T01:09:31Z,qEExvRqSNRQ,CDU,20260630_111315,CDU,1.0,True,True,True,True,True,True,True,False,False,True,first_active_after_reference,erst nach Referenzdatum beobachtet,False,False,False,False,False,False
UCd5UUo_FcVV3Gd0n-WyhE9g,1,1.0,DE,Wlad Jachtchenko - DER FÜHRUNGSKRÄFTE PODCAST,80800,0.0,2016-02-20T18:00:55Z,DE,1117,2021-01-08T17:00:14Z,1.0,2021-06-18T15:30:14Z,ooNGqym2q2I,AfD,20260701_162327,AfD,1.0,True,True,True,True,True,True,True,True,True,True,keyword_before_reference,vor Referenzdatum auffindbar,False,False,False,False,False,False
UCdEOBBKrRrUC1Sw4zWQyqcw,1,1.0,DE, LYDOM - Vulkan Studio ,185000,0.0,2019-09-27T17:30:55Z,DE,1328,2021-01-02T12:35:07Z,1.0,2022-09-12T12:13:50Z,-QZNr_08XIQ,CDU,20260630_111000,CDU,1.0,True,True,True,True,True,True,True,True,False,True,active_before_keyword_after,"vorher aktiv, erst danach auffindbar",False,False,False,False,False,False
UCdG3Qj5snC8LL26g0oZmXqw,1,1.0,DE,stern,180000,0.0,2005-12-06T15:28:06Z,DE,3491,2021-01-05T14:04:21Z,6.0,2021-05-06T08:27:32Z,CVVyzCLSCAQ,Die Grünen,20260702_203504,CDU|Die Grünen|SPD,3.0,True,True,True,True,True,True,True,True,True,True,keyword_before_reference,vor Referenzdatum auffindbar,False,False,False,False,False,False
UCdGz2Uvjn8guaHTyWIqizpQ,1,1.0,DE,HÄMATOM,122000,0.0,2007-05-22T12:33:10Z,DE,1170,2021-01-11T23:00:12Z,1.0,2021-09-27T22:00:12Z,IMxL3s4zKAg,Die Grünen,20260702_203504,Die Grünen,1.0,True,True,True,True,True,True,True,True,True,True,keyword_before_reference,vor Referenzdatum auffindbar,False,False,False,False,False,False
UCdJUFxC2vb7xDAa5M-Mvi_A,1,1.0,US,RapCheck,98400,0.0,2021-03-09T12:04:30Z,US,4598,2021-03-10T17:00:04Z,1.0,2025-08-30T14:01:15Z,ivliOX7CEzg,Die Grünen,20260702_203720,Die Grünen,1.0,True,True,True,True,True,True,True,True,False,True,active_before_keyword_after,"vorher aktiv, erst danach auffindbar",False,False,False,False,False,False
UCdPX3MNVbr5nGRthygN2JRQ,1,0.0,DE,Habibiflo Dawah Produktion,57200,0.0,2012-06-07T10:50:27Z,DE,36486,2021-02-24T19:12:45Z,1.0,2021-03-01T21:51:23Z,wRcJf0yFRUE,AfD,20260701_162327,AfD,1.0,True,True,True,True,True,True,True,True,True,True,keyword_before_reference,vor Referenzdatum auffindbar,False,False,False,False,False,False
UCdQO07TAiovFOgBtgMfWeCQ,1,1.0,DE,Einsatzfahrten und so,74000,0.0,2013-03-07T19:21:13Z,DE,15402,2021-01-01T12:23:50Z,1.0,2022-05-16T20:39:32Z,f0ztgDzSvTo,FDP,20260705_001039,FDP,1.0,True,True,True,True,True,True,True,True,False,True,active_before_keyword_after,"vorher aktiv, erst danach auffindbar",False,False,False,False,False,False
UCdWyaS6Xtjh4CP7iMFifqgg,1,1.0,,Schuberts Lagemeldung,103000,0.0,2024-08-17T16:09:55Z,Nicht angegeben,1735,2024-08-18T14:00:16Z,3.0,2025-03-05T16:41:44Z,qNvvGL-vkdQ,Die Grünen,20260702_203720,Die Grünen|SPD,2.0,True,True,True,True,True,True,True,False,False,False,first_active_after_reference,erst nach Referenzdatum beobachtet,False,False,False,False,False,False
UCdoHHeblAGGW3uy52DalI7w,1,1.0,DE,AgrarBobby,54100,0.0,2016-07-18T04:29:17Z,DE,461,2021-11-22T20:24:32Z,15.0,2022-09-17T20:33:39Z,GaozkokGhho,Die Grünen,20260702_203504,CDU|Die Grünen|FDP|SPD,4.0,True,True,True,True,True,True,True,True,False,True,active_before_keyword_after,"vorher aktiv, erst danach auffindbar",False,False,False,False,False,False
UCe5hl70Es-VQ4OWvxssFH4A,1,0.9,DE,acTVism Munich,173000,0.0,2014-04-21T13:02:06Z,DE,2141,2021-01-03T14:31:05Z,2.0,2022-05-23T16:39:00Z,HU5kcZvwvcg,Die Linke,20260705_000728,Die Grünen|Die Linke,2.0,True,True,True,True,True,True,True,True,False,True,active_before_keyword_after,"vorher aktiv, erst danach auffindbar",False,False,False,False,False,False
UCeARcCUiZg79SQQ-2_XNlXQ,1,1.0,DE,Finanzfluss,1630000,0.0,2015-08-20T10:26:55Z,DE,2592,2021-01-03T09:00:30Z,2.0,2023-12-04T16:02:17Z,cBi4O0ZJaIo,Die Linke,20260705_000728,Die Linke|SPD,2.0,True,True,True,True,True,True,True,True,False,True,active_before_keyword_after,"vorher aktiv, erst danach auffindbar",False,False,False,False,False,False
UCeKWO9gvmAyoPiEuaIwnGHQ,1,1.0,DE,Cashkurs.com,189000,0.0,2014-09-11T15:53:56Z,DE,910,2021-01-25T17:54:52Z,1.0,2022-03-26T10:30:05Z,UpdCW_Y7v1U,Die Grünen,20260702_203504,Die Grünen,1.0,True,True,True,True,True,True,True,True,False,True,active_before_keyword_after,"vorher aktiv, erst danach auffindbar",False,False,False,False,False,False
UCeMVwcZum_Iicuo3JMuPfPg,1,1.0,DE,Die Elektromeister,55400,0.0,2020-05-31T15:52:58Z,DE,184,2021-01-03T10:00:06Z,1.0,2023-03-19T11:00:35Z,psxKepXxzqM,SPD,20260630_225317,SPD,1.0,True,True,True,True,True,True,True,True,False,True,active_before_keyword_after,"vorher aktiv, erst danach auffindbar",False,False,False,False,False,False
UCeP-mETJStV6mg34dfUl6rA,1,1.0,DE,AfD-Fraktion NRW,168000,0.0,2017-07-18T13:14:28Z,DE,3611,2021-01-02T15:00:16Z,398.0,2021-01-09T15:00:00Z,-hv5snYkD7A,AfD,20260701_162327,AfD|CDU|Die Grünen|Die Linke|FDP|SPD,6.0,True,True,True,True,True,True,True,True,True,True,keyword_before_reference,vor Referenzdatum auffindbar,False,False,False,False,False,False
UCeWYsa2ynPc0VNwqL-vF2wQ,1,1.0,DE,follow me.reports,572000,0.0,2017-04-10T13:42:00Z,DE,334,2021-01-06T14:01:39Z,1.0,2021-10-20T13:00:35Z,tWG_OJmDjCs,AfD,20260701_162327,AfD,1.0,True,True,True,True,True,True,True,True,True,True,keyword_before_reference,vor Referenzdatum auffindbar,False,False,False,False,False,False
UCeqKIgPQfNInOswGRWt48kQ,1,1.0,DE,ZDFheute Nachrichten,1810000,0.0,2019-08-05T12:42:10Z,DE,10758,2021-01-02T22:38:19Z,300.0,2021-02-09T19:22:47Z,dmwZ8t5EkzM,FDP,20260705_000854,AfD|CDU|Die Grünen|Die Linke|FDP|SPD,6.0,True,True,True,True,True,True,True,True,True,True,keyword_before_reference,vor Referenzdatum auffindbar,False,False,False,False,False,False
UCex-tVEkNsXHikRB3RGKucA,1,1.0,DE,KalkTV,114000,0.0,2019-02-27T14:33:40Z,DE,593,2021-01-04T12:44:03Z,2.0,2023-12-13T15:00:14Z,Cood_VV02Wg,FDP,20260705_001039,AfD|FDP,2.0,True,True,True,True,True,True,True,True,False,True,active_before_keyword_after,"vorher aktiv, erst danach auffindbar",False,False,False,False,False,False
UCf3Ns5rI0nV4EnO-KNxxtLA,1,1.0,,Neverforgetniki,425000,0.0,2015-09-12T15:02:05Z,Nicht angegeben,1019,2021-01-02T15:46:07Z,4.0,2021-03-16T17:10:03Z,ntTE4FmKrzE,Die Grünen,20260702_203504,Die Grünen|SPD,2.0,True,True,True,True,True,True,True,True,True,True,keyword_before_reference,vor Referenzdatum auffindbar,False,False,False,False,False,False
UCf4WJRXsgDEP7KH2eNGv8Hw,1,1.0,DE,Aktivist & liebt Klartext !,137000,0.0,2016-01-24T17:23:38Z,DE,577,2021-05-16T13:00:23Z,5.0,2021-06-05T21:56:35Z,9snV0Xb5VtA,Die Grünen,20260702_203504,AfD|Die Grünen|SPD,3.0,True,True,True,True,True,True,True,True,True,True,keyword_before_reference,vor Referenzdatum auffindbar,False,False,False,False,False,False
UCf4YizfEQiftTFR4qbvb5Qw,1,1.0,DE,Ladykracher,279000,0.0,2014-02-10T10:31:44Z,DE,1454,2021-04-13T16:00:03Z,1.0,2023-06-13T15:00:47Z,zisuwvOGN50,FDP,20260705_001039,FDP,1.0,True,True,True,True,True,True,True,True,False,True,active_before_keyword_after,"vorher aktiv, erst danach auffindbar",False,False,False,False,False,False
UCfIMrBjWDvg_3iQGJhkDe-Q,1,1.0,DE,Landwirtschaft erLEEben mit Anthony Lee,267000,0.0,2023-05-06T19:08:08Z,DE,1319,2023-05-06T19:23:59Z,7.0,2023-05-10T15:52:19Z,pE4jF7QCcaI,CDU,20260630_111217,CDU|Die Grünen|FDP,3.0,True,True,True,True,True,True,True,False,False,False,first_active_after_reference,erst nach Referenzdatum beobachtet,False,False,False,False,False,False
UCfWebHklGjJLdh4SgMVWkwg,1,1.0,DE,ZyproX,137000,0.0,2022-10-16T17:43:50Z,DE,792,2022-11-06T07:49:25Z,1.0,2023-12-12T17:02:49Z,BBEY1xGReG4,Die Linke,20260705_000728,Die Linke,1.0,True,True,True,True,True,True,True,False,False,False,first_active_after_reference,erst nach Referenzdatum beobachtet,False,False,False,False,False,False
UCfa7jJFYnn3P5LdJXsFkrjw,1,1.0,DE,STRG_F,1300000,0.0,2017-11-23T13:45:51Z,DE,411,2021-01-05T16:30:01Z,2.0,2021-06-23T15:00:10Z,MNcll9OBE1I,AfD,20260701_162327,AfD,1.0,True,True,True,True,True,True,True,True,True,True,keyword_before_reference,vor Referenzdatum auffindbar,False,False,False,False,False,False
UCfb7LAYCeJJiT3gyquv7V5Q,1,0.9,DE,DIE DA OBEN!,341000,0.0,2016-11-16T16:49:14Z,DE,491,2021-01-14T19:30:02Z,60.0,2021-02-25T18:11:59Z,O2cfI9vLUbw,Die Grünen,20260702_203504,AfD|CDU|Die Grünen|Die Linke|FDP|SPD,6.0,True,True,True,True,True,True,True,True,True,True,keyword_before_reference,vor Referenzdatum auffindbar,False,False,False,False,False,False
UCfluzhYpawqHUYNcFdw68Gg,1,1.0,DE,Carsten Jahn - TEAM HEIMAT,256000,0.0,2017-01-15T09:44:32Z,DE,1786,2021-10-06T17:17:24Z,21.0,2021-12-19T09:31:45Z,d9w4uzLjqZE,SPD,20260630_225240,CDU|Die Grünen|Die Linke|FDP|SPD,5.0,True,True,True,True,True,True,True,True,True,True,keyword_before_reference,vor Referenzdatum auffindbar,False,False,False,False,False,False
UCfmOzrUPX4shSByl7fQPmGg,1,1.0,DE,Für die Meinungsfreiheit!,98400,0.0,2018-07-07T02:14:17Z,DE,221,2021-03-08T16:31:15Z,8.0,2021-09-21T14:26:18Z,UuZ9f4--8Hw,CDU,20260630_111134,CDU|SPD,2.0,True,True,True,True,True,True,True,True,True,True,keyword_before_reference,vor Referenzdatum auffindbar,False,False,False,False,False,False
UCfnNah9Q-A2OzcbqeZQiFhQ,1,1.0,DE,Rewigang,545000,0.0,2014-07-23T14:53:18Z,DE,2230,2021-01-01T12:00:30Z,3.0,2022-06-24T12:00:29Z,sM7kxKAvIsM,AfD,20260701_162327,AfD|CDU,2.0,True,True,True,True,True,True,True,True,False,True,active_before_keyword_after,"vorher aktiv, erst danach auffindbar",False,False,False,False,False,False
UCg1-w2x7jwdQ8-3pM9aUQ6g,1,1.0,DE,ZAPP - Die Medienredaktion,115000,0.0,2013-05-09T20:29:29Z,DE,741,2021-01-12T11:31:27Z,1.0,2025-11-12T16:02:53Z,JE6_ZdIqY_Y,AfD,20260701_162442,AfD,1.0,True,True,True,True,True,True,True,True,False,True,active_before_keyword_after,"vorher aktiv, erst danach auffindbar",False,False,False,False,False,False
UCgAPgHNmQSG_ySHRiOVeF4Q,1,1.0,DE,FOCUS online,357000,0.0,2006-11-26T21:58:41Z,DE,10870,2021-01-03T16:30:04Z,139.0,2021-01-14T11:45:01Z,2FE3vAaRQAo,AfD,20260701_162327,AfD|CDU|Die Grünen|Die Linke|FDP|SPD,6.0,True,True,True,True,True,True,True,True,True,True,keyword_before_reference,vor Referenzdatum auffindbar,False,False,False,False,False,False
UCgZw_Rxf1RYKDtQr9zdYuwg,1,0.9,DE,sophiexelisabeth,111000,0.0,2021-04-07T16:40:10Z,DE,1783,2022-08-03T08:00:03Z,1.0,2022-10-23T08:00:07Z,KGOftBdstJE,AfD,20260701_162327,AfD,1.0,True,True,True,True,True,True,True,False,False,True,first_active_after_reference,erst nach Referenzdatum beobachtet,False,False,False,False,False,False
UCgau4awdKG2ni2Ib4jvUqFA,1,0.0,AT,DER STANDARD,147000,0.0,2011-11-09T08:11:53Z,AT,11456,2021-01-04T07:34:32Z,10.0,2021-11-08T13:39:38Z,rhgNF6GDyTU,Die Grünen,20260702_203504,Die Grünen|Die Linke,2.0,True,True,True,True,True,True,True,True,True,True,keyword_before_reference,vor Referenzdatum auffindbar,False,False,False,False,False,False
UCgcHsYmYWTmLBU034YVSSIA,1,1.0,DE,Gio unzensiert,108000,0.0,2023-07-03T09:53:10Z,DE,476,2023-07-06T11:59:00Z,1.0,2025-02-09T18:49:33Z,UsoPGRK476M,AfD,20260701_162442,AfD,1.0,True,True,True,True,True,True,True,False,False,False,first_active_after_reference,erst nach Referenzdatum beobachtet,False,False,False,False,False,False
UCgmB8S3f8-9dR8alVUZuZxQ,1,1.0,DE,nextmove,180000,0.0,2018-03-29T14:11:05Z,DE,747,2021-01-01T17:00:13Z,1.0,2021-09-15T16:00:31Z,_k8FRxV6WII,CDU|Die Linke|SPD,20260630_111134|20260630_225240|20260705_000728,CDU|Die Linke|SPD,3.0,True,True,True,True,True,True,True,True,True,True,keyword_before_reference,vor Referenzdatum auffindbar,False,False,False,False,False,False
UCgvFsn6bRKqND1cW3HpzDrA,1,1.0,DE,COMPACT-TV,581000,0.0,2011-08-08T09:11:30Z,DE,5126,2021-01-08T09:34:53Z,63.0,2022-06-20T17:30:02Z,SpTk3-2ZziQ,AfD,20260701_162327,AfD|CDU|Die Grünen|Die Linke|FDP|SPD,6.0,True,True,True,True,True,True,True,True,False,True,active_before_keyword_after,"vorher aktiv, erst danach auffindbar",False,False,False,False,False,False
UCh-Ftqf4si1HFVtDm7Y10yg,1,1.0,DE,ProSieben,127000,0.0,2006-07-07T11:56:46Z,DE,963,2021-03-20T02:00:52Z,1.0,2022-05-19T13:30:01Z,aBA8DlSOOds,SPD,20260630_225317,SPD,1.0,True,True,True,True,True,True,True,True,False,True,active_before_keyword_after,"vorher aktiv, erst danach auffindbar",False,False,False,False,False,False
UCh7UU4jFZWKzu1KxqDic_Og,1,1.0,DE,Utopia TV Deutschland,118000,0.0,2023-08-03T11:40:43Z,DE,1617,2023-08-07T12:29:51Z,26.0,2024-04-05T16:23:22Z,rvDR4-ZFuSw,FDP,20260705_001039,AfD|CDU|Die Grünen|Die Linke|FDP|SPD,6.0,True,True,True,True,True,True,True,False,False,False,first_active_after_reference,erst nach Referenzdatum beobachtet,False,False,False,False,False,False
UCh8EqZyAUunyl1ryHeZAaSw,1,1.0,AE,Bitbull,153000,0.0,2021-01-02T11:56:39Z,AE,3333,2021-01-11T20:06:51Z,1.0,2025-08-03T19:03:18Z,jmvZdjRu4sk,Die Grünen,20260702_203720,Die Grünen,1.0,True,True,True,True,True,True,True,True,False,True,active_before_keyword_after,"vorher aktiv, erst danach auffindbar",False,False,False,False,False,False
UChkVOG0PqkXIHHmkBGG15Ig,1,1.0,DE,WALULIS,401000,0.0,2011-09-30T22:04:51Z,DE,774,2021-02-11T15:21:03Z,2.0,2021-05-06T16:07:37Z,Gy453d2_V-I,AfD,20260701_162327,AfD|CDU,2.0,True,True,True,True,True,True,True,True,True,True,keyword_before_reference,vor Referenzdatum auffindbar,False,False,False,False,False,False
UChvSDcd3cPuvhA0R3FHBFJw,1,1.0,DE,Enrico Rudolph,69800,0.0,2013-01-15T18:11:09Z,DE,1992,2024-01-19T21:00:03Z,5.0,2024-03-19T15:03:07Z,FS4DqfYaK-0,FDP,20260705_001039,Die Grünen|Die Linke|FDP,3.0,True,True,True,True,True,True,True,False,False,True,first_active_after_reference,erst nach Referenzdatum beobachtet,False,False,False,False,False,False
UCi-pZ-VukgK9uzymsA0LNQA,1,1.0,DE,EndzeitreporterMcM ,109000,0.0,2011-07-15T14:21:41Z,DE,2292,2021-01-01T20:39:16Z,2.0,2023-09-27T14:51:41Z,hPXxUlg6nUE,Die Grünen,20260702_203504,Die Grünen|Die Linke,2.0,True,True,True,True,True,True,True,True,False,True,active_before_keyword_after,"vorher aktiv, erst danach auffindbar",False,False,False,False,False,False
UCi5RJM_p1NajcGdBQfjyU4A,1,1.0,DE,POLITIK SPEZIAL - Stimme der Vernunft ,323000,0.0,2018-12-12T07:30:00Z,DE,2157,2021-01-03T11:00:19Z,14.0,2021-06-26T11:12:47Z,4ahB-dWXPUA,AfD,20260701_162327,AfD|CDU|SPD,3.0,True,True,True,True,True,True,True,True,True,True,keyword_before_reference,vor Referenzdatum auffindbar,False,False,False,False,False,False
UCiB6I_OMIYRUU6O3aGNxgjw,1,0.9,DE,Börse Stuttgart,66500,0.0,2009-05-28T12:50:51Z,DE,10489,2021-01-04T13:22:07Z,1.0,2021-09-28T17:00:13Z,V9zJfa27QME,CDU,20260630_111134,CDU,1.0,True,True,True,True,True,True,True,True,True,True,keyword_before_reference,vor Referenzdatum auffindbar,False,False,False,False,False,False
UCiTJladOHCMkKndVBsn23VQ,1,1.0,DE,Vermietertagebuch - Alexander Raue,488000,0.0,2018-02-09T03:04:05Z,DE,2981,2021-01-03T14:38:58Z,17.0,2023-05-31T06:00:00Z,-u4AEdlhu7A,AfD,20260701_162355,AfD|Die Grünen|Die Linke|FDP|SPD,5.0,True,True,True,True,True,True,True,True,False,True,active_before_keyword_after,"vorher aktiv, erst danach auffindbar",False,False,False,False,False,False
UCiTKi7Ahf3E2yMGpmIxSvgw,1,1.0,DE,Deutschland Kurier,381000,0.0,2019-03-01T09:32:00Z,DE,7739,2021-01-27T16:59:31Z,145.0,2021-02-05T09:39:31Z,zYQXLbvJn6M,AfD,20260701_162327,AfD|CDU|Die Grünen|Die Linke|FDP|SPD,6.0,True,True,True,True,True,True,True,True,True,True,keyword_before_reference,vor Referenzdatum auffindbar,False,False,False,False,False,False
UCigtuurEEt3QLwazM_9OvVA,1,1.0,DE,MR.STEUER,61000,0.0,2017-06-24T11:53:36Z,DE,641,2023-09-09T13:00:18Z,2.0,2024-03-01T15:00:43Z,hrVjrY8kNSk,SPD,20260701_162148,SPD,1.0,True,True,True,True,True,True,True,False,False,True,first_active_after_reference,erst nach Referenzdatum beobachtet,False,False,False,False,False,False
UCiiymOmMRMZV9GZSsfTX4qw,1,1.0,DE,EIKE - Europäisches Institut für Klima und Energie,50900,0.0,2010-01-19T07:08:43Z,DE,740,2021-06-25T13:54:26Z,1.0,2022-05-05T16:00:19Z,gO_-5szKoxA,CDU,20260630_111000,CDU,1.0,True,True,True,True,True,True,True,True,False,True,active_before_keyword_after,"vorher aktiv, erst danach auffindbar",False,False,False,False,False,False
UCj089h5WsDdh1q8t54K3ZCw,1,1.0,DE,Massengeschmack-TV,152000,0.0,2011-02-23T00:49:15Z,DE,4009,2021-01-01T08:55:27Z,9.0,2021-07-15T12:36:34Z,HL0QgsHh1YU,CDU,20260630_111134,AfD|CDU|Die Grünen|Die Linke|FDP|SPD,6.0,True,True,True,True,True,True,True,True,True,True,keyword_before_reference,vor Referenzdatum auffindbar,False,False,False,False,False,False
UCjE2irgQvvNEX9GEv6fMrEw,1,1.0,DE,Auftrag Geschichte präsentiert von KlappspatenTV,253000,0.0,2019-10-26T16:59:07Z,DE,1238,2021-01-05T18:00:23Z,12.0,2025-05-08T13:57:57Z,2OQAH6XiJtU,CDU,20260630_111411,AfD|CDU|Die Grünen|Die Linke,4.0,True,True,True,True,True,True,True,True,False,True,active_before_keyword_after,"vorher aktiv, erst danach auffindbar",False,False,False,False,False,False
UCjM_J6nYvaRx3rZMxkilwLw,1,1.0,AT,Lypix,309000,0.0,2016-05-06T13:26:48Z,AT,1836,2021-01-14T14:00:05Z,1.0,2025-06-10T12:30:05Z,1QLm7GDQeBo,Die Grünen,20260702_203720,Die Grünen,1.0,True,True,True,True,True,True,True,True,False,True,active_before_keyword_after,"vorher aktiv, erst danach auffindbar",False,False,False,False,False,False
UCjRo7YkneL44wPDUW-aQoww,1,1.0,DE,Hotel Matze,295000,0.0,2021-02-05T16:05:42Z,DE,991,2021-02-08T17:35:38Z,5.0,2024-06-01T08:09:35Z,uwY9dMwDIo8,CDU,20260630_111315,AfD|CDU|Die Grünen|FDP,4.0,True,True,True,True,True,True,True,True,False,True,active_before_keyword_after,"vorher aktiv, erst danach auffindbar",False,False,False,False,False,False
UCjSkyrjqPeMwubZU0CnScXA,1,1.0,DE,SchrangTV,169000,0.0,2014-08-22T14:53:11Z,DE,1336,2021-03-02T15:08:29Z,1.0,2023-06-06T12:03:36Z,xze_D8UFxTw,FDP,20260705_001039,FDP,1.0,True,True,True,True,True,True,True,True,False,True,active_before_keyword_after,"vorher aktiv, erst danach auffindbar",False,False,False,False,False,False
UCjhkuC_Pi85wGjnB0I1ydxw,1,0.9,DE,extra 3,1200000,0.0,2014-04-14T10:11:32Z,DE,5240,2021-01-07T21:44:36Z,70.0,2021-02-03T20:58:13Z,s3w_ncmKW3c,AfD,20260701_162327,AfD|CDU|Die Grünen|Die Linke|FDP|SPD,6.0,True,True,True,True,True,True,True,True,True,True,keyword_before_reference,vor Referenzdatum auffindbar,False,False,False,False,False,False
UCjkSqbf8E4MybdYmfhlW10A,1,1.0,DE,{ungeskriptet} by Ben,990000,0.0,2022-04-26T15:40:36Z,DE,1785,2022-05-08T17:41:54Z,7.0,2025-01-25T19:07:12Z,tju9hKwE-u8,AfD,20260701_162442,AfD|Die Grünen|Die Linke,3.0,True,True,True,True,True,True,True,False,False,False,first_active_after_reference,erst nach Referenzdatum beobachtet,False,False,False,False,False,False
UCjuV53YnSHDfltUSGW3Q0KA,1,1.0,DE,Migrando,231000,0.0,2021-03-02T23:26:07Z,DE,1060,2021-03-08T12:54:50Z,1.0,2024-01-17T14:07:22Z,xTDXyUmLIUI,AfD,20260701_162442,AfD,1.0,True,True,True,True,True,True,True,True,False,True,active_before_keyword_after,"vorher aktiv, erst danach auffindbar",False,False,False,False,False,False
UCjvVn-oLzoY0aZhVvdQPSTQ,1,1.0,HR,LEO – Ketzer der Neuzeit,580000,0.0,2020-08-05T22:14:11Z,HR,768,2021-01-02T16:38:13Z,7.0,2021-10-31T17:45:11Z,e0Vbck0vF6Q,Die Linke,20260705_000728,AfD|Die Grünen|Die Linke,3.0,True,True,True,True,True,True,True,True,True,True,keyword_before_reference,vor Referenzdatum auffindbar,False,False,False,False,False,False
UCjzcAEdtPjSo3hRrhVnVaQg,1,1.0,DE,MySpass Classics,212000,0.0,2015-03-23T09:00:09Z,DE,3112,2021-01-01T15:00:10Z,1.0,2023-05-25T16:00:14Z,SNwgVuKYDsc,CDU,20260630_111217,CDU,1.0,True,True,True,True,True,True,True,True,False,True,active_before_keyword_after,"vorher aktiv, erst danach auffindbar",False,False,False,False,False,False
UCkC-9P-VbzSNzsgMwtGdOXg,1,1.0,DE,RedeFabrik - Kommunikation & Charisma,524000,0.0,2016-09-04T08:17:38Z,DE,1105,2021-01-02T16:15:46Z,2.0,2023-03-31T15:30:09Z,g9XtB0RG2Jg,AfD,20260701_162355,AfD|CDU,2.0,True,True,True,True,True,True,True,True,False,True,active_before_keyword_after,"vorher aktiv, erst danach auffindbar",False,False,False,False,False,False
UCkDNRaTUFuWBRDr7lDETSkw,1,1.0,,Ulrich Siegmund,114000,0.0,2021-06-02T21:16:01Z,Nicht angegeben,365,2021-08-29T15:37:36Z,7.0,2021-11-24T11:55:38Z,YK5CeXlpYxU,CDU,20260630_111134,CDU|Die Grünen|Die Linke|SPD,4.0,True,True,True,True,True,True,True,True,True,True,keyword_before_reference,vor Referenzdatum auffindbar,False,False,False,False,False,False
UCkP3cBG9m7nHSbOOEYugCLA,1,1.0,DE,imp,74600,0.0,2016-02-24T22:03:42Z,DE,206,2021-01-19T16:01:37Z,1.0,2021-09-25T05:52:39Z,PJmmy7GhscE,CDU,20260630_111134,CDU,1.0,True,True,True,True,True,True,True,True,True,True,keyword_before_reference,vor Referenzdatum auffindbar,False,False,False,False,False,False
UCkSEq4JuI5VxqWIrRY2-pew,1,1.0,DE,Boris Reitschuster,374000,0.0,2014-01-26T10:35:33Z,DE,756,2021-01-01T14:45:00Z,3.0,2021-03-28T19:00:12Z,cVmAcD2tPd8,FDP,20260705_000854,AfD|Die Grünen|FDP,3.0,True,True,True,True,True,True,True,True,True,True,keyword_before_reference,vor Referenzdatum auffindbar,False,False,False,False,False,False
UCkZ3fSYruC0IXv6p34BHciQ,1,0.8,DE,The Morpheus,232000,0.0,2019-03-10T15:49:41Z,DE,701,2021-01-01T11:00:31Z,2.0,2021-05-07T14:00:15Z,fk8rTuiKtS4,CDU,20260630_111134,CDU|SPD,2.0,True,True,True,True,True,True,True,True,True,True,keyword_before_reference,vor Referenzdatum auffindbar,False,False,False,False,False,False
UCkdzEoq1f5bFbV-pkRwhYRw,1,1.0,CH,CaimiReport: kritisch alternatives Medium!,51900,0.0,2019-05-15T08:14:44Z,CH,2070,2021-01-03T11:00:01Z,2.0,2022-03-30T06:00:09Z,Li8wYEvOHQU,FDP,20260705_001039,Die Linke|FDP,2.0,True,True,True,True,True,True,True,True,False,True,active_before_keyword_after,"vorher aktiv, erst danach auffindbar",False,False,False,False,False,False
UCksi8_CDUF0DbnLrgIoRrRg,1,0.0,CH,Paul Brandenburg,133000,0.0,2020-12-23T12:29:17Z,CH,1005,2021-02-02T09:17:20Z,3.0,2022-10-18T18:05:08Z,nvBMz_Rm2Lk,AfD,20260701_162327,AfD|Die Linke,2.0,True,True,True,True,True,True,True,True,False,True,active_before_keyword_after,"vorher aktiv, erst danach auffindbar",False,False,False,False,False,False
UClO1l0P58Hi0Al3v8vRWmGw,1,0.9,CH,klagemauerTV,141000,0.0,2012-08-08T05:31:07Z,CH,2389,2021-02-02T20:18:38Z,1.0,2025-10-26T11:01:12Z,djEYYTQYOxQ,Die Grünen,20260702_203720,Die Grünen,1.0,True,True,True,True,True,True,True,True,False,True,active_before_keyword_after,"vorher aktiv, erst danach auffindbar",False,False,False,False,False,False
UClj2hzTR0gl9VfZ9V6CM3kw,1,1.0,CH,Staiy,286000,0.0,2019-01-02T23:53:23Z,CH,2511,2021-01-01T13:00:26Z,5.0,2022-04-26T12:00:16Z,eM8WR5Iy8ZU,Die Linke,20260705_000728,AfD|CDU|Die Linke|FDP,4.0,True,True,True,True,True,True,True,True,False,True,active_before_keyword_after,"vorher aktiv, erst danach auffindbar",False,False,False,False,False,False
UCmN5AEULh0GsQ2mwNlyQG-A,1,1.0,DE,DER GLÜCKSRITTER,161000,0.0,2023-02-13T23:15:19Z,DE,1513,2025-05-07T12:01:54Z,5.0,2025-06-01T05:00:32Z,KZXqUttjQhM,Die Grünen,20260702_203720,Die Grünen,1.0,True,True,True,True,True,True,True,False,False,False,first_active_after_reference,erst nach Referenzdatum beobachtet,False,False,False,False,False,False
UCmNyt19w_SVXRik2I1X84dg,1,0.8,DE,Finanzhacks Shorts,83700,0.0,2021-09-23T19:52:24Z,DE,1627,2021-10-17T12:48:16Z,1.0,2024-03-13T10:36:35Z,nHSvHHSZXiE,Die Linke,20260705_000728,Die Linke,1.0,True,True,True,True,True,True,True,True,False,True,active_before_keyword_after,"vorher aktiv, erst danach auffindbar",False,False,False,False,False,False
UCmgVL1Bh7oMIdUdLwIsCiGA,1,0.0,DE,Berlin360°,97200,0.0,2009-06-10T13:25:25Z,DE,13226,2021-12-25T10:49:02Z,326.0,2023-11-15T18:01:30Z,k8cKkcgrnY8,CDU,20260630_111217,AfD|CDU|Die Grünen|Die Linke|FDP|SPD,6.0,True,True,True,True,True,True,True,True,False,True,active_before_keyword_after,"vorher aktiv, erst danach auffindbar",False,False,False,False,False,False
UCmzLzI-ROdjxWtBOuJTelug,1,1.0,BE,AfD im EU-Parlament,71100,0.0,2019-07-16T14:03:00Z,BE,1750,2021-01-19T10:13:30Z,12.0,2021-05-15T16:30:31Z,JR2AbNKFwws,Die Grünen,20260702_203504,AfD|CDU|Die Grünen|FDP|SPD,5.0,True,True,True,True,True,True,True,True,True,True,keyword_before_reference,vor Referenzdatum auffindbar,False,False,False,False,False,False
UCn7wWR5KnpX_N6ZaBNuyVYw,1,1.0,DE,WDR,1050000,0.0,2013-07-25T10:06:02Z,DE,1827,2021-01-03T19:10:35Z,11.0,2021-06-18T15:00:32Z,XJKnInw6IvE,AfD,20260701_162327,AfD|CDU|Die Grünen|Die Linke|FDP|SPD,6.0,True,True,True,True,True,True,True,True,True,True,keyword_before_reference,vor Referenzdatum auffindbar,False,False,False,False,False,False
UCnk0-FU1ybs9MpWg8g3yqMw,1,1.0,DE,Politik & Co ,109000,0.0,2020-01-23T08:59:12Z,DE,4049,2021-01-19T23:00:40Z,7.0,2024-01-04T14:39:29Z,ClO0ib1B8j4,Die Grünen,20260702_203504,Die Grünen|Die Linke|SPD,3.0,True,True,True,True,True,True,True,True,False,True,active_before_keyword_after,"vorher aktiv, erst danach auffindbar",False,False,False,False,False,False
UCnrsFEWCT3IHHc_J8YsVDAw,1,1.0,US,Maximilian Pütz,99100,0.0,2006-08-28T14:30:19Z,US,980,2021-01-03T09:00:12Z,1.0,2023-03-01T19:00:09Z,EcrnuNOdHp8,Die Grünen,20260702_203504,Die Grünen,1.0,True,True,True,True,True,True,True,True,False,True,active_before_keyword_after,"vorher aktiv, erst danach auffindbar",False,False,False,False,False,False
UCo3KvUOtPnsijOhEcEf9nvg,1,1.0,,Robert Franz,146000,0.0,2011-06-19T15:26:27Z,Nicht angegeben,701,2021-01-03T18:29:00Z,1.0,2023-06-02T15:54:02Z,axI-VywUxAk,Die Grünen,20260702_203504,Die Grünen,1.0,True,True,True,True,True,True,True,True,False,True,active_before_keyword_after,"vorher aktiv, erst danach auffindbar",False,False,False,False,False,False
UCo4693Ony4slDY5hR0ny-bw,1,1.0,DE,WALULIS DAILY,277000,0.0,2019-08-29T08:22:37Z,DE,481,2021-02-02T19:00:08Z,15.0,2021-03-10T19:00:07Z,k9YJafyeFP4,CDU,20260630_111134,AfD|CDU|Die Linke|FDP|SPD,5.0,True,True,True,True,True,True,True,True,True,True,keyword_before_reference,vor Referenzdatum auffindbar,False,False,False,False,False,False
UCo6utge9KpJI61gXe7ngUJQ,1,0.0,AT,Richtiger Kevin,2150000,0.0,2016-08-08T14:36:20Z,AT,2459,2021-01-04T16:00:11Z,1.0,2023-10-08T10:00:43Z,wSw5HdTYji0,Die Linke,20260705_000728,Die Linke,1.0,True,True,True,True,True,True,True,True,False,True,active_before_keyword_after,"vorher aktiv, erst danach auffindbar",False,False,False,False,False,False
UCoBHyjPTvBxt87F6jfiEIEg,1,1.0,DE,MDR SPASSZONE,422000,0.0,2017-01-26T13:45:48Z,DE,1846,2021-01-14T17:00:11Z,2.0,2021-09-20T13:03:22Z,MBSwveqYRjk,Die Grünen,20260702_203504,Die Grünen,1.0,True,True,True,True,True,True,True,True,True,True,keyword_before_reference,vor Referenzdatum auffindbar,False,False,False,False,False,False
UCoKCF-pUbhJtSsSGs6JCLfQ,1,1.0,DE,Schlumpf,721000,0.0,2020-12-03T11:41:07Z,DE,542,2021-02-13T16:00:01Z,2.0,2022-10-21T12:00:10Z,7bskbDPD7Ug,AfD,20260701_162327,AfD|CDU,2.0,True,True,True,True,True,True,True,True,False,True,active_before_keyword_after,"vorher aktiv, erst danach auffindbar",False,False,False,False,False,False
UCoSKQ9e_DsYpFVsuUKaus9A,1,1.0,DE,Wissenschaftlich Investieren,85700,0.0,2021-03-11T15:58:46Z,DE,428,2021-12-30T14:19:19Z,1.0,2025-09-26T14:30:02Z,3s2jsLYwABM,Die Linke,20260702_203800,Die Linke,1.0,True,True,True,True,True,True,True,True,False,True,active_before_keyword_after,"vorher aktiv, erst danach auffindbar",False,False,False,False,False,False
UCoUN_yusGiLh9uwLN2xZuYw,1,1.0,DE,Der Sievi,100000,0.0,2016-03-22T12:25:14Z,DE,2522,2021-01-02T09:06:23Z,3.0,2022-04-13T15:58:19Z,CHlRNIaY_pg,Die Linke,20260705_000728,Die Grünen|Die Linke,2.0,True,True,True,True,True,True,True,True,False,True,active_before_keyword_after,"vorher aktiv, erst danach auffindbar",False,False,False,False,False,False
UCoVxi4FUUcO5Jyx1EtpERZw,1,1.0,DE,SWR Wissen,52800,0.0,2023-03-01T09:13:55Z,DE,86,2021-01-21T16:00:31Z,1.0,2023-05-16T16:31:48Z,6vI1WdreLjc,Die Grünen,20260702_203504,Die Grünen,1.0,True,True,True,True,True,True,True,True,False,False,active_before_keyword_after,"vorher aktiv, erst danach auffindbar",False,False,False,False,False,True
UCodzpCel9VT-Sc0K7eeHm-w,1,1.0,CH,SRF Kids,77300,0.0,2020-02-11T10:34:00Z,CH,2073,2021-01-06T16:00:31Z,1.0,2025-02-20T16:00:11Z,5Q-6-9YTRRE,Die Linke,20260702_203800,Die Linke,1.0,True,True,True,True,True,True,True,True,False,True,active_before_keyword_after,"vorher aktiv, erst danach auffindbar",False,False,False,False,False,False
UCol-Re86up3bOE6HRR6ePMQ,1,1.0,DE,Rene Schmock,565000,0.0,2009-03-19T21:20:12Z,DE,5198,2021-02-25T18:10:05Z,2.0,2023-08-29T13:00:01Z,1CK1_lESQg4,Die Grünen,20260702_203504,Die Grünen,1.0,True,True,True,True,True,True,True,True,False,True,active_before_keyword_after,"vorher aktiv, erst danach auffindbar",False,False,False,False,False,False
UCouZW6lGRZ6MaUk9w_ACztQ,1,1.0,DE,DIE BLITZMELDUNG,117000,0.0,2023-12-17T04:40:23Z,DE,1993,2023-12-19T11:30:32Z,6.0,2024-02-19T17:00:15Z,Iul4bzxHE3A,FDP,20260705_001039,Die Grünen|FDP|SPD,3.0,True,True,True,True,True,True,True,False,False,False,first_active_after_reference,erst nach Referenzdatum beobachtet,False,False,False,False,False,False
UCpDTqrpAxzNnZ7awX4J2HHA,1,0.0,DE,No AfD,106000,0.0,2018-07-06T22:29:03Z,DE,1254,2021-01-13T13:23:56Z,96.0,2021-01-28T17:00:26Z,_G5kapHw4pQ,AfD,20260701_162327,AfD|Die Grünen|Die Linke|FDP|SPD,5.0,True,True,True,True,True,True,True,True,True,True,keyword_before_reference,vor Referenzdatum auffindbar,False,False,False,False,False,False
UCpV9LpCg4uwYCQZ3qoEn_YQ,1,1.0,DE,Aktien mit Kopf,723000,0.0,2013-11-28T10:40:22Z,DE,5022,2021-01-02T14:31:08Z,11.0,2022-11-11T10:48:51Z,CTeiZrdLJbM,SPD,20260630_225317,CDU|Die Grünen|Die Linke|FDP|SPD,5.0,True,True,True,True,True,True,True,True,False,True,active_before_keyword_after,"vorher aktiv, erst danach auffindbar",False,False,False,False,False,False
UCq-b0dwW97YRZWgSCikWQRA,1,1.0,CH,DIE WELTWOCHE,451000,0.0,2009-07-06T10:06:17Z,CH,6744,2021-01-04T05:30:02Z,49.0,2021-12-20T05:30:06Z,t-RxGSidpJQ,Die Linke,20260705_000728,AfD|CDU|Die Grünen|Die Linke|FDP|SPD,6.0,True,True,True,True,True,True,True,True,True,True,keyword_before_reference,vor Referenzdatum auffindbar,False,False,False,False,False,False
UCq2ej2M1Fb62hZxfahZ536A,1,1.0,DE,ANDI in Deutschland ,91900,0.0,2021-02-27T21:00:08Z,DE,1481,2024-10-29T07:47:14Z,6.0,2025-01-27T20:25:18Z,m3TkZRRIqHw,Die Grünen,20260702_203720,Die Grünen|Die Linke|SPD,3.0,True,True,True,True,True,True,True,False,False,True,first_active_after_reference,erst nach Referenzdatum beobachtet,False,False,False,False,False,False
UCq2rogaxLtQFrYG3X3KYNww,1,1.0,DE,AfD TV,372000,0.0,2016-10-30T12:14:07Z,DE,2401,2021-01-01T18:37:56Z,250.0,2021-01-08T13:26:00Z,ekK9PwpXP9s,AfD,20260701_162327,AfD|CDU|Die Grünen|FDP|SPD,5.0,True,True,True,True,True,True,True,True,True,True,keyword_before_reference,vor Referenzdatum auffindbar,False,False,False,False,False,False
UCq880QL0THPePYuGKV7PxZw,1,1.0,DE,RobBubble,365000,0.0,2006-12-09T09:14:10Z,DE,144,2021-03-25T18:20:43Z,1.0,2023-08-12T10:14:58Z,7Mpe5_gBUtI,CDU,20260630_111217,CDU,1.0,True,True,True,True,True,True,True,True,False,True,active_before_keyword_after,"vorher aktiv, erst danach auffindbar",False,False,False,False,False,False
UCqLv2nTsMB_FXtQRFNXjWhA,1,1.0,DE,Geld für die Welt — Maurice Höfgen,313000,0.0,2020-12-10T21:37:10Z,DE,757,2021-01-07T18:36:30Z,36.0,2021-05-11T15:00:15Z,MMDHmPiycTg,CDU,20260630_111134,AfD|CDU|Die Grünen|Die Linke|FDP|SPD,6.0,True,True,True,True,True,True,True,True,True,True,keyword_before_reference,vor Referenzdatum auffindbar,False,False,False,False,False,False
UCqQ9P_ObrTQ0MhUnZffKkGA,1,1.0,DE,Der Schattenmacher,54900,0.0,2016-11-18T23:53:53Z,DE,285,2021-01-17T15:33:01Z,2.0,2021-12-25T15:31:12Z,Q9dHpWgArdc,Die Linke,20260705_000728,CDU|Die Linke,2.0,True,True,True,True,True,True,True,True,True,True,keyword_before_reference,vor Referenzdatum auffindbar,False,False,False,False,False,False
UCqZSdUJqd2T0oqr6BEA3ONw,1,1.0,DE,Oli,314000,0.0,2017-10-04T17:52:47Z,DE,4072,2021-01-01T16:55:00Z,53.0,2021-02-21T16:55:01Z,-RZr7YW-obc,CDU,20260630_111134,AfD|CDU|Die Grünen|Die Linke|FDP|SPD,6.0,True,True,True,True,True,True,True,True,True,True,keyword_before_reference,vor Referenzdatum auffindbar,False,False,False,False,False,False
UCqmQ1b96-PNH4coqgHTuTlA,1,1.0,DE,ARD,920000,0.0,2005-11-07T18:34:30Z,DE,3235,2021-01-13T10:00:07Z,12.0,2021-01-17T17:45:04Z,TMGIGUo9_hw,AfD,20260701_162327,AfD|CDU|SPD,3.0,True,True,True,True,True,True,True,True,True,True,keyword_before_reference,vor Referenzdatum auffindbar,False,False,False,False,False,False
UCr78AIw8O_HGs2jMUAGEp_g,1,1.0,DE,KuchenTV,1190000,0.0,2011-03-09T19:19:16Z,DE,1846,2021-01-01T18:54:11Z,5.0,2021-06-07T18:04:45Z,JRIeEybvz58,Die Grünen,20260702_203504,AfD|CDU|Die Grünen,3.0,True,True,True,True,True,True,True,True,True,True,keyword_before_reference,vor Referenzdatum auffindbar,False,False,False,False,False,False
UCrGy59kaH785Ac6KIl2y65A,1,1.0,DE,Red Scorpion,233000,0.0,2017-03-27T08:31:44Z,DE,792,2021-02-07T12:45:49Z,62.0,2022-09-22T17:59:32Z,XtZW-8MrzWI,Die Grünen,20260702_203504,AfD|CDU|Die Grünen|Die Linke|FDP|SPD,6.0,True,True,True,True,True,True,True,True,False,True,active_before_keyword_after,"vorher aktiv, erst danach auffindbar",False,False,False,False,False,False
UCrb6U1FuOP5EZ7n7LfOJMMQ,1,1.0,DE,ZDFtivi,289000,0.0,2012-06-04T09:30:43Z,DE,1012,2021-01-07T18:48:18Z,5.0,2021-09-09T07:46:49Z,HvhdeyEDV5w,CDU,20260630_111134,AfD|CDU|Die Linke|SPD,4.0,True,True,True,True,True,True,True,True,True,True,keyword_before_reference,vor Referenzdatum auffindbar,False,False,False,False,False,False
UCs-G8CXCziErSY1459e7U8A,1,1.0,DE,Gegenpol,115000,0.0,2022-09-09T05:33:18Z,DE,5321,2022-09-23T19:22:02Z,28.0,2023-05-25T15:17:15Z,VKS0TKgqpio,Die Grünen,20260702_203504,AfD|CDU|Die Grünen|Die Linke|FDP|SPD,6.0,True,True,True,True,True,True,True,False,False,False,first_active_after_reference,erst nach Referenzdatum beobachtet,False,False,False,False,False,False
UCs05VH8MBAaX_cNXlrYIZkA,1,0.9,,Salim Samatou,280000,0.0,2019-03-17T10:33:31Z,Nicht angegeben,674,2021-06-12T13:35:59Z,1.0,2025-11-13T17:00:34Z,IK4JlA7ApDo,Die Linke,20260702_203800,Die Linke,1.0,True,True,True,True,True,True,True,True,False,True,active_before_keyword_after,"vorher aktiv, erst danach auffindbar",False,False,False,False,False,False
UCsE1D4wRSH0mZIwhazvyTUQ,1,1.0,DE,Matthias' Meinung,62900,0.0,2023-10-18T14:13:06Z,DE,808,2023-10-19T09:19:58Z,5.0,2024-09-04T14:22:39Z,KJF5RZMz7yE,Die Grünen,20260702_203504,CDU|Die Grünen|Die Linke,3.0,True,True,True,True,True,True,True,False,False,False,first_active_after_reference,erst nach Referenzdatum beobachtet,False,False,False,False,False,False
UCsFtUYhrGmOck_UeVPD-AJQ,1,1.0,DE,WDR aktuell,161000,0.0,2019-07-25T14:00:09Z,DE,1326,2021-01-05T19:11:13Z,13.0,2021-03-08T20:08:18Z,92PjkV5fn0Y,CDU,20260630_111134,CDU|Die Grünen|FDP|SPD,4.0,True,True,True,True,True,True,True,True,True,True,keyword_before_reference,vor Referenzdatum auffindbar,False,False,False,False,False,False
UCsI9oTkm0H9GnK5K1fmFMug,1,1.0,ES,HABITAT - Lebensraum Deutschland,80100,0.0,2022-04-28T16:04:37Z,ES,6124,2022-07-19T00:36:18Z,12.0,2023-01-07T08:00:15Z,i5j4siMay6o,Die Linke,20260705_000728,AfD|Die Grünen|Die Linke|SPD,4.0,True,True,True,True,True,True,True,False,False,False,first_active_after_reference,erst nach Referenzdatum beobachtet,False,False,False,False,False,False
UCsLN1bEfDJoZOs8udTwHatQ,1,0.0,DE,Politik mit Kopf,272000,0.0,2017-05-28T09:07:17Z,DE,1299,2024-05-20T11:23:18Z,5.0,2025-02-01T14:18:36Z,T5c5rFmPnT0,Die Linke,20260702_203800,Die Linke|SPD,2.0,True,True,True,True,True,True,True,False,False,True,first_active_after_reference,erst nach Referenzdatum beobachtet,False,False,False,False,False,False
UCscq7owVpBCr1w3LQO1aGEw,1,1.0,DE,GELDDRUCKER,106000,0.0,2021-05-24T12:53:31Z,DE,1095,2021-06-01T17:05:32Z,3.0,2023-08-01T16:59:00Z,TtmvhqzKQdE,Die Grünen,20260702_203504,Die Grünen|FDP,2.0,True,True,True,True,True,True,True,True,False,True,active_before_keyword_after,"vorher aktiv, erst danach auffindbar",False,False,False,False,False,False
UCsdf_os0T0MizL_GRDYsLDQ,1,0.5,DE,Henner - Der Nordhesse,186000,0.0,2009-01-22T01:01:51Z,DE,1941,2021-08-28T17:05:12Z,8.0,2022-03-21T08:47:09Z,lsaq43ndowk,Die Linke,20260705_000728,Die Grünen|Die Linke|FDP,3.0,True,True,True,True,True,True,True,True,False,True,active_before_keyword_after,"vorher aktiv, erst danach auffindbar",False,False,False,False,False,False
UCsekpwdMv9PBCOftuuKncfw,1,1.0,DE,FinanzmarktWelt.de,105000,0.0,2013-06-28T16:41:34Z,DE,9270,2021-01-01T14:20:23Z,1.0,2022-09-06T18:01:49Z,yhDUuWTdFdE,Die Grünen,20260702_203504,Die Grünen,1.0,True,True,True,True,True,True,True,True,False,True,active_before_keyword_after,"vorher aktiv, erst danach auffindbar",False,False,False,False,False,False
UCsgW8jrCmWjcys7iZTl7wYQ,1,1.0,DE,Amnas,123000,0.0,2024-02-10T13:44:31Z,DE,361,2024-02-16T13:30:31Z,4.0,2024-06-20T12:20:36Z,cr7oWGszj4o,SPD,20260701_162148,SPD,1.0,True,True,True,True,True,True,True,False,False,False,first_active_after_reference,erst nach Referenzdatum beobachtet,False,False,False,False,False,False
UCskvXSvph6FlEZa5B6uJnVg,1,1.0,DE,spielend Klavier lernen,57600,0.0,2008-10-21T21:13:51Z,DE,267,2021-01-27T18:36:33Z,2.0,2022-09-06T14:28:48Z,SCXZtlzij04,Die Linke,20260705_000728,Die Linke,1.0,True,True,True,True,True,True,True,True,False,True,active_before_keyword_after,"vorher aktiv, erst danach auffindbar",False,False,False,False,False,False
UCt-LS-iOO2Aultxo2gtHA4g,1,1.0,DE,FinanzNerd,381000,0.0,2016-12-02T12:14:44Z,DE,524,2021-01-03T11:07:49Z,2.0,2021-04-25T08:01:45Z,mnUNg8w1wBM,Die Grünen,20260702_203504,Die Grünen,1.0,True,True,True,True,True,True,True,True,True,True,keyword_before_reference,vor Referenzdatum auffindbar,False,False,False,False,False,False
UCt8HsnMdQAuQUMDNNjSJdnw,1,1.0,DE,RTL Doku,167000,0.0,2019-12-11T10:02:34Z,DE,741,2023-04-25T15:00:27Z,3.0,2025-05-05T20:45:01Z,5lNXzFY-rLM,AfD,20260701_162442,AfD,1.0,True,True,True,True,True,True,True,False,False,True,first_active_after_reference,erst nach Referenzdatum beobachtet,False,False,False,False,False,False
UCtIdmHlJYcToNr3o05Cv0Nw,1,1.0,DE,M — Λ U S — T V,57700,0.0,2023-12-11T12:58:27Z,DE,1625,2024-10-23T09:59:37Z,33.0,2024-11-20T11:45:27Z,9QLDe1H0xZk,Die Grünen,20260702_203504,AfD|CDU|Die Grünen|Die Linke,4.0,True,True,True,True,True,True,True,False,False,False,first_active_after_reference,erst nach Referenzdatum beobachtet,False,False,False,False,False,False
UCtQFxktythX5mGgZm0Pag2Q,1,1.0,DE,Leon Lovelock,380000,0.0,2011-11-22T19:23:51Z,DE,643,2021-01-02T14:31:55Z,1.0,2023-06-07T13:00:49Z,xmll7c4RKRc,Die Grünen,20260702_203504,Die Grünen,1.0,True,True,True,True,True,True,True,True,False,True,active_before_keyword_after,"vorher aktiv, erst danach auffindbar",False,False,False,False,False,False
UCtg17AAUcgsfmTZ7cOojgpA,1,1.0,DE,Karl Ess,348000,0.0,2012-04-14T00:38:58Z,DE,3666,2021-01-03T16:12:34Z,4.0,2023-10-30T17:10:09Z,yH10llKgalc,Die Linke,20260705_000728,AfD|CDU|Die Grünen|Die Linke,4.0,True,True,True,True,True,True,True,True,False,True,active_before_keyword_after,"vorher aktiv, erst danach auffindbar",False,False,False,False,False,False
UCthYpKoujTMmDX75fGr5o8A,1,1.0,,Mathias von Gersdorff,56100,0.0,2021-04-14T14:54:31Z,Nicht angegeben,3208,2021-04-16T13:39:06Z,26.0,2022-01-03T16:00:02Z,6Vlvfon10vY,FDP,20260705_001039,CDU|Die Grünen|Die Linke|FDP,4.0,True,True,True,True,True,True,True,True,True,True,keyword_before_reference,vor Referenzdatum auffindbar,False,False,False,False,False,False
UCtikxfWPhyZS_9-kiS5dILA,1,1.0,DE,rbb Doku,192000,0.0,2021-06-25T11:56:37Z,DE,398,2021-10-04T15:22:11Z,5.0,2024-06-05T11:00:31Z,MzPeMGlLNFI,AfD,20260701_162442,AfD,1.0,True,True,True,True,True,True,True,True,False,True,active_before_keyword_after,"vorher aktiv, erst danach auffindbar",False,False,False,False,False,False
UCtnSmfVH1brwwMk8JYmYPvw,1,1.0,DE,Cowboy Filme - Western Movies,245000,0.0,2022-04-21T09:14:19Z,DE,526,2025-09-06T16:14:57Z,1.0,2025-11-21T11:54:51Z,CsXn3xjj8tY,Die Grünen,20260702_203720,Die Grünen,1.0,True,True,True,True,True,True,True,False,False,False,first_active_after_reference,erst nach Referenzdatum beobachtet,False,False,False,False,False,False
UCtyFVwXiQUaZNrE_4fE30_A,1,1.0,DE,rbb,369000,0.0,2006-01-08T22:12:26Z,DE,1409,2021-01-10T08:00:07Z,6.0,2021-08-25T17:07:23Z,gjKJbQC1ZzA,SPD,20260630_225240,AfD|CDU|Die Linke|SPD,4.0,True,True,True,True,True,True,True,True,True,True,keyword_before_reference,vor Referenzdatum auffindbar,False,False,False,False,False,False
UCu02GkFNrMRzwysT2SEmNrQ,1,1.0,DE,smartsteuer,491000,0.0,2013-03-27T15:20:53Z,DE,710,2021-01-03T15:00:03Z,7.0,2021-05-16T14:00:18Z,war-TxuB7nE,Die Grünen,20260702_203504,CDU|Die Grünen|Die Linke|FDP|SPD,5.0,True,True,True,True,True,True,True,True,True,True,keyword_before_reference,vor Referenzdatum auffindbar,False,False,False,False,False,False
UCuR7hglVNuxnvQffSoOwrag,1,1.0,AT,HaraldSchmidtClips,65500,0.0,2024-11-10T22:19:54Z,AT,266,2024-11-10T22:22:30Z,1.0,2025-12-29T15:15:12Z,pwXWzCUiQFE,FDP,20260705_001039,FDP,1.0,True,True,True,True,True,True,True,False,False,False,first_active_after_reference,erst nach Referenzdatum beobachtet,False,False,False,False,False,False
UCuXKxMi1MAxPVZVT0bc976Q,1,1.0,DE,Jasmin Kosubek,333000,0.0,2020-07-23T05:42:10Z,DE,1386,2021-12-29T16:49:20Z,19.0,2023-01-30T07:13:03Z,hPXMXNagEmk,Die Linke,20260705_000728,AfD|Die Grünen|Die Linke|FDP,4.0,True,True,True,True,True,True,True,True,False,True,active_before_keyword_after,"vorher aktiv, erst danach auffindbar",False,False,False,False,False,False
UCucMlG7a_4kewYrXhTK_PKg,1,1.0,DE,rbb24,93900,0.0,2021-07-12T07:45:22Z,DE,2491,2021-09-15T07:55:14Z,26.0,2021-11-30T00:15:37Z,cvtQjq1maKI,Die Linke|SPD,20260630_225240|20260705_000728,AfD|CDU|Die Linke|SPD,4.0,True,True,True,True,True,True,True,True,True,True,keyword_before_reference,vor Referenzdatum auffindbar,False,False,False,False,False,False
UCueJOpg1SG9mahPjhALlvJw,1,1.0,DE,ARD Stand-Up,371000,0.0,2020-05-12T10:53:47Z,DE,811,2023-12-15T08:27:45Z,1.0,2025-11-06T13:01:58Z,wgwaeVIbM8w,Die Linke,20260702_203800,Die Linke,1.0,True,True,True,True,True,True,True,False,False,True,first_active_after_reference,erst nach Referenzdatum beobachtet,False,False,False,False,False,False
UCurhHQ_5JN-QzLNuO52EwOQ,1,1.0,DE,Politik im Fokus,154000,0.0,2023-06-26T12:18:11Z,DE,3926,2023-07-19T12:20:02Z,323.0,2023-07-22T12:48:34Z,VZZTqXBxzpM,CDU,20260630_111217,AfD|CDU|Die Grünen|Die Linke|FDP|SPD,6.0,True,True,True,True,True,True,True,False,False,False,first_active_after_reference,erst nach Referenzdatum beobachtet,False,False,False,False,False,False
UCuzRXB-EOz1FZx2l7xw2nQQ,1,1.0,DE,Steuerberater Stefan Mücke,54700,0.0,2020-09-20T16:19:01Z,DE,358,2021-01-03T16:57:41Z,3.0,2021-11-01T06:45:00Z,AagwrAPwge4,FDP,20260705_000854,FDP|SPD,2.0,True,True,True,True,True,True,True,True,True,True,keyword_before_reference,vor Referenzdatum auffindbar,False,False,False,False,False,False
UCuziK4bUFRr3z62bE7FMDPQ,1,1.0,DE,logo!,109000,0.0,2022-02-03T15:24:24Z,DE,961,2021-04-30T14:00:04Z,2.0,2025-05-07T13:12:37Z,f_SDxIsHF2c,AfD,20260701_162442,AfD,1.0,True,True,True,True,True,True,True,True,False,True,active_before_keyword_after,"vorher aktiv, erst danach auffindbar",False,False,False,False,False,True
UCv1WDP5EiipMQ__C4Cg6aow,1,0.9,DE,Jung & Naiv,617000,0.0,2006-11-20T01:13:36Z,DE,4437,2021-01-01T21:16:15Z,59.0,2021-02-21T19:37:07Z,w9sK8OlJZ8k,Die Linke,20260705_000728,AfD|CDU|Die Grünen|Die Linke|FDP|SPD,6.0,True,True,True,True,True,True,True,True,True,True,keyword_before_reference,vor Referenzdatum auffindbar,False,False,False,False,False,False
UCvOXPxj9VHHUQjGWENjpceg,1,1.0,DE,Oli investiert,233000,0.0,2018-08-18T11:08:02Z,DE,2674,2021-02-05T16:15:03Z,26.0,2022-02-24T10:00:05Z,F6U2embqahQ,Die Linke|SPD,20260630_225317|20260705_000728,AfD|CDU|Die Grünen|Die Linke|FDP|SPD,6.0,True,True,True,True,True,True,True,True,False,True,active_before_keyword_after,"vorher aktiv, erst danach auffindbar",False,False,False,False,False,False
UCvPGXnZmXrkPrdYKRZ0M1bg,1,1.0,DE,InfraRot - dein Durchblick im Nachrichtennebel,86500,0.0,2021-09-14T15:55:31Z,DE,2636,2021-10-23T22:11:16Z,5.0,2022-09-01T15:43:41Z,ByVblLR0N1w,Die Grünen,20260702_203504,Die Grünen|Die Linke,2.0,True,True,True,True,True,True,True,True,False,True,active_before_keyword_after,"vorher aktiv, erst danach auffindbar",False,False,False,False,False,False
UCvwE_EBBDWM552Vd9v8m9Gg,1,1.0,DE,MDR Mitteldeutscher Rundfunk,366000,0.0,2014-03-11T13:48:11Z,DE,4026,2021-01-04T16:12:03Z,10.0,2022-09-30T14:12:05Z,08oSStOP-ZM,AfD,20260701_162327,AfD|CDU|Die Grünen|Die Linke|FDP|SPD,6.0,True,True,True,True,True,True,True,True,False,True,active_before_keyword_after,"vorher aktiv, erst danach auffindbar",False,False,False,False,False,False
UCvx-64VlcyeDFBLwtR4G6vg,1,0.0,DE,Think Rail,54700,0.0,2015-01-09T14:28:10Z,DE,2027,2021-01-01T13:00:01Z,1.0,2024-10-25T09:17:32Z,uFMMvFeATyQ,Die Linke,20260705_000728,Die Linke,1.0,True,True,True,True,True,True,True,True,False,True,active_before_keyword_after,"vorher aktiv, erst danach auffindbar",False,False,False,False,False,False
UCvzg7eXwCmjn2kfJJHSJjKQ,1,1.0,DE,Coach Cecil,244000,0.0,2015-06-30T23:05:11Z,DE,1591,2021-01-29T19:00:20Z,1.0,2024-12-11T19:29:14Z,PZWfCf76JGg,Die Linke,20260705_000728,Die Linke,1.0,True,True,True,True,True,True,True,True,False,True,active_before_keyword_after,"vorher aktiv, erst danach auffindbar",False,False,False,False,False,False
UCw-SjGVT0HK7czJkLgdv3Fw,1,1.0,DE,Die Carolin Kebekus Show,110000,0.0,2022-10-04T13:52:32Z,DE,598,2022-04-12T10:30:05Z,1.0,2025-05-08T18:15:03Z,hP11edDH_HA,AfD,20260701_162442,AfD,1.0,True,True,True,True,True,True,True,False,False,False,first_active_after_reference,erst nach Referenzdatum beobachtet,False,False,False,False,False,True
UCwB2s-AVGQxYqrnWcVe79fg,1,0.7,DE,Stunrix,441000,0.0,2017-08-21T05:30:39Z,DE,4943,2021-01-01T18:31:47Z,1.0,2021-09-23T13:00:31Z,pOP5zfoW_Bk,CDU,20260630_111134,CDU,1.0,True,True,True,True,True,True,True,True,True,True,keyword_before_reference,vor Referenzdatum auffindbar,False,False,False,False,False,False
UCwIOCxPAbHdcQ7bgOneCu1Q,1,1.0,DE,Best of Bud Spencer & Terence Hill,366000,0.0,2007-03-14T16:45:22Z,DE,744,2021-01-11T12:45:01Z,17.0,2021-03-21T14:00:03Z,CfV729YRqZk,Die Linke,20260705_000728,Die Linke,1.0,True,True,True,True,True,True,True,True,True,True,keyword_before_reference,vor Referenzdatum auffindbar,False,False,False,False,False,False
UCwYBPCufK3m6J-2u6kcmgoQ,1,1.0,,BENU Solutions,66400,0.0,2023-02-15T11:31:40Z,Nicht angegeben,666,2023-03-12T18:05:49Z,1.0,2023-12-16T17:15:02Z,qovzSUBWpzs,CDU,20260630_111217,CDU,1.0,True,True,True,True,True,True,True,False,False,False,first_active_after_reference,erst nach Referenzdatum beobachtet,False,False,False,False,False,False
UCwtBLZ8VGfchDTJ_cYZ5S1A,1,1.0,DE,tvberlin,245000,0.0,2013-03-22T12:58:11Z,DE,22438,2021-01-02T18:00:15Z,174.0,2021-02-19T08:58:19Z,4Bm_dVkAons,FDP,20260705_000854,AfD|CDU|Die Grünen|Die Linke|FDP|SPD,6.0,True,True,True,True,True,True,True,True,True,True,keyword_before_reference,vor Referenzdatum auffindbar,False,False,False,False,False,False
UCwyiPnNlT8UABRmGmU0T9jg,1,1.0,DE,phoenix,509000,0.0,2005-09-18T06:33:56Z,DE,50859,2021-01-18T12:09:38Z,946.0,2021-01-18T12:09:38Z,dgClqR6u0ww,Die Linke,20260705_000728,AfD|CDU|Die Grünen|Die Linke|FDP|SPD,6.0,True,True,True,True,True,True,True,True,True,True,keyword_before_reference,vor Referenzdatum auffindbar,False,False,False,False,False,False
UCx0ZfHVgupjADCt7BH3G4IA,1,1.0,,Bosetti will reden!,90500,0.0,2009-12-07T08:30:31Z,Nicht angegeben,300,2022-01-04T16:09:25Z,7.0,2024-03-06T17:38:12Z,_ct2Om5OEFM,Die Grünen,20260702_203504,AfD|CDU|Die Grünen|Die Linke,4.0,True,True,True,True,True,True,True,True,False,True,active_before_keyword_after,"vorher aktiv, erst danach auffindbar",False,False,False,False,False,False
UCx80Q7lPqzfWBRIrQ-97f3g,1,0.8,DE,smypathisch,167000,0.0,2024-04-05T08:04:06Z,DE,218,2024-08-02T11:30:01Z,1.0,2025-03-13T19:15:01Z,XjqjsETYk9s,Die Grünen,20260702_203720,Die Grünen,1.0,True,True,True,True,True,True,True,False,False,False,first_active_after_reference,erst nach Referenzdatum beobachtet,False,False,False,False,False,False
UCxOGWb_OYoaz2V3QclJT3YA,1,1.0,DE,mym by Simo ,426000,0.0,2015-02-07T19:59:22Z,DE,534,2022-04-02T16:00:04Z,2.0,2025-10-15T07:56:14Z,--gYWE0lgxw,AfD,20260701_162442,AfD,1.0,True,True,True,True,True,True,True,False,False,True,first_active_after_reference,erst nach Referenzdatum beobachtet,False,False,False,False,False,False
UCxQdpLijLxJTXUgmM03xT0g,1,1.0,DE,eigentümlich frei,71700,0.0,2013-08-06T08:03:36Z,DE,1870,2021-01-05T10:00:04Z,14.0,2021-01-19T12:00:12Z,sz5MC3c0dog,AfD,20260701_162327,AfD|CDU|Die Grünen|FDP|SPD,5.0,True,True,True,True,True,True,True,True,True,True,keyword_before_reference,vor Referenzdatum auffindbar,False,False,False,False,False,False
UCxU1a-2vec6ljU43I0F2Jwg,1,1.0,DE,Stuttgarter Zeitung & Stuttgarter Nachrichten,94300,0.0,2011-09-15T06:22:47Z,DE,7213,2021-01-05T18:46:38Z,39.0,2021-03-02T15:18:59Z,SKdc2wRtYhE,FDP,20260705_000854,AfD|CDU|Die Grünen|Die Linke|FDP|SPD,6.0,True,True,True,True,True,True,True,True,True,True,keyword_before_reference,vor Referenzdatum auffindbar,False,False,False,False,False,False
UCxlEazKoCv2mNFiiVPOUESQ,1,0.9,DE,SOUND OF MUSIC,53400,0.0,2016-08-11T19:11:11Z,DE,857,2021-01-04T16:01:01Z,3.0,2024-03-20T12:29:50Z,8KFsHEg3zLk,Die Grünen,20260702_203504,AfD|Die Grünen,2.0,True,True,True,True,True,True,True,True,False,True,active_before_keyword_after,"vorher aktiv, erst danach auffindbar",False,False,False,False,False,False
UCy4_zQ59zmS7zO4Dc6vbT_w,1,1.0,DE,SWR,679000,0.0,2006-01-24T00:24:32Z,DE,1731,2021-01-02T15:00:15Z,20.0,2023-07-16T14:00:09Z,97ibm3ffriw,Die Grünen,20260702_203504,AfD|CDU|Die Grünen|Die Linke|FDP|SPD,6.0,True,True,True,True,True,True,True,True,False,True,active_before_keyword_after,"vorher aktiv, erst danach auffindbar",False,False,False,False,False,False
UCyH9w3VhfZPdjH28VFeoHUA,1,1.0,CH,Kontrafunk - Die Stimme der Vernunft,219000,0.0,2020-10-08T21:31:05Z,CH,4672,2022-03-30T09:14:58Z,13.0,2024-09-12T15:00:38Z,XvEJh1q7fR4,CDU,20260630_111315,AfD|CDU|Die Grünen|Die Linke,4.0,True,True,True,True,True,True,True,False,False,True,first_active_after_reference,erst nach Referenzdatum beobachtet,False,False,False,False,False,False
UCyHDQ5C6z1NDmJ4g6SerW8g,1,1.0,DE,MAITHINK X,1520000,0.0,2016-09-08T14:13:08Z,DE,244,2021-01-28T06:15:04Z,1.0,2022-05-05T04:30:00Z,-NMs56pQ9EE,Die Grünen,20260702_203504,Die Grünen,1.0,True,True,True,True,True,True,True,True,False,True,active_before_keyword_after,"vorher aktiv, erst danach auffindbar",False,False,False,False,False,False
UCyQpfuhftLvrmjxgEzVH78Q,1,1.0,AT,OE24.TV,371000,0.0,2016-09-02T09:59:20Z,AT,68023,2021-02-24T06:35:59Z,16.0,2021-03-25T10:31:14Z,XPq9bQCZQvE,SPD,20260630_225240,CDU|Die Grünen|FDP|SPD,4.0,True,True,True,True,True,True,True,True,True,True,keyword_before_reference,vor Referenzdatum auffindbar,False,False,False,False,False,False
UCycuPgtpxdu_6-1nVXgzPmg,1,0.0,DE,Langemann Medien,221000,0.0,2011-10-11T13:42:33Z,DE,286,2021-01-12T21:15:11Z,2.0,2023-08-17T17:00:42Z,zMejvwlaQVU,FDP,20260705_001039,CDU|FDP,2.0,True,True,True,True,True,True,True,True,False,True,active_before_keyword_after,"vorher aktiv, erst danach auffindbar",False,False,False,False,False,False
UCyw8Tkb44AGA2eB8K9fRioQ,1,1.0,DE,Weichreite TV,249000,0.0,2021-03-15T22:53:38Z,DE,3664,2021-03-20T20:02:06Z,6.0,2023-08-22T22:09:11Z,dZQSUcxAHWk,Die Grünen,20260702_203504,AfD|Die Grünen|Die Linke,3.0,True,True,True,True,True,True,True,True,False,True,active_before_keyword_after,"vorher aktiv, erst danach auffindbar",False,False,False,False,False,False
