video_id,title,description,politics_title,politics_title_desc,politics_final_manual
ELkfi5GzNkM,S-Bahn Unglück – erste Reaktionen und Ermittlungen nach dem tödlichen Unfall in Schäftlarn,"An Tag zwei nach dem schrecklichen S-Bahn-Unglück in Schäftlarn gingen die Ermittlungs- und Aufräumarbeiten heute weiter.

Die Bergung der beiden zertrümmerten S-Bahnen kann aber voraussichtlich erst morgen beginnen.

Die Strecke zwischen Höllriegelskreuth und Wolfratshausen bleibt bis auf Weiteres gesperrt. Die S7 fährt nur bis Höllriegelskreuth und wendet dort.

Über die Situation und die Stimmung vor Ort berichten Aurora Berisha und Rudolf Lachner.

Jetzt abonnieren: http://bit.ly/AboMuenchenTV

Instagram: https://www.instagram.com/muenchen.tv

Facebook: https://www.facebook.com/muenchentv

Homepage: http://www.muenchen.tv",0,,0.0
g4vGKTLM_Bg,VWs Anti-China-E-Auto und die Erfolgs-Tochter einer Volksaktie | WELT Podcast,"VWs Anti-China-E-Auto und die Erfolgs-Tochter einer Volksaktie - Der Börsenpodcast

In der heutigen Folge von “Alles auf Aktien” sprechen die Finanzjournalisten Laurin Meyer und Philipp Vetter über modebewusste Manager bei Abercrombie&Fitch, den Absturz der Airline-Aktien und Enttäuschung bei Salesforce. Außerdem geht es um Siemens Energy, Douglas, Adidas, Bitcoin, Dick’s Sporting Goods, ConocoPhillips, Marathon Oil, American Airlines, Southwest, Spirit, Lufthansa, SAP, Porsche SE, Porsche AG, Mercedes Benz, BMW, Stellantis, BYD, Nio, CATL, FAW, SAIC, Geely, Krispy Kreme, T-Mobile US, Deutsche Telekom, AT&T, Verizon und Softbank. Eure Sprachnachrichten für die 1000. Folge schickt ihr bitte an die Nummer: 0170/375 3558.

Wir freuen uns an Feedback über aaa@welt.de.

Ab sofort gibt es noch mehr ""Alles auf Aktien"" bei WELTplus und Apple Podcasts – inklusive aller Artikel der Hosts und AAA-Newsletter. Hier bei WELT. (https://www.welt.de/podcasts/alles-auf-aktien/plus247399208/Boersen-Podcast-AAA-Bonus-Folgen-Jede-Woche-noch-mehr-Antworten-auf-Eure-Boersen-Fragen.html.) 

Disclaimer: Die im Podcast besprochenen Aktien und Fonds stellen keine spezifischen Kauf- oder Anlage-Empfehlungen dar. Die Moderatoren und der Verlag haften nicht für etwaige Verluste, die aufgrund der Umsetzung der Gedanken oder Ideen entstehen.

Hörtipps: Für alle, die noch mehr wissen wollen: Holger Zschäpitz können Sie jede Woche im Finanz- und Wirtschaftspodcast ""Deffner&Zschäpitz"" hören. 

Außerdem bei WELT:  Im werktäglichen Podcast „Das bringt der Tag“ geben wir Ihnen im Gespräch mit WELT-Experten die wichtigsten Hintergrundinformationen zu einem politischen Top-Thema des Tages. 

Du möchtest mehr über unsere Werbepartner erfahren? Hier findest du alle Infos & Rabatte! (https://linktr.ee/alles_auf_aktien) 

Impressum: https://www.welt.de/services/article7893735/Impressum.html
Datenschutz: https://www.welt.de/services/article157550705/Datenschutzerklaerung-WELT-DIGITAL.html",-1,1.0,1.0
iiQQHc62ZLI,#9 Interview mit Bundeskanzler Karl Nehammer,"Superwahljahr – der Podcast. Ida Metzger und Rainer Nowak von der Kronenzeitung begleiten dich durch ein politisch entscheidendes Jahr. Sie kommentieren die Situation und sprechen mit politischen Persönlichkeiten.


Unsere allgemeinen Datenschutzrichtlinien finden Sie unter https://art19.com/privacy. Die Datenschutzrichtlinien für Kalifornien sind unter https://art19.com/privacy#do-not-sell-my-info abrufbar.",1,,1.0
3i1xgC8JNCY,Einsatzleiter Muxel zum Brand in Au,"Aktuelle Nachrichten aus Vorarlberg findest du unter www.vol.at oder über unsere Apps auf Android und iOs.

#vorarlberg #aktuell

🔴  Abonniert jetzt unseren Kanal und aktiviert die Glocke unter http://bit.ly/3efAHYA

📲  Folg uns
auf Facebook https://www.facebook.com/vorarlbergonline 
auf Instagram https://www.instagram.com/vorarlbergonline 
auf LinkedIn www.linkedin.com/showcase/vorarlbergonline

oder hör unsere Podcasts auf Spotify, Apple Music, Amazon Music, Google Podcast und Deezer

Impressum: https://www.vol.at/features/vol-impressum 

#VOLAT​ #Nachrichten​ #News #vorarlberglive",0,,0.0
hAetXq3-VBU,POLIZIST ZERLEGT SIE! 🚨 AFD gibt LETZTE WARNUNG AN DIE REGIERUNG AB! I Das geht auf Telegram viral!,"POLIZIST ZERLEGT SIE! 🚨 AFD gibt LETZTE WARNUNG AN DIE REGIERUNG AB! I Das geht auf Telegram viral! Perfekt vorbereitet auf den Notfall: https://www.checkout-ds24.com/product/537522 (Patientenverfügung, Vorsorgevollmacht, Notfallpass, Blackout Checkliste, Vollmacht für Finanzangelegenheiten, Testament, ...) (Werbung)
BLITZMELDUNG! Dieses Video geht viral! Das hat gedonnert! Ganz Youtube feiert dieses Video! Nur kurz Verfügbar! Dieses Video wird nach 300.000 Klicks gelöscht Nachrichten aktuell: AFD Wahlrekord! Habeck Rücktritt & Baerbock Rücktritt nur noch Frage der Zeit! Die Ampel zerbricht genau jetzt! Energiekrise, Außenpolitik & Scholz Cum Ex entlarvt! Aktuellste News & Eilmeldung über Alice Weidel, Tino Chrupalla, AMPEL Politik & Mehr! UNFASSBARE ENTWICKLUNGEN! #viral #wirtschaft #eilmeldung

HIER ZUM ZWEITKANAL:  https://www.youtube.com/channel/UCouZW6lGRZ6MaUk9w_ACztQ 
(Heute wurden bereits 3 Blitzmeldung, die du kennen solltest, hochgeladen)
------------

FINANZMANAGEMENT

💰 KOSTENLOS SACHWERTE KAUFEN ➔ https://bit.ly/3UgMPeB

💸 20 € PRÄMIE AUF DEN 1. ETF-SPARPLAN ➔ https://bit.ly/2SYvcSK

💵 KOSTENLOSES GIROKONTO MIT HOHEN ZINSEN ➔ https://bit.ly/3BRAq9x

------------

Wichtige Schlagwörter

#wirtschaft #finanzen #community #geldanlage #demokonto #demodepot #demobroker #forexbroker #forexhandel #wirtschaftaktuell #wirtschaft #wirtschaftsnachrichten #finanzstrategie #prognosen #nachrichten #vermögenssicherung #bitcoin #geld #wirtschaftaktuell #geldanlage #news #gold #goldkaufen #aktienkaufen #aktien #krise #wirtschaftskrise #blackout #markuskrall #dirkmüller #cashkurs #waskommt #finanzen #finanzcommunity #richtiginvestieren #etoro #etorotrading #etoroerfahrung #bitcoin #bitcoinkaufen #kryptowährungen #kryptowährung #bitcoins #trading #bitcointrading #wirtschaftsnews #bitcoinkaufen #aktienkaufen #welcheaktienkaufen #geldanlage #negativzinsen #krypto #kryptos #geldanlegen #finanzwelt #money

---------------------------

Allgemeiner Hinweis

In der Infobox können Affiliate Links verwendet werden. Falls der Besucher über diese Links einen Kauf tätigt, kann eine Provision für den Videoproduzent als Unterstützung des Kanals. Es erfolgt keine Anlageberatung. Jeder ist für seine Strategien selbst verantwortlich. Es ist ein Totalverlust möglich. Es kann keine Garantie für die Richtigkeit und Vollständigkeit der Inhalte gewährt werden.",1,,1.0
ySAQyDUuXRM,Correctiv: Die Meister der Falschinformation schlagen wieder zu!,"Das linksextreme Lügen-Netzwerk Correctiv, ich muss es so unnett sagen, versprüht sein Lügen-Gift abermals besonders großdüsig, so heißt es in einem Beitrag von Correctiv vom 7. Mai 2025 nach der VS-Einstufung:

""Auf die Hochstufung der AfD durch den Verfassungsschutz als „gesichert rechtsextrem“ reagierte er (damit bin ich, also Beckamp, gemeint) nun prompt bei Instagram mit einer entsprechenden Verschwörungsphantasie: Ein „Bevölkerungsaustausch“, das würde ja tatsächliche Zustände beschreiben. Als „Bevölkerungsaustausch“ wird das rassistische Trugbild bezeichnet, dass gezielt weiße Menschen genetisch durchmischt würden und damit eine Rassenreinheit gestört werde. Diese Verschwörungserzählung hat keinerlei wissenschaftliche Basis und dient dem Schüren von Angst und Gewalt.""

Hier zeigt sich abermals die Lügen-Technik des linksextremen Lügennetzwerks Correctiv, die erstaunlicherweise oder auch nicht erstaunlicherweise von anderen Medien oft einfach übernommen wird. Jemand sagt etwas, nennt einen Begriff und das linksextreme Lügennetzwerk Correctiv unterstellt dann eine Bedeutung bzw. Konsequenzen aus diesem Begriff und der Bedeutung.

Ich habe folgendes am 2. Mai 2025 auf Intagram gesagt: ""Welche Begriffe sind angeblich so problematisch, die tatsächliche Zustände beschreiben, wenn es darum geht von einem Bevölkerungsaustausch zu sprechen. Nämlich wenn die hiesige Bevölkerung, die Einheimischen, immer weniger werden und andere aktiv hier hin gebracht werden, nämlich Umsiedlungsprogramme, mit denen aktiv Menschen aus aller Welt nach Deutschland gebracht werden.""

Ich spreche also implizit von der Demografie, nämlich hohen Sterberaten sowie geringen Geburten der Einheimischen, und der aktiven Umsiedlung nach Deutschland als ""Bevölkerungsaustauch"". Correctiv macht daraus eine ""genetischen Durchmischung"" und ""Rassenreinheit"", die ich weder anspreche, noch fordere und die auch abwegig wäre.

So geht plumpe Lügen-Propaganda, staatlich gefördert und oftmals von öffentlich-rechtlichen Medien weitergespielt. Und dann wird als Konsequenz der Lügen auch noch ""Gewalt"" unterstellt.

Man muss Lügen als solche erkennen und benennen. Das linksextreme Lügen-Netzwerk Correctiv ist nur eine vulgäre Lügen-Maschine, andere machen es verdeckter, das ist die Herausforderung.

Schöne Woche!",-1,1.0,1.0
6754C5Wl8qg,Klima Update: Global Carbon Budget Teil 1 | 28.12.2023,"https://www.rtl.de/cms/sendungen/news/klima-update/?utm_source=youtube&utm_medium=editorial&utm_campaign=beschreibung&utm_term=rtlnews
https://plus.rtl.de/video-tv/shows/rtl-aktuell-177221?utm_source=youtube&utm_medium=editorial&utm_campaign=beschreibung&utm_term=rtlnews
https://www.wetter.de/cms/klima.html?utm_source=youtube&utm_medium=editorial&utm_campaign=beschreibung&utm_term=rtlnews

Kanal abonnieren! 👉 Kanal abonnieren! 👉 https://www.youtube.com/@rtl_news?sub_confirmation=1

Habt ihr noch mehr Bock auf Content, dann holt euch jetzt RTL+ Premium, Max oder Family: 
https://my.plus.rtl.de/buchen/initial?utm_source=youtube&utm_medium=editorial&utm_campaign=beschreibung&utm_term=rtl

RTL bei Instagram: https://www.instagram.com/rtl_de/
RTL bei TikTok: https://www.tiktok.com/@rtl_com
RTL bei Facebook: https://www.facebook.com/RTLcom
RTL bei Twitter: https://twitter.com/RTL_com

RTL.de im App Store: https://apps.apple.com/de/app/rtl-de-news-stories-videos/id499301368
RTL.de bei Google Play: https://play.google.com/store/apps/details?id=de.rtl.video&gl=DE

RTL+ im App Store: https://apps.apple.com/de/app/tv-now/id1057991212 
RTL+ bei Google Play: https://play.google.com/store/apps/details?id=de.rtli.tvnow 
RTL+ bei Amazon: https://www.amazon.de/RTL-interactive-GmbH-NOW-PLUS/dp/B01MTVGZE1

#KlimaUpdate #RTL #RTLPlus",1,,1.0
z7xWyWRadXA,Epstein-Skandal bringt Trump in Bedrängnis,"Wir sprechen über die Causa Jeffrey Epstein und wie sie US-Präsident Donald Trump unter Druck setzt


US-Präsident Donald Trump hat derzeit ausgerechnet mit seinen eigenen Fans Probleme. Sie fordern lautstark die Veröffentlichung der sogenannten Epstein-Liste. Trumps Umfeld, das Verschwörungserzählungen rund um eine angebliche Kundenliste von Epstein immer wieder selbst befeuert hat, blockt ab. Die genauen Abläufe der Causa Epstein und wieso Trump aktuell so unter Druck steht, erklärt Bianca Blei, Redakteurin im Außenpolitik-Ressort beim STANDARD.
Hat Ihnen dieser Podcast gefallen? Mit einem STANDARD-Abonnement können Sie unsere Arbeit unterstützen und mithelfen, Journalismus mit Haltung auch in Zukunft sicherzustellen. Alle Infos und Angebote gibt es hier: abo.derstandard.at (https://abo.derstandard.at/?ref=Podcast&utm_source=derstandard&utm_medium=podcast&utm_campaign=podcast&utm_content=podcast)",1,,1.0
H_SlltnNbmI,Mutmaßliche FBI-Razzia gegen Donald Trump,"Laut Angaben des ehemaligen US-Präsidenten habe eine „große Gruppe von FBI-Agenten“ sein Anwesen in Florida unangekündigt durchsucht. Weder Donald Trump noch das US-Justizministerium äußerten sich bislang zu den Hintergründen der Razzia.


Die New York Times berichtet, dass geheime Dokumente das Ziel des FBI-Einsatzes in der Villa in Mar-a-Lago gewesen sein könnten. Mehr dazu lesen Sie hier: https://www.handelsblatt.com/politik/international/mar-a-lago-fbi-durchsucht-trumps-privatanwesen-in-florida-und-verschafft-sich-zugang-zum-safe/28584376.html",1,,1.0
a2xFf0u0QQE,Altkanzler Schröder Klage gegen Bundestag gescheitert,"🔔 Kanal abonnieren: https://oli.net/abo
👍 Mit einer Spende unterstützen: https://oli.net/spenden
🤝 Jetzt Kanalmitglied werden: https://oli.net/kanalmitglied


📰 Quellen
- https://bit.ly/3pfInSk

💬 Hashtags
#Altkanzler #Schröder #Klage



** Affiliate Links
Bei den Produktlinks handelt es sich um Affiliate-Links. Die Links dienen der Orientierung und dem schnelleren finden der Produkte. Des Weiteren wird beim Verkauf des Produkts eine Provision an mich ausgezahlt, für euch entstehen dadurch keine Mehrkosten.",1,,1.0
b1HRetyUIzw,Corona-Pandemie: Bundeskanzler Scholz stellt Öffnungsschritte in Aussicht,"Bundeskanzler Olaf Scholz will beim nächsten Bund-Länder-Treffen am kommenden Mittwoch einen ersten Öffnungsschritt in der Corona-Pandemie angehen. ""Die wissenschaftlichen Prognosen zeigen uns, dass der Höhepunkt der Welle in Sicht ist"", sagte Scholz in einer Ansprache vor dem Bundesrat. ""Das erlaubt uns, beim Bund-Länder Treffen in der nächsten Woche einen ersten Öffnungsschritt und dann weitere für das Frühjahr in den Blick zu nehmen.""

Scholz war zu seinem offiziellen Antrittsbesuch im Bundesrat. Zur Sitzung im Dezember gleich nach seiner Wahl zum Bundeskanzler hatte er wegen einer Auslandsreise nicht kommen können.",1,,1.0
HIiTVd3EReI,Corona-Mutmacher Joe Biden / Berliner Pandemie-Gipfel mit vagem Stufenplan / Nach zehn Jahren ein...,"Für die Bund-Länder-Konferenz heute empfiehlt sich der Blick auf andere Staaten in Sachen Corona: Biden hat die Impfung aller Amerikaner bis Ende Mai versprochen.

***
Unseren neuen Podcast finden Sie auf unserer Website https://www.handelsblatt.com/audio/today/ und überall da, wo es Podcasts gibt.",1,,1.0
rGJsJtKRH1Q,Kopf an Kopf CDU / AFD 📌 Überholt AFD bis zur Wahl die CDU ? 📌Wahlumfrage Sachsen Anhalt Februar,"Sachsen Anhalt Wahlumfrage Februar  - Wie würde Sachsen Anhalt wählen, wenn Sonntag Landtagswahl wäre? Sonntagsfrage Wahlen. AFD, CDU und Bündnis Sarah Wagenknecht BSW , liegen auf den ersten Plätzen. In diesem kurzen Video, erhalten sie einen Überblick, wie die Landtagswahl in Sachsen Anhalt ausgehen würde, wäre diesen Sonntag Wahl.",1,,1.0
7-5g4qev5gI,Der ZDF–Pannen–Song 💥 Satire - Song 2026,"☆★☆ SUNNY HAVE - MUSIKPRODUKTION ☆★☆
➡️Weiterteilen erwünscht! ✔
In der Sendung ZDF heute live vom 8. März 2026 anlässlich der Wahl in Baden-Württemberg wurde viermal dasselbe fehlerhafte Diagramm eingeblendet. Das Tortendiagramm stellt den Anteil der Sitze der AfD eindeutig zu klein dar. Satire - Song zum Nachdenken 🤔
➡ Regelmäßige Neuerscheinungen ➡ Abonnieren und nichts mehr verpassen ✔

Titel: Der ZDF–Pannen–Song
Song und Video KI generiert und bearbeitet

Neue deutsche Schlager / Aktuelle Satire Songs 2026
german dance music, new german songs

#schlager2026 #landstagswahlen #satiresong",-1,1.0,1.0
7lgxKFW2Eag,Addi-Vetter-Cup 2023: Gruppe D / Osnabrücker Sportclub II gegen SC Bosna 1:0,Gruppe D / Osnabrücker Sportclub II gegen SC Bosna 1:0,0,,0.0
K6CDNu5LQgQ,Thomas Tuchel neuer Bayern München Trainer nach Julian Nagelsmann Aus 24 März 2023,Thomas Tuchel wird neuer Bayern München Trainer,0,,0.0
nc_GnsydnsE,Singles Day: Vorhang auf für den glitzy Showkapitalismus!,"Unter Showkapitalismus versteht Sascha Lobo ein wirtschaftliches System, in dem die Inszenierung über allem steht und die eigentliche Hauptsache, der Kauf, eher als Begleiteffekt erscheint. 
 

Ständige Kundenbindung ist wichtiger als der Kauf, der irgendwann sowieso erfolgt. Bei vielen anderen Spielen muss man bezahlen, statt am Ende etwas herauszubekommen. Es geht im Kern um die magische Formel: Showkapitalismus gleich Konsum plus Erlebnis mal Inszenierung. 
 

Es gibt aber aus Sicht liberaler Demokratien einen essenziellen Vorteil, wenn die Show das Produkt überragt: Nie waren Kunden mächtiger und anspruchsvoller als heute. 
 

Im Podcast geht Sascha Lobo auf die Kommentare seiner Leserinnen und Leser ein. Was ist so gut um Showkapitalismus? 
 

ANZEIGE: 
 

Unternehmen müssen einfach clevere Lösungen finden, um die heutigen Anforderungen an Flexibilität und Wirtschaftlichkeit zu erfüllen. Zum Beispiel, um die Ansprüche von Dienstwagen-Nutzern und die Vorgaben aus dem Flottenmanagement miteinander zu verbinden. Mit der ŠKODA Business-Flotte gelingt das problemlos: Die Modell-Auswahl reicht vom kompakten SCALA über den geräumigen SUPERB bis hin zu den SUVs KAROQ und KODIAQ. Günstige Leasingraten machen den Umstieg besonders attraktiv. Weitere Informationen erhalten Sie auch auf skoda.de/businessflotte.


   +++ Alle Infos zu unseren Werbepartnern finden Sie   hier (https://cmk.spiegel.de/cms/articles/16711/anzeige/podcast/hier-gibt-s-weitere-infos-zu-den-angeboten-unserer-werbepartner-innen) . Die SPIEGEL-Gruppe ist nicht für den Inhalt dieser Seite verantwortlich.   +++ 
 

   Mehr Hintergründe zum Thema erhalten Sie mit SPIEGEL+. Entdecken Sie die digitale      Welt des SPIEGEL, unter spiegel.de/abonnieren (https://abo.spiegel.de/microsites/pl/spplus/?sara_at=ac%3A%24%7Bactivity.id%7D_ex%3A%24%7Bcampaign.recipe.id%7   D&sara_ecid=pod_own_MSu4Os5jpsM8hhQ16j95kSI0mSBj9p)  finden Sie das passende Angebot.   
 
 

   Alle SPIEGEL Podcasts finden Sie hier (https://www.spiegel.de/audio/) .   
 

   Den SPIEGEL-WhatsApp-Kanal finden Sie hier (https://www.whatsapp.com/channel/0029VaCcJmDHgZWXoZcsJE3E) . 
 

   Hier (https://shop.spiegel.de/)  geht es zu unserem SPIEGEL Shop.    
 

   Alle Newsletter vom SPIEGEL finden Sie hier (https://www.spiegel.de/newsletter) .    
 

   Hier (https://akademie.spiegel.de/kurse/alle-kurse?sara_ecid=pod_own_hXxO2y5ZoyFACzEGjqe8PSfwGan12Z)  geht es zur SPIEGEL Akademie.    
 

   Sie möchten den SPIEGEL mitgestalten? Registrieren Sie sich bei SPIEGEL Perspektiven (https://panel.gruppe.spiegel.de/?source=37) .   
 
 

   Informationen zu unserer   Datenschutzerklärung (https://www.spiegel.de/datenschutz-spiegel) .",-1,1.0,1.0
eTTiBRcO02M,"Cottbus | Fünfte Jahreszeit gestartet, Kinderkarneval gibt Ausblick auf Session","Es geht auf in die Karnevalsession! In Cottbus sind die Lausitzer Karnevalisten heute um 11.11. Uhr in die fünfte Jahreszeit gestartet. In vielen Orten wurden die Rathäuser mit Musik, Tanz und Witz gestürmt, wie hier in unserer Hochburg Cottbus! Wie es dem Kinderkarneval geht und welche Highlights in dieser Session bevorstehen, erfahrt ihr im Video.  

Mehr Nachrichten, News, Veranstaltungstipps, Fotogalerien und Aktionen aus der Region 

Webseite:
✖️ https://www.niederlausitz-aktuell.de/​
 Facebook:
✖️ https://www.facebook.com/Niederlausit...​
Instagram:
✖️ https://www.instagram.com/nlaktuell​
_____________________________________________________________________________________________________

Azubis und Berufe in Südbrandenburg kennenlernen auf dem Kanal von BennyJob:
✖️ https://www.youtube.com/channel/UC6EG...",0,,0.0
IaNcw5r28-s,Letztzte Vorbereitungen für FCE-Weihnachtssingen 2025 | Weihnachtsmarkt und Bühnenprogramm,"Mehr News, Videos, Eventtipps, NL-Aktionen sowie Social-Media-Content aus unserer Region: 

Webseite:
🟠 https://www.niederlausitz-aktuell.de/​
 Facebook:
🟠 https://www.facebook.com/NiederlausitzAktuell
Instagram:
🟠 https://www.instagram.com/nlaktuell​
_____________________________________________________________________________________________________

Azubis und Berufe in Südbrandenburg kennenlernen auf dem Kanal von BennyJob:
🟠 https://www.youtube.com/@BennyJob

#news #lausitz",0,,0.0
5WHohqZveq4,"WELT TALK SPEZIAL: AfD, Wirtschaft, Migration - Katherina Reiche äußert sich zu brisanten Themen","WELT TALK SPEZIAL: AfD, Wirtschaft, Migration - Katherina Reiche äußert sich zu brisanten Themen

Die Bundeswirtschaftsministerin Katherina Reiche stellt sich im „WELT TALK Spezial“ den Fragen von WELT-Chefredakteur Jan Philipp Burgard. Im Fokus des Gesprächs, stehen die Energiewende, die Förderung erneuerbarer Energien und die Kommunalwahlen in NRW.

#weltnachrichtensender #deutschland #nrw #afd #migration #wirtschaft #cdu #merz #reiche

Abonniere den WELT YouTube Channel https://www.youtube.com/WELTVideoTV
WELT DOKU Channel https://www.youtube.com/c/WELTDoku
WELT Podcast Channel https://www.youtube.com/c/WELTPodcast
WELT Netzreporter Channel https://www.youtube.com/c/DieNetzreporter
Der WELT Nachrichten-Livestream http://bit.ly/2fwuMPg
Die Top-Nachrichten auf WELT.de http://bit.ly/2rQQD9Q
Die Mediathek auf WELT.de http://bit.ly/2Iydxv8
WELT Nachrichtensender auf Instagram https://www.instagram.com/welt.nachrichtensender/
WELT auf Instagram https://www.instagram.com/welt/

In eigener Sache: Wegen des hohen Aufkommens unsachlicher und beleidigender Beiträge können wir zurzeit keine Kommentare mehr zulassen. 

Danke für euer Verständnis - das WELT-Team

Video 2025 erstellt",1,,1.0
wHQVmzib--g,„Wo stünde unser Land wohl ohne AfD und Deutschland-Kurier?“ | Juliane Waehler,"Hat IHNEN dieser Beitrag gefallen? Dann unterstützen SIE den Deutschland-Kurier🇩🇪 mit IHRER Spende:

https://deutschlandkurier.de/unterstuetzen/

https://www.paypal.com/donate/?hosted_button_id=8EPE8MGZXXUVU

Bankverbindung:
IBAN: DE62 1001 0123 0022 1925 43
BIC/SWIFT: QNTODEB2XXX
Kontoinhaber: Conservare Communication GmbH / Deutschland-Kurier

—— —— ——

Shop: https://c.kopp-verlag.de/kopp,verlag_4.html?1=782&3=0&4=&5=&d=https%3A%2F%2Fwww.kopp-verlag.de

Unsere App bekommen Sie hier: 

App-Store: 
https://apps.apple.com/us/app/deutschlandkurier/id6447972597

Play-Store:
https://play.google.com/store/apps/details?id=de.deutschlandkurier.newsapp

Besuchen Sie auch die DK-Seite im Netz: https://deutschlandkurier.de/

Bitte folgen Sie dem Deutschland-Kurier 🇩🇪 auch auf ➠ 

Telegram:               https://t.me/DEKurier
Facebook:               https://www.facebook.com/DK.Nachrichten
Instagram:              https://www.instagram.com/deutschlandkurier/
TikTok:                    https://www.tiktok.com/@deutschland.kurier
Gettr:                       https://www.gettr.com/user/deu_kurier
Twitter:                    https://twitter.com/Deu_Kurier
Odysee:                   https://odysee.com/$/invite/@deutschlandkurier:2
Telegram Video:    https://t.me/DeutschlandKURIERVideo
VK:                           https://vk.ru/deutschlandkurier",1,,1.0
zrik5yx24vY,⚡   VON DER LEYEN DROHT MIT ANZEIGE!? ⚡,"⚡   VON DER LEYEN DROHT MIT ANZEIGE!? ⚡  BLITZMELDUNG! Politik aktuelle Nachrichten zusammengefasst! Unfassbar was in Deutschland mit der AMPEL passiert! Aktuellste Eilmeldung und Blitzmeldung! Nachrichten aktuell: AFD Wahlrekord! Habeck Rücktritt & Baerbock Rücktritt nur noch Frage der Zeit! Die Ampel zerbricht genau jetzt!? Energiekrise, Außenpolitik & Scholz Cum Ex entlarvt! Aktuellste News & Eilmeldung über Alice Weidel, Tino Chrupalla, AMPEL Politik & Mehr! UNFASSBARE ENTWICKLUNGEN! #viral #blitzmeldung #eilmeldung

UNSERE WHATSAPP GRUPPE UM ALLE VIDEOS ZU SEHEN: https://whatsapp.com/channel/0029VaiJd7G1yT2DYQmy9S2n


------------

VORSORGE CHECKLISTE:

Perfekt vorbereitet auf den Notfall: https://www.checkout-ds24.com/product/537522 (Patientenverfügung, Vorsorgevollmacht, Notfallpass, Blackout Checkliste, Vollmacht für Finanzangelegenheiten, Testament, ...) (Werbung)


------------

Wichtige Schlagwörter

#geldanlage #demokonto #demodepot #demobroker #forexbroker #forexhandel #wirtschaftaktuell #wirtschaft #wirtschaftsnachrichten #finanzstrategie #prognosen #nachrichten #vermögenssicherung #bitcoin #geld #wirtschaftaktuell #geldanlage #news #gold #goldkaufen #aktienkaufen #dirkmüller #cashkurs #waskommt #finanzen #finanzcommunity #richtiginvestieren #etoro #etorotrading #etoroerfahrung #bitcoin #bitcoinkaufen #kryptowährungen #kryptowährung #bitcoins #trading #bitcointrading #wirtschaftsnews #bitcoinkaufen #aktienkaufen #welcheaktienkaufen #geldanlage #negativzinsen #krypto #kryptos #geldanlegen #finanzwelt #money

---------------------------

Allgemeiner Hinweis

In der Infobox können Affiliate Links verwendet werden. Falls der Besucher über diese Links einen Kauf tätigt, kann eine Provision für den Videoproduzent als Unterstützung des Kanals. Es erfolgt keine Anlageberatung. Jeder ist für seine Strategien selbst verantwortlich. Es ist ein Totalverlust möglich. Es kann keine Garantie für die Richtigkeit und Vollständigkeit der Inhalte gewährt werden.


https://whatsapp.com/channel/0029VaiJd7G1yT2DYQmy9S2n",1,,1.0
Fca727-2a0U,Soziale Medien: Verbot oder Freiheit?,Generelles Verbot oder gezielte Regeln? In der Debatte um Social Media wächst die Kritik an pauschalen Sperren – stattdessen rückt Medienkompetenz stärker in den Mittelpunkt. Mehr dazu von Ralph Schöllhammer in #exxpresslive!,-1,1.0,1.0
xHQglskfedE,Wen wundert's : Grüne kriminell und intolerant,"**Skandal bei den Grünen: Betrug 130.000€**
Quellen:
https://apollo-news.net/gruenen-anhaenger-sind-am-intolerantesten-gegenueber-anderen-meinungen/
https://apollo-news.net/gehaltstrick-der-grnen-fliegt-auf-130-000-euro-nachzahlung-an-die-rentenversicherung/
#diegrünen #betrug #zensur 
Jetzt auch auf telegram: https://t.me/warum_kritischmitlil 
Dir gefällt meine Arbeit und du möchtest mich unterstützen? Dann kannst du das gern hier tun:
Überweisung: 
Korfmacher, IBAN: DE59 31060517 4207803010; BIC:GENODED1MRB
Paypal:
https://www.paypal.com/paypalme/warumkritisch
You Tube Super thanks (Button unter meinem Video)
Herzlichen Dank.",1,,1.0
YPC_ZYFZTE8,Neue Vorwürfe: WKStA will Auslieferung Sobotkas | krone.tv NEWS,"Wieder Wirbel um den Nationalratspräsidenten! Wie am Mittwoch bekannt wurde, fordert die Wirtschafts- und Korruptionsanwaltschaft die Aufhebung der Immunität von Wolfgang Sobotka (ÖVP), um gegen ihn ermitteln zu können.",-1,1.0,1.0
4-yZA3m5sMI,Oligarchen-Jacht durchquert Straße von Hormuz | krone.tv NEWS,"Einer Superjacht eines russischen Oligarchen ist offenbar die Durchfahrt der eigentlich blockierten Straße von Hormuz geglückt. Der 500-Millionen-Dollar teure, schwimmende Luxustempel gehört Alexei Mordaschow, der unter anderem Großaktionär des Touristikkonzerns TUI sowie Hauptaktionär des russischen Goldbergbauunternehmens Nordgold ist.",-1,1.0,1.0
rqvFXwqC2sE,"05.11.2023 #Berlin ""Wacht endlich auf!"" #b0511",,-1,1.0,1.0
VVoB86VWIOI,Henry Danger | Henry und Rays Freund- und Feindschaft | Nickelodeon Deutschland,"Henry und Rays Freundschaft im Laufe der Jahre

Von Anfang an waren Henry und Ray beste Freunde, was aber nicht bedeutet, dass es nicht auch mal zu Auseinandersetzungen kommen kann! Wir fassen unsere liebsten freundschaftlichen Streitigkeiten zwischen Henry und Ray im Laufe der Jahre zusammen.

Abonniere unseren Kanal, um noch mehr von deinen Nickelodeon-Lieblingsserien wie Spongebob Schwammkopf, Teenage Mutant Ninja Turtles und Henry Danger zu schauen!



Noch mehr Spaß, Videos und Spiele gibt's auf unserer Website: http://www.nick.de

 

Nickelodeon auf Facebook: https://www.facebook.com/nickelodeondeutschland/

Nickelodeon auf Instagram: https://www.instagram.com/nickelodeondeutsch/

#HenryDangerDeutsch #NickelodeonDeutsch",0,,0.0
zQftJALVx5U,EIL: Gerhard Schröder darf in SPD bleiben,"🔔 Kanal abonnieren: https://oli.net/abo
👍 Mit einer Spende unterstützen: https://oli.net/spenden
🤝 Jetzt Kanalmitglied werden: https://oli.net/kanalmitglied


📰 Quellen
EIL: Gerhard Schröder darf in SPD bleiben
- https://bit.ly/3SAT2AS

💬 Hashtags
#Schröder #SPD #Parteiausschluss



** Affiliate Links
Bei den Produktlinks handelt es sich um Affiliate-Links. Die Links dienen der Orientierung und dem schnelleren finden der Produkte. Des Weiteren wird beim Verkauf des Produkts eine Provision an mich ausgezahlt, für euch entstehen dadurch keine Mehrkosten.",1,,1.0
phe-p3h0JcM,Aktuelle Zahlen zur Corona-Krise - Notbremse greift in immer mehr Kreisen | ntv,"Wie hat sich die Zahl der täglichen Neuinfektionen entwickelt? Wie ist die Lage auf den Intensivstationen? Mit aktuellen Fakten zum Infektionsgeschehen ordnen die ntv-Moderatorinnen Anne-Kathrin Cyrus und Nina Lammers mit dem Epidemiologen Prof. Timo Ulrichs die Corona-Lage in Deutschland und der Welt ein.

https://www.n-tv.de/panorama/coronavirus/

Hier können Sie ntv-Nachrichten lesen, downloaden, hören und folgen: 

▶ Kanal-Abo https://www.youtube.com/channel/UCSeil5V81-mEGB1-VNR7YEA?sub_confirmation=1

▶ Homepage https://www.n-tv.de
▶ Apps https://www.n-tv.de/apps
▶ Ganze Sendungen https://www.tvnow.de/ntv?utm_source=youtube&utm_medium=editorial&utm_campaign=beschreibung&utm_term=n-tv
▶ Podcasts https://soundcloud.com/ntv_nachrichten

▶ Facebook https://www.facebook.com/ntvNachrichten
▶ Twitter https://twitter.com/ntvde
▶ Instagram https://www.instagram.com/ntv_nachrichten",1,,1.0
77Cy11vW50A,Planespotter am Frankfurter Flughafen: Leon und seine Leidenschaft fürs Fliegen,"Leon ist 21 und seit seinen Kindheitstagen begeistert er sich für Flugzeuge. Aber nicht nur er. Sein Vater Roman und auch sein Opa haben ihn an das Thema rangeführt. Gemeinsam gehen Vater und Sohn regelmäßig am Frankfurt Airport ""planespotten"" und streamen das ganze sogar live.

🔔Hier unseren Kanal abonnieren um keine Infos aus Hessen zu verpassen: 
https://1.ard.de/Kanal_abonnieren?p=yt
▬▬▬▬▬▬▬▬▬▬▬▬▬▬▬ 
🎬Noch mehr spannende Dokus und Reportagen von uns findet ihr hier: https://1.ard.de/Dokus_und_Reportagen?p=yt
▬▬▬▬▬▬▬▬▬▬▬▬▬▬▬
🎬Noch mehr spannende Dokus und Reportagen der ARD findet ihr hier:
https://1.ard.de/Alle_ARD_Dokus_und_Reportagen?p=yt
▬▬▬▬▬▬▬▬▬▬▬▬▬▬▬ 
🎬Unsere Dokus und Reportagen auf Youtube zum Kommentieren findet ihr hier:
https://1.ard.de/Dokus_und_Reportagen_zum_Kommentieren?p=yt
▬▬▬▬▬▬▬▬▬▬▬▬▬▬▬ 
🔔Hier unseren Kanal abonnieren um keine Infos aus Hessen zu verpassen: https://1.ard.de/Kanal_abonnieren?p=yt    
▬▬▬▬▬▬▬▬▬▬▬▬▬▬▬ 
📺Mehr aktuelle Inhalte des Hessischen Rundfunks findet ihr hier: 
https://1.ard.de/hr_in_der_ARD_Mediathek?p=yt 
▬▬▬▬▬▬▬▬▬▬▬▬▬▬▬ 
📰Aktuelle Informationen zu Ereignissen in Hessen findet ihr hier: 
https://1.ard.de/hessenschau_de?p=yt 
▬▬▬▬▬▬▬▬▬▬▬▬▬▬▬ 
📰Aktuelle Informationen zu Ereignissen in Deutschland findet ihr hier: 
https://1.ard.de/tagesschau_de?p=yt
 ▬▬▬▬▬▬▬▬▬▬▬▬▬▬▬ 
📲Ihr wollt nichts verpassen? Folgt unseren Social Media Kanälen: 
hessenschau auf Instagram: https://1.ard.de/hessenschau_Instagram?p=yt 
hrfernsehen auf Instagram: https://1.ard.de/hrfernsehen_Instagram?p=yt 
hessenschau auf Facebook: https://1.ard.de/hessenschau_facebook?p=yt 
hrfernsehen auf Facebook: https://1.ard.de/hrfernsehen_facebook?p=yt
▬▬▬▬▬▬▬▬▬▬▬▬▬▬▬
🚑Mehr zu Rettern in Hessen findet ihr hier: 
https://1.ard.de/Retter_und_Feuerwehr?p=yt
▬▬▬▬▬▬▬▬▬▬▬▬▬▬▬
🚒Mehr zur Feuerwehr in Hessen findet ihr hier: 
https://1.ard.de/Feuerwehr_YouTube?p=yt

#planespotting #frankfurtairport #startbahnwest",0,,0.0
qa5c8fXo08s,„ER IST WIEDER DA! - FUCHSTEUFELSWILD!😲😂DAS wird nie wieder gelöscht! Eichwald begeistert Linke!😂,"ACHTUNG, BITTE LESEN UND VERSTEHEN!!!
Bitte vertraut mir!!!!
Sollte ich mich hier irren, könnt ihr mich gerne alle deabonnieren!
Meiner Meinung nach wirkt der Typ wie ein V-Mann der Linken!!!
100 %!!!! 😂
Ich habe die Rede live gesehen und war zuerst komplett geschockt!
DOCH DANN – für mein Gefühl – hat der Typ sich verraten!!! 😂🙏😍💙
Beim zweiten Mal gucken fielen mir einige Dinge auf … z. B. die Armhaltung, das Fingerspiel … und zu guter Letzt die Gesichtszüge, die mich an Klaus Kinski erinnern!!!
Ganz ehrlich, für mich sieht das so aus, als hätte sich jemand von der KI eine Rede „im Gewand“ von Goebbels und Kinski herstellen lassen!
BITTE FALLT NICHT DARAUF HEREIN!!!!
VIELE SIND IM INTERNET UNSICHER … und können es noch nicht einschätzen!!
Vertraut bitte meinem Kanal „I love Interviews“!!!! 😂🙏
Für mich ist der Typ FAKE … ich verspreche es euch!!!
LACHT DARÜBER … und TEILT bitte das Video!!!!
Der ÖRR wird versuchen, diese Rede unter den Tisch zu halten, ihr werdet es sehen!!!!
Sie haben es endgültig übertrieben, oder?
Ich bin gespannt auf deine Meinung!
Teilst du meine Einschätzung … oder lässt du dich gerne verarschen?
HIER AUF MEINEM KANAL FINDEST DU DIE WAHRHEIT!!!
ALTERNATIVLOS!!! 😍😅💙🙏

😂Lustige Strassenumfragen !!! 😅😍😅
Schaut in meine Videos, es sind schon etliche Teile draußen !!!
Mir stellen sich ab sofort nur noch 3 Fragen:
IST EIN TEIL VON DEUTSCHLAND VERRÜCKT GEWORDEN?
SIND WIR NOCH ZU RETTEN??
FALLS JA, WER KÖNNTE UNS RETTEN???

JEDER KOMMENTAR oder ANTWORT hilft mir und meinem Kanal dabei, die Antwort herauszufinden .. 😂😍🙏🙏🙏
Ich bin gespannt auf EURE MEINUNG !!!
JETZT HABEN WIR DIE CHANCE ETWAS ZU VERÄNDERN !!!!
Was sagt Ihr dazu ?
Schaut es Euch an und bildet Euch Eure eigene Meinung ...Ich würde mich sehr über zahlreiche Kommentare freuen ! 
💙💙💙? 💔💔💔? 💚💚💚  ... ? 😅
(Blau ist doch die schönste Farbe, oder ? 😜)
I LOVE INTERVIEWS 😎
Auf meinem Kanal bekommst Du STÄNDIG NEUE AKTUELLE wichtige und spannende politische Themen.
Von mir persönlich mit #Comedy und #Shorts als ""Reaction Video"" garniert und aufbereitet. 
Wenn Dir meine Videos gefallen, lasse mir bitte ein LIKE & ABO da… und teile meinen Comedy - Politik - Kanal mit Deinen Freunden. VERPASSE NICHTS 😅
VIELEN DANK !!!!",1,,1.0
8qL-CzYCmmI,"Debatte: Die Westbindung, Norbert K. und die Blüten des politischen Masochismus","Ein Kommentar des AfD-Landtagsabgeordneten Hans-Thomas Tillschneider (AfD Sachsen-Anhalt). 

Tillschneider fordert: Deutsche Interessen🇩🇪statt „westlicher Werte“!

Besuchen Sie auch die DK-Seite im Netz: https://deutschlandkurier.de/

Bitte folgen Sie dem Deutschland-Kurier 🇩🇪 auch auf ➠ 

Telegram:               https://t.me/DEKurier
Facebook:               https://www.facebook.com/DK.Nachrichten
Instagram:              https://www.instagram.com/deutschlandkurier/
TikTok:                    https://www.tiktok.com/@deutschland.kurier
Gettr:                       https://www.gettr.com/user/deu_kurier
Twitter:                    https://twitter.com/Deu_Kurier
Odysee:                   https://odysee.com/$/invite/@deutschlandkurier:2
Telegram Video:    https://t.me/DeutschlandKURIERVideo

#UnserLandzuerst #Westbindung #debatte",1,,1.0
09O5bUHYKq4,Jannis Niewöhner über seine Zusammenarbeit mit Joaquin Phoenix | Neo Ragazzi,"Schauspieler Jannis Niewöhner hatte im Film ""Napoleon"" von Ridley Scott eine Szene mit Joaquin Phoenix. Wie die Zusammenarbeit mit Joaquin Phoenix war, erzählt Jannis Niewöhner bei Neo Ragazzi.

In der fünften Folge der dritten Staffel ""Neo Ragazzi"" berichtet Katja Burkard von ihrem größten Fail beim Moderieren, Jannis Niewöhner, wie er sich auf seine Rollen vorbereitet, und Ross Antony von seiner Zeit bei Bro'Sis.

https://www.zdf.de/show/neo-ragazzi/neo-ragazzi-142.html

Sendung vom 26.09.2024
__
Neo Ragazzi ist eine Talkshow mit Sophie Passmann und Tommi Schmitt, in der es um gute Unterhaltung(en) geht! Zur Sprache kommen Gemeinsamkeiten wie Unterschiede der Gäste, persönliche Anekdoten und überraschend private Einblicke jenseits der üblichen Talkshowfloskeln.

Neo Ragazzi in der ZDFmediathek: https://www.zdf.de/show/neo-ragazzi

Netiquette: https://www.zdf.de/netiquette-104.html
__
#NeoRagazzi #SophiePassmann #TommiSchmitt #KatjaBurkard #RossAntony #JannisNiewöhner",0,,0.0
nV7l1fRH580,Cyberangriff auf ein Krankenhaus - Kosten und Risiken DMEA 11 April 2024,"Das KHZG hat der Digitalisierung in den Krankenhäusern einen Schub gebracht. Aber veränderte, neue Prozesse und neue IT-Systeme bringen eben auch zusätzliche Betriebskosten – Hard- oder Software-Wartung, Leasingraten, zusätzliches Personal, etc.",0,,0.0
AaXUorOwhEo,"Hayali, Milram, Kuchen-TV, Müller-Milch: Die unlauteren Methoden des Cancelns | Prof. Dr. Rieck","Der öffentliche Diskurs hat sich in den letzten Jahren von inhaltlichen Auseinandersetzungen zu einem Angriff auf Personen verschoben. Dieses Video beschreibt die unredlichen Methoden dieser Vorgehensweise und plädiert für eine offene Diskussionskultur – von allen Seiten.  

 

[1] Die strittige Stelle der Journalistin: https://x.com/Steinhoefel/status/1966228645250478522  

[2] Tonstörung bei Kuchen-TV: 
Diese Stelle enthält angeblich eine Nazi-Parole: https://vm.tiktok.com/ZNdpf9QaP/
Rechtliche Analyse dazu: https://youtu.be/o0J55RtwqaI?si=hUAlMkfK_KXW7m6F
 
[3] Lawfare: https://en.wikipedia.org/wiki/Lawfare  

[4] Ankündigung 8.8.: https://x.com/AliCologne/status/1777386032909992062 

[5] Rainer Zitelmann bei Müller-Milch: https://www.focus.de/politik/ich-war-auch-auf-theo-muellers-feier-was-danach-passierte-erschreckt-mich_7d24702a-42c5-466b-8c67-57847b76c338.html  

[6] „Woker“ Käse: https://www.focus.de/politik/deutschland/illustratorin-supertraurig-nach-shitstorm-gegen-milram-kaeseverpackung_b888968a-0943-46e1-92a6-8d74cfa0fabd.html  

[7] Schokoküsse: https://www.vintag.es/2022/04/negerkuss.html  

Nach dem Aufnehmen des Videos gefunden (Sabine Hossenfelder):
https://www.youtube.com/watch?v=ZO5u3V6LJuM  


Mein neues Buch Fürstengeld, Fiatgeld, Bitcoin – Wie Geld entsteht, einen Wert bekommt und wieder untergeht  

https://www.amazon.de/exec/obidos/ASIN/3924043973/ref=nosim/christianriec-21
https://www.westarp-bs.de/978-3-924043-97-1-fuerstengeld-fiatgeld-bitcoin?search=F%C3%BCrstengeld&description=1 

Die 36 Strategeme:  
Print: https://www.amazon.de/exec/obidos/ASIN/B089CZ3Y6R/ref=nosim/christianriec-21 
Als Hörbuch: https://payhip.com/b/4nBZl  



►WEITERE INFORMATIONEN VON TEAM RIECK:

Cancel Culture stellt ein soziokulturelles Phänomen dar, bei dem Akteure durch öffentliche Denunziation und organisierte Boykotte gesellschaftliche oder berufliche Sanktionen gegen Einzelpersonen oder Organisationen erwirken – typischerweise ausgelöst durch als normverletzend wahrgenommene Äußerungen oder Handlungen. Die Triebkraft bilden häufig digitale Echokammern, in denen moralische Empörung skaliert wird.

In der diskursiven Debatte lassen sich zwei konträre Positionen identifizieren:
Befürworter konzeptualisieren Cancel Culture als Instrument zur Herstellung von Accountability, insbesondere in Machtgefällen. Hier dient sie als Korrektiv struktureller Ungleichheiten und als Schutzmechanismus für marginalisierte Gruppen außerhalb formaler Institutionen.
Kritiker hingegen sehen das Phänomen als dysfunktional: Es führe zu disproportionalen Sanktionen, erzeuge ein Klima der Zensur durch Selbstzensur (Chilling Effects) und untergrabe den Diskurs durch strategisches De-Kontextualisieren von Aussagen.

Psychologisch operieren zwei Schlüsselmechanismen:
Virtue Signaling – die performative Darstellung moralischer Überlegenheit zur Statusgenerierung innerhalb referenzieller Gruppen.
Groupthink – die kognitive Homogenisierung in digitalen Kollektiven, die abweichende Meinungen unterdrückt und moralische Empörung kaskadierend verstärkt.

Ökonomisch betrachtet generiert Cancel Culture erhebliche Reputations- und Transaktionskosten, während gleichzeitig neue Machtstrukturen in der Aufmerksamkeitsökonomie etabliert werden. Die Rationalität der Akteure ist dabei häufig nicht in inhaltlicher Auseinandersetzung, sondern in sozialer Signalgebung begründet.



►WEITERES VON CHRISTIAN RIECK:

○YouTube: https://www.youtube.com/c/ProfRieck?sub_confirmation=1 
○Instagram: https://www.instagram.com/profrieck
○Twitter: https://twitter.com/ProfRieck
○LinkedIn: https://www.linkedin.com/in/profrieck

#profrieck #politik #cancelculture 

Haftungsausschluss: Dies ist ein Bildungskanal, kein Finanz-, Recht- oder Medizinkanal. Der Inhalt meiner Videos bzw. Podcasts dient ausschließlich zur allgemeinen Information und ist kein finanzieller, juristischer oder medizinischer Rat oder gar eine persönliche Empfehlung. Informieren Sie sich bitte immer aus mehreren unabhängigen Quellen und suchen Sie professionellen Rat für Ihre Entscheidungen, insbesondere im Bereich der Investments oder der Medizin. Die geäußerten Meinungen stellen keinerlei Aufforderung zum Handeln dar. Sie ist keine Aufforderung zum Kauf oder Verkauf von Vermögenswerten aller Art, also insbesondere Wertpapieren oder Sachwerten. Sie ist auch keine Aufforderung zu irgendeiner Form der Selbsttherapie oder Selbstdiagnose. Bitte nehmen Sie diese Hinweise ernst.",1,,1.0
mPsOwZDinFo,"Jens Spahn, Lothar Wieler und Virologin Ciesek zur aktuellen Corona-Lage | BPK 12. Februar 2021","Unterstützt unsere Arbeit ► http://www.paypal.me/JungNaiv
Diskutiert im Jung & Naiv Forum ► http://forum.jungundnaiv.de/

Coronapolitik für Desinteressierte ► BPK vom 22. Januar 2021  (Podcast https://bit.ly/3qLgm09)

Thema:  Die Corona-Lage im Lockdown mit
- Bundesminister für Gesundheit Jens Spahn
- Prof. Dr. Lothar H. Wieler, Präsident Robert Koch-Institut (RKI)
- Prof. Dr. Sandra Ciesek, Direktorin des Instituts für Medizinische Virologie am Universitätsklinikum Frankfurt

0:00 Beginn
1:07 Eingangsstatements
18:40 Beginn der Fragen

Naive Fragen zu:
36:00 ""No Covid""-Strategie

Bitte unterstützt unsere Arbeit finanziell:
Konto: Jung & Naiv
IBAN: DE854 3060 967 104 779 2900
GLS Gemeinschaftsbank

PayPal ► http://www.paypal.me/JungNaiv

#Lockdown #NoCovid #ZeroCovid",1,,1.0
iKxSgWW-VxA,Giorgina Meloni: Eine Rechtsradikale an der Schwelle zur Macht | AFP,"Sie steht an der Schwelle zum mächtigsten Amt Italiens - die rechtsradikale Politikerin Giorgia Meloni. Bei der Parlamentswahl in Italien wurde ihre Partei Fratelli d'Italia (FDI) stärkste Kraft. Zuletzt hat sich Meloni betont gemäßigt gegeben.

Sie möchten mehr über die Angebote von AFP erfahren oder ein Video lizenzieren, das Sie auf unserem Kanal gesehen haben? Hier entlang, bitte 👉 http://u.afp.com/UBby 
N.B.: Die Angebote und Inhalte von AFP sind nur für den professionellen Gebrauch bestimmt.",1,,1.0
q7Xh2td8q8w,"Stichwahl um letzten US-Senatssitz: »Halleluja, Herschel!« | DER SPIEGEL","Für Herschel Walker öffnen sich göttliche Portale, für Raphael Warnock bilden sich hingegen Fahrgemeinschaften. Ortsbesuche bei zwei sehr unterschiedlichen Anhängergruppen im heiß umkämpften US-Bundesstaat Georgia.

Weitere Videos und mehr Inhalte bei SPIEGEL+. Jetzt für € 1,– testen – für alle unter 30 gratis! 
https://abo.spiegel.de/de/c/microsites/pl/standard/probemonat1?sara_ecid=soci_own_0Fh2xh9oR0Mq68pAe2FmekjjOFF3ap",1,,1.0
OY48pCAcFhY,Gestartet in einer Garage - Unternehmensanalyse von Apple,"Hast Du gewusst, dass das erste Firmengebäude von Apple eine Garage war? Und dass Apple 1996 kurz vor der Pleite stand? 

Ich habe mir für Euch die Mühe gemacht, das Geschäftsmodell von Apple mal etwas genauer zu untersuchen – und habe dabei einige Geheimnisse in meiner Analyse herausgefunden. Diese möchte ich heute mit Dir in diesem Video teilen und Dir erklären, wie wir alle von den Strategien von Apple profitieren können! 

Viel Spaß.

Aktiviere die Glocke und abonniere meinen Kanal für mehr Content rund um Erfolg und Unternehmertum!

Du möchtest intensiv an Dir und Deinem Leben arbeiten? 
Dann sei unbedingt bei unseren Power-Days dabei: 
▶ https://www.juergenhoeller.com/lp/power-days/ ◀

Du bist Unternehmer, Selbstständiger oder willst es werden?! 
Dann hab ich da was für Dich! 🚀
▶ https://www.juergenhoeller.com/lp/business-secrets/?ds24tr=on_bs_hp ◀

Lass uns gemeinsam lernen und wachsen!

Schreibe Deine Erfolgsgeschichte! Mehr Informationen gibt es hier:
⏩ https://www.juergenhoeller.com/

Folge mir auch auf...
➡ Instagram: juergen_hoeller
➡ Facebook: Jürgen Höller
➡ TikTok:juergen_hoeller
➡ LinkedIn: Jürgen Höller
➡ PODCAST: Erfolg! Reich! Leben! 

Die ganze Welt der Weiterbildung an einem Ort, zu jeder Uhrzeit 
👉 https://www.learnflixx.com",-1,1.0,1.0
IFtYdqrHNx8,„Gendern“: Der Irrweg | Eine Analyse des DeutschlandKurier-Kolumnisten Feroz Khan,"Warum es beim „Gendern“ nicht um Geschlechtergerechtigkeit geht und weshalb mittlerweile auch sogenannte „Linke“ dabei durch den Fleischwolf gedreht werden, erklärt der DeutschlandKURIER🇩🇪-Kolumnist Feroz Khan.

Besuchen Sie auch die DK-Seite im Netz: https://deutschlandkurier.de/

Feroz Khan:
https://www.youtube.com/c/achseostwest
https://t.me/achseostwest
https://gettr.com/user/achseostwest

Quellen:
https://www.duden.de/rechtschreibung/Menschin
https://www.watson.ch/leben/feminismus/383013181-sclabble-fuehrt-den-genderstern-ein-in-gibt-zehn-punkte
https://www.hna.de/kassel/universitaet-kassel-gender-streit-noten-politik-sprache-90265076.html
https://www.sportskeeda.com/mma/news-when-transgender-fighter-fallon-fox-broke-opponent-s-skull-mma-fight
https://www.rnd.de/wissen/transfrauen-im-sport-unfairer-vorteil-Z62V6ORGORHATAI5LA7OQCIG6M.html
https://www.sueddeutsche.de/sport/ioc-olympia-transgender-1.5287789
https://www.emma.de/artikel/offener-brief-an-queerbeauftragten-sven-lehmann-339351
https://jungefreiheit.de/kultur/gesellschaft/2022/faschos-queer-beauftragter-beschimpft-besorgte-mutter/
https://twitter.com/LSteinwandter/status/1514140823067275265?ref_src=twsrc%5Etfw%7Ctwcamp%5Etweetembed%7Ctwterm%5E1514140823067275265%7Ctwgr%5E%7Ctwcon%5Es1_&ref_url=https%3A%2F%2Fjungefreiheit.de%2Fkultur%2Fgesellschaft%2F2022%2Ffaschos-queer-beauftragter-beschimpft-besorgte-mutter%2F
https://torontosun.com/news/world/two-females-impregnated-by-transgender-fellow-inmate
https://www.hessenschau.de/gesellschaft/vorwuerfe-sexueller-uebergriffe-gegen-linke-politiker-in-hessen,vorwuerfe-sexueller-uebergriffe-linke-100.html

Bitte folgen Sie dem Deutschland-Kurier 🇩🇪 auch auf ➠ 

Telegram:               https://t.me/DEKurier
Facebook:               https://www.facebook.com/DK.Nachrichten
Instagram:              https://www.instagram.com/deutschlandkurier/
TikTok:                    https://www.tiktok.com/@deutschland.kurier
Gettr:                       https://www.gettr.com/user/deu_kurier
Twitter:                    https://twitter.com/Deu_Kurier
Odysee:                   https://odysee.com/$/invite/@deutschlandkurier:2
Telegram Video:    https://t.me/DeutschlandKURIERVideo

#Gender #Wokeness #Sprachpolizei",1,,1.0
nr4h8ZJm7uQ,Kindergrundsicherung beschlossen: Einordnung von Prof. Stefan Sell,Die Bundesregierung hat die Kindergrundsicherung beschlossen. Prof. Stefan Sell (Sozialwissenschaftler Hochschule Koblenz) im Gespräch mit Moderator Hans-Werner Fittkau in phoenix Der Tag am 27.09.2023,1,,1.0
Wg-xf6EvlIc,Schicksal am Weltkrebstag: Mittelfränkin besiegt Krebs zweimal,"Diagnose Krebs: Die 44-jährige Esther aus Mittelfranken musste zwei Krebsdiagnosen bewältigen – erst Gebärmutterhalskrebs und vier Jahre später Lungenkrebs. Die Auswirkungen spürt sie noch heute.

Ihr wollt mehr von 17:30 SAT.1 Bayern sehen? Dann schaut hier auf Joyn vorbei: https://url.joyn.de/17-30-sat1-bayern/description 

Freigegeben ab 12 Jahren

Impressum: https://www.sat1.de/service/impressum",0,,0.0
_MO3b6pAymk,Studiorundgang bei NIUS 😉 #Nius #behindthescene,,0,,0.0
T9T58S4gHHs,Pressekonferenz DIE LINKE im Bundestag | 14:45 Uhr am 24. November,"Hier seht ihr ab 14:45 den Livestream zu unserer Pressekonferenz mit Sören Pellmann und Heidi Reichinnek zu aktuellen Themen und mit Gästen von ""Widersetzen"".

👉 Lasst einen Like, einen Kommentar und ein Abo da und unterstützt unseren gemeinsamen Wunsch nach einer schöneren Welt für uns alle 🚩

*Die Linksfraktion im Web:*
* Instagram ► https://www.instagram.com/dielinkebt/
* TikTok ► https://www.tiktok.com/@dielinkebt
* Bluesky ► https://bsky.app/profile/dielinkebt.de
* Threads ► https://www.threads.com/@dielinkebt
* X ► https://x.com/@dielinkebt
* Website ► https://www.dielinkebt.de/",1,,1.0
EG_47ZX1zec,Warum wir Menschen umerziehen wollen - und warum das scheitert,#podcast #deutscherpodcast #ungeskriptet #bildung #erziehung #shortsviral #shortsfeed,0,,0.0
HiqY3ALbo18,Andrea Römmele zu der neuen Regierungskoalition in Brandenburg am 13.12.24,"Schaltgespräch mit Prof. Andrea Römmele (Politikwissenschaftlerin, Hertie School) zu der neuen Regierungskoalition in Brandenburg",1,,1.0
HeJR2lyN-AA,Friedrich Merz – Does He Really Have Germany Under Control?,"Friedrich Merz, leader of Germany’s CDU, is one of the most powerful and controversial figures in German politics today. But the big question remains: Does Merz truly have Germany in his grip – or is he losing control? 🇩🇪⚡

This video takes a closer look at Merz’s political style, his influence within the CDU, and the challenges he faces in steering Germany’s future. Is he the strong leader the country needs, or is his power already slipping away?",1,,1.0
ceSeV9Qf0js,100 Jahre alte Dokumente: PADDY stöbert im Nachlass einer TÄNZERIN,"Ganze Folge (73 Min) mit komplettem Beitrag: https://massengeschmack.tv/clip/paddy38
-------------------------------------------------------
Paddy stöbert mit Sebastian Kuboth im Nachlass einer Tänzerin, die in den 20er Jahren des vergangenen Jahrhunderts auftrat.
-------------------------------------------------------
Paddys Retrokosmos bei massengeschmack.tv - jeden Monat neu: https://massengeschmack.tv/mag/paddys+retrokosmos

Paddys YouTube-Kanal: https://www.youtube.com/channel/UCdzL665A1jpNDVE7N2_FoKQ

Folge Massengeschmack.TV bei

- Instagram: https://www.instagram.com/massengeschmacktv
- Twitter: https://twitter.com/Massengeschmack
- Facebook: https://www.facebook.com/Massengeschmack.TV

Unterstütze uns bei Amazon: http://amzn.to/2oGmo1J (Dies ist ein Affiliate-Link, der mit dem Partnerprogramm von Amazon verknüpft ist. Kommt über einen solchen Link ein Einkauf zustande, werden wir mit einer Provision beteiligt.)",0,,0.0
E9hzwBbFG58,Jesus in Gethsemane | Geoff Thomas,"What happened in Gethsemane? A profound and moving sermon by Geoff Thomas on Mark 14:32-41.

Was geschah in Gethsemane? Eine tiefgründige und bewegende Predigt von Geoff Thomas über Markus 14,32-41.

▬ Über uns ▬▬▬▬▬▬▬▬▬▬▬▬
Über die ERB Frankfurt: https://erb-frankfurt.de
Unterstütze unseren Dienst: https://erb-frankfurt.de/spenden/

▬ Soziale Medien ▬▬▬▬▬▬▬
Facebook: https://www.facebook.com/erbfrankfurt
Instagram: https://www.instagram.com/erbfrankfurt/
TikTok: https://www.tiktok.com/@erbfrankfurt
Spotify: https://open.spotify.com/show/76gUuSuB1SHuMOsKBEBXu5?si=3ae35e4067aa4729
SermonAudio: https://www.sermonaudio.com/source_detail.asp?sourceid=erb

▬ Kanal abonnieren ▬▬▬▬▬
https://www.youtube.com/@tobias.riemenschneider?sub_confirmation=1",0,,0.0
2zmoTe8wwMM,💥😱RAF MITGLIED in Wuppertal VERHAFTET!!,"Ein angebliches Mitglieder RAF wurde heute in Wuppertal festgenommen!
🔔 Kanal abonnieren: https://oli.net/abo
🤝 Jetzt Kanalmitglied werden: https://oli.net/kanalmitglied
👍 Mit einer Spende unterstützen: https://oli.net/spenden

📰 Quellen
- https://bit.ly/42IwvHT
- https://bit.ly/3T1w5Jr
- https://bit.ly/42HlZR8
- https://bit.ly/42G8lxP
- https://bit.ly/3uugaKv
- https://bit.ly/4bAEsDf

💬 Hashtags
#Wuppertal #AktenzeichenXY #Neukölln",-1,0.0,0.0
Mz3oSIOGFRs,LOUVRE: Zeuge meldet sich und wurde selbst überfallen! Spur zu Tätern führt über gestohlene Bühne!,"LOUVRE: Zeuge meldet sich und wurde selbst überfallen! Spur zu Tätern führt über gestohlene Bühne!

Nach dem spektakulären Kunstdiebstahl im Pariser Louvre bleibt ein Ausstellungsraum geschlossen – doch das Museum öffnet wieder seine Türen für Besucher. Vier maskierte Täter drangen am Sonntag mit einer gestohlenen Hebebühne ein, schlugen ein Fenster ein und stahlen Juwelen im geschätzten Wert von 88 Millionen Euro. Während Besucher Schlange stehen, läuft die Fahndung auf Hochtouren: Eine Spezialeinheit ist im Einsatz, erste Hinweise kommen von einem Zeugen, dem die gestohlene Hebebühne gehört. Die Sicherheitslücken im weltberühmten Museum werfen nun ernste Fragen auf – etwa zur lückenhaften Kameraüberwachung und unzureichenden Schutzmaßnahmen.

#weltnachrichtensender #louvre #paris #kunstraub

Abonniere den WELT YouTube Channel https://www.youtube.com/WELTVideoTV
WELT DOKU Channel https://www.youtube.com/c/WELTDoku
WELT Podcast Channel https://www.youtube.com/c/WELTPodcast
WELT Netzreporter Channel https://www.youtube.com/c/DieNetzreporter
Der WELT Nachrichten-Livestream http://bit.ly/2fwuMPg
Die Top-Nachrichten auf WELT.de http://bit.ly/2rQQD9Q
Die Mediathek auf WELT.de http://bit.ly/2Iydxv8
WELT Nachrichtensender auf Instagram https://www.instagram.com/welt.nachrichtensender/
WELT auf Instagram https://www.instagram.com/welt/

In eigener Sache: Wegen des hohen Aufkommens unsachlicher und beleidigender Beiträge können wir zurzeit keine Kommentare mehr zulassen. 

Danke für euer Verständnis - das WELT-Team

Video 2025 erstellt",0,,0.0
a2zgez0Ioys,Die Schuldenkrise in Europa: Wer führt uns aus der Misere?,"Die Komplexität der Schuldenkrise im Euroraum wird oftmals von den Herausforderungen beherrscht, die eine gemeinsame Strategie erfordert. Es besteht ein dringender Bedarf an Führung und Initiative, um diesen Problemen effektiv zu begegnen. Die Ansichten über die Rolle von Françurce Holland und die Notwendigkeit einer Finanztransaktionssteuer sind nur einige der Themen, die in diesem aufschlussreichen Gespräch behandelt werden. Besucher dieses Videos werden die tiefgreifenden Einsichten und verschiedene Perspektiven zu einem der drängendsten Themen in Europa erleben. #Schuldenkrise #Euroraum #Finanztransaktionssteuer #EuropaFührung #Wirtschaft #Herausforderungen #FrançurceHolland #Maischberger #ÖffentlicheDebatte",1,,1.0
OXBC1tnzv88,"FDP-PARTEITAG IN BERLIN: Christian Dürr wird neuer Parteichef! – ""Wir brauchen echten Reformmut!""","FDP-PARTEITAG IN BERLIN: Christian Dürr wird neuer Parteichef! – ""Wir brauchen echten Reformmut!"" 

Christian Dürr ist neuer Bundesvorsitzender der FDP. Auf dem Parteitag in Berlin wurde der 48-Jährige ohne Gegenkandidaten mit 82 % der Stimmen gewählt und löst damit Christian Lindner ab. Dürr kündigt einen inhaltlichen Neustart an – mit Reformkurs, neuem Grundsatzprogramm und Fokus auf Bildung, wirtschaftliche Freiheit und soziale Sicherungssysteme. Besonders die Stärkung der Mittelschicht und klare Sprachstandards an Grundschulen sollen Vertrauen zurückgewinnen. Ziel: die FDP als kraftvolle Stimme der Mitte in der außerparlamentarischen Opposition neu aufstellen.

#fdp #christiandürr #parteitag #weltnachrichtensender 

Abonniere den WELT YouTube Channel https://www.youtube.com/WELTVideoTV
WELT DOKU Channel https://www.youtube.com/c/WELTDoku
WELT Podcast Channel https://www.youtube.com/c/WELTPodcast
WELT Netzreporter Channel https://www.youtube.com/c/DieNetzreporter
Der WELT Nachrichten-Livestream http://bit.ly/2fwuMPg
Die Top-Nachrichten auf WELT.de http://bit.ly/2rQQD9Q
Die Mediathek auf WELT.de http://bit.ly/2Iydxv8
WELT Nachrichtensender auf Instagram https://www.instagram.com/welt.nachrichtensender/
WELT auf Instagram https://www.instagram.com/welt/

In eigener Sache: Wegen des hohen Aufkommens unsachlicher und beleidigender Beiträge können wir zurzeit keine Kommentare mehr zulassen. 

Danke für euer Verständnis - das WELT-Team

Video 2025 erstellt",1,,1.0
9YUwBIgAjAA,Die Staiy vs Dekarldent Intervention bringt mich zur Weißglut...,"Twitch: https://www.twitch.tv/kirtscho
Meine Socials: https://linktr.ee/kirtscho

Wenn ihr mich unterstützen wollt, werdet Kanalmitglied :
https://www.youtube.com/channel/UCNja83JbZou0drI_gyU5uSQ/join

Oder schaut auf Ko-Fi vorbei: https://ko-fi.com/kirtscho

Hier findet ihr gescriptete Videos: @Kritscho 

Der krasseste Podcast EUW mit @JutNerzo  & @yungzweitkanal  : 

Und hier zock ich auch noch: @Spieltscho 
---------------------------------------------------------------------------------------
Streamausschnitt vom 07.11.25

Original Video: https://open.spotify.com/episode/3eI0jpBBGddOopY1fz7BFp

Joa @Staiy @StaiyReagiert @DieMeinungsmache 
Vielleicht mal das Video anklicken um zu merken das Dekarldent dich wirklich dreist anlügt....
Ich mach dir sonst gerne die Arbeit und zeig dir wer Karl wirklich ist. 

Gute gewieselt @dekarldent @dekarldent.fanpage @DailyDoseOfDekarldent 

---------------------------------------------------------------------------------------

#twitchde #twitchgermany #twitchdeutschland #politik",-1,-1.0,-1.0
6m3fTAzIqrA,DÜSTERE BAFIN HIOBSBOTSCHAFTEN! 😨 DEUTSCHE EXPORTE | NEUER BAFIN CHEF | USA SCHULDENOBERGRENZE,"Wirtschaft aktuell - Was ist eigentlich gerade los?! Stehen wir kurz vor einer Finanzkrise? Wie sollte ich jetzt Geld anlegen? Wie kann ich mein Vermögen schützen? Soll ich in Aktien, Immobilien, Edelmetallen investieren? Diskutiere unter diesem Video mit und werde Teil vom Erfolgskanal!
🏆 ABONNIERE DEN ERFOLGSKANAL ➔ https://bit.ly/2ZkpMaH
🏆 IMMER DEN BESTEN ANBIETER FINDEN ➔ https://www.corofin.de/
🏆 20 € PRÄMIE AUF 1. ETF-SPARPLAN ➔ https://bit.ly/2SYvcSK


---------------------------

🏆 HIER ZUM DEPOT GESAMTSIEGER ➔ https://bit.ly/2VSscrq

🏆 20 € PRÄMIE AUF 1. ETF-SPARPLAN ➔ https://bit.ly/2SYvcSK

🏆 BESTE TRADING APP ➔ https://bit.ly/3bbyEQ0

---------------------------
Beliebte Videos vom Erfolgskanal:

Wirtschaftscrash kommt? - https://www.youtube.com/watch?v=XHRtex-SCW0

Immobilie kaufen? - https://www.youtube.com/watch?v=90oc5DsEEm0

Dirk Müller Analyse - https://www.youtube.com/watch?v=SupEO_of8Co

Bitcoin Prognose - https://www.youtube.com/watch?v=QFIHiOddvKk

---------------------------

Wichtige Schlagwörter

#wirtschaft #finanzen #geld #geldanlage #wirtschaftaktuell #wirtschaft #wirtschaftsnachrichten #finanzstrategie

---------------------------

Allgemeiner Hinweis

In der Infobox können Affiliate Links verwendet werden. Falls der Besucher über diese Links einen Kauf tätigt, kann eine Provision für den Videoproduzent als Unterstützung des Kanals. Der Besucher hat jedoch den gleichen Preis. Es erfolgt keine Anlageberatung. Jeder ist für seine Strategien selbst verantwortlich. Es ist ein Totalverlust möglich. Es kann keine Garantie für die Richtigkeit und Vollständigkeit der Inhalte gewährt werden. ------------

DU BIST AUF DER SUCHE NACH ALTERNATIVEN INVESTMENTS?
https://www.instagram.com/alternativ_investments/
(PREISE AUF ANFRAGE)",1,,1.0
bOnw3CfSdRA,Die Suche nach Unterhaltung: Politische Theatermomente,In diesem Video reflektieren wir über die Bedeutung von Theater in der Politik und seine Auswirkungen auf unsere psychische Gesundheit. Wir diskutieren auch über einflussreiche Politiker und die anstehenden Entwicklungen in der politischen Landschaft. #Politik #Theater #Unterhaltung #PsychischeGesundheit #SteffiLemke #KarlLauterbach #SvenjaSchulze #RobertHabeck #PolitischeDiskussion #Gesellschaft,-1,1.0,1.0
kQSObi0Gerk,Geburtenrückgang: Weniger Kinder und kein Ende in Sicht,"News zum Tag, zusammengestellt vom KURIER Medienhaus",-1,1.0,1.0
PyIbTmgNCV8,«Wir sollten uns nicht auf die Amerikaner verlassen»: Gerhard Schröder über den Krieg und sein Leben,"Diese Sendung erschien erstmals am 29.09.2024.

👉 Zur aktuellen Weltwoche-Deutschland-Ausgabe: https://weltwoche.de/aktuelle-ausgabe

NEU: Weltwoche Deutschland. Hier klicken, um die neue App gratis herunterzuladen: http://tosto.re/weltwochedeutschland
 
Steigen Sie ein, fliegen Sie mit! https://weltwoche.de/
 
Abonnieren Sie kostenlos den täglichen Newsletter der Weltwoche: https://weltwoche.de/newsletter-abonnieren/
 
«Wir sollten uns nicht auf die Amerikaner verlassen»: Gerhard Schröder über den Krieg, Europa und sein Leben in der Politik

Die Weltwoche auf Social Media:
Instagram: https://www.instagram.com/weltwoche/ 
Twitter: https://twitter.com/Weltwoche 
TikTok: https://www.tiktok.com/@weltwoche 
Telegram: https://t.me/Die_Weltwoche 
Facebook: https://www.facebook.com/weltwoche",1,,1.0
8a6mdxLwMxI,JETZT WIRD ES TOTAL UNGLAUBWÜRDIG👍,"#TEAMHEIMAT, #Lockdown

Hier diskutiert man Impfpflicht, Lockdown & Ungeimpfte, während in Irland 93% ab 12j. vollständig geimpft sind und die Irische Regierung die Sperrstunde, Kontaktbeschränkungen und Homeoffice einführt. Die Hälfte der Intensivbetten in Irland ist mit vollständig Geimpften belegt, aber die Irische Regierung betreibt denselben Impfdruck für 7%?",-1,1.0,1.0
VVy1vHXclWQ,"Die SPACE FROGS über POLITIK, SATIRE & einen KINDERGARTEN vorm BUNDESTAG | 🎙️WIMWWD Podcast S2E4","Die spacefrogs sind für YouTube vielleicht das, was Gregor Gysi für Die Linke ist: die Dienstältesten. Angefangen als Schulprojekt machen sie dort seit rund 15 Jahren meinungsstarke politische Satire für über eine Millionen Abonnent*innen.

Bei Jan im Podcast erzählen die beiden, warum soziale Ungleichheit schon in ihrer Schulzeit eine große Rolle gespielt hat und wie sie das Thema heute mit ihren eigenen Kindern verhandeln. Außerdem schmieden die drei große Pläne für einen Spielplatz vor dem Bundestag. Träumen darf man ja wohl noch…

🎧 Alle zwei Wochen erscheint eine neue Folge von „Wenn ich mir was wünschen dürfte“. Jetzt online: Überall, wo es Podcasts gibt & auf Youtube.",1,,1.0
DY_0aD85fys,Gerald Grosz LIVE,,-1,1.0,1.0
lCd0El17sWc,Dramatische Wahlbeteiligung!,,1,,1.0
SnEGnXGi4Jk,Polnische Studenten exposen Justizminister Buschmann in Polen,,1,,1.0
T4C2jlGBNBY,Zehntausende Menschen trotzen der Hitze bei Cologne Pride,"Am Sonntag sind Zehntausende Menschen durch die Straßen von Köln gezogen. Das Motto: „Für Menschenrechte. Viele. Gemeinsam. Stark“"". Auch Karl Lauterbach war dabei und hat dazu aufgerufen, genug Wasser zu trinken.  © REUTERS

Link zum Video: https://www.faz.net/-gun-bbq5n
Link zur Homepage: https://www.faz.net",-1,1.0,1.0
iVMBXJw4xTw,Anna Gröbel - Wetter - HD - 22. September 2021,Anna Gröbel ist eine deutsche Meteorologin und Wettermoderatorin,0,,0.0
H8J16T4NWF8,„G. F. Unger Sonder-Edition 12: Einsam in der…“ von G. F. Unger · Hörbuchauszug,"BEI GOOGLE PLAY BÜCHER KAUFEN ►► https://g.co/booksYT/AQAAAEBi4ySjVM

G. F. Unger Sonder-Edition 12: Einsam in der Hölle
Verfasst von: G. F. Unger
Vorgelesen von Gustav

0:00 Intro
0:03 Einsam in der Hölle
13:53 Kapitel 2
24:00 Outro

#gfunger #gfungersonderedition12einsaminderhölle

—
GOOGLE PLAY BÜCHER

Bei Google Play Bücher findest du immer wieder tollen Lesestoff.

Google Play Bücher ist eine digitale Buchhandlung, die weltweit E-Books, Hörbücher, Comics und Mangas anbietet.  Du findest dort Buchempfehlungen, die auf dich abgestimmt werden.

iOS-App herunterladen: https://goo.gle/books-ios
Android-App herunterladen: https://goo.gle/books-android

—
BUCHBESCHREIBUNG

Ich hatte John Cobb, dem Mann, der in Golden City das Sagen hatte, beim Pokern die Hosen ausgezogen. Aber zehntausend Dollar waren auch für ihn kein Pappenstiel. Also machte ich kurzentschlossen die Fliege, und es sah so aus, als sei ich John Cobbs Schergen tatsächlich entkommen. Allerdings war das kein Grund zur Freude, denn ich ritt mitten in einen Blizzard hinein. Doch wie durch ein Wunder entkam ich auch dieser Hölle. Und als ich dann noch der schönen Esther begegnete, begann ich beinahe schon an den Weihnachtsmann zu glauben. Dabei sollte mir Esther, dieses Luder, erst zeigen, was die Hölle ist...

—
DETAILS ZUM HÖRBUCH

Bei Google Play Bücher kaufen ►► https://g.co/booksYT/AQAAAEBi4ySjVM
Sprache: Deutsch
Verlag/Publisher: BASTEI LÜBBE
ISBN: 9783754013281
Dauer: 3 Std., 59 Min.
Genres: Belletristik / Action & Abenteuer, Belletristik / Klassiker, Belletristik / Thriller / Spannung und Belletristik / Western",0,,0.0
xBlUXafUB5g,"""In der Dunkelheit erstrahlt ein Licht"" – Die Weihnachtsansprache von Bundespräsident Steinmeier","DW Deutsch Abonnieren: http://www.youtube.com/user/deutschewelle?sub_confirmation=1
Mehr Nachrichten unter: https://www.dw.com/de/
DW in den Sozialen Medien:
►Facebook: https://www.facebook.com/dw.german/
►Twitter: https://twitter.com/dw_deutsch
►Instagram: https://www.instagram.com/dwnews/
#steinmeier #weihnachten #deutschland",1,,1.0
4u_xX6kMGWk,"Märkte am Morgen: Bitcoin, Broadcom, CrowdStrike, Lululemon, SpaceX","An den Börsen herrscht ein Hin und Her der Gefühle: Neue Friedenshoffnung im Iran-Krieg trifft auf eine sichtbar müder werdende KI-Rallye. 

In New York drehte der Dow Jones dank Rückenwind aus dem Gesundheits- und Finanzsektor kräftig auf und schloss 1,73 Prozent fester, während der Nasdaq Composite quasi unverändert aus dem Handel ging. 

Der Bremsklotz heißt Broadcom: Zwar lagen die Zahlen im Rahmen, doch der KI-Teil des Ausblicks enttäuschte – die Aktie rutschte deutlich ins Minus und zog den Sektor mit. 

In Frankfurt wagte der DAX am Feiertag einen kurzen Ausflug über die 25.000er-Marke und schloss bei 24.945 Punkten 0,6 Prozent fester, getragen von der Verständigung zwischen Israel und Libanon auf eine Waffenruhe. 

Bei Hochtief gab es ein klassisches „Sell the news"" – trotz des bestätigten DAX-Aufstiegs zum 22. Juni anstelle der Porsche SE wurden Gewinne realisiert. 

Heute droht mit gemischten Asien-Vorgaben ein Minus von 0,6 Prozent zum Start, im Fokus stehen das Eurozonen-BIP um 11 Uhr und der US-Arbeitsmarktbericht um 14:30 Uhr.

Bei den Einzelwerten geht es heute um Bitcoin, Broadcom, CrowdStrike, Lululemon und SpaceX.

Marco Uome informiert über die Lage an den Märkten.

00:00 Intro
00:32 Marktüberblick
01:55 Bitcoin
03:25 Broadcom
05:20 CrowdStrike
06:44 Lululemon Athletica
08:12 SpaceX

✅ Mehr aktuelle Infos, Tipps und Analysen von DER AKTIONÄR: https://www.deraktionaer.de/?btm_campaign=DA-Traffic&btm_source=TV&btm_medium=Sendung&btm_content=YouTube&btm_term=LP&btm_detail=DA 
✅ Hier geht's zum aktuellen Magazin von DER AKTIONÄR: https://www.boersenmedien.de/magazine/deraktionaer/einzelausgaben?btm_campaign=DA-Einzelausgaben&btm_source=TV&btm_medium=Sendung&btm_content=YouTube&btm_term=Shop&btm_detail=DA
✅ Die aktuellsten Börsen-News per Mail? Jetzt anmelden zu DER AKTIONÄR DAILY: https://deraktionaer.de/daily?btm_campaign=da-daily&btm_source=TV&btm_medium=Sendung&btm_content=YouTube&btm_term=LP
-----
►► Folgen Sie uns hier:◄◄
https://linktr.ee/socialDA

Zufrieden? Bewerten Sie uns auf Trustpilot! https://de.trustpilot.com/review/www.deraktionaer.de",1,,1.0
yMDZgy114Uk,"Frankreich: Regierung gestürzt, Le Pen droht Knast!","Die politische Lage in Frankreich eskaliert! Diese Woche wurde Macrons Regierung gestürzt. Gleichzeitig steht Marine Le Pen vor Gericht. Ihr droht sogar Gefängnis! Über diese explosive Gemengelage spricht Paul Klemm mit dem patriotischen Jungpolitiker Hilaire Bouyé von der französischen Partei Reconquête.  
---------------------------

COMPACT-TV ist für Sie gratis! Bitte spenden Sie zu unserer Unterstützung über https://compact-online.de/unterstuetzen

***

Bestellen Sie COMPACT-Magazine und spannende Bücher auf https://www.compact-shop.de

Folgen Sie uns auch auf unseren anderen Sozialen Plattformen: 
Telegram - t.me/CompactMagazin | twitter.com/COMPACTMagazin | 
und hier auf youtube.com/user/COMPACTTV

***

JETZT COMPACT-TV UNTERSTÜTZEN!
Halten Sie unsere unabhängigen Nachrichten für wichtig? Diese Videoproduktionen kosten COMPACT eine Menge Geld. Mit einer Spende können Sie dazu beitragen, dass wir auch künftig auf Sendung sind:

Aufgrund Faesers Kampf gegen COMPACT, wurden uns unsere Konten genommen. Doch Sie können uns unterstützen, indem Sie im COMPACT Shop eine Bestellung aufgeben. Schauen Sie JETZT noch vorbei: https://www.compact-shop.de/

Wollen Sie mehr von COMPACT TV sehen? Bleiben Sie doch auf dem Laufenden über die Produktionen von COMPACT TV und abonnieren Sie diesen YouTube-Kanal.",1,,1.0
aSleYAgk3J8,SWR 10.04.1961: Die ersten Zivis beginnen ihren Dienst,Mit der Aussetzung der Wehrpflicht 2011 fiel auch der Zivildienst weg. Mit seiner Einführung wagte sich die junge Bundesrepublik auf ein bis dahin fast unbekanntes Terrain. Uwe Kossack,0,,0.0
yiyMzNarbcE,NEUE Stücke in der HÄLFTE der ZEIT lernen,"Mit diesen vier Lernstrategien wirst du deine Lerngeschwindigkeit verdoppeln!

00:00 Ziele und Strategien
01:24 Hände getrennt
02:58 Kleine Abschnitte
05:36 Langsam spielen
08:50 Puls mitklopfen

LINK ZUR UMFRAGE: 

https://forms.gle/JzeQeA3Qjc14147X9

Wenn Dir das Video gefallen hat und Du mich gerne unterstützen möchtest, dann werde Kanal-Mitglied! Außerdem kannst Du mir auch direkt den gewünschten Betrag per Überweisung zukommen lassen.

Tosten Eil
IBAN: DE36 5001 0517 5403 1434 05
Verwendungszweck: SCHENKUNG

( * ! * ) Bitte im Verwendungszweck nicht „Spende“ schreiben! ( * ! * )

Spenden dürfen nur von Kirchen oder Vereinen entgegengenommen werden. Diese dürfen dann eine Spendenquittung ausstellen, was ich als Musiker NICHT darf. 

Selbstverständlich kannst du auch bei mir persönlich Unterricht nehmen, entweder online oder vor Ort bei mir in Heroldsberg.  Schreib mir einfach eine Mail:

te ( äääääääät ) torsteneil . de


______________________________________________
* * * K L A V I E R U N T E R R I C H T * * *

Der Klavierunterricht von Torsten Eil richtet sich an Schüler aus der Region Heroldsberg, Kalchreuth, Eckental, Nürnberg, Erlangen und Fürth.

Darüber hinaus bietet er für Schüler aus der Schweiz, aus Österreich und Deutschland Online-Klavierunterricht über Skype an. 

Die erste Stunde ist als Probestunde kostenlos. 

Kontakt über die Homepage: http://torsteneil.de/kontakt/

Wenn du noch Fragen hast, dann findest du auf der Homepage Antworten zu vielen  Themen, die Schüler immer wieder beschäftigen:

http://torsteneil.de/haeufige-fragen/

Auch zum Klavierunterricht gibt es einige Fragen, die immer wieder aufkommen. Die Antworten findest du ebenfalls auf der Homepage:

http://torsteneil.de/klavierunterricht/


_______________________
* * * V I T A * * *

Torsten Eil widmet seine künstlerische Tätigkeit vor allem der Musik des Barock, des Galanten Stils und der Wiener Klassik. Dabei hat er es sich zur Aufgabe gemacht, die fast verlorene Tradition der „Veränderten Reprisen“ wieder zu beleben. 

Torsten Eils Repertoire umfasst nicht nur Musik solcher Titanen wie Bach, Händel, Haydn, Mozart und Beethoven, sondern gerade auch musikalische Raritäten, darunter Meisterwerke von Domenico Scarlatti, Antonio Soler, Carl Philipp Emanuel Bach, Johann Christian Bach, Baldassare Galuppi, Muzio Clementi, Josef Myslivecek und einigen mehr.

Seine künstlerisch-pianistische Ausbildung erhielt er durch Persönlichkeiten wie Prof. Georg Steinschaden, Prof. Anna Hidjova, Angelika Niclaus-Bronnec und Dagmar Groth. In jüngster Zeit übte der Cembalisten Jermaine Sprosse einen besonderen Einfluss auf ihn aus. Bei  ihm konnte Torsten Eil viel über die Veränderten Reprisen lernen. 

Wenn du  Torsten Eil für ein Konzert buchen möchtest oder eine kostenlose Probestunde vereinbaren willst, dann kannst du gerne Kontakt aufnehmen.

Kontakt über die Homepage: http://torsteneil.de/kontakt/

Ausführlicher Lebenslauf auf der Homepage: http://torsteneil.de/vita/


_________________________
* * * Homepage * * *
http://torsteneil.de/

_________________________
* * * Impressum * * *
http://torsteneil.de/impressum/

___________________________________________________",0,,0.0
FLrn1LshS8c,Nasa im Weltall: Raumkapsel kollidiert fast mit Weltraumschrott,"Kollisions-Alarm in der Raumkapsel „Dragon“!
Es war ein Bilderbuchstart ins All. Aber dann gab es bange Minuten für die vier Astronauten an Bord der „Dragon“-Kapsel auf dem Weg zur Internationalen Raumstation ISS.

#Nasa #ISS #nasalive

Aber zum Glück ging nochmal alles gut!

----------------------------------------------------------------------------------------------------------
🔴  Abonniert jetzt unseren Kanal und aktiviert die Glocke!

🎥 „Heroin in Berlin“ – Das Gift aus der U-Bahn | Die exklusive Reportage: https://on.bild.de/2M3mVfQ 
🎥  V-Mann „Miami Gianni“ packt aus: Undercover zwischen Zuhältern, Rockern und Clans – https://on.bild.de/3dZGq0K
🎥  „Blinder Hass – Wie wird ein normaler Junge zum Killer-Neonazi?“ – die BILDplus-Doku über den Halle-Attentäter Stephan Balliet: https://on.bild.de/39fSLgK
🎥 „Der Schneekönig“ – Vom Polizistensohn zum Drogen-Boss: Der deutsche Pablo Escobar erzählt jetzt ALLES – https://on.bild.de/32XIq7a
🎥  Die besten Dokus mit BILDplus gibt's hier: https://on.bild.de/BILDvideothek

📲  Folgt unseren Moderatoren:
Nele Würzbach https://www.instagram.com/nele.wuerzbach
Patricia Platiel: https://www.instagram.com/patricia.platiel/
Sina Stinshoff https://www.instagram.com/sina_stinshoff
Claus Strunz: https://www.instagram.com/clausstrunz/
Moritz Wedel https://www.instagram.com/moritzwedel

👁‍🗨  Impressum: https://on.bild.de/impressum

#BILD #Nachrichten #News",0,,0.0
b3MuQHMSqfM,Individualisierte Anwendungsentwicklung | Thomas Klockmann | STK Software Technologie Kontor,"Unser Gast heute ist Thomas Klockmann, Geschäftsführer der STK Software Technologie Kontor Consulting & Development GmbH. Mit ihm sprechen wir über Individualisierte Anwendungsentwicklung. 

Mehr Informationen finden Sie hier: 
https://www.stk-hamburg.com/

#businesstalk #interview #anwendungsentwicklung",0,,0.0
Us1xgfmkglY,"Benni & Dennis Wolter zeigen, was ihr aus alten Socken machen könnt | Experte für Alles","Ganze Folgen auf JOYN: https://url.joyn.de/expertefueralles/description

Spätestens, wenn bei euch mal wieder der große Onkel aus den Fußwärmern guckt, ist es Zeit, ihnen einen neuen „purpose“ zu verleihen. Dennis und Benni Wolter - ihrerseits langjährige Strumpfspezialisten - erklären euch, wie ihr eure Mitmenschen mit einer schicken Unterarmstütze und weiteren DIY-Hacks aus den Socken hauen könnt. 

#expertefüralles

FACEBOOK: https://www.facebook.com/expertefueralles
INSTAGRAM: https://www.instagram.com/expertefueralles/
TWITTER/X: https://x.com/expertefueralle
TIKTOK: https://www.tiktok.com/@expertefueralles


***************************************
Klaas ist bisher für vieles aufgefallen, Expertise war allerdings kaum dabei. Diese Show nimmt es sich zum Ziel, genau das zu ändern: irgendwann, am Ende, vielleicht in 100 Jahren, wird Klaas „Experte für Alles” sein. Und diese Sendung ist der Anfang!

Dienstags, 21:25 Uhr auf ProSieben und JOYN

Empfohlen ab 12 Jahren

Impressum:   
http://www.prosieben.de/service/impressum",0,,0.0
HvrPKOgB9t0,"„Todeskalt - Löwenstein & Berger, Band 2…, Buch 2“ von Nikolas Stoltz · Hörbuchauszug","BEI GOOGLE PLAY BÜCHER KAUFEN ►► https://g.co/booksYT/AQAAAEACJCtkOM

Todeskalt - Löwenstein & Berger, Band 2 (ungekürzt)
Löwenstein & Berger · Buch 2
Verfasst von: Nikolas Stoltz
Vorgelesen von Katja Körber

0:00 Intro
0:03 Dienstag, 25. Februar
5:16 Outro

#nikolasstoltz #todeskaltlöwensteinbergerband2ungekürzt #löwensteinberger2

—
GOOGLE PLAY BÜCHER

Bei Google Play Bücher findest du immer wieder tollen Lesestoff.

Google Play Bücher ist eine digitale Buchhandlung, die weltweit E-Books, Hörbücher, Comics und Mangas anbietet.  Du findest dort Buchempfehlungen, die auf dich abgestimmt werden.

iOS-App herunterladen: https://goo.gle/books-ios
Android-App herunterladen: https://goo.gle/books-android

—
BUCHBESCHREIBUNG

Der Tod wird dich finden! Kriminalpsychologin Caro Löwenstein erhält den verzweifelten Anruf einer alten Freundin: Die Psychotherapeutin Melanie Meissner fühlt sich verfolgt. Sofort eilt Caro in das verschneite Dorf im Taunus. Dort entdeckt sie die Leiche einer jungen Frau – Melanie hingegen ist verschwunden. Noch mehr seltsame Dinge gehen in dem verschwiegenen Ort vor sich: Die Polizei arbeitet lieber mit einer Bürgerwehr als mit Caro zusammen. Um die Tote scheinen die Einwohner nicht im Geringsten...

—
DETAILS ZUM HÖRBUCH

Bei Google Play Bücher kaufen ►► https://g.co/booksYT/AQAAAEACJCtkOM
Sprache: Deutsch
Verlag/Publisher: Audio-To-Go
Veröffentlicht am: 24. Juni 2022
ISBN: 9783965194199
Dauer: 9 Std., 30 Min.
Genres: Belletristik / Thriller / Allgemein",0,,0.0
9pTgxMXvFR0,Corona-Debatte versachlichen – Voraussetzung für Pandemiebekämpfung!,"+++ Corona-Debatte versachlichen – elementare Voraussetzung für ein rascheres Vorankommen in der Pandemiebekämpfung +++

„Eine klare Antwort auf die Frage, ob die 13.600 Toten in Baden-Württemberg AN oder MIT Corona gestorben sind, wäre seit Beginn der Pandemie von elementarer Bedeutung“ Mit diesen Worten begründete die sozialpolitische Fraktionssprecherin Carola Wolle MdL den Fraktionsantrag zur Obduktion von Coronatoten. „Nur so können medizinische und pharmazeutische Antworten auf Corona gefunden und bewertet werden. Doch der Landesregierung liegen bisher nur die Daten von 200 Obduktionen oder umgerechnet 1,5 % der Toten vor. Und obwohl die pathologischen Abteilungen der Kliniken chronisch unterfinanziert sind, sieht sie keinen Anlass zum Handeln - obschon es um die Möglichkeit geht, die Diskussion um Corona- und Impftote endlich zu versachlichen, wie sie auch Peter Schirrmacher, der Chefpathologe der Uni Heidelberg im Interesse klarerer Krankheitsbilder und einer verbesserten Impfstrategie gefordert hatte.“

Wolle verweist darauf, dass Schirrmacher aber im Verständnis der Landesregierung nicht dem „Mainstream“ der Wissenschaft angehört. „Immer wieder werden abweichende Meinungen zur Corona-Politik mit der ‚Mehrheit‘ der Wissenschaftler zurückgewiesen - als ob die Mehrheitsmeinung jemals eine Rolle beim wissenschaftlichen Fortschritt gespielt hätte. Was hindert Sie daran, abweichende Wissenschaftsmeinungen endlich als elementare Voraussetzung für ein rascheres Vorankommen in der Pandemiebekämpfung anzuerkennen? Mit seinem neuesten Frontalangriff auf ‚widerspenstige‘ Wissenschaftler hat Herr Ministerpräsident Kretschmann sich selbst entlarvt. Auch die Meta-Studie der Johns-Hopkins-Universität von gestern, wonach Lockdowns wenig bis keine Auswirkungen auf die COVID-19-Sterblichkeit und die öffentliche Gesundheit hatten, aber enorme wirtschaftliche und soziale Kosten verursachten, fällt nach Ihrer Definition unter die Kategorie unerwünscht! Wer angesichts solcher evidenzbasierten Aussagen seine Corona-Politik bis Ostern fortsetzen will, nenne ich Wissenschaftsleugner. Schenken Sie auch abweichenden Meinungen Gehör und nicht nur denen, die in Ihr politisches Kalkül passen. Die Menschen in unserem Land würden es Ihnen danken!“

Pressemitteilung Carola Wolle MdL: Obduktionen versachlichen Corona-Debatte
https://afd-fraktion-bw.de/aktuelles/4339/ 

_______________________________
Folgt uns auch auf folgenden Kanälen:

Webseite: https://afd-fraktion-bw.de/ 
Telegram: https://t.me/AfDFraktionBW 
Twitter: https://twitter.com/AfDFraktionBW 
Facebook: https://www.facebook.com/AfDFraktionBW/ 
Instagram: https://www.instagram.com/afd.fraktion.bw/ 
YouTube: https://www.youtube.com/c/AfDFraktionBadenWürttemberg?sub_confirmation=1",1,,1.0
xjjMvmLHhjk,„Respekt für den Mittelstand – Fehlanzeige!“ – Tino Chrupalla im Bundestag – AfD,"Deindustrialisierung, täglicher Verlust von rund 1000 Arbeitsplätzen und wachsende Abhängigkeit von Indien und China. Es fehle an Respekt für Mittelstand und Handwerk, während Pullfaktoren und Gleichmacherei den Sozialstaat zerstören. Statt Waffenlieferungen und Muskelspielen wird dringend Diplomatie gefordert – insbesondere Verhandlungen in Moskau für Frieden und Wohlstand in Europa.

Der Bundeskanzler wird als „Außenkanzler mit permanenter Kommentarfunktion“ verspottet, der sich hinter Zierpflanzen verstecke statt deutsche Interessen zu vertreten. Appell am Ende: Endlich Politik für die Bürger und Leistungsträger machen, um den Wohlstand zu sichern.",1,,1.0
7_TcpuHb3LE,Klinik statt Klassenzimmer: Wenn der Druck im Burnout endet,"Schule, Noten, immer abliefern: Für viele ist das purer Stress. 59 % der Schülerinnen und Schüler in Deutschland geben an, dass sie unter Leistungsdruck in der Schule leiden. 
Doch was passiert, wenn der Druck zu groß wird? Wenn aus unbewältigtem Dauerstress ein Burnout wird - schon in der Schulzeit? 
Hannah ist 14 und hat genau das erlebt – sie war irgendwann emotional und körperlich am Boden und hat sich Hilfe geholt.  

PULS-Reporterin Leah Nlemibe begleitet Schülerin Hannah in ihrem Alltag in einer Klinik für psychosomatische Erkrankungen und will wissen: Was macht der Einser-Schülerin Druck? Wie kommt es in so jungen Jahren schon zu Burnout und psychischen Erkrankungen wie Depression und Angststörung? Und wie sieht eine Therapie aus, die helfen soll, zurück ins Leben zu finden?  #pulsreportage #Reportage #Klinik #Burnout #Schule 

---------- 

Hilfe in Krisensituationen: 
➡ Nummer gegen Kummer e.V. | Kinder- und Jugendtelefon, Telefon: 116 111, www.nummergegenkummer.de  
➡ Krisendienste Bayern | Hilfe bei psychischen Krisen, Telefon: 0800 / 655 3000, https://krisendienste.bayern/ 
➡ TelefonSeelsorge® Deutschland e.V. | Telefon: 0800 / 1110111 oder 0800 / 1110222, https://www.telefonseelsorge.de/  
➡ Stiftung Deutsche Depressionshilfe und Suizidprävention | Hilfe bei Depression, https://www.deutsche-depressionshilfe.de/hilfe  

---------- 

Die wichtigsten Quellen findet ihr hier: https://share.ard-zdf-box.de/s/caXAN7prLzwPpj8

---------- 

Kapitelübersicht 

00:00 Intro  
1:17 Sporttherapie zum Start in den Tag 
4:37 Einzeltherapie – Was sind die Auslöser für Hannahs Burnout? 
05:51 Was ist Burnout eigentlich?   
07:05 Hannah stellt sich ihrer Angst 
8:17 Kunsttherapie – Leah und Hannah malen ihre Gefühle  
10:18 Was bedeutet Burnout für Hannah?  
11:57 Warnzeichen für Burnout und Depression 
14:23 Gruppentherapie – Mädchen öfter betroffen 
17:06 So erlebt Hannahs Umfeld ihren Burnout 
18:37 Warum spürt Hannah so einen Druck? 
20:12 Was rät Hannah anderen psychisch kranken Jugendlichen?  
21:21 Leahs Fazit 

---------- 

Redaktion: Lara Jack, Sebastian Musaeus, Laura Hirnich, Sonja Röbig 
Kamera: Christian Hofmann 
Schnitt: Sébastien Grotti   
Grafik: Felix Holderer, Lukas Brenninger 
Thumbnail-Foto: Christian Hofmann, Julia Müller, Valerii Honcharuk 
Post-Produktion: Sebastian Greiml, Karina Heckler, Mia Möhrmann, Christoph Tampe, Luca Iuzzolino 
Channel Management: Diniola Bajri, Leili Bagheri

---------- 

Wir sind Ariane Alter, Kevin Ebert und Leah Nlemibe von PULS Reportage. Wir wollen die wichtigsten, spannendsten und verrücktesten Fragen unserer Generation beantworten. Wir sind mutig. Wir sind neugierig. Wir gehen an Grenzen. Und am wichtigsten: Wir reden nicht nur drüber, wir probieren es aus. Für euch!  
  
✚ Folgt uns auf TikTok für noch mehr spannenden Content: https://www.tiktok.com/@bestofpulsreportage
✚ Folgt uns auf Instagram für Stories, Umfragen und Quizze: https://www.instagram.com/pulsreportage
✚ Checkt unsere Reportagen auf Spotify ab: 
spotify.link/x0xbpUN5DXb

► In der Kommentarspalte gelten unsere Community-Regeln: https://br.de/s/3hdcM5g 

---------- 

PULS Reportage gehört zu BR Puls, dem jungen Content-Netzwerk des Bayerischen Rundfunks. Dieses Video ist werbefrei dank deines Rundfunkbeitrags.

----------  

♫ Alle Songs aus dieser PULS Reportage: 

Teemong – Where will we go 
Melo Nada – London i love u but ur bringing me down 
ThxSoMch – SPIT IN MY FACE! 
Porch Light – Saturation 
Doechii ft SZA – girl get up 
Levin Liam – Hunde 
OG Keemo – Henry Fonda 
Levin Liam, Cato – Graues Papier 
Band of Horses – Our Swords 
YEEK – Cleaner Air 
Mac Miller – Thoughts from a Balcony 
Edwin Rosen – leichterkälter 
Q – Take Me Where Your Heart Is 
iann dior – Do It All 
The Kid Laroi – Forever and again 
Jorja Smith – Try Me 
ENNIO – unendlichkeit 
Enny – Charge It 
EKKSTACY – it only gets worse 
Her's – What once was 
Makko – Leben ist zu kurz um Angst zu haben 
Levin Liam – 24 
Taylor Swift – Maroon 
Romeo Elvis ft Loyle Carner – Les oiseaux 
Tyler the Creator – DOOGTOOTH",-1,1.0,1.0
I9OOnWDB_M4,wirtschaft tv Talk - Michael Kruse zum Wachstumschancengesetz,Dr. Michael Kruse ist Mitglied des Bundestages und zu Gast im wirtschaft tv Talk. Mit wirtschaft tv Chefanchor Sascha Oliver Martin spricht er über das Wachstumschancengesetz. Wie wirksam ist diese »Light-Variante« des ursprünglichen Gesetzes? Und wie schätzt Dr. Michael Kruse selbst die momentane Wirtschaft in Deutschland ein?,1,,1.0
jX0mWb3S9e0,Demonstration in Belgrad markiert zehn Monate seit dem Einsturz in Novi Sad,"Demonstration in Belgrad markiert zehn Monate seit dem Einsturz in Novi Sad

Zehntausende Demonstranten marschierten am Montag in Belgrad, während die Bereitschaftspolizei das Hauptquartier des serbischen Präsidenten Aleksandar Vucic umstellte.

LESEN SIE MEHR : http://de.euronews.com/2025/09/02/demonstration-in-belgrad-markiert-zehn-monate-seit-dem-einsturz-in-novi-sad

Abonnieren Sie! https://www.youtube.com/c/euronewsde?sub_confirmation=1

Sehen Sie Euronews live TV : https://www.youtube.com/c/euronewsde/live

Euronews gibt es in 12 Sprachen: https://www.youtube.com/user/euronewsnetwork/channels",-1,1.0,1.0
_pAKIW7dbrs,HSV-Trainer Tim Walter: „Mario Vuskovic steht für unseren Weg“,Vor dem Spiel bei Hannover 96 spricht Hamburgs Coach über die Personallage – und seinen  Oktoberfest-Besuch.,0,,0.0
LfvlBu2p0D4,Bitcoin ETF EXPLODIERT: Polkadot nächster ETF?,"Wird der nächste Kryptowährung ETF nach Bitcoin ein Polkadot ETF sein? Was denkst du, wird die SEC die Genehmigung erteilen?
➡️ Wenn du Polkadot (DOT) kaufen willst, melde dich kostenfrei bei Binance an: https://oli.net/binance **
Abonniere jetzt den Kanal und aktiviere die Glocke, um kein wichtiges Video mehr zu verpassen!
🔔 Kanal abonnieren: https://oli.net/kanalabo
🤝 Jetzt Kanalmitglied werden: https://oli.net/mitglied
⭐️ Gold und Silber kaufen: https://www.oli.net/kettner **
💰  Aktiendepot: https://www.oli.net/freedom24 **
⚡️ Bitcoin kaufen: https://oli.net/bitcoin **
📰 Quellen
- https://bit.ly/4cBNv7w
- https://bit.ly/3VAPbHZ
- https://bit.ly/3xfgvSf
- https://bit.ly/3eIBnFz
- https://yhoo.it/3x6Hxek

💬 Hashtags
#Kryptowährung #Dot #Polkadot 

⚠️ Hinweis: Ich biete hier keine Anlageberatung, ich möchte lediglich zum Nachdenken und Diskutieren anregen. Bei manchen der im Video erwähnten Anlageklassen bin ich selbst investiert, so dass es zu Interessenskonflikten kommen kann.

** Affiliate Links
Bei den Produktlinks handelt es sich um Affiliate-Links. Die Links dienen der Orientierung und dem schnelleren finden der Produkte. Des Weiteren wird beim Verkauf des Produkts eine Provision an mich ausgezahlt, für euch entstehen dadurch keine Mehrkosten.
** Jede Investition ist ein Risiko. Die Prognosen und die bisherige Wertentwicklung sind keine Garantie für zukünftige Erträge. Es ist wichtig, dass du deine eigene Analyse durchführst, bevor du eine Investition tätigst. Dieser Beitrag kann Affiliate-Links enthalten, an denen ich ohne Kosten für dich eine kleine Provision verdienen kann.",-1,-1.0,-1.0
9g2exS_frVM,Ein Auto das man als Autohändler nicht kaufen sollte?! | Porsche 997 MK1 im GT3(RS) Look | Team 417,"#PorscheGT3 #Porsche997 #Autohandel


Hey Freunde! Heute geht es mal wieder um einen 997! Aber nicht um irgendeinen .. sondern ein 3.8er Sauger mit GT3 Look. In der Auktion wollte ihn keiner haben. War es ein Fehlkauf oder hatte Enrico doch wieder den richtigen Reicher? In diesem Video gehts einmal über die Autobahn!


Viel Spaß und bleibt gesund! 


Folgt uns auch gern auf Insta (dieautogesellschaft).


Unser Fahrzeugbestand ist stets unter www.die-autogesellschaft.de zu finden.",0,,0.0
thCKnfEfntc,Erschreckend eindeutig Herr Merz. #neuwahlen  ,,1,,1.0
3VFES9i7svM,VW ist in der Krise - aber wie tief? | DW Nachrichten,"VW ist in der Krise - aber wie tief? Muss der Autoriese lediglich die Kosten senken, wie das Management fordert? Ist eine Strategiewende nötig? Oder ist es dafür zu spät? Antworten von Gartner-Mobilityanalyst Pedro Pacheco und Beatrix Keim vom Car Research Institute.


DW Deutsch Abonnieren: http://www.youtube.com/user/deutschewelle?sub_confirmation=1
Mehr Nachrichten unter: https://www.dw.com/de/
DW in den Sozialen Medien:
►Facebook: https://www.facebook.com/dw.german/
►Twitter: https://twitter.com/dw_deutsch
►Instagram: https://www.instagram.com/dwnews/",-1,1.0,1.0
M9MJ1jbOUPE,Der Tyrann Lauterbach - die Sendung,"Peter Weber im Interview mit Martin Sichert, MdB, Mitglied im Gesundheitsausschuss
____________________
Bitte unterstützen Sie unsere Arbeit hier:

PayPal: https://paypal.me/HalloMeinung

Oder: via Überweisung an:
Hallo Meinung – Gesellschaft für freies Denken und politische Einflussnahme mbH
IBAN: DE 21 7605 0101 0013 9635 82
BIC: SSKNDE77XXX
Bank: Sparkasse Nürnberg

Peter Weber & Team sagen  DANKE!
Wir bewegen Deutschland🖤❤️💛

#hallomeinung #zensur #teilen #abonnieren #wissen #wirklichkeit #widerspruch

In eigener Sache: Wegen des hohen Aufkommens unsachlicher und beleidigender Kommentare, haben wir uns entschieden die Kommentarfunktion zu deaktivieren.
Danke für euer Verständnis.
Peter Weber & Team",1,,1.0
lWJrqC6MepU,⚡ RICHTER SCHOCKIERT GERADE GANZ DEUTSCHLAND!⚡,"⚡ RICHTER SCHOCKIERT GERADE GANZ DEUTSCHLAND!⚡ BLITZMELDUNG! Politik aktuelle Nachrichten zusammengefasst! Unfassbar was in Deutschland mit der AMPEL passiert! Aktuellste Eilmeldung und Blitzmeldung! Nachrichten aktuell: AFD Wahlrekord! Habeck Rücktritt & Baerbock Rücktritt nur noch Frage der Zeit! Die Ampel zerbricht genau jetzt!? Energiekrise, Außenpolitik & Scholz Cum Ex entlarvt! Aktuellste News & Eilmeldung über Alice Weidel, Tino Chrupalla, AMPEL Politik & Mehr! UNFASSBARE ENTWICKLUNGEN! #viral #blitzmeldung #eilmeldung

UNSERE WHATSAPP GRUPPE UM ALLE VIDEOS ZU SEHEN: https://whatsapp.com/channel/0029VaiJd7G1yT2DYQmy9S2n


------------

VORSORGE CHECKLISTE:

Perfekt vorbereitet auf den Notfall: https://www.checkout-ds24.com/product/537522 (Patientenverfügung, Vorsorgevollmacht, Notfallpass, Blackout Checkliste, Vollmacht für Finanzangelegenheiten, Testament, ...) (Werbung)


------------

Wichtige Schlagwörter

#geldanlage #demokonto #demodepot #demobroker #forexbroker #forexhandel #wirtschaftaktuell #wirtschaft #wirtschaftsnachrichten #finanzstrategie #prognosen #nachrichten #vermögenssicherung #bitcoin #geld #wirtschaftaktuell #geldanlage #news #gold #goldkaufen #aktienkaufen #dirkmüller #cashkurs #waskommt #finanzen #finanzcommunity #richtiginvestieren #etoro #etorotrading #etoroerfahrung #bitcoin #bitcoinkaufen #kryptowährungen #kryptowährung #bitcoins #trading #bitcointrading #wirtschaftsnews #bitcoinkaufen #aktienkaufen #welcheaktienkaufen #geldanlage #negativzinsen #krypto #kryptos #geldanlegen #finanzwelt #money

---------------------------

Allgemeiner Hinweis

In der Infobox können Affiliate Links verwendet werden. Falls der Besucher über diese Links einen Kauf tätigt, kann eine Provision für den Videoproduzent als Unterstützung des Kanals. Es erfolgt keine Anlageberatung. Jeder ist für seine Strategien selbst verantwortlich. Es ist ein Totalverlust möglich. Es kann keine Garantie für die Richtigkeit und Vollständigkeit der Inhalte gewährt werden.


https://whatsapp.com/channel/0029VaiJd7G1yT2DYQmy9S2n",-1,1.0,1.0
Ws0GMcVeJXY,"Münzen, Schätze und ausgelotete Demo-Grenzen 🏠 Pioneers of Pagonia Demo #05","🏠 ALLE Folgen unter: https://grnk.link/pioneersofpagonia
🏠 Selber spielen: https://store.steampowered.com/app/2155180/
🏠 Mehr Infos zum Game 👇

····················································································

Pioneers of Pagonia

Das Aufbaustrategiespiel Pioneers of Pagonia dreht sich um die Erforschung und Vereinigung der sagenhaften Inseln von Pagonia. Werde kreativ und baue Deine Wirtschaft aus über 40 verschiedenen Gebäuden, mehr als 70 verschiedenen Waren und weit verzweigten Produktionsketten auf!

····················································································

🕹 INFOS ZUM SPIEL

Titel: Pioneers of Pagonia
Genre: Simulationen, Strategie, Early Access
Entwickler: Envision Entertainment
Publisher: Envision Entertainment

YouTube-Tags:
#Gronkh #pioneersofpagonia  #GronkhTV

Wenn Dir das Spiel gefällt, bitte unterstütze die Entwickler und kaufe Dir das Spiel im Original: https://store.steampowered.com/app/2155180/

····················································································

TRANSPARENZ / PRODUCT PLACEMENTS:

[✖] Deal: kein Deal
[✖] Reise: keine Reise
[✖] Sonstiges: nix

Mein Hardware-Partner:
• Geschmeidige Hardware von ROG: https://de.rog.gg/Gronkh-Tipps

Alle mit * versehenen Links sind sogenannte Ref-ID-Links. Das heißt, wenn Du da was kaufst (muss natürlich niemand), dann verdient der Verlinkende (in dem Fall hier also ich) ein paar Cent daran, ohne dass es Dich mehr kostet. Als Beispiel verdient dann Amazon ein klein bisschen weniger am Produkt.

····················································································

📺 CHANNEL:
@Gronkh @BestofGronkh @GronkhReacts @GronkhTV @GronkhRPGs @GronkhRetro @GronkhOSTs 

🎥 LIVESTREAMS:
http://gronkh.live

🗄️ STREAM-ARCHIV:
http://gronkh.tv

🔗 SOCIAL & CO:
http://gronkh.chat (Discord)
https://gronkh.shop
https://twitter.com/gronkh
https://instagram.com/gronkh
https://www.tiktok.com/@gronkh
····················································································",-1,0.0,0.0
0GGbXvmhitc,SICHER AUF DEM WEIHNACHTSMARKT: Mehr Sicherheitsvorkehrungen stärken das Vertrauen der Besucher!,"SICHER AUF DEM WEIHNACHTSMARKT: Mehr Sicherheitsvorkehrungen stärken das Vertrauen der Besucher!

Viele Besucher fühlen sich auf Weihnachtsmärkten sicher – nicht zuletzt dank sichtbarer Sicherheitsmaßnahmen wie Absperrungen und Kontrollen. Doch die persönliche Einstellung spielt ebenfalls eine Rolle: „Ich will keine Angst haben“, sagt eine Stimme aus der Menge. Diese Balance zwischen Vorsicht und Gelassenheit scheint für viele entscheidend zu sein. Trotz gelegentlicher Sorgen, etwa vor Diebstahl, bleibt die Atmosphäre für die meisten ungetrübt. Das zeigt: Sicherheit ist wichtig, sollte aber nicht den Genuss trüben.

#weltnachrichtensender #sicherheit #weihnachtsmarkt #besuchermeinung #prävention #stimmung

Abonniere den WELT YouTube Channel https://www.youtube.com/WELTVideoTV
WELT DOKU Channel https://www.youtube.com/c/WELTDoku
WELT Podcast Channel https://www.youtube.com/c/WELTPodcast
WELT Netzreporter Channel https://www.youtube.com/c/DieNetzreporter
Der WELT Nachrichten-Livestream http://bit.ly/2fwuMPg
Die Top-Nachrichten auf WELT.de http://bit.ly/2rQQD9Q
Die Mediathek auf WELT.de http://bit.ly/2Iydxv8
WELT Nachrichtensender auf Instagram https://www.instagram.com/welt.nachrichtensender/
WELT auf Instagram https://www.instagram.com/welt/

In eigener Sache: Wegen des hohen Aufkommens unsachlicher und beleidigender Beiträge können wir zurzeit keine Kommentare mehr zulassen. 

Danke für euer Verständnis - das WELT-Team

Video 2024 erstellt",-1,1.0,1.0
ArJvDnZcC6A,Verpasse nicht die Geheimnisse der perfekten Höflichkeit!,"Entdecke die Kunst des perfekten Smalltalks und die entscheidenden Elemente der Höflichkeit, die in persönlichen Begegnungen oft übersehen werden. Ein Blick, der zeigt, dass der Gesprächspartner tatsächlich interessiert ist, ist von unschätzbarem Wert. Lernen Sie von den besten – ob Prinz Charles oder Bill Clinton – wie man echte Verbindung herstellt und Gesprächspartner zum Strahlen bringt. Perfekter Smalltalk beginnt mit Aufmerksamkeit und Wertschätzung. Lass dich inspirieren und verbessere deine Kommunikationsfähigkeiten noch heute!",0,,0.0
cJqGgFnolHc,Ist die Schulmedizin längst überholt?,#podcast #deutscherpodcast #ungeskriptet #medizin #shortsfeed #shortsviral,-1,-1.0,-1.0
ULoIlDZBrS0,EIN guter Ausgang in der LIEBE❤️ JEMAND wird dich beschützen und auf dich aufpassen wollen👑,"☀️🚫PRIVATE LEGUNGEN SIND AUFGRUND EINES NEUEN PERSÖNLICHEN PROJEKTS LEIDER AKTUELL NICHT MÖGLICH🚫☀️

👑👑👑👑👑👑👑👑👑👑👑👑👑👑👑👑👑👑

Hallo meine lieben Königinnen&Könige👑👑

Ich freue mich sehr darüber,dass DU zu mir gefunden hast❤️ 
Auf Grund der Entwicklungen, habe ich mich entschieden dir folgende Wege aufzuzeigen um Kontakt mit mir aufnehmen zu können🤗

👑WHATSAPP-Kanal:
https://whatsapp.com/channel/0029Va8bcbQElagl7LSj9A3Z

👑Link zu Tiktok
@koeniginderkelche

👑Link zu Instagram
@koeniginderkelche42

👑LINK zu FACEBOOK
https://www.facebook.com/profile.php?id=100086570061983

👑👑👑👑👑👑👑👑👑👑👑👑👑👑👑👑👑👑

Bitte bedenke mein Engel, dass du IMMER eine eigene INTUITION hast und einen eigenen freien WILLEN um deine ENTSCHEIDUNGEN im Leben treffen zu können🙏👑

Lass dich sehr gern von meinen Videos unterhalten und inspirieren, aber bitte NIEMALS negativ beeinflussen! 

MEINE VISION🙌🫂
...ist, Menschen zu helfen und sie durch ihren ganz persönlichen Prozess hindurch zu begleiten☀️ABER NIEMALS NEGATIV ZU BEEINFLUSSEN🚫☀️
ICH möchte dein SPRACHROHR sein für etwas was dir noch nicht bewusst sein könnte oder deine HOFFNUNGSGEBERIN, in Zeiten wenn es so sehr weh tut, obwohl du vielleicht schon längst weißt das du loslassen solltest💔
Auf diesem Kanal möchte ich dir keine FALSCHEN HOFFNUNGEN machen, DICH jedoch begleiten durch eine Zeit in der dich kaum einer verstehen könnte🙏



ICH weiß dass die KIRCHE gegen das Karten legen ist, aber hiermit nehme ich mir das RECHT mein wahres und authentischtest Selbst zu Leben, im Sinne von:
ICH GLAUBE AN
👑GOTT
👑ENERGIEN
👑SPIRITUALITÄT 
👑MICH!
👑DICH!
👑WUNDER!

👑👑👑👑👑👑👑👑👑👑👑👑👑👑👑👑👑👑

Über diese Links kommst DU zu meinen
💎Kartendecks die ich verwende
📽Studioausstattung die ich verwende
💄Kosmetika die ich verwende
📚Bücher die ich empfehlen kann
💚Gesundheitsinspirationen
(*Dies sind Affiliate Links/Werbung!)


💃MEIN GETRAGENES KLEID
https://amzn.to/3QrLceg

Akasha -Chronik Orakel
https://amzn.to/3sjANHO

💎The secret key cards teil 3
https://amzn.to/45gz2Jq

💎Sans Souci Cards Teil 1
https://amzn.to/45fp5vT

💎Ätherische Vision Tarot (Königsfurt Verlag)*
https://amzn.to/44QN70k

💎Giro Marchettis Tarot Grand Lux*
https://amzn.to/3Oi1Tq7

💎XXL Tarot, Urania Verlag*
https://amzn.to/3Knz1vl

💎The secret Key Cards 2*
Kommunikation mit deinem Wunschpartner Vol.1
https://amzn.to/3OpkxfQ

💎Before Tarot, Urania Verlag*
https://amzn.to/44VUOmg

💎After Tarot, Urania Verlag*
https://amzn.to/43UQylo

💎SPRICH MIT MIR,WIE GEHT ES WEITER MIT DEINEM WUNSCHOARTNER*
https://amzn.to/44KoeU6

v.Nadine Breitenstein:
Shop: 
https://nadine-breitenstein.myshopify.com/

💎Golden universal Tarot, lo Scarabeo Verlag*
https://amzn.to/44QgOyD

💎Botschaften von Herzen, Silberschnurverlag*
https://amzn.to/45136J4

💎Gilded Reverie Lenormand, Königsfurt Urania Verlag*
https://amzn.to/45e55Kh

💎Karten der Partnerschaft, Vianova Verlag*
https://amzn.to/44PHCPI

💎Engel Tarot, Allegria Verlag*
https://amzn.to/3DEaI8I

💎Seelenpartnerorakel, Aquamarinverlag*
https://amzn.to/3OCTDSF

💎Golden Lenormand, Lo Scarabeo Verlag*
https://amzn.to/3QmUFUi

Die Zeitkarten
https://amzn.to/3OG4Ba4

FOLGENDE AUSSTATTUNGEN NUTZE ICH FÜR MEIN STUDIO📽🎬

📷Sony Vlog Kamera ZV-1F Digitalkamera*
https://amzn.to/3OBtT9u

🎤Mikrofon für Sony Kamera*
https://amzn.to/3rOGtsZ

📱Samsung Note 10*
https://amzn.to/3qlFEHD

🎤Mikrofon Samsung*
https://amzn.to/3YjIObm

💡Lichtgestaltung*
https://amzn.to/3YjyFf9

💄💅WELCHE KOSMETIKPRODUKTE VERWENDE ICH👄

💋Mascara*
https://amzn.to/3rR8lNh

💋Lippenstift*
https://amzn.to/45aychn

💋Augenbrauenstift*
https://amzn.to/3Yl7pwz

💋Blush*
https://amzn.to/3Kl4Ogg


📚Welche Bücher kann ich empfehlen

📖Hajo Banzaf Symbolik und Bedeutung der Zahlen
https://amzn.to/45bYpfz

📖Perfektionismus: Wenn das Soll zum Muss wird*
https://amzn.to/44NFMyx

📖So stärken Sie ihr Selbstwertgefühl*
https://amzn.to/44PPVLk

💚WAS ICH ZUM THEMA GESUNDHEIT EMPFEHLEN KANN
🚭Nikotinpflaster*
https://amzn.to/44QQRPp

Wenn dir meine ARBEIT gefällt dann freue ich mich sehr darüber wenn du meinen Kanal kostenfrei abonnierst, likst und teilst🤗

Ich sende Licht&Liebe, herzlichst Königin Derkelche☀️❤️👑
ICH HAB DICH LIEB❤️",0,,0.0
zklTqsAyanY,Matussek!: Thomas Berthold,"Während die deutsche Nationalmannschaft ihr Trainingsquartier bezieht, unterhält sich Matussek mit Thomas Berthold, Fußball-Weltmeister 1990 und Widerstandsheld, der während der Corona-Hysterie öffentlich gegen den Entzug der Freiheitsrechte protestierte, bis er schließlich in die Schweiz zog. Anlass des Gesprächs: sein leidenschaftlicher Appell gegen den Krieg in der Ukraine in dem Sammelband „Endlich Frieden“. Ferner: die Siegesfeier 1990 mit Kanzler Kohl in der Kabine, die Qualität des Kaders damals und heute, das Fußballwunder Maradona im Zweikampf. Darüber hinaus: der Bildungsnotstand unserer Minister, Deutschland-Verachtung durch Bärbel Bas, Ernährungstipps, Fitnesstraining, Earthing, Badefreuden im Luganer See, Skiwandern, elektromagnetischer Detox sowie eine fröhliche Hochzeit im Senegal. Die WM in Russland und Katar und das mangelnde Fußballinteresse am Austragungsort USA. Schon das Erreichen des Viertelfinales ein Erfolg?

#kontrafunk
_______________________________________________________________________________
Bitte unterstützen Sie den Kontrafunk finanziell:

Spenden ▶︎ https://bit.ly/KontrafunkSpenden  

↪︎Für Spenden per Überweisung in Euro:
Postfinance Bern
IBAN: CH43 0900 0000 1591 2777 5
BIC: POFICHBEXXX

↪︎Für Spenden per Überweisung in CHF:
Postfinance Bern
IBAN: CH72 0900 0000 1591 2773 8
BIC: POFICHBEXXX

↪︎Oder per PayPal:
https://www.paypal.com/donate/?hosted_button_id=X8C2K6LSF5EY8&locale.x=de_DE 

↪︎Oder per „Kontra-Rundfunkbeitrag“
In EUR: https://kontrafunk-spenden.payrexx-seaio.ch/de/pay?tid=766012e1  
In CHF: https://kontrafunk-spenden.payrexx-seaio.ch/de/pay?tid=bc9b7123 

Eine weitere Möglichkeit, uns zu unterstützen und sich dabei mit Gleichgesinnten zu verbinden, ist eine Mitgliedschaft in unserem Kontrafunk-Bund.
Informationen hier: https://bund.kontrafunk.radio 

▶︎Folgen Sie uns auch auf X (Twitter):
https://x.com/kontrafunk",-1,1.0,1.0
kbNs5lRZQq4,NDR 23.09.1930 Blitzlichtbirne patentiert,Heute im Jahr 1930 erhält der deutsche Physiker Johannes Ostermeier das Patent für seine Blitzlichtbirne.,0,,0.0
lMqpUeTvvHk,"„Folge 1 (Magische Hörspiel-Abenteuer), Buch 1“ von Stephan Chrzescinski · Hörbuchauszug","BEI GOOGLE PLAY BÜCHER KAUFEN ►► https://g.co/booksYT/AQAAAEDyERxR_M

Folge 1 (Magische Hörspiel-Abenteuer)
Lissy PONY · Buch 1
Verfasst von: Stephan Chrzescinski und Andreas Muhlack
Vorgelesen von Andreas Muhlack, Fabienne Hesse, Daniel Kirchberger, Kirstin Hesse, Christiane Werk, Daniela Bette-Koch, Esther Brandt, Michael-Che Koch, Flemming Stein und Arnd Sünner

0:00 Intro
0:03 
3:03 
5:38 Outro

#stephanchrzescinski #folge1magischehörspielabenteuer #lissypony1

—
GOOGLE PLAY BÜCHER

Bei Google Play Bücher findest du immer wieder tollen Lesestoff.

Google Play Bücher ist eine digitale Buchhandlung, die weltweit E-Books, Hörbücher, Comics und Mangas anbietet.  Du findest dort Buchempfehlungen, die auf dich abgestimmt werden.

iOS-App herunterladen: https://goo.gle/books-ios
Android-App herunterladen: https://goo.gle/books-android

—
BUCHBESCHREIBUNG

Der verzauberte PinselnTamani und ihre Freunde entdecken in einem Gartenpavillon einen alten Schrank, in den sie sofort neugierig hineinschauen. Keine sooo gute Idee. Kaum hat sich die Tür unter lautem Knarzen geöffnet, saust ein hektischer Pinsel heraus und flitzt im Turbotempo in Richtung Schloss Magica. Wände, Bilder und sogar im Weg stehende Ponys werden auf seinem Weg ungebremst mit sonnengelber Farbe überstrichen.nnSternschnuppen–MagienFrüh am Morgen sehen Tamani, Lunas und Sari, wie etwas Funkelndes am Strand der Mond–Muscheln landet. Sofort machen sie sich auf den Weg, um herauszufinden, was es damit auf sich hat. Aufgeregt stellen sie fest, dass es sich um eine waschechte Sternschnuppe handelt! Sie ist von ihrer Flugbahn abgekommen und benötigt etwas Hilfe, um wieder in den Himmel zurückzufliegen. Keine Frage, dass die kleine Sternschnuppe auf die drei Freunde zählen kann! Kurz bevor sie davonfliegt, gibt sie ihren PONYstarken Helfern als Dank ein magisches Versprechen.

—
DETAILS ZUM HÖRBUCH

Bei Google Play Bücher kaufen ►► https://g.co/booksYT/AQAAAEDyERxR_M
Sprache: Deutsch
Verlag/Publisher: Edelkids
Veröffentlicht am: 20. Dezember 2024
Dauer: 0 Std., 56 Min.
Genres: Jugendliteratur (Belletristik) / Spielzeug, Puppen & Marionetten",0,,0.0
1D6H_T2jawc,BGH-Urteil: Hohe Hürden für Sperrung von Internetseiten,"Im Konkreten Fall hatten mehrere Wissenschaftsverlage die Deutsche Telekom verklagt. Sie wollten erreichen, dass die Telekom den Zugang zu den Seiten von zwei Internetanbietern sperrt. Die Anbieter hätten ohne Zustimmung der Verlage Artikel und Bücher online zur Verfügung gestellt. Damit hätten sie die Nutzungsrechte der Verlage verletzt. Der BGH wies nun in letzter Instanz die Klage zurück. Die Verlage hätten zunächst gerichtlich gegen den schwedischen Host-Provider der beiden Internetanbieter vorgehen müssen, um so herauszufinden, wer für die Rechtsverletzung verantwortlich ist. Host-Provider sind Unternehmen, die auf ihren Servern Inhalte für die Internetnutzer bereitstellen. Mit dem Urteil hält der Bundesgerichtshof an seiner bisherigen Rechtsprechung fest: Bei Urheberrechtsverletzungen ist die Sperre einer Internetseite nur das allerletzte Mittel und nur in absoluten Ausnahmefällen zulässig. Weil sonst die Gefahr besteht, dass auch legale Inhalte gesperrt werden.
Aktenzeichen: I ZR 111/21",-1,1.0,1.0
nUTy3mUg6U4,„Schatten über Elantel (Die Nebelgeborenen 5)…“ von Brandon Sanderson · Hörbuchauszug,"BEI GOOGLE PLAY BÜCHER KAUFEN ►► https://g.co/booksYT/AQAAAIBrmSIZWM

Schatten über Elantel (Die Nebelgeborenen 5) (Die Nebelgeborenen): Ein Nebelgeborenen-Roman
Die Nebelgeborenen · Buch 5
Verfasst von: Brandon Sanderson
Vorgelesen von Detlef Bierstedt

0:00 Intro
0:03 Schatten über Elantel (Die Nebelgeborenen 5) (Die Nebelgeborenen): Ein Nebelgeborenen-Roman
0:24 Prolog
5:24 Outro

#brandonsanderson #schattenüberelanteldienebelgeborenen5dienebelgeboreneneinnebelgeborenenroman #dienebelgeborenen5

—
GOOGLE PLAY BÜCHER

Bei Google Play Bücher findest du immer wieder tollen Lesestoff.

Google Play Bücher ist eine digitale Buchhandlung, die weltweit E-Books, Hörbücher, Comics und Mangas anbietet.  Du findest dort Buchempfehlungen, die auf dich abgestimmt werden.

iOS-App herunterladen: https://goo.gle/books-ios
Android-App herunterladen: https://goo.gle/books-android

—
BUCHBESCHREIBUNG

Die Stadt Elantel ist eine Metropole in Zeiten des Umbruchs, beherrscht von Technik, Magie – und dem Recht der Gesetzlosen. Hier stoßen Wax, Wayne und ihre Gefährtin Marasi auf eine dunkle Verschwörung, die ganz Elantel erschüttern kann. Und die Verbündeten machen sich daran, den Fall auf ihre ganz eigene Weise zu lösen ... 

In Schatten über Elantel, dem fünften Teil aus der Welt der Nebelgeborenen, begeistert Brandon Sanderson erneut mit der hochexplosiven Mischung aus High Fantasy, Western und feinem Humor, die seine Fans lieben. Nach Jäger der Nacht ist es das zweite Abenteuer für Wax und Wayne!

—
ÜBER DEN AUTOR

Brandon Sanderson, geboren 1975 in Nebraska, ist internationaler Bestsellerautor und lebt in Utah. Nach seinem Debütroman »Elantris« widmete er sich seit 2007 der Vollendung von Robert Jordans »Das Rad der Zeit«. Zudem begeistert er mit seiner Saga um »Die Nebelgeborenen« weltweit die Fans. Er steht regelmäßig ganz vorne auf der New–York–Times–Bestsellerliste und seine Bücher wurden in 35 Sprachen übersetzt. Im Jahr 2022 machte er Furore mit der größten Crowdfundingkampagne aller Zeiten, mit der er vier komplett neue Romane finanzierte. Die ersten beiden, »Weit über der smaragdgrünen See« und »Handbuch für den genügsamen Zauberer: Überleben im mittelalterlichen England« erscheinen bei Hörbuch Hamburg.

—
DETAILS ZUM HÖRBUCH

Bei Google Play Bücher kaufen ►► https://g.co/booksYT/AQAAAIBrmSIZWM
Sprache: Deutsch
Verlag/Publisher: Hörbuch Hamburg HHV GmbH
Veröffentlicht am: 20. März 2017
ISBN: 9783844915679
Dauer: 14 Std., 14 Min.
Genres: Belletristik / Fantasy / Epos und Belletristik / Fantasy / Allgemeines",0,,0.0
WfGchy9mtJU,Warum die Bildung wirklich verfällt! – Harm Rykena (AfD),"Unterricht fällt aus, Schulgebäude bröckeln, der Förderbedarf nimmt zu – und unsere PISA-Ergebnisse sind längst jenseits von Gut und Böse: Das Bildungssystem geht vor unseren Augen unter. Und das liegt nicht etwa an zu wenig Geld!

Harm Rykena (AfD) erklärt, warum die Bildung in unserem Land trotz Rekordhaushalt dramatisch schlechter wird.",1,,1.0
jbHsjqkSGuo,ALS WENN DAS NICHT GENUG WÄRE...,"#TEAMHEIMAT  Da hat der Kanzler wohl Weisung, vom großen Bruder bekommen. Direkt gibt es 500 weitere Millionen und die Forderung, für 900000 Reservisten.",-1,1.0,1.0
8-iAW5qgEe0,SHURJOKA h3tzt gegen BETROFFENE und HAIDER!,"Hier bin ich Live [Mo/Mi/Fr] https://www.twitch.tv/jayriddle77
Video: https://www.youtube.com/watch?v=N1bk5BpJrqY

Dieses Video enthält Sequenzen von der Quelle twitch.tv/shurjoka oder auch https://www.youtube.com/@ShurjokaImTitel/videos und auch x.com/askaron und x.com/shurjoka 

Kanalmitglied werden und exklusive Vorteile erhalten:
https://www.youtube.com/channel/UCR2r-x-wLNCl957sh2-Lplw/join

Mehr Jay Riddle:
Hauptkanal: https://www.youtube.com/@JayRiddle77
Instagram: https://www.instagram.com/jayriddle77/
Discord: https://discord.com/invite/aX52rUswEE





*Die im Video getätigten Aussagen sind der sehr subjektiven Perspektive einer Kunstfigur zuzuordnen, häufig extrem polemisch formuliert und inhaltlich verkürzt. Ich möchte damit keine Einzelpersonen beleidigen, noch erheben ich Anspruch auf eine Deutungshoheit. Meine Videos dienen der Unterhaltung uns Aufklärung und stützen sich auf die Meinungs - bzw. Satirefreiheit",-1,0.0,0.0
0JNUyPeJ4qM,"""9/11 Attentäter konnte Deutsch und hat Steuern bezahlt"" Irfan Peci Hamburg BPE Kundgebung 15.11.25","Ausschnitte von Irfan Peci bei der BPE Kundgebung in Hamburg
Stadtbild? Schwimmbäder? Irfan Peci Diskussion Hamburg BPE Kundgebung https://youtu.be/LhYOrVnFgX8",-1,1.0,1.0
Bk1H2zyz0HU,Breaking News! Entwurf des BMF-Schreibens vom 17. Juni 2021 zu Kryptowährungen!,"Am 17. Juni 2021 hat das Bundesfinanzministerium den Entwurf des Schreibens zur Besteuerung von Kryptowährungen veröffentlicht. RA Dr. Tim Greenawalt gibt einen Überblick in unserem heutigen Video.

Wichtig: Für die Details empfehlen wir stets eine steuerliche Beratung im Einzelfall. Gehe jetzt auf https://www.expats.global/termin, bewirb dich auf deine kostenlose Ersteinschätzung und erfahre, wie wir von ExpatsGlobal dir helfen können, dein Business international zu skalieren und unabhängig von jedem Ort der Welt aus zu betreiben!

Link zum Entwurf des BMF-Schreibens: https://www.bundesfinanzministerium.de/Content/DE/Downloads/BMF_Schreiben/Steuerarten/Einkommensteuer/2021-06-17-est-kryptowaehrungen.pdf

ExpatsGlobal ist eine internationale Steuerberatung, die sich auf Unternehmer spezialisiert hat. Wir beraten insbesondere beim Wegzug aus Deutschland, bei der Firmengründung in Deutschland und im Ausland, und bei der Verlagerung oder Verschmelzung von Unternehmen.

Abonniere unseren Kanal und tritt unserer ExpatsGlobal Mastermind bei: https://www.facebook.com/groups/expatsglobal",1,,1.0
ETDYbjzVWJI,Legalisierungs Antrag FDP - CSU Söder für Legalisierung,"▼ Aufklappen um mehr zu erfahren! ▼


Hey Leute, heute geht es um den legalisierungs Antrag der FDP sowie auchh um eine aussage von Markus Söder von der CSU der sich ebenfalls für die legalisierung geeäußert hat.",1,,1.0
9lw8HgV3rbw,Laschet live: Laschet äußert sich nach Hochwasser-Krisenkabinettssitzung,"NRW-Ministerpräsident und CDU-Kanzlerkandidat Armin Laschet hat nach der Hochwasser-Katastrophe in Nordrhein-Westfalen ein Krisenkabinett einberufen. Im Anschluss äußert er sich hier im Livestream. 

► Abonniere hier unseren YouTube-Kanal: https://bit.ly/2HKhgbQ
► Folge uns auf Facebook: https://www.facebook.com/RedaktionsNetzwerkDeutschland
► Folge uns auf Twitter: https://twitter.com/RND_de
► Folge uns auf Instagram: https://instagram.com/rnd.de
► Homepage: https://www.rnd.de/",1,,1.0
Wt2lPOJ-1QM,Experte: Was Unternehmer in Sachen Skalierung wissen sollten,"Eik Bauersachs, Experte für Digitale Unternehmensstrategie, erklärt im Interview, warum es am wichtigsten ist, von Anfang an Prozesse, Strukturen und Workflows für das eigene Unternehmen zu schaffen.
————————————————————————
Moderation: Wirtschaft TV Moderator Sascha Oliver Martin 
————————————————————————
Weitere News findest du auf www.wirtschaft-tv.com.
————————————————————————
#wirtschafttv​ #cudigitalunternehmer​ #onlinemarketing #onlinekurse #digitalmarketing​​ #saschaolivermartin​",-1,1.0,1.0
a7h3KTbUOqs,Wirtschaftsnobelpreis geht an drei Innovationsforscher,"Die Königlich-Schwedische Akademie der Wissenschaften ehrt die Ökonomen Joel Mokyr, Philippe Aghion und Peter Howitt für ihre Studien über innovationsgetriebenes Wirtschaftswachstum.


Mehr dazu lesen Sie hier: https://www.handelsblatt.com/politik/international/nobelpreis-wirtschaftsnobelpreis-geht-an-drei-oekonomen/100162616.html?utm_medium=sm&utm_source=youtube&utm_campaign=Nachrichtenbeitrag",-1,1.0,1.0
cTDM0vqlfVs,"Laschet-Sieg und Spahn-Blamage: Was war da denn los, Herr Fleischhauer?",Armin Laschet gewinnt die Wahl des CDU-Vorsitzenden gegen Friedrich Merz und Norbert Röttgen - auch dank einer phänomenalen Rede. Überlässt er nach diesem Triumph wirklich Markus Söder die Kanzlerkandidatur? Und was steckt hinter dem Aussetzen von Gesundheitsminister Jens Spahn. FOCUS-Kolumnist Jan Fleischhauer spricht Klartext. Stellt jetzt eure Fragen im Kommentarbereich. Wir greifen sie live in der Sendung auf.,1,,1.0
v5-9GsSN_M4,TikTok Live am Sonntagmorgen vom 04.08.24,Folge mir bei TikTok und verpasse keinen Livestream,-1,-1.0,-1.0
dvLmEzK6WQM,Mangelnde Qualität der Politiker - Innenminister wird Verteidigungsminister,"Ein Ausschnitt aus der Sendung ""Claudia Sünder Im Gespräch - mit Prof. Dr. Eberhard Sandschneider""

Zum ganzen Video: https://www.youtube.com/watch?v=-kDF6pEEt30",1,,1.0
WGwtyKU7nV8,Hot-Colts.de Wilder Westen #shortvideo #roleplay #gaming #twitch #shorts #shortvideo,,0,,0.0
rdMHuWqV4Kk,Duravit No.1 | SHK-TV Produkt,"In diesem Produktvideo erklärt Herr Ralf Graubener, Leiter Produkt- und Portfoliomanagement von Duravit, genauere Infos zur Duravit No.1.

Ihr findet uns auch hier: ‣ https://www.shk-tv.de 

Jede Woche neue Beiträge! 
Kanal abonnieren und keinen Beitrag mehr verpassen!

KONTAKT: 0211-9149402
MAIL: ‣ shk-tv@krs-redaktion.de
————————————————————
FOLGT UNS: 
Facebook: ‣ https://www.facebook.com/shk.tv/
Instagram: ‣ https://instagram.com/shk.tv/

SHK-TV APP RUNTERLADEN: ‣ http://bit.ly/shktvapp

Geschäftsführung: Nikolaus Klein, Dr. Thomas Burska-Erler",0,,0.0
Yr3Sz2B1M78,Mitläufer oder freier Mensch – du entscheidest #zivilcourage #philosophie #nachdenken #lacroix,"Viele Menschen folgen der Mehrheit – selbst dann, wenn sie wissen, dass sie im Unrecht ist.

Inspiriert wurde dieser Kommentar von einer bekannten Szene, die in verschiedenen Versionen im Netz kursiert:
Eine Professorin zeigt eine grüne Mappe. Doch alle Studenten sagen, sie sei rot – um zu testen, ob ein Nachzügler dem Gruppendruck folgt.

Diese Szene hat mich zu einer Frage geführt, die viel tiefer geht:
Warum passen sich Menschen an – selbst wenn ihr Verstand etwas anderes sagt?

In diesem Video geht es nicht um das Experiment selbst, sondern um das, was dahinter steckt:
Mitläufertum. Konformität. Mut. Wahrheit.

Von der Antike bis heute – es sind nicht die Lauten, die etwas verändern.
Sondern die Standhaften.

Dieses Video enthält vollständig eigene Inhalte, eigene Kommentare und eigene Bearbeitungen gemäß § 51 UrhG (Zitatrecht, freie Benutzung).

🇬🇧

Many people follow the majority – even when they know it’s wrong.

This reflection was inspired by a well-known scene that circulates online in various forms:
A professor holds up a green folder. But all the students say it’s red – a test to see whether the last person will go along with the group.

This led me to a deeper question:
Why do people conform – even when their mind tells them otherwise?

This video isn’t about the experiment itself,
but about what lies beneath it:
Conformity. Compliance. Courage. Truth.

From ancient times until today – it’s not the loud who bring change.
It’s the steadfast.


#wahrheit #konformität #nietzsche #kant #mitläufer #lacroixshorts #psychologie #zivilcourage #philosophie #shortsdeutsch #kritikohnedenkverbot #mutzurwahrheit #denkenstattfolgen #kurzvideo #gesellschaft",1,,1.0
A3_V9p2-T5s,"Unwetter Deutschland: Toter bei Blitzeinschlag an Zugspitze, Verletzte in Delmenhorst | WDR aktuell","Am Sonntag (21.07.2024) hat es in vielen Teilen Deutschlands heftige Unwetter gegeben. Auf der Zugspitze in Bayern starb ein junger Mann durch einen Blitzeinschlag. Im nierdersächsischen Delmenhorst wurden mehrere Menschen durch einen in einen Baum einschlagenden Blitz schwer verletzt. 

Der junge Mann, der auf der Zugspitze starb, kam aus Grefrath in NRW und war mit weiteren Begleitern gerade auf dem Abstieg von dem Berg, als die Blitze einschlugen. Dabei erlitt der 18-Jährige einen Stromschlag. Ein Notarzt konnte nur noch seinen Tod feststellen. In den österreichischen Alpen starb am Sonntag ebenfalls ein weiterer junger Mann beim Wandern in rund 2.300 Metern Höhe.  

In Delmenhorst in Niedersachsen wurden mehrere Mitglieder einer achtköpfigen Familie bei einem Blitzeinschlag verletzt. Die Familie suchte vor dem einsetzenden Gewitter unter einem Baum Zuflucht, dann schlug in direkter Nähe ein Blitz ein. Ein fünfjähriger Junge und ein 14-jähriges Mädchen mussten laut Polizei reanimiert und in ein Krankenhaus gebracht werden.  

In weiteren Regionen Niedersachsens kam es zu starken Regen- und Hagelfällen. Veranstaltungen musste abgesagt und sogar ein Strand wegen eines Tornados evakuiert werden. Die Feuerwehr pumpte viele vollgelaufene Keller leer und räumte umgestürzte Bäume aus dem Weg.  
_____________________________________________  

► MEHR INFOS:  

18-Jähriger aus Grefrath auf Zugspitze von Blitz erschlagen | WDR.de (22.07.2024) |  
_____________________________________________  

► IMMER INFORMIERT BLEIBEN:  
 
Folgt uns bei Instagram @tickr.news für mehr Nachrichten: https://www.instagram.com/tickr.news/  

Mehr Videos bekommt ihr bei TikTok @nicetoknow  
https://www.tiktok.com/@nicetoknow  

Die WDR aktuell App bietet euch den ganzen Tag über wichtige Infos für NRW. Hier geht's zum Download:  
https://www1.wdr.de/nachrichten/wdr-aktuell-app-stores-100.html?wt_mc=youtube.wdr_aktuell.infobox.link.nr  

Unser Morgen-Podcast 0630 sortiert euch montags bis freitags ab halb sieben die wichtigsten Themen des Tages: https://www.wdr.de/0630?wt_mc=youtube.wdr_aktuell.info.nr  

Wir im Netz: https://www.wdraktuell.de  
Twitter: https://twitter.com/WDRaktuell  
Facebook: https://www.facebook.com/wdraktuell/  
Impressum: http://wdr.de/k/Impressum 

_____________________________________________  

Im Kanal #WDRaktuell findet Ihr täglich neue #Nachrichten und Hintergrund-Berichte - vor allem zu politischen und gesellschaftspolitischen Themen. Unsere Videos stammen meist aus den TV-Sendungen WDR aktuell, Aktuelle Stunde und WDR extra. 

Der Beitrag wurde am 22.07.2024 ausgestrahlt und gibt den Nachrichtenstand zu diesem Zeitpunkt wieder. Das Video wurde seitdem nicht aktualisiert.",0,,0.0
7RRJwfhZI_Y,Monster Loving Maniacs | Rettet Lemmy! | Ganze Folge | TOGGO Serien,"Die Monster-Experten werden zu einem Jungen gerufen, dessen Hamster sich eigenartig benimmt. Er ist von einem Dämon besessen.

Mehr Videos und Spiele in der TOGGO App!

Die drei monsterliebenden Geschwister Ernest, Edie und Bo kommen in den Sommerferien zu ihrem Großvater Arthur van Alten nach Gruselbruch, eine vollkommen monster- und spukverseuchte Stadt. Ihr Opa lebt aber nicht nur in einem verdächtig großen und altehrwürdigen Riesenanwesen, er ist auch noch ein berühmter Monsterjäger aus langer Linie! Und Edie, Ernest und Bo sollen die nächste Generation werden.

#TOGGO",0,,0.0
vaed0Glxi-g,Toleranz und Respekt: Der Schlüssel zu einer besseren Zukunft!,"Eine spannende Analyse darüber, wie Respekt und Toleranz die Grundlage für die Einheit in Deutschland bilden können. Philip Hopf beleuchtet die gegenwärtigen politischen Spannungen und warum eine Öffnung für Dialog und Verständnis von entscheidender Bedeutung ist. Er wagt eine Prognose: Die politischen Barrieren werden fallen, und die Realität wird Politiker zwingen, ihre Ansichten zu ändern. Lassen Sie sich von seinen Einsichten inspirieren und hinterfragen Sie, wie wir alle zu einem friedlicheren Miteinander beitragen können.
#Toleranz #Respekt #Politik #Deutschland #PhilipHopf #Einheit #Dialog",-1,1.0,1.0
BKz-lHEDXMI,Erpressung in Berlin: SPD will Maximalforderung gegen CDU durchsetzen! Verhandlungsabbruch?,"https://youtu.be/nPydV-SUemY
‼️3 Dosen Pfefferspray Familienpackung‼️ https://amzn.to/45pmO2m #

Die CDU muss endlich Rückgrat zeigen – aber vermutlich ist davon nichts mehr übrig.

Folgt mir jetzt auf Telegram: https://t.me/politik_mit_kopf
Folgt mir jetzt auf X: https://x.com/Politikmit_Kopf
Folgt mir auf Facebook: https://www.facebook.com/PolitikmitKopf

📖 Leseempfehlung 📚:
‼️ Deutschland im Dritten Weltkrieg ‼️https://amzn.to/3J5txEp # 
💻 Technikempfehlung:
📱 Apple Iphone 16 https://amzn.to/401KKZ2 #

Einige der Links (#) in der Videobeschreibung sind Affiliate-Links, die dazu beitragen, diesen Kanal zu unterstützen. Die Transparenz liegt mir am Herzen, daher möchte ich klarstellen, dass diese Links Teil meiner Unterstützung für diesen Kanal sind. 

#Bundestag #Politik #afd",1,,1.0
gF-6G3QlCuA,Wie die Staatsanwaltschaft Bamberg Stefan Niehoff verfolgt,"Der Fall „Schwachkopf“ geht in die nächste Runde: Die Staatsanwaltschaft Bamberg geht weiter gegen den Rentner Stefan Niehoff vor, wirft ihm unter anderem Holocaustverharmlosung vor. 

Bei RealTalk zeigen wir die Fälle, die dem „Schwachkopf“-Rentner zum Vorwurf gemacht werden und erklären, warum diese teils absurd sind – und wie eine Rache für den Skandal rund um die unverhältnismäßige Hausdurchsuchung wirken.


Ihr möchtet nichts mehr verpassen? Folgt mir jetzt auch auf meinen anderen Kanälen. 💯

X: https://twitter.com/julius__boehm
TikTok: https://www.tiktok.com/@juliusboehm
Instagram: https://www.instagram.com/juliusbommes/

#realtalk #juliusböhm #nius",-1,1.0,1.0
gM7DPX8h78s,Vorstadtderby – abstiegsgefährdeter SV Heimstetten will Niederlagenserie beenden und gegen Unterh,"In der Regionalliga Bayern kommt brisanten Duell zwischen der Spielvereinigung Unterhaching und dem SV Heimstetten. Brisant, weil der SV Heimstetten nach sieben Niederlagen auf einem möglichen Abstiegsplatz steht. Die Unterhachinger dagegen sind seit sechs Spieltagen unbesiegt. Über das anstehende Münchner Vorstadtderby berichtet Daniel Stock.

Jetzt abonnieren: http://bit.ly/AboMuenchenTV 

Homepage: http://www.muenchen.tv 

Facebook: https://www.facebook.com/muenchentv 

Twitter: https://www.twitter.com/muenchentv 

YouTube: https://www.youtube.com/user/muenchentv 

Google+: https://plus.google.com/+muenchentv2/",0,,0.0
TN1AkPr4HaQ,Können wir noch die Herdenimmunität erreichen?,"Es antwortet Christoph Steiniger, Virologe an der Med-Uni Wien. 
Der ganze Bericht zum Video auf: https://www.derstandard.at/story/2000131454589

Credit Thumbnail: MedUni Wien/feelimage",-1,1.0,1.0
Noo8S581mk4,"Menschenhandel, Vergewaltigungen und drogentote Mädchen – was tut ÖVP-Karner?","Ausbeutung, Menschenhandel, Vergewaltigungen und drogentote Mädchen. Und was macht eigentlich Innenminister Karner dagegen? Mehr dazu in dieser Pressekonferenz!",1,,1.0
S9JCso5QBhI,Polizist Tayfun A. vergewaltigt junge Kollegin – Bewährung! | Ein Kommentar von Oliver Flesch,"Folgt mir bitte unbedingt auf X (vormals Twitter), Freunde: https://twitter.com/woke_busters

Und ladet Euch die neue App vom Deutschland-Kurier runter! 

App-Store: https://apps.apple.com/us/app/deutschlandkurier/id6447972597
Play-Store: https://play.google.com/store/apps/detailsid=de.deutschlandkurier.newsapp

Folgt mir auch gern auf meinen (politischen) YouTube-Zweitkanal: https://www.youtube.com/watch?v=bg2F3GuiQxA

Und NATÜRLICH auf Telegram: https://t.me/oliverflesch

DANKESCHÖN! 

Und bitte folgt auch dem Deutschland-Kurier 🇩🇪 auf ➠ 
Telegram:               https://t.me/DEKurier
Facebook:               https://www.facebook.com/DK.Nachrichten
Instagram:              https://www.instagram.com/deutschlandkurier/
TikTok:                    https://www.tiktok.com/@deutschland.kurier
Gettr:                       https://www.gettr.com/user/deu_kurier
Twitter:                    https://twitter.com/Deu_Kurier
Odysee:                   https://odysee.com/$/invite/@deutschlandkurier:2
Telegram Video:    https://t.me/DeutschlandKURIERVideo

Und besucht auch gern mal die DK-Seite im Netz: https://deutschlandkurier.de

#LandgerichtBonn #TayfunA #OliverFlesch",1,,1.0
PUK7CmDoLVM,Wetzlar hilft - Grußwort des Oberbürgermeisters,"#standwithukraine #stopthewar #wetzlar #stopputin
Benefizkonzert für die Ukraine am 22. April 2022 auf dem Wetzlarer Domplatz. 
Moderation: Dirk Daniels
Bands: Mission2Party, The Oldies",1,,1.0
o7Z-uf0FjUE,„Rechtsstaat ausgehebelt?“ – Strache über die Eskalation im Wiener Deutschkurs,"In einem Wiener Deutschkurs kommt es zu einer heftigen Auseinandersetzung unter syrischen Teilnehmern. Was bedeutet das für das Sicherheitsempfinden in Österreich? Heinz-Christian Strache analysiert, warum es kaum Konsequenzen für solche Vorfälle gibt und welche Auswirkungen das auf die Gesellschaft hat. Werden hier die Grenzen des Rechtsstaats ausgereizt? Sehen Sie hier die Analyse und die brisanten Hintergründe aus unserer Diskussion.

Besuchen Sie uns doch auch auf unseren anderen Kanälen:
https://www.eXXpress.at
https://www.instagram.com/exxpress.at
https://www.facebook.com/exxpress.at",1,,1.0
mQvlTrjNLoU,Ungebetener Gast: Besuch von Mama | Ladyland,"Nicht immer freut man sich über einen Besuch von Mama - erst recht nicht, wenn sie tot ist! Entweder halluziniert Mona oder es gibt doch Geister. 
  
  
 Die ganze Folge auf MySpass: http://www.myspass.de/788


Abonniert den Kanal & aktiviert die Glocke🔔 um kein Video mehr zu verpassen!

Folgt MySpass:
* Instagram: https://instagram.com/myspass
* Facebook: https://www.facebook.com/myspass

#Ladyland #AnkeEngelke",0,,0.0
TDNA-t369CU,„Dein KI-Crashkurs: In 30 Tagen zum Geld-Boost:…“ von Mario Schneider · Hörbuchauszug,"BEI GOOGLE PLAY BÜCHER KAUFEN ►► https://g.co/booksYT/AQAAAEAayxCLGM

Dein KI-Crashkurs: In 30 Tagen zum Geld-Boost: Vom Einsteiger zum Macher – Wissen, Tools & smarte Taktiken
Verfasst von: Mario Schneider
Vorgelesen von Algenib (AI)

0:00 Intro
0:03 
2:59 
5:31 
7:34 Outro

#marioschneider

—
GOOGLE PLAY BÜCHER

Bei Google Play Bücher findest du immer wieder tollen Lesestoff.

Google Play Bücher ist eine digitale Buchhandlung, die weltweit E-Books, Hörbücher, Comics und Mangas anbietet.  Du findest dort Buchempfehlungen, die auf dich abgestimmt werden.

iOS-App herunterladen: https://goo.gle/books-ios
Android-App herunterladen: https://goo.gle/books-android

—
BUCHBESCHREIBUNG

Willst du mit KI Geld verdienen und deine finanzielle Zukunft sichern? Dann ist dieses Hörbuch dein ultimativer Crashkurs: In nur 30 Tagen wirst du vom Einsteiger zum Macher! Entdecke praxisnahe KI–Business–Ideen, starte deinen KI–Nebenjob und nutze die Macht der Automatisierung, um smarter statt härter zu arbeiten. Lerne die besten KI–Tools 2026 kennen – von ChatGPT über KI–Design bis hin zu Content Creation. Schreibe mühelos KI–Texte, produziere deinen eigenen Podcast und entdecke neue Chancen in KI Jobs 2026. Ob als Freelancer, im Consulting oder mit deinem eigenen Business – hier findest du smarte Strategien für die KI–Zukunft und dein persönliches Einkommenswachstum. Dein Geld–Boost wartet – starte jetzt!

—
DETAILS ZUM HÖRBUCH

Bei Google Play Bücher kaufen ►► https://g.co/booksYT/AQAAAEAayxCLGM
Sprache: Deutsch
Verlag/Publisher: AudioEmpire via PublishDrive
Veröffentlicht am: 4. Oktober 2025
ISBN: 9783999925387
Dauer: 1 Std., 15 Min.
Genres: Wirtschaft & Volkswirtschaft / Bildung, Wirtschaft & Volkswirtschaft / Branchen / Allgemeines und Selbsthilfe / persönliche Entwicklung / Erfolg",-1,-1.0,-1.0
TQ-AX56z7DI,Photovoltaik zukünftig ohne Finanzamt. 30 kWp und 0% Umsatzsteuer ab 2023. Pech für Anlagen bis 2022,"Steuerreform Photovoltaik 2023: http://pv-steuerwissen-2023.muecke.de

------------------------------------------------------------------------------------------------
Direktkontakt für neue Firmen- und Unternehmens-Mandanten 
(bitte NUR Firmen, Selbständige, Freiberufler anfragen; aus Kapazitätsgründen können KEINE Einzelanfragen beantwortet werden. Wir können auch keine Aufträge und Mandate für PV-Anlagenbetreiber übernehmen; Wir danken Ihnen für Ihr Verständnis)
Telefon: 06022/98-9000
E-Mail: anfrage@muecke.de
------------------------------------------------------------------------------------------------
Direktkontakt für neue Team-Mitglieder 
(Buchhalter, Steuerfachangestellte, Steuerfachwirte, Steuerberater)
Telefon: 06022/98-9000
E-Mail: karriere@muecke.de
------------------------------------------------------------------------------------------------
Homepage: 
https://www.muecke.de/ 

Stefan Mücke, Steuerberater und Partner der BVWM PartG
Steuerberatung 370 Grad
Frühlingstr. 10-12
63839 Kleinwallstadt

Steuervereinfachungen für die Betreiber von PV-Anlagen. Das Bundeskabinett hat am 14.9.2022 den Gesetzesentwurf der Bundesregierung gebilligt und dem die Steuervereinfachung und die Förderung der Photovoltaik auf den Weg gebracht.

Wir dürfen uns auf Steuerbefreiung von PV-Anlagen freuen. Einnahmen und Entnahmen werden z. B. bei einem Einfamilienhaus bis 30kW von der Einkommensteuer befreit. Aufwendungen sind dann nicht mehr abzugsfähig. Altanlagen ""rutschen"" bei der Einkommensteuer in die Neuregelung.

Bei der Umsatzsteuer werden ab 1.1.2023 die Lieferung von PV-Anlagen und von Komponenten faktisch ebenfalls befreit. Rechtlich wird ein Steuersatz von 0 % bestimmt (Nullsteuersatz). Nicht jede PV-Anlage ist begünstigt. Das Gesetz unterstellt bei PV-Anlagen bis 30kW aber die Begünstigung.

Die Neuregelung wird von vielen Betreiber, die die Anlage erst vor kurzem in Betrieb genommen haben als unfair empfunden.

Wenn Ihnen das Video gefällt bitte ""Daumen nach oben klicken"".

Abonnieren Sie unseren Kanal und wir halten Sie gerne zu steuerlichen Themen auf dem Laufenden.

Steuerberater Stefan Mücke

-Inhalt-

0:00 Jahressteuergesetz 2022 zur Vereinfachung
2:50 Überblick zur Neuregelung Einkommensteuer
2:50 Überblick zur Neuregelung Umsatzsteuer
9:40 befreite PV-Anlagen
11:45 Folgen der Befreiung
12:40 Altanlagen ab 2023
14:00 Investitionsabzugsbeträge
15:14 Handwerkerleistungen (§ 35a EStG)
16:15 Umsatzsteuer Gesamtdarstellung
19:40 Umsatzsteuer Pech und Chancen
21:30 kostenloser PDF-Download",1,,1.0
wyqSnKD4i8g,Proteste und Festnahmen an Nawalnys 47. Geburtstag,"Am Geburtstag des inhaftierten Kreml-Kritikers haben in Russland und im Ausland Menschen aus Solidarität mit Alexej Nawalny protestiert.

LESEN SIE MEHR : https://de.euronews.com/2023/06/04/proteste-und-festnahmen-an-nawalnys-47-geburtstag

#Nocomment",1,,1.0
IMz80qbCDkE,"7 Sorten von Fetten - Einige retten, andere schaden - Omega 3, Omega 6, Transfette","✘ Werbung:
Mein Buch Katastrophenzyklen ► https://amazon.de/dp/B0C2SG8JGH/
Kunden werben Tesla-Kunden ► http://ts.la/theresia5687
Mein Buch Allgemeinbildung ► https://amazon.de/dp/B09RFZH4W1/
------
Disclaimer: Ich bin kein Arzt. In Gesundheitsfragen kontaktieren Sie Ihren Arzt oder Apotheker.
------
Unser Körper besteht aus einer Vielzahl unterschiedlicher Kohlenstoffverbindungen. #Fette und #Öle sind dabei besonders wichtig. Doch es gibt für uns gute und schlechte Sorten. Leider werden sie in unseren Medien häufig widersprüchlich bewertet. Anhand der Vorträge zweier von mir sehr geschätzter Professoren versuche ich etwas #Struktur in diese Stoffklasse zu bringen und so etwas Durchblick in unserer medienüberfluteten Welt zu schaffen.
Selbstdenken ist wichtiger denn je.
-
Prof. Lustig Zucker ► https://youtu.be/dBnniua6-oM
Prof. Lustig Fett ► https://youtu.be/UhPskgH2HQA
Prof. Spitz Ernährung ► https://youtu.be/_PkXbjB5c38
Mein Zuckervideo ► https://youtu.be/mYJSPRRXFw0
-
0:00 Einleitung
3:51 Fettsäuren | Carboxyl-Gruppe
6:45 Ungesättigte Fettsäuren
8:24 Einteilung Fettsäuren
9:58 Omega 3
15:33 Olivenöl | cis – trans
18:36 Ungesättigte Fettsäuren
19:33 Gesättigte Fettsäuren
22:40 Triglyzeride
25:01 Omega 6
26:23 Transfette
29:29 Abnehmspritzen
32:59 Medien
34:57 Sofortmaßnahmen
38:05 Bezugsquellen",0,,0.0
7aaEPf-o1sw,🥳 Happy Birthday Livestream - Geburtstags-Livestream - Danke für alle Glückwünsche [01.12.2021],"Schon wieder ein Jahr älter und man fühlt sich immer noch wie jung geblieben.
Wer mein Alter errät schreibt es in die Kommentare. Dürfte ja nicht so schwer sein. Für die Advents- und Weihnachtszeit, sowie für den Jahreswechsel findet ihr jede Menge Grußvideos auf meinem Kanal. Die Links zu den Playlists findet ihr weiter unten.
Natürlich gibt es hier viele Informationen rund um das Thema ""C"" und Südafrika.

Timestamps:
04:15 hier geht's los

Eine Pathologin berichtet wie es wirklich in den Krankenhäusern zugeht.
Danach soll sie gekündigt worden sein. War ja nicht anders zu erwarten.
https://www.facebook.com/roland.sklepic/videos/297512818937277/?d=n

01:01:25 TOP-News aus Südafrika bzw. Namibia
🚨😷 Tatsächliche Lage in Namibia: Afrika-Reisender aus Südbaden berichtet mit Zahlen vom 30.11.2021
https://youtu.be/PZ9WOw3SmzE

01:10:00 Schauspielerin Sonja Kirchberger spricht über ihre Corona-Symptome:
https://www.gala.de/stars/news/sonja-kirchberger-hat-corona---ich-spuere-dieses-virus-im-ganzen-koerper--22557526.html

►Liken = Danke für die Berichterstattung

🚨►Folgen Sie auch meinem Kanal speziell für Kurzmeldungen:
Schwarzwald TV Breaking News Shorts
https://www.youtube.com/channel/UCidzt5U2p6DMBET2PCxfJiA

►Folgt mir auf Telegram:
https://t.me/joinchat/AAAAAFKT4luwrX45-GdG-A

Grußvideos, die ihr kostenlos über WhatsApp und Co. versenden könnt.

🕯️❄️ 𝘼𝙙𝙫𝙚𝙣𝙩𝙨- 𝙪𝙣𝙙 𝙒𝙚𝙞𝙝𝙣𝙖𝙘𝙝𝙩𝙨𝙜𝙧üß𝙚
https://www.youtube.com/playlist?list=PLBJ4-LKSa4hTuMXOh2SVIu3AXJrdow8tN

🎩🍀 𝙎𝙞𝙡𝙫𝙚𝙨𝙩𝙚𝙧- 𝙪𝙣𝙙 𝙉𝙚𝙪𝙟𝙖𝙝𝙧𝙨𝙜𝙧üß𝙚
https://www.youtube.com/playlist?list=PLBJ4-LKSa4hSUAm6jm_xYhv9846uEHe5J

🌻 Happy Birthday 💖🍀🌞 Alles Gute zum Geburtstag 🌻
https://youtu.be/DbPOdJW7xbI

🎈 Happy Birthday 💖🍀🌞 Alles Gute zum Geburtstag 🎈
https://youtu.be/xKmlfbMv83o ( 750 Luftballons )

Haftung für Links:
Die aufgeführten externen Links führen zu Inhalten fremder Anbieter. Für diese Inhalte ist allein der jeweilige Anbieter verantwortlich. Bei bekannt werden von Rechtsverletzungen werden diese Links umgehend entfernt.

▬ Kontakt ▬▬▬▬▬▬▬▬▬▬▬▬▬▬▬

Schwarzwald TV ist ein regionaler Infokanal auf YouTube mit Berichterstattung aus den den Landkreisen Waldshut, Lörrach, Freiburg, Breisgau-Hochschwarzwald und Emmendingen. Bei interessanten Themen auch aus der Schweiz.

Zu erreichen auch unter:
►Facebook: https://www.facebook.com/Herrischried/
►Twitter: https://twitter.com/TvSchwarzwald
►Instagram: https://www.instagram.com/schwarzwaldtv.info
►Telegram: https://t.me/joinchat/AAAAAFKT4luwrX45-GdG-A
►2. YouTube-Kanal: https://www.youtube.com/user/umi1976 
                              
▬▬▬▬▬▬▬▬▬▬▬▬▬▬▬▬▬▬▬▬

#SchwarzwaldTV #HappyBirthday #Geburtstagsstream

▬ Hintergrundmusik ▬▬▬▬▬▬▬▬▬▬

Elektronomia - Superhero [NomiaTunes Release]
https://youtu.be/NCbGbv_YK0M 

▬ JETZT KOSTENLOS ABONNIEREN:▬▬▬

https://bit.ly/2JUIRnt

Ich freue mich auf euch!

▬▬▬▬▬▬▬▬▬▬▬▬▬▬▬▬▬▬▬▬

Ein Film von Peter Umstetter (Umstetter Bild & Film)
schwarzwald.tv@t-online.de",0,,0.0
ih2_rHkDyPk,Tierheime in Deutschland schlagen Alarm. #haustier #tierheim #feinis #tagesschau #nachrichten,"Seit sich vor 3 Jahren die Gebühren für Behandlungen von Haustieren deutlich erhöht haben, bringen immer mehr Menschen ihre Hunde oder Katzen direkt zur Tierstation. Doch auch diese – oft sind sie Spendenfinanziert – stoßen immer öfter an ihre Grenzen. 

Alle aktuellen Informationen, weitere Nachrichten und tagesschau24 im Livestream: https://www.tagesschau.de/

Alle Sendungen, Livestreams, Dokumentation und Reportagen auch in der ARD-Mediathek: https://www.ardmediathek.de/tagesschau

#tagesschau #nachrichten",-1,0.0,0.0
5Sve7xz-wlI,DAX-Check: DAX kann sich über 14.000 Punkten halten,"Weitere Videos finden Sie unter: https://www.deraktionaer.tv



Der DAX rutschte gestern mal wieder unter die 14.000 Punkte-Marke. Zum Handelsende gelang es ihm aber diese wichtige Marke zurückzuerobern. Dennoch betrug das Tagesminus 0,3 Prozent. 

Worauf es jetzt für den DAX ankommt, erläutert Thomas Bergmann in dieser Sendung. Der DAX-Experte zeigt, welche Hürden und Unterstützungen von Bedeutung sind. Sehen Sie den DAX-Check von Montag bis Freitag live um 09:00 Uhr auf unserer Facebookseite oder auf unserer Homepage im Livestream. 


-----



►► Folgt uns hier:◄◄

🎭 Facebook: https://de-de.facebook.com/aktionaer/

🐦 Twitter: https://twitter.com/aktionaer

📷 Instagram: https://www.instagram.com/deraktionaer/



-----



►► Gleich hier abonnieren ◄◄

http://www.youtube.com/subscription_center?add_user=DAFChannel",-1,-1.0,-1.0
9uM_Qb3oP8A,🤡🚨#Mentale #Gesundheit #Schüler #Bundesschülerkonferenz #Generation #Jammerlappen #Depressionen,"Früher hieß es nur: ‚Das ist kein Beinbruch‘. Heute ist es direkt eine Totalkatastrophe, die im Unterricht und in einer Konferenz aufgearbeitet werden muss. Wie konnten Generationen davor, die nach dem Krieg nur überleben?

Bei einem längeren Stromausfall, ohne Smartphone, würden die zum Sterben auf die Straße legen.

eine große Konferenz gibt, dann scheint es ein Problem zu geben, ganze 3 Tage lang beschäftigt sich die Bundesschülerkonferenz mit der psychischen Gesundheit von Schülerinnen und Schülern von heute bis Sonntag kommen Expertinnen, Politiker und auch Schüler zusammen und wir waren bei den Vorbereitungen dabei und wir treffen auch eine Schülerinnen, die ganz genau weiß, wovon sie spricht.  
Friedensburgoberschule die Bundesschülerkonferenz bereitet ihre Tagung vor, dann brauchen wir doch nur 10 Reihen links und rechts ab.  
Heute wollen hier Jugendliche aus ganz Deutschland über mentale Gesundheit sprechen, sie wollen ein neues Bewusstsein schaffen, wenn es um psychische Probleme geht, etwa Depressionen oder Essstörungen.  
Dass wir zeigen können, dass genau das eine Krankheit ist, wie wenn man sich irgendwie, naja, das Bein bricht und dann nicht rauskommt.  
Und das ist das völlig in Ordnung ist mal, na ja, nicht jeden Tag zu funktionieren.  
Sagt Roser aus dem Orgateam.  
Wo sollen wir überhaupt hinbringen?  
Ihr Ziel, Entstigmatisierung in den Schulen und in den Köpfen.

Jugendliche aus ganz DE fordern: Mentale Gesundheit ernst nehmen! Die Bundesschülerkonferenz diskutiert 3 Tage lang über Depressionen, Essstörungen & Entstigmatisierung – in der Friedensburg-Oberschule. Psychische Probleme = echte Krankheit. Nicht jeden Tag top zu sein ist OK! 


Kanalmitglied werden und meinen Kanal unterstützen:
https://www.youtube.com/channel/UCmgVL1Bh7oMIdUdLwIsCiGA/join

NewsTicker360 & Berlin360 - On tour - durchs Zeitgeschehen, Berlin, Welt, News-Ticker & MORE. Wir leben nicht in verrückten Zeiten, sondern in einer Zeit, in denen die Verrückten das Sagen haben.

Wir ""begleiten"" im Rahmen des Zitatrechts & Kunstfreiheit - politische Ereignisse - ohne uns deren Inhalte eigen zu machen. Regierung/Parteien sind z.Z. das ""beste"" & teuerste Unterhaltungsprogramm. Real? Satire? Man weiß es nicht mehr. 

Also! Vorhang auf & Popcorn raus - los gehts: OMG!, Kritik, Parodie, Persiflage, Boshaftigkeit, Ironie, Sarkasmus & Satire - ggf. Fakten. Helau, Alaaf!

Sie können den privaten, nichtkommerz. & gemeinnützigen Kanal unterstützen: per Kanal-Mitglied, Super Thanks & PayPal: ladybugslucky@gmail.com. Beschwerden? Fragen? Ideen? - Schreiben Sie!


Hinweis für eigene Videos: Personen, Kunstwerke, Plakate, Werbung und ähnliches, die in diesem Video möglicherweise ins Bild gekommen sind, sind nicht das Thema dieses Videos, sie sind zufällig, auswechselbar und nur als ein unerhebliches Beiwerk zu deuten (§23 KUG und §57 UrhG).",1,,1.0
-mdtSGN1yVY,💥AFD FRAU zerlegt GRÜNE MORALAPOSTEL⚡#diegrünen #berlin #afd #cdu #merz #weidel #aliceweidel #höcke,,1,,1.0
Dfd_lQ3DrRA,"""Ohne Bauern keine Zukunft"" Kundgebung & Autokorso Penig 5.1.25","Telegram:
- https://t.me/WeichreiteKanal (Infos zu meiner Arbeit👀)
- https://t.me/weichreiteinfo  (Infos an mich 🕵️‍♂️ )    
- https://t.me/weichreitetv/1  (Demokratisches Forum)          
       
Twitter: Twitter › @weichreite

Für mehr Weichreite  (Schenkung)♥️
https://www.paypal.com/donate/?hosted_button_id=PGSUKENJFZL3S 
https://www.youtube.com/channel/UCyw8Tkb44AGA2eB8K9fRioQ/join
IBAN: DE36 8605 5592 1634 0159 71

ZweiterKanal https://youtube.com/@keinjournalist
DritterKanal https://www.youtube.com/@Kreisreite",1,,1.0
SrASgNC4unM,7 Tage... Model,"Model – kaum ein Begriff steht so sehr für Glamour und Schönheit. Die Modelbranche lockt mit Catwalks, Designermarken und großen Werbekampagnen. Doch was bedeutet es wirklich, Model zu sein? Wer bestimmt, was Schönheit ist? Davide Di Dio taucht sieben Tage in diese Welt ein, begleitet Agenturen, Shootings und erstellt seine eigene Sedcard. Dabei spürt er den Druck von Perfektion und fragt sich: Hätte auch er das Zeug zum Model? 

▬▬▬▬▬▬▬▬▬▬▬▬▬▬▬ 
🎬Alle 7 Tage Dokus der ARD findet ihr hier: 
https://1.ard.de/7Tage_Alle_Folgen_aller_Sender?yt=d
▬▬▬▬▬▬▬▬▬▬▬▬▬▬▬
🔔Hier unseren Kanal abonnieren um keine Infos aus Hessen zu verpassen: 
https://1.ard.de/Kanal_abonnieren?p=yt
▬▬▬▬▬▬▬▬▬▬▬▬▬▬▬ 
🎬Noch mehr spannende Dokus und Reportagen von uns findet ihr hier: https://1.ard.de/Dokus_und_Reportagen?p=yt
▬▬▬▬▬▬▬▬▬▬▬▬▬▬▬
🎬Noch mehr spannende Dokus und Reportagen der ARD findet ihr hier:
https://1.ard.de/Alle_ARD_Dokus_und_Reportagen?p=yt
▬▬▬▬▬▬▬▬▬▬▬▬▬▬▬ 
🎬Unsere Dokus und Reportagen auf Youtube zum Kommentieren findet ihr hier:
https://1.ard.de/Dokus_und_Reportagen_zum_Kommentieren?p=yt
▬▬▬▬▬▬▬▬▬▬▬▬▬▬▬ 
🔔Hier unseren Kanal abonnieren um keine Infos aus Hessen zu verpassen: https://1.ard.de/Kanal_abonnieren?p=yt    
▬▬▬▬▬▬▬▬▬▬▬▬▬▬▬ 
📺Mehr aktuelle Inhalte des Hessischen Rundfunks findet ihr hier: 
https://1.ard.de/hr_in_der_ARD_Mediathek?p=yt 
▬▬▬▬▬▬▬▬▬▬▬▬▬▬▬ 
📰Aktuelle Informationen zu Ereignissen in Hessen findet ihr hier: 
https://1.ard.de/hessenschau_de?p=yt 
▬▬▬▬▬▬▬▬▬▬▬▬▬▬▬ 
📰Aktuelle Informationen zu Ereignissen in Deutschland findet ihr hier: 
https://1.ard.de/tagesschau_de?p=yt
 ▬▬▬▬▬▬▬▬▬▬▬▬▬▬▬ 
📲Ihr wollt nichts verpassen? Folgt unseren Social Media Kanälen: 
hessenschau auf Instagram: https://1.ard.de/hessenschau_Instagram?p=yt 
hrfernsehen auf Instagram: https://1.ard.de/hessischerrundfunk_Instagram?p=yt 
hessenschau auf Facebook: https://1.ard.de/hessenschau_facebook?p=yt 
hrfernsehen auf Facebook: https://1.ard.de/hessischerrundfunk_facebook?p=yt
▬▬▬▬▬▬▬▬▬▬▬▬▬▬▬
🚑Mehr zu Rettern in Hessen findet ihr hier: 
https://1.ard.de/Retter_und_Feuerwehr?p=yt
▬▬▬▬▬▬▬▬▬▬▬▬▬▬▬
🚒Mehr zur Feuerwehr in Hessen findet ihr hier: 
https://1.ard.de/Feuerwehr_YouTube?p=yt

#model #7tage #reportage",0,,0.0
Num8IkyUOik,Impfcharge Skandal,"Laden Sie diese Videos auf Ihre Social-Media-Kanäle wie TikTok, Facebook, YouTube, VK, Odysee, Telegram ... 

👉 Video in voller Länge: www.kla.tv/26586
👉 Impfschäden melden: www.vetopedia.org/impfschaden",1,,1.0
A1xr8NOeS8A,SCHNELL GUT PREISWERT - Umzug Umzug Unternehmen Wuppertal Solingen Remscheid NRW DEUTSCHLAND,"https://umtl-umzug.de/#kunden  Haushaltsauflösung, Transport UMTL Sergej Kalita - Umziehen kann sich jeder leisten, durch uns! Selber machen ist nicht so billig.





#umzug #umziehen #wuppertal",0,,0.0
ohoNBih-wOg,"Das KI-Papier, über das alle sprechen","Das Papier heißt „Europa 2031“ und ist in Berlin und Brüssel derzeit in aller Munde – spätestens seit die US-Regierung KI-Modelle von Anthropic für Ausländer gesperrt hat, geht es im Netz viral. „Das klingt drastisch, aber es ist nicht weit entfernt und durchaus realistisch“, so Handelsblatt-Chefredakteur Sebastian Matthes.

****
Das exklusive Abo-Angebot für alle Hörerinnen und Hörer von Handelsblatt Meckel & Matthes: https://www.handelsblatt.com/podcast40
****
Wenn Sie Anmerkungen, Fragen, Kritik oder Lob zu dieser Folge haben, schreiben Sie uns gern per E-Mail: meckelundmatthes@handelsblattgroup.com
****
Dieser Podcast ist energized by Schneider Electric",-1,1.0,1.0
hqHRUOkgG0U,"Marc Friedrich: Tops und Flops - die größten Chancen bei Aktien, Bitcoin, Gold und Silber","“Omnipräsent wird die Volatilität sein. Die Unsicherheit an den Märkten ist sehr, sehr groß. Aber ich glaube, dass wir auch neue Rekordhochs sehen werden, weil die Fed die Zinswende im Laufe des Jahres zurückdrehen muss”, sagt Marc Friedrich. Bei den Tech-Aktien der Nasdaq ist der Bestseller-Autor sehr skeptisch, aber optimistisch bei Edelmetallen. Wie sieht es bei Gold aus? “Gold ist abhängig vom Dollar und den Zinsen. Wenn Zinsen steigen, ist der Goldpreis meist im Keller. Historisch gesehen sind die großen Wenden der Notenbanken meist der Boden und der Beginn einer Hausse am Goldmarkt. Wir könnten deutlich über 2.000 US-Dollar dieses Jahr stehen.” Noch optimistischer ist Friedrich nur noch für den Bitcoin: “Ich sehe den Bitcoin langfristig bei einer Million. Bitcoin ist limitiert, deflationär und unabhängig von einer Notenbank.” Alle Infos im Interview von Inside Wirtschaft-Chefredakteur Manuel Koch und auf https://www.friedrich-partner.de

👇🏻 Jetzt YouTube-Kanal abonnieren👇🏻
https://www.youtube.com/channel/UC234wdhgU4NVDqYBRkkVkfQ 

MANUEL KOCH
📺 TV Journalist 👱🏻‍♂️ CEO 🎥 Producer
📷 Instagram: https://www.instagram.com/manuelkochtv/ 
🎭 Facebook: https://www.facebook.com/Manuel-Koch-1918657995022408/ 
🐦 Twitter: https://twitter.com/manuel_koch
►► LinkedIn: https://www.linkedin.com/in/manuel-koch-b2697981/

INSIDE WIRTSCHAFT
🖥 Online-Sender https://inside-wirtschaft.de 
🎥 Interviews 🎤 Medientraining 🤵🏼 Event-Moderation
📷 Instagram: https://www.instagram.com/insidewirtschaft/ 
🎭 Facebook: https://www.facebook.com/InsideWirtschaft/ 
🐦 Twitter: https://twitter.com/iwirtschaft

Risikohinweis:
https://inside-wirtschaft.de/risikohinweis/",1,,1.0
JTeTvHuq9yY,Fische vs Schütze! #astrologie #horoskop #sternzeichen #zodiak,,0,,0.0
yr942Abe_4o,Knochen: Vom Aufbau zum Heilungsprozess – einfach erklärt | Kindervideos | SRF Kids,"Das menschliche Skelett besteht aus etwa 200 Knochen. Wenn einer dieser Knochen bricht, kann das sehr einschränkend sein. Wie aber sind diese Knochen aufgebaut und wie heilen sie nach einem Bruch? – einfach für Kinder erklärt.

Mehr Erklärvideos aus den «SRF Kids News» findest du hier:
https://youtube.com/playlist?list=PLvvuqph6A2hyky4ARghXNC1KuZ_dONrRG

----------------------------------------------------

DIE WELT VON SRF KIDS ENTDECKEN

SRF Kids auf YouTube abonnieren
🔔 https://youtube.com/srfkids?sub_confirmation=1

SRF Kids auf srf.ch
🌎 https://srfkids.ch

Kids-Kategorie auf Play SRF
📺 https://srf.ch/play/tv/themen/kids

Hörspiele für Kinder
🎧 https://srf.ch/audio/srf-kids-hoerspiele

SRF school für Lehrpersonen
💡 https://srf.ch/school

----------------------------------------------------

MITMACHEN BEI SRF KIDS

Kinderreporter:in werden
🎤 https://srfkids.ch/kinderreporter

Online-Community «Treff» nur für Kinder
💬 https://www.srf.ch/kids/treff

----------------------------------------------------

Hier gibt es Kindervideos, Kinderlieder sowie Kinderhörspiele rund um News, Wissen, Entdecken und Abenteuer auf Schweizerdeutsch: SRF Kids ist das Kinderangebot von SRF für Kinder und Eltern.

Mit den «SRF Kids News», «SRF Kids – Next Level», «SRF Kids – Clip und klar!», «Guetnachtgschichtli» und viele mehr werden Kinder nicht nur schlauer, sondern haben erst noch Spass dabei. Darum: Jetzt «SRF Kids» abonnieren & nichts verpassen!

SRF Kids ist für Kinder im Alter von 3 bis 12 Jahren.

#SRFKids #ErklärvideosFürKinder #SRFKidsNews #SRFKidsNewsEinfachErklärt #SRF",0,,0.0
tn_ciSOTK7k,SPD-Politiker WISCHT Mit AfD Den Boden Im Bundestag AUF! - Reaktion Auf @NoAfD,"*#dara*  *#politik* *#reaction* 
Das Video ist ein Ausschnitt von meinem Stream auf Twitch. Hier lade ich Reactions & Highlights aus dem Stream hoch. Abonniert gerne den Kanal und folgt mir auf Twitch. 

*Quelle:* https://youtu.be/0pyJSiZj9Rk
*Urheber:*  NoAfD

*Links:* 
► *Youtube 1. Kanal:*  https://www.youtube.com/@derradikaledemokrat4608
► *Twitch:*  https://www.twitch.tv/derdara
► *Instagram:* https://www.instagram.com/derdaramarc/
► *Threads:*  https://www.threads.net/@derdaramarc
► *Twitter:*  https://twitter.com/DerRadDem
► *Trinkgeld 1:* https://streamelements.com/derdara/tip
► *Trinkgeld 2:*  https://ko-fi.com/derdara",1,,1.0
BwQ520SLp2E,"Weltwoche Daily, 17.06.2021","Weltwoche Online baut aus: Ihr täglicher Meinungs-Espresso gegen den Mainstream-Tsunami. Mo-Fr ab 6 Uhr 30 mit der bekannten Daily-Show von Roger Köppel und pointierten Kommentaren von Top-Journalisten. Jetzt kostenlos testen! https://www.weltwoche-daily.ch

Themen des aktuellen Daily-Videos:

Der Gipfel.
Brillante Leistung der Schweiz.
Wunderbare Visitenkarte für Genf.
Traumduo Parmelin/Cassis.
Sieger Biden.
Scheinriese Putin.
Krieg der Politologen ums CO2-Gesetz.
Schweizer Fussball ohne Feuer.

Bei der Weltwoche ist vieles neu. 
Jetzt das Kennenlern-Abo mit 12 für nur Fr. 49.- lösen!
https://www.weltwoche.ch/kennenlernabo 

Weitere Abo-Angebote finden Sie hier:
https://www.weltwoche.ch/abonnemente",-1,1.0,1.0
UiufRiYIEtw,😏 #Philanthropie #Superreiche #Elite #Epstein #nius #Machtmissbrauch #Fassade #Höllenschlund #ÖRR,"Die Philanthropie ist sozusagen das Statussymbol der super Superreichen, während sich der Normalo versucht, irgendwie ein Markenprodukt oder so was leisten zu können, um zu zeigen, dass man es irgendwie geschafft hat. Die super, super mächtigen und super reichen wollen eben als gute Menschen gelten, die die Welt voranbringen und zum Besseren bewirken.

Geld hat natürlich neben positiven Effekten auch immer aufsichtbezogene Auswirkungen. Aber man merkt einfach, wie solche Fassaden zusammenbrechen können, wie Vorwürfe sich in der Indizienlage immer enger zusammenziehen. Ich muss da an Thomas de Maizière denken, der damals in Hannover als Innenminister sagte, er könne die Informationen nicht herausgeben, weil das die Bevölkerung verunsichern würde.

Vielleicht ist das auch ein bisschen die Motivation – wir reden von einem Ziel der Torischen Bruch, also von Menschen, die Millionen und Milliarden Menschen für aufrechte, gute und mit guten Absichten lebende und wirkende Menschen gehalten haben. Und wenn gerade diese, die das System und die Elite verkörpern, Verbrechen begehen, die man sich als normaler Mensch nicht mal vorstellen kann, dann bricht eine Achse in Gesellschaften und in der Weltgemeinschaft zusammen. Vielleicht ist es diese Furcht vor dem Abgrund, die Zurückhaltung auslöst – natürlich auch die eigene Haut zu retten und nicht in Verbindung geraten zu wollen. Allein schon mit Wissen ist es am Ende des Tages schlimm genug, wenn man sich nicht dagegen stellt und sagt: Hier passiert etwas Schreckliches.

Vielleicht ist das diese Vorsicht, die man auch in den deutschen Medien ein bisschen sieht – dass man gar nicht richtig hinschauen möchte, weil da der Höllenschlund vor einem auftut.


Philanthropie? Das ultimative Statussymbol der Superreichen. Unten fressen sie dir aus der Hand, oben scheißen sie aufs Volk. Wenn die Fassaden der ""guten Elite"" bröckeln & dunkle Vorwürfe enger werden, schweigen Medien aus Angst vor dem Höllenschlund. De Maizière lässt grüßen: ""Das würde die Bevölkerung verunsichern."" 

Kanalmitglied werden und meinen Kanal unterstützen:
https://www.youtube.com/channel/UCmgVL1Bh7oMIdUdLwIsCiGA/join

NewsTicker360 & Berlin360 - On tour - durchs Zeitgeschehen, Berlin, Welt, News-Ticker & MORE. Wir leben nicht in verrückten Zeiten, sondern in einer Zeit, in denen die Verrückten das Sagen haben.

Wir ""begleiten"" im Rahmen des Zitatrechts & Kunstfreiheit - politische Ereignisse - ohne uns deren Inhalte eigen zu machen. Regierung/Parteien sind z.Z. das ""beste"" & teuerste Unterhaltungsprogramm. Real? Satire? Man weiß es nicht mehr. 

Also! Vorhang auf & Popcorn raus - los gehts: OMG!, Kritik, Parodie, Persiflage, Boshaftigkeit, Ironie, Sarkasmus & Satire - ggf. Fakten. Helau, Alaaf!

Sie können den privaten, nichtkommerz. & gemeinnützigen Kanal unterstützen: per Kanal-Mitglied, Super Thanks & PayPal: ladybugslucky@gmail.com. Beschwerden? Fragen? Ideen? - Schreiben Sie!


Hinweis für eigene Videos: Personen, Kunstwerke, Plakate, Werbung und ähnliches, die in diesem Video möglicherweise ins Bild gekommen sind, sind nicht das Thema dieses Videos, sie sind zufällig, auswechselbar und nur als ein unerhebliches Beiwerk zu deuten (§23 KUG und §57 UrhG).",1,,1.0
Ko4mwGZzbyw,CDU-Thüringen Voigt: Arroganz statt Rücktritt ❌,"Was sich der thüringische Ministerpräsident **Mario Voigt** derzeit leistet, ist ein Lehrstück über die Entfremdung der CDU-Spitze vom normalen Bürger. Eine Universität entzieht ihm **einstimmig** den Doktortitel nach sorgfältiger Prüfung – und statt Demut oder wenigstens Schweigen folgt öffentliches Jammern, Opferpose und die Ankündigung juristischer Gegenangriffe. Als sei nicht er es gewesen, der betrogen hat, sondern die Realität selbst sein größter Gegner.

Die **Technische Universität Chemnitz** hat unmissverständlich klargestellt, dass nach höchsten wissenschaftlichen Standards und mit voller Sorgfalt entschieden wurde. Einstimmig. Ohne politische Agenda. Und dennoch stellt sich ein amtierender Ministerpräsident hin und tut so, als sei eine ganze Fakultät inkompetent, voreingenommen oder gar manipuliert. Diese Haltung ist nicht nur arrogant – sie ist zutiefst verächtlich gegenüber all jenen, die sich an Regeln halten müssen.

Was hier sichtbar wird, ist die widerliche Selbstüberhöhung eines politischen Milieus, das sich längst für unantastbar hält. Doktortitel als Karrierebeschleuniger, Ämter als Selbstzweck, Macht als Besitzstand. Wenn es eng wird, wird nicht Verantwortung übernommen, sondern geklagt, gedroht und relativiert. Der Subtext ist klar: **Für uns gelten andere Maßstäbe.**

Diese elitäre Arroganz zieht sich durch weite Teile der **CDU**-Führungsebene. Ministerpräsidenten, die sich an gepanzerten Limousinen, Personenschutz und Versorgungsposten festklammern, während sie dem Wähler erklären, er müsse den Gürtel enger schnallen. Politiker, die bei kleinsten persönlichen Konsequenzen in Schnappatmung verfallen, aber vom Bürger „Resilienz“ und „Verzicht“ verlangen.

Der politische Schaden ist enorm. Nicht wegen eines verlorenen Doktortitels – sondern wegen der Haltung danach. Wer bei einem nachgewiesenen Fehlverhalten nicht innehält, sondern um sich schlägt, demonstriert Charakterlosigkeit. Und wer glaubt, mit Anwälten und Pressekonferenzen wissenschaftliche Tatsachen aus der Welt klagen zu können, hat den Bezug zur Realität verloren.

Diese CDU wirkt nicht staatstragend, sondern selbstverliebt. Nicht verantwortungsbewusst, sondern machtbesessen. Und sie sendet eine klare Botschaft an die Wähler: **Regeln gelten – aber bitte nicht für uns.** Genau diese Attitüde treibt immer mehr Menschen von dieser Partei weg. Zu Recht.",1,,1.0
2oPQWXz-n5k,Kanzler Scholz und EZB-Chefin Lagarde nackte Kaiser? Ernst der Lage erkennen + handeln,"!!!! Zeitangaben, Inhalte, wichtige Links und Quellen für Euch unten!!!!!!!!!!
Alles zum Buch Fremdbestimmt: https://www.fremdbestimmt.com/
Alle 888 Quellen meines Buches Fremdbestimmt (Auflage 8) hier einsehbar: https://www.fremdbestimmt.com/fremdbestimmt-die-quellen.html 
Telegram: Silberjunge Thorsten Schulte neu https://t.me/silberjungethorstenschulte
_______________________________________________________________________________________ 
Bücher von Bernd Schwipper direkt beim Verlag: https://bit.ly/3GH7yQo
Beide Bände in Amazon (auch als eBook): https://amzn.to/3gEr45Q
_______________________________________________________________________________________ 
In den letzten Monaten wurden die Menschen von Gold und Silber durch die Preisschwäche weggeführt. Die Masse kauft stets zur Unzeit. 

NEU!!!! Hier seht Ihr den Silberbesitz und den Goldbesitz der Deutschen sowie das Geldvermögen! MIT QUELLEN FÜR JEDEN!!! 
https://t.me/silberjungethorstenschulte/2111 

Video ""Euro bald butterweich - EZB-Chefin Lagarde entlarvt sich & EZB in Rede - Wichtige Fakten & Charts"": https://youtu.be/MSTlR0Cxxmw

In meinem Telegram-Kanal findet Ihr mein 1. Buch ""Silber - das bessere Gold"" kostenlos: https://t.me/silberjungethorstenschulte/1162

Meine Sonderstudie kostenlos mit wichtigen Tipps (Seite 94-108) https://t.me/silberjungethorstenschulte/1163

Erschreckende Zahlen zum Weltfinanzsystem: https://t.me/silberjungethorstenschulte/1111
_______________________________________________________________________________________ 
Vorteile eines Zollfreilagers in der Schweiz: 
Hier werden 
1. Umsatzsteuerfreier Silbererwerb 
2. Nach 12 Monaten Haltedauer derzeit steuerfrei (im Gegensatz zu ETFs) 
3. Aufbewahrung außerhalb der EU Infos und Kontakt: 

Warum Zollfreilager interessant sind, ist hier umfassend beschrieben:
https://t.me/silberjungethorstenschulte/2148
Auch Nichtnutzer von Telegram können den Bericht lesen und finden dort den folgenden Link:
https://elementum.de/SilberjungeLagerplatz/

❗️Alle, die sich entschließen, einen Lagerplatz einzurichten, erhalten mit Hinweis auf den Silberjungen einen Preisvorteil von 50 %. ❗️

Handelt auch hier möglichst schnell und setzt auf Vertrauensschutz wie bei Einführung der Abgeltungssteuer zum 1.1.2009. Damals konntet Ihr bis zum 31. Dezember 2008 Aktien kaufen, die selbst heute bei einer Veräußerung mit Gewinn nicht versteuert werden müssen. 
_______________________________________________________________________________________ Inhaltsangabe & Links zum Video:

0:33 
Konsumentenvertrauen in Deutschland bricht beispiellos ein 

1:02
Das Märchen ""Des Kaisers neue Kleider""

1:11
Hinweis auf mein Video vom Dienstag, den 2.8.2022! Bitte unbedingt anschauen:
Werden wir regiert oder ruiniert? Vizekanzler Habeck: Lügt der Mann, der (USA) führend dienen will?
https://youtu.be/w_P6ZfKdxBc

1:22
Nun explodieren auch die Strompreise:
Zitiert wird von der BILD ein Betroffener: „Ich bin fassungslos, hatte mit EVD noch nie Probleme. Jetzt zahle ich allein für Strom 3500 statt 1500 Euro für mein Einfamilienhaus.“
https://bit.ly/3PSWaqd

2:36
Erinnert Ihr Euch noch an Bundesminister der GRÜNEN Jürgen Trittin?
""Es bleibt dabei, dass die Förderung erneuerbarer Energien einen durchschnittlichen Haushalt nur rund 1 Euro pro Monat kostet, so viel wie eine Kugel Eis.""

3:05
Ende 2007 hatte ich schlimmste persönliche Erfahrungen 

3:43
Fakten statt Fake News! 

4:21
Die EZB hat Angst! 

4:47
Hier hatte ich die Lage der EZB:
Video vom 18.11.2021: Euro bald butterweich – EZB-Chefin Lagarde entlarvt sich & EZB in Rede 
https://youtu.be/MSTlR0Cxxmw

5:06
Hier der Beweis, dass bei mir öffentliche Aussagen und persönliches Handeln übereinstimmen

7:26
Der Silberbesitz der Deutschen beträgt nicht einmal winzige 15 Milliarden Euro!
Der Goldbesitz der Deutschen liegt bei über 507 Milliarden Euro!
Einblendung SilberGoldbesitz Deutschland
Quellen per 4.8.2022! Alle Quellen hier überprüfbar:
https://t.me/silberjungethorstenschulte/2111

7:37 
Optimismus der Silber-Berater ist mit 25 % derzeit nur noch geringfügig über dem historischen Tief!
Wenn alle pessismistisch sind: Wer soll noch verkaufen? Spricht für Kaufchancen!
Quellen: Telegram-Beitrag per 22.7.22 und 18,66 US$ 
https://t.me/silberjungethorstenschulte/2384

7:48 
Der US-Terminmarkt jede Woche neu: Hedgefunds und die US-Großbanken
Quellen: Telegram-Beitrag per 30.7.22 und 18,78 US$ 
https://t.me/silberjungethorstenschulte/2397

8:06 Mein Beitrag im SMART Investor
https://bit.ly/3JynAiW

9:07 Chart: Russlands Gasexporte nach Europa",1,,1.0
g1pr7PEYHPA,English Debate - Vegan vs. Fleisch #202,"Alle Infos: https://linkr.bio/KrassThema

Wenn du meine Arbeit 🌱 für die Tiere unterstützen möchtest, dann schau doch gerne auf Twitch vorbei und abonniere kostenlos mit Amazonprime:
https://www.twitch.tv/krassthema

Spenden für Bäume und Nahrung, in Madagaskar:
https://ko-fi.com/krassthema

LECKERES, nachhaltiges, lange haltbares und vergleichsweise gesundes VEGANES Essen: https://ins.deals/GreenThema mit CODE: ""KrassThema"" sparst du 20% auf deinen EINKAUF 

❗ Veganer*innen lassen die Tiere einfach in Ruhe. Veganismus bedeutet Gewaltfreiheit. Jedes fühlende Individuum hat ein Grundrecht auf körperliche Unversehrtheit und nicht als Eigentum behandelt zu werden.
❗ Hühner und Küken leiden und sterben für Eier. Kühe und Kälber leiden und sterben für Milch. Auch Vegetarier*innen sind für Tierqual und Tiermord verantwortlich.
❗ Veganismus ist keine Trenddiät sondern eine Gerechtigkeitsbewegung für nicht-menschliche Tiere.
❗ Tiere werden wie Produkte behandelt, niemand will ein Produkt sein.
❗ Speziesismus = Rassismus von der Denkweise her...
❗ Nicht vegan sein ist nicht ok.

Du hast einen Einwand gegen Veganismus? Hier findest du meine Antwort darauf: https://yourveganfallacyis.com/de oder diskutiere mit mir hier live im Stream: https://www.twitch.tv/krassthema

➡️ Wähle die vegane Lebensweise und setz dich aktiv ein für ein Ende der Unterdrückung und Massentötung der Tiere. Die Tiere brauchen deine Stimme...

#Tiere #Vegan #Vegetarisch",-1,1.0,1.0
gRc6qGDe2uo,WAHNSINN! GÜNTHER JAUCH entlarvt MERKEL!,,1,,1.0
LFCnNmKEs5I,Ich muss weniger Drogen nehmen!😪,"OPEN MIND APP im Play Store:
https://play.google.com/store/apps/details?id=de.app.innovators.open_mind&pcampaignid=web_share

OPEN MIND APP im App Store:
https://apps.apple.com/de/app/open-mind-app/id1604224164

Anleitung auf Telegram für die ""unzensierte"" Apple Version:
https://t.me/openmind3000/342

Deep Sleep Spray im Openmind-Shop:
https://www.open-mind-shop.com/collections/suppleminds/products/led-diskokugel-fur-unterwegs?variant=39623963902127

Gönn dir was im Openmind-shop:
https://www.open-mind-shop.com/

Suppleminds:
https://suppleminds.de/

Open Mind unterstützen auf Patreon: 
https://www.patreon.com/openmind3000

FOLGT MIR AUF TELEGRAM:
https://t.me/openmind3000

Mein interaktives Trip-Buch auf Amazon bestellen: 
https://amzn.to/2VfMfjk

TWITCH: https://www.twitch.tv/openmindsimon
Wenn ihr Amazon Prime habt, könnt ihr mir via Twitch Geld schenken ohne, dass es euch was kostet. Details erkläre ich in diesem Video:
https://youtu.be/bjvzFbl7TgE

Cryptos beim schauen meiner Videos verdienen?
Das geht, wenn ihr die Videos bei Odysee schaut:
https://odysee.com/$/invite/@openmind3000:5

Erhalte 15 Euro Gratis Ektien oder ETFs, wenn du dich bei Trade Republic über meinen Link anmeldest:
https://ref.trade.re/w8b38w27

ICH RATE STRENGSTENS VOM KONSUM VON Dr0gen AB! Dieses Video dient nur aufklärerischen und dokumentarischen Zwecken! 
Der Konsum von psychoaktiven Substanzen birgt immer gewisse Risiken, besonders bei JugendIichen.
Sei es Kaffee, Zigaretten oder irgendeine Substanz aus dem illegalen Bereich.
Bei Suchtproblemen, hier die geeignete Hotline: http://bit.ly/2YnPTaS
Auch wenn ihr nie irgendwelche Dr0gen nehmen wollt, solltet man sich immer ausreichend über die Wirkungen und Nebenwirkungen von gewissen Dr0gen informieren, damit man helfen kann, falls Freunde Probleme mit solchen Substanzen bekommen.
Hierfür einfach Dinge wie den Namen der Substanz + Gefahren bei Google suchen.
Ich bin ein erfahrener Konsument und beachte beim konsumieren immer die nötigen Sicherheitsvorkehrungen: keine zu hohen Dosierungen, Konsum nur in einem geeigneten Setting mit geeigneten Personen und zusätzlich ist ein Tripsitter immer zum Abruf bereit, falls Komplikationen auftreten.

Dieses Video hält sich an all die Regeln der Youtubrichtlinien.

25 Euro Gratis Reiseguthaben, wenn ihr euch über meinen Ref-Link bei Airbnb eine Reise für über 65 Euro bucht:
https://www.airbnb.de/c/simonr5310

Upps: http://amzn.to/1NHO6Re

OPEN MIND Discord:
https://discord.id/openmind

Meine neue Kamera: http://amzn.to/2CMjQr1
Das Objektiv, welches ich dazu verwende: http://amzn.to/2AKt05T

Alle Amazonlinks sind affiliate Links (ich bekomme einen prozentualen Anteil, wenn ihr da was kauft
Meine Amazon Wishlisht: https://www.amazon.de/hz/wishlist/ls/23KRSXARF69R3?ref_=wl_share

Bitcoins und andere Kryptowährungen kaufen:
http://bit.ly/2JAPA8D
(DU bekommst einen 8 Euro Gutschein, wenn du Bitcoin im Wert von mehr als 100 Euro kaufst)

BTC-Spenden an:
1KKhYPt1LTSJe4DYzuZNYuEmwbJo8cfDRA

Soziales: 
Facebookpage: http://bit.ly/2E5LqSo

Mein Spotifyprofil: https://spoti.fi/2W01nno


Instagram: https://instagram.com/simon_ruane/

Das ist ein Video für Menschen die das Thema Dr0ge.n interessant finden.

KEINE GEWÄHR, DASS ALLE INFORMATIONEN IN DIESEM VIDEO STIMMEN! DIE MEISTEN INFORMATIONEN HABE ICH AUS DEM INTERNET, DA KANN ES SEIN, DASS MAL ETWAS NICHT GANZ RICHTIGES DABEI IST.

Ich möchte hier niemanden dazu motivieren Dr0ge.n zu nehmen. Dieser Kanal ist nur eine realistische Dr0g.enaufklärung in der ich genau sage, wie es wirklich ist.
Er ist vorallem für Leute da, die sowieso schon Dr0ge.n nehmen, damit diese den Konsum weniger Risikoreich betreiben wollen.

Nehmt keine Dr0ge.n, vorallem nicht wenn Ihr noch minderjährig seid, denn für nicht ausgewachsene Hirne sind Dr0ge.n sehr viel schädlicher.",0,,0.0
IVupRqmoJY4,Älteste Katze der Welt: Flossie ist 26,"In London wurde die 26 Jahre alte Katze Flossie offiziell als älteste lebende Katze der Welt anerkannt
Das Video auf derStandard.at: https://www.derstandard.at/story/2000141198439",0,,0.0
yMVTfidhAuI,AfD-Erfolge: Deutsche Talkshows mit ihrem Latein am Ende – Weltwoche Daily DE,"👉 Zur aktuellen Weltwoche-Deutschland-Ausgabe: https://weltwoche.de/aktuelle-ausgabe

NEU: Weltwoche Deutschland. Hier klicken, um die neue App gratis herunterzuladen: http://tosto.re/weltwochedeutschland
 
Steigen Sie ein, fliegen Sie mit! https://weltwoche.de/
 
Abonnieren Sie kostenlos den täglichen Newsletter der Weltwoche: https://weltwoche.de/newsletter-abonnieren/

AfD-Erfolge: Deutsche Talkshows mit ihrem Latein am Ende. EU fällt wirtschaftlich zurück. Putin in Vietnam und Nordkorea. Ungarn muss keine Nato-Truppen senden. Auswanderungsland Deutschland

Die Weltwoche auf Social Media:
Instagram: https://www.instagram.com/weltwoche/ 
Twitter: https://twitter.com/Weltwoche 
TikTok: https://www.tiktok.com/@weltwoche 
Telegram: https://t.me/Die_Weltwoche 
Facebook: https://www.facebook.com/weltwoche",1,,1.0
nyEZDiY3F_g,Wird Österreichs Justiz jetzt wirklich unabhängig? - Thema des Tages,"Die Bundesregierung verhandelt über eine unabhängige Weisungsspitze im Justizministerium – ein entsprechender Entwurf liegt dem STANDARD vor. Die unabhängige Weisungsspitze ist nötig, damit der Justizminister nicht mehr selbst das letzte Wort in besonders prominenten Fällen hat. Was es mit dieser möglichen Reform auf sich hat und ob die Justiz dadurch einen bedeutenden Schritt in Richtung mehr Unabhängigkeit gemacht hat, erklärt Fabian Schmid, leitender Redakteur Investigativ beim STANDARD.",1,,1.0
Lrt_00nF86w,Millionen steuerfrei: So tricksen die Reichen,":newstime auf Joyn ▶️ https://url.joyn.de/newstime/description

Wie funktioniert eigentlich die Erbschaftssteuer in Deutschland? Und was könnte sich dieses Jahr ändern?

:newstime im Web ▶️ https://www.newstime.joyn.de
:newstime auf instagram ▶️ https://www.instagram.com/newstime.digital/
Für mehr aktuelle News abonniert unseren :newstime Channel ▶️ https://bit.ly/3Cox8d3

Eure :newstime von ProSieben, Sat.1 und Kabel Eins
______________________________________________________
Impressum: https://video.prosieben.de/service/impressum",1,,1.0
IzCW1ABEMKs,Verfassungsministerin: Volksabstimmung über Volksabstimmungen,"""Insofern sollte man  Volksbefragungen und Volksabstimmungen nur dann durchführen, wenn es  eine breite Information gibt. Ich hielte es in dem Fall nicht für sehr  zweckmäßig.""",1,,1.0
1262ZdmvnSI,CDU verspottet Mehrheit ! Fleischhauer rechnet gnadenlos mit linker Regierungspolitik ab !,"Quelle: https://youtu.be/phvVpecOB_s?si=GCva4Oh2VUQn33aM 

HINWEIS: BILDER VON POLITIKERN & PERSONEN IN THUMBNAILS SIND IN DER REGEL KI-GENERIERT. Ich bin kein Journalist. Meine Äußerungen enthalten ein hohes Maß an Satire, Ironie und Polemik. Ich will niemanden beleidigen, die Meinungsfreiheit sollte meine Polemik einbegreifen. Ich berufe mich auf das Zitatrecht.

Kanalmitglied werden und exklusive Vorteile erhalten:
https://www.youtube.com/channel/UCnk0-FU1ybs9MpWg8g3yqMw/join

ANTI-MERZ MERCH hier bestellen und diesen Kanal unterstützen:  https://realsatireportal.de/politikundco (Affiliate Link)

Zweitkanal:
https://www.youtube.com/channel/UCdU1nAif9viJMzizOaDdECw
Drittkanal:
https://www.youtube.com/channel/UCa5yGyEssB-LWVm9iYMtrow

ANTI-GRÜNEN-SHOP (Werbung):
https://www.etsy.com/de/shop/Nelaofficial/sold?ref=pagination&page=3

#afd #weidel #duniya #hayali #örr #politik #höcke #chrupalla #erikholm #habeck #baerbock #ricardalang #martinsichert #ferdaatamann #annaschneider #profriek #schwesig #brandenburg #lauterbach #martinreichardt #bundestag",1,,1.0
75CrwPIFIYI,Heldin | Filmtipp der Woche,"Nach seiner Premiere auf der Berlinale kommt der neue Film der Schweizer Regisseurin Petra Volpe jetzt ins Kino. Die überragende Leonie Benesch spielt in „Heldin“ die Krankenschwester Floria. Mit nur einer weiteren Kollegin muss sie sich um Schwerverletzte kümmern, um einen arroganten Privatpatienten, um besorgte Verwandte, um große Dramen und alltägliche Nöte. Sie spielt keine Heilige des Gesundheitswesens, sondern eine überaus engagierte, überforderte und fehlbare Frau. 

„Judith Kaufmanns brillante Kamera folgt ihr bei diesem endlosen Wettkampf gegen die Zeit, bei ihrem Ringen um Zuwendung, um ein Lächeln für jeden - trotz der gnadenlosen Hektik“, sagt radioeins-Filmexperte Knut Elstermann.

Leonie Benesch setzt allen Heldinnen und Helden ein Denkmal, die im Patienten den leidenden Menschen und nicht nur eine Krankenakte auf zwei Beinen sehen.

#heldin #leoniebenesch #knutelstermann #filmtipps",0,,0.0
tKPvKnyuEYM,Vorteile und Zwecke von Familienstiftungen | Steuerberater Roland Elias,"In diesem Video erfährst du, warum Familienstiftungen unverzichtbare Instrumente für wohlhabende Familien sind. Sie bieten Vorteile wie Vermögensschutz vor Risiken und steuerliche Vergünstigungen bei Vermögensübertragungen. Gleichzeitig dienen sie der Erhaltung familiärer Dynamik und Konfliktvermeidung sowie der Förderung von Philanthropie und sozialer Verantwortung. Zudem erfüllen Familienstiftungen Zwecke wie effiziente Vermögensverwaltung, geordnete Nachfolgeplanung und Unterstützung von Bildungsinitiativen, während sie gleichzeitig zur Bewahrung von Familiengrundsätzen, Werten und zur Wohltätigkeit beitragen. Die Gründung erfordert sorgfältige Planung, rechtliche Beratung und klare Zielsetzungen.

00:00 Einleitung
Vorteile von Familienstiftungen:
00:51 Vermögensschutz vor Risiken
03:22 Steuervorteile
03:32 Bewahrung der Familiendynamik und Konfliktvermeidung
06:26 Förderung von Philanthropie und sozialer Verantwortung
Zwecke von Familienstiftungen:
06:45 Effiziente Vermögensverwaltung und -bewahrung
07:49 Geordnete Nachfolgeplanung für Vermögensübertragung
08:07 Unterstützung von Bildungsinitiativen
08:51 Bewahrung und Förderung von Familiengrundsätzen und Werten
09:14 Beitrag zur Wohltätigkeit und Gesellschaftsentwicklung

📺 Playlist Familienstiftungen https://youtube.com/playlist?list=PL0OXhlRkvak851v7puzoe46meKYH-fsF0&feature=shared

💡 Online-Kurse & Bücher: https://www.steuernmitkopf.de/

👉🏻 Komm in unser Team! https://www.siroc-steuerberatung.de/jobs/

👨‍💼 Steuerliche Online-Beratung vereinbaren bei unserer Partnerkanzlei SIROC:
https://www.steuernmitkopf.de/online-steuerberatung/
______________________________________________________

Schau auch vorbei auf (Live dabei und immer aktuell):
Instagram: https://bit.ly/2YZJjdB
Facebook: https://bit.ly/3b4nXAo
Facebook-Gruppe: https://bit.ly/2YGbYE0
Twitter: https://bit.ly/2QxxPt1
YouTube: https://bit.ly/3gCKVzN
______________________________________________________

Empfehlungen (nutzen wir selbst):
Steuertipps für Bitcoin & Co.: https://amzn.to/38c02wt *
Steuertipps für Influencer: https://amzn.to/2Mcq5e9 *
Steuertipps für Privatanleger: https://amzn.to/3ldLJ62 *
Rücklage von Steuern mit Kopf: https://bit.ly/3blXKwV *
Software-Empfehlung für Buchhaltung: Lexoffice https://bit.ly/3DoKgiG *
______________________________________________________

Finanzgeflüster: https://www.finanzgefluester.de/
______________________________________________________

Kontakt:
Anmerkung: Anfragen zur individuellen Steuerberatung bitte direkt über https://www.steuernmitkopf.de/online-steuerberatung/ - digitale Terminvereinbarung 24 Stunden am Tag. 

Business-Anfragen können über info@steuernmitkopf.de zugesandt werden.
______________________________________________________

HINWEIS: Das Video stellt in keiner Art und Weise eine professionelle Steuerberatung dar und ersetzt diese auch nicht.

*Bei den Links in der Videobeschreibung handelt es sich um Affiliate-Links, die der Steuern mit Kopf helfen, diesen Kanal zu finanzieren.",-1,1.0,1.0
NpbkZBacmdc,"Prof. Dr. Michael Tsokos: Wie gehen Sie mit dem Tod um? Gibt es Fälle, die länger nachwirken?","Prof. Dr. Michael Tsokos ist deutscher Rechtsmediziner und Professor an der Charité in Berlin. Der Beststeller-Autor und Podcaster war am Dienstag bei ""Vorarlberg LIVE"".

Aktuelle Nachrichten aus Vorarlberg findest du unter www.vol.at oder über unsere Apps auf Android und iOs.

#vorarlberg #aktuell

🔴  Abonniert jetzt unseren Kanal und aktiviert die Glocke unter http://bit.ly/3efAHYA

📲  Folg uns
auf Facebook https://www.facebook.com/vorarlbergonline 
auf Instagram https://www.instagram.com/vorarlbergonline 
auf LinkedIn www.linkedin.com/showcase/vorarlbergonline

oder hör unsere Podcasts auf Spotify, Apple Music, Amazon Music, Google Podcast und Deezer

Impressum: https://www.vol.at/features/vol-impressum 

#VOLAT​ #Nachrichten​ #News",0,,0.0
D00byo7lJTM,Bastian Pastewka & die Köttbullar-Staffel | 20 Jahre Pastewka | Rückblick Staffel 2,"🎉 Zum 20. Jubiläum von „Pastewka“ blickt Bastian Pastewka zurück auf die zweite Staffel seiner Kultserie! Er erinnert sich an Staffel-Highlights, hochkarätige Gast-Stars und an schwedische Fleischbällchen. 

📅 Zur Feier des Jubiläums lädt Bastian zu einem besonderen Event ein: Die „unerträglich lange Pastewka Nacht“ am 24. Oktober im Cinedom Köln im Rahmen des Cologne Comedy Festivals – mit den besten Szenen aus 20 Jahren, live kommentiert vom Meister selbst.

ℹ️ Mehr zum Cologne Comedy Festival:
https://colognecomedyfestival.com/

👉 Staffel 2 jetzt komplett auf myspass streamen:
https://www.myspass.de/staffel/pastewka/staffel-2/4-7


#Pastewka #20JahrePastewka #myspass #ComedyFestival #BastianPastewka #Cinedom #CologneComedyFestival",0,,0.0
1VvnPn8sgOs,Die Unschuldslämmer von der NGO-Agitprop-Truppe,"Das NGO-Imperium in Deutschland versucht mit allen Mitteln eine Aufklärung über staatliche Zuwendungen zu verhindern. Die Vertuscher spielen dreist die Rolle der verfolgten Unschuld. JETZT MIT PAYPAL UNTERSTUETZEN: https://www.paypal.com/paypalme/achgut 

Stefan Frank: Die Unschuldslämmer von der NGO-Agitprop-Truppe
https://www.achgut.com/artikel/deutschland_die_unschuldslaemmer_von_der_ngo_agitprop_truppe

Gesprochen von: Kerstin Kramer
Bild: Montage achgut.com

Achgut unterstützen: https://www.achgut.com/seite/achgut_unterstuetzen
Mit Paypal unterstützen: https://www.paypal.com/paypalme/achgut
Achgut Pate werden: https://paten.achgut.com
Achgut Buch-Shop: https://shop.achgut.com
Achgut Newsletter bestellen: https://newsletter.achgut.com",-1,1.0,1.0
6PkLQtgIbSY,Blurred Realities – KI-Kunst Galerie,"#artificialintelligence #ai #machinelearning

Treten Sie ein in das Reich der künstlerischen Evolution mit der Blurred Realities KI-Kunstausstellung, die die Verbindung von Technologie und Kreativität zeigt. Entdecken Sie die atemberaubende Galerie, die Meisterwerke aus der Zusammenarbeit zwischen künstlicher Intelligenz und menschlicher Vorstellungskraft zeigt.

WEBSITE: https://StarTV.ch
INSTAGRAM: https://StarTV.ch/Instagram
TIKTOK: https://StarTV.ch/TikTok
YOUTUBE: https://StarTV.ch/YouTube
FACEBOOK: https://StarTV.ch/facebook
TWITTER: https://StarTV.ch/Twitter

IMPRESSUM & KONTAKT: https://StarTV.ch/Kontakt

#artificialintelligence #ai #machinelearning #technology #datascience #python #deeplearning #programming #tech #robotics #innovation #bigdata #coding #iot #computerscience #data #dataanalytics #business #engineering #robot #datascientist #art #software #automation #analytics #ml #pythonprogramming #programmer #digitaltransformation #developer",0,,0.0
GI6SgmR8rfA,Brisant: Nancy Faeser fordert JETZT Kontrollen an Grenzen!,"#wahlen #faeser #Grenzkontrollen
Brandenburg-Wahl?! Frag für ein Freund",1,,1.0
PeORforOsE4,"„Ich bin hier in einem Flugzeug, das entführt worden ist“","Attentäter - Folge 4: 9/11 und Mohammed Atta


Es ist 20 Jahre her und doch kann sich fast jeder daran erinnern, wo er an diesem Tag war: Am 11. September 2001 machten Terroristen vier entführten Maschinen zur tödlichen Waffe. Fast 3000 Menschen aus über 90 Nationen kamen bei den Terroranschlägen in den USA ums Leben. Der Tag stellt eine Zäsur in der Weltgeschichte dar. Einer der Täter war der 33-jährige Mohammed Atta. Der Ägypter hatte kurz zuvor noch in Hamburg Städtebau studiert hatte. Wie wurde aus dem Akademiker ein Terrorist? Und warum bemerkte es niemand? In Hamburg haben sich drei der Selbstmordattentäter kennengelernt. Hier laufen die Fäden zusammen. 



Nina-Friederike Gnädig zeichnet  in der vierten Folge des Podcasts ""Attentäter"" die Geschehnisse um den 11.September 2001 mit Zeitzeugen nach und macht sich auf die Suche nach Antworten. Sie trifft unter anderem Attas damaligen Professor Dittmar Machule, spricht mit Ex-Verteidigungsminister Rudolf Scharping und dem Journalisten Peter Kloeppel, der an diesem 11. September sieben Stunden live berichtete. Was er für RTL kommentierte, war für die Zuschauer unfassbar. Auch Sibylle Dircks konnte kaum glauben, was sie in Hamburg auf dem Bildschirm sah. Sie hat bei den Anschlägen auf das World Trade Center ihren Bruder verloren. Lange hat sie gehofft, dass man ihn doch noch in den Trümmern finden würde. 



Haben Sie Fragen oder Feedback zum Podcast? Dann schreiben Sie uns an: audio@welt.de.



Bei WELT finden Sie auch eine Dokumentation zum Thema: „Leben und Sterben am 11. September – eine Familiengeschichte“ von WELT-Chefredakteur Jan Philipp Burgard: https://www.welt.de/politik/ausland/video233588416/WELT-Dokumentation-Leben-und-Sterben-am-11-September-eine-Familiengeschichte.html



Und noch ein Hörtipp: Die Kollegen von „TATORT REISE“ machen sich in ihrem Podcast auf die Spuren berüchtigter Verbrecher aus der ganzen Welt, vom Strand in Thailand, über ein Hotel in den USA bis in Wald vor der eigenen Haustür. TATORT REISE ist der True Crime Podcast von TRAVELBOOK, Deutschlands größtem Online-Reisemagazin: https://www.travelbook.de/news/tatort-reise-podcast.



+++Werbung+++



Dein 30-Euro Amazon Gutschein von CLARK:
Anmeldung mit dem Code „NEU30“ unter www.clark.de (http://www.clark.de)  (Deutschland), www.goclark.at (http://www.goclark.at)  (Österreich) oder direkt in der App. Neukunden bekommen 15€ pro jede in die App hochgeladene bestehende Versicherung (ausgeschlossen Gesetzliche Krankenkasse, Altersvorsorge, ADAC-Mitgliedschaften). Der Gutschein wird in 4-6 Wochen per E-Mail versendet, nachdem die Versicherungen als gültig bestätigt worden sind.



Teilnahmebedingungen auf https://www.clark.de/de/teilnahmebedingungen/podcast15



Impressum: https://www.welt.de/services/article7893735/Impressum.html
Datenschutz: https://www.welt.de/services/article157550705/Datenschutzerklaerung-WELT-DIGITAL.html",-1,1.0,1.0
GwliXokhTD4,"„The Girl in Question: Du glaubst, du kriegst…“ von Tess Sharpe · Hörbuchauszug","BEI GOOGLE PLAY BÜCHER KAUFEN ►► https://g.co/booksYT/AQAAAEDK_RC9yM

The Girl in Question: Du glaubst, du kriegst mich? Falsch gedacht.
The Girls I've Been · Buch 2
Verfasst von: Tess Sharpe
Vorgelesen von Denise Monteiro

0:00 Intro
0:03 The Girl in Question: Du glaubst, du kriegst mich? Falsch gedacht.
0:30 Erster Teil
38:52 Zweiter Teil
1:14:06 Outro

#tesssharpe #thegirlinquestionduglaubstdukriegstmichfalschgedacht #thegirlsivebeen2

—
GOOGLE PLAY BÜCHER

Bei Google Play Bücher findest du immer wieder tollen Lesestoff.

Google Play Bücher ist eine digitale Buchhandlung, die weltweit E-Books, Hörbücher, Comics und Mangas anbietet.  Du findest dort Buchempfehlungen, die auf dich abgestimmt werden.

iOS-App herunterladen: https://goo.gle/books-ios
Android-App herunterladen: https://goo.gle/books-android

—
BUCHBESCHREIBUNG

Noch atemloser, noch cooler und mit noch mehr Twists: die heiß erwartete Fortsetzung des spannenden Psychothrillers The Girls I've Been (demnächst auch als Netflix–Film).

Die Highschool ist geschafft, aber Noras Zukunft sieht düster aus: Ihr gewalttätiger Stiefvater Raymond wurde aus der Haft entlassen und hat sie jetzt im Visier. Darum ist Nora fest entschlossen, ihren (vielleicht letzten) Sommer zu genießen. Sie plant eine mehrtägige Rucksacktour durch ein einsames Waldgebiet, zusammen mit Iris und Wes. Zwar klinkt sich spontan Wes' Freundin mit ein, doch Amanda ist cool, also ist es keine große Sache – bis sie auf der Wanderung entführt wird. Besser gesagt, bis sie mit Nora verwechselt wird. Jetzt hat Raymond eine Geisel. Und Nora, Iris und Wes müssen ihr ganzes Können aufbieten, um es aus dem Wald zu schaffen. Mit Amanda. Und lebend ...

Komplex, überraschend und zum Nägelkauen spannend – die smarte Story rund um die Ausnahme–Heldin Nora und ihre Crew ist ein absolutes Thriller–Highlight!

—
DETAILS ZUM HÖRBUCH

Bei Google Play Bücher kaufen ►► https://g.co/booksYT/AQAAAEDK_RC9yM
Sprache: Deutsch
Verlag/Publisher: Hörbuch München von RBmedia Verlag
Veröffentlicht am: 31. Juli 2025
ISBN: 9783987857522
Dauer: 12 Std., 16 Min.
Genres: Jugendliteratur (Belletristik) / Mystery- & Detektivgeschichten, Jugendliteratur (Belletristik) / Soziale Themen / Freundschaft und Jugendliteratur (Belletristik)/Thriller & Spannung/Allgemein",0,,0.0
Lgnh2UXXetU,CDU unterbricht thüringische Landtagssitzung und geht AfD-Alterspräsidenten aggressiv an!,,1,,1.0
rFtqCeG11rQ,Flüchtlingspolitik: Kommunen schlagen Alarm | Kontrovers | BR24,"Seit der Flüchtlingskrise im Jahr 2015 finden Brüssel, Berlin und die Bundesländer keine Lösung, um Geflüchtete europaweit gerecht zu verteilen und sinnvoll unterzubringen. Jetzt spitzt sich die Lage im Freistaat zu. Es werden Turnhallen belegt, Notzelte aufgebaut und sogar Menschen auf einem Hotelschiff untergebracht. Kommunen und Helferkreise schlagen Alarm. Droht der Kollaps?

Autoren: Mira Barthelmann, Hans Hinterberger
Aus der Kontrovers-Sendung vom 01.02.2023

Hier geht's zu unserer BR24-Website: http://www.BR24.de 
BR24-Facebook: http://www.facebook.com/BR24 
BR24-Twitter: http://twitter.com/BR24 
BR24-Instagram: http://www.instagram.com/BR24 
Kontrovers im Internet: http://www.br.de/kontrovers 

Weitere Beiträge von Kontrovers finden Sie auch in der ARD Mediathek: 
https://1.ard.de/Kontrovers",1,,1.0
ZQsa6lGGR1U,Silber: 100 nächste Woche? ￼,,-1,-1.0,-1.0
dbdFRUN-9dw,Die Gewalttaten der letzten Tage,"Syrische Mutter (35, fünf Kinder) zwischen Autos niedergestochen – tot! +++ 30-Jähriger von drei jungen Männern zusammengeschlagen +++ Afghane (17) sticht 16-Jährigen Deutschen in den Oberkörper

Messerübergriffe, Vergewaltigungen und Tötungsdelikte sind inzwischen trauriger Alltag in Deutschland. Durch die fortgesetzte Masseneinwanderung in den vergangenen zehn Jahren haben die Übergriffe und Gewaltdelikte eine neue Qualität erreicht. In vielen Medien laufen die Nachrichten darüber nur noch „unter ferner liefen“ – wenn denn überhaupt berichtet wird.

NIUS dokumentiert den Wahnsinn, der sich in deutschen Städten abspielt, in einem ständig aktualisierten Protokoll.

👉 Alle Details auf NIUS.de! 

#nius #gewaltticker #kriminalität #nachrichten",1,,1.0
oEi5ja2s42Y,VENEZUELA: Gefahr von Bürgerkrieg? USA stehen vor heikler Lage! Geht der Plan von Trump auf?,"VENEZUELA: Gefahr von Bürgerkrieg? USA stehen vor heikler Lage! Geht der Plan von Trump auf?

Professor Günther Mayhold von der FU Berlin analysiert die Lage in Venezuela nach der Verhaftung von Maduro. Die Bevölkerung fordert ein Ende des Regimes, doch die USA stehen vor komplexen Herausforderungen. „Es wird ein Prozess werden, der einen langen Atem voraussetzt“, sagt Professor Günther Mayhold, Lateinamerika-Experte, bei WELT TV.

#weltnachrichtensender #usa #venezuela #maduro #trump

Abonniere den WELT YouTube Channel https://www.youtube.com/WELTVideoTV
WELT DOKU Channel https://www.youtube.com/c/WELTDoku
WELT Podcast Channel https://www.youtube.com/c/WELTPodcast
WELT Netzreporter Channel https://www.youtube.com/c/DieNetzreporter
Der WELT Nachrichten-Livestream http://bit.ly/2fwuMPg
Die Top-Nachrichten auf WELT.de http://bit.ly/2rQQD9Q
Die Mediathek auf WELT.de http://bit.ly/2Iydxv8
WELT Nachrichtensender auf Instagram https://www.instagram.com/welt.nachrichtensender/
WELT auf Instagram https://www.instagram.com/welt/

In eigener Sache: Wegen des hohen Aufkommens unsachlicher und beleidigender Beiträge können wir zurzeit keine Kommentare mehr zulassen. 

Danke für euer Verständnis - das WELT-Team

Video 2025 erstellt",1,,1.0
RRqNv7fKutI,Papst Franziskus trifft Schiitenführer Ali al-Sistani im Irak | DW Nachrichten,"Der Besuch ist historisch: zum ersten Mal ein Papst im Irak, zum ersten Mal Begegnungen in der geschichtsträchtigen Stadt Ur, die als Heimat gilt der biblischen Gestalt Abraham. Und der Besuch wird Folgen haben: Nach dem Treffen zwischen Papst Franziskus und dem schiitischen Großajatollah Ali al-Sistani hat Iraks Ministerpräsident den 6. März zum Feiertag erklärt. Der Tag solle zum Nationalen Tag der Toleranz und Koexistenz werden, so der Regierungschef Mustafa al-Kasimi. Ein Anfang ist gemacht.
Es ist der religiöse Höhepunkt seines Besuchs im Irak. In dem Jahrtausende alten Ort Ur, der Überlieferung nach der Geburtsort des Stammesvaters Abraham, trifft Franziskus Christen, Muslime und Jesiden zu einem interreligiösen Gebet. 
Vor den Ausgrabungsstätten der antiken sumerischen Stadt kommt Franziskus auf die aktuellen Konflikte in der Region zu sprechen, nennt besonders den Krieg in Syrien.  
Um die Suche nach Einheit ging es bereits am Morgen. In der für Muslime heiligen Stadt Nadschaf besucht Franziskus das Oberhaupt der Schiitien, Ayatollah al-Sistani. Der 90-jährige Geistliche lebt sehr zurückgezogen, empfängt fast keine Besucher mehr. Mit dem Papst spricht er über Unterdrückung, Armut und Verfolgung vieler Völker im Nahen Osten. 
Der erste Besuch eines Papstes im Irak steht an diesem zweiten Tag ganz im Zeichen des interreligiösen Dialogs - der in der Region immer auch politisch ist.  Frieden und ein Zusammenleben von Christen und Muslimen ist möglich - Das ist die Botschaft des Papstes an die christliche Minderheit des Iraks, auch während der Messe in der chaldäischen Kathedrale von Bagdad.


DW Deutsch Abonnieren: http://www.youtube.com/user/deutschewelle?sub_confirmation=1
Mehr Nachrichten unter: https://www.dw.com/de/
DW in den Sozialen Medien:
►Facebook: https://www.facebook.com/deutschewellenews/
►Twitter: https://twitter.com/dwnews
►Instagram: https://www.instagram.com/dwnews/
#PapstFranziskus #AyatollahSistani #PapstImIrak",1,,1.0
wuuTIqWpX3g,Stimmabgabe der Auslands-Rumänen bei Präsidentschaftsstichwahl begonnen,"Stimmabgabe der Auslands-Rumänen bei Präsidentschaftsstichwahl begonnen

Die Stichwahl zwischen den Präsidentschaftskandidaten George Simion und Nicușor Dan wird ein knappes Rennen.

LESEN SIE MEHR : http://de.euronews.com/2025/05/17/stimmabgabe-der-auslands-rumanen-bei-prasidentschaftsstichwahl-begonnen

Abonnieren Sie! https://www.youtube.com/c/euronewsde?sub_confirmation=1

Sehen Sie Euronews live TV : https://www.youtube.com/c/euronewsde/live

Euronews gibt es in 12 Sprachen: https://www.youtube.com/user/euronewsnetwork/channels",1,,1.0
E2mh8DPiikY,So überlebte ich den Herzinfarkt! ➤ Bruno Müller,"Mein zweiter Youtube-Kanal: https://www.youtube.com/c/EndzeitNewsMcM
Mein Telegram-Kanal: https://t.me/endzeitreportmcm

4. Mose 6: 24-26 ""Der Herr segne dich und behüte dich! Der Herr lasse sein Angesicht leuchten über dir und sei dir gnädig! Der Herr erhebe sein Angesicht auf dich und gebe dir Frieden!"" 

יְבָרֶכְךָ יהוה, וְיִשְׁמְרֶךָ
יָאֵר יהוה פָּנָיו אֵלֶיךָ, וִיחֻנֶּךָּ
יִשָּׂא יהוה פָּנָיו אֵלֶיךָ, וְיָשֵׂם לְךָ שָׁלוֹם

Wer meine Arbeit unterstützen möchte:
►IBAN: DE79 5105 0015 0116 7840 34
►BIC: NASSDE55XXX
►EndzeitreporterMcM - Nassauische Sparkasse
-Vielen Dank an alle für eure Unterstützung-

Mitglied werden:
https://www.youtube.com/channel/UCi-pZ-VukgK9uzymsA0LNQA/join

Telegram: https://t.me/endzeitmcm 


►Facebook: InfokriegerMcM/EndzeitreproterMcM
►Jeden Freitag LIVE ab 20:15 Uhr auf Youtube

Die Wahrheit kommt ans Tageslicht!

*****McM*****",0,,0.0
MkBVCtuymd8,McDonald's vs. Klimaschutz: Fastfood bald nur noch für Reiche? | Anwalt Christian Solmecke,"Checkt hier, ob ihr vom Facebook Datenleck betroffen seid: https://wbs.law/facebook-checker 

Seit Anfang 2022 werden in Tübingen je 50 Cent an Steuern für Einweggeschirr und Einwegverpackungen sowie 20 Cent für Einwegbesteck berechnet - im Höchstfall aber 1,50 Euro pro sogenannter Einzelmahlzeit. McDonald’s ist kein Fan davon und klagte deshalb gegen die Regelung. In diesem Video werfen wir einen Blick darauf, wie es aktuell an der Einwegsteuerfront aussieht.

Satzung: https://www.tuebingen.de/Dateien/broschuere_verpackungssteuer.pdf 
Tweet: https://twitter.com/ob_palmer/status/1661436674990112785?s=20 

Superbass, CC BY-SA 4.0 https://creativecommons.org/licenses/by-sa/4.0, via Wikimedia Commons - https://upload.wikimedia.org/wikipedia/commons/4/41/2020-02-17-Boris_Palmer-hart_aber_fair-8374.jpg

▬▬▬▬▬▬▬▬▬▬▬▬▬
WBS.LEGAL sucht dich! Du bist auf der Suche nach einem attraktiven, spannenden und anspruchsvollen Job? Dann bewirb dich bei uns und komm in unser Team. Bei WBS.LEGAL arbeitest du im Herzen der Medienhauptstadt Köln und bist im Berufsleben immer am Puls der Zeit – garantiert.
Hier unsere offenen Stellenangebote: https://www.wbs.legal/karriere/#jobs
Was erwartet dich bei uns? Hier bekommst du weitere Infos: https://www.wbs.legal/karriere/.

▬▬▬▬▬▬▬▬▬▬▬▬▬
Rechtsanwalt Christian Solmecke
Christian Solmecke hat sich als Rechtsanwalt und Partner der Kölner Medienrechtskanzlei WBS.LEGAL auf die Beratung der Internet-, IT- und Medienbranche spezialisiert. So hat er in den vergangenen Jahren den Bereich Internetrecht/E-Commerce der Kanzlei stetig ausgebaut und betreut zahlreiche Medienschaffende, Web-2.0-Plattformen und App- Entwickler.
Neben seiner Tätigkeit als Rechtsanwalt ist Christian Solmecke vielfacher Buchautor und als Geschäftsführer der cloudbasierten Kanzleisoftware Legalvisio.de auch erfolgreicher LegalTech-Unternehmer.

▬▬▬▬▬▬▬▬▬▬▬▬▬
Virtueller Kanzlei-Rundgang: wbs.law/rundgang
Startet euren Rundgang in 3D und 360° durch die Kanzlei WBS.LEGAL (inkl. YouTube- Studio)

▬▬▬▬▬▬▬▬▬▬▬▬▬
Social-Media-Kanäle von WBS.LEGAL
Wir freuen uns, wenn du uns auch auf unseren weiteren Social-Media-Kanälen besuchst und uns dort folgst. Jeder unserer Kanäle steht für sich und bringt dir garantiert einen Mehrwert.

▬Instagram und TikTok▬
Auf unseren erfolgreichen Instagram- und TikTok-Kanälen recht2go räumen wir täglich mit Rechtsirrtümern auf und präsentieren dir rechtliche Lifehacks. Mit recht2go bist du immer auf dem Laufendem und bekommst deine tägliche Dosis Alltagsrecht. Kurz, knackig und immer auf den Punkt. Folge uns auf auf Instagram und TikTok und du kannst vor deinen Freunden mit neuem Wissen glänzen.

➥ Instagram: https://wbs.law/recht2go
➥ TikTok: https://wbs.law/recht2goTikTok

▬Facebook▬
Auf Facebook sind wir inzwischen schon alte Hasen, denn seit Jahren informieren wir dich dort täglich über aktuelle Rechts-News. Gerne kannst du uns dort auch eine Anfrage als private Nachricht schicken. Schau vorbei! Hier der Link:

➥ https://wbs.law/facebook 

▬Twitter▬
Erfahre als Erster, wenn es wichtige Rechts-News gibt. Knackige Statements zu aktuellen Themen bekommst du auf unserem Twitter-Account! Hier der Link:

➥ https://wbs.law/twitter 

▬Discord▬
Unser Discord-Server dient insbesondere der Unterstützung dieses YouTube Kanals. Nutzerfragen, Challenges, Themenvorschläge - all das kannst du dort posten und natürlich Gleichgesinnte treffen und dich austauschen. Schau gerne vorbei. Hier der Link:

➥ https://wbs.law/discord 

▬Podcasts▬
 Du bist unterwegs, unter der Dusche oder hörst einfach gerne Podcasts? Dann haben wir etwas für dich: Höre die Tonspur unserer Videos täglich auf Spotify, Soundcloud und iTunes. So bleibst du immer aktuell! Hier die Links:

➥ https://wbs.law/spotify
➥ https://wbs.law/soundcloud 
➥ https://wbs.law/apple

▬Unser Zweitkanal▬
Unseren weiteren YouTube-Kanal „WBS – Die Experten“ kennst du, oder? Wenn nicht, dann unsere dringende Empfehlung: Schau rein! Denn hier erfährst du immer donnerstags ausführlich alle wichtigen Infos zu unseren Rechtsbereichen – präsentiert von einigen unserer Top-Rechtsanwälte. Ob Medienrecht, Urheberrecht, Markenrecht, Social-Media- Recht, Verkehrsrecht oder Datenschutzrecht: Das alles und mehr nur auf unserem Zweitkanal und zwar aus erster Hand von unseren WBS-Experten. Hier der Link:

➥ https://wbs.law/dieexperten

▬Kontakt▬
Hotline: 0221 / 400 67 550 
E-Mail: info@wbs.legal

Video produziert von: So geht YouTube (http://www.so-geht-youtube.de)",1,,1.0
9-e_fr8YV8U,Bundeshaushalt 2026: Debatte über den Etat des Auswärtigen Amtes  | 24.09.25,Bundestagsdebatte über den Etat des Auswärtigen Amtes im Bundeshaushalt 2026 nach der Vorstellung des Etatentwurfs durch Außenminister Johann David Wadephul (CDU).,1,,1.0
YqyhdR4A144,AfD-Streit: Frontalangriff auf Björn Höcke! Rüdiger Lucassen spielt wieder den Feindzeugen,"Ganze Folge Infrarot Podcast: https://www.youtube.com/live/ELwoYTktyBg?si=8btg7h5bSyXFC0Pf

AfD-Streit: Frontalangriff auf Björn Höcke! Rüdiger Lucassen spielt wieder den Feindzeugen

Falls ihr mich unterstützen wollt, dann ist hier mein Paypallink: https://paypal.me/Agitatordersozialen?country.x=DE&locale.x=de_DE


Agitator spricht (Podcast): https://www.youtube.com/playlist?list=PLQYApGzo0ohRmGVBpaiHZIBLHMzPQ3r6g

Livekanal: https://www.youtube.com/@Agitatorlive
Twitch: https://www.twitch.tv/agitator_des_marktes
Kick: https://kick.com/agitator-von-youtube
Twitter: https://twitter.com/SozialeMW

Rumble: https://rumble.com/user/Agitator_der_sozialen_Marktwirtschaft
Odysee (Erstkanal): https://odysee.com/@Imperator_der_sozialen_Marktwirtschaft:4
Odysee (Zweitkanal): https://odysee.com/@Die_sekund%C3%A4re_Agtation:7

Bosetti will predigen (Playlist): https://www.youtube.com/playlist?list=PLG-iIoB55Mr2ZdqEIgUvjjmsv3HTK4etR

Erstkanal: https://www.youtube.com/@AgitatorderMarktwirtschaft
Twitch: https://www.twitch.tv/agitator_des_marktes

  #Politik #Wirtschaft #Nachrichten #Deutschland #Migration #Neoliberalismus",1,,1.0
FqXmY1U5Ar0,"15. BRICS-Gipfel in Südafrika: Abschlussreden der Staatsführer, dazu Richard Klug (ARD) am 24.08.23","Abschlusstag 15. BRICS-Gipfel in Südafrika mit Reden von Cyril Ramaphosa (Präsident Südafrika), Luiz Inácio Lula da Silva (Präsident Brasilien), Wladimir Putin (Präsident Russland), Xi Jinping (Staatspräsident Volksrepublik China) und Narendra Modi (Ministerpräsident Indien), dazu eine Einschätzung von Richard Klug (ARD Johannesburg).",1,,1.0
vxJCAwMQRbo,Ricarda Lang und Omid Nouripur nach der B'90/Grünen-Bundesvorstandssitzung am 07.02.22,"Pressekonferenz nach der B'90/Grünen-Bundesvorstandssitzung, u.a. mit Ricarda Lang (B'90/Grüne, Bundesvorsitzende) und Omid Nouripur (B'90/Grüne, Bundesvorsitzender)",1,,1.0
fugbtKVhZks,Hassan Dabbagh - Sunnan at-Tirmidhi - Tafseer Surah 18 | سنن الترمذي   تفسير سورة,"http://Habibiflo.de
🔴➤ SUPPORT:  → ABONNIEREN und 🔔 Glocke aktivieren

🔴➤ WICHTIG:  → YouTube wird Dir nicht unsere NEUESTEN Videos anzeigen, außer Du AKTIVIERST DIE GLOCKE  🔔

⚖️  Alle Videos sind auf Rechtmäßigkeit geprüft. 

📜  Art. 5 Abs. 1 GG (verkürzt): ""Jeder hat das Recht, seine Meinung in Wort, Schrift und Bild frei zu äußern und zu verbreiten […] Eine Zensur findet nicht statt.""

👉 Links zum Kennenlernen des Islam:
http://IslamReligion.com
http://Durus.de
http://Chatislamonline.org/de
http://Way-To-Allah.com

📅 Wenn Sie Fragen zu unserer Organisation, Terminen oder unserer Referate haben, können Sie uns gerne eine Email zukommen lassen.
Sollten Sie unerwünscht auf einem der Videos zu sehen sein und wünschen dieses zu löschen, so bitten wir Sie uns den Link, ggf. den Titel und die Minute per Email zuzusenden.

📩 E-Mail: info@habibiflo.de

⚖️  Es ist nicht auszuschließen, dass die auf http://www.habibiflo.de veröffentlichten Inhalte manchmal im Widerspruch zur hiesigen Gesetzgebung stehen. Doch dies ist keine Aufforderung zur Umsetzung hier in Deutschland. Vielmehr sollen die Lehren des Islam so authentisch wie möglich vermittelt werden. Für die Inhalte der jeweiligen Texte, Audios und Sonstigem sind die jeweiligen Verfasser verantwortlich.

#Sheikh #Hassan #Dabbagh #Abu #Alhussain #Abul #Hussain #Habibiflo #Offiziell #Official",0,,0.0
IYaRyrHw_RU,"Das Attentat von Halle, das Internet und Angela Merkel","Im Podcast geht es diesmal nicht um die Kommentare zur Kolumne über Kopfhörer. 

Aus aktuellem Anlass beschäftigt sich Sascha Lobo mit den Internet-Aspekten des antisemitischen Attentats von Halle, vom Livestreaming über die 3-D-gedruckte Waffe bis zur Radikalisierung durch netzbasierte Verschwörungstheorien. 

Zusätzlich bespricht er die Mitverantwortung der letzten drei Bundesregierungen Merkel, die rechtsextremem Terror schlicht die Priorität einräumten, die sie verdient hätten – auch nicht nach dem Bekanntwerden der Rechtsterroristen des NSU. 

Musik: Chris Zabriskie - Air Hockey Saloon, CC-BY

   +++ Alle Infos zu unseren Werbepartnern finden Sie   hier (https://cmk.spiegel.de/cms/articles/16711/anzeige/podcast/hier-gibt-s-weitere-infos-zu-den-angeboten-unserer-werbepartner-innen) . Die SPIEGEL-Gruppe ist nicht für den Inhalt dieser Seite verantwortlich.   +++ 
 

   Mehr Hintergründe zum Thema erhalten Sie mit SPIEGEL+. Entdecken Sie die digitale      Welt des SPIEGEL, unter spiegel.de/abonnieren (https://abo.spiegel.de/microsites/pl/spplus/?sara_at=ac%3A%24%7Bactivity.id%7D_ex%3A%24%7Bcampaign.recipe.id%7   D&sara_ecid=pod_own_MSu4Os5jpsM8hhQ16j95kSI0mSBj9p)  finden Sie das passende Angebot.   
 
 

   Alle SPIEGEL Podcasts finden Sie hier (https://www.spiegel.de/audio/) .   
 

   Den SPIEGEL-WhatsApp-Kanal finden Sie hier (https://www.whatsapp.com/channel/0029VaCcJmDHgZWXoZcsJE3E) . 
 

   Hier (https://shop.spiegel.de/)  geht es zu unserem SPIEGEL Shop.    
 

   Alle Newsletter vom SPIEGEL finden Sie hier (https://www.spiegel.de/newsletter) .    
 

   Hier (https://akademie.spiegel.de/kurse/alle-kurse?sara_ecid=pod_own_hXxO2y5ZoyFACzEGjqe8PSfwGan12Z)  geht es zur SPIEGEL Akademie.    
 

   Sie möchten den SPIEGEL mitgestalten? Registrieren Sie sich bei SPIEGEL Perspektiven (https://panel.gruppe.spiegel.de/?source=37) .   
 
 

   Informationen zu unserer   Datenschutzerklärung (https://www.spiegel.de/datenschutz-spiegel) .",1,,1.0
0890OwZC0nM,ZIB 2: Virologe Krammer erwartet Omikron-Welle (15.12.2021),"Hallo. Hier gibt es für euch ein weiteres ""ZIB 2""-Interview auf meinem Kanal. In der Ausgabe vom 15.12.2021 war Florian Krammer zu Gast in der Sendung. Gute Unterhaltung!
Website der Sendung: https://der.orf.at/unternehmen/programmangebote/fernsehen/sendungen/sendungen-z/zib-zwei102.html",1,,1.0
l8aWv76lu-Y,Faeser kündigt neue Grenzkontrollen an | AFP,"Vor dem Hintergrund hoher Flüchtlingszahlen hat Bundesinnenministerin Nancy Faeser (SPD) stationäre Grenzkontrollen zu Polen, Tschechien und der Schweiz bei der EU-Kommission angemeldet.

Sie möchten mehr über die Angebote von AFP erfahren oder ein Video lizenzieren, das Sie auf unserem Kanal gesehen haben? Hier entlang, bitte 👉 http://u.afp.com/wvho 
N.B.: Die Angebote und Inhalte von AFP sind nur für den professionellen Gebrauch bestimmt.",1,,1.0
iEI2Q0XeElg,"Altkanzler Schröder mahnt zur Besonnenheit. Diplomatie sei jetzt wichtiger denn je, um Risiken zu mi","Altkanzler Schröder mahnt zur Besonnenheit. Diplomatie sei jetzt wichtiger denn je, um Risiken zu minimieren und Frieden zu sichern. Seine Erfahrung spricht Bände. #Schröder #Frieden #Diplomatie #Eskalation #Politik",1,,1.0
f07ipekVg48,Mord oder tragischer Unfall? Eiskeller-Prozess erneut vor Gericht,"Tatsächlich Mord – oder doch ein tragischer Unfall? Um diese Frage geht es seit heute am Landgericht Traunstein. Wegen Verfahrensfehlern wird der sogenannte „Eiskeller-Mord“ an der Studentin Hanna aus Aschau neu aufgerollt. Wir waren vor Ort.

Ihr wollt mehr von 17:30 SAT.1 Bayern sehen? Dann schaut hier auf Joyn vorbei: https://url.joyn.de/17-30-sat1-bayern/description 

Freigegeben ab 12 Jahren

Impressum: https://www.sat1.de/service/impressum",0,,0.0
cV4aERkft1s,Endlich LUSTIG?🤣 Monte REAGIERT auf Unusual Memes | MontanaBlack Reaktion,"Endlich LUSTIG?🤣 Monte REAGIERT auf Unusual Memes | MontanaBlack Reaktion

Video: https://youtu.be/Yll9UCLmc-0



🎬 MontanaBlack:

https://www.youtube.com/MontanaBlack88

https://www.youtube.com/SpontanaBlack

https://www.twitch.tv/montanablack88



📅 Livestream vom 13.08.2022



👕 Merchandise & Exklusiver Content:

https://montanablack.de/



🎵 Verwendete Musik:

Outro: Bosshafte Beats - Rettungsschwimmer",0,,0.0
ZlCPBMKXzhQ,💥 DIE GROßE BEFÜRCHTUNG MACHT NERVÖS! 💥,"Wirtschaft aktuell: Was passiert jetzt? Jetzt ein Demokonto eröffnen & in Sachwerte kaufen? Negativzinsen durch ein Online Bankkonto umgehen? Macht Forex Trading, CFD Handel und Aktien oder der sichere Hafen Girokonto und Gold Sinn? Ray Dalio, Markus Krall, Dirk Müller und andere Experten klären auf! Wirtschaftliche Entwicklung kompakt zusammengefasst! Wie soll ich jetzt investieren? Wie funktioniert die Wirtschaft? Kommt die Bankenkrise? Wie jetzt investieren? Welche Geldanlage wird sich langfristig durchsetzen? Schreib uns deine Meinung!
🏆 IMMER DEN BESTEN FINANZANBIETER FINDEN ➔ https://corofin.de/
🏆 DIE WAHRHEIT - UNSER ZWEITKANAL ➔ https://www.youtube.com/@diewahrheit-geldwirtschaft6113
🏆 ANDREAS POPP & EVA HERMANN ➔ https://t.me/s/EvaHermanOffiziell
🏆 WEIL WIR OFT DANACH GEFRAGT WERDEN, WELCHE ANBIETER WIR EMPFEHLEN KÖNNEN: 🏆

🔑SICHERE DIR 1 % KREDITZINSEN FÜR: 🔑

- IMMOBILIENKÄUFE IN DER ZUKUNFT

- MODERNISIERUNGEN IN DER ZUKUNFT

- RESTSCHULDEN

- FÜR DEN SPÄTEREN IMMOBILIENKAUF DEINER KINDER

SCHREIB UNS GERNE UNTER: erfolgskanal@web.de (UNBEDINGT MIT TELEFONNUMMER)

------------

FINANZMANAGEMENT

💰 KOSTENLOS AKTIEN, ROHSTOFFE UND WÄHRUNGEN HANDELN ➔ https://bit.ly/3UgMPeB

💸 20 € PRÄMIE AUF DEN 1. ETF-SPARPLAN ➔ https://bit.ly/2SYvcSK

💵 KOSTENLOSES GIROKONTO OHNE STRAFZINSEN ➔ https://bit.ly/3BRAq9x


------------

⚖ ERARBEITUNG EINES INDIVIDUELLEN KONZEPTS & COACHING IN DEM BEREICH FINANZEN/VORSORGE  ⚖

TERMINANFRAGE UNTER: erfolgskanal@web.de (UNBEDINGT MIT TELEFONNUMMER)

------------

🙏 WIR DANKEN DIR FÜR JEDES TEILEN UND JEDEN DAUMEN NACH OBEN! 🙏


Wichtig zum Anbieter etoro:
eToro ist eine Multi-Asset-Plattform, die sowohl Investitionen in Aktien und Krypto-Assets als auch den Handel mit CFDs anbietet. Bitte beachten Sie, dass CFDs komplexe Instrumente sind und aufgrund der Hebelwirkung ein hohes Risiko bergen, schnell Geld zu verlieren. 68 % der Privatanlegerkonten verlieren beim CFD-Handel bei diesem Anbieter Geld. Sie sollten sich überlegen, ob Sie verstehen, wie CFDs funktionieren und ob Sie es sich leisten können, das hohe Risiko einzugehen, Ihr Geld zu verlieren.

---------------------------

Beliebte Videos auf dem Erfolgskanal:

Blackout in China: https://www.youtube.com/watch?v=HDKRdI0BY4E

Dirk Müller Bargeldprognose: https://www.youtube.com/watch?v=gPnUrj0QzzI

Ausverkauft - Lieferengpass & Mehr: https://www.youtube.com/watch?v=jrOrrRl0cq4&t=9s

Provoziert China eine Krise: https://www.youtube.com/watch?v=XPlHKXoYj0c

Markus Krall Prognose: https://www.youtube.com/watch?v=06w1Yvbe_Vs
---------------------------

🏆 HIER ZUM DEPOT GESAMTSIEGER ➔ https://bit.ly/2VSscrq

🏆 20 € PRÄMIE AUF 1. ETF-SPARPLAN ➔ https://bit.ly/2SYvcSK

---------------------------

Auf dem Erfolgskanal erhaltet ihr tagesaktuelle Wirtschaftsnachrichten und Analysen von den besten Finanzexperten. Markus Krall, Dirk Müller, Max Otte und auch andere Experten kommen hier regelmäßig zu Wort. Dirk Müller beispielsweise hat einen erfolgreichen Youtubekanal Cashkurs und ist ein erfolgreicher Fondsmanager, der regelmäßig bloggt. 

Markus Krall, Gold Chef von Degussa, versteht es die komplexen Zusammenhänge von Gold, Finanzsystem und Geld einfach zu erklären und die Schwachstellen aufzuzeigen. Er ist aktuell besonders mit der Atlas Initiative unterwegs. Auch sein Wissen zu Gold thematisieren wir regelmäßig in unserer Goldserie. 

Wie funktioniert die Wirtschaft? Welche wirtschaftlichen Entwicklungen sind wichtig? Welche Chancen und Risiken gibt es an den aktuellen Märkten? Schreib uns deine Meinung zur aktuellen Situation in die Kommentare. Worin investierst du aktuell dein Geld?

In unserer neuen täglichen Kryptowährung Serie geben wir die die wichtigsten Antworten zu den Themen Ethereum, Bitcoin und ähnlichen Interessensgebieten.

---------------------------

Wichtige Schlagwörter

#wirtschaft #finanzen #community #geldanlage #demokonto #demodepot #demobroker #forexbroker #forexhandel #wirtschaftaktuell #wirtschaft #wirtschaftsnachrichten #finanzstrategie #prognosen #nachrichten #vermögenssicherung #bitcoin #geld #wirtschaftaktuell #geldanlage #news #gold #goldkaufen #aktienkaufen #aktien #krise #wirtschaftskrise #blackout #markuskrall #dirkmüller #cashkurs #waskommt #finanzen #finanzcommunity #richtiginvestieren #etoro #etorotrading #etoroerfahrung #bitcoin #bitcoinkaufen #kryptowährungen #kryptowährung #bitcoins #trading #bitcointrading #wirtschaftsnews #bitcoinkaufen #aktienkaufen #welcheaktienkaufen #geldanlage #negativzinsen #krypto #kryptos #geldanlegen #finanzwelt #money

---------------------------

Allgemeiner Hinweis

In der Infobox können Affiliate Links verwendet werden. Falls der Besucher über diese Links einen Kauf tätigt, kann eine Provision für den Videoproduzent als Unterstützung des Kanals. Es erfolgt keine Anlageberatung. Jeder ist für seine Strategien selbst verantwortlich. Es ist ein Totalverlust möglich. Es kann keine Garantie für die Richtigkeit und Vollständigkeit der Inhalte gewährt werden.",-1,1.0,1.0
GiLsEgTQlZA,Abu Alia - Abu Ishaq As Safuriyy:  Vergleiche ： Jahre Sünden ⧸ Jahre Gute Taten,"http://Habibiflo.de
🔴➤ SUPPORT:  → ABONNIEREN und 🔔 Glocke aktivieren

🔴➤ WICHTIG:  → YouTube wird Dir nicht unsere NEUESTEN Videos anzeigen, außer Du AKTIVIERST DIE GLOCKE  🔔

⚖️  Alle Videos sind auf Rechtmäßigkeit geprüft. 

📜  Art. 5 Abs. 1 GG (verkürzt): ""Jeder hat das Recht, seine Meinung in Wort, Schrift und Bild frei zu äußern und zu verbreiten […] Eine Zensur findet nicht statt.""

👉 Links zum Kennenlernen des Islam:
http://IslamReligion.com
http://Durus.de
http://Chatislamonline.org/de
http://Way-To-Allah.com

📅 Wenn Sie Fragen zu unserer Organisation, Terminen oder unserer Referate haben, können Sie uns gerne eine Email zukommen lassen.
Sollten Sie unerwünscht auf einem der Videos zu sehen sein und wünschen dieses zu löschen, so bitten wir Sie uns den Link, ggf. den Titel und die Minute per Email zuzusenden.

📩 E-Mail: info@habibiflo.de

⚖️  Es ist nicht auszuschließen, dass die auf http://www.habibiflo.de veröffentlichten Inhalte manchmal im Widerspruch zur hiesigen Gesetzgebung stehen. Doch dies ist keine Aufforderung zur Umsetzung hier in Deutschland. Vielmehr sollen die Lehren des Islam so authentisch wie möglich vermittelt werden. Für die Inhalte der jeweiligen Texte, Audios und Sonstigem sind die jeweiligen Verfasser verantwortlich.

#Abu #Alia #AbuAlia #Habibiflo #Offiziell #Official",-1,-1.0,-1.0
7Pgk0Nm8jeE,KLARTEXT: Wie lange lassen wir uns das noch gefallen?,"📈 ANLAGE-KOMPETENZ: Kostenloses Webinar von Edelmetall-Spezialisten für dich
👉 https://kettner.shop/Webinar_YT

🚨 Folge mir auf X und erfahre INSIDER Themen vor allen anderen: 
https://x.com/Dominik_Kettner

🔐 Sichere dir deinen Platz bei der Gold Night und baue Wissen auf:
👉 https://kettner.shop/Goldnight_YT

 🏝️ Zur Sommer-Live-Event Aufzeichnung: https://www.kettner-edelmetalle.de/live/sommer-live-mallorca

✅ JETZT die ganze Podcast-Folge anschauen: https://youtu.be/JSdm36IldJI

🔔 Zu unserem Podcast Kanal: https://www.youtube.com/@KoljaKettner/podcasts

🎙️ Unseren Podcast auf Spotify hören:
↪︎ https://open.spotify.com/show/0ixcUBfC6JGBxXZxfh0aGc?si=afc30126317b4b72

🎙️Unseren Podcast auf Apple Music hören:
↪︎ https://podcasts.apple.com/us/podcast/kolja-kettner-–-frei-schnauze/id1695365867

In diesem Podcast Ausschnitt geht es um Politik, Demokratie oder zumindest das, was davon übrig ist und die hemmungslose Steuergeld-Verschwendung, die wir mit unseren eigenen Augen miterleben dürfen. Wir präsentieren Kolja Barghoorn und Dominik Kettner in einer weiteren Folge des neuen Podcasts ""Kolja & Kettner - Frei Schnauze""

▶️ Folge Kolja: https://youtube.com/@AktienMitKopf

⭐ GOLD KAUFEN
↪︎  Münzen: https://kettner.shop/gold-m_7Pgk
↪︎  Barren: https://kettner.shop/gold-b_7Pgk

🪙 SILBER KAUFEN
↪︎  Münzen: https://kettner.shop/silber-m_7Pgk
↪︎  Barren: https://kettner.shop/silber-b_7Pgk

✅ EDELMETALL-EINSTEIGER
↪︎  500€: https://kettner.shop/500_7Pgk
↪︎  2000€: https://kettner.shop/2000_7Pgk
↪︎  5000€: https://kettner.shop/5000_7Pgk
↪︎  10.000€: https://kettner.shop/10000_7Pgk

📞  BERATUNG
↪︎  +49 7930 - 2699

🛒 ONLINE-SHOP
↪︎  https://kettner.shop/7Pgk

🔔 KANAL ABONNIEREN
↪︎ https://kettner.shop/YouTube-Kanal_Abonnieren

⏰ ZWEITKANAL
↪︎  https://kettner.shop/shorts-kanal

▶️ INSTAGRAM
↪︎  https://www.instagram.com/kettneredelmetalle/​

▶️ INSTAGRAM Dominik Privat
↪︎  https://www.instagram.com/dominik_kettner/​

📚 KOSTENLOSES E-BOOK
↪︎ https://kettner.shop/masterplan_7Pgk

Gold kaufen bei Kettner-Edelmetalle.de - unser Unternehmen zählt zu den größten Edelmetallhändlern Europas. Kaufen Sie bei einem vertrauenswürdigen Händler, lassen Sie sich die Lieferung diskret zu Ihnen nach Hause senden!

Wie hat Ihnen das Video “Wie lange lassen wir uns das noch gefallen? (Rekord-Verschwendung)” gefallen? Wir würden uns über einen Daumen nach oben, einen Kommentar oder ein Abo unseres YouTube-Kanals freuen.

Vielen Dank und bis zum nächsten Video!

#demokratie #politik #freischnauze",-1,1.0,1.0
ufIraHIcmWk,ASTRO TV WAHNSINN: Kalkofe entlarvt die Scharlatan-Schwestern! 😱🔮 | KALKOFES MATTSCHEIBE | KalkTV,"Sando im Vogelsand stochert mit dem Game-of-Thrones-Brieföffner tiefer in der menschlichen Verblödung herum, als es jeder Bordellrechnung lieb sein könnte. Während die eine Dame noch über treue Kondome in der Hosentasche philosophiert, rührt der nächste Scharlatan bereits die Pisse-warme Muckefuck-Trikolore für die Insassen im kollektiven Irrenhaus an. Von der sprechenden Endmoräne bis hin zum Tiger-Guru, der seine Sesselpfurzer-Zuschauer wachbrüllt, wird hier jede Gehirnzelle einzeln und ungefettet in die 5D-Dimension verabschiedet. Wer ernsthaft glaubt, dass ein zertifizierter Einhorndildo und ein Schamane mit Morgenurin-Signatur die Aura reinigen, dem ist wahrlich nicht mehr zu helfen, außer vielleicht mit einer Überdosis Beruhigungstabletten. Am Ende bleibt nur die Erkenntnis, dass das Leben eben doch kein Ponyhof ist, sondern eine zertifizierte Einhornzucht für diplomierte Schwindler und deren treue Melkkühe.

#kalktv #KalkofesMattscheibe #OliverKalkofe

Hier geht es zur ""Kalkofes Mattscheibe"" Playlist: https://www.youtube.com/playlist?list=PLnwDIi44aLdliirAu_bFGHyvRsrL8yFHc

Weitere Mattscheiben Clips unter: bit.ly/5_KalkofesWelt

Oliver Kalkofe bei Facebook: https://www.facebook.com/kalkofe

KALKOFES MATTSCHEIBE - Eine Tele 5 Produktion im Auftrag 
der Rat Pack Filmproduktion und Kalk TV.",0,,0.0
CDRFd4gZ2KQ,COMPACT.Der Tag vom 16.2.2022,"Die vollständige Sendung finden Sie hier: https://tv.compact-online.de/compact-der-tag-vom-16-2-2022/

Viele Bürger können es nur schwer verstehen: Auch potentielle Terroristen und fanatische Islamisten erhalten in Deutschland einen Flüchtlingsstatus. Denn in Kriegsgebiete kann nicht abgeschoben werden Das gleiche gilt, wenn den Betroffenen in ihrer Heimat beispielsweise die Todesstrafe droht. Dennoch hatte die Bundesregierung die Rückführungen nach Syrien im vergangenen Jahr ermöglicht. Nun gibt es erstmals Zahlen, wie viele Gefährder seitdem ausreisen mussten. Die Einzelheiten erfahren Sie in COMPACT.Der Tag am 16. Februar. Und damit herzlich willkommen zu den wichtigsten Nachrichten des Tages. Das sind einige unserer Themen.  

- Spaziergang in Potsdam – Wenn die Antifa mal wieder Hitler sieht
- Kriegsspiele – Freddy Ritschel fragt, wie lange der Frieden wohl diesmal hält
- Gefährder in Deutschland – Islamisten sind weiter willkommen 
- Bußgelder – Wie wehren gegen die Willkür-Strafen?
- Das Letzte – Ministerpräsidentenkonferenz: Fallen jetzt wirklich die Masken?

Sie finden COMPACT-TV wichtig und gut und wollen dazu beitragen, dass wir unser – für Zuschauer kostenloses! – Programm weiter ausbauen? Dann werden Sie doch Mitglied im COMPACT-Club: https://www.compact-online.de/jetzt-mitglied-im-compact-club-werden/ Als Clubmitglied unterstützen Sie unsere Aufklärungsarbeit mit einem kleinen Monatsbeitrag – vor allem den Ausbau unsere kostenlosen Nachrichtensendung COMPACT.DerTag, unserem abendlichen Immunschutz gegen die Propaganda des Regimes.

COMPACT-Club ist das Netzwerk für alle, die frei leben und die Wahrheit verbreiten wollen. Wir sind viele – und wir werden immer mehr! Mit uns wächst das Geheime Deutschland! Jedes Clubmitglied erhält ein T-Shirt mit dem Slogan “Wir sind frei” – so finden sich die Gleichgesinnten. Hier gibt es alle Infos und das Beitrittsformular: https://www.compact-online.de/jetzt-mitglied-im-compact-club-werden/",1,,1.0
h1okvRRChXQ,"Märkte am Morgen: Walmart, Bitcoin, Commerzbank, SMA, Hensoldt, Rheinmetall, Telekom, Shop Apotheke","Der DAX hat einen ruhigen Handelstag hinter sich. Letzten Endes schloss er gerade einmal vier Pünktchen tiefer. Auch heute dürfte der Start erst einmal wenig bewegt ausfallen. Immerhin greift die Wall Street nach dem gestrigen Feiertag wieder ein.

Bei den Einzelwerten geht es heute um Walmart, Bitcoin, Commerzbank, SMA Solar, Hensoldt, Rheinmetall, Deutsche Telekom, Shop Apotheke, Airbus und Adidas.

Martin Weiß, stellvertretender Chefredakteur vom Anlegermagazin DER AKTIONÄR, informiert über die Lage an den Märkten.

Live aus Frankfurt meldet sich Korrespondentin Kübra Anac mit einem ersten Stimmungsbericht kurz vor Handelsbeginn.

👉Machen Sie mehr aus Ihrem Geld und werden Sie jetzt AKTIONÄR. Mit dem Willkommenspaket 4 Ausgaben plus Prämie zum Vorteilspreis sichern. Worauf warten Sie? https://tiny.li/uH2g

Hier bekommt Ihr den AKTIONÄR: https://www.boersenmedien.de/deraktionaer/1 

 -----

►► Folgt uns hier:◄◄
🎭 Facebook: https://de-de.facebook.com/aktionaer/
🐦 Twitter: https://twitter.com/aktionaer
📷 Instagram: https://www.instagram.com/deraktionaer/
🎬 TikTok: https://www.tiktok.com/@einfachboerse?
🎬 TikTok: https://www.tiktok.com/@deraktionaer

Zufrieden? Bewertet uns auf Google!
https://g.page/r/CWZ1FzK_GJjdEAg/review",1,,1.0
XWuM3sM6WoQ,Abu Maher - KEIN ERFOLG WEGEN SÜNDEN,"http://Habibiflo.de
🔴➤ SUPPORT:  → ABONNIEREN und 🔔 Glocke aktivieren

🔴➤ WICHTIG:  → YouTube wird Dir nicht unsere NEUESTEN Videos anzeigen, außer Du AKTIVIERST DIE GLOCKE  🔔

⚖️  Alle Videos sind auf Rechtmäßigkeit geprüft. 

📜  Art. 5 Abs. 1 GG (verkürzt): ""Jeder hat das Recht, seine Meinung in Wort, Schrift und Bild frei zu äußern und zu verbreiten […] Eine Zensur findet nicht statt.""

👉 Links zum Kennenlernen des Islam:
http://IslamReligion.com
http://Durus.de
http://Chatislamonline.org/de
http://Way-To-Allah.com

📅 Wenn Sie Fragen zu unserer Organisation, Terminen oder unserer Referate haben, können Sie uns gerne eine Email zukommen lassen.
Sollten Sie unerwünscht auf einem der Videos zu sehen sein und wünschen dieses zu löschen, so bitten wir Sie uns den Link, ggf. den Titel und die Minute per Email zuzusenden.

📩 E-Mail: info@habibiflo.de

⚖️  Es ist nicht auszuschließen, dass die auf http://www.habibiflo.de veröffentlichten Inhalte manchmal im Widerspruch zur hiesigen Gesetzgebung stehen. Doch dies ist keine Aufforderung zur Umsetzung hier in Deutschland. Vielmehr sollen die Lehren des Islam so authentisch wie möglich vermittelt werden. Für die Inhalte der jeweiligen Texte, Audios und Sonstigem sind die jeweiligen Verfasser verantwortlich.

#Sheikh #Abu #Maher #AbuMaher #Habibiflo #Offiziell #Official",-1,-1.0,-1.0
x5f8Jd-MqF0,Wahrheit der Karten,"Übersicht: https://www.youtube.com/@tarastro3500/featured
ALLE Videos: https://www.youtube.com/@tarastro3500/videos
Mehr Infos 👇

····················································································
wie wahr die karten sind! Erlebnisse und Gedanken zu den Karten
···················································································· 
YouTube-Tags:
#tarot #psychologie #hilfe #selbsthilfe #lakowski #wahrheit #erlebnis #karten

📺 Kanal: 
Auf meinem YouTube-Kanal erwartet dich eine vielseitige Auswahl an Inhalten, die von detaillierten Monatsprognosen über wöchentliche Lesungen bis hin zu speziellen Tarot-Legungen für besondere Ereignisse und Jahresvorausschauen reichen. Ich nutze unterschiedliche Tarot-Decks, um eine breite Palette von Perspektiven und Interpretationen anzubieten. Die Links zu allen verwendeten Decks findest du jeweils unter den Videos – so kannst du dir die Decks selbst zulegen und tiefer in die Welt des Tarots eintauchen. 

Lasst uns diese Plattform nutzen, um uns gegenseitig zu inspirieren, zu unterstützen und zu bereichern. Egal, ob ihr neu in der Welt des Tarot seid oder erfahrene Praktizierende, hier seid ihr alle willkommen, eure Gedanken, Fragen und Erkenntnisse zu teilen.

Meine Arbeit hier auf YouTube ist und bleibt kostenfrei für alle.

👍 Gefällt dir das Video? 
Ein einfacher Daumen nach oben und das Teilen meines Videos helfen, meine Reichweite zu vergrößern und neue Zuschauer zu gewinnen. Das ist eine großartige Möglichkeit, den Kanal zu unterstützen, ohne finanzielle Mittel einzusetzen. 

Möchtest du einen zusätzlichen Beitrag leisten? Deine Spenden helfen mir, bessere Ausrüstung zu beschaffen, Kreativität zu fördern und die Qualität der Inhalte kontinuierlich zu steigern. 

Kauf mir einen Kaffee : 
https://www.paypal.com/paypalme/hanslakowski1

Per Banküberweisung : 
H.Lakowski (Praxis van Hoogeland) 
IBAN DE 02 4306 0967 1118 2647 00

Kanalmitglied werden und exklusive Vorteile erhalten:
https://www.youtube.com/channel/UCbOfm_sQGHhlKzdekKvEKdg/join

👇Weiterbildungen und Seminare 
https://www.tarastro.de/Seminare 

🔗 Social & Co
INSTAGRAM: https://www.instagram.com/tarastro2023
TIKTOK: https://www.tiktok.com/@tarastro23
TELEGRAM: https://t.me/tarastro3500

Die aktuell genutzten Kartendecks findet Ihr unter den folgenden Links:  
- Tarot Rider Waite * https://amzn.to/3IP93zw
- Mystische Schamanen-Orakel-Karten * https://amzn.to/3TP33xa
- Spellcaster´s Tarot * https://amzn.to/4cFYpcm
- Katzen-Gurus * https://amzn.to/4beuuXn
- ICH BIN Gegenwart * https://amzn.to/4aiobAT
- Gjallarhorn- Das nordische Orakel * https://amzn.to/3Kk8SNJ
- Krafttiere – Begleiter, Helfer und Beschützer * https://amzn.to/3KtOFFh
- Spirituelle Weisheit aus dem Reich der Tiere * https://amzn.to/3yztLly

* Die mit * gekennzeichneten Links sind Affiliate Links. Diese dienen zur Orientierung und zum einfachen Finden der Produkte und werden, falls sie genutzt werden, mit einer kleinen Provision ausgezahlt, ohne Mehrkosten für den Kunden zu verursachen.",-1,0.0,0.0
wQ5FhxF2HSA,Wir brauchen sofort eine Bildungs- und Migrationswende! Dr. Götz Frömming- AfD-Fraktion im Bundestag,"Offizieller Kanal der AfD-Fraktion im Deutschen Bundestag
Jetzt abonnieren ► https://www.youtube.com/channel/UC_dZp8bZipnjntBGLVHm6rw/about?sub_confirmation=1

Unsere Webseite
https://afdbundestag.de/

Andere Social Media Kanäle
Facebook: https://www.facebook.com/afdimbundestag/
Twitter: https://twitter.com/AfDimBundestag/
Instagram: https://www.instagram.com/afdimbundestag
Telegram: https://t.me/afdfraktionimbundestag
TikTok: https://www.tiktok.com/@afdfraktionimbundestag",1,,1.0
ILrWpGa3Gkw,Lobbyland Podcast – Folge 36 – Teil 2: Einfache Lösungen? Ausverkauf Zukunft,"Dürren, Brände, Wassernot … Für unsere Umwelt- und Klimakrise gibt es keine einfachen Lösungen. Es geht um ein komplexes System und die Feuerwehr rufen reicht nicht. Aber was haben wir außer Greenwashing und Schönreden zu bieten? Die Profitlobby arbeitet unter Hochdruck daran, dass nichts passiert … 

Käthe und Marco reden über einfache Lösungen, Komplexität, Externe Kosten und Toprunner …

🆕Überall wo ihr Podcasts hört 
🦾 Was du jetzt leicht machen könntest, um uns zu unterstützen: Diese Folge zu bewerben und auf den Plattformen zu bewerten.  
Damit erhöht sich die Reichweite und wir können mehr Menschen erreichen.✨


-----Lobbyland - Demokratie statt Lobbyrepublik! Initiative. Buch. Podcast.


➔ Jetzt neu auch auf YouTube. Und überall, wo es Podcasts gibt.
➔ Mehr zu Lobbyland:
■ https://lobbyland.de
■ https://www.instagram.com/lobbyland_de


➔ Mehr zu Marco:
■ https://facebook.com/marco.buelow
■ https://twitter.com/marcobuelow
■ https://www.instagram.com/marcobuelow/


➔ Feedback? Mitmachen?
■ Schreibt uns an team@lobbyland.de :-)",1,,1.0
09Vf4zV4xfk,Wegen NEUER KRYPTO-STEUER: STEUERBERATER RÄT zum BITCOIN-VERKAUF! 😳 Wieso das GEFÄHRLICH IST! 🚨,"Ein vermeintlicher Bitcoin-Steuertrick sorgt für Diskussionen: Jetzt verkaufen und direkt neu kaufen, um alte Gewinne steuerfrei zu sichern? Warum genau das zur gefährlichen Falle werden könnte.

🔥 Blocktrainer Terminal im Shop!
👉 https://shop.blocktrainer.de/products/blocktrainer-terminal

▬ Empfehlungen ▬
🤩 BTC Prag - Die Bitcoin Konferenz! Rabatt-Code: BLOCKTRAINER
🔥 https://ref.blocktrainer.de/btcprague/yt/bian/09Vf4zV4xfk

🔥 Jetzt Bitcoin kaufen mit der 21Bitcoin App!
💸 Spare Gebühren mit dem Code: BLOCKTRAINER
👉 https://ref.blocktrainer.de/21bitcoin/yt/bian/09Vf4zV4xfk

🔒 BitBox Bitcoin Hardware Wallet!
👉 https://ref.blocktrainer.de/bitbox/yt/bian/09Vf4zV4xfk

🔥 Firefish Bitcoin Kredite!
🔥 Spare Gebühren mit dem Code: BLOCKTRAINER
👉 https://ref.blocktrainer.de/firefish/yt/bian/09Vf4zV4xfk

🔨 Seedor Stahlwallet - 5% Rabatt in unserem Shop!
👉 https://shop.blocktrainer.de/collections/wallet-backups

▬ Support und Spenden ▬
❤️Werde YouTube Kanalmitglied und erhalte tolle Vorteile
👉 https://www.youtube.com/channel/UCG6KtMc5WYB-ppxwpaX5CFw/join

🔗Spenden, Empfehlungslinks & mehr!
👉 https://www.blocktrainer.de/unterstuetze-uns/

▬ Weitere Blocktrainer Inhalte ▬
𝕏 Blocktrainer
👉 https://x.com/blocktrainer
𝕏 Roman Reher
👉 https://x.com/RomanReher

👨‍👩‍👧‍👦 Bitcoin & Blocktrainer Forum
👉 https://forum.blocktrainer.de/

📷 Instagram
👉 https://www.instagram.com/blocktrainer.de/

🎙️ Podcast 
👉 https://fountain.fm/show/ADTv5peXawDPJBSQnV1r

💬 TELEGRAM 
👉 https://t.me/blocktrainergruppe

▬ Quellen & Links ▬

Ausschnitt aus dem Livestream:
https://www.youtube.com/watch?v=KqKEB9XLsiU

▬ Timestamps ▬

00:00 - Haltefrist vor dem Aus?
01:46 - Fragwürdiger Steuer-Tipp
03:50 - Fataler Fehler?
05:52 - CDU/CSU gegen Abschaffung
07:00 - Bitcoin & Bestandsschutz
10:14 - Steuerexperte folgt

▬ Disclaimer ▬
Ich bin kein Finanzberater und meine Inhalte sind auch nicht als Finanzberatung zu verstehen!
Die in diesem Video geteilten Informationen stellen keine steuerliche oder rechtliche Beratung dar. Sie dienen ausschließlich der allgemeinen Information und spiegeln persönliche Meinungen wider.
Bitte berücksichtigen Sie, dass steuerliche Regelungen komplex sind und sich ändern können.
Für Ihre individuelle Situation wenden Sie sich unbedingt an eine Steuerberaterin oder einen Steuerberater.
Eine Haftung für die Richtigkeit, Vollständigkeit oder Aktualität der Inhalte wird ausgeschlossen.
Mein Content bezieht sich auf das Erklären von Technologie und die damit verbundenen Vorteile.

#Bitcoin #BTC #Steuer #Haltefrist",1,,1.0
WaDms8XqU40,"Jesionek über SOS Kinderdorf: ""Jeder ist eine Mischung aus Jekyll und Hyde""","Eine zweite Kommission soll aufdecken, was eine erste nicht zustande gebracht hat - die Missbrauchsfälle in den SOS-Kinderdörfern aufklären. Über die vielen, unbekannten Opfer spricht kaum jemand und auch nicht darüber, dass die meisten Übergriffe in den eigenen vier Wänden stattfinden - in der Familie. 
Wie man damit leben kann und warum Missbrauch verjährt, darüber spricht Udo Jesionek (88), Jurist, ehemaliger Präsident des Jugendgerichtshofs und Ehrenpräsident der Opferhilfeorganisation Weißer Ring.  An einem Spezial-Tresen der Milchbar geht es um die 68er, Schmerzensgeldhöhen, Schockschäden, Colas mit Häftlingen und eine Erinnerung. Die 83. Milchbar mit Udo Jesionek, Raffaela Lindorfer und Johanna Hager. 

Mehr auf unserer Webseite: https://kurier.at

Folge uns auf Instagram: https://www.instagram.com/kurier/
Folge uns auf TikTok: https://www.tiktok.com/@kurier.at
Folge uns auf Facebook: https://www.facebook.com/KURIER/
©Kurier 2025",-1,1.0,1.0
raIxMEn8BIw,"💥""ZWISCHENFALL"" BEI AfD💥","Ein schwerer Zwischenfall bei dem AfD Wahlkampfauftakt in Heilbronn, dort wurde eine ""stark riechender Flüssigkeit"" verteilt!!
🔔 Kanal abonnieren: https://www.oli.net/blitzmeldung
👍 Mit einer Spende unterstützen: https://oli.net/spenden

📰 Quellen
- https://bit.ly/473s8Zb
- https://bit.ly/3PyNFm8
- https://bit.ly/4cFbQt4
- https://bit.ly/3IQgJBJ
- https://bit.ly/43vdtVP
- https://bit.ly/3PB9JfU
- https://bit.ly/3IWuCOF
- https://bit.ly/3xaDIoE
- https://bit.ly/3vpouLM

💬 Hashtags
#AfD #Europawahl #Heilbronn",1,,1.0
HEkuh-fOvms,"Song gegen Rechts von Omas gegen Rechts ""Nürnberg bewegt sich"" & Antifa Gegendemo 24.1.26",Ganzes Video: https://youtu.be/LgUiERFynx0,1,,1.0
HSIxt3dFbvk,„Bildschirmzeit reduzieren - Dein Eltern-Guide:…“ von Daniela Vollmer-Brink · Hörbuchauszug,"BEI GOOGLE PLAY BÜCHER KAUFEN ►► https://g.co/booksYT/AQAAAEAa9we3DM

Bildschirmzeit reduzieren - Dein Eltern-Guide: Gesunde Mediennutzung für digitale Balance: Handykonsum Jugendliche steuern.
Verfasst von: Daniela Vollmer-Brink
Vorgelesen von Zephyr (AI)

0:00 Intro
0:03 
2:36 
4:55 
6:09 Outro

#danielavollmerbrink

—
GOOGLE PLAY BÜCHER

Bei Google Play Bücher findest du immer wieder tollen Lesestoff.

Google Play Bücher ist eine digitale Buchhandlung, die weltweit E-Books, Hörbücher, Comics und Mangas anbietet.  Du findest dort Buchempfehlungen, die auf dich abgestimmt werden.

iOS-App herunterladen: https://goo.gle/books-ios
Android-App herunterladen: https://goo.gle/books-android

—
BUCHBESCHREIBUNG

Ist die Bildschirmzeit Ihrer Kinder außer Kontrolle? Fühlen Sie sich hilflos angesichts von Smartphone–Sucht Ihrer Kinder und endlosem Medienkonsum? Dieser Eltern–Guide bietet Ihnen die Lösung! Erfahren Sie, wie Sie mit einfachen Mediennutzungs–Regeln die Bildschirmzeit der Teenager und die Online Zeit reduzieren können. Fördern Sie eine gesunde Mediennutzung und schaffen Sie digitale Balance in Ihrer Familie. Mit praktischen Strategien für einen echten Digital Detox. Als Eltern meistern Sie die Herausforderung, die Bildschirmzeit zu reduzieren und geben Ihren Kindern ihre Kindheit zurück. Holen Sie sich jetzt die Kontrolle zurück!

—
DETAILS ZUM HÖRBUCH

Bei Google Play Bücher kaufen ►► https://g.co/booksYT/AQAAAEAa9we3DM
Sprache: Deutsch
Verlag/Publisher: AudioEmpire via PublishDrive
Veröffentlicht am: 17. November 2025
ISBN: 9783999911991
Dauer: 1 Std., 1 Min.
Genres: Selbsthilfe / Substanzmissbrauch & Sucht / Allgemeines",-1,-1.0,-1.0
