video_id,title,description
pBGgjMpXfAM,„Freddie und die Bändigung des Bösen“ von Anke Stelling · Hörbuchauszug,"BEI GOOGLE PLAY BÜCHER KAUFEN ►► https://g.co/booksYT/AQAAAEBs8zKzTM

Freddie und die Bändigung des Bösen
Verfasst von: Anke Stelling
Vorgelesen von Marius Clarén
Gekürzt

0:00 Intro
0:03 Freddie und die Bändigung des Bösen
0:16 Hausschuhe und Pfandflaschen
5:16 Outro

#ankestelling #freddieunddiebändigungdesbösen

—
GOOGLE PLAY BÜCHER

Bei Google Play Bücher findest du immer wieder tollen Lesestoff.

Google Play Bücher ist eine digitale Buchhandlung, die weltweit E-Books, Hörbücher, Comics und Mangas anbietet.  Du findest dort Buchempfehlungen, die auf dich abgestimmt werden.

iOS-App herunterladen: https://goo.gle/books-ios
Android-App herunterladen: https://goo.gle/books-android

—
BUCHBESCHREIBUNG

Freunde halten immer zusammen. Oder etwa nicht?

Freddie und Mattis sind Freunde seit der Kita. Jetzt werden sie beide zwölf, und immer noch bringt Mattis die meisten Erwachsenen auf die Palme mit seiner großen Klappe und jeder Menge dummen Ideen. Im Gegensatz zu Mattis will Freddie eigentlich nicht im Mittelpunkt stehen. Vielmehr macht er bei allem, was Mattis so anzettelt, einfach mit – und sei es nur, um das Schlimmste zu verhindern. Am Ende hat Mattis es jedenfalls Freddie zu verdanken, dass er doch nicht von der Schule fliegt. Denn Freunde halten zusammen, immer. Findet Freddie. Oder?

Gekürzte Lesung mit Marius Clarén
ca. 5h 19min

—
ÜBER DEN AUTOR

Anke Stelling wuchs in Stuttgart auf, studierte am Deutschen Literaturinstitut in Leipzig und schloss mit dem Diplom des Instituts ab. Ihre Erwachsenenromane wurden vielfach mit Preisen bedacht, unter anderem mit dem Preis der Leipziger Buchmesse und standen auf der Longlist für den Deutschen Buchpreis sowie auf der Hotlist unabhängiger Verlage. 2019 erhielt sie für ihr literarisches Schaffen den Friedrich–Hölderlin–Preis der Stadt Homburg. Ihr erstes Kinderbuch, »Erna und die drei Wahrheiten«, war auf der Liste der Besten Sieben vom Deutschlandfunk und wurde als »White Ravens 2017« ausgezeichnet. Die Autorin lebt mit ihrer Familie in Berlin. »Freddie und die Bändigung des Bösen« ist ihr zweiter Roman für Kinder.


Marius Clarén, 1978 in Berlin geboren, ist Synchronsprecher, –autor, –regisseur und Hörbuchsprecher. Er lieh seine Stimme bereits Tobey Maguire als »Spiderman«, Chris Klein, Jake Gyllenhaal u. v. m.

—
DETAILS ZUM HÖRBUCH

Bei Google Play Bücher kaufen ►► https://g.co/booksYT/AQAAAEBs8zKzTM
Sprache: Deutsch
Verlag/Publisher: cbj audio
Veröffentlicht am: 9. März 2020
ISBN: 9783837150568
Dauer: 5 Std., 20 Min.
Genres: Jugendliteratur (Belletristik) / Allgemeines und Jugendliteratur (Belletristik) / Leser / Anfänger"
mOBMzB_ynzc,"Sandra Navidi (BeyondGlobal): „Die USA sind schon in der Autokratie angekommen""","„Es steht schlecht um die Demokratie in den USA“, sagt Bestseller-Autorin und Finanzexpertin Sandra Navidi, die in New York lebt und an der Wall Street ein- und ausgeht. Wie stehen die USA aktuell da?  „Es mag für viele unglaublich erscheinen, aber wir sind schon in der Autokratie angekommen. Donald Trump regiert durch. Er hat schon 200 Dekrete erlassen, wie z.B. die Zölle oder Deportationen. Der Kongress setzt ihm keine Grenzen, CEOs wagen keine Kritik. Die Entwicklungen werden jeden Tag dramatischer”, sagt Sandra Navidi. Und droht ein Börsen- und Wirtschaftscrash? „Bisher war die US-Wirtschaft robust. Donald Trump hat wie auch in seiner ersten Amtszeit eine starke Wirtschaft geerbt. Auch weil die Wirkungen der Zölle mit Zeitverzug greifen, werden sich die Konsequenzen erst in den nächsten Monaten zeigen. Was wir jetzt schon sehen, sind Preissteigerungen im Alltag. Ich denke, dass der Markt überbewertet ist. Viele Institutionelle wie Warren Buffett sind aus dem Markt rausgegangen, weil sie Risiken und eine Korrektur am Horizont sehen. Und man darf nicht vergessen, dass sich der Tech-Sektor verselbständigt hat. Dass das ein großer Grund ist, warum der Markt so gut performt. Aber da gibt es ja auch Stimmen, die vor einer Blase warnen”, meint die Geschäftsführerin von BeyondGlobal. Alle Details im Interview von Inside Wirtschaft-Chefredakteur Manuel Koch und auf https://inside-wirtschaft.de

👇🏻 Jetzt YouTube-Kanal abonnieren👇🏻
https://www.youtube.com/@insidewirtschaft

MANUEL KOCH
📺 TV Journalist 👱🏻‍♂️ CEO 🎥 Producer
📷 Instagram: https://www.instagram.com/manuelkochtv/ 
🎭 Facebook: https://www.facebook.com/Manuel-Koch-1918657995022408/ 
🐦 Twitter/ X: https://x.com/manuel_koch
►► LinkedIn: https://www.linkedin.com/in/manuel-koch-b2697981/

INSIDE WIRTSCHAFT
🖥 Online-Sender https://inside-wirtschaft.de 
🎥 Interviews 🎤 Medientraining 🤵🏼 Event-Moderation
📷 Instagram: https://www.instagram.com/insidewirtschaft/ 
🎭 Facebook: https://www.facebook.com/InsideWirtschaft/ 
🐦 Twitter: https://twitter.com/iwirtschaft

Risikohinweis:
https://inside-wirtschaft.de/risikohinweis/"
WYPbWBRx8kY,"Fernsehgarten-CHAOS: Kiwi in Israel, Llambi als Ersatz | Wer moderiert am Sonntag? 😱","Die Sorge um Andrea ""Kiwi"" Kiewel überschattet den ZDF-Fernsehgarten! Nachdem sie letzten Sonntag nicht aus Israel ausreisen konnte, stellt sich die dramatische Frage: Fällt die Show am 22. Juni erneut ins Wasser oder sehen wir Kiwi wieder? 

➡️ Den ganzen Artikel mit allen Hintergründen findet ihr hier auf Schlagerfieber.de:
https://schlagerfieber.de/zdf-fernsehgarten-sorge-um-andrea-kiewel-schafft-sie-es-aus-israel-zum-sommer-check/


Im Video erfahrt ihr alles über die ernsten Hintergründe von Kiwis Situation und warum Joachim Llambi und Lutz van der Horst so kurzfristig einspringen mussten. Während die Fans um die Moderatorin bangen, hat das ZDF eine Gästeliste veröffentlicht, die es in sich hat. Unter dem Motto ""Sommer-Check"" soll auf dem Lerchenberg eigentlich die große Party steigen.

Diese Top-Stars sind für den Fernsehgarten am Sonntag, 22. Juni, bestätigt:
⭐ Heinz Rudolf Kunze
⭐ Annett Louisan
⭐ Anna-Carina Woitschack
⭐ Alcazar (Kult-Band aus Schweden!)
⭐ Christin Stark
⭐ Oceana
⭐ Drei Meter Feldweg (Punkrock im Fernsehgarten!)
⭐ Nick Howard
⭐ DeSchoWieda

Kann eine solche Show ohne ihre Gastgeberin überhaupt funktionieren? Wir analysieren die Lage und diskutieren, wie es jetzt weitergeht.

🔔 Abonniere jetzt Schlagerfieber, um keine News mehr zu verpassen und die Glocke zu aktivieren!

Was meint ihr zu der ganzen Situation? Schreibt uns eure Meinung und eure Wünsche für Kiwi in die Kommentare!
____________________

KAPITEL IN DIESEM VIDEO:

00:00 - Begrüßung
00:10 - Die große Sorge: Was ist los bei Kiwi? Darum fehlte sie wirklich!
01:39 - Trotzdem Party? Das sind die Gäste am Sonntag beim ZDF-Fernsehgarten
____________________

#ZDFFernsehgarten #AndreaKiewel #Schlager #Fernsehgarten #AnnaCarinaWoitschack #ChristinStark #Alcazar"
546vcbjkRcs,Alice Weidel Nazi?,
HD4R1K_osSU,Roboter und KI erobern Küche und Nahrungsmittelproduktion | Shift,"Ein Roboter, der uns in der Küche ein Sandwich macht: so könnte die Zukunft aussehen. Schon jetzt beeinflusst Technologie die Ernährung immer stärker: mit 3D-gedruckten Steaks, Ernterobotern und KI-basierten Rezepten. 

DW Deutsch Abonnieren: http://www.youtube.com/user/deutschewelle?sub_confirmation=1
Mehr Nachrichten unter: https://www.dw.com/de/
DW in den Sozialen Medien:
►Facebook: https://www.facebook.com/dw.german/
►Twitter: https://twitter.com/dw_deutsch
►Instagram: https://www.instagram.com/dwnews/
#dwdigital #künstlicheintelligenz #ki"
5Fxm108LRlo,Schock in Budapest: Maja T. droht Ausweitung der Haftstrafe!,"✅ Jetzt Freedom24 ausprobieren – der Broker, den ich selbst nutze:
👉 https://link.aktienmitkopf.de/Depot*

- 40.000+ Aktien & 3.600 ETFs, transparent bepreist
- Direktzugang zu 20+ globalen Börsen
- Kostenloser persönlicher Assistent + Anlageideen
- Fremdwährungen (USD, GBP) direkt im Depot haltbar – nützlich als Währungsabsicherung
👉 https://link.aktienmitkopf.de/Freedom24Depot *


Haftungsausschluss: 
Investieren ist mit Risiken verbunden. Prognosen und Ergebnisse der Vergangenheit lassen keine verlässlichen Rückschlüsse auf die zukünftige Entwicklung zu. Führen Sie vor jeder Anlage unbedingt eine eigene Analyse durch. Lassen Sie sich gegebenenfalls von einem zertifizierten Spezialisten umfassend und unabhängig beraten.
Für diese Aktion gelten die allgemeinen Geschäftsbedingungen
Links mit einem Stern gekennzeichnet sind Affiliate-Links, die mir helfen diesen Kanal zu finanzieren."
DVKivSBYa4A,💥 MARKUS MRALL! UNS RENNT DIE ZEIT WEG! ENDSPIEL BEGINNT! 💥,"Wirtschaft aktuell: Was passiert jetzt? Jetzt ein Demokonto eröffnen & in Sachwerte kaufen? Negativzinsen durch ein Online Bankkonto umgehen? Macht Forex Trading, CFD Handel und Aktien oder der sichere Hafen Girokonto und Gold Sinn? Ray Dalio, Markus Krall, Dirk Müller und andere Experten klären auf! Wirtschaftliche Entwicklung kompakt zusammengefasst! Wie soll ich jetzt investieren? Wie funktioniert die Wirtschaft? Kommt die Bankenkrise? Wie jetzt investieren? Welche Geldanlage wird sich langfristig durchsetzen? Schreib uns deine Meinung!
🏆 ANDREAS POPP & EVA HERMANN ➔ https://t.me/s/EvaHermanOffiziell
🏆  Restschulden, Modernisierungen, Kauf von Immobilien, etc. - Schreib uns deine Anfrage, wenn du dir langfristig bis zu 1 Prozent Darlehenszins sichern willst ➔ erfolgskanal@web.de (bitte mit Telefonnummer)
🏆 ABONNIERE DEN ERFOLGSKANAL ➔ https://bit.ly/2ZkpMaH


Wichtig zum Anbieter etoro:
eToro ist eine Multi-Asset-Plattform, die sowohl Investitionen in Aktien und Krypto-Assets als auch den Handel mit CFDs anbietet. Bitte beachten Sie, dass CFDs komplexe Instrumente sind und aufgrund der Hebelwirkung ein hohes Risiko bergen, schnell Geld zu verlieren. 68 % der Privatanlegerkonten verlieren beim CFD-Handel bei diesem Anbieter Geld. Sie sollten sich überlegen, ob Sie verstehen, wie CFDs funktionieren und ob Sie es sich leisten können, das hohe Risiko einzugehen, Ihr Geld zu verlieren.

---------------------------

Beliebte Videos auf dem Erfolgskanal:

Blackout in China: https://www.youtube.com/watch?v=HDKRdI0BY4E

Dirk Müller Bargeldprognose: https://www.youtube.com/watch?v=gPnUrj0QzzI

Ausverkauft - Lieferengpass & Mehr: https://www.youtube.com/watch?v=jrOrrRl0cq4&t=9s

Provoziert China eine Krise: https://www.youtube.com/watch?v=XPlHKXoYj0c

Markus Krall Prognose: https://www.youtube.com/watch?v=06w1Yvbe_Vs
---------------------------

🏆 HIER ZUM DEPOT GESAMTSIEGER ➔ https://bit.ly/2VSscrq

🏆 20 € PRÄMIE AUF 1. ETF-SPARPLAN ➔ https://bit.ly/2SYvcSK

🏆 BESTE TRADING APP ➔ https://bit.ly/3bbyEQ0

---------------------------

Auf dem Erfolgskanal erhaltet ihr tagesaktuelle Wirtschaftsnachrichten und Analysen von den besten Finanzexperten. Markus Krall, Dirk Müller, Max Otte und auch andere Experten kommen hier regelmäßig zu Wort. Dirk Müller beispielsweise hat einen erfolgreichen Youtubekanal Cashkurs und ist ein erfolgreicher Fondsmanager, der regelmäßig bloggt. 

Markus Krall, Gold Chef von Degussa, versteht es die komplexen Zusammenhänge von Gold, Finanzsystem und Geld einfach zu erklären und die Schwachstellen aufzuzeigen. Er ist aktuell besonders mit der Atlas Initiative unterwegs. Auch sein Wissen zu Gold thematisieren wir regelmäßig in unserer Goldserie. 

Wie funktioniert die Wirtschaft? Welche wirtschaftlichen Entwicklungen sind wichtig? Welche Chancen und Risiken gibt es an den aktuellen Märkten? Schreib uns deine Meinung zur aktuellen Situation in die Kommentare. Worin investierst du aktuell dein Geld?

In unserer neuen täglichen Kryptowährung Serie geben wir die die wichtigsten Antworten zu den Themen Ethereum, Bitcoin und ähnlichen Interessensgebieten.

---------------------------

Wichtige Schlagwörter

#wirtschaft #finanzen #community #geldanlage #demokonto #demodepot #demobroker #forexbroker #forexhandel #wirtschaftaktuell #wirtschaft #wirtschaftsnachrichten #finanzstrategie #prognosen #nachrichten #vermögenssicherung #bitcoin #geld #wirtschaftaktuell #geldanlage #news #gold #goldkaufen #aktienkaufen #aktien #krise #wirtschaftskrise #blackout #markuskrall #dirkmüller #cashkurs #waskommt #finanzen #finanzcommunity #richtiginvestieren #etoro #etorotrading #etoroerfahrung #bitcoin #bitcoinkaufen #kryptowährungen #kryptowährung #bitcoins #trading #bitcointrading #wirtschaftsnews #bitcoinkaufen #aktienkaufen #welcheaktienkaufen #geldanlage #negativzinsen #krypto #kryptos #geldanlegen #finanzwelt #money

---------------------------

Allgemeiner Hinweis

In der Infobox können Affiliate Links verwendet werden. Falls der Besucher über diese Links einen Kauf tätigt, kann eine Provision für den Videoproduzent als Unterstützung des Kanals. Der Besucher hat jedoch den gleichen Preis. Es erfolgt keine Anlageberatung. Jeder ist für seine Strategien selbst verantwortlich. Es ist ein Totalverlust möglich. Es kann keine Garantie für die Richtigkeit und Vollständigkeit der Inhalte gewährt werden. ------------

DU BIST AUF DER SUCHE NACH ALTERNATIVEN INVESTMENTS?
https://www.instagram.com/alternativ_investments/
(PREISE AUF ANFRAGE)"
lVnzS3rWmOw,Habeck in Oslo: Wasserstoff-Pipeline aus Norwegen bis 2030 geplant,"Vizekanzler und Bundeswirtschaftsminister Robert Habeck (Bündnis 90/Die Grünen) und Norwegens Ministerpräsident Jonas Gahr Störe haben in Oslo eine strategische Energiepartnerschaft vereinbart. Demnach wollen Deutschland und Norwegen in der Energie- und Klimakrise auch langfristig eng zusammenarbeiten. Ein Kernpunkt soll der Bau einer Wasserstoff-Pipeline zwischen den Ländern bis 2030 sein.

Über diese Pipeline will das norwegische Energieunternehmen Equinor zunächst mit Erdgas und später mit erneuerbarer Energie erzeugten Wasserstoff nach Deutschland liefern, wo ihn RWE abnehmen will.

Weitere Informationen zum Thema: https://www.tagesschau.de/ausland/habeck-norwegen-105.html

Alle aktuellen Informationen und tagesschau24 im Livestream: https://www.tagesschau.de/

Alle Sendungen, Livestreams, Dokumentation und Reportagen auch in der ARD-Mediathek: https://www.ardmediathek.de/tagesschau"
g9Cf2QakBD8,"Merz: „Autokratien mögen Untertanen haben, Demokratien haben Partner und verlässliche Freunde“","Der Bundeskanzler hat am Donnerstag beim Weltwirtschaftsforum gefordert, die transatlantische Partnerschaft nicht voreilig abzuschreiben. „Im Zeitalter der Großmächte werden auch die USA auf Vertrauen angewiesen sein“, mahnte Merz.

Bei seiner Rede in Davos erklärte Merz in Richtung der USA, die Drohung, ein europäisches Land mit Gewalt einzunehmen, sei inakzeptabel. Zölle gehörten dazu. Mehr dazu lesen Sie in unserem Liveblog: https://www.handelsblatt.com/politik/international/wef-nach-groenland-kurswechsel-trump-spricht-zum-friedensrat/100192241.html?utm_medium=sm&utm_source=youtube&utm_campaign=News-Short"
I2zy3GbURgU,Meine Eltern auf ihrem Weg zur Schule #alexhonnold #klettern #funk #biograph,"Q1: MacInnone, 2021: Warum Alex Honnold keine Angst hat
Q2: YouTube: Free Solo - Das Boulder Problem
Q3: Money Talks: To be the best rock climber on earth
Q4: YouTube/ Noplott: karate kick free solo
Q5: National Geographic: Kletterer schafft den gefährlichsten Aufstieg free solo"
UuoAwddECPg,"The Mission (pre- Fields Of The Nephilim) - ""Is It Real"" (Embryo ""Darkcell"")","""Is It Real"" was recorded by The Mission in early 1984. This transformed into the widely known ""Darkcell"" later that year when the band re-christened themselves Fields Of The Nephilim after recruiting Carl McCoy."
R2maZmMaiFQ,Warum der Stromnetzausbau so wichtig ist - logo! erklärt - ZDFtivi,"Das Stromnetz in Deutschland wird immer weiter ausgebaut. Das ist auch für den Klimaschutz wichtig. Warum das so ist, erklären wir euch. 
Mehr Videos auch auf der logo!-Seite: 
https://www.zdf.de/kinder/logo/#xtor=CS3-74"
Ta3x9dgnrxY,Hohes Haus: Gesundheitssprecherin der ÖVP zur Impfpflicht (20.2.2022),"Hallo. Hier gibt es für euch ein weiteres ""Hohes Haus""-Interview auf meinem Kanal. In der Ausgabe vom 20.2.2022 war Gaby Schwarz zu Gast in der Sendung. Gute Unterhaltung!
Website der Sendung: https://der.orf.at/unternehmen/programmangebote/fernsehen/sendungen/sendungen-h-k/hohes-haus100.html"
v-txtSSCHPE,"Schilling vs. Strache: „Merz ist nach Ergebnis im Liegen umgefallen“ | krone.tv ""Das Duell""","Deutschland hat gewählt – verschiebt sich jetzt ganz Europa nach rechts? 🇩🇪➡️🇪🇺 Und wie kann die EU ihre wirtschaftliche Stärke zurückgewinnen? Diese brisanten Fragen diskutiert Jana Pasching mit der EU-Abgeordneten Lena Schilling und dem ehemaligen FPÖ-Chef Heinz-Christian Strache. 💬💥

📌 Wie verändert die Wahl das politische Gleichgewicht?
📌 Welche Strategien braucht Europa für mehr wirtschaftlichen Erfolg?
📌 Ist eine weitere Rechtsverschiebung unausweichlich?

📺 Jetzt die spannende Debatte ansehen!
📢 Schreib deine Meinung in die Kommentare: Droht Europa ein Rechtsruck?

#DeutschlandWahl #EU #Politik #Rechtsruck #Strache #Schilling #KroneTV #Europa #Wirtschaft"
4fhDSV-aQsA,🔥 BERLIN BEBT🔥 EXKLUSIV Serge Menga 🔥 Interview Berlin Demo 🔥,"#berlin #demo #sergemenga #afd #deutschlandstehtauf #politik 
@SergeMengaNsibu1977 
🔔 Abonniere unseren Kanal:
https://www.youtube.com/channel/UCurhHQ_5JN-QzLNuO52EwOQ?sub_confirmation=1
🕵️ Werde Kanalmitglied:
https://www.youtube.com/channel/UCurhHQ_5JN-QzLNuO52EwOQ/join. 
💸 Zusätzlich unterstützen:
Mit deiner Spende über PayPal hilfst du uns, 
weiterhin unabhängige politische Inhalte zu schaffen. 
https://www.paypal.com/donate/?hosted_button_id=YGXFKRUERHJ2A
-----------------------------------------------------------------------------------------------------------------------------------------
📚 Empfohlene Bücher:
Peter Hahne: Ist das euer Ernst
https://amzn.to/3TUghIq
Marc Friedrich: Die größte Revolution aller Zeiten ...
https://amzn.to/4dGwKXU
Markus Krall: Die Stunde Null: Ein neues Wirtschaftswunder ist möglich
https://amzn.to/4dDDaqN
Alice Weidel: Plassen Verlag Widerworte: Gedanken über Deutschland
https://amzn.to/4eSOikM
Hinweis: Dies ist ein Affiliate-Link. Wir erhalten eine kleine Provision, wenn du darüber einkaufst. Für dich entstehen keine zusätzlichen Kosten.
-----------------------------------------------------------------------------------------------------------------------------------------
🎥 Willkommen auf ""Politik im Fokus""!
Hier dreht sich alles um Politik in Deutschland. Ich bin Philipp, euer Moderator. Wir bieten spannende und informative Inhalte zur aktuellen politischen Lage, Bundestagsentwicklungen und beleuchten kritisch Themen wie den Aufstieg der AfD und politische Unwahrheiten. Unser Ziel? Euch gut informieren und zu engagierten Bürgern machen! 🇩🇪✨
-----------------------------------------------------------------------------------------------------------------------------------------
👍 Like und teile das Video:
Wenn dir unser Inhalt gefällt, zeige deine Unterstützung mit einem Daumen hoch und teile das Video mit deinen Freunden und auf Social Media!

💬 Teile deine Meinung:
Deine Gedanken und Fragen sind uns wichtig! Hinterlasse einen Kommentar und lass uns wissen, was du denkst.

FOLGT UNS AUF:
Telegram: https://t.me/PolitikimFokusYT
Instagram: https://www.instagram.com/politikimfokusyoutube/
Twitter (X): https://twitter.com/PolitikimFokus 
TikTok: https://www.tiktok.com/@politikimfokus)"
RJehReeStk8,"Über Prostitution, mit Kali - 99 ZU EINS Ep. 102","Prostitution? Sex Work? Mit @Kali_im_Exil sprechen wir über die Realität dieses Geschäfts und warum eine linke Position zur Prostitution sich von einer links-liberalen Position unterscheiden muss.

Link zum Film ""Irreführung"": https://www.stoppsexkauf.at/2021/10/07/eine-weitere-irrefuehrung/

Link zu Kali's Twitter Account: https://twitter.com/Kali_im_Exil

Wir sind 99 ZU EINS! Ein Podcast mit Kommentaren zu aktuellen Geschehnissen, sowie Analysen und Interviews zu den wichtigsten politischen Aufgaben unserer Zeit.#leftisbest #linksbringts #machsmitlinks

Wir brauchen eure Hilfe! So könnt ihr uns unterstützen:
1. Bitte abonniert unseren Kanal und liked unsere Videos. 
2. Teil unseren content auf social media und folgt uns auch auf Twitter, Instagram und FB
3. Wenn ihr Zugang zu unserer Discord-Community, sowie exklusive After-Show Episoden und Einladungen in unsere Livestreams bekommen wollt, dann unterstützt uns doch bitte auf Patreon: www.patreon.com/99zueins
4. Wir empfangen auch Spenden unter: https://www.paypal.com/donate?hosted_button_id=C78L7DJ5J2AVS"
vvx2gQArXrc,Theater mit den Füßen: Eine ganz besondere Aufführung,"Was steckt hinter ""Fußtheater""?

Anne Klinge ist eine Künstlerin aus Franken. Sie hat eine ganz besondere Form des Theaters entwickelt: das Fußtheater. Dabei nutzt sie ihre Füße, um Geschichten zu erzählen. Mit Hilfe von kleinen Kostümen und Accessoires verwandeln sich ihre Füße in verschiedene Figuren, die auf der Bühne lebendig werden.

In ihren Stücken geht es um unterschiedliche Themen – von Märchen über Beziehungsdramen bis hin zu humorvollen Alltagsgeschichten. Mit der besonderen Theaterform tritt sie nicht nur in Deutschland auf, sondern auch international. Bekannt wurde sie unter anderem durch ihren Auftritt bei der britischen Talentshow „Britain’s Got Talent“ im Jahr 2016, der weltweit Aufmerksamkeit erregte."
2K1Q2dKq9aA,Körperbehaarung: Ja oder Nein? | maintower,"Die einen haben nahezu eine Haar-Phobie und waxen, rasieren oder epilieren fast täglich, andere lassen ihren Körper gerne natürlich.  Körperbehaarung war lange verpönt, erlebt jetzt aber ein Revival. Man soll so sein, wie man möchte. Gilt das auch für die Körperbehaarung?
▬▬▬▬▬▬▬▬▬▬▬▬▬▬▬ 
📺Mehr aktuelle Inhalte des Hessischen Rundfunks findet ihr hier: 
https://1.ard.de/hr_in_der_ARD_Mediathek?p=yt 
▬▬▬▬▬▬▬▬▬▬▬▬▬▬▬ 
📰Aktuelle Informationen zu Ereignissen in Hessen findet ihr hier: 
https://1.ard.de/hessenschau_de?p=yt 
▬▬▬▬▬▬▬▬▬▬▬▬▬▬▬ 
📰Aktuelle Informationen zu Ereignissen in Deutschland findet ihr hier: 
https://1.ard.de/tagesschau_de?p=yt
 ▬▬▬▬▬▬▬▬▬▬▬▬▬▬▬ 
📲Ihr wollt nichts verpassen? Folgt unseren Social Media Kanälen: 
hessenschau auf Instagram: https://1.ard.de/hessenschau_Instagram?p=yt 

hrfernsehen auf Instagram: https://1.ard.de/hrfernsehen_Instagram?p=yt 
hessenschau auf Facebook: https://1.ard.de/hessenschau_facebook?p=yt 
hrfernsehen auf Facebook: https://1.ard.de/hrfernsehen_facebook?p=yt

#Körperbehaarung #Haare #Rasur"
an8gZcqaFY4,MAILAND AUSSCHREITUNGEN: Pro-Palästina Gewalt und UN-Anerkennung Palästinas eskaliert! #shorts,"MAILAND AUSSCHREITUNGEN: Pro-palästinensische Gewalt und UN-Anerkennung Palästinas eskaliert! #shorts 

Brutale Ausschreitungen im Mailänder Hauptbahnhof: pro-palästinensische Demonstranten demolieren Geschäfte und Gebäude. Szenen, die Europa bereits kennt – von Frankreich bis Belgien. Im UN-Saal in New York wird die Isolation Israels sichtbar: Kanada, Großbritannien, Belgien und Frankreich haben Palästina anerkannt. Jubel bei den Palästinensern, Israel verlässt den Saal. Doch Hamas kann dies als Erfolg verkaufen – trotz Terror und Gewalt.

#weltnachrichtensender #shorts #nahostkonflikt #un

Abonniere den WELT YouTube Channel https://www.youtube.com/WELTVideoTV
WELT DOKU Channel https://www.youtube.com/c/WELTDoku
WELT Podcast Channel https://www.youtube.com/c/WELTPodcast
WELT Netzreporter Channel https://www.youtube.com/c/DieNetzreporter
Der WELT Nachrichten-Livestream http://bit.ly/2fwuMPg
Die Top-Nachrichten auf WELT.de http://bit.ly/2rQQD9Q
Die Mediathek auf WELT.de http://bit.ly/2Iydxv8
WELT Nachrichtensender auf Instagram https://www.instagram.com/welt.nachrichtensender/
WELT auf Instagram https://www.instagram.com/welt/

In eigener Sache: Wegen des hohen Aufkommens unsachlicher und beleidigender Beiträge können wir zurzeit keine Kommentare mehr zulassen. 

Danke für euer Verständnis - das WELT-Team

Video 2025 erstellt"
8MuphKEjgXc,"Unterwegs in Afghanistan: »Eine surreale, absurde Reise« | DER SPIEGEL","Wie recherchiert man im Land der Taliban? Unterwegs in Afghanistans Hinterland mit den SPIEGEL-Reportern Christoph Reuter und Thore Schröder – auf gefährlichen Straßen, durch unfassbar schöne Landschaften.

SPIEGEL TV 
Facebook: https://www.facebook.com/SPIEGEL.TV
Twitter: https://twitter.com/SPIEGELTV
TikTok: https://www.tiktok.com/@spiegeltv?

DER SPIEGEL
Instagram: https://www.instagram.com/spiegelmagazin/
Facebook: https://www.facebook.com/derspiegel/
Twitter: https://twitter.com/derspiegel
Snapchat: https://story.snapchat.com/p/892f2e42-0bde-43f6-b8fc-2f8610dd6f7a
Xing: https://www.xing.com/news/pages/spiegel-job-karriere-1697
Linkedin: https://www.linkedin.com/company/der-spiegel/

DER SPIEGEL IM ABO: https://abo.spiegel.de/

Willkommen auf dem YouTube-Kanal von SPIEGEL TV und DER SPIEGEL. Hier findest Du SPIEGEL TV-Reportagen und DER SPIEGEL-Videos zu aktuellen Themen aus den Bereichen Politik, Wirtschaft, Gesellschaft, Sport und Wissenschaft.

Impressum: https://www.spiegel.de/impressum"
i5i9lH6mgCs,SpongeBob | 60+ MINUTEN der witzigsten Momente aus den NEUEN SpongeBob-Folgen! | Nickelodeon,"Begleitet SpongeBob und seine Freunde in dieser witzigen Sammlung der lustigsten Momente aus den brandneuen Folgen! Macht euch bereit auf unendliches Kichern, alberne Streiche und schräge Abenteuer in Bikini Bottom.

Abonniere unseren Kanal, um noch mehr von deinen Nickelodeon-Lieblingsserien wie Spongebob Schwammkopf, Teenage Mutant Ninja Turtles und Henry Danger zu schauen!

Noch mehr Spaß, Videos und Spiele gibt's auf unserer Website: http://www.nick.de
 
Nickelodeon auf Facebook: https://www.facebook.com/nickelodeondeutschland/
Nickelodeon auf Instagram: https://www.instagram.com/nickelodeondeutsch/

#SpongeBob #SpongeBobSchwammkopf #Lustig #Zeichentrick #Nickelodeon #Deutsch"
lrK53o_Alt0,Detox-Medizin: Die neuen Herausforderungen der letzten 15 Jahren | Erfahrungsmedizin | QS24,"In diesem aufschlussreichen Interview teilt Dr. med. Thomas Kia, Chirurg, Ursachen- und Ganzheitsmediziner, sein umfassendes Wissen und seine Erfahrung im Bereich der Detox-Medizin und geht auf die neuen Herausforderungen ein, die sich in den letzten 15 Jahren ergeben haben.

Dr. Kia erklärt einfühlsam, wie man die Entgiftung am besten angehen kann und welche Entgiftungsmaßnahmen sich bewährt haben. Er betont die vielfältigen Möglichkeiten und Ziele, die mit einer Detox-Therapie erreicht werden können, und betont die Bedeutung einer unterstützenden Maßnahme wie Fasten, um den Körper bei seinen Entgiftungsbemühungen zu unterstützen.
Das Interview bietet nicht nur eine fundierte Auseinandersetzung mit den neuen Herausforderungen in der Detox-Medizin, sondern auch praktische Ratschläge und wissenschaftliche Erkenntnisse.
 
In seiner Praxis betreut Dr. Kia auch Profisportler und gibt sein Fachwissen über Regenerationsmedizin und seine ganzheitlichen und integrativen Gesundheitskonzepte im Rahmen seiner Akademie weiter an Therapeuten, z.B. Osteopathen, Physiotherapeuten,
Heilpraktiker und Ärzte, die ihr Wissen erweitern wollen und/oder mit ihrer aktuellen
Therapiemethode stagnieren.

Sein Grundsatz lautet: «Um den Patienten auf eine möglichst natürliche und schonende Art
zu einem gesunden Gleichgewicht zurückzuführen, muss man den Kern einer Erkrankung erkennen, ihn verstehen und letztendlich behandeln.»


▬ Produktion ▬▬▬▬▬▬▬▬▬▬▬▬▬▬▬
Eine Produktion von #QS24 – Ihr Schweizer #Gesundheitsfernsehen
Webseite: https://qs24.tv/
YouTube: QS24 - Schweizer Gesundheitsfernsehen 


▬ Wichtiger Hinweis ▬▬▬▬▬▬▬▬▬▬▬▬▬▬▬
Wir wechseln auf Wikisana, der grössten ganzheitsmedizinsichen Suchmaschine.
https://www.wikisana.ch/


▬ Zu Gast ▬▬▬▬▬▬▬▬▬▬▬▬▬▬▬▬▬
Dr. med. Thomas Kia D.O. – Chirurg, Notfallmediziner, Osteopath, Dozent f. funktionelle u. integrative Medizin
Moderation: Alexandra Wurlitzer
Sendenummer: Ehol_240207_S4_kia


▬ Kontakt & Links ▬▬▬▬▬▬▬▬▬▬▬▬▬
Zentrum für Integrative Medizin & Osteopathie
Dieburger Str. 144
64287 Darmstadt
Tel: +49 6151 98 13 660
Fax: +49 6151 98 13 661
Mail: info@zim-darmstadt.de
https://zim-darmstadt.de/
 
 
Zima – Zentrum für integrative Medizin
Akademie für Heilberufe
Löwensternweg 11
DE-64287 Darmstadt
Fax: +49 6151 98 13 286
Mail: info@zim-akademie.de
https.//www.zim-akademie.de"
yq_LHRGcERc,Krippenspiel mit Christian Lindner / Vabanquespiel mit der Fed / Sprachspiel mit Emmanuel Macron,"Die FDP hat Christian Lindner viel zu verdanken. In der Regierung müssen die Liberalen jetzt jedoch liefern, sonst droht wieder die außerparlamentarische Opposition."
CwRwmLdKvS4,Rente mit 50 - Mit Verkaufs-Skills zum Erfolg - Daniela Ben Said,"Heute spreche ich mit der Verkaufstrainerin & Speaker-Kollegin Daniela Ben Said über ihren ungewöhnlichen Plan, mit 50 in Rente zu gehen.

Möglich wurde das durch ihre Verkaufs-Skills. In diesem Interview verrät sie ihre 33-Punkte-Übung und gute Verkaufsfragen, die auch dich erfolgreicher machen werden.

💻 Danielas Instagram: https://www.instagram.com/globetrotterdanimarc/

✨ Daniels Website: https://www.danielabensaid.com/

**************************************

BLEIBEN WIR IN KONTAKT!

📒Wlads Buch ""Das Geheimnis der erfolgreichen Alltagskommunikation"": https://amzn.to/3RhDfpC

📗Wlads Buch ""Körpersprache als Spiegelbild deiner Seele"": https://amzn.to/3VGpLJo

📙Wlads Buch ""Redest du noch, oder überzeugst du schon?"": https://amzn.to/3LZUo3G

📗Wlads Buch ""Manipuliere dich glücklich"": https://amzn.to/43HIVjP

📘 Wlad's Buch ""Dunkle Rhetorik"": https://amzn.to/3J03VsI

📙 Wlad's Buch ""Weiße Rhetorik"": https://amzn.to/3TFvNY3

📗 Wlad's Buch ""Die 5 Rollen einer Führungskraft"": https://amzn.to/3Jkl3rg

📒Wlad's Buch ""Satanische Verhandlungskunst"": https://amzn.to/3TFvVqv

📕Wlad's Buch ""Rhetorik der TOP-Performer"": https://amzn.to/3PJXAoK

📒Wlad's Buch ""Werde Menschenmagnet!"": https://amzn.to/49ielyn

🎙️ Podcast ""MENSCHEN ÜBERZEUGEN"" mit Wlad Jachtchenko: https://argumentorik.com/podcast/

👉 Für viele weitere Rhetorik-Tipps folge uns auf Facebook: 
https://www.facebook.com/Argumentorik

📺 Mehr Rhetorik-Videos auf meinem Channel: https://goo.gl/6dQ1ge

🌍 Website: https://argumentorik.com/

👋 Instagram: https://www.instagram.com/wlad.argumentorik/

👋 Xing: https://goo.gl/uvbbxW

👋 LinkedIn: https://goo.gl/ZqX4oZ

🧐 Mehr Videos zu mir hier: https://bit.ly/2U41jnq

Rhetorische Grüße,
Wlad

#menschenüberzeugen #argumentorik"
6lISNJtAr4A,So rettest du dein Geld vor der Inflation... - Wirtschaft einfach erklärt: #businessclass,"Die Inflation ist auf dem höchsten Stand seit 1992. Die Folge: Dein Geld wird weniger wert und du kannst dir weniger leisten. Warum das so ist, wie du deine Ersparnisse am besten schützt und deine Kosten kontrollierst, klären Juliane und Luca in dieser Folge. Mit dabei sind Uni-Expertinnen und Lisa von Aktiengram. Dieser Podcast zahlt sich aus."
kdBeOxVe5ps,Bauernverband droht nach Ampel-Entscheidung mit massiven Protesten,"Aus ganz Deutschland reisen Landwirte nach Berlin, um gegen die geplante Kürzung der Subventionen für Agrardiesel zu demonstrieren. Der Bauernverband warnt vor Protesten, die das „Land noch nicht erlebt hat“. © REUTERS, DPA

Link zum Video: https://www.faz.net/-gqe-bjnup
Link zur Homepage: https://www.faz.net"
3pluZYSNxD0,Geschlechtsdysphorie schützt vor Strafe nicht,"Wurde Maja T. zu unrecht an Ungarn ausgeliefert? Der Auslieferung entgegen spricht laut Bundesverfassungsgericht vor allem der Umstand, dass sich ""Simeon T."" nun als ""Maja T."" identifiziert.  

Wann aber wurde ""Simeon"" zu ""Maja""? Etwa erst im Knast? Und warum sollte das überhaupt einen Unterschied machen?
_______________
Folgt uns auf 
✅InfraRotMedien: https://infrarotmedien.de/
✅Telegram: https://t.me/Infrarot_Medien
✅X: https://x.com/Infrarot_Medien
✅Odysee: https://odysee.com/@InfraRotMedien
✅VK: https://vk.com/infrarotmedien
✅Gettr: https://gettr.com/user/infrarotmedien
✅Spotify: https://open.spotify.com/show/2pGVvKZzx2z7IDwAdFhwUC

🔥Infrarot-Shop: https://infrarotshop.brandenburgtv.org/collections/all🔥
_______________
🔵 Hier könnt ihr uns unterstützen 🔵
   https://PayPal.Me/infrarotmedien"
sykuFz9JEdI,Luftkrieg und Stollenbau,"Während der Luftangriffe fanden die Stuttgarter Schutz in Bunkern und Stollen. Wie sah es darin aus? Und was machten die Bombennächte mit den Menschen? 

Der Historiker Jürgen Lotterer ordnet die Aufnahmen ein: Der Luftkrieg wurde früh Teil des Krieges – und prägt bis heute das Erinnern in Deutschland. Auch wenn das Filmmaterial teils propagandistisch gefärbt ist, vermittelt es die Härte des Kriegs eindrücklich. Was bleibt: die Ruinen, die Stollen – und die Frage nach einer Erinnerungskultur, die das Geschehene nicht aus dem Kontext reißt.

Ihr wollt nichts verpassen?
Abonniert unseren YouTube Channel https://bit.ly/StZStN

▬ Social Media ▬▬▬▬▬▬▬▬▬▬▬▬▬▬▬
► Besucht uns auf Facebook:
Stuttgarter Zeitung: https://www.facebook.com/stuttgarterzeitung
Stuttgarter Nachrichten: https://www.facebook.com/stuttgarternachrichten

► Folgt uns auf Instagram:
StZ: https://www.instagram.com/stuttgarterzeitung
StN: https://www.instagram.com/stuttgarternachrichten

► Wir sind auch auf BlueSky:
StZ: https://bsky.app/profile/stuttgarter-zeitung.de
StN: https://bsky.app/profile/stuttgarter-nachrichten.de

► Folgt der StZ jetzt auch auf LinkedIn:
https://de.linkedin.com/company/stuttgarter-zeitung

► TikTok: https://www.tiktok.com/@stuttgarterzeitung

► Pinterest: https://www.pinterest.de/stznde/

▬ Über diesen Kanal ▬▬▬▬▬▬▬▬▬▬▬▬
Mit unseren Videos bringen wir euch Stuttgart, die Region und Baden-Württemberg näher und versorgen euch mit aktuellen Nachrichten, spannenden Geschichten, Reportagen und Interviews.
https://www.stuttgarter-zeitung.de
https://www.stuttgarter-nachrichten.de

Ihr habt Themenvorschläge für uns? Schreibt uns in die Kommentare."
VLnPhwoFzYw,Stimmen nach dem Spiel in Quierschied,"#fcs #fcsaarbrücken #saarnews 
Kurze Statements der beiden Cheftrainer Argirios Giannikis (FCS) und Thomas Bettinger (Spvgg Quierschied)."
6aIRU5NGLG8,Deutschland in der Wurst-Krise | ARTE #expresso,"Ausgerechnet in der Wurstnation Europas machen die Fabriken Pleite oder werden aufgekauft. Wie kann das sein? 
Weißwurst, Currywurst, Thüringer, Nürnberger ... In Deutschland hat Wurst Tradition und viele Fans. Dahinter steckt eine Jahrhunderte alte Industrie. Aber seit einiger Zeit schwächelt die Branche. Selbst alteingesessene Wurstproduzenten, von Wolf bis Eberswalder, müssen dichtmachen oder verkaufen. Und dahinter steckt nicht nur der Trend zu fleischlosen Alternativen. Ihr Untergang steht exemplarisch für Probleme, die derzeit viele deutsche und europäische Unternehmen heimsuchen. 

#wurst #deutschland 

►Abonniert unseren YouTube-Kanal: https://www.youtube.com/user/ARTEde

Abonniert unseren YouTube Kulturkanal:  http://www.youtube.com/c/IrgendwasmitARTEundKultur

Folgt uns auch auf unseren anderen Kanälen.
Facebook : http://www.facebook.com/artede
Twitter: http://www.twitter.com/artede
Instagram: https://www.instagram.com/arte.tv/"
6fXS3XTYluY,Sicherheitsabstand zwischen Rad und Auto | BR24,"Eineinhalb Meter Abstand sind seit vier Jahren beim Überholen eines Radfahrers mit einem Auto gesetzlich vorgeschrieben. Laut einer Studie halten zwei Drittel der Autofahrer den vorgeschriebenen, seitlichen Mindestabstand nicht ein, wenn sie einen Radfahrer überholen.

Autor: Andreas Schuster

Bayerischer Rundfunk: http://www.br.de/franken
Hier geht's zu unserer BR24-Website: http://www.BR24.de
BR24-Facebook: http://www.facebook.com/BR24/
BR24-Twitter: http://twitter.com/BR24
BR24-Instagram: http://www.instagram.com/BR24"
KX2FaikIkWg,🚨🚒 Verkehrsunfall Bietingen: Vermisster Mann mit Porsche tot in Wasserbecken entdeckt [20.10.2021],"Bietingen – Bei Mäharbeiten an einem Regenrückhaltebecken an der B34 im Landkreis Konstanz bemerkte am Mittwochvormittag, den 20.10.2021 gegen 11 Uhr ein Mitarbeiter der Straßenmeisterei Trümmerteile an mehreren Stellen. Bei genauerem Hinsehen, wurde ein Porsche 911, kopfüber unter Wasser entdeckt.
Bei der sofort eingeleiteten Bergung des Fahrzeugs wurde eine leblose männliche Person in dem Sportwagen aufgefunden. Nach den vorläufigen Ergebnissen der polizeilichen Verkehrsunfallaufnahme ist der 44-jährige Fahrer des Porsche von Bietingen kommend in Richtung Schweizer Grenze gefahren, als er aus bislang unbekannter Ursache auf Höhe der Einfahrt ins neue Industriegebiet nach rechts von der Fahrbahn abkam. Er fuhr zunächst im abschüssigen Gelände abwärts, durchbrach einen Begrenzungszaun, kollidierte im Erdreich und rutschte schließlich rückwärts in das Rückhaltebecken hinein. Das Auto füllte sich bis zu den Sitzen mit Wasser. Der Mann verstarb mutmaßlich an seinen Verletzungen, welche er sich durch den Unfall zugezogen haben könnte.
Die Freiwillige Feuerwehr Gottmadingen pumpte das Becken leer und der Porsche wurde mit Hilfe eines Krans des THW geborgen. Die Notärztin konnte bei dem im Fahrzeug sitzenden Mann nur noch den Tod feststellen. Bei diesem handelt es sich um einen seit mehreren Wochen Vermissten aus dem Bodenseekreis. Wann genau sich der Unfall ereignet hat ist u.a. Gegenstand der Ermittlungen, die der Verkehrsdienst Mühlhausen-Ehingen aufgenommen hat.

►Liken = Danke für die Berichterstattung

🚨►Folgen Sie auch meinem Kanal speziell für Kurzmeldungen:
Schwarzwald TV Breaking News Shorts
https://www.youtube.com/channel/UCidzt5U2p6DMBET2PCxfJiA

▬ Kontakt ▬▬▬▬▬▬▬▬▬▬▬▬▬▬▬

Schwarzwald TV ist ein regionaler Infokanal auf YouTube mit Berichterstattung aus den den Landkreisen Waldshut, Lörrach, Freiburg, Breisgau-Hochschwarzwald und Emmendingen. Bei interessanten Themen auch aus der Schweiz.

Zu erreichen auch unter:
►Facebook: https://www.facebook.com/Herrischried/
►Instagram: https://www.instagram.com/schwarzwaldtv.info
►Twitter: https://twitter.com/TvSchwarzwald
►Telegram: https://t.me/joinchat/AAAAAFKT4luwrX45-GdG-A
►2. YouTube-Kanal: https://www.youtube.com/user/umi1976 

▬ Grußvideos ▬▬▬▬▬▬▬▬▬▬▬▬▬▬▬

🌻 Happy Birthday 💖🍀🌞 Alles Gute zum Geburtstag 🌻
https://youtu.be/DbPOdJW7xbI ( Sonnenblumenfeld )

🎈 Happy Birthday 💖🍀🌞 Alles Gute zum Geburtstag 🎈
https://youtu.be/xKmlfbMv83o ( 750 Luftballons )

🌞 Lass die Sonne in Dein Herz! 💖 Schönen Abend! 🌻 
https://youtu.be/9Bvno0g42v0
                                                                   
 ▬ Unterstützung, Spenden, Geschenke ▬

Möchtet Ihr meine Arbeit unterstützen, freue ich mich auf Euren Beitrag. 
Ich danke Euch recht Herzlich!
https://paypal.me/pools/c/8fC5zsAFIe

▬▬▬▬▬▬▬▬▬▬▬▬▬▬▬▬▬▬▬▬

#SchwarzwaldTV #Bietingen #B34

Haftung für Links:
Die aufgeführten externen Links führen zu Inhalten fremder Anbieter. Für diese Inhalte ist allein der jeweilige Anbieter verantwortlich. Bei bekannt werden von Rechtsverletzungen werden diese Links umgehend entfernt.

▬ Filmempfehlungen rund ums Wetter ▬▬

🚨⛈️☔ Schweres Hagelgewitter nach Unwetterwarnung am Vatertag im Südschwarzwald inkl. Aufnahmen der Community [21.05.2020]
https://youtu.be/syMGRfx4tps

🚨⛈️Schweres Gewitter mit Hagel und Starkregen im Schwarzwald
🚒Feuerwehr Wehr im Einsatz [26.06.2020]
https://youtu.be/K7ykd163q9A

🚨⛈️ Schwere Gewitter mit Hagel und Überflutung im Südschwarzwald [24./28.07.2020]
https://youtu.be/MMVkvFpILFA

▬ Filmempfehlungen ▬▬▬▬▬▬▬▬▬▬

Meine Blaulichtaufnahmen:
https://www.youtube.com/playlist?list=PLBJ4-LKSa4hRVtWkSepGu0IHVWWq-mGQZ

🚨🚁 Autofahrer (19) verursacht tödlichen Verkehrsunfall bei Überholmanöver bei Löffingen [26.04.2021]
https://youtu.be/72aaXp0qe2M

🚨 Erneuter Felssturz in Todtnau im Schwarzwald
12 Menschen evakuiert - O-Ton [15.12.2020]
https://youtu.be/Vc8p0ZRpRG8

🔥🚒 Brand in KFZ-Werkstatt Lörrach Wiesentalstraße
inkl. Augenzeugenaufnahmen und O-Ton [22.02.2021]
https://youtu.be/-lXwERAl03k

🚨🏍️ Paar aus der Schweiz verunglückt mit Motorrad bei Todtmoos
🚁 Zwei RTH im Einsatz - mit O-Ton
https://youtu.be/2YaSp86Nj1o

🚨🚒 Baden-Badens Oberbürgermeisterin Mergen verunglückt
🚁 RTH Lions 1 HB-ZJE 🎤 O-Ton [21.08.2019]
https://youtu.be/ZUP7WMOyv0Q

🚨 Früheres Bauernhaus im Hochschwarzwald geht in Flammen auf
🚒 Feuerwehr im Einsatz - O-Ton
https://youtu.be/bzB_AJNEsMo

🚨 Großbrand in Wehr: Kindergarten Seeboden
steht lichterloh in Flammen - 4 O-Töne [07.01.2020]
https://youtu.be/8OT9aD6pvSg

▬ JETZT KOSTENLOS ABONNIEREN:▬▬▬

https://bit.ly/2JUIRnt

Ich freue mich auf euch!

▬ Noch mehr Videos ▬▬▬▬▬▬▬▬▬▬

Konzerte: https://bit.ly/2KEcFEB
Alle Videos von ""Schwarzwald TV"": https://bit.ly/2KEPudo

▬▬▬▬▬▬▬▬▬▬▬▬▬▬▬▬▬▬▬▬

Ein Film von Peter Umstetter (Umstetter Bild & Film)
schwarzwald.tv@t-online.de"
MGdTtOQ0N1g,Millionen für ’ne Märchenhochzeit – während die Welt verreckt.,Luxus. Liebe. Lächerlich.
1ckzHlz81wk,Bei dieser Blue-Chip-Aktie sehen wir massives Potential!,"UnitedHealth hat zuletzt stark zulegen können und allein aus unserer Zielzone heraus in etwa einem Monat bereits rund 33 % ansteigen können. Trotzdem sehen wir auf Basis unserer Elliott-Wellen-Analyse die Möglichkeit, dass die Aktie zuvor noch einmal tiefere Kurse ausbildet, bevor sich das langfristige Potenzial voll entfalten kann. Gerade deshalb bleibt dieser sehr solide Bluechip-Wert für uns besonders spannend, denn übergeordnet sehen wir hier weiterhin ein Potenzial von rund 400 %.


🛒 Unsere Analysen finden Sie hier:
https://bit.ly/3KNTw3q

👉Zum Handeln von Aktien und ETFs - Smartbroker:
https://dwbdiv.smartbrokerplus.de/ts/94450/tsc?typ=r&amc=con.smartbrokerplus.532090.543100.CRTGbrcdigY

👉 Wir nutzen Coinbase als Krypto-Broker:
 https://coinbase-consumer.sjv.io/c/5396566/3719094/9251

👉 Wir nutzen die Deutsche Krypto-Börse Bison:
https://bisonapp.com/affiliate/hkcm/

👉 Der führende Krypto-Portfolio-Tracker und Steuer-Rechner:
https://cointracking.info/?ref=HKCM

📱HKCM APP:
App Store: https://apps.apple.com/de/app/HKCM/id6499010943
Play Store: https://play.google.com/store/apps/details?id=de.hkcm.app&hl=de

💬HKCM News WhatsApp: 
https://whatsapp.com/channel/0029VaYbplbAojYwXY8Lfp0M

👉 TradingView:
https://shorturl.at/DTVY9

👉 Mein Erfolgs- und Dankbarkeitsbuch:
https://www.amazon.de/dp/B0BKMR4PQN/

👉 Diese Stellen haben wir zu vergeben:
https://bit.ly/3tCkCSh

🔔 Abonnieren Sie unseren Kanal:
https://bit.ly/3CtIHhF

✉️ Bei Fragen melden Sie sich gerne jederzeit bei uns:
info@hkcmanagement.de

👉 Instagram:
https://bit.ly/3nwRPh7

👉 X:
https://bit.ly/3lkRFXq

👉 Facebook:
https://bit.ly/3Aw4gwF

👉 LinkedIn:
https://bit.ly/3lqGk8i

👉 Jetzt hier das Phantom kostenlos abonnieren:
https://www.youtube.com/channel/UC_niVs5ITmD-qgnxph8CohA

👉Hier geht's zum neuen Hopf & Kettner Podcast:
https://www.youtube.com/@HopfKettner

Affiliate Links (FAQ): Die HKCM ist Teil von Partnerprogrammen mit Drittanbietern und kann Kunden und Interessenten innerhalb dieser Programme personalisierte Links zur Verfügung stellen, von denen HKCM eine einmalige Provision durch den Drittanbieter erhält. HKCM erhält keine zusätzliche Vergütung für zusätzliche und/oder fortgeführte Aktivitäten auf Webseiten von Drittanbietern.

• Wir nehmen niemals direkt Kontakt zu Einzelpersonen über Messenger-Dienste auf.
• Wir fordern kein Geld von Ihnen an, verwalten kein Kapital und bieten keine individuelle Vermögensverwaltung an.
• Unsere Produkte können Sie ausschließlich über unsere offiziellen Webseiten buchen:
👉 www.hkcmanagement.de
👉 www.hkcmglobal.com

#unitedhealth #chart #analyse"
nDXKXQycOyA,10/11 - STIER im Herbstquartal 2023 - Erbschaftsstreitigkeiten?,"Das 8. Haus steht für gesellschaftliches Vermögen, für Erbschaften, Testamente, aber auch für Okkultes und Magie! Darüber hinaus steht JUPITER als H3 noch an der Spitze 8, was ein starkes Indiz dafür ist, dass die Gedanken so mancher pragmatischer STIER-Geborener um das Thema ""Erbschaft"" kreisen. Natürlich kann es auch für die ""Macht der Worte"" stehen - wobei ich eher glaube, dass viele STIER-Geborene sich jetzt mit spirituellen Themen auseinander setzen.

Die im LÖWEN eingeschlossene VENUS H8 in 10 steht für großen Ehrgeiz im Zusammenhang mit Macht. Sie kann aber auch umgekehrt bedeuten, dass im Verborgenen beruflich eine höhere Position angestrebt wird, was aber wegen des festen Quadrates LÖWE-STIER nicht von Erfolg gekrönt sein dürfte. Grundsätzlich kann es auch für innere Unzufriedenheit stehen, welche zunächst zu Frustration führt und dann in ein ausgeprägtes ""kulinarisches Selbstbelohnungsverhalten"" mündet...

MARS & PLUTO sind nicht nur die natürlichen Herrscher des 8. Hauses, sondern auch über den Spiegelpunkt MO/PL=MA sehr erbschaftsstreitintensiv mit einander verbunden!

Bitte an einen Anwalt für Erbrecht denken, da es ziemlich sicher Probleme geben wird!"
PBMwG5tnhxc,Deutsch-französische Grenzerfahrungen. Zwischen Hammer und Amboss.,"#jakobsweg #geschichte #pilgern #hornbach #kloster #weltkrieg  #krieg  #grenze  
👀▶️🌋⛺

Als im Mai 1940 deutsche Soldaten über die deutsch-französische Grenze nach Frankreich vorrückten🪖, musste das Dorf Schweyen eilig evakuiert werden – niemand wusste, wohin die Menschen gebracht würden. Erst im September 1940 fanden die Flüchtlinge eine Bleibe in der Charente an der französischen Atlantikküste.

Diese Episode ist nur eine von vielen in der deutsch-französischen Geschichte, die zeigt, wie umkämpft dieser europäische Grenzraum seit über 1000 Jahren war. Deutsche Namen auf französischer Seite und französische Namen auf deutscher Seite erzählen von einer Kulturgeschichte, in der Grenzen immer wieder über die Köpfe der Menschen hinweg verschoben wurden.

Wer heute durch diese Landschaft geht, spürt vielleicht noch das alte Spannungsverhältnis zwischen Verbundenheit und Unsicherheit – ein Erbe der europäischen Geschichte. Doch eines ist klar: Die deutsch-französische Freundschaft wurde für die Bewohner dieser Region zu einem Segen.🇪🇺

Peter Buwen – Archäologie, Geschichte und Kultur: wissenschaftlich fundierte Analysen zu Urgeschichte, Bronzezeit, Antike, Mittelalter, deutscher und europäischer Geschichte. 

👉Sankt-Jakobus-Gesellschaft Rheinland-Pfalz-Saarland: https://www.jakobusgesellschaft.eu

👉Kloster Hornbach: https://www.kloster-hornbach.de

❗Archäologisch unterwegs: https://www.youtube.com/playlist?list=PLZgMB-gl_nJL_dMMqoOUNGHScPnKQ8OYg 

❗Peters Kaffeefahrten: https://www.youtube.com/playlist?list=PLZgMB-gl_nJJODFEO3o72OVL6IbQVLCld 

❗Peter's Coffee Conversations: https://www.youtube.com/playlist?list=PLZgMB-gl_nJJODFEO3o72OVL6IbQVLCld 

Facebook: https://www.facebook.com/peter.buwen/ 
Instagram: https://www.instagram.com/peterbuwen/ 
Tiktok: https://www.tiktok.com/@peterbuwen

Musik: Epidemic Sounds 

00:00 Einleitung
01:25 Intro
02:42 Die Pilgerroute
03:22 Kloster Hornbach
06:43 Schöpfung bewahren
09:36 Die gemeine Wegwarte und der Kreuzzug
10:33 Grenzüberschreitungen
15:04 Das Dorf Schweyen
17:44 Mittagsrast an der Fatima Kapelle
18:36 Wandern auf lothringischen Wegen
20:40 Das Dorf Ohrenthal
24:45 Aufstieg zur Grenzhöhe
26:13 Outro"
GcKXpPwJTtU,Iraks Christen freuen sich auf den Papstbesuch,"Pfarrer Georges Jahola: 
Dies ist eine Videobotschaft aus Baghdeda (Karakosch, Irak), der christlichen Stadt, die sich auf die Ankunft des Papstes vorbereitet. 

Dieser Besuch hat wirklich eine große Bedeutung für uns und wird eine sehr wichtige Auswirkung haben, nicht nur für die Christen, sondern für das ganze irakische Volk. Für die Christen, denn sie sind verwurzelt in diesem Land und legen hier Zeugnis für das Evangelium ab.

Wir erwarten den Besuch des Papstes mit großer Freude. Wir konnten in diese Stadt nur zurückkehren - nachdem wir sie völlig zerstört vorgefunden hatten -  dank der Organisationen, die uns geholfen haben. Ich denke dabei vor allem an KIRCHE IN NOT. Dieses Hilfswerk hat uns beim Wiederaufbau der Häuser, die der Islamische Staat zerstört hat, sehr geholfen.

Unser Medienkanal:
https://www.katholisch.tv/

Newsletter bestellen:
https://www.kirche-in-not.de/newsletter-anmeldung/

Für die weltweite Arbeit von KIRCHE IN NOT spenden:
https://www.kirche-in-not.de/helfen/spenden/

Unsere Hilfe im Irak:
https://www.kirche-in-not.de/informieren/verfolgte-christen/irak/"
E5fCt_uNLYg,Ein Tag als Handwerkerin: Reporterin Kim montiert eine Küche,"Mehr Folgen von RTL Nord auf RTL+ https://plus.rtl.de/video-tv/shows/rtl-nord-hb-nds-903587
Mehr Videos auf https://www.rtlnord.de
Viele kennen das Problem: Wenn man einen Handwerker braucht, muss man sich oft auf lange Wartezeiten einstellen. Es fehlt an Fachkräften und vor allem an Nachwuchs. Deshalb packt unsere Regionalreporterin Kim pünktlich zum Tag des Handwerks in einem Betrieb in Wagenfeld mit an.

#Handwerk #Monteur #RTLNord #Regionalreporterin #Niedersachsen #RTLPlus"
85ZjWRpzzwc,Ich habe angefangen mich zu wehren | Khoi Truong im Talk,"Khoi Truong gehört heute zu den erfolgreichsten Creatorn auf TikTok und Instagram – Millionen feiern seine witzigen Reels mit den Eltern über den Clash zwischen vietnamesischer Kultur und deutschem Alltag. Doch sein Weg dahin war alles andere als leicht: In einem bayerischen Vorort wächst er als Außenseiter auf, erlebt Rassismus und Ausgrenzung, verleugnet lange seine Herkunft. Warum erst die Rückkehr zu seinen Wurzeln und die Nähe zu seiner Familie die Basis für seinen Erfolg wurde, erzählt Khoi bei „deep und deutlich“. Moderiert von Aminata Belli und Lola Weippert.

Kapitel: 
00:00 – 00:26 Intro
00:26 - 01:45 Erfolg & Family
01:45 - 05:25 Aufwachsen auf dem Dorf
05:25 - 12:35 Umgang mit Rassismus
12:35 - 14:08 Sport & Anfänge auf Youtube
14:08 - 15:43 Mut durch neue Freunde
15:43 - 18:25 Kontakt zur vietnamesischen Community
18:25 - 19:56 Botschaft der Schwester
19:56 -20:07 Outro

#funk #deepunddeutlich #khoi"
siCFftLVFZQ,Tod von Benedikt XVI. – das sagen Vatikan-Besucher | AFP,"Der Tod des emeritierten Papstes Benedikt XVI. berührt auch die Besucher des Vatikans. AFPTV hat sich auf dem Petersplatz umgehört. SOUNDBITES

Sie möchten mehr über die Angebote von AFP erfahren oder ein Video lizenzieren, das Sie auf unserem Kanal gesehen haben? Hier entlang, bitte 👉 http://u.afp.com/wvho 
N.B.: Die Angebote und Inhalte von AFP sind nur für den professionellen Gebrauch bestimmt."
DQIjM9kMbjY,EINE STUNDE Kochen = EINE WOCHE lecker Essen!! 😮 MEAL PREP!,"Jeden Tag frisch kochen und dann am besten noch gesund? ...Aint nobody got time for that!  Oder doch!? Das Zauberwort heißt: Meal Prep! Wir zeigen euch, wie ihr in nur einer Stunde für die ganze Woche richtig leckeres Essen vorbereitet! 👨🏻‍🍳
 
🔴 Copy & Taste immer LIVE jeden Dienstag ab 10:30 Uhr!
https://www.twitch.tv/doktorfroid​

🔪 Unsere Messer:
 ▪ Messerblock https://amzn.to/3fiOJW9​ 
 ▪ Geiles Messer aka ""The Beast"" https://amzn.to/30njy86​

📺 LIVESTREAM: https://bit.ly/StreamDF
🛒 MERCH: https://bit.ly/MerchShopGN
🛒 UNSERE TECHNIK & MEHR: https://www.amazon.de/shop/flipfloid *

🎙 Den Sprechstunde Podcast gibt's auf: https://linktr.ee/sprechstunde​

🤳 Folgt Flo auf Social Media!
http://instagram.com/lefloid​ 
http://www.twitter.com/lefloid​ 
http://www.facebook.com/lefloidfans​ 

🤳 Folgt Paul auf Social Media!
https://www.instagram.com/powlster_​
http://www.twitter.com/powlster_​

🤳 Folgt Olli auf Social Media!
https://www.instagram.com/DerOlliKanal/​
http://www.twitter.com/derollikanal​

📹 HAUPT-Kanal: http://www.youtube.com/lefloid​ 
🎮 LIVE STREAMS: https://www.twitch.tv/doktorfroid​ 
📹 VLOG-Kanal: http://www.youtube.com/flipfloid​ 
🕹️ GAMING-Kanal: http://www.youtube.com/doktorfroid​

* Bei diesen Links handelt es sich um Affiliate Links. Solltet ihr über diesen Link etwas kaufen, unterstützt ihr dadurch unsere Arbeit, ohne das es euch einen Cent mehr kostet. 😇"
mQhB-cF-yE0,"Verena Hubertz Ministerin Wohnen, Bau - Zuhause für jeden - Grundlage für eine starke Gesellschaft","Ein Zuhause für jeden - Grundlage für eine starke Gesellschaft
im Gespräch mit Verena Hubertz, Bundesministerin für Wohnen, Stadtentwicklung und Bauwesen"
jnRRK9Ha5iA,Frankreich wird Palästina als Staat anerkennen,"Frankreich wird Palästina als Staat anerkennen

Der französische Präsident Emmanuel Macron hat angekündigt, dass Frankreich Palästina als Staat anerkennen wird. Dieser Schritt soll im kommenden September bei der UN-Generalversammlung formalisiert werden.

LESEN SIE MEHR : http://de.euronews.com/2025/07/25/frankreich-palastina-staat-gaza-krieg-israel

Abonnieren Sie! https://www.youtube.com/c/euronewsde?sub_confirmation=1

Sehen Sie Euronews live TV : https://www.youtube.com/c/euronewsde/live

Euronews gibt es in 12 Sprachen: https://www.youtube.com/user/euronewsnetwork/channels"
hviWy9b2Fnw,LS25 | FROM ZERO TO HERO 🚜 FOLGE 71 [HOFBAU],"Video: LS25 | FROM ZERO TO HERO 🚜 FOLGE 71 [HOFBAU]

🔴 Ich bin von Freitag bis Montag immer ab 8 Uhr live auf Twitch
🟣 Schau vorbei: https://www.twitch.tv/sophiexelisabeth

💌 Instagram: https://www.instagram.com/sophiexelisabeth
🔮 TikTok: https://www.tiktok.com/@sophiexelisabeth
🎮 Community-Discord: https://discord.gg/P972EUh
🖥️ Mein Setup: https://www.sophiexelisabeth.de/setup

🔥JETZT KOSTENLOS ABONNIEREN: https://www.youtube.com/@sophiexelisabeth?sub_confirmation=1
🔥MITGLIED WERDEN: https://www.youtube.com/channel/UCgZw_Rxf1RYKDtQr9zdYuwg/join

▼ PASSENDE PLAYLISTS ▼

🆕🚜 Farming Simulator 25 | CROWDFARMING: https://www.youtube.com/playlist?list=PLqXlkkkpn_ueLvf1Xxt0_NV2oCP5EJvnY
🆕🌾 Farming Simulator 25 | XXL-DRESCHEN: https://www.youtube.com/playlist?list=PLqXlkkkpn_ud6KGW87xjrL6CUIfdivT8N
🆕🌽 Farming Simulator 25 | XXL-MAISHÄCKSELN: https://www.youtube.com/playlist?list=PLqXlkkkpn_ucwwFU2jF1168IFUz7slAnc
🚜 Farming Simulator 25 | CAPTURE THE MAP: https://www.youtube.com/playlist?list=PLqXlkkkpn_uepmE1chZB750-SRpZE8CcD
🚜 Farming Simulator 25 | FROM ZERO TO HERO: https://www.youtube.com/playlist?list=PLqXlkkkpn_ucHIbH-xRH3HhrOq_m6YkmG
🚛 Euro Truck Simulator 2: https://www.youtube.com/playlist?list=PLqXlkkkpn_ucYIU_c8A9k73nUiLeiEiI8
⭐️ Alle Simulationsspiele: https://www.youtube.com/playlist?list=PLqXlkkkpn_uepEV1wL-6egvGAwBNeqjXF

▼ WERBUNG: PARTNER ▼

🚜 GIANTS: Hier gibt es den Landwirtschaftssimulator!
► https://www.sophiexelisabeth.de/ls25
🌐 GPORTAL: Sichere dir deinen Gameserver mit 10% Rabatt!
► https://www.sophiexelisabeth.de/gportal
🍹 HOLY: Code ""SOPHIE"" für 10% Rabatt! 
► https://www.sophiexelisabeth.de/holy 
🛍️ AMAZON: Shoppst du gerne?
► https://www.sophiexelisabeth.de/amazon

Bei den verwendeten Partnerlinks in der Beschreibung handelt es sich um Affiliate-Links. Das sind Links die meinen Kanal und mich im Falle eines Kaufs unterstützen. 
Für dich ist es kostenlos und hat keinerlei Nachteile.

#ls25 #fs25 #landwirtschaftssimulator25"
zFWfuoXWMtI,US Börsenaufsicht ermittelt gegen Coinbase,"Cathie Wood verkauft über eine Million Coinbase-Aktien und schließt einen ARK Investment ETF. ARK Investment Fonds verkauft am Dienstag den 26.07.2022 1,4 Millionen Coinbase-Aktien – die SEC prüft Krypto-Börse. Cathie Wood, Gründerin und CEO von ARK Investment, gerät mit ihrer Anlagestrategie immer mehr unter Druck. Finanzmarktwelt hatte bereits am 12. Mai in einem Artikel über die dramatische Schieflage ihrer ETFs hingedeutet. Wie man den Handelsbüchern der Fondsgesellschaften entnehmen kann, verkauften drei ihrer ARK Investment Management LLC Fonds am Dienstag insgesamt rund 1,41 Millionen Coinbase-Aktien in einem Gesamtwert von ca. 75 Millionen US-Dollar. 

Der Flaggschiff-Fonds Ark Innovation ETF verkaufte allein 1,13 Millionen Coinbase-Aktien. Das Unternehmen Coinbase wurde 2012 in San Francisco gegründet und betreibt eine Handelsplattform für Kryptowährungen. Der Umsatz lag 2021 bei 7,84 Milliarden US-Dollar, die Marktkapitalisierung bei knapp 13 Milliarden US-Dollar. SEC leitete Untersuchung gegen Coinbase ein – Aktienkurs bricht um über 20 Prozent ein, nachdem am Dienstag bekannt wurde, dass die SEC (Securities Exchange Commission; amerikanische Börsenaufsicht) eine Untersuchung gegen Coinbase eingeleitet hat, brach der Aktienkurs innerhalb von Minuten um über 20 Prozent ein. 

Der Vorwurf der SEC lautet: „Verkauf von unregistrierten Wertpapieren an US-Bürger“. SEC leitete Untersuchung gegen Coinbase ein – Aktienkurs bricht um über 20 Prozent ein, nachdem am Dienstag bekannt wurde, dass die SEC (Securities Exchange Commission; amerikanische Börsenaufsicht) eine Untersuchung gegen Coinbase eingeleitet hat, brach der Aktienkurs innerhalb von Minuten um über 20 Prozent ein. Der Vorwurf der SEC lautet: „Verkauf von unregistrierten Wertpapieren an US-Bürger“. SEC leitete Untersuchung gegen Coinbase ein – Aktienkurs bricht um über 20 Prozent ein, nachdem am Dienstag bekannt wurde, dass die SEC (Securities Exchange Commission; amerikanische Börsenaufsicht) eine Untersuchung gegen Coinbase eingeleitet hat, brach der Aktienkurs innerhalb von Minuten um über 20 Prozent ein. Der Vorwurf der SEC lautet: „Verkauf von unregistrierten Wertpapieren an US-Bürger“

Artikel  Finanzmarktwelt:

https://finanzmarktwelt.de/cathie-wood-coinbase-etf-241346/

Artikel vom 12 Mai: Cathie Wood: ARK-Fonds in dramatischer Schieflage?

https://finanzmarktwelt.de/cathie-woods-ark-fonds-in-dramatischer-schieflage-234287/ 


#Coinbase #Krypto #Bitcoin #Token # ETF #Kryptobörse"
uQLD1Cpe6ss,"Ornithologe zu Nilgänsen: ""Aktuell sehe ich kein großes Problem""","Wie problematisch ist die invasive Wasservogelart der Nilgänse im Ländle? Ein Lokalaugenschein am Alten Rhein in Lustenau mit Ornithologe und Naturwächter Alwin Schönenberger.

Aktuelle Nachrichten aus Vorarlberg findest du unter www.vol.at oder über unsere Apps auf Android und iOs.

#vorarlberg #aktuell

🔴  Abonniert jetzt unseren Kanal und aktiviert die Glocke unter http://bit.ly/3efAHYA

📲  Folg uns
auf Facebook https://www.facebook.com/vorarlbergonline 
auf Instagram https://www.instagram.com/vorarlbergonline 
auf LinkedIn www.linkedin.com/showcase/vorarlbergonline

oder hör unsere Podcasts auf Spotify, Apple Music, Amazon Music, Google Podcast und Deezer

Impressum: https://www.vol.at/features/vol-impressum 

#VOLAT​ #Nachrichten​ #News #vorarlberglive"
OXIHX2hwL3w,"„#Söder war fest davon überzeugt, dass #Merz es nicht kann“ Ralf #Schuler #deutschland #politik","Das ganze Video auf YouTube: https://youtu.be/NiJXVvnfAGM

Markus Söder soll sich nach dem Villa-Borsig-Debakel bereits für die Zeit nach Friedrich Merz in Stellung gebracht haben. Das zeigt eine Recherche von NiUS-Politikchef Ralf Schuler. Im Interview erörtert er den geheimen Plan vom CSU-Chef und warum dieser Plan misslang. 

Unterstützen Sie hier unabhängigen Journalismus: https://apollo-news.net/unterstuetzen/"
3FwKJk4hWtQ,Demokratie oder Macht? Was verteidigen sie wirklich?,"Wen meinen Politiker wie Bundespräsident Frank-Walter Steinmeier eigentlich, wenn sie „unsere Demokratie“ verteidigen wollen?

Ist es demokratisch, Parteien zu verbieten, eine berechtigte Neuauszählung der Bundestagswahl zu blockieren oder als Minister mit seinem Unternehmen exklusive Kontakte in die Regierung für Geld zu vermitteln?

Für unseren stellvertretenden Parteivorsitzenden Shervin Haghsheno steht fest: „Wer die Demokratie stärken will, muss das Vertrauen der Bürger zurückgewinnen.“ Dabei helfen keine Sonntagsreden, sondern nur eine echte demokratische Erneuerung. Für das BSW bedeutet das z.B.:

- Keine Ausgrenzung Andersdenkender

- Politiker, die die Meinungsfreiheit schützen statt sie auszuhöhlen

- Stärkere Einbindung der Bürger, z.B. durch Volksbefragungen

- Schnelle Verfahren der Wahlüberprüfung und nur durch eine neutrale Instanz

Was meint ihr: Wie steht es um die Demokratie in unserem Land?"
Ld9Skt2kwm8,Nachrichten des Tages | 5. April - Morgenausgabe,"Nachrichten des Tages | 5. April - Morgenausgabe

Informieren Sie sich über das aktuelle Geschehen in Europa und der Welt - Politik, Wirtschaft, Unterhaltung, Kultur und Reisen.

LESEN SIE MEHR : http://de.euronews.com/2025/04/05/nachrichten-des-tages-5-april-morgenausgabe

Abonnieren Sie! https://www.youtube.com/c/euronewsde?sub_confirmation=1

Sehen Sie Euronews live TV : https://www.youtube.com/c/euronewsde/live

Euronews gibt es in 12 Sprachen: https://www.youtube.com/user/euronewsnetwork/channels"
Prx6JVwv1SA,Immobilien Aktien stark unterbewertet? Welche Immobilien Aktie jetzt kaufen?!,"Welche Immobilen Aktie jetzt kaufen?!

🦊Broker: (bei Trade Republic bekommst du eine Gratisaktie bis zu 200€ und bei Finanzen.net Zero eine Gratisaktie sowie die Chance auf einen ganzen Bitcoin)
🦊Trade Republic: (Aktien für 1€ kaufen, Sparpläne kostenlos)*: https://www.financeads.net/tc.php?t=48812C274449894T
🦊Finanzen.net Zero: (Null Gebühren)*: 
https://www.financeads.net/tc.php?t=50262C372282566T
🦊Getquin: (Depot Tracken / Finanzaustausch)*: https://www.qhkv6trk.com/cmp/2LB4SQ/D7256/
🦊Bison: (Kryptowährungen günstig kaufen +  15€ in BTC bekommen mit meinem Link)*:
https://clk.tradedoubler.com/click?p=331452&a=3281569
🦊Finanzguru: (Überblick über deine Finanzen)*: 
https://www.financeads.net/tc.php?t=48812C377272598T

📚Top Bücher & Artikel um Erfolgreich zu Investieren
https://amzn.to/3JRIRo1
https://amzn.to/40hWFzg
https://amzn.to/3nnMM4y


💎Kanalmitglied werden »
↪https://www.youtube.com/channel/UCGpuWj5fsiWPT2C0ybR2u5Q/join

💻 Hey Leute! Viel Spaß mit dem Video vergisst nicht ein Like und Abo dazulassen.

🌍 Folgt mir auf:
↪ » Mein Instagram: https://www.instagram.com/aktienfoxx/
↪ » Mein Discordserver: https://discord.gg/mvprWHZZxU

Zeitstempel:
00:00 Intro

👍🏼 / 👎🏼 BEWERTUNG
↪ Ich würde mich natürlich über deine Bewertung dieses Videos erfreuen. Natürlich würde ich mich über einen Like freuen!

Links die mit einem * gekennzeichnet wurden, sind Affiliatelinks. Wenn du dich dort anmeldest bekomme ich eine kleine Provision und du in manchen fällen eine Belohnung. Für dich hat die Nutzung des Links keine Nachteile, darüber hinaus unterstützt du meinen Kanal!

LG,
❤️ Finanzfuchs"
RACw8QAxQgY,Petitionen: AfD-Mann appelliert an Altparteien-Block! Dirk Brandes - AfD-Fraktion im Bundestag,"Offizieller Kanal der AfD-Fraktion im Deutschen Bundestag
Jetzt abonnieren ► https://www.youtube.com/channel/UC_dZp8bZipnjntBGLVHm6rw/about?sub_confirmation=1

Andere Social Media Kanäle
Facebook: https://www.facebook.com/afdimbundestag/
Twitter: https://twitter.com/AfDimBundestag/
Instagram: https://www.instagram.com/afdimbundestag
Telegram: https://t.me/afdfraktionimbundestag
TikTok: https://www.tiktok.com/@afdfraktionimbundestag
GETTR: https://www.gettr.com/user/afdbundestag"
U6vLNKvUM_o,"Geheimsache Lockdown? Keine Namen, keine Papiere, keine Evidenz","+++ AKTUALISIERUNG am 6.1.2021, 21.11 Uhr +++

Nachdem die Regierung zunächst nicht darüber aufklärte, wer genau sie für den Lockdown beraten hat, schickte sie mir heute Abend die Namen. Es sind nur Mediziner, kein einziger Wissenschaftler aus anderen Lockdown-relevanten Fachrichtungen. Informations-Monokultur? Lesern Sie hier die Details auf meiner Seite: https://reitschuster.de/post/nur-sechs-mediziner-berieten-regierung-zum-lockdown/

+++ Ende Aktualisierung +++ 

Die Bundesregierung nennt weder die Experten, die ihr zum Lockdown rieten, noch gibt sie Auskünfte, ob schriftliche Unterlagen vorliegen, und mit welcher Evidenz die einschneidensten Maßnahmen wie der 16-Kilometer-Radius oder die Schulschließungen begründet sind. Hier mein Bericht dazu auf meiner Seite: https://reitschuster.de/post/weder-papiere-noch-vaeter-fuer-den-lockdown/

Mein Ersatzkanal: https://www.youtube.com/user/breitschuster
Meine Seite: https://reitschuster.de/
Unterstützung: https://reitschuster.de/unterstuetzung/
Paypal: https://www.paypal.com/paypalme/breitschuster 

Twitter: https://twitter.com/reitschuster
Facebook: https://www.facebook.com/reitschuster
Telegram: https://t.me/reitschusterde
VK: https://vk.com/reitschuster
LinkedIn: https://www.linkedin.com/in/boris-reitschuster-35375382/
Parler: https://www.parler.com/profile/reitschuster/posts

Impressum: https://reitschuster.de/impressum/"
MgnQwRaAcZA,Gegen die Kriegstüchtigkeit | Jacobin Weekly mit Ole Nymoen,"Immer mehr Politiker fordern, dass die Bundesrepublik wehrhaft werden muss. Bei Jacobin Weekly erklärt Ole Nymoen, warum er für keine Staat bereit ist, Leib und Seele zu riskieren.

JACOBIN produziert täglich Artikel, Podcasts und Videos – alles für Dich völlig kostenlos. Abonniere jetzt unser Printmagazin, sodass wir noch mehr Qualität liefern und Themen abdecken können. Hier geht’s lang: https://jacobin.de/abo 📮

Jede Woche diskutieren Jacobin-Chefredakteur Loren Balhorn und Gäste über die politische Lage und wie sie zu verändern ist. Abonniert Weekly auch als Podcast: https://jacobinweekly.podigee.io/ 📻

Folge Loren auf X: 
https://x.com/fraubalhorn

Weitere spannende Bücher findest Du auf der Webseite unseres Verlags: https://brumaireverlag.de 📚

#wehrpflicht #krieg #ukraine"
OdO-GFvVstU,"Biontech - der Corona-Held macht dicht: Erst Jubel und Subventionen, dann Werkschliessungen!","BioNTech - der bejubelte Unternehmererfolg kippte sobald die Subventionsmilliarden und staatliche Abnahmegarantien weg waren. Der Casus des gezüchteten Monopolisten liefert eklatantes Beispiel, dafür wie Staatsförderung Wettbewerb nicht ersetzen kann. Zudem sind die Gründer des Corona-Helden nicht die einzigen von Steinmeiers hoch dekorierten Verdienstkreuzlern die rechtzeitg Kasse gemacht und das sinkende Schiff verlassen haben!
#biontech#subventionen#kassy 

Links:
https://www.youtube.com/watch?v=sBAnS3X3WhQ&t=2010s
https://www.youtube.com/watch?v=56mRABwPYcQ&t=37s
https://www.youtube.com/watch?v=_va4M4MxeM8&t=255s"
FxNjzlGIlVE,Basketball Deutschland Spanien 16 September EM 2022 Halbfinale TV Übertragung Beginn,Basketball Deutschland Spanien 16 September EM 2022 Halbfinale TV Übertragung Beginn
_FEm7oNXvlI,NACHGEFRAGT: Totgesagte leben länger? Wie die Corona die Medienwelt verändert!,"Auch nach fast zwei Jahren Pandemie wird unser tägliches Leben vom Covid-19-Virus bestimmt. 

Entsprechend präsent findet Corona durchgängig in allen Medien statt. Auch unser eigenes Verhalten, als Zuschauer oder Leser, hat sich bei der permanenten Suche nach den neuesten Informationen zu Impfungen oder Lockdown-Regeln deutlich verändert.

tv.berlin hat NACHGEFRAGT, wie genau sich die Medienwelt in der Pandemie gewandelt hat!"
GvthihBWVXM,Neuer verlängert beim FC Bayern: Folgt jetzt das DFB-Comeback?,"Überraschung bei der WM? Obwohl Manuel Neuer offiziell aus der Nationalmannschaft zurückgetreten ist, soll er auf der vorläufigen DFB-Kaderliste stehen. Seinen Vertrag beim FC Bayern hat der 40-Jährige jetzt um ein weiteres Jahr verlängert."
JuxQlV3Ex74,Die täglichen Nachrichten von Radio Klartext (20.März 2024),"Die täglichen Nachrichten von Radio Klartext (20.März 2024)

Besucht auch unsere anderen Kanäle und ABONNIERT UNS AUF TELEGRAM:

Telegram     https://www.t.me/AfDberichte_de
Facebook https://www.facebook.com/AfDberichte.de
Hauptkanal auf Youtube https://www.youtube.com/channel/UCJoqv1FUycJK9WtkFr6uffA/
Zweiter Kanal auf Youtube 
https://www.youtube.com/channel/UC-db0UroKkOksreWFcdGe3A/
Webseite http://www.afdberichte.de/ 

(c) by afdberichte.de #AfDberichte #AfD #Dresden #SeiSchlauWählBlau

Wenn ihr uns unterstützen wollt, teilt es und/oder hinterlasst einen Kommentar."
KfQJIgUGHH8,Olaf Scholz: Wir packen die Aufgaben an,"Olaf Scholz auf der Landesdelegiertenkonferenz in Postdam.

▬ Über diesen Kanal ▬▬▬▬▬▬▬▬▬▬▬▬
Die SPD macht Soziale Politik für Dich. Wie genau, das zeigen wir Dir hier auf YouTube. Mit Videos, die unsere aktuellen Gesetzesvorhaben erklären. Außerdem laden wir regelmäßig die besten Reden unserer Spitzenpolitiker*innen hoch.

Jetzt unseren YouTube-Kanal abonnieren: https://www.youtube.com/c/spdde?sub_confirmation=1

▬ Mehr von der SPD ▬▬▬▬▬▬▬▬▬▬▬▬
Unser Merchandise: https://shop.spd.de/
Unseren Newsletter abonnieren:  https://www.spd.de/newsletter
Jetzt Mitglied werden: https://www.spd.de/unterstuetzen/mitglied-werden

▬ Social Media ▬▬▬▬▬▬▬▬▬▬▬▬
► Instagram: https://www.instagram.com/spdde/
► Facebook: https://www.facebook.com/SPD
► WhatsApp: https://www.spd.de/unterstuetzen/whatsapp
► Threads: https://www.threads.net/@spdde
► TikTok: https://www.tiktok.com/@deinespd

#SPD"
KP-C3j6iyiQ,Die Medien belügen und manipulieren uns! | Ein Kommentar von Petr Bystron (AfD),"Während die Demonstrationen gegen die Corona-Maßnahmen in China bejubelt werden, zieht man die in Deutschland stattfindenden Veranstaltungen in den Dreck. Die Mainstream-Medien arbeiten mit zweierlei Maß und sind alles andere als objektiv.
Ein Kommentar des AfD-Bundestagsabgeordneten Petr Bystron.

Besuchen Sie auch die DK-Seite im Netz: https://deutschlandkurier.de/

Bitte folgen Sie dem Deutschland-Kurier 🇩🇪 auch auf ➠ 

Telegram:               https://t.me/DEKurier
Facebook:               https://www.facebook.com/DK.Nachrichten
Instagram:              https://www.instagram.com/deutschlandkurier/
TikTok:                    https://www.tiktok.com/@deutschland.kurier
Gettr:                       https://www.gettr.com/user/deu_kurier
Twitter:                    https://twitter.com/Deu_Kurier
Odysee:                   https://odysee.com/$/invite/@deutschlandkurier:2
Telegram Video:    https://t.me/DeutschlandKURIERVideo

#FakeNews #Lückenpresse #Manipulation"
nc2jHvWwqgg,„Kommissar Jennerwein und der tintendunkle…“ von Jörg Maurer · Hörbuchauszug,"BEI GOOGLE PLAY BÜCHER KAUFEN ►► https://g.co/booksYT/AQAAAECqmXfZzM

Kommissar Jennerwein und der tintendunkle Verdacht - Kommissar Jennerwein ermittelt, Band 16 (Autorisierte Lesefassung)
Kommissar Jennerwein ermittelt · Buch 16
Verfasst von: Jörg Maurer
Vorgelesen von Jörg Maurer
Gekürzt

0:00 Intro
0:03 1. Kapitel
5:22 Outro

#jörgmaurer #kommissarjennerweinermittelt16

—
GOOGLE PLAY BÜCHER

Bei Google Play Bücher findest du immer wieder tollen Lesestoff.

Google Play Bücher ist eine digitale Buchhandlung, die weltweit E-Books, Hörbücher, Comics und Mangas anbietet.  Du findest dort Buchempfehlungen, die auf dich abgestimmt werden.

iOS-App herunterladen: https://goo.gle/books-ios
Android-App herunterladen: https://goo.gle/books-android

—
BUCHBESCHREIBUNG

Literarisch morden mit Kommissar Jennerwein: Der neue Roman von Nr.1–Bestseller–Autor Jörg Maurer Die Mitglieder des virtuellen Lesezirkels ""Salomes Lesekränzchen"" sind Literatur–Enthusiasten. Dass sich ausgerechnet ein Kultusminister abschätzig über das Lesen der Klassiker und die korrekte Rechtschreibung äußert, macht sie wütend. Aus Protest inszenieren sie Verbrechen der Weltliteratur. Ob eine Puppe, auf deren Kopf ein Apfel von einem Pfeil durchbohrt wird, oder eine gestohlene Leiche, kopfüber im Kamin der Rue Morgue in Paris – die Aktionen werden von Mal zu Mal spektakulärer. Was kommt als Nächstes – Dostojewski, Shakespeare, Kafka? Dann geschieht wirklich ein Mord, das Opfer trägt ein mit Blut geschriebenes Hölderlin–Zitat auf der Brust. Alles deutet auf die Mitglieder des Lesezirkels hin. Kommissar Jennerwein soll den Fall übernehmen. Denn nur er kann mit seinem berühmten Blick für das Besondere den Tatort wirklich lesen – und nur er kann verhindern, dass der Täter das letzte Wort hat. Der 16. Fall für Jennerwein: Literatur, Mord und Humor unnachahmlich kombiniert

—
DETAILS ZUM HÖRBUCH

Bei Google Play Bücher kaufen ►► https://g.co/booksYT/AQAAAECqmXfZzM
Sprache: Deutsch
Verlag/Publisher: argon
Veröffentlicht am: 1. Januar 2025
ISBN: 9783732484447
Dauer: 9 Std., 30 Min.
Genres: Belletristik / Mystery- & Detektivgeschichten / Cozy / Allgemein und Belletristik / Thriller / Allgemein"
AQ5mEk6LpGQ,Krasse Szene: Löwe wird von 40 Krokodilen eingekesselt,"Hier gerät der König der Tiere ganz schön ins Schwitzen. Ein Fehltritt kann dem Löwen das Leben kosten. Umzingelt von etwa 40 hungrigen Krokodilen, gefangen auf einem Nilpferd Kadaver, der in einem Fluss in Kenia treibt. Wie Aasgeier warten die Krokodile auf die richtige Chance. Der Löwe hat nur eine Möglichkeit zu entkommen: Mitten hindurch.

Wie in einem Film springt er von Krokodil zu Krokodil, während sie nach ihm mit ihren großen Mäulern schnappen. Am Ende erreicht die Raubkatze das rettende Ufer. Ein Augenzeuge, der gerade durch das Maasai Mara Nationalreservat unterwegs ist, filmt diese unglaubliche Szene. Die Krokodile gehen wegen der schnellen AfrikaReaktionsfähigkeit des Raubtiers leer aus. Und am Ende zeigt sich: auch Raubkatzen haben anscheinend 7 Leben.

#Wildtiere #Raubtiere #Afrika
----------------------------------------------------------------------------------------------
🔴 BILD IM TV
Hol dir unseren News-Sender auf deinen Fernseher – täglich mehrere Stunden Live-Programm!
📺 Eine Anleitung für dein TV-Gerät findest du hier: 
https://on.bild.de/BILDimTV
📡 Neuer Service für Sat-Empfänger – die Senderliste mit BILD TV zum Download:
https://on.bild.de/BILDTV_SAT
➡️Weitere Infos unter https://www.bild.tv
🍿 Unser BILD LIVE Sendeplan: https://on.bild.de/sendeplan
🖥 Der Web-Live-Stream: https://on.bild.de/BILDimTV

📲BILD ist jetzt auf Telegram: 
http://t.me/hallo_bild

📰„Putins Krieg” – BILD startet Newsletter zum Ukraine-Krieg. 
Hier abonnieren: https://on.bild.de/3syjqkf

❤️ Der Krieg in der Ukraine bedroht Millionen Kinder – wir helfen, bitte hilf auch du! 
Alle Infos hier: https://www.ein-herz-fuer-kinder.de/projekte/1-million-euro-fuer-die-kinder-der-ukraine

🎧 Unsere Podcasts auf Youtube:
https://on.bild.de/BILD-Podcasts-YT

🎥  Die besten Dokus mit BILDplus gibt's hier: https://on.bild.de/BILDvideothek

🎥 Wettmanipulation! Betrug! Obdachlosigkeit! Knast!: VERZOCKT – Wie ein Spielsüchtiger ALLES verlor: https://on.bild.de/3fTlvzD

🎥 „Heroin in Berlin“ – Das Gift aus der U-Bahn | Die exklusive Reportage: https://on.bild.de/2M3mVfQ 

🎥 V-Mann „Miami Gianni“ packt aus: Undercover zwischen Zuhältern, Rockern und Clans – https://on.bild.de/3dZGq0K

🎥 „Ich will deine Herrin sein! Junge Dominas in Aktion!“ – Aurora Nia Noxx schult die Dominas von morgen
https://bit.ly/3DntaBu 

🎥 „Der Schneekönig“ – Vom Polizistensohn zum Drogen-Boss: Der deutsche Pablo Escobar erzählt jetzt ALLES
https://on.bild.de/32XIq7a


📲  Unseren Moderatoren und Kommentatoren:
Thomas Kausch: https://www.instagram.com/kausch_bild/
Sandra Kuhn: https://www.instagram.com/kuhn_bild/
Patricia Platiel: https://www.instagram.com/platiel_bild/
Kai Weise: https://www.instagram.com/weise_bild/
Felicia Pochhammer: https://www.instagram.com/pochhammer_bild/
Nena Schink: https://twitter.com/nenacasc
Claus Strunz: https://twitter.com/ClausStrunz
Paul Ronzheimer: https://twitter.com/ronzheimer
Filipp Piatov: https://twitter.com/fpiatov
Jan Schäfer: https://twitter.com/schaefer_j


Impressum: https://on.bild.de/impressum

#BILD #BILDTV #BILDLIVE #News #Nachrichten"
oDibkGrgyww,Discover the positive reception of peace talks in Russia! Part 4,Explore the perspectives of journalists from Russia Today and Rossiya Television on the recent visit of a European Union representative to Russia. Witness the hope and desire for peace expressed by both Russians and Ukrainians. Join us in understanding the importance of mutual understanding and intention for lasting peace. #Russia #Ukraine #PeaceTalks #HopeForPeace
lTJVEqhL0g0,Kirche in Bayern: KIRCHE IN NOT veröffentlichte neuen Bericht zur Religionsfreiheit weltweit,"Das Fernsehmagazin ""Kirche in Bayern"" berichtet über den neuen Bericht von KIRCHE IN NOT zur Religionsfreiheit weltweit. Seit 1999 beobachtet und dokumentiert das Werk, wo das Menschenrecht auf freie Religionsausübung stark bis sehr stark eingeschränkt wird. 

🌐 hier alle Länderberichte online nachlesen: http://www.religionsfreiheit-weltweit.de/

📜 hier die Zusammenfassung der Ergebnisse kostenlos herunterladen: https://www.kirche-in-not.de/informieren/religionsfreiheitsbericht-bericht-2023/

#bericht #religionsfreiheit #ACNinternational"
n_ENTHY-dO4,Die glühende Debatte über grüne Politik und ihre wirtschaftlichen Folgen 🔥💼,"Die Diskussion über grüne Politik und ihre weitreichenden Auswirkungen auf die Gesellschaft ist aktueller denn je. In dieser aufschlussreichen Analyse wird beleuchtet, wie wirtschaftliche Entscheidungen und plötzliche Veränderungen bei Zinsen unser alltägliches Leben beeinflussen. Ein Blick auf die Konsumgewohnheiten, das Aufblühen des modernen Lebensstils und die Herausforderungen, denen sich Kreditnehmer gegenübersehen, gibt einen tiefen Einblick in die Komplexität der aktuellen Wirtschaftslage. Diese ergreifenden Punkte führen zu Fragen über die Nachhaltigkeit des Wirtschaftswachstums und die zukünftige Richtung unserer Gesellschaft."
MRQNW94NKOM,100 Liter Paella in Riesenpfanne mit Garnelen für Flutopfer im Helfer Zelt in Walporzheim an der Ahr,
Oz_RQ4B8XqI,DJE Kapital-Chef über Dividendenstarke Aktien: Rendite steigern durch Strategiewechsel?,"Für den Aktienmarkt sieht Jens Ehrhardt zukünftig weniger Euphorie. Wie Anleger mit einem neuen Aktien-Fokus trotzdem hohe Renditen erwirtschaften können.

00:05:33
Nachdem der Dax dieses Jahr in Summe immer weiter gestiegen ist, könnte die Rekordjagd – zumindest für dieses Jahr – nun beendet sein. Jens Ehrhardt, Chef des Vermögensverwalters DJE Kapital, sieht die erste Börsenliga vor einige Risiken gestellt: Die Pandemie ist noch nicht besiegt, neue Virusvarianten legen Produktionsstätten in anderen Teilen der Welt bereits wieder lahm. Zudem könnte der anhaltende Konflikt zwischen China und den USA die deutschen Börsen zunehmend belasten. Wo genau Jens Ehrhardt hier Gefahren für den Dax sieht, erklärt der Börsenexperte in der heutigen Sendung. 

Außerdem spricht Ehrhardt über Sektoren, die jetzt wieder an Aufschwung gewinnen könnten – Branchen, die von Anlegern lange Zeit vernachlässigt wurden. Mit diesem Strategiewechsel im Portfolio könnten Anleger einer möglichen Dax-Flaute entgegenwirken und auch weiter hohe Renditen erzielen.

Das exklusive Abo-Angebot für Sie als Handelsblatt Today-Hörerinnen und Hörer: https://www.handelsblatt.com/lesen

Wenn Sie Anmerkungen, Fragen, Kritik oder Lob zu dieser Folge haben, schreiben Sie uns gerne per Email an today@handelsblatt.com."
AR1HraGT8Ms,Roland Magerl: Gesundheitshaushalt der CSU schiesst am Ziel vorbei!,"Roland Magerl: Gesundheitshaushalt der CSU schiesst am Ziel vorbei!

Aus der 78. Plenarsitzung des Bayerischen Landtags vom 24.03.2021"
0j1R-57wOr0,"WIR BRAUCHEN MEHR ""CHUCK NORRIS""🤣👍","#TEAMHEIMAT   

Karlchen hat  trotz 4. Impfungen, Angst vor schweren Komplikationen und nimmt deshalb noch Paxlovid, oben drauf🤣
Kiew Inkasso fordert wieder mehr Geld👍
Bayern wird wieder Meister🤣
Uuuuund wir brauchen mehr Chuck Norris👍"
XQUS_qRF1L0,Die Koalitionsgespräche sind ein einziger Kuhhandel,"1.500.000.000.000,00 Euro!!! Nichts davon für Reformen, sondern alles unsinnig verplant. NGO´s, Krieg, Rüstung, alles wird weiter bedient und das Ausland soll auch weiter mit Entwicklungshilfe bedacht werden. Derweil spaltet sich Deutschland, die Sicherheit und die Grundwerte kommen abhanden und die Gesellschaft verarmt und überfremdet."
JToHkbQSUek,"„Die haarsträubenden Fälle des Philip Maloney,…“ von Roger Graf · Hörbuchauszug","BEI GOOGLE PLAY BÜCHER KAUFEN ►► https://g.co/booksYT/AQAAAEDiDGpMmM

Die haarsträubenden Fälle des Philip Maloney, No.101: Die Stimme, Phantomschmerz, Im Schneckentempo
Die haarsträubenden Fälle des Philip Maloney · Buch 101
Verfasst von: Roger Graf
Vorgelesen von Michael Schacht, Jodoc Seidel und Peter Schneider

0:00 Intro
0:03 
2:05 
4:13 
5:54 
7:29 Outro

#rogergraf #diehaarsträubendenfälledesphilipmaloneyno101diestimmephantomschmerzimschneckentempo #diehaarsträubendenfälledesphilipmaloney101

—
GOOGLE PLAY BÜCHER

Bei Google Play Bücher findest du immer wieder tollen Lesestoff.

Google Play Bücher ist eine digitale Buchhandlung, die weltweit E-Books, Hörbücher, Comics und Mangas anbietet.  Du findest dort Buchempfehlungen, die auf dich abgestimmt werden.

iOS-App herunterladen: https://goo.gle/books-ios
Android-App herunterladen: https://goo.gle/books-android

—
BUCHBESCHREIBUNG

Privatdetektiv Philip Maloney ermittelt mit Charme, Schalk und unverkennbarer Raubeinigkeit. Seine Fälle werden ihm von seinen Klienten zugetragen und beginnen harmlos, doch stösst Maloney im Laufe der Ermittlungen meistens auf eine Leiche. Widerwillig muss er mit der Polizei zusammenarbeiten. Der zuständige Beamte ist nicht der Hellste und löst lieber Kreuzworträtsel als Kriminalfälle. Am Ende klärt immer Maloney den Fall.

—
DETAILS ZUM HÖRBUCH

Bei Google Play Bücher kaufen ►► https://g.co/booksYT/AQAAAEDiDGpMmM
Sprache: Deutsch
Verlag/Publisher: Tudor
Veröffentlicht am: 2. April 2023
Dauer: 1 Std., 14 Min.
Genres: Jugendliteratur (Belletristik) / Mystery- & Detektivgeschichten"
UZCtjMH9nt0,"Im Rüstungswahn - Angst gehorcht, Angst will Waffen. Hannah Arendt keiner hat das recht zu gehorchen",
k7MUJMpaxbw,Warum Ramadan für Muslime so wichtig ist - F.A.Z. Wie erkläre ich’s meinem Kind?,"Nichts essen und nichts trinken, von der Morgendämmerung bis Sonnenuntergang, und das 30 Tage lang: Für weltweit rund 2 Milliarden Muslime hat am Mittwochabend, am 18. Februar, der Ramadan begonnen. Doch es geht nicht allein ums Fasten."
XA9ktgepmS0,wirtschaft tv Talk - Expertin: Unternehmen verschlafen Digitaltrend!,"Monika Machin ist CEO und Gründerin der Machin Sales Academy. Im Gespräch mit wirtschaft tv Chefanchor Sascha Oliver Martin äußert sich die Expertin zu den Gründen, die dazu führen, dass so viele Start-ups scheitern und erläutert anhand bekannter Beispiele wie Tupperware oder Nokia, welche Fehler auch etablierten Unternehmen gefährlich werden können und wie diese stattdessen vorgehen sollten. Der aktuelle wirtschaft tv Talk fokussiert sich auf die Maßnahmen, die Führungskräfte ergreifen sollten, um zukunftsfähig bleiben zu können."
HKdUgRf1pes,„Resilienz: Zukunftsvision Deutschland: Mentale…“ von Helge Muth · Hörbuchauszug,"BEI GOOGLE PLAY BÜCHER KAUFEN ►► https://g.co/booksYT/AQAAAEAaD3JPeM

Resilienz: Zukunftsvision Deutschland: Mentale Stärke und Energieautarkie für den Alltag
Verfasst von: Helge Muth
Vorgelesen von Laura (AI)

0:00 Intro
0:03 
2:27 
8:10 Outro

#helgemuth #resilienzzukunftsvisiondeutschlandmentalestärkeundenergieautarkiefürdenalltag

—
GOOGLE PLAY BÜCHER

Bei Google Play Bücher findest du immer wieder tollen Lesestoff.

Google Play Bücher ist eine digitale Buchhandlung, die weltweit E-Books, Hörbücher, Comics und Mangas anbietet.  Du findest dort Buchempfehlungen, die auf dich abgestimmt werden.

iOS-App herunterladen: https://goo.gle/books-ios
Android-App herunterladen: https://goo.gle/books-android

—
BUCHBESCHREIBUNG

Die Welt ist im Wandel – doch ist das das Ende oder ein neuer Anfang? In diesem fesselnden Roman erlebst du hautnah, wie Leo und Anna der Wirtschaftskrise in Deutschland mit Mut und Tatkraft begegnen. Statt in Schockstarre zu verfallen, entscheiden sie sich für eine radikale berufliche Neuorientierung und gestalten ihre ganz persönliche Zukunftsvision für Deutschland.

Tauche ein in Annas Welt, wo eine kleine Buchhandlung zum Herzstück für echtes Community Building und Urban Gardening in der Stadt wird. Hier zählen Tauschhandel und menschliche Nähe mehr als bloßer Konsum. Begleite Leo, der in der dezentralen Energieversorgung nicht nur einen neuen Job, sondern seine wahre Berufung findet und damit den Weg in die Energieautarkie ebnet. Gemeinsam beweisen die beiden, dass finanzielle Sicherheit möglich ist und man effektiv Lebenshaltungskosten senken kann, wenn man bereit ist, alte Pfade zu verlassen.

Doch diese Geschichte bietet dir mehr als praktische Lösungsansätze; sie ist eine Reise zur inneren Widerstandskraft. Es geht um mentale Stärke und die Anpassungsfähigkeit der Psychologie in Zeiten einer vermeintlich neuen Weltordnung. Leo und Annas Resilienz ist nicht starr, sondern fließend und lebendig. In einem berührenden Moment, als Leo Anna einen alten Kompass schenkt, wird klar: In stürmischen Zeiten sind ein fester Wertekompass und die Liebe zueinander der einzige verlässliche Norden.

Lass dich von dieser Geschichte inspirieren und mitreißen. Sie zeigt dir eindrucksvoll, wie man Angst durch Handeln ersetzt und selbst in unsicheren Zeiten aufblüht. Ein Hörbuch, das Hoffnung schenkt und dich motiviert, dein Leben selbst in die Hand zu nehmen.

—
DETAILS ZUM HÖRBUCH

Bei Google Play Bücher kaufen ►► https://g.co/booksYT/AQAAAEAaD3JPeM
Sprache: Deutsch
Verlag/Publisher: AudioEmpire via PublishDrive
Veröffentlicht am: 21. Januar 2026
ISBN: 9783999913124
Dauer: 1 Std., 21 Min.
Genres: Wirtschaft & Volkswirtschaft / Allgemeines, Familie & Beziehungen / Allgemeines und Politikwissenschaften / Allgemeines"
_dddL1ddmXQ,At the Hotel in Slow German | Super Easy German 283,"Practice more German with fun video stories on our partner app Seedlang: https://www.seedlang.com/promotion/seg-283
--
Thanks to Hotel Oderberger for having us shoot this video! 😃
Hotel Oderberger: https://www.hotel-oderberger.berlin/
GLS Sprachenzentrum: https://www.gls-sprachenzentrum.de
---
LEARN GERMAN WITH US:
💡 JOIN OUR COMMUNITY: https://easygerman.link/membership_seg283
🎧 LISTEN TO OUR PODCAST: http://www.easygerman.fm
📺 SUBSCRIBE ON YOUTUBE: https://goo.gl/sdP9nz

WATCH MORE:
➕ INSTAGRAM: https://www.instagram.com/easygermanvideos
➕ FACEBOOK: https://www.facebook.com/easygermanvideos
➕ TIKTOK: https://www.tiktok.com/@easygerman
➕ OUR WEBSITE: https://www.easygerman.org/
---
In this episode, Janusz spends a night at a hotel, speaking in slow German. Join him as he checks in at the reception desk, takes the elevator to his room, visits the hotel bar, and checks out the next morning. Along the way, you'll learn important expressions and vocabulary that will surely come in handy during your next hotel stay.

In dieser Episode verbringt Janusz eine Nacht im Hotel, und zwar auf langsamem Deutsch. Begleitet ihn, vom Check-in an der Rezeption, über den Aufzug in sein Zimmer, bis zur Hotelbar und zum Check-out am nächsten Morgen. Dabei lernt ihr wichtige Ausdrücke und Vokabeln, die ihr bei eurem nächsten Hotelbesuch sicher gut gebrauchen könnt. 
---
ALL OUR VIDEOS SORTED BY LEVEL
A1 (Absolute Beginners): https://youtube.com/playlist?list=PLk1fjOl39-50kWobutO8NVFzbw9PHtbbg
A2 (Advanced Beginners): https://youtube.com/playlist?list=PLk1fjOl39-5201BUdhtOM_x23poNvLouT
B1 (Intermediate Learners): https://youtube.com/playlist?list=PLk1fjOl39-53yooogv6RaJAK29mx7nz1d
B2 (Upper Intermediate Learners): https://youtube.com/playlist?list=PLk1fjOl39-51lvdiuQYsLW-0aGIdNNknA
C1 (Advanced Learners): https://youtube.com/playlist?list=PLk1fjOl39-53pjPz2VLCeu5vjOUMKZ22O&si=qYOyszYJHJ73_3yZ
C2 (Near-Native Learners): https://youtube.com/playlist?list=PLk1fjOl39-50hTI9yYPnmTIqL_1zWJI1a&si=cn5GMeQARTmIk1bQ
---
OUR SPONSORS:
📺 Lingopie: 7 days free and up to 73% off if you stay https://lingopie.com/easygerman
🗣️ italki: Get $10 in credits after your first purchase http://go.italki.com/easygerman
👩🏫 GLS Berlin: No registration fee with discount code ""Easy German"" https://www.easygerman.org/gls
🔒 NordVPN: Get our exclusive deal https://nordvpn.com/egp
---
PRODUCED BY:
Easy Languages is a video and podcast series that showcases language as spoken in the streets and among friends. Our goal is to help you learn languages in a fun and authentic way. We are based in Berlin, Germany, but operate with a global network of producers. Learn more about us and check out our other channels:
http://www.easy-languages.org
---
Hosts of this episode: Janusz Hamerski/Carina Schmid 
Camera & Edit: Soroush Hashemipanah
Translation: Ben Eve"
Wcu1Xxdjsv8,Rückkehr nach Syrien oder bleiben in Deutschland?,"Nach dem Sturz des syrischen Diktators Assad wird für viele geflohene Syrer:innen möglich, was bis vor kurzem noch unmöglich schien: die Rückkehr in ihre Heimat. Aber viele Geflüchtete, die in Deutschland leben, sind sich unsicher, ob es das Syrien, das sie kennen, noch gibt. Gleichzeitig fühlen sie sich auch in Deutschland nicht richtig willkommen. 

Alle aktuellen Informationen, weitere Nachrichten und tagesschau24 im Livestream: https://www.tagesschau.de/

Alle Sendungen, Livestreams, Dokumentation und Reportagen auch in der ARD-Mediathek: https://www.ardmediathek.de/tagesschau

#tagesschau #nachrichten"
GaQC-WSgJUk,Die größte FINANZKRISE aller Zeiten❗️ ➤ Kommt JETZT der dritte Reiter der Apokalypse?,"https://www.endzeitreportermcm.com/
PayPal: paypal.me/EndzeitreporterMcM
Mein Kanal Endzeit-NewsMcM: https://www.youtube.com/c/EndzeitNewsMcM
Mein Telegram-Kanal: https://t.me/endzeitreportmcm
Mein Tik-Tok-Kanal: https://www.tiktok.com/@endzeitreportermcm

4. Mose 6: 24-26 ""Der Herr segne dich und behüte dich! Der Herr lasse sein Angesicht leuchten über dir und sei dir gnädig! Der Herr erhebe sein Angesicht auf dich und gebe dir Frieden!"" 

יְבָרֶכְךָ יהוה, וְיִשְׁמְרֶךָ
יָאֵר יהוה פָּנָיו אֵלֶיךָ, וִיחֻנֶּךָּ
יִשָּׂא יהוה פָּנָיו אֵלֶיךָ, וְיָשֵׂם לְךָ שָׁלוֹם

Wer meine Arbeit unterstützen möchte:
►IBAN: DE79 5105 0015 0116 7840 34
►BIC: NASSDE55XXX
►EndzeitreporterMcM - Nassauische Sparkasse

Vielen Dank an alle für eure Unterstützung

Mitglied werden:
https://www.youtube.com/channel/UCi-p...


►Facebook: InfokriegerMcM/EndzeitreproterMcM
►Jeden Freitag LIVE ab 20:00 Uhr auf Youtube

Die Wahrheit kommt ans Tageslicht!

*****McM*****"
7bPLnnWZzno,💥SCHLIMME Nachrichten aus Magdeburg!! DAS GLAUBT ihr nicht!,"Die Eltern vom kleinen André aus Magdeburg erheben schwerste Vorwürfe gegen die Behörden!!
Abonniere jetzt den Kanal und aktiviere die Glocke, um kein wichtiges Video mehr zu verpassen!
🔔 Kanal abonnieren: https://oli.net/abonnieren
🤝 Kanalmitglied werden: https://oli.net/kanalmitgliedschaft
💰  Aktiendepot: https://www.oli.net/freedom24 **
⭐️ Gold und Silber kaufen: https://www.oli.net/kettner **
⚡️ Bitcoin kaufen: https://oli.net/bitcoin


📰 Quellen
- https://bit.ly/3Pim2gt
- https://bit.ly/4gXp85j
- https://bit.ly/3PjOUVS

💬 Hashtags
#Magdeburg 

⚠️ Hinweis: Ich biete hier keine Anlageberatung, ich möchte lediglich zum Nachdenken und Diskutieren anregen. Bei manchen der im Video erwähnten Anlageklassen bin ich selbst investiert, so dass es zu Interessenskonflikten kommen kann.

** Affiliate Links
Bei den Produktlinks handelt es sich um Affiliate-Links. Die Links dienen der Orientierung und dem schnelleren finden der Produkte. Des Weiteren wird beim Verkauf des Produkts eine Provision an mich ausgezahlt, für euch entstehen dadurch keine Mehrkosten.
** Jede Investition ist ein Risiko. Die Prognosen und die bisherige Wertentwicklung sind keine Garantie für zukünftige Erträge. Es ist wichtig, dass du deine eigene Analyse durchführst, bevor du eine Investition tätigst. Dieser Beitrag kann Affiliate-Links enthalten, an denen ich ohne Kosten für dich eine kleine Provision verdienen kann."
yzI0hshSyhE,Die Ampel MUSS geschlossen zurücktreten! (Gerald Grosz),"✅⚠️ HEUTE NOCH: Kostenloses Experten-Webinar sichern – Begrenzte Teilnehmerzahl!
👉 https://kettner.shop/Webinar_YT

🚨 Folge mir auf X und erfahre INSIDER Themen vor allen anderen: 
https://x.com/Dominik_Kettner

✅🪙Melde dich jetzt zur nächsten Gold Night an: 👉 https://kettner.shop/Goldnight_YT
und erfahre mit welchen Edelmetallen du ein sicheres 💲Portfolio💲 aufbaust.

 
▶️ Gerald Grosz:
Sein Buch ""Der perfekte Untertan"" gibt es hier zu kaufen:
https://amzn.to/3QYQuOa

Website: geraldgrosz.at
Facebook: facebook.com/GeraldGroszOfficial
Instagram: instagram.com/GeraldGrosz
X: twitter.com/GeraldGrosz

✅ Werde Teil des Teams: https://kettner.shop/jetzt_bewerben_WCe

Kapitelmarken:

00:00 Das erwartet Sie im Video
01:00 Intro – Landtagswahlen und brisante Enthüllungen
01:10 Landtagswahlen in Brandenburg: Wer hat die Nase vorn?
05:40 Sollte die Ampel-Koalition jetzt schon zurücktreten?
11:00 ARD manipuliert Wahldaten – Handelt es sich um Wahlmanipulation?
14:40 ZDF-Chefredakteurin vergleicht AfD-Erfolge mit dem Zweiten Weltkrieg
18:40 Schauspieler als Propagandainstrument in den Öffentlich-Rechtlichen?
22:35 Softwarefehler kostet AfD die Sperrminorität – Zufall oder Absicht?
27:25 Bundestagswahlen 2025: Gerald Grosz über mögliche Ergebnisse
30:45 Nancy Faesers Wahlkampftricks: Wie tief kann es noch gehen?
35:20 KI zur Verbrechensbekämpfung oder zur Überwachung der Bürger?
39:20 Zweiter Anschlag auf Trump: Wer profitiert von seinem Tod?
45:20 Schlusswort Gerald Grosz: ""Unser Leben liegt in unseren eigenen Händen""
47:20 Outro

 ⭐ GOLD KAUFEN
↪︎  Münzen: https://kettner.shop/gold-m_ONF_
↪︎  Barren: https://kettner.shop/gold-b_ONF_

🪙 SILBER KAUFEN
↪︎  Münzen: https://kettner.shop/silber-m_ONF_
↪︎  Barren: https://kettner.shop/silber-b_ONF_

✅ EDELMETALL-EINSTEIGER
↪︎  500€: https://kettner.shop/500_ONF_
↪︎  2000€: https://kettner.shop/2000_ONF_
↪︎  5000€: https://kettner.shop/5000_ONF_
↪︎  10.000€: https://kettner.shop/10000_ONF_

📞  BERATUNG
↪︎  +49 7930 - 2699

📲 KETTNER EDELMETALLE APP
↪︎ Apple: https://kettner.shop/app-apple
↪︎ Android: https://kettner.shop/app-android

🛒 ONLINE-SHOP
↪︎  https://kettner.shop/ONF_

🔔 KANAL ABONNIEREN
↪︎ https://kettner.shop/YouTube-Kanal_Abonnieren

⏰ ZWEITKANAL
↪︎  https://kettner.shop/shorts-kanal

▶️ INSTAGRAM
↪︎  https://www.instagram.com/kettneredelmetalle/​

▶️ INSTAGRAM Dominik Privat
↪︎  https://www.instagram.com/dominik_kettner/​

📚 KOSTENLOSES E-BOOK
↪︎ https://kettner.shop/masterplan_ONF_

Gold kaufen bei Kettner-Edelmetalle.de - unser Unternehmen zählt zu den größten Edelmetallhändlern Europas. Kaufen Sie bei einem vertrauenswürdigen Händler, lassen Sie sich die Lieferung diskret zu Ihnen nach Hause senden!

Wie hat Ihnen das Video gefallen? Wir würden uns über einen Daumen nach oben, einen Kommentar oder ein Abo unseres YouTube-Kanals freuen.

Vielen Dank und bis zum nächsten Video!

#wirtschaft #politik #deutschland"
Z_za-9_o6DM,Krypto unter Druck – sind das Kaufkurse? | Eine n-tv Sendung der Boerse Stuttgart Group und BISON,"► Unsere Sendung siehst Du jeden Mittwoch um 18:53 Uhr auf n-tv
Im Interview: Richard Dittrich (Boerse Stuttgart Group) und Dennis Winter (BISON)
(Aufzeichnung der Sendung vom Mittwoch, den 26.11.2025 bei n-tv)

📈 Exklusive Infos direkt vom Parkett ► Abonniere kostenlos unsere Börsen-Newsletter: https://www.boerse-stuttgart.de/de-de/service/newsletter/newsletter/ 

► Bitte beachte unsere rechtlichen Hinweise und die Angaben zu möglichen Interessenskonflikten: https://www.boerse-stuttgart.de/de-de/legal/disclaimer-video-und-textbeitraege/"
BPR5tcvY7y0,Personalausweis und seine Energie,"Übersicht: https://www.youtube.com/@tarastro3500/featured
ALLE Videos: https://www.youtube.com/@tarastro3500/videos
Mehr Infos 👇

····················································································
Tarot zeigt die Energie eines Personalausweises. Und wohin die Reise geht. 

···················································································· 
YouTube-Tags: 
#tarot #psychologie, #hilfe, #selbsthilfe #lakowski #personal 

📺 Kanal: 
Auf meinem YouTube-Kanal erwartet dich eine vielseitige Auswahl an Inhalten, die von detaillierten Monatsprognosen über wöchentliche Lesungen bis hin zu speziellen Tarot-Legungen für besondere Ereignisse und Jahresvorausschauen reichen. Ich nutze unterschiedliche Tarot-Decks, um eine breite Palette von Perspektiven und Interpretationen anzubieten. Die Links zu allen verwendeten Decks findest du jeweils unter den Videos – so kannst du dir die Decks selbst zulegen und tiefer in die Welt des Tarots eintauchen. 

Lasst uns diese Plattform nutzen, um uns gegenseitig zu inspirieren, zu unterstützen und zu bereichern. Egal, ob ihr neu in der Welt des Tarot seid oder erfahrene Praktizierende, hier seid ihr alle willkommen, eure Gedanken, Fragen und Erkenntnisse zu teilen.

Meine Arbeit hier auf YouTube ist und bleibt kostenfrei für alle.

👍 Gefällt dir das Video? 
Ein einfacher Daumen nach oben und das Teilen meines Videos helfen, meine Reichweite zu vergrößern und neue Zuschauer zu gewinnen. Das ist eine großartige Möglichkeit, den Kanal zu unterstützen, ohne finanzielle Mittel einzusetzen. 

Möchtest du einen zusätzlichen Beitrag leisten? Deine Spenden helfen mir, bessere Ausrüstung zu beschaffen, Kreativität zu fördern und die Qualität der Inhalte kontinuierlich zu steigern. 

Per PayPal : 
Hans Lakowski : 
https://www.paypal.com/paypalme/hanslakowski1

Per Banküberweisung : 
H.Lakowski (Praxis van Hoogeland) 
IBAN DE 02 4306 0967 1118 2647 00

👇Weiterbildungen und Seminare 
https://www.tarastro.de/Seminare 

🔗 Social & Co
INSTAGRAM: https://www.instagram.com/tarastro2023
TIKTOK: https://www.tiktok.com/@tarastro23


Die aktuell genutzten Kartendecks findet Ihr unter den folgenden Links:  
- Tarot Rider Waite * https://amzn.to/3IP93zw
- Mystische Schamanen-Orakel-Karten * https://amzn.to/3TP33xa
- Spellcaster´s Tarot * https://amzn.to/4cFYpcm
- Katzen-Gurus * https://amzn.to/4beuuXn
- ICH BIN Gegenwart * https://amzn.to/4aiobAT

* Die mit * gekennzeichneten Links sind Affiliate Links. Diese dienen zur Orientierung und zum einfachen Finden der Produkte und werden, falls sie genutzt werden, mit einer kleinen Provision ausgezahlt, ohne Mehrkosten für den Kunden zu verursachen."
NabnwI79ybc,Steigende Weltbevölkerung: So rasant wachsen die größten Megacitys weltweit,"Die Weltbevölkerung wächst trotz begrenzter Ressourcen immer weiter. Viele Weltmetropolen breiten sich in einem enormen Tempo aus, wie ein Zeitraffer zeigt. Auch eine deutsche Stadt ist unter den am schnellsten wachsenden.

#megacity #wachstum #bevölkerung #umwelt #klimaschutz #klimakrise #leipzig #dubai #lasvegas 

Unser t-online-YouTube-Kanal versorgt Sie mit Reportagen zu allen wichtigen gesellschaftlichen Themen, Recherchen und eigenen Interviews. Auch Erklärvideos zu Klima, Inflation, Nachhaltigkeit oder Finanzen liegen uns am Herzen. 

Hier finden Sie uns: 
t-online Website: https://www.t-online.de/
Unsere Videoseite: https://www.t-online.de/tv/ 
Instagram: https://www.instagram.com/tonline.de/
Facebook: https://www.facebook.com/tonline
Twitter: https://twitter.com/tonline
Spotify Tagesanbruch: https://spoti.fi/3AclqRx
Spotify Ladezeit: https://spoti.fi/3QXei2g"
cEKbHDmErPc,Juniorband der Musikschule Rankweil spielt groß auf,
eFMl5j_n64Y,Janis Ehling: So Verhindern Wir Altersarmut In Deutschland!,"Bundesgeschäftsführer Janis Ehling äußert sich in der Pressekonferenz  zur Münchner Sicherheitskonferenz, dem Ukraine-Krieg und den Friedensinitiativen. Außerdem geht es um Rentenpolitik: Um unsere Forderung nach einer Solidarischen Grundrente und um unsere Kritik an der Privatisierung der Rente. 


00:27 Ukraine-Krieg
01:36 Renten
04:39 Bürgergeld
05:28 Fragen"
G5gbuAWKk14,ASYL-GESETZ ABGLEHNT: Bittere Niederlage für Friedrich Merz! AfD geht dennoch als Sieger hervor,"ASYL-GESETZ ABGLEHNT: Bittere Niederlage für Friedrich Merz! AfD geht dennoch als Sieger hervor

Der Bundestag hat den auch wegen einer möglichen Unterstützung durch die AfD heftig diskutierten Gesetzentwurf der CDU/CSU-Fraktion zur Begrenzung der Migration abgelehnt. Sitzungsleiterin Petra Pau teilte mit, das «Zustrombegrenzungsgesetz» habe in zweiter Lesung keine Mehrheit gefunden. Damit entfiel die dritte Lesung mit der Schlussabstimmung. 

Nach Angaben von Pau gaben 693 Abgeordnete ihre Stimmen ab: 338 Ja-Stimmen, 350 Nein-Stimmen und 5 Enthaltungen. Zuvor hatten neben Vertretern von CDU/CSU auch Abgeordnete der AfD, der FDP, des BSW und Fraktionslose Zustimmung signalisiert. SPD und Grüne hatten die Pläne heftig kritisiert. Kritiker hatten gewarnt, die «Brandmauer» anderer Parteien zur AfD falle, wenn ein Gesetz verabschiedet werde, für das AfD-Stimmen maßgeblich gewesen wären. Wie die Abgeordneten im Einzelnen abgestimmt haben, soll noch mitgeteilt werden.

#weltnachrichtensender #cdu #union #merz #bundestag #asyl #migration 

Abonniere den WELT YouTube Channel https://www.youtube.com/WELTVideoTV
WELT DOKU Channel https://www.youtube.com/c/WELTDoku
WELT Podcast Channel https://www.youtube.com/c/WELTPodcast
WELT Netzreporter Channel https://www.youtube.com/c/DieNetzreporter
Der WELT Nachrichten-Livestream http://bit.ly/2fwuMPg
Die Top-Nachrichten auf WELT.de http://bit.ly/2rQQD9Q
Die Mediathek auf WELT.de http://bit.ly/2Iydxv8
WELT Nachrichtensender auf Instagram https://www.instagram.com/welt.nachrichtensender/
WELT auf Instagram https://www.instagram.com/welt/

In eigener Sache: Wegen des hohen Aufkommens unsachlicher und beleidigender Beiträge können wir zurzeit keine Kommentare mehr zulassen. 

Danke für euer Verständnis - das WELT-Team

Video 2025 erstellt"
MY2eKMej5HA,Schweinepest: Warum dieses Testlabor so wichtig für Hessen ist | hessenschau,"Wie geht es weiter mit der Afrikanischen Schweinepest? Ein Labor in Gießen untersucht das Virus. Welche Erkenntnisse hat man dort bislang gewonnen, um die Seuche einzudämmen?

#schweinepest #asp #hessen 

--- 
Ihr wollt nichts verpassen? 
Dann hessenschau abonnieren 👉 https://1.ard.de/hs-abo
--- 
Noch mehr Nachrichten aus #Hessen findet ihr 
im Web: https://www.hessenschau.de 
auf Instagram: https://instagram.com/hessenschau 
auf Facebook: https://facebook.com/hessenschau
auf WhatsApp: https://1.ard.de/hs-whatsapp 

📺 Die ganze hessenschau-Sendung gibt’s in der ARD-Mediathek: 
https://1.ard.de/hs-mediathek
Und immer täglich um 19.30 Uhr im hr-fernsehen."
DZNjgPWXqvU,@ChristianHafeneckerTV | Österreich setzt Asylverfahren für Syrer aus,"Besuche auch unsere anderen Kanäle:
***Mehr Videos: https://www.oe24.at/video
---TikTok: https://www.tiktok.com/@oe24at
+++Facebook:  https://www.facebook.com/oe24.at/
---Instagram:  https://www.instagram.com/oe24.at/"
I3xg7-KImXc,80 Jahre: Suche nach den Vermissten des Zweiten Weltkriegs | Unsere Geschichte | NDR Doku,"Was wurde aus dem Wehrmachtsoldaten Otto Waischwillat? War er ein Spion? Polen versteckten ihn nach dem Warschauer Aufstand. Das letzte erhaltene Dokument ist ein Todesurteil gegen ihn. Ausgestellt von der Roten Armee. Aber wann und wo wurde es vollstreckt? Sein Enkel Harald Walter aus Peine sucht heute noch nach Antworten.

Diese und viele weitere Dokus findet ihr auch in der ARD Mediathek: 
https://www.ardmediathek.de/dokus
 
Millionen solcher Schicksale sind auch 80 Jahre nach Ende des Zweiten Weltkrieges noch ungeklärt. Einige von ihnen können tatsächlich heute noch von Organisationen wie dem Volksbund deutscher Kriegsgräberfürsorge, dem Suchdienst des Deutschen Rotes Kreuzes (DRK) und anderen privaten Gruppen geklärt werden. Allein der DRK-Suchdienst bekommt jährlich mehrere Tausend Anfragen. 
 
Die Chancen, helfen zu können, schwinden aber mit der Zeit. Gerade jetzt, wo mit dem Ukraine-Krieg der Zugang zu Partnerorganisationen in Russland erschwert oder ganz eingefroren ist.
 
Und dennoch gibt es immer wieder Erfolge: Familienangehörige erfahren zum Beispiel mithilfe der Kriegsgräberfürsorge endlich, wo das Grab ihres Vaters ist und können so mit dem Verlust ""abschließen"". Auch andere Fragen können zum Teil noch geklärt werden: In welcher Einheit war der Vater zuletzt? Wo kam er in Kriegsgefangenschaft?
 
Doch nicht nur Soldatenschicksale konnten und können zum Teil noch heute aufgeklärt werden: Es sind vor allem auch die Schicksale von Hunderttausenden Menschen, die unter anderem durch Flucht und Vertreibung von ihren Angehörigen getrennt wurden oder seit Kriegsende als vermisst gelten, die bis heute den DRK-Suchtdienst beschäftigen.
 
Elfie Barthel wurde als Vierjährige von der Wehrmacht aus Bratislava verschleppt, wuchs später bei einer Pflegefamilie in Thüringen auf. Sie erinnerte sich weder an ihren richtigen Namen noch wo sie genau gewohnt hat. Wer ist ihre Mutter? Wo ist ihre Familie?
 
""Unsere Geschichte"" zeichnet unter anderem die aufwendige und belastende Recherche zu Schicksalen wie von Elfie Barthel nach. Der Film dokumentiert zudem die Arbeit des DRK-Suchdienstes von den Anfängen bis in die Gegenwart und ist dabei, wenn die Kriegsgräberfürsorge zwei unbekannte Wehrmachtsoldaten in Polen exhumiert. Kann ihre Identität geklärt werden? Gibt es noch Nachfahren?
 
Auch 80 Jahre nach dem Ende des Zweiten Weltkrieges wirkt die Katastrophe noch nach, bewegt und beschäftigt viele Menschen und Familien.

Mehr dazu:
https://www.ndr.de/fernsehen/sendungen/unsere_geschichte/Verschollen-im-Zweiten-Weltkrieg,sendung1534198.html

Erstausstrahlung: 07.05.2025

#ndr #doku #Geschichte"
HBr2cnqdpVs,Newmont: Sorgt der Goldpreis für den nächste Ausbruch?,"Der Trading-Tipp des Tages ist diesmal Newmont. Der Goldpreis ist weiter auf dem Vormarsch. Das Rekordhoch verschiebt sich immer weiter nach oben. Davon profitiert Newmont. Die Aktie sieht charttechnisch hochspannend aus.

Maximilian Völkl mit allen Einzelheiten zum Trading-Tipp des Tages.

Mit welchem Produkt Sie von der zukünftigen Entwicklung des Wertes profitieren können, erfahren Sie in diesem Video.

👍 Mehr aktuelle Infos, Tipps und Analysen auf www.deraktionaer.de: https://tiny.li/Qddg
👍 Hier geht's zur aktuellen Ausgabe von DER AKTIONÄR: https://tiny.li/2edg
-----
►► Folgen Sie uns hier:◄◄
📈 LinkedIn: https://www.linkedin.com/showcase/der_aktionär
🎭 Facebook: https://de-de.facebook.com/aktionaer/
🐦 Twitter: https://twitter.com/aktionaer
📷 Instagram: https://www.instagram.com/deraktionaer/
🎬 TikTok: https://www.tiktok.com/@deraktionaer

Zufrieden? Bewerten Sie uns auf Google!
https://g.page/r/CWZ1FzK_GJjdEAg/review"
5vWrt54BBX4,Die silberne Bestimmung | Ruhm Kampagne Valdrakken | Lore Lets Play Dragonflight |,"Mit World of Warcraft Dragonflight wurden die Endgame Kampagnen hinter Ruhmstufen verpackt. Wir fangen mit der ersten an, die ihr bei dem Valdrakkenabkommen bekommen könnt; die silberne Bestimmung.


▬▬▬▬▬▬▬▬▬▬▬▬▬▬▬▬▬▬▬▬▬▬▬▬▬▬▬
Holy Energy Code: ""CHROMIE"" - spare 10% bei den besten Getränken!
https://www.weareholy.com/chromie/yt

Unterstütze Chormie.de: 
https://www.patreon.com/chromiede?fan_landing=true
▬▬▬▬▬▬▬▬▬▬▬▬▬▬▬▬▬▬▬▬▬▬▬▬▬▬▬
News, Guides und alles zu World of Warcraft?
https://www.chromie.de/

Unterstütze Chormie.de: 
https://www.patreon.com/chromiede?fan_landing=true

▬▬▬▬▬▬▬▬▬▬▬▬▬▬▬▬▬▬▬▬▬▬▬▬▬▬▬
#Warcraft
#Blizzard
#dragonflight 
▬▬▬▬▬▬▬▬▬▬▬▬▬▬▬▬▬▬▬▬▬▬▬▬▬▬▬
►Discord: https://discord.gg/tHrHt56
►Instagram: https://www.instagram.com/amars_90/?hl=de
►Twitter: https://twitter.com/Amars901
►Twitch: https://www.twitch.tv/chromiede"
9j7JxpARJXA,Abdul Alim Hamza - Das Wichtigste,"http://Habibiflo.de
🔴➤ WICHTIG:  → YouTube wird Dir nicht unsere NEUESTEN Videos anzeigen, außer Du AKTIVIERST DIE GLOCKE  🔔
🔴➤ SUPPORT:  → ABONNIEREN und 🔔 Glocke aktivieren

⚖️  Alle Videos sind auf Rechtmäßigkeit geprüft. 

📜  Art. 5 Abs. 1 GG (verkürzt): ""Jeder hat das Recht, seine Meinung in Wort, Schrift und Bild frei zu äußern und zu verbreiten […] Eine Zensur findet nicht statt.""

👉 Links zum Kennenlernen des Islam:
http://IslamReligion.com
http://Durus.de
http://Chatislamonline.org/de
http://Way-To-Allah.com

📅 Wenn Sie Fragen zu unserer Organisation, Terminen oder unserer Referate haben, können Sie uns gerne eine Email zukommen lassen.
Sollten Sie unerwünscht auf einem der Videos zu sehen sein und wünschen dieses zu löschen, so bitten wir Sie uns den Link, ggf. den Titel und die Minute per Email zuzusenden.

📩 E-Mail: info@habibiflo.de

⚖️  Es ist nicht auszuschließen, dass die auf www.habibiflo.de veröffentlichten Inhalte manchmal im Widerspruch zur hiesigen Gesetzgebung stehen. Doch dies ist keine Aufforderung zur Umsetzung hier in Deutschland. Vielmehr sollen die Lehren des Islam so authentisch wie möglich vermittelt werden. Für die Inhalte der jeweiligen Texte, Audios und Sonstigem sind die jeweiligen Verfasser verantwortlich.

#Abul #Alim #Hamza #AbdulAlimHamza #AbdulAlim #Sheikh #Shaykh #official #ozzifiell"
fpGApWE_WUE,Ein Kommunist ist einer der „ALLES „von Dir will außer Deinen Job! #politik #deutschland #afd,
Jqkb0mdNwdM,"""Keine Kohle, kein Plan"" – Altersvorsorge bei der Gen Z","💻 KOSTENLOSE Altersvorsorge-Online-Beratung ►► https://www.versicherungenmitkopf.de/altersvorsorge-beratung?utm_source=youtube.com+&utm_medium=referral&utm_campaign=%22Keine+Kohle%2C+kein+Plan%22+%E2%80%93+Altersvorsorge+bei+der+Gen+Z
📑 KOSTENLOSER Renten-Check ►► https://www.versicherungenmitkopf.de/terminanfrage/renten-check?utm_source=youtube.com+&utm_medium=referral&utm_campaign=%22Keine+Kohle%2C+kein+Plan%22+%E2%80%93+Altersvorsorge+bei+der+Gen+Z
✅ KOSTENLOSER Vertrags-Check ►► https://www.versicherungenmitkopf.de/terminanfrage/vertrags-check?utm_source=youtube.com+&utm_medium=referral&utm_campaign=%22Keine+Kohle%2C+kein+Plan%22+%E2%80%93+Altersvorsorge+bei+der+Gen+Z

Die Gen Z weiß, dass sie im Alter arm sein könnte – und trotzdem macht sie kaum was dagegen. Warum? Nicht aus Faulheit oder Desinteresse, sondern wegen fünf ganz konkreter Gründe. Und genau über die sprechen wir heute – ohne Klischees, aber mit klaren Aussagen. Denn eines ist sicher: Altersarmut ist kein Zukunftsproblem – sie beginnt genau jetzt.

0:00 1. Wissen ist da – aber der Impuls fehlt  
1:17 2. Der Wille ist da – aber das Geld fehlt  
2:13 3. Altersvorsorge ist ein Dschungel  
2:56 4. Vertrauen? Fehlanzeige  
3:41 5. Dauerkrise = Dauerstress  
4:08 Fazit & Empfehlung

Auf dem Youtube-Kanal ""Versicherungen mit Kopf"" erklärt dir Bastian Versicherungen so einfach wie möglich. Versicherungen endlich in deiner Sprache. Verstehe, welche Versicherungen du wirklich brauchst und welche nicht. Lerne, warum manche Versicherungen für deine Existenz unverzichtbar sind und wie sich die Notwendigkeit von Versicherungen über dein Leben hinweg ändern kann. Bleibe dazu immer auf dem neuesten Stand, was wichtige Änderungen der Politik beim Thema Versicherung, Altersvorsorge, Rente und Co. angeht. Dazu stehen dir die kostenlose Online-Beratung und auch die kostenlose Versicherungen mit Kopf Versicherungs-App zur Verfügung.

Wichtige Hinweise:

Die mit Sternchen (*) gekennzeichneten Verweise sind sogenannte Provision-Links (Affiliate-Links). Wenn du auf so einen Verweislink klickst und über diesen Link einkaufst, bekomme ich von deinem Einkauf eine Provision. Für dich verändert sich der Preis nicht. Ich gehe mit Provision-Links sehr verantwortungsvoll um und empfehle nur Dienstleistungen und Produkte, die ich selbst nutze oder/und von deren Nutzen und Mehrwert ich überzeugt bin.

Disclaimer: 

Der Autor/Sprecher übernimmt keinerlei Gewähr für die Aktualität, Korrektheit, Vollständigkeit oder Qualität der bereitgestellten Informationen. Haftungsansprüche gegen den Verfasser, welche sich auf Schäden materieller oder ideeller Art beziehen, die durch die Nutzung der dargebotenen Informationen bzw. durch die Nutzung fehlerhafter und unvollständiger Informationen verursacht wurden, sind grundsätzlich im weitest zulässigen Rahmen ausgeschlossen. Das Video stellt in keiner Art und Weise eine professionelle Beratung dar und ersetzt diese auch nicht.
—
„Versicherungen mit Kopf“ ist die Marke der VMK Versicherungsmakler GmbH.
Gründer & Geschäftsführer: Bastian Kunkel.
Versicherungen mit Kopf ist Experte für Berufsunfähigkeitsversicherung, private Krankenversicherung, private Altersvorsorge, Risikolebensversicherung, Beamtenabsicherung – und darüber hinaus."
VPIEcS9iyr0,Tägliche Nachrichten - Reiseverkehr an Ostern,"Deutsch lernen mit Nachrichten
Learn German with Breaking News
Aktuelle Nachrichten
Heute in Deutschland
Heute in Europa
German Breking News



Folgen Sie uns auf Social Media
https://www.youtube.com/LearnGermann
Twitter: http://twitter.com/learngermann
Facebook: http://facebook.com/learngermann
Web http://engerman.de



Tags: german online course ,deutschkurs a2 test ,deutschkurs b1 online ,prufung a2 deutsch online ,online german lessons,
german course online,learn how to speak german ,test a2 deutsch online,deutschkurs online b1,learn german book ,
learn german online free for beginners,german learning online ,easy way to learn german,german audio lessons,online german learning ,
german language course online ,prufung b1 online, deutschprufung a2 test ,"
qfB6ZFUgIEk,Pressekonferenz zu Impffolgen! - Martin Sichert - AfD-Fraktion im Bundestag!,"Seit Beginn der Corona-Impfung zeigen sich in der Bevölkerung teils drastische Veränderungen bei Krankheitsbildern und Sterbefällen. Das geht aus Daten der Kassenärztlichen Vereinigung hervor, die Martin Sichert zusammen mit dem Datenexperten Tom Lausen exklusiv auswerten konnte und die auf der Pressekonferenz präsentiert werden.
 
Patientendaten der Kassenärztlichen Bundesvereinigung (KBV) zu Nebenwirkungen der Corona-Impfungen liefern erschreckende Erkenntnisse: Mit Beginn der Corona-Massenimpfungen stieg die Zahl derjenigen, die „plötzlich und unerwartet“ gestorben sind, sprunghaft im Vergleich zu den Vorjahren auf das mehr als Vierfache an. In jedem Quartal, beginnend mit dem ersten Quartal 2021, wurden von Kassenärzten mehr plötzliche und unerwartete Todesfälle festgestellt, als in jedem Gesamtjahr von 2016 bis 2020.

Link zur Datenauswertung von Impffolgen: https://afdbundestag.de/datenauswertung-von-impffolgen/ 

Offizieller Kanal der AfD-Fraktion im Deutschen Bundestag
Jetzt abonnieren ► https://www.youtube.com/channel/UC_dZp8bZipnjntBGLVHm6rw/about?sub_confirmation=1

Andere Social Media Kanäle
Facebook: https://www.facebook.com/afdimbundestag/
Twitter: https://twitter.com/AfDimBundestag/
Instagram: https://www.instagram.com/afdimbundestag
Telegram: https://t.me/afdfraktionimbundestag
TikTok: https://www.tiktok.com/@afdfraktionimbundestag
GETTR: https://www.gettr.com/user/afdbundestag"
x9A2l_8o7_U,Wie logo! gemacht wird: Blick hinter die Kulissen | logo! extra,"Habt ihr euch schon mal gefragt, was die logo!-Redaktion eigentlich so den ganzen Tag macht? Dann kommt mal mit! Gemeinsam machen wir uns heute auf die Suche nach einer Person, die die Sendung moderieren kann und dabei schnuppern wir mal in alle Bereiche unserer Redaktion rein. 😁 
Wer kann uns aus der Patsche helfen? Und was macht Sherif eigentlich die ganze Zeit im Fahrstuhl?

00:00 So startet der logo!-Tag
00:58 Das macht die logo!-Schlussredakteurin
02:00 So entstehen unsere Erklärvideos
03:55 Auf einem Dreh mit Reporterin Isabelle
04:53 Hier entstehen die Beiträge für logo.de und Social Media
06:24 Das passiert im Schnitt und bei der Vertonung unserer Beiträge 
07:56 Ein Blick in die Regie

logo! ist eine Produktion des ZDF.

🔔 Abonnieren? Einfach hier klicken: @logo-nachrichten 
👉 Alle Filme und Infos zu logo! gibt es hier: https://www.zdf.de/kinder/logo?at_medium=Social%20Media&at_campaign=YouTube&at_specific=ZDFtivi&at_content=logo
👉 logo! auf Instagram: https://www.instagram.com/zdflogo"
_0LwHtELHwQ,5/8 - MO-0-NE - 24.08. - kleine Sternzeichenrunde Teil 1,"Der Übergang der SONNE vom LÖWEN in die JUNGFRAU ist doch eine heftige Zäsur! ""Jetzt wird wieder in die Hände gespuckt...!"" Die ruhige Zeit ist vorbei und jetzt geht es wieder an die Arbeit... (Müssen doch die ERDZEICHEN stets das halten, was die davor liegenden FEUERZEICHEN versprochen haben...)"
Ii-NLKVik10,Ideas Daily TV: DAX - Leichte Verluste zum Wochenstart / Marktidee: Linde,"Weitere Videos finden Sie unter: https://www.deraktionaer.tv

Nach den deutlichen Zugewinnen in der vergangenen Woche, liess der DAX diese etwas ruhiger angehen. Er gab am Ende des gestrigen Handels knapp 0,3 Prozent nach. Damit schloss der deutsche Leitindex bei 14.461 Punkten. 

Marktidee: Linde.
Die Aktie von Linde bewegt sich in einem intakten langfristigen Aufwärtstrend. Seit einem im November markierten Rekordhoch bei 226,40 Euro befindet sich der Kurs im Korrekturmodus. Dabei fungierte die steigende 200-Tage-Linie wiederholt als wirksame Unterstützung. Nach einem dynamischen Anstieg konnte die Notierung in der vergangenen Woche die korrektive Abwärtstrendlinie überwinden und sich bis auf unmittelbare Rufweite dem Allzeithoch annähern. 

-----

►► Folgt uns hier:◄◄
🎭 Facebook: https://de-de.facebook.com/aktionaer/
🐦 Twitter: https://twitter.com/aktionaer
📷 Instagram: https://www.instagram.com/deraktionaer/

-----

►► Gleich hier abonnieren ◄◄
http://www.youtube.com/subscription_center?add_user=DAFChannel"
Ey7YFF0Ffjc,LS22 I Build It 2 - Es kracht gewaltig 😤 Folge 8,"Schon im Laufe der letzten Videos kam so langsam der Gedanke auf, dass der Händler mich über den Tisch gezogen hat. In diesem Teil vom Build It Projekt konfrontiere ich ihn mit meinen Vorwürfen und es kracht gewaltig...

Die anderen Teilnehmer findest du hier:
@M4cM4nus : https://www.youtube.com/@M4cM4nus 
@MeiloPlays : https://www.youtube.com/@MeiloPlays
@CommanderKeule :  https://www.youtube.com/@CommanderKeule 

Ich bin täglich ab 8 Uhr morgens live auf Twitch, schau hier in meinem Stream vorbei: https://www.twitch.tv/sophiexelisabeth 

💌 Folge mir auf Instagram: https://www.instagram.com/sophiexelisabeth/?hl=de
🔮 Folge mir auf TikTok: https://www.tiktok.com/@pueppchenvsnerd 
🧿 Joine meinem Discord: https://discord.gg/P972EUh

#ls22 #fs22 #buildit"
c70Yjx20gsQ,Iran Atomwaffen: US-Geheimdienste & die Wahrheit #shorts,Seit 2003 jedes Jahr die gleiche Einschätzung: Iran arbeitet nicht an Atomwaffen. Trotzdem wird das Gegenteil behauptet. Warum? Die Wahrheit hinter der Iran-Atom-Debatte. #IranAtomwaffen #Geheimdienste #Politik #Hintergrund
bxbq6MvM8_0,LIFE IS STRANGE: TRUE COLORS 🎧 10: Spaziergang durch Haven,"🎧 ALLE FOLGEN schauen unter https://grnk.yt/LiS3
🎧 Selber spielen: https://store.steampowered.com/app/936790/
🎧 Mehr Infos zum Game beim Aufklappen 👇

····················································································

LIFE IS STRANGE: TRUE COLORS

Alex Chen verheimlicht ihren „Fluch“: die Fähigkeit, die Emotionen anderer zu absorbieren und zu manipulieren. Als ihr Bruder bei einem „Unfall“ stirbt, muss Alex ihre Kraft nutzen, um die Wahrheit und lang vergrabene Geheimnisse aufzudecken. 

····················································································

🕹 INFOS ZUM SPIEL

Titel: Life Is Strange: True Colors
Genre: Abenteuer
Entwickler: Deck Nine
Publisher: Square Enix

YouTube-Tags:
#LifeIsStrange3 #TrueColors #Gronkh

Webseite:
https://lifeisstrange.square-enix-games.com

Wenn Dir das Spiel gefällt, bitte unterstütze die Entwickler und kaufe Dir das Spiel im Original:
https://store.steampowered.com/app/936790/

····················································································

TRANSPARENZ / PRODUCT PLACEMENTS:

[✖] Deal: kein Deal
[✖] Reise: keine Reise
[✖] Sonstiges: nix

Meine Hardware-Partner:
• Dicke Kiste von CASEKING: http://caseking.de
• Maximum Grafik von NVIDIA: http://nvidia.de
• Server von NITRADO: http://nitrado.net

Alle mit * versehenen Links sind sogenannte Ref-ID-Links. Das heißt, wenn Du da was kaufst (muss natürlich niemand), dann verdient der Verlinkende (in dem Fall hier also ich) ein paar Cent daran, ohne dass es Dich mehr kostet. Als Beispiel verdient dann Amazon ein klein bisschen weniger am Produkt.

····················································································

📺 CHANNEL:
@Gronkh @GronkhTV @GronkhRPGs @GronkhRetro @GronkhOSTs  

🎥 LIVESTREAMS:
http://gronkh.live

🗄️ STREAM-ARCHIV:
http://gronkh.tv

🔗 SOCIAL & CO:
http://gronkh.chat (Discord)
https://gronkh.shop
https://twitter.com/gronkh
https://instagram.com/gronkh
····················································································"
NZJbUiMg-G0,Die Horrorhäuser von Bad Oldesloe | SPIEGEL TV,"Kaputter Fahrstuhl, Rohrbrüche, Wasserschäden, Schimmel: die Liste der Mängel in den beiden Wohntürmen am ""Hölk"" in Bad Oldesloe ist lang. Seit Jahren wird die Immobilie von den wechselnden Besitzern kaum saniert. Für die Menschen ist das Wohnen zum Alptraum geworden.

Schau dir auch unsere Reportage »Brennpunkt Duisburg: Abgehängt und vergessen« an:
► https://youtu.be/FKJJWf5m-G8

Weitere Reportagen über das Leben in sozialen Brennpunkte findest du hier:
► https://www.youtube.com/playlist?list=PLuiYhcgFTmqDKMYte9fYH22S7F7gng0UT

Schau dir auch unbedingt folgende Beiträge an:
Rumänische Fahrraddiebe: Klauen trotz Bürgergeld 
► https://youtu.be/R27ju6U5gOs
Angriff auf Reporter: Clan-Mitglied Fadie Al-Zein schlägt zu
► https://youtu.be/XbI0IuctvCk
Rechtsradikal und kampfbereit: Wer sind die »Sächsischen Separatisten«?
► https://youtu.be/rwRXtGEUf54

#Horrorhaus #Brennpunkt #BadOldesloe
_________
True-Crime-Kanalmitglied werden und exklusive Vorteile erhalten:
https://www.youtube.com/channel/UC1w6pNGiiLdZgyNpXUnA4Zw/join"
50XVupKUCKQ,Rücktritt aus Frust? Habeck verlässt die politische Bühne,"Robert Habeck hat überraschend seinen Rücktritt erklärt. Laut offiziellen Angaben sei es nicht gelungen, eine Position zu finden, die sowohl seinen persönlichen Ansprüchen gerecht werde als auch innerhalb der Grünen und keinen Konflikt auslöst.
---
Wenn ihr meine Arbeit unterstützen möchtet, stehen euch dafür folgende Möglichkeiten zur Verfügung. Dies erleichtert mir die Arbeit auf YouTube und auf anderen Kanälen:

PayPal: https://www.paypal.com/donate/?hosted_button_id=2HTEAD7CBLLC8
Ko-Fi: https://ko-fi.com/kitchennews

YouTube Kanalmitgliedschaft: https://www.youtube.com/channel/UCE5CMv3a2bF7UTDdvjuenoA/join
Mein Zweitkanal: https://youtube.com/@UCsE1D4wRSH0mZIwhazvyTUQ 
Twitch: https://www.twitch.tv/kitchennews
DLive: https://dlive.tv/kitchennews
X: https://twitter.com/kitchen_news_de
Spotify: https://open.spotify.com/show/5gGIkEp7yNk5bzrXnwqLMw
TikTok: https://www.tiktok.com/@kitchennews
Telegram: https://t.me/kitchenne
Homepage: https://kitchen-news.de
---
Q1: NDR
https://www.ndr.de/nachrichten/schleswig-holstein/CDU-Kein-Direktmandat-fuer-Petra-Nicolaisen-Habeck-verliert,regionflensburgnews2434.html
Q2: Frankfurter Rundschau
https://www.fr.de/politik/habeck-will-wohl-bundestags-mandat-niederlegen-gruene-stellen-sich-neu-auf-zr-93689976.html
Q3: Cicero
https://www.cicero.de/innenpolitik/oko-partei-vor-der-spaltung-der-grune-albtraum
Q4: YouTube / Welt
https://www.youtube.com/watch?v=47CVg4xanW8
Q5: YouTube / Welt
https://www.youtube.com/watch?v=fjcj1DcTqeY
Q6: Berliner Morgenpost
https://www.morgenpost.de/kolumne/meine-woche/article216947531/Der-Staat-als-Beute.html

#grüne #habeck  #baerbock"
VN_9wTiKhiA,"ARD Diskussions-Sendung ""Jugend unter Hitler - war es wirklich so?"" (18.07.1982)","Diese VCR-Aufzeichnung aus dem Jahre 1982 gehört zu den interessantesten in meiner Sammlung. Eine Diskussions-Sendung zum Thema Jugend im 3. Reich. Dabei bezog man sich auf die 4-Teilige Filmreihe ""Blut & Ehre"", die im Juli 1982 in der ARD ausgestrahlt wurde. Zu jedem Teil gab es eine jeweilige Talkshow mit Experten und Zeitzeugen sowie jungen Menschen, welche die Fragen stellten. Zu Beginn dieser ersten Sendung (die anderen 3 habe ich leider nicht) werden die Gäste vorgestellt. Mit in der Runde sitzt u.a. Heiner Schmidt, der bei einigen Loriot-Sketchen mitspielte. Des Weiteren sitzt Werner O. Feist in der Runde. Damals Leiter der Hauptabteilung Bildungs- und Familienprogramm des SWF. Er war auch Produzent dieser Sendung und arbeitete zudem auch als Ansager für Südwest 3.
Da sich diese erste Talk-Runde nur auf den Inhalt des ersten Teils von ""Blut und Ehre"" bezieht, wird von den Gästen auch nur das Jahr 1933 behandelt. Vieles von dem, was später erst auf die Jugend im dritten Reich zukam, ahnten die Zeitzeugen zum damaligen Zeitpunkt noch nicht. Dementsprechend positiv berichten sie von der Vergangenheit wie sie sie erlebt haben, zeigen sich aber auch selbstreflektiert und schauen mit dem Wissen von 1982 zurück auf den Anfang der NS-Zeit. Interessant sind aber nicht nur die Zeitzeugen, sondern auch die Leserbriefe, die zu Beginn vorgelesen werden. Wer heute glaubt, Hate-Kommentare u.ä. wären ein Phänomen unserer heutigen Zeit, der irrt sich, denn der Erste Brief beweist das Gegenteil.
Ein insgesamt sehr interessantes Stück Zeitgeschichte, mit Zeugen der Vergangenheit, die mittlerweile alle nicht mehr unter uns sind. 

00:00 - Testaufnahmen
00:18 - Ende der Sendung mit der Maus
00:50 - Umschaltung zum SWF
01:10 - Ansage von Eva-Maria Kramm
01:29 - Beginn von ""Jugend unter Hitler - war es wirklich so?"" 
01:47 - Einleitende Worte von Prof. Dr. Christian Graf v. Krockow
02:32 - Vorstellung der Gäste im Studio
03:49 - Historisches Stichwort 
06:14 - Kurzer Eiblick in die Filmreihe ""Blut & Ehre"" 
07:20 - Zuschauer-Reaktionen auf den den ersten Teil von ""Blut & Ehre"" 
12:22 - Diskussions-Runde 
42:55 - Hinweis auf das Begleitmaterial zur Sendung
43:37 - Ende der Sendung
44:30 - Absage von Eva-Maria Kramm

Quelle: VCR-Standard (Scotch LVC 90)
Abspielgerät: Philips N1512
HDD-Rekorder: Pioneer DVR-560H
Mischpult: Nicht verwendet
Denoiser: NeatVideo v5
Schnitt: Adobe Premiere Pro"
Z97-UkhBS9k,💥Talkshow-Eklat! Bürger auf 180: „Auf welchem Planeten leben SIE HERR MERZ!?“,"💥Talkshow-Eklat! Bürger auf 180: „Auf welchem Planeten leben SIE HERR MERZ!?“ Wir sind Schachmatt in Wirtschaft, Rente, Migration & Politik! Bundestag aktuell! Aktuelle AFD Bundestag Fraktion geht viral! Tino Chrupalla & Alice Weidel gegen Friedrich Merz - AFD KNACKT REKORD! Alice Weidel wird Bundeskanzlerin? Friedrich Merz, Lars Klingbeil und CDU / SPD im Schock!! Neuwahlen sofort! Politik Aktuell: AFD Eilmeldung! #politik #afd #aliceweidel #merz #klingbei #neuwahl #merzaus Merz Rücktritt & Klingbeil Rücktritt nur noch Frage der Zeit! AFD Eilmeldung! Alice Weidel & Tino Chrupalla bestätigen Unfassbares! #afd #eilmeldung #politikaktuell Aktuellste News & Eilmeldung über Alice Weidel, Tino Chrupalla, AMPEL Politik & Mehr! UNFASSBARE ENTWICKLUNGEN! #viral #blitzmeldung #eilmeldung

Quelle: MDR (MDR Mediathek)

Schon wieder bricht Bitcoin alle Rekorde - Die Mainstream Medien WARNEN davor!
Es ist also Zeit sich mit Bitcoin zu beschäftigen ;) Hier findest du das wohl beste
Einsteiger Ebook zu Bitcoin: https://www.checkout-ds24.com/product/579916

UNSERE WHATSAPP GRUPPE UM ALLE VIDEOS ZU SEHEN: https://whatsapp.com/channel/0029VaiJd7G1yT2DYQmy9S2n


------------

VORSORGE CHECKLISTE:

Perfekt vorbereitet auf den Notfall: https://www.checkout-ds24.com/product/537522 (Patientenverfügung, Vorsorgevollmacht, Notfallpass, Blackout Checkliste, Vollmacht für Finanzangelegenheiten, Testament, ...) (Werbung)


------------

Wichtige Schlagwörter

#geldanlage #demokonto #demodepot #demobroker #forexbroker #forexhandel #wirtschaftaktuell #wirtschaft #wirtschaftsnachrichten #finanzstrategie #prognosen #nachrichten #vermögenssicherung #bitcoin #geld #wirtschaftaktuell #geldanlage #news #gold #goldkaufen #aktienkaufen #dirkmüller #cashkurs #waskommt #finanzen #finanzcommunity #richtiginvestieren #etoro #etorotrading #etoroerfahrung #bitcoin #bitcoinkaufen #kryptowährungen #kryptowährung #bitcoins #trading #bitcointrading #wirtschaftsnews #bitcoinkaufen #aktienkaufen #welcheaktienkaufen #geldanlage #negativzinsen #krypto #kryptos #geldanlegen #finanzwelt #money

---------------------------

Allgemeiner Hinweis

In der Infobox können Affiliate Links verwendet werden. Falls der Besucher über diese Links einen Kauf tätigt, kann eine Provision für den Videoproduzent als Unterstützung des Kanals. Es erfolgt keine Anlageberatung. Jeder ist für seine Strategien selbst verantwortlich. Es ist ein Totalverlust möglich. Es kann keine Garantie für die Richtigkeit und Vollständigkeit der Inhalte gewährt werden.


https://whatsapp.com/channel/0029VaiJd7G1yT2DYQmy9S2n"
rIt_W4YEJzs,"Die Buberts: ""Heute würden wir alles anders machen"" | Doku","Familie Bubert aus Bad Segeberg hat 1994 acht Millionen D-Mark gewonnen. Doch das vermeintliche Geld Glück zerstörte die Familie und zog Betrüger und Schmarotzer an. In dieser Doku begleiten wir das Leben der ehemaligen Lotto-Millionäre.

Abonniere unseren Channel um kein Video mehr zu verpassen: https://bit.ly/3pgYrPp

#doku #dokumentation #realstoriesdeutschland

--

Themen in diesem Video: ▼ 
00:00​ Intro
00:03 Die Buberts
50:15 Outro

--

Real Stories Deutschland ist dein Zuhause für Dokumentationen und Reportagen! Egal ob Geschichtsdokus oder außergewöhnliche Menschen, hier findest du die spannendsten Inhalte.
Fünfmal pro Woche gibt es neue Dokus auf Deutsch.
Der Inhalt wird vom jeweiligen Rechteinhaber lizenziert.

► Abonniere unseren Geschichts-Channel: https://bit.ly/3t8O2cb 
► Abonniere unseren Tierdoku-Channel: https://bit.ly/3w9exQC
► Abonniere unseren Reportage Channel https://bit.ly/3QDyabr
► Folge uns bei TikTok: https://www.tiktok.com/@realstoriesde"
EjQedFF29bw,Patti Basler und Reto Scherrer testen Cordon bleu in Seon,"Im Aargau geht der Cordon-bleu-Test in die nächste Runde: Reto Scherrer trifft auf Patti Basler im «Frohsinn» in Seon. Zwischen Käse und Fleisch wird es plötzlich ganz emotional. Wie viele Punkte holt Patti für die Nordwestschweiz?

#cordonbleu #schweiz #essen 

Subscribe for more: https://brnw.ch/21wLHq3

//Abonniere unsere Newsletter: https://brnw.ch/21wQZdq

//Folge uns für mehr:
https://www.facebook.com/blick/
https://www.instagram.com/blick/
https://www.tiktok.com/@blick
https://whatsapp.com/channel/0029Va4uhFgFXUuYCOlRiJ0r
https://www.youtube.com/channel/UCA5qlP_iECKBtUBSDFz87PA

-----------------------------------------------------------------------------
Produced, directed, and edited by © Blick 2026

https://www.blick.ch"
7pfIGC4CG3I,"Märkte am Morgen: ExxonMobil, EA, BioNTech, Micron, ASML, Daimler, Eckert & Ziegler, Commerzbank","Weitere Videos findet Ihr unter: https://www.deraktionaer.tv

Die Verunsicherung und die damit einhergehende Volatilität ist an der Börse aktuell groß. Der DAX kam gestern massiv unter Druck. Die Voraussetzungen für den heutigen Handelstag sind schlecht. Die Börsen in Asien und in den USA zeigten sich tiefrot.

Bei den Einzelwerten geht es heute um ExxonMobil, Electronic Arts, BioNTech, Micron Technology, ASML, Daimler, Eckert & Ziegler und die Commerzbank.

Thomas Bergmann vom Anlegermagazin DER AKTIONÄR, informiert über die Lage an den Märkten.

Live aus Frankfurt meldet sich Korrespondentin Viola Grebe mit einem ersten Stimmungsbericht kurz vor Handelsbeginn.

-----

►► Folgt uns hier:◄◄
🎭 Facebook: https://de-de.facebook.com/aktionaer/
🐦 Twitter: https://twitter.com/aktionaer
📷 Instagram: https://www.instagram.com/deraktionaer/
🎬 TikTok: https://www.tiktok.com/@deraktionaer/

Zufrieden? Bewertet uns auf Google!
https://g.page/r/CWZ1FzK_GJjdEAg/review

Hier bekommt Ihr den AKTIONÄR: https://www.boersenmedien.de/deraktionaer/1"
tge8bBfLi2U,Frankreich: Weht vom Theater von Nantes die Hakenkreuzflagge?,"In den sozialen Medien kursieren Fotos von Hakenkreuzflaggen an der Fassade des Graslin-Theaters im französischen Nantes. Was steckt dahinter?

LESEN SIE MEHR : https://de.euronews.com/2024/02/01/frankreich-weht-vom-theater-von-nantes-die-hakenkreuzflagge

Abonnieren Sie! https://www.youtube.com/c/euronewsde?sub_confirmation=1

Sehen Sie Euronews live TV : https://www.youtube.com/c/euronewsde/live

Euronews gibt es in 12 Sprachen: https://www.youtube.com/user/euronewsnetwork/channels

#TheCube"
5NbScI4Oj-8,„Weder frei noch fair“: Assad gewinnt Präsidentenwahl in Syrien,"Westliche Staaten haben die Abstimmung in dem Bürgerkriegsland als „weder frei noch fair“ bezeichnet.

► Abonniere hier unseren YouTube-Kanal: https://bit.ly/2HKhgbQ
► Folge uns auf Facebook: https://www.facebook.com/RedaktionsNetzwerkDeutschland
► Folge uns auf Twitter: https://twitter.com/RND_de
► Folge uns auf Instagram: https://instagram.com/rnd.de
► Homepage: https://www.rnd.de/"
FYEJnuWwVP8,Warum Erwachsene mehr spielen sollten,"Wissenschafts-Podcast


Unser zweites Thema heute: Kann hochprozentiger Alkohol Reisedurchfall vorbeugen?



Ob Brettspiel, Rollenspiel, Fangen oder Verstecken: Spielen ist zentral für die kindliche Entwicklung. Doch auch Erwachsene profitieren davon – sogar in ihren Beziehungen. Warum Spielen weit mehr ist als ein bloßer Zeitvertreib und wieso wir nicht damit aufhören sollten, erklärt Susanne Hardecker, Psychologin und Professorin an der SRH University. 



Hier findet Ihr wissenschaftliche Artikel zu den positiven Effekten des Spielens:

https://www.frontiersin.org/journals/psychology/articles/10.3389/fpsyg.2022.1057557/full
https://www.sciencedirect.com/science/article/pii/S1877042811022695
https://onlinelibrary.wiley.com/doi/abs/10.1002/9781119140467.ch3



Hier gehen wir dem ""Verdauungsschnaps"" auf den Grund: https://www.welt.de/podcasts/aha-zehn-minuten-alltags-wissen/article240288405/Aha-Zehn-Minuten-Alltags-Wissen-Warum-Stress-krank-macht-und-was-dagegen-hilft-Wissenschafts-Podcast.html  



Und hier findet Ihr das Merkblatt zu Reisedurchfall: https://cdn.lmu-klinikum.de/db4a893732a7dbf1/2e4530f06561/Merkblatt-Reisedurchfall-2023.pdf



""Aha! Zehn Minuten Alltags-Wissen"" ist der Wissenschafts-Podcast von WELT. Wir freuen uns über Feedback an wissen@welt.de.



Redaktion: Juliane Nora Schneider
Produktion: Serdar Deniz 



Impressum: https://www.welt.de/services/article7893735/Impressum.html
Datenschutz: https://www.welt.de/services/article157550705/Datenschutzerklaerung-WELT-DIGITAL.html"
CowVKS51wBg,Heftiger BEEF zwischen TANZVERBOT und STAIY,"Tanzi: https://www.youtube.com/watch?v=aU9l41mtu-k

Unterstützt mich hier: http://amzn.to/1Q5WqiF
3% Rabatt bei MMOGA: https://www.mmoga.de/KuchenTV
10% bei INTOTHEAM code ""KuchenTV"": https://bit.ly/3770rA7

Meine Youtube Kanäle 

►Tim Heldt: https://goo.gl/gMWthV

►iKuchen: https://www.youtube.com/ikuchen

►Gameplay Kanal: https://www.youtube.com/KuuchenGeschmack

►KuchenTV: https://www.youtube.com/kuchentv


Social Media 
► Facebook: https://goo.gl/C5baAh
► Instagram: https://goo.gl/leZrCN
► Twitch: https://www.twitch.tv/KuchenTV


ADDET MICH:
►Steam: KuchenTV

Ihr könnt mich auch gerne unterstützen:
►Paypal: t-heldt@hotmail.de

►Steam Trade Link ( Spiele, Sammelkarten, Csgo Waffenskins )
https://steamcommunity.com/tradeoffer/new/?partner=49006289&token=Y-BkcwY1

Postfach: 
Tim Heldt 
Postfach 2405
38014 Braunschweig

Pakete an:
Tim Heldt
Postnummer: 945449101
Packstation 104
Hildesheimer Straße 32, 38114 Braunschweig


Die Amazon-Links hängen mit dem Partnerprogramm von Amazon zusammen. Sie dienen dem potentiellen Käufer als Orientierung und verweisen explizit auf bestimmte Produkte. Sofern diese Links genutzt werden, kann im Falle einer Kaufentscheidung eine Provision ausgeschüttet werden.

Der MMOGA-Link hängt mit dem Partnerprogramm von MMOGA zusammen. Sofern diese Links genutzt werden, kann im Falle einer Kaufentscheidung eine Provision ausgeschüttet werden.

Der INTOTHEAM-Link hängt mit dem Partnerprogramm von INTOTHEAM zusammen. Sofern diese Links genutzt werden, kann im Falle einer Kaufentscheidung eine Provision ausgeschüttet werden."
Vk5UcTNJe1c,Katharina Willinger über die aktuelle Lage im Nahostkonflikt am 01.08.24,Schaltgespräch mit Korrespondentin Katharina Willinger über die aktuelle Lage im Nahostkonflikt
IuIaSwUe6sY,Tennis-Ass Kai Wegner versagt schonwieder bei massiver Glätte in Berlin (TECHNO + NEWS vom 30.01.26),"Themen:
- Die Tagesschau berichtet nur das ""Beste"" über Alice Weidel von der AfD
- Öffentlich-rechtlicher ""Journalist"" verbreitet Fake-News über Elon Musk
- Entsetzen und Fassungslosigkeit über den Regierenden Streusalz-Versager von Berlin
- „Vorderste Aufgabe der Bundesregierung“: Koalitionsbeschluss macht Kontrolle der Medien zum Regierungsauftrag
- CDU-Familienministerin Karin Prien finanziert linksextremen geheimen Anti-NIUS-Workshop
- Micky Beisenherz fordert, „CS-Gas“ gegen den siebenjährigen Julian Reichelt einzusetzen
- Wirtschaftsministerin Katharina Reichle sieht Licht am Ende des Tunnels
- Micky Beisenherz fordert, „CS-Gas“ gegen den siebenjährigen Julian Reichelt einzusetzen
- „Bitter enttäuscht“: Mittelstand deutlich unzufrieden mit der Regierung Merz
- Ernüchternde Bilanz: Gewinn bei Bosch bricht um fast die Hälfte ein
- Mehr als 3 Millionen Menschen: So viele Arbeitslose wie seit 12 Jahren nicht mehr
- 10.000 Euro Obergrenze: Einschränkung von Bargeldzahlungen ab 2027
- AfD-Antrag zur Abschaffung des ""Majestätsbeleidungs-Paragraphen wird im Bundestag abgelehnt
- Auch das noch: UN-Generalsekretär Guterres stimmt Baerbock zu: „Eindeutig Zeit für eine Frau an der Spitze der Vereinten Nationen“
- Grünen-Politikerin schloss AfD-Politiker aus Sitzung aus – Das war rechtswidrig
- Nächste Stadt läßt Deutschlandflagge dauerhaft hissen"
X3yi5z0eQ2c,Vector Optics Taurus 5-30x56,"#vectoroptics #vectortaurus #vectoropticstaurus

Mit Gläsern aus dem Hause Schott aus Deutschland, besticht das Vector Optics Taurus mit einem klaren und gestochen scharfen Sehfeld.
In der hier vorgestellten Version 5-30x56 MPX-1 FFP MRAD ist es auch durchaus für das Schießen auf größeren Entfernungen kein Problem und das alles zu einem Kampfpreis von € 399,-

Erhältlich ist das Vector Optics Taurus unter:
https://www.vectoroptics.de 

Facebook: https://www.facebook.com/gunvlog.org
Instagram: https://www.instagram.com/germangunvlog/
Fördermitgliedschaft im VDB: https://vdb-member.de"
opTCy6YiCe8,Mathe Abi 2024: Diese Analysis-Aufgaben kommen immer dran ‼️,"In diesem Video zeigen wir dir alle Analysis-Aufgaben, die du für das Matheabi 2024 draufhaben musst. Von Nullstellen über Tangenten, bis hin zu Hoch- und Wendepunkten, aber auch Integralen, hast du ein super Gefühl dafür, was dich im Mathe-Abi 2024 erwartet.

Wir wünschen dir ganz viel Spaß und viel Erfolg im Abi!

Unsere Nachhilfe:
https://www.mathe-mind.de

Unsere Lernhefte:
https://shop.studyhelp.de/collections/mathemind-lernhefte

Zweitkanal:
https://www.youtube.com/channel/UCa_6NAkAcNQFysT0xr5gEJQ

Instagram:
https://www.instagram.com/mathe_mind/?hl=dehttps://www.instagram.com/mathe_mind/?hl=de

#mathemind #mathe #lernen #mathelehrer #schule #abitur #abi"
_j2MDABBebU,Marvin hat FAKE Merch bekannter YouTuber/Streamer PRODUZIEREN lassen 😂,"Originalvideo: https://youtu.be/bQXuKh5SANU?si=fM4gPMV0viHYgdOV

►Auf diesem Kanal findet ihr alle Stream Highlights, Trashtalk, Realtalk; schlichtweg ALLES was in Rewis Stream immer passiert! 
►Verpasst keinen Stream mehr: https://www.twitch.tv/rewinside/

Werde bezahlt für deine TikTok-Videos!🔥 Hier mehr erfahren: ▶ *
https://songpush.com/Rewinside

►*Epidemic Sound: http://share.epidemicsound.com/rNdhF
‾‾‾‾‾‾‾‾‾‾‾‾‾‾‾‾‾‾‾‾‾‾‾‾‾‾‾‾‾‾‾‾‾‾‾‾‾‾‾‾‾‾‾‾‾‾‾‾‾‾‾‾‾‾‾‾‾‾‾‾‾‾‾‾‾‾‾‾‾‾‾‾‾‾‾‾‾‾‾‾‾‾‾‾‾
► Instagram: http://goo.gl/xpWY1k  
► Twitter: http://goo.gl/taY2TR
► Facebook: http://on.fb.me/1gw4l74 
‾‾‾‾‾‾‾‾‾‾‾‾‾‾‾‾‾‾‾‾‾‾‾‾‾‾‾‾‾‾‾‾‾‾‾‾‾‾‾‾‾‾‾‾‾‾‾‾‾‾‾‾‾‾‾‾‾‾‾‾‾‾

► **MEINE HARDWARE : 
✘ Meine Tastatur: http://amzn.to/1ymJZYv
✘ Meine Maus: http://amzn.to/1mpEMd5
✘ Meine Grafikkarte: http://amzn.to/XOReaA
✘ Meine Kopfhörer: http://amzn.to/1C67C61
✘ Mein Mauspad: http://amzn.to/1odYiFh
✘ Meine Webcam: http://amzn.to/1C67YcV
✘ Meine Vlog Cam: http://amzn.to/1C68veT
✘ Mein Lieblingsfilm: http://amzn.to/XOSPxj
✘ XBox One bestellen: http://amzn.to/1poMBuD
‾‾‾‾‾‾‾‾‾‾‾‾‾‾‾‾‾‾‾‾‾‾‾‾‾‾‾‾‾‾‾‾‾‾‾‾‾‾‾‾‾‾‾‾‾‾‾‾‾‾‾‾‾‾‾‾‾‾‾‾‾‾‾‾‾‾‾‾‾‾‾‾‾‾‾‾‾‾‾‾‾‾‾‾‾
*Werbung für eigene Produkte

**Sämtliche Amazon Links (amzn.to) , hängen mit einem Partnerprogramm zusammen. Sie dienen dem eventuelle Käufer als Orientierung und verweisen explizit auf von mir ausgewählte Produkte. Sofern diese Links genutzt werden, kann im Falle einer Kaufentscheidung eine Provision an mich ausgeschüttet werden, ohne dass es euch mehr kostet!  (:"
nV1BO6XUhio,Wegen Familie: KING KHALIL will MUCCO & PA SPORTS nicht mehr jagen #Shorts,"Willkommen auf meinem Kanal!
Hier bekommst du täglich Rap News – direkt, ehrlich und immer aktuell.
Ich berichte über alles, was in der deutschen Rap-Szene abgeht: Releases, Beef, Hintergründe und die heißesten Storys deiner Lieblingsrapper.

Wenn du nichts mehr verpassen willst,
dann abonniere jetzt meinen Kanal und bleib immer auf dem neuesten Stand.
Hier findest du die besten Videos rund um Deutschrap – kompakt, informativ und mit Leidenschaft gemacht.

Deutschrap. Jeden Tag. Nur hier.

#RapCheck #RapNews #Rap #Rapper 

Infos zm Video: 
Quellen / #Kingkhalil #Capitalbra #Pasports #Mucco"
poMja56885c,FETTE DEMÜTIGUNG! CDU REIHE KLATSCHT PLÖTZLICH!,"Hält Friedrich Merz das nervlich aus? Warum verlässt er den Raum? 

#afd #cdu #spd 

🎯 AFD auf Rekordkurs – Regierungsbeteiligung in Sicht?! Weidel & Chrupalla im Höhenflug – CDU & SPD in der Krise? 

#afd #afdneu #aliceweidel #afdeilmeldung #bundestag #afdimbundestag #afdbundestag #eilmeldung #politikaktuell #aktuellenachrichten #eilmeldungen #afdinterview #afdnews

Alice Weidel und Tino Chrupalla feiern ein neues Umfragehoch – während die alten Volksparteien straucheln. Könnte die AfD bald Teil der Regierung sein? Was bedeutet das für Deutschland? Und wie reagiert das politische Establishment?

➡️ Jetzt reinschauen – und selbst mitdiskutieren!

📺 Über diesen Kanal – Die Politik Eule:
Willkommen bei Die Politik Eule, dem unabhängigen Politik-News-Kanal für alle, die:

hinter die Kulissen blicken wollen,
eine eigene Meinung entwickeln,
und sich nicht vom Mainstream einschränken lassen.
Hier bekommst du regelmäßig:

analytische Reaktionen
klare Meinungen
brillante Satire
und die kontroversesten Clips aus dem Bundestag.

🧠 Unser Anspruch:

Unabhängigkeit statt Gesinnung
Klartext statt Politfloskeln
Analyse statt Agenda
Respektvolle Diskussionen statt Shitstorms

📌 Du bist willkommen – egal ob überzeugt, unentschlossen oder kritisch. Hauptsache: Du denkst selbst.

🗨️ Schreib in die Kommentare:
➡️ Was glaubst du – kommt die AfD wirklich in die Regierung?
➡️ Ist das der Anfang vom Ende für CDU und SPD?

Wir sind gespannt auf deine Meinung – sachlich, direkt, unzensiert.

🔔 Abonnieren nicht vergessen & Glocke aktivieren – für echten Klartext rund um Politik, Medien & Meinung!

🎙️ Quelle & Reaktion:
Ausschnitte stammen aus dem Kanal AFD Bundestagsfraktion (YouTube), dem Deutschen Bundestag, sowie dem Kanal Deutscher Bundestag (YouTube)  und werden im Rahmen des Zitatrechts (§ 51 UrhG) und der Kunst- und Meinungsfreiheit verwendet. Dieses Video stellt ein eigenständiges Werk dar, basierend auf persönlicher Analyse, satirischer Überzeichnung und kritischer Auseinandersetzung.

🔑 Keywords für mehr Sichtbarkeit:
Politik News Deutschland, Politik Eule, kritische Berichterstattung, politische Analyse, Bundestag aktuell, Friedrich Merz, Alice Weidel, AfD News, CDU Politik 2025, Meinungsfreiheit, politische Diskussion, Wahl 2025, Regierungskrise, Demokratie stärken, Bürgerbeteiligung Politik, Klartext Politikkanal, Regierungspolitik erklärt, politische Community, Mitdenken statt Mitlaufen, Politik verstehen, politischer Diskurs, neue Mitte, Politik für Bürger, alternative Medien

DISCLAIMER – WICHTIGER HINWEIS ZUR SATIRE
Der folgende Inhalt dient ausschließlich der Unterhaltung.
Bei der dargestellten Figur „Die Politik Eule“ handelt es sich um eine fiktive Kunstfigur, die sich im Rahmen der Meinungsfreiheit (Art. 5 GG) und Kunstfreiheit (Art. 5 Abs. 3 GG) ausdrückt. Die geäußerten Aussagen, Reaktionen und Kommentare sind satirischer Natur und nicht wörtlich oder ernst gemeint."
O5UXdQcAou4,So meistert man Riesen und Turm der Prüfungen als Anfänger | Noob Chronicles 2025 | Summoners War,"So klappts als Anfänger mit Riesen und Turm der Prüfungen

YT-Tags:
#summonerswar #mobilegame  #gacha 

//Unterstützt Dookey jetzt auch auf Patreon:
https://www.patreon.com/dookey1337

//Verpasse keinen Live-Stream (Immer Di, Do + So)
Twitch: https://www.twitch.tv/dookey1337

//Kontakt mit Dookey aufnehmen / individuelle SW-Hilfe
Discord: https://discord.com/invite/dMyKaMH

//Supporte den Kanal
https://streamelements.com/dookey1337/tip

DISCLAIMER:
Die Links in der Videobeschreibung enthalten teilweise Affiliate-Links. Wenn ihr über die Links eines der Produkte kauft, erhalte ich eine kleine Provision. Darin sind keine Zusatzkosten versteckt. Danke, dass ihr den Kanal unterstützt, damit ich weiterhin kostenlose Videos für euch produzieren kann."
7RWaX0EDSTs,„Perry Rhodan Silber Edition 44: Alarm für die…“ von Clark Darlton · Hörbuchauszug,"BEI GOOGLE PLAY BÜCHER KAUFEN ►► https://g.co/booksYT/AQAAAIAlSFTIYM

Perry Rhodan Silber Edition 44: Alarm für die Galaxis: Perry Rhodan-Zyklus ""M 87""
Perry Rhodan Silber Edition · Buch 44
Verfasst von: Clark Darlton, H.G. Ewers, Hans Kneifel, William Voltz und Kurt Mahr
Vorgelesen von Josef Tratnik

0:00 Intro
0:03 Perry Rhodan Silber Edition 44: Alarm für die Galaxis: Perry Rhodan-Zyklus ""M 87""
0:42 Zeittafel
2:49 Prolog
5:49 Kapitel 1-10
7:49 Outro

#clarkdarlton #perryrhodansilberedition44alarmfürdiegalaxisperryrhodanzyklusm87 #perryrhodansilberedition44

—
GOOGLE PLAY BÜCHER

Bei Google Play Bücher findest du immer wieder tollen Lesestoff.

Google Play Bücher ist eine digitale Buchhandlung, die weltweit E-Books, Hörbücher, Comics und Mangas anbietet.  Du findest dort Buchempfehlungen, die auf dich abgestimmt werden.

iOS-App herunterladen: https://goo.gle/books-ios
Android-App herunterladen: https://goo.gle/books-android

—
BUCHBESCHREIBUNG

Der Höhepunkt im Kampf zwischen dem Solaren Imperium der Menschheit und der Ersten Schwingungsmacht sowie der sogenannten Zeitpolizei steht bevor. Schiffe der Solaren Flotte dringen in die Kleine Magellansche Wolke vor, ein Kommandounternehmen kommt hinter das Geheimnis der Ersten Schwingungsmacht: Die Terraner erkennen, in welchem Verhältnis die monströsen Zweitkonditionierten in ihren lebendigen Raumschiffen und die Haluter stehen. Aber sie schaffen es nicht, ihr Heimatsystem zu stürmen, das durch ein Zeitfeld und einen Paratronschirm geschützt ist. Stattdessen wird das Solsystem zum Schauplatz einer fürchterlichen Schlacht: Die Erde und die anderen Planeten werden von einer riesigen Flotte der Zweitkonditionierten angegriffen; Millionen von Menschen sterben, und die Welten der Menschheit werden schrecklich verwüstet. Terra scheint am Ende zu sein. In dieser Situation tauchen riesige Flotten aus der fernen Galaxis M 87 in der Milchstraße auf. Ihre Herrn fordern von Perry Rhodan den Verrat an Terras besten Freunden, den Halutern. Die Alternative zum Verrat ist das Ende der Menschheit ...

—
DETAILS ZUM HÖRBUCH

Bei Google Play Bücher kaufen ►► https://g.co/booksYT/AQAAAIAlSFTIYM
Sprache: Deutsch
Verlag/Publisher: Eins A Medien
Veröffentlicht am: 29. April 2015
Dauer: 16 Std., 9 Min.
Genres: Belletristik / Science-Fiction / Allgemeines und Belletristik / Science-Fiction / Weltraumoper"
xpHQtrttje8,"heute journal vom 31.05.2026 Olympia-Bewerbung von Hamburg, Bafög-Reform vor dem Aus","In Hamburg wurde über eine Bewerbung für die Olympischen Spiele abgestimmt: Mit einem klaren Ergebnis sagt die Hansestadt Nein. Und die Bafög-Reform könnte vor dem Aus stehen, was für Unmut in der Regierungskoalition sorgt. Diese und weitere Nachrichten des Tages im heute journal.

00:00 Vorspann

00:26 Hamburger sagen Nein zur Olympia-Bewerbung
Die Hamburgerinnen und Hamburger haben in einem Referendum gegen eine Bewerbung ihrer Stadt für die Olympischen Spiele gestimmt – und das unerwartet deutlich.

03:22 Steht die Bafög-Reform vor dem Aus?
Neuer Ärger in der Regierungskoalition: Die SPD im Bundestag widerspricht Aussagen von Forschungsministerin Bär (CSU), die nicht mehr mit einer schnellen Bafög-Reform rechnet.

-----

Hier auf ZDFheute Nachrichten erfahrt ihr, was auf der Welt passiert und was uns alle etwas angeht: Wir sorgen für Durchblick in der Nachrichtenwelt, erklären die Hintergründe und gehen auf gesellschaftliche Debatten ein. Diskutiert in Livestreams mit uns und bildet euch eure eigene Meinung mit den Fakten, die wir euch präsentieren. 

Abonniert unseren Kanal, um nichts mehr zu verpassen. 

Immer auf dem aktuellen Stand seid ihr auf https://ZDFheute.de.

#Olympia #Bafög #heutejournal"
oGNbNkXWLOo,True Farming 2 #618 - Kevin und Guido im Arbeitsmodus - Farming Simulator 22,"🌟 Willkommen zu meinem Gast Auftritt bei True Farming 2 🌟

True Farming 2 ist zurück für ein paar spezial Folgen schaut gerne rein und habt Spaß beim zuschauen 

🔗 LS25 Server: https://nitra.do/freasy
🔗 Holy Energy: https://holyenergy.de/freasy/yt

🎶 Playlist: 
▼ Mehr Informationen findest du hier in der Beschreibung ▼

👥 Mitspieler:

👕 Mein Merch: https://phoenix-merch.de/collections/freasy-kollektion

💖 Unterstütze mich:
- Twitch: https://www.twitch.tv/freasy1
- Bewerte das Video positiv
- Abonniere meinen Kanal
- Empfehle mich weiter
- Hinterlasse mir einen netten Kommentar

📅 Immer aktuell:
- Upload-Plan: https://goo.gl/crczqt

🌐 Folge mir auf meinen Social Media Plattformen:
- Instagram: https://www.instagram.com/freazyone/
- Discord: https://discord.gg/YSHeruG

Danke, dass du dabei bist! Lass uns gemeinsam Spaß haben! 🎮✨

#freasy #LS25 #farmingsimulator25videos"
b7nxxoC2iFk,Bedingtes „Ja“ von FPÖ zu LH-Wechsel in Salzburg,"Trotz erheblicher Bedenken ist Marlene Svazek bereit, mit der designierten Landeshauptfrau Karoline Edtstadler (ÖVP) zusammenzuarbeiten.
Neuwahlen, so Svazek würden ihr vermutlich den Sessel der Landeshauptfrau bringen. Danach würden aber Tage der Schlammschlacht folgen. Der erste Platz sei noch kein Garant dafür, dieses Land zu führen, so Svazek weiter."
-LAXCJj6ss8,#Rechtsanwalt #Joachim #Steinhöfel: „Nicht einschüchtern lassen: #Hass und #Hetze sind erlaubt!“,"Rechtsanwalt Steinhöfel
„Nicht einschüchtern lassen: Hass und Hetze sind erlaubt!“ 
Strafbare Inhalte nicht!

NewsTicker360 & Berlin360 - On tour - durchs Zeitgeschehen, Berlin, Welt, News-Ticker & MORE.

Wir leben nicht in verrückten Zeiten, sondern in einer Zeit, in denen die Verrückten das Sagen haben.

Wir ""begleiten"" im Rahmen des Zitatrechts & Kunstfreiheit - politische Ereignisse - ohne uns deren Inhalte eigen zu machen. Regierung/Parteien sind z.Z. das ""beste"" & teuerste Unterhaltungsprogramm. Real? Satire? Man weiß es nicht mehr. 

Also! Vorhang auf & Popcorn raus - los gehts: OMG!, Kritik, Parodie, Persiflage, Boshaftigkeit, Ironie, Sarkasmus & Satire - ggf. Fakten. Helau, Alaaf!

Sie können den privaten, nichtkommerz. & gemeinnützigen Kanal unterstützen: per Kanal-Mitglied, Super Thanks & PayPal: ladybugslucky@gmail.com. Beschwerden? Fragen? Ideen? - Schreiben Sie!



Eigene Videos: Personen, Kunstwerke, Werbung u.ä., die in Videos u.U. ins Bild kommen , sind nicht Thema dieser Videos, sind zufällig, auswechselbar & unerhebliches Beiwerk.

Bei schlechter Bildqualität prüfen Sie bitte Ihre Videoeinstellungen. Die  Videos sind mit einer Auflösung von 4k verfügbar. Mindestens mit 4k 2160s besser noch mit 4k 2880 einstellen. Auf manchen Geräten und bei schlechter Netzverbindung ist die hohe Qualität nicht möglich. Eine schnelle Internetverbindung ist von Vorteil. Die 360 Videos können in jegliche Richtung von Ihnen eingestellt werden.
Personen, Kunstwerke, Plakate, Werbung und ähnliches, die in diesem Video möglicherweise ins Bild gekommen sind, sind nicht das Thema dieses Videos, sie sind zufällig, auswechselbar und nur als ein unerhebliches Beiwerk zu deuten (§23 KUG und §57 UrhG).
If the picture quality is not good, please check your video settings. The videos are available with a resolution of 4k. At least set with 4k 2160s better with 4k 2880. On some devices and with poor network connection the high quality is not possible. A fast internet connection is an advantage. The 360 videos can be adjusted in any direction by you.
People, artwork, posters, advertising and the like that may have come into the picture in this video are not the subject of this video, they are incidental, interchangeable and only to be interpreted as an insignificant accessory (§23 KUG and §57 UrhG).

Music: youtube"
R3zuAKL2fcI,"Fändet ihr es ok, wenn euer Freund die Seife kauft?  #beyondgossip #sydneysweeney #euphoria",Die Quellen findet ihr im link in der Bio!
jvpJ1bxB4Bo,Wie links-grüne Städte die Landbevölkerung abzocken | Prof. Dr. Christoph A. Schaltegger,"Delegiertenversammlung vom Samstag, 23. Oktober 2021"
xdnrkgAf-3U,FC Sevilla vs. AS Rom: Elfmeterschießen nach 131 Minuten #UEL #Fußball #SEV #ROM,"UEFA Europa League: https://www.rtlplus.com/shows/uefa-europa-league-19818?utm_source=youtube&utm_medium=editorial&utm_campaign=beschreibung&utm_term=rtlsport 
UEFA Europa Conference League: https://www.rtlplus.com/shows/uefa-europa-conference-league-19819?utm_source=youtube&utm_medium=editorial&utm_campaign=beschreibung&utm_term=rtlsport 
© Imago
Matchday: https://www.rtlplus.com/shows/matchday-19820?utm_source=youtube&utm_medium=editorial&utm_campaign=beschreibung&utm_term=rtlsport 

Kanal abonnieren! 👉 https://www.youtube.com/c/RTLSport/?sub_confirmation=1 

RTL Sport auf Instagram: https://www.instagram.com/rtl.sport/
RTL Sport auf TikTok: https://www.tiktok.com/@rtl.sport 

Mehr Infos: https://www.rtl.de/cms/sport.html?utm_source=youtube&utm_medium=editorial&utm_campaign=beschreibung&utm_term=rtlsport     

Habt ihr noch mehr Bock auf sportlichen Content ⚽ 🏎️, dann holt euch jetzt RTL+ Premium: https://my.tvnow.de/buchen/initial?utm_source=youtube&utm_medium=editorial&utm_campaign=beschreibung&utm_term=rtlsport
 
RTL+ bei Instagram: https://www.instagram.com/rtlplus/
RTL+ bei TikTok: https://www.tiktok.com/@rtlplus.com 
RTL+ bei Facebook: https://www.facebook.com/RTLplus/
RTL+ bei Twitter: https://twitter.com/rtlplus

RTL+ im App Store: https://apps.apple.com/de/app/tv-now/id1057991212 
RTL+ bei Google Play: https://play.google.com/store/apps/details?id=de.rtli.tvnow 
RTL+ bei Amazon: https://www.amazon.de/RTL-interactive-GmbH-NOW-PLUS/dp/B01MTVGZE1

#RTLSport #SEV #ROM #Fussball #UEL #UECL #RTLPlus"
VzIGmZwWU-k,BR 20. März 1848 Gogol bricht ins Heilige Land auf,"Sein Leben war eine Aneinanderreihung von Krisen. Als Nikolai Gogol am 20. März 1848 ins Heilige Land aufbrach, begann wieder einmal eine Selbstsuche. Und die Suche nach einem zweiten Teil für seinen Roman ""Die toten Seelen""."
PMKa19WKaTY,Bundeswehr gründet Weltraumkommando: Wettrüsten im Weltraum? | DW Nachrichten,"Die Bundeswehr hat jetzt ein ""Weltraumkommando"" - die neue Einheit hat am Dienstag den Dienst aufgenommen. Deutschland will damit einem NATO-Beschluss aus dem Juni folgen. Die Militär-Allianz hatte beschlossen, dass der Bündnisfall auch im All gilt: nach dem Motto einer für alle, alle für einen. Nun eben auch bei Schutz und Verteidigung kritischer Infrastruktur im Weltraum.
Von spannungeladenen Science-Fiction-Sets ist der Sitz des Weltraumkommandos der Bundeswehr am ruhigen Niederrhein tatsächlich Lichtjahre entfernt – aber so beteuert die Bundesverteidigungsministerin nicht minder spannend und vor allem komplex. 
Die zur Zeit achtzig Soldaten sollen besser erfassen, was sich hoch über der Erde abspielt, einer Zone, in der die Rechtslage nach wie vor unklar ist, in der aber immer mehr Satelliten kreisen, nicht nur von Raumfahrtnationen, auch von fast allen Schwellen- und Entwicklungsländern. 
Das neue Kommando dient vor allem der Aufklärung. Zu einem Angriff im Weltraum gegen einen anderen Satelliten wäre Deutschland bislang militärisch nicht in der Lage. Andere Länder wie die USA, Russland und China aber wohl schon.


DW Deutsch Abonnieren: http://www.youtube.com/user/deutschewelle?sub_confirmation=1
Mehr Nachrichten unter: https://www.dw.com/de/
DW in den Sozialen Medien:
►Facebook: https://www.facebook.com/deutschewellenews/
►Twitter: https://twitter.com/dwnews
►Instagram: https://www.instagram.com/dwnews/


#Bundeswehr #Weltraum"
aCc0Prtf844,Lejeune - Bernd Wortmann,"Prof. Dr. phil. h. c. mult. Erich Lejeune spricht mit dem renommierten Münchner Architekt Bernd Wortmann über die Grundidee von Gebäudeerrichtungen und darüber, wie Architektur funktioniert.

Jetzt abonnieren: http://bit.ly/AboMuenchenTV
Instagram: https://www.instagram.com/muenchen.tv
Facebook: https://www.facebook.com/muenchentv
Homepage: http://www.muenchen.tv"
2rmnFOkI-dc,KI-Gigant OpenAI: Welche Chance deutsche Firmen haben | Aleph Alpha-CEO bei ZDFheute live,"Bei der Entwicklung von generativen KI-Tools sind die USA Vorreiter: ChatGPT von OpenAI, Bard von Google und LLaMA von Meta sind nur drei Beispiele. Das deutsche Unternehmen Aleph Alpha präsentiert mit Luminous eine Alternative. Spätestens, seit das Heidelberger KI-Unternehmen Anfang November in einer Finanzierungsrunde frische 500 Millionen Dollar eingesammelt hat, muss es als echte Konkurrenz zu den US-amerikanischen Unternehmen gesehen werden. 

Aleph Alpha arbeitet an Sprachmodellen mit sogenannter generativer KI, die anhand weniger Stichworte Inhalte erstellen kann. Das Start-up hat sich dabei auf Programme für die öffentliche Verwaltung und die Industrie spezialisiert. Gegründet wurde es 2019 von Jonas Andrulis. Im Gegensatz dazu richtet sich der kalifornische Konkurrent OpenAI mit seinem Chatbot ChatGPT vor allem direkt an Endkunden.

Wo steht der KI-Standort Deutschland? Eine Frage, die auch beim Digitalgipfel in Jena eine Rolle spielt. Zum Auftakt sagte Bundeswirtschaftsminister Habeck, es sei wichtig, eine gute KI-Verordnung auf europäischer Ebene hinzubekommen. Erst vor wenigen Tagen hatten sich Deutschland, Frankreich und Italien auf eine gemeinsame Position zur KI-Regulierung geeinigt. 

Bei ZDFheute live spricht Philip Wortmann mit Jonas Andrulis über Grenzen und Möglichkeiten von KI in Deutschland und Europa. Außerdem mit dabei: die Wirtschaftsweise Prof. Ulrike Malmendier und Prof. Marcel Fratzscher, Präsident des Deutschen Instituts für Wirtschaftsforschung (DIW). Seid dabei und stellt Eure Fragen!

0:00 Intro und aktuelle Situation OpenAI
3:05 Gespräch mit Jonas Andrulis, CEO von Aleph Alpha
19:55 Gespräch mit Ökonomen Prof. Ulrike Malmendier und Prof. Marcel Fratzscher

-----

Hier auf ZDFheute Nachrichten erfahrt ihr, was auf der Welt passiert und was uns alle etwas angeht: Wir sorgen für Durchblick in der Nachrichtenwelt, erklären die Hintergründe und gehen auf gesellschaftliche Debatten ein. Diskutiert in Livestreams mit uns und bildet euch eure eigene Meinung mit den Fakten, die wir euch präsentieren.

Abonniert unseren Kanal, um nichts mehr zu verpassen.

Immer auf dem aktuellen Stand seid ihr auf http://www.ZDFheute.de/.

#alephalpha #OpenAI #KI"
96zmi6iVAUU,"Asylzahlen explodieren, Schlepper haben Hochkonjunktur: Das ist die ÖVP-Asyl- und Migrationspolitik","ÖVP-Kanzler Nehammer gibt sich gerne als echter Hardliner in Sachen Asyl- und Migrationspolitik, doch in Wahrheit explodieren die Asylzahlen und Schlepper und illegale Einwanderer haben wieder Hochkonjunktur. Große Worte und nichts dahinter, vollmundige Versprechen, die kaum ausgesprochen, schon gebrochen sind: Das ist die angeblich restriktive Politik der ÖVP gegenüber illegalen Einwanderern! 👎🏽"
UCR_003rY-M,SPD-Parteitag: Delegierte Ulrike Huf und Tommy Speicher aus dem Landesverband Hessen-Süd,Reaktionen auf die Abschiedsrede von Saskia Esken beim SPD-Parteitag: Delegierte Ulrike Huf und Tommy Speicher aus dem Landesverband Hessen-Süd im Interview mit phoenix-Reporter Benedikt Meise
2z0TAlVN5Vc,STREIT: Hätte Hitler den Krieg gewinnen sollen? - Stauffenberg fordert von Thadden heraus,"#diskussion #drittesreich #weltkrieg #widerstand #sowjetunion #patriotismus #imperialismus 
Franz Ludwig Schenk von Stauffenberg versucht Dr. Adolf von Thadden festzunageln: der reagiert gelassen und gibt selten gehörte Erklärungen diesbezüglich ab
Ausschnitt Schweizer Fernsehen (SRF): ""Tatsachen, Politik und Meinungen"" vom 17. Juli 1966. 

1:41 ""Aber ich tat das, was mir seinerzeit mit Millionen anderen, als die Erfüllung einer Pflicht erschien, nämlich, das Vaterland zu verteidigen gegen eine Gefahr, deren Umfang, deren Größe mir bekannt war, durch 4 Jahre Russland""
4:27 ""Aber Graf Stauffenberg, Sie können das doch nicht trennen! Das ist doch alles post festum. Diese Differenzierung Hitler-Regime einerseits, Deutsches Reich auf der anderen Seite; das Deutsche Reich im Kampf gegen den Bolschewismus, das sind doch alles Differenzierungen, die man hinterher macht. Sie wissen doch genau so wie ich, mit welchen Bedenken man seinerzeit überhaupt den 20. Juli gemacht hat; in der Gewißheit, dass vom Westen her nicht die Befreiung und der freie Westen, sondern die Unconditional surrender von Casablanca auf uns zu kamen. [...]  Man wußte aber in Kreisen des Widerstands sehr genau über ""Eclipse"" zum Beispiel. Über die ganzen Abreden von Teheran - das war alles bekannt. Das hat die Leute zum Wahnsinn gebracht: Was sollen wir machen [...]?""
5:33 ""Damals war nicht die Rede von 4 Besatzungszonen, sondern damals war die Rede von der Aufteilung Deutschlands unter seine Nachbarn; das wollte doch keiner! Im Gegenteil! Sie wollten durch ihre Tat, dieses, ihnen bekannte auf uns zukommende Schicksal, abwenden: Das war der Grund weswegen sie Hochverrat begehen wollten""

Sebastian Haffner: Warum Adolf Hitler nicht rechts, sondern links war https://youtu.be/f767vO0gJSA

Benton L. Bradberry: Das Märchen vom bösen Deutschen (Auszüge) https://youtu.be/4iBUEfqVNbM

Waren die National-Sozialisten nicht Linksextremisten? Von Michael Stürzenberger (Podcast) https://youtu.be/tS5ekJzramE

Gerd Schultze-Rhonhof: Der Krieg, der viele Väter hatte. Der lange Anlauf zum 2. Weltkrieg (Vortrag) https://youtu.be/WteEcsIVJr4"
9OPhtQDWIDU,19.06. 2023 Chemnitzer Montagsprotest  👉Frieden schaffen ohne Waffen 👈🍀🌹🍀💕😉,
BL7eZnxgA5M,Hunger im Gazastreifen: WHO warnt vor humanitärer Katastrophe,"Israel setzt seine Angriffe im Gazastreifen fort. Laut der Weltgesundheitsorganisation verschlechtert sich die humanitäre Lage in dem Küstengebiet rapide. Unterdessen erteilte das israelische Parlament einer ""einseitigen Anerkennung"" eines palästinensischen Staates eine Absage.

LESEN SIE MEHR : https://de.euronews.com/2024/02/22/gazastreifen-who-israel

Abonnieren Sie! https://www.youtube.com/c/euronewsde?sub_confirmation=1

Sehen Sie Euronews live TV : https://www.youtube.com/c/euronewsde/live

Euronews gibt es in 12 Sprachen: https://www.youtube.com/user/euronewsnetwork/channels

#World"
fHoQwP22bQg,Paula direkt aus Bukarest,"Heute wird die Liste der Präsidentschaftskandidaten veröffentlicht
_______________
Folgt uns auf 
✅InfraRotMedien: https://infrarotmedien.de/
✅Telegram: https://t.me/Infrarot_Medien
✅X: https://x.com/Infrarot_Medien
✅Odysee: https://odysee.com/@InfraRotMedien
✅VK: https://vk.com/infrarotmedien
✅Gettr: https://gettr.com/user/infrarotmedien
✅Spotify: https://open.spotify.com/show/2pGVvKZzx2z7IDwAdFhwUC

🔥Infrarot-Shop: https://infrarotshop.brandenburgtv.org/collections/all🔥
_______________
🔵 Hier könnt ihr uns unterstützen 🔵
   https://PayPal.Me/infrarotmedien"
KkrIcg95rnY,Der Königssee - Ein besonderer See in Bayern,"Der Königssee - In Bayern
Lernmaterialien und interaktive Übungen: https://lernarena.org und https://erklaerung-und-mehr.org
Einzigartige Natur im Alpenpark: Die Entwicklung des Tourismus und der Wasserqualität am tiefsten See Bayerns im Zeitraffer.
#Königssee #Berchtesgaden #Bayern #Alpen #Natur #Seen"
eflHerAfhfI,Lieferketten-Gesetz abschaffen? Die bittere Wahrheit | Die Anstalt,"""Friedrich Merz (Max Uthoff) will im Namen des Bürokratieabbaus das deutsche Lieferkettengesetz und die europäische Richtlinie vernichten.
https://www.zdf.de/comedy/die-anstalt/die-anstalt-vom-11-maerz-2025-100.html?at_medium=Social%20Media&at_campaign=YouTube&at_specific=ZDFcomedy 

Die personifizierte Bürokratie (Maike Kühl) konfrontiert ihn daraufhin mit den realen Folgen und schickt ihn auf eine Reise nach Ecuador. Auf einer Bananenplantage trifft er einen Arbeiter, der ihm von Lohnklau, Kinderarbeit und Gesundheitsgefahren durch Pestizide berichtet. Merz rechnet vor, wie stark die Sicherung von Menschenrechten die Dividenden der Aktionäre belastet, während Gewerkschaften und NGOs wie Oxfam dank des Gesetzes bereits erste Erfolge für die Arbeiter erzielen konnten.

Sendung vom 11.03.2025
___
Wortgewandt, unkonventionell und mit viel satirischer Schärfe:
Max Uthoff, Maike Kühl und Claus von Wagner klären über Themen auf, die die
Nation bewegen – live aus der Anstalt.

Die Anstalt streamen: http://kurz.zdf.de/UbH1V/
ZDF Satire: https://www.youtube.com/@ZDFSatire
Netiquette: https://www.zdf.de/netiquette-114.html

___
#lieferkettengesetz #dieanstalt #zdfsatire"""
L6PfkSxiF_M,"Yung Miami äussert sich zu den Vorwürfen gegen Diddy: ""Das war nicht meine Erfahrung""","#StarTV #Star #TV

Yung Miami spricht offen über ihre Erfahrungen mit Diddy: Trotz der schweren Vorwürfe gegen den Musikmogul betont sie, dass ihre Beziehung ganz anders war. In einem emotionalen Gespräch bei der Premiere von ""Caresha Please"" gibt sie Einblicke in ihre Zeit mit Diddy und wie sie heute mit der Situation umgeht. 

WEBSITE: https://StarTV.ch
INSTAGRAM: https://StarTV.ch/Instagram
TIKTOK: https://StarTV.ch/TikTok
YOUTUBE: https://StarTV.ch/YouTube
FACEBOOK: https://StarTV.ch/facebook
TWITTER: https://StarTV.ch/Twitter

IMPRESSUM & KONTAKT: https://StarTV.ch/Kontakt

#yungmiami #diddy #careshaplease #missbrauchsvorwürfe #cassie #prominews #hiphopdeutschland #revoltTV #musiknews #promidrama #careshatalks #yungmiamiunddiddy #diddyskandal #celebnews #beziehungskrise #hiphopgossip #miamiexperience #karrierefokus #mentorship #trendingnews"
CVCZEY6esVs,Das Bundesverfassungsgericht dreht durch! 5 Fragen - 5 Antworten,"Entscheidung des Bundesverfassungsgerichts keine Sternstunde für die Demokratie
Zur Entscheidung des Bundesverfassungsgerichts im Organstreitverfahren der AfD-Bundestagsfraktion zur Wahl eines Vizepräsidenten des Deutschen Bundestages teilt der Parlamentarische Geschäftsführer und Justiziar der AfD-Bundestagsfraktion, Stephan Brandner, mit:
 

„Wir sind von der Entscheidung des Bundesverfassungsgerichts sowohl zeitlich als auch inhaltlich überrascht worden, zumal es dort heute offenbar drunter und drüber geht. Längerfristig angekündigt war eine Entscheidung in der Sache unseres Fraktionsmitglieds Fabian Jacobi für 10:30 Uhr. Dann erreichte unseren Bevollmächtigten um kurz nach 11 Uhr eine Mail des Bundesverfassungsgerichts, in der für 12:30 Uhr eine Entscheidung in unserer Fraktionsklage angekündigt wurde, die dann aber bereits um kurz nach 12 Uhr veröffentlicht war. In der Sache ist die Entscheidung nicht nachvollziehbar und unverständlich. Die Geschäftsordnung des Deutschen Bundestages, die festlegt, dass jede Fraktion einen Vizepräsidenten stellt, scheint nicht das Papier wert zu sein, auf dem sie gedruckt wurde. Auch der eindeutige und einstimmige Beschluss der Bundestags vom 24.10.2017 (Drs. 19/3), in dem festgestellt wurde, dass jede Fraktion einen Vizepräsidenten stellt, wird gänzlich ignoriert. Das war heute alles andere als eine Sternstunde für die Demokratie und das Bundesverfassungsgericht. Ein schlechter Tag für Deutschland.“"
DVH-sBw7grE,Unvorhergesehen: Junge Wähler stehen hinter Trump!,"Die Wahl von Donald Trump markiert einen Wendepunkt, den nur wenige voraussehen konnten. Insbesondere die Unterstützung junger Wähler wirft Fragen auf: Was denken sie über die Zukunft? Welche Hoffnungen setzen sie in diese Wahl? Peter Hahne diskutiert die brisante Rolle, die Trump in der geopolitischen Landschaft spielen könnte, und wie er möglicherweise den Ukrainekonflikt lösen kann. Eine leidenschaftliche Analyse der aktuellen Lage und der menschlichen Schicksale, die oft übersehen werden. Die Menschen, die an der Front stehen, verdienen mehr Aufmerksamkeit – mehr als nur Statistiken und politische Spiele. Ein faszinierender Einblick in die Gefühlswelt der Wähler und die Bedeutung dieser Wahl für die Welt!  #TrumpWahl #JungeWähler #Politik #UkraineKrieg #Wahlen2023 #PeterHahne #Geopolitik #Zukunft #Hoffnung"
jiUJNZAWGIo,Tobias Rausch: Legalisierung von Cannabis bringt erhebliche soziale Risiken mit sich!,In seiner Rede zur #Legalisierung von #Cannabis nimmt der AfD-Abgeordnete #TobiasRausch kein Blatt vor den Mund. Er verweist auf internationale Studien u. deren Kernergebnis: Cannabis ist nicht ungefährlich u. ein freier #Verkauf führt zu vermehrtem #Konsum. #AfD #Ltlsa  #AfDLSA
g6kgaMpyg-g,Hamburg-News: 28.000 Olympia-Plakate in der Stadt,"In der heutigen Folge blicken wir auf das hitzige Ringen um die Olympia-Bewerbung – wird die Hansestadt elf Jahre nach dem letzten Nein diesmal mobilisiert? Außerdem: Die Hamburger Ermittler verhindern einen mutmaßlichen Terroranschlag, und am UKE sorgt ein perfider Spionage-Verdacht in einer Frauenumkleide für Entsetzen.


Wir schauen zudem auf die bittere Kita-Insolvenz bei ""Pusteblume"" und erklären, warum Ritter Sport wegen einer ""schlanken"" Schoko-Taktik im Visier der Verbraucherschützer steht. Zum Schluss gibt es Luftfahrt-Kuriositäten für den guten Zweck und einen Sternekoch zwischen Elbe und Isar.


Jetzt reinhören und up to date bleiben!



#HamburgNews #OlympiaHH #SicherheitHamburg #Verbraucherschutz #UKE #KitaKrise #LufthansaTechnic #AliGüngörmüs #HamburgPodcast #Abendblatt #Aktuell



–Weitere Podcasts unter: www.abendblatt.de/podcast (http://www.abendblatt.de/podcast) 


- Wir freuen uns auf Eure Bewertungen und Likes


- Abonniert unseren Podcast, natürlich kostenlos 


- Feedback: moinhamburg@abendblatt. (mailto:moinhamburg@abendblatt.d) de (http://www.abendblatt.de/podcast)              


 "
takrfZ9LroI,"Wollen Bundeswehr-Soldaten nach Litauen? - Brigadegeneral spricht von ""großem Interesse""","In den nächsten Jahren wird Litauen zum Lebensmittelpunkt Tausender Deutscher. Grund dafür ist die Panzerbrigade 45 der Bundeswehr, die einen starken deutschen Beitrag zur Nato-Abschreckung leisten soll. Brigadegeneral Christoph Huber erklärt im Interview, warum der Standort so beliebt ist.

Kanal-Abo: https://www.youtube.com/c/ntvNachrichten?sub_confirmation=1

#ntv #Nachrichten
https://ntv.de/impressum"
44Mc1Q9vfJM,Wie Pistorius und Merz Baerbocks „katastrophalen“ Kurs ändern könnten,"#merz #baerbock #reitzthema 

Laut Umfragen ist die Neuauflage einer GroKo das wahrscheinlichste Szenario nach der Bundestagswahl. Das Duo Merz/Pistorius sorgt bei FOCUS-online-Chefkorrespondent Ulrich Reitz für Zuversicht. 

Glaubt man den Umfragen, ist eine Neuauflage der GroKo nach der Bundestagswahl das wahrscheinlichste Szenario. Schwarz-Rot unter einem Kanzler Friedrich Merz würde auch bedeuten, dass Olaf Scholz den Weg für Boris Pistorius frei macht.

Die Vorstellung, dass der CDU-Chef und der derzeit beliebteste Politiker Deutschlands ein Superduo bilden, bringt FOCUS-online-Chefkorrespondent Ulrich Reitz ins Schwärmen.

„Diese Kombination kann Mut machen. Es sind wohl auch die beiden Gesichter, die das Profil, das jetzt gefragt ist, am besten erfüllen: nämlich bodenständige Anpacker-Politik. Zielstrebig und lösungsorientiert.""

Beide würden die wichtigsten Themen abdecken. So habe Merz praktische Erfahrungen in der Wirtschaft gesammelt. Pistorius wiederum sei zehn Jahre lang Innenminister in Niedersachsen und zuletzt Verteidigungsminister gewesen. „Er weiß auch, wo der Bartel den Most holt.“

Pistorius könnte in einem Kabinett Merz viele Ämter übernehmen, sagt Reitz. Sei es als Innen- oder Verteidigungsminister, als Außenminister oder als Vorsitzender eines Nationalen Sicherheitsrates, den Merz plant.

Gerade in der Außenpolitik stehe das Duo für einen dringed benötigten Kurswechsel. Der Kurs Baerbocks sei in den vergangenen drei Jahren „eine einzige Katastrophe“ gewesen.

„Das Wesen der Diplomatie ist der Ausgleich. Frau Baerbock steht aber für Kopf durch die Wand und moralische Aufladung“, so Reitz weiter.

Stattdessen gehe es darum, in einer schwierigen Situation mit Wladimir Putin und Donald Trump die deutschen Interessen im Blick zu behalten. „Kühl kalkuliert und analysiert. Dafür steht Pistorius.“

Der nächste Bundeskanzler, in diesem Fall Merz, müsse ebenfalls ein Chef-Außenpolitiker sein. „Es geht gar nicht anders. Denn wegen Trump und Putin wird die Europa- und Sicherheitspolitik in den Mittelpunkt rücken.“ Merz habe das verstanden."
eAhVutIIWVo,🔥 Zum wegrennen: Warum floppt Running Man so brutal?,"Das Reboot von The Running Man kracht zum Start komplett an die Wand. Ein 110-Millionen-Dollar-Projekt, das am ersten Wochenende nur 17 Millionen Dollar in den USA holt und global bei 28,2 Millionen landet – ein Fiasko, das in Hollywood gerade für Nervosität sorgt. Studios hatten auf eine moderne Neuauflage mit starkem Nostalgie-Faktor gesetzt, doch der Markt straft den Film brutal ab.
Warum floppt ein teures Franchise-Revival so deutlich? Zu großes Budget, zu wenig Momentum, ein überfüllter November und ein Publikum, das offenbar genug von seelenlosen Reboots hat. Während Analysten erklären, dass mindestens 300 Millionen Dollar nötig wären, um überhaupt auf Null zu kommen, rutscht der Film schon in Woche eins in eine gefährliche Abwärtsspirale.
Selbst ein halbwegs solider 60%-Score auf Criticless kann daran wenig ändern. Wenn selbst in „starken“ Auslandsmärkten der Studio-Anteil mickrig bleibt, wird die Luft extrem dünn. Dieser Flop zeigt, wie sehr sich Hollywood verkalkuliert hat – und warum alte Marken allein nicht mehr ziehen.
Das ist kein Ausrutscher. Das ist ein Warnsignal. Und genau darüber sprechen wir heute: Zahlen, Hintergründe, Branchenfehler und warum die Realität der Studios gerade härter einschlägt als jede Action-Szene.

🌍 QUELLEN:
https://thatparkplace.com/the-running-man-flops-in-opening-weekend-box-office-reboot-releases-far-below-expectations/

👕Anti-Woke Protestwear T-Shirts, Hoodies, Baseball Caps und viele mehr gibts im 
IGGY'S WELT Protest-Wear Webshop: 
https://www.shirtee.com/de/store/iggyswelt

🔒 Ich nutze NORDVPN – Seit Jahren. Warum?
Weil echte Recherche, Meinung & Journalismus Anonymität braucht.
Deine IP ist deine digitale Identität – schütze sie.
👉👉 Hol dir NordVPN mit meinem Link & unterstütze den Kanal:
https://refer-nordvpn.com/hiqJukCpUIr

💰Ko-Fi hab ich auch, für alle die den Channel supporten wollen.
https://ko-fi.com/iggyswelt

📌 Folge auch meinem Zweitkanal
👉👉 @IggysUnterwelt – noch härter, noch freier, noch ungefilterter!

✅Iggy's Welt llnktree 
https://linktr.ee/iggyswelt

⚠️ Haftungsausschluss:
Kein Finanzratgeber. Keine Anlageberatung.
Ich gebe Denkanstöße, keine Empfehlungen.
Kann sein, dass ich selbst investiert bin – eigene Verantwortung ist Pflicht!

🛒 Affiliate-Links Hinweis:
Wenn du über meine Links kaufst, bekomme ich eine kleine Provision.
Für dich bleibt alles gleich – für mich bedeutet’s Unterstützung.

💡 Risikohinweis:
Investieren, Meinungen äußern & selbst denken:
Alles auf eigene Gefahr.
Informier dich selbst. Recherchiere. Entscheide mit klarem Kopf."
JtiD1aSJIFQ,Experte: Verkauf ist das halbe Leben,"Im Interview erklärt Sebastian Auer, Experte für Digitalvertrieb, was einen guten Verkäufer ausmacht und warum jeder digitalen Vertrieb erlernen und erfolgreich nutzen kann.
————————————————————————
Moderation: Wirtschaft TV Moderator Sascha Oliver Martin 
————————————————————————
Weitere News findest du auf www.wirtschaft-tv.com.
————————————————————————
#wirtschafttv​ #cudigitalunternehmer​ #onlinemarketing #onlinekurse #digitalmarketing​​ #vertrieb #saschaolivermartin​"
vMadm3d9JHk,Nachrichten des Tages | 2. August - Morgenausgabe,"Informieren Sie sich über das aktuelle Geschehen in Europa und der Welt - Politik, Wirtschaft, Unterhaltung, Kultur und Reisen.

LESEN SIE MEHR : https://de.euronews.com/2023/08/02/nachrichten-des-tages-2-august-morgenausgabe

Abonnieren Sie! https://www.youtube.com/c/euronewsde?sub_confirmation=1

Sehen Sie Euronews live TV : https://www.youtube.com/c/euronewsde/live

Euronews gibt es in 12 Sprachen: https://www.youtube.com/user/euronewsnetwork/channels

#TopNewsStoriesToday"
-NFos2_KD4M,DLF 16.04.1924 Henry Mancini geboren. Komponieren fürs Kino,"Henry Mancini (16.04.1924-14.06.1994) spielte schon früh als Pianist in der Glenn-Miller-Band. Ab den 1950er-Jahren begann seine vielfach ausgezeichnete Filmmusik-Karriere. Dabei dirigierte er auch die großen Sinfonieorchester aus den USA und Europa. (picture alliance / Everett Collection / Copyright CSU Archives)
Pink Panther, Frühstück bei Tiffany, Peter Gunn: Henry Mancini hat mit vielen Soundtracks Filmgeschichte geschrieben – und den Jazz ins Kino gebracht. Dabei war der Sohn italienischer Einwanderer vor allem Musiker. Vor 100 Jahren wurde er geboren.
Dibbern, Simonetta"
eNu0ig0vtEw,US-Notenbank warnt vor Konsequenzen des Zollstreits,"📅 Jetzt Termin vereinbaren und beraten lassen
↪︎ https://claus-roppel.de/termin-sichern

📰 Gratis Wohlstands-Report anfordern
↪︎ https://www.claus-roppel.de/gratis-report

🔴 Zum Online Investment-Workshop anmelden
↪︎ https://www.claus-roppel.de/workshop

Wie hat Ihnen das Video gefallen? Wir würden uns über einen Daumen nach oben, einen Kommentar oder ein Abo unseres YouTube-Kanals freuen. Vielen Dank und bis zum nächsten Video! 

#shorts"
Q7uxIsKnaKg,Wir ham den Kanal noch lange nicht voll - Soldaten- und Trinklieder-Potpourri + English translation,"Umdichtungen bekannter Volks- und Marschlieder, die zumeist in der Truppe entstanden sind.
Reinterpretations of well-known folk and marching songs, which were mostly written by the soldiers themselves.


Interpret/Artist: Kamerad Schnürschuh und Die Zackigen Knobelbecher
Album: Ohne Hemd Und Ohne Höschen, 1967

 
0:00 Wir ham den Kanal noch lange nicht voll (Königgrätzer Marsch)
0:36 Sie sollte sich was schämen (Pariser Einzugsmarsch)
0:56 Immer langsam voran (Krähwinkler Landsturm) 
1:35 Herr Radetzky, das ist ein feiner Mann (Radetzky-Marsch)
1:56 Fritze Weber hat'n Fehler (Torgauer Marsch)
2:16 Ja, wenn man so eine Musik hört (Blau blüht der Enzian)


---
Disclaimer:
Dieses Video hat keine politische Aussage und nichts mit Nationalismus oder Rechtsextremismus zu tun! Ich distanziere mich ausdrücklich von jeglicher Form von politischem oder religiösem Extremismus!
This video has no political statement and nothing to do with nationalism or right-wing extremism! I distance myself expressly from any form of political or religious extremism!
Dieses Video dient nur zum Zweck der historischen Bildung und zur Unterhaltung/This video is for historical education and entertainment purposes only. 
---


Text:
Wir ham den Kanal,
noch lange nicht voll!
und saufen wir auch,
noch dreimal so toll!
Wir ham den Kanal,
noch lange nicht voll!
Wir ham den Kanal, noch lange nicht voll!
wir ham den Kanal noch nicht voll! Jawoll! 

Sie sollte sich was schämen, noch Geld dafür zu nehmen!

Immmer langsam voran, immmer langsam voran,
daß der Krähwinkler Landsturm auch nachkommen kann
Auf dem Marsch früh um vier, latscht er immer hintendran
aber nachts im Quartier, steht er wieder seinen Mann!
Immmer langsam voran, immmer langsam voran,
daß der Krähwinkler Landsturmmann auch nachkommen kann!

Herr Radetzky, das ist ein feiner Mann,
der steckt den Kopf zum Fenster raus und spuckt die Leute an.

Fritze Weber hat nen Fehler, an der Zunge, an der Lunge, an der Leber
und er hatte außerdem noch eine Macke, an der Hacke, an der Backe.

Ja, wenn man so eine Musik hört, ist alles wieder gut!
Und wenn's der Alte nicht mehr tut
dann kauf ich mir nen nagelneuen Hut
Ist alles wieder gut!

---

English translation:
We do not have enough, yet
Even if we drink three times as much,
We do not have enough, yet!
We do not have enough, yet!
We do not have enough, yet! Yes sir!

She should be ashamed of taking money for this!

Slow down the marching, slow down the marching,
so that the Krähwinkel country guard can follow suit
On the march at four in the morning, he always lags behind
but at night in the quarters, he stands his ground again!
Slow down the marching, slow down the marching,
so that the Krähwinkel country guardsman can follow suit!

Mr. Radetzky, he's a fine man, 
he looks out of the window and spits at people.

Fritz Weber has a defect at his tongue, at his lungs, at his liver 
and he also had a flaw on his heel and on his cheek.

Yes, when you listen to music like that, everything is fine again
and if the old man doesn't do it anymore, 
I'm going to buy myself a brand new hat
Everything is fine again!


Danke fürs Zuschauen/Thank you for watching


Meine Youtube-Kanäle/My Youtube channels:
Dicker Hund
https://www.youtube.com/c/dickerhund
Dicker Kampfdackel
https://www.youtube.com/channel/UCR4CyPvwsUvEzwEm1NXKWXA
bitte abonnieren und die Glocke aktivieren

Mein Odysee-Kanal/my Odysee-channel:  
https://odysee.com/@DickerHund:8

BitChute:
https://www.bitchute.com/channel/BXi6fEaOrgyV/"
R_OYm13XAYI,"Breaking: Neue Strategie der #letztegeneration ! keine kleinen Blockaden, keine Kleber!",
DQZP_bJF4uk,Bundestagswahl: Jetzt packe ich aus!,"✅ Meine Depotempfehlung 👉 https://link.aktienmitkopf.de/Depot *
Beginne mit dem Investieren beim Freedom24-Broker:
Mehr als 40.000 Aktien und ETFs mit transparenter Preisgestaltung 
Direkter Zugang zu 15 globalen Börsen und Märkten 
⁠Kostenloser persönlicher Assistent und Anlageideen
Erhalte bis zu 20 Aktien gratis dazu für die Aufladung deines Kontos:
https://link.aktienmitkopf.de/Depot *
Trete der Aktien mit Kopf ProLounge bei und erhalte regelmäßige Berichte über neue Chancen am Markt: https://link.aktienmitkopf.de/ProLounge *
📒 Mein Buch! Der Rationale Kapitalist ►►http://amzn.to/2kludNT *

Haftungsausschluss: 
Investieren ist mit Risiken verbunden. Prognosen und Ergebnisse der Vergangenheit lassen keine verlässlichen Rückschlüsse auf die zukünftige Entwicklung zu. Führen Sie vor jeder Anlage unbedingt eine eigene Analyse durch. Lassen Sie sich gegebenenfalls von einem zertifizierten Spezialisten umfassend und unabhängig beraten.
Links mit einem Stern gekennzeichnet sind Affiliate-Links, die mir helfen diesen Kanal zu finanzieren."
i0JjCuAt1VA,Riesige Hiobsbotschaft❗️,"Bildrechte:
-https://commons.wikimedia.org/wiki/File:Katherina_Reiche_CDU_Parteitag_2014_by_Olaf_Kosinsky-11.jpg / by © Olaf Kosinsky (Source: Own work), Lizenz: CC BY-SA 3.0 DEED - https://creativecommons.org/licenses/by-sa/3.0/ (via Wikimedia Commons) - Hintergrund entfernt

Quellen:
-https://x.com/e_boeminghaus/status/1997579406441578675?s=46
-https://www.nw.de/lokal/kreis_paderborn/borchen/24228048_Aus-fuer-neues-Claas-Werk-Bauprojekt-im-Kreis-Paderborn-ist-gestrichen-v1.html"
7NKz0iyZ9tc,"Märkte am Morgen: Gold, Silber, Rheinmetall, Hannover Rück, Commerzbank, Redcare, Nemetschek","Ohne große Impulse von Unternehmens- und Konjunkturseite konsolidierte der DAX gestern leicht. Er ging 0,22 Prozent schwächer aus dem Handel. In den USA stand mal wieder das Thema KI im Fokus. Platzhirsch Microsoft erklomm ein neues Rekordhoch. 

Bei den Einzelwerten geht es heute um Gold, Silber, Rheinmetall, Hannover Rück, Commerzbank, Redcare Pharmacy und Nemetschek.

Martin Weiß, stellvertretender Chefredakteur vom Anlegermagazin DER AKTIONÄR, informiert über die Lage an den Märkten.

👍 Mehr aktuelle Infos, Tipps und Analysen auf www.deraktionaer.de: https://tiny.li/Qddg
👍 Hier geht's zur aktuellen Ausgabe von DER AKTIONÄR: https://tiny.li/2edg
-----
►► Folgen Sie uns hier:◄◄
📈 LinkedIn: https://de.linkedin.com/showcase/deraktionaer
🎭 Facebook: https://de-de.facebook.com/aktionaer/
🐦 Twitter: https://twitter.com/aktionaer
📷 Instagram: https://www.instagram.com/deraktionaer/
🎬 TikTok: https://www.tiktok.com/@deraktionaer
 
Zufrieden? Bewerten Sie uns auf Google! https://g.page/r/CWZ1FzK_GJjdEAg/review"
-VO_WFAsvAg,Klaas und Schmitti pranken Jakob mit falschem Interview | Late Night Berlin | ProSieben,"Als waschechter Berliner hat Jakob Lundt eigentlich nur einen Traum: Vom RBB zu seinen Lieblingsstraßen in Berlin interviewt zu werden. Um ihrem guten Freund eine Freude zu machen, haben Klaas und Schmitti daher Himmel und Erde bewegt, um Jakob seinen großen Wunsch zu erfüllen. Nur leider haben sie dann im Eifer des Gefechts vergessen, Jakob zu sagen, dass das Ganze überhaupt gar nichts mehr mit dem RBB zu tun hat.

#BaywatchBerlin #LateNightBerlin #ProSieben

Empfohlen ab 12 Jahren

Alle Highlights und die komplette Show findest du auf https://www.prosieben.de/tv/late-night-berlin-mit-klaas-heufer-umlauf/video/highlights-vom-27-04-2021 

► Late Night Berlin – Ganze Folgen & alle Videos: http://bit.ly/LNBGanzeFolge 
► Late Night Berlin abonnieren: http://bit.ly/LNBAbonnieren
► Late Night Berlin in einer Playlist: http://bit.ly/LNBAlleClips
► FACEBOOK: https://www.facebook.com/LateNightBerlin/ 
► TWITTER: https://twitter.com/latenightberlin
► INSTAGRAM: https://instagram.com/latenightberlin/

***************************************
Die feste Verabredung am Dienstagabend: Popkultur, Politik, Musik, Sport, Gesellschaft und Medien – Klaas Heufer-Umlauf kommentiert und diskutiert die wirklich wichtigen Themen und ist dabei ganz subjektiv. Woche für Woche sendet ProSieben die neue Late-Night-Show für Deutschland direkt aus Berlin, der Stadt, die Trends setzt.

Dienstags, 23:00 Uhr auf ProSieben.

Impressum:   
http://www.prosieben.de/service/impressum"
ds0ctKmdgL0,Mit Algen die Welt retten: Algenanbau in Schottland | Fokus Europa,"Ein Koch und eine Klimaaktivistin wollen in Schottland Algen züchten. Auch der WWF ist inzwischen mit eingestiegen. Man hofft, dass Algen in Zukunft viele Produkte ersetzen werden.

DW Deutsch Abonnieren: http://www.youtube.com/user/deutschewelle?sub_confirmation=1
Mehr Nachrichten unter: https://www.dw.com/de/
DW in den Sozialen Medien:
►Facebook: https://www.facebook.com/dw.german/
►Twitter: https://twitter.com/dw_deutsch
►Instagram: https://www.instagram.com/dwnews/

#Schottland #Algen #Klimawandel"
KMmrsujarvc,Ich habe die Stasi 1.0 erlebt. Ich will keine Stasi 2.0 haben,"Peter Weber im Interview mit Dr. Hans-Christoph Berndt, MdL, AfD-Spitzenkandidat Brandenburg
Link zum kompletten Interview
https://www.youtube.com/watch?v=uBnXuC7BoAU
_____________
Bitte teilt unsere Sendungen & unterstützt unsere Arbeit hier: 
PayPal: https://paypal.me/HalloMeinung

oder per Überweisung unter:
Hallo Meinung GmbH
IBAN: DE 21 7605 0101 0013 9635 82
BIC: SSKNDE77XXX
Bank: Sparkasse Nürnberg

Herzlichen Dank für eure Unterstützung sagen
Peter Weber & Team Hallo Meinung

Fehler in den Untertiteln, die Aufgrund der Automatisierung entstehen, bitten wir zu entschuldigen

#HalloMeinung #NeinZumKrieg #LauterbachMussWeg #AmpelMussWeg #RegierungszeitIstAbgelaufen #Regierung #Bundesregierung #MitUnsNicht #JetztOderNie #EsReicht #DasMaßIstVoll #ARD #ZDF #BR"
v3g1Ff9hZPs,BR 3. August 2012 Gaby empfängt eine Botschaft vom Hundsstern Sirius A,"Ein Rätsel der Menschheitsgeschichte: Kornkreise. Woher kommen sie? Fragen die beantwortet werden von Wissenschaftlern, Esoterikern oder Hollywood. Die Theorien reichen von Wirbelstürmen bis zu Außerirdischen. Wie bei dem Kornkreis, der 2012 bei Andechs entdeckt wurde. Autor: Simon Demmelhuber"
gsOrPWEL8AI,Dorothee Wilms: Studentenrevolte,"Geboren 1929, erlebt die Ministerin a. D. Dorothee Wilms nicht nur den Zweiten Weltkrieg 1939–1945, sondern auch die Aufbaujahre danach 1945. Diese Erfahrungen prägen ihr Verhältnis zur sog. 1968er-Bewegung. 

Weitere Berichte von Zeitzeugen zur deutschen Geschichte unter: www.zeitzeugen-portal.de

Das Zeitzeugen-Portal ist ein Angebot der Stiftung Haus der Geschichte der Bundesrepublik Deutschland. Besuchen Sie uns unter: www.hdg.de 

Copyright: Stiftung Haus der Geschichte der Bundesrepublik Deutschland"
AiQyfX3ohig,"Tief „Bernd“ flutet halb Deutschland – Unwetter-Alarm in NRW, Bayern und Sachsen","Es schüttete in der Nacht wie aus Kübeln – vor allem in Nordrhein-Westfalen, Bayern, Baden-Württemberg und Sachsen kam es in der Nacht auf Mittwoch teilweise zu katastrophalen Zuständen! BILD ist vor Ort und berichtet live!

▶︎ Nach einer Sturzflut in Jöhstadt (Sachsen) wird ein Mann vermisst. Nach den Angaben vom Mittwochmorgen hatten Anwohner im Ortsteil Steinbach am Dienstagabend versucht, ihre Grundstücke gegen einen über die Ufer getretenen Fluss zu sichern.

▶︎ Aufgrund des Starkregens hat das Landratsamt Hof (Bayern) am späten Dienstagabend den Katastrophenfall ausgerufen. Feuerwehr und Polizei rückten zu über 200 Einsätzen im gesamten Landkreis aus. Besonders stark vom Unwetter wurde die Stadt Selbitz getroffen. Dort mussten die Einsatzkräfte über 120 Mal anrücken. 

▶︎ Heftige Regenfälle haben in Hagen (NRW) zu überfluteten Straßen und vollgelaufenen Kellern geführt. Hunderte Notrufe gingen in der Nacht bei der Feuerwehr ein. „Die Leute sind verzweifelt“, sagte der Sprecher in Hinblick auf die Vielzahl an vollgelaufenen Kellern in der Stadt. Außerdem seien aufgrund der überspülten Straßen stellenweise Fahrzeuge ins Rutschen gekommen.

#Unwetter #Bernd #Hochwasser
----------------------------------------------------------------------------------------------------------
🔴  Abonniert jetzt unseren Kanal und aktiviert die Glocke!

🎥 Wettmanipulation! Betrug! Obdachlosigkeit! Knast!: VERZOCKT – Wie ein Spielsüchtiger ALLES verlor: https://on.bild.de/3fTlvzD

🎥 „Heroin in Berlin“ – Das Gift aus der U-Bahn | Die exklusive Reportage: https://on.bild.de/2M3mVfQ 

🎥 V-Mann „Miami Gianni“ packt aus: Undercover zwischen Zuhältern, Rockern und Clans – https://on.bild.de/3dZGq0K

🎥 „Blinder Hass – Wie wird ein normaler Junge zum Killer-Neonazi?“ – die BILDplus-Doku über den Halle-Attentäter Stephan Balliet: https://on.bild.de/39fSLgK

🎥 „Der Schneekönig“ – Vom Polizistensohn zum Drogen-Boss: Der deutsche Pablo Escobar erzählt jetzt ALLES – https://on.bild.de/32XIq7a

🎥  Die besten Dokus mit BILDplus gibt's hier: https://on.bild.de/BILDvideothek

📲  Folgt unseren Moderatoren:
Nele Würzbach https://www.instagram.com/nele.wuerzbach
Patricia Platiel: https://www.instagram.com/patricia.platiel/
Claus Strunz: https://www.instagram.com/clausstrunz/
Moritz Wedel https://www.instagram.com/moritzwedel

👁‍🗨  Impressum: https://on.bild.de/impressum

#BILD #Nachrichten #News"
gseAF4ei2zk,Sexwork im Grabenkampf,"Das Sexwork Dokument (Quellenliste): https://docs.google.com/document/d/1Hekpwqk463ISgeIG0mpiNog1hEVvkC3S2b6cZe0BjUU/edit?usp=sharing
---------------------------------------------------------------------------------------
Stream über Sexarbeit vom 31.03: https://www.twitch.tv/videos/1809384898

Der TamaaaTalk vom 04.04: 
https://youtu.be/40QReoRMu3w

Die Analyse vom TamaaaTalk vom 05.04: 
https://youtu.be/TMvF2onQN6E

Die Grabenkampf Chronologie I:
https://youtu.be/4vcy8-gyWCg

Die Grabenkampf Chronologie II:
https://youtu.be/e0fLqQOlRZc

Die Grabenkampf Chronologie III:
https://youtu.be/5FQtYejhkfA

Die Grabenkampf Chronologie IV:
https://youtu.be/ceF7XkstUvI

Die Grabenkampf Chronologie V:
https://youtu.be/AcJmkFfQb-w

Was wir über Sexwork wissen:
https://youtu.be/tTdZvnJAouY

Die Farley ""Studie"": 
https://youtu.be/PNUK8ox85f0

Reichweitenverantwortung und Transparenz:
https://youtu.be/QbTVo8vkzPQ

---------------------------------------------------------------------------------------
Folgt Yasmin:  @Yasminli_  
https://www.twitch.tv/yasminli_

Folgt Jill:  @JillPlease  
https://www.twitch.tv/jillpls
---------------------------------------------------------------------------------------
Twitch: https://www.twitch.tv/kirtscho
Twitter: https://twitter.com/Kirtscho
Discord: https://discord.com/invite/WgC9XFrnnc

00:00 Einleitung
00:42 Kriminalisierung?
03:41 Jill bringt keinen Inhalt.
05:45 Nur Liberalisierung?
08:15 Ich bin (nicht) informiert
11:14 Sexismus & Antifeminismus?
15:33 Die würden so weit gehen.
17:22 Ich will mit Veganer*innen reden.
18:55 Veganismusmeme?
19:27 Selbstbestimmung memen!
21:25 Das Beispiel Köln.
23:50 Sammlung von sexarbeitsfeindlichen Aussagen.
29:37 Antiwissenschaftlichkeit & Farley ""Studie""
33:00 Um Entschuldigung bitten.
34:00 Schlusswort."
rTweD_RCiEg,Analyse: Die (sinnlose) Weidel-TV-Taktik – Küppersbusch TV,"Worüber reden wir hier eigentlich? 

0:00 👉 DIE GRÜNEN!
0:21 👉 Gelabere
5:26 👉 Flucht
5:52 👉 Küppis & Friesis musikalisches Quiz (feat. @Friesenhahn) 


Die gezeigten Quellen findet ihr hier
👉 https://kurzelinks.de/1ngc

____________________________________

Werbung in eigener Sache: 

Werde Kanalmitglied, um Zugang zu exklusiven Vorteilen zu bekommen
👉 https://www.youtube.com/channel/UCIvthGRDv___2gL2JGiDryQ/join

Okay, wir geben es zu: Die Formate von #KüppersbuschTV sind manchmal ein wenig sehr verworren. Auf diesem Kanal gibt's daher einige Segmente in ausgeklammerter Kurzform
👉 https://www.youtube.com/channel/UCs1i0KMMvQaKIakEUVQ609g
____________________________________

Der Kanal Küppersbusch TV ist eine Produktion der probono Fernsehproduktion GmbH.
Weitere Beiträge findest du hier auf unserem YouTube-Channel sowie unter dem Hashtag #KüppersbuschTV.

Mehr von #KüppersbuschTV: 
👉 https://instagram.com/kueppersbuschTV  
👉 https://twitter.com/KueppersbuschTV
👉 https://www.threads.net/@kueppersbuschtv
👉 https://bsky.app/profile/kueppersbuschtv.bsky.social
👉 https://www.tiktok.com/@kueppersbuschtv
👉 https://facebook.com/kueppersbuschtv 
____________________________________

Fragen und Anregungen zu speziellen Themen aus den Ressorts Politik und Gesellschaft nehmen wir jederzeit gerne per E-Mail an online@probono.tv."
tfygJN6D7q0,AfD unter Beschuss: Rechtsextremismus-Vorwurf gegen Mitarbeiter – Was steckt dahinter?,"Ein neuer Skandal erschüttert die politische Debatte:
Ein Mitarbeiter der AfD steht unter Verdacht – doch was ist dran an den Rechtsextremismus-Vorwürfen?
In diesem Video schauen wir genauer hin: Fakten, Medienreaktionen und wie die AfD selbst reagiert.
🔹 Themen im Video:
– Rechtsextremismus-Vorwürfe gegen AfD-Mitarbeiter
– Medienkampagne oder berechtigte Kritik?
– Politische Instrumentalisierung?
– Reaktion der Partei und juristische Einschätzung
🔑 Keywords: AfD, Rechtsextremismus, Mitarbeiter, Skandal, Medien, Politik, Deutschland, Verfassungsschutz
📛 Hashtags:
#AfD #Rechtsextremismus #Skandal #Politik #Deutschland #Medien #Verfassungsschutz"
cJCy2JtJwOo,Angst-Ort Amerika: Wird die Dystopie Wirklichkeit? - F.A.Z. Podcast für Deutschland,"In Amerika wird gerade am offenen Herzen der Demokratie operiert, Wie radikal hat sich die Gesellschaft dabei verändert? Ein Gespräch mit dem Oscar-nominierten Filmregisseur Jan Komasa und der FAZ Feuilleton Leiterin Sandra Kegel."
EbPoGWOCoGg,"Roger Bader über das WM-Märchen, Olympia-Quali und die Fußball-EM-Vorfreude | krone.tv SPORT","Das Eishockey-Nationalteam hat bei der A-Weltmeisterschaft vor wenigen Wochen souverän den Klassenerhalt geschafft. ÖEHV-Teamchef Roger Bader spricht im krone.tv-Sport-Talk mit Moderator Martin Grasl über die sehenswerten Spiele in Tschechien, die Erkenntnisse nach dem Großevent, die bevorstehende Olympia-Qualifikation sowie seine Fußball-Affinität und EM-Vorfreude."
AONBi5F_l0E,Viktor Orbáns Rede zur Europawahl im Faktencheck,"Viktor Orbán hat in seiner Rede im Vorfeld der Europawahlen einige kontroverse Behauptungen geäußert. The Cube hat sich einige der wichtigsten Behauptungen angesehen. Mal sehen, was davon stimmt...

LESEN SIE MEHR : https://de.euronews.com/2024/05/02/viktor-orbans-rede-zur-europawahl-im-faktencheck

Abonnieren Sie! https://www.youtube.com/c/euronewsde?sub_confirmation=1

Sehen Sie Euronews live TV : https://www.youtube.com/c/euronewsde/live

Euronews gibt es in 12 Sprachen: https://www.youtube.com/user/euronewsnetwork/channels

#TheCube"
QZy5kzWxiZg,Paralympics-Sportler THOMAS WANDSCHNEIDER bekommt Goldene Henne | Goldene Henne 2024 MDR,"Die komplette Show der ""Goldenen Henne"" mit allen Stars und Highlights gibt‘s in der ARD Mediathek: https://www.ardmediathek.de/mdr
 
Sechs bis acht Stunden trainierte der vierfache Familienvater, um bei den Paralympics 2024 in Paris eine Medaille zu holen. Ein Erfolgsrezept: Der Para-Badminton-Sportler gewinnt Bronze – und nun noch eine Goldene Henne.

#GoldeneHenne #ThomasWandschneider #Paralympics"
FISgZG9QoR0,"TIMMY: Walforscher staunt! ""Das sind Geräusche, die ich so von Buckelwalen noch nie gehört habe!""","TIMMY: Walforscher staunt! ""Das sind Geräusche, die ich so von Buckelwalen noch nie gehört habe!""

Die Rettungsaktion für den Buckelwal in der Ostsee verläuft planmäßig. Wal-Forscher Jan-Olaf Meinecke bleibt dennoch skeptisch: „Sein Gesundheitszustand bleibt unsicher. Wir wissen ja nicht, ob er nicht irgendwelche innerlichen Schäden hat.“

#timmy #ostsee #buckelwal #weltnachrichtensender 

Abonniere den WELT YouTube Channel https://www.youtube.com/WELTVideoTV
WELT DOKU Channel https://www.youtube.com/c/WELTDoku
WELT Podcast Channel https://www.youtube.com/c/WELTPodcast
WELT Netzreporter Channel https://www.youtube.com/c/DieNetzreporter
Der WELT Nachrichten-Livestream http://bit.ly/2fwuMPg
Die Top-Nachrichten auf WELT.de http://bit.ly/2rQQD9Q
Die Mediathek auf WELT.de http://bit.ly/2Iydxv8
WELT Nachrichtensender auf Instagram https://www.instagram.com/welt.nachrichtensender/
WELT auf Instagram https://www.instagram.com/welt/

In eigener Sache: Wegen des hohen Aufkommens unsachlicher und beleidigender Beiträge können wir zurzeit keine Kommentare mehr zulassen. 

Danke für euer Verständnis – das WELT-Team

Video 2026 erstellt"
H-0yVYHCGnk,Dialogversuch mit Antifa 18.3.25 Berlin,"Telegram: https://t.me/WeichreiteKanal (Infos zu meiner Arbeit👀)
      
- X (Twitter): https://x.com/weichreite

- Instagram: https://www.instagram.com/weichreitetv/

- Facebook: https://www.facebook.com/profile.php?id=61574181958232&locale=de_DE

- Telegram Gruppen:
- https://t.me/weichreiteinfo  (Infos an mich 🕵️‍♂️ )    
- https://t.me/weichreitetv/1  (Demokratisches Forum)

Für mehr Weichreite  (Schenkung)♥️
https://www.paypal.com/donate/?hosted_button_id=PGSUKENJFZL3S 
https://www.youtube.com/channel/UCyw8Tkb44AGA2eB8K9fRioQ/join
IBAN: DE36 8605 5592 1634 0159 71

ZweiterKanal https://youtube.com/@keinjournalist
DritterKanal https://www.youtube.com/@Kreisreite"
nRLAEo2Na4w,"Tennis WTA Turnier findet in Berlin 2025 statt mit neuem Veranstalter Kommentar Rittner, Weindorfer","Die ecotrans Ladies Open 2024 endeten Sonntag im ausverkauften Steffi-Graf-Stadion beim LTTC „Rot-Weiß“ e. V. in Berlin mit dem Sieg von Jessica Pegula. Seit 2021 hat die emotion group durch die Austragung dieses WTA-Turniers Berlin wieder als Fixpunkt im internationalen Tennis-Kalender etabliert, bereits 2020 die bett1ACES ausgerichtet. „Unser Turnier ist zu einem global beachteten Event geworden“, sagt Edwin Weindorfer, Gründer und CEO der emotion group. Nun gibt er die Ausrichtung dieses Turniers in andere Hände, ab 2025 wird das WTA-Turnier in Berlin von einem noch zu verkündenden Veranstalter ausgerichtet.  

Das Turnier bleibt gleichwohl in Berlin. In 2025 ist die Austragung für den 14. – 22. Juni terminiert. 

Edwin Weindorfer schwärmte von der Entwicklung des Turniers, dem er für die Zukunft eine hervorragende Perspektive prophezeit: „Dieses Turnier ist immer besser geworden und war noch nie so gut wie in diesem Jahr, die Fans nehmen es an, und die besten Spielerinnen der Welt wollen hier in Berlin spielen. Mein besonderer Dank gilt neben den vielen Unterstützern von allem bett1 als langjährigem Titelsponsor und unserem diesjährigen Titelsponsor, der ecotrans Group.“ 

In diesem Jahr waren acht Top10-Spielerinnen dabei. 

Turnierdirektorin Barbara Rittner sieht daher der Zukunft optimistisch entgegen: „Wir haben ein Weltklasse-Feld, die Spielerinnen kommen gerne nach Berlin.“

Ob die ehemalige Fed-Cup-Chefin Barbara Ritter Turnierdirektorin des Vorbereitungsturniers auf Wimbledon bleibt? «Ich hätte Lust. Aber die Turnierdirektorin wird vom Veranstalter bestimmt», - sagte Barbara Rittner."
P6BEsIf9whM,💥Messermann aus Guinea sorgt für SEK GROßEINSATZ,"Das SEK muss einen Mann aus Guinea überwältigen, da dieser mit einem Messer ""randaliert"" hat!!
🔔 Kanal abonnieren: https://oli.net/abo
🤝 Jetzt Kanalmitglied werden: https://oli.net/kanalmitglied
💰  Aktiendepot: https://www.oli.net/freedom24 **
⭐️ Gold und Silber kaufen: https://www.oli.net/kettner **
⚡️ Bitcoin kaufen: https://oli.net/binance **


📰 Quellen
- https://bit.ly/3XI15jw
- https://bit.ly/4hlZrv3
- https://bit.ly/4bJsrLX
- https://bit.ly/43zaWMn
- https://bit.ly/3DGc1aE

💬 Hashtags
#Rietberg #einzelfall #nachrichten 

⚠️ Hinweis: Ich biete hier keine Anlageberatung, ich möchte lediglich zum Nachdenken und Diskutieren anregen. Bei manchen der im Video erwähnten Anlageklassen bin ich selbst investiert, so dass es zu Interessenskonflikten kommen kann.

** Affiliate Links
Bei den Produktlinks handelt es sich um Affiliate-Links. Die Links dienen der Orientierung und dem schnelleren finden der Produkte. Des Weiteren wird beim Verkauf des Produkts eine Provision an mich ausgezahlt, für euch entstehen dadurch keine Mehrkosten.
** Jede Investition ist ein Risiko. Die Prognosen und die bisherige Wertentwicklung sind keine Garantie für zukünftige Erträge. Es ist wichtig, dass du deine eigene Analyse durchführst, bevor du eine Investition tätigst. Dieser Beitrag kann Affiliate-Links enthalten, an denen ich ohne Kosten für dich eine kleine Provision verdienen kann."
pNxb_IFSgcY,Israel: US-Außenminister ruft zur Deeskalation auf | DW Nachrichten,"US-Außenminister Antony Blinken hat seine Reise in den Nahen Osten begonnen. Schon bei seiner Ankunft in Tel Aviv rief er Israelis und Palästinenser dazu auf, die Gewalt der vergangenen Tage einzudämmen. Zuletzt waren in Ost-Jerusalem sieben und in Dschenin im Westjordanland zehn Menschen getötet worden.

#israel #blinken #usa 

DW Deutsch Abonnieren: http://www.youtube.com/user/deutschewelle?sub_confirmation=1
Mehr Nachrichten unter: https://www.dw.com/de/
DW in den Sozialen Medien:
►Facebook: https://www.facebook.com/dw.german/
►Twitter: https://twitter.com/dw_deutsch
►Instagram: https://www.instagram.com/dwnews/"
IA23v64wQhc,3/3 - SO-0-MO - 02.01. - Große Belastungen für BEZIEHUNGEN & WOHLSTAND werden offensichtlich!,"Die Halbsumme SA/NE=JU beschreibt die ""laufende Krankheitsachse"". Zumal JUPITER als H5 (gewohntes Leben, Wachstum, Kreativität, kommunales Zusammenleben) sehr nahe der exakten Halbsumme zwischen SATURN & NEPTUN in den FISCHEN im 7. Haus steht, erkennen wir, dass es ans ""Eingemachte"" geht!"
AoNeBcOr-Xg,Das hat@PhilLaude geholfen mit seiner Trauer umzugehen,"Phil Laude spricht mit mir über den Tod seines Vaters.

WERBEPARTNER & RABATTE:
https://linktr.ee/hotelmatze

MEIN GAST:
https://instagram.com/phillaude

MEIN ZEUG:
💭 Mein Fragenset: https://beherzt.net/matze
🎤 Mein Podcast bei Apple: https://apple.co/2RgJVH6
🎙 Mein Podcast bei Spotify: https://spoti.fi/3avZc16
✉️ Mein Newsletter: https://matzehielscher.substack.com
📷 Instagram: https://instagram.com/matzehielscher
🏨 Die Hotel Matze Suite: https://patreon.com/hotelmatze
📔 Mein erstes Buch: https://bit.ly/39FtHQy
📖 Mein zweites Buch: https://bit.ly/3cDyQ18"
LMeHF22hXIU,Nord Stream- & Druschba-Sabotagen: Wann nimmt das Schweigen ein Ende? | GEGENPOL,"Drei Jahre nach der Nord-Stream-Sabotage: Warum schweigt Deutschland?

Ein gezielter Angriff auf die Energie-Infrastruktur vor der deutschen Küste, mit Milliarden-Schäden und politischen Folgen bis heute. Doch anstatt Aufklärung zu fordern, herrscht auffälliges Schweigen in Berlin. Keine Sonderkommission. Kein Untersuchungsausschuss. Keine klaren Worte.

Dieser Beitrag beleuchtet die Vorgeschichte der Explosionen, die Aussagen westlicher Politiker, die Rolle mutmaßlicher ukrainischer Akteure und das erstaunlich stille Verhalten der deutschen Regierung.

- Was ist wirklich passiert im September 2022?
- Welche Hinweise deuten auf eine Beteiligung ""befreundeter"" Staaten hin?
- Und warum gibt es bis heute kaum politische Konsequenzen?

Wir analysieren Fakten, Hintergründe und Zusammenhänge und stellen die Fragen, die kaum jemand zu stellen wagt.

➤ Schaut euch unser Video an und schreibt uns eure Meinung dazu!

⏭ Mehr Informationen:  https://www.youtube.com/watch?v=HWa68NkVdpk&t=12s

#NordStream #Sabotage #Deutschland #USA #Ukraine #Energie #Geopolitik 

___________________________________________________________________________________

✅Anmeldung zum kostenlosen Webinar von Kettner-Edelmetalle, sichere dir JETZT deinen Platz, begrenzte Teilnehmerzahl:
👉https://kett.ai/gegenpol *

🪙 GOLD & SILBER Kaufen:
↪︎ https://kettner.shop/gegenpol *

*mit Stern markierte Links sind sogenannte Affiliate Links, dies ist Werbung womit sich GEGENPOL finanziert.
___________________________________________________________________________________"
hoRafm2F9cQ,TRAIN SIMULATOR 2021 | Rhätische Bahn – Ge 6/6 II | ENGADINBAHN | Scuol Tarasp - Zernez – RivetGames,"Im Dovetail Games Train Simulator 2021 haben wir die Ehre auf der Engadinbahn von Rivet Games zu fahren. Die Engadin Rundfahrt der RhB - Rhätischen Bahn ist in aller Munde und die prachtvollen Alpen verzaubern die Faszination Eisenbahn nur noch umso mehr! Als Zugpferd kommt heute die Ge 6/6 II zum Einsatz. 
Viel Spaß bei der Fahrt durch die Alpen, gib aber bitte acht auf die Touristen. Die stehen gerade wirklich Schlange, um an den Ticketschaltern eine Fahrkarte zu ergattern.

Strecke: Engadinbahn | Pontresina - Scuol-Tarasp | RivetGames
Triebfahrzeug: Rhätische Bahn – Ge 6/6 II | RivetGames
Webseite: http://thinknewflynew.de
Instagram: https://www.instagram.com/think_new_fly_new/

Abonnieren: https://www.youtube.com/c/ThinkNewFlyNew?sub_confirmation=1

Viel Freude und Vergnügen beim Eisenbahn fahren wünscht Think New Fly New im Train Simulator 2021 von DTG / Dovetail Games.

Affiliate Links*

Train Simulator 2020 zum Spitzenpreis:
https://de.gamesplanet.com/game/train-simulator-2020-steam-key--4291-1/?ref=thinknewflynew

Engadinerbahn | Rivet Games
https://store.steampowered.com/app/1230274/Train_Simulator_Engadin_Linie_Pontresina__ScuolTarasp_Route_AddOn/

Train Simulator 2019
https://de.gamesplanet.com/community/train-simulator-2019-steam-key--3848-1/?ref=thinknewflynew

Gamesplanet
http://de.gamesplanet.com/?ref=thinknewflynew

YouTube Partner werden: https://www.youtube.com/c/thinknewflynew/join

Wenn Du meine Arbeit und den Kanal unterstützen möchtest, kannst Du das gern mit einer kleinen Spende per PayPal tun. Ich arbeite mit Herzblut und Leidenschaft an diesen Videos, um Dich so oft es geht auf die Reise durch die Welt der Eisenbahn mitzunehmen. Bereits seit mehreren Jahren präsentiere ich die Faszination der Eisenbahn in meinen Videos und das immer mit einem Lächeln im Gesicht! Ich freue mich über deine Unterstützung, um so auch die mir entstehenden Kosten auszugleichen! :)

Spenden: http://thinknewflynew.de

* Affiliate Links:
Über diese Links wird je nach messbarem generierten Umsatz eine Vermittlungsprovision gezahlt.

#DTG | #RhätischeBahn | #TS2021"
eW8lxrolgZo,Die ARD verklagt uns!👀,"Der Fuzzi tritt live auf!
Wo: Riverboat in Leipzig 
Wann: 13.03.2025
Wieviel: 23,50€
Wie: Vorbestellung unter info@oliverbrendel.com

Keine Plattform der aktuellen Welt lässt einen Fuzzi Geld verdienen, weil er den Staat „verhühnen“ tut. Deswegen leben wir von Spenden:

Paypal: https://www.paypal.me/oliverbrendel1

1822direkt
Oliver Brendel
DE19500502011252308114
BIC HELADEF1822

Bitcoin-Wallet 
bc1qjef6sr0ef83c5g0h4pzflrsuht2l2fsptp4jrc

Und Ihr wisst ja, spenden ist wie Liebe machen, nur ohne… ARD & ZDF.

WERDE FUZZI-KÖNIG

https://www.ebay.de/itm/186801549661?mkcid=16&mkevt=1&mkrid=707-127634-2357-0&ssspo=Fg1PW5IFQzq&sssrc=2051273&ssuid=Fg1PW5IFQzq&var=&widget_ver=artemis&media=COPY

BITTE FOLGT UNS AUCH HIER:
https://t.me/medienfuzzi

https://www.tiktok.com/@fuzzireal?_t=8qyYQKG0twv&_r=1

https://x.com/medienfuzzishow?s=21

https://www.instagram.com/medienfuzzi_show?igsh=dHFyMHNvdHB3dmdi&utm_source=qr

DER MUTTERKUCHEN
https://amzn.to/45JVagb 

BEITRAGSBLOCKER 
https://www.keinrundfunkbeitragmehr.de?empfehlung=zzi

RUNDFUNKALARM
https://www.rundfunkalarm.de

Inhalt: Die ARD verklagt uns

Die Fuzzis wollen uns nach Sibirien schicken, Aserbaidschaner sind dichter, während wir nicht mehr denken und ARD & ZDF gehören auf den Mars. Wir werden komplett aufgenommen und decken auf, wer dahintersteckt. Ich sage nur: Kommission zur Ermittlung des Finanzbedarfs der Rundfunkanstalten.

Besucht doch mal unseren Shop! Neu im Angebot die T-Shirts „Bacon of hope“ und „FCK GRN“

https://www.dermedienfuzzi.de/shop/

BÜCHER VOM FUZZI

Synapsen-Salat
https://amzn.to/3riDZTE

Drölfzigmal klingeln
https://amzn.to/3P5nEJV 

Unsere Links sind sogenannte Affiliate-Links. Kommt über diesen Link ein Einkauf zustande, werden wir mit einer Provision beteiligt. Für euch entstehen dabei selbstverständlich keine Mehrkosten."
B8CKVyc_MIs,DIESER KANAL WIRD SICH VERÄNDERN 😩 (alles was du wissen musst!),"DIESER KANAL WIRD SICH VERÄNDERN 😩 (alles was du wissen musst!)

► STAIY SOCIAL MEDIA
○ Twitch: https://www.twitch.tv/staiy
○ Discord: https://discord.gg/staiy
○ Podcast: https://sptfy.com/almanarabica

► STAIY YT-CHANNELS
○ Staiy: https://www.youtube.com/c/@staiy
○ StaiyZockt: https://www.youtube.com/c/@staiyzockt
○ Zweitklassige Reaktionen: https://www.youtube.com/@StaiyReagiert

► EDITOR: Yannik
○ YouTube: https://www.youtube.com/@yannikdielinkezecke/"
jwSzyKyp_WM,Afghanistan: Sechs Tote bei mutmaßlichem Anschlag auf Schule in Kabul,"In Kabul sind bei einem mutmaßlichen Bombenanschlag sechs Menschen getötet und elf verletzt worden. Insgesamt hätten drei Explosionen das Gymnasium im Westen der afghanischen Hauptstadt erschüttert, hieß es laut offiziellen Angaben. © REUTERS, GETTY

Link zum Video: https://www.faz.net/-gq5-ap414
Link zur Homepage: https://www.faz.net"
Eknvcx9m9ps,"Deko, Geschirr, Kalender: Einzelhandel entdeckt Fastenmonat Ramadan für sich | hessenschau DAS THEMA","Der Fastenmonat Ramadan: zwischen Religion und Kommerz. Nach Weihnachten und Ostern hat der Handel jetzt auch Ramadan für sich entdeckt. Von Ramadan-Deko über Geschirr und Kalender gibt es alles. Das Sortiment wächst. Bei Woolworth, Action, Kaufland, Kik und dm gibt es solche Ramadan-Artikel beispielsweise zu kaufen.  Allein bei uns in Hessen leben 600.000 potenzielle muslimische Käufer, für die nun der Fastenmonat beginnt.
---
Jetzt hier hessenschau abonnieren 👉 https://1.ard.de/hessenschau_abo
---
Noch mehr Nachrichten aus #Hessen findest Du hier auf unserem Kanal, 
im Web: https://www.hessenschau.de 
auf Instagram: https://1.ard.de/hessenschau_Instagram?p=yt 
auf Facebook: https://1.ard.de/hessenschau_facebook?p=yt 
auf Twitter: https://1.ard.de/hessenschau_twitter 
in der Mediathek: https://1.ard.de/hr_in_der_ARD_Mediathek?p=yt 
sowie täglich um 19.30 Uhr im hr-fernsehen."
gPSGurT5sjU,Sozialleistungsbetrug: Jahresbilanz mit Karner,"Besuche auch unsere anderen Kanäle:
***Mehr Videos: https://www.oe24.at/video
---TikTok: https://www.tiktok.com/@oe24at
+++Facebook:  https://www.facebook.com/oe24.at/
---Instagram:  https://www.instagram.com/oe24.at/"
x37stONuMeA,Der Sonntagsfahrer: Rentner zu Kübelwagen!,"Der Vorschlag eines verpflichtenden sozialen Jahres für Rentner greift auf eine bewährte Idee aus dem Jahre 1944 zurück und ist vielfach ausbaufähig. JETZT MIT PAYPAL UNTERSTUETZEN: https://www.achgut.com/spenden-paypal

Dirk Maxeiner: Der Sonntagsfahrer: Rentner zu Kübelwagen!
https://www.achgut.com/artikel/der_sonntagsfahrer_24_08_2025_rentner_zu_kuebelwagen

Gesprochen von: Robert Meier
Bild: Bundesarchiv, Bild 101I-784-0228-29A / Moosmüller / CC-BY-SA 3.0, CC BY-SA 3.0 de, via Wikimedia Commons
https://creativecommons.org/licenses/by-sa/3.0/de/deed.en
https://commons.wikimedia.org/w/index.php?curid=5413688

Achgut unterstützen: https://www.achgut.com/seite/achgut_unterstuetzen
Mit Paypal unterstützen: https://www.achgut.com/spenden-paypal
Achgut Pate werden: https://paten.achgut.com
Achgut Buch-Shop: https://shop.achgut.com
Achgut Newsletter bestellen: https://newsletter.achgut.com"
udm3Q5gx6TI,SV Energie Cottbus | Bundesligaaufstieg perfekt!,"Der SV Energie Cottbus spielt in der kommenden Saison in der zweiten Volleyball-Bundesliga und überspringt damit die dritte Liga! Diese Nachricht hatte nun Trainer Philipp Eisenträger parat, der Volleyballverband hat dem Wildcard-Antrag zugestimmt. Welche Herausforderungen und Chancen dieser Aufstieg hat, erklärt er im Interview.

Mehr Nachrichten, News, Veranstaltungstipps, Fotogalerien und Aktionen aus der Region 

Webseite:
✖️ https://www.niederlausitz-aktuell.de/​
 Facebook:
✖️ https://www.facebook.com/NiederlausitzAktuell
Instagram:
✖️ https://www.instagram.com/nlaktuell​
_____________________________________________________________________________________________________

Azubis und Berufe in Südbrandenburg kennenlernen auf dem Kanal von BennyJob:
✖️ https://www.youtube.com/@BennyJob

#nachrichten #lausitz"
7lQ6VQssuUE,"VOR dem Attentat auf #Stürzenberger und dem Polizisten in Mannheim, der das mit dem Leben bezahlt.","NACHSATZ 1.JUNI

Der Polizist ist angeblich in ein künstliches Koma versetzt worden. Mich würde nicht wundern, wenn in ein paar Tagen (wenn die mediale Aufregung abgeflaut ist…!) uns mitgeteilt wird, daß der Polizist „leider seinen Verletzungen erlegen ist“. 
Mich würde es auch nicht wundern, wenn diese Nachricht erst nach dem 9.Juni 2024 käme.

Nach der EU-Wahl…🤔 
_____________________________________
Hier sehen Sie den Attentäter auf Michael #Stürzenberger und den Polizisten in #Mannheim wenige Minuten vor der Tat, wie er mit dem Handy in der Hand um den Stand herumschleicht. Er schaut immer wieder auf sein Telefon. Holt er sich hier Anweisungen von Dritten? 

Bitte achten Sie auf die Addidas Hose mit den 3 weißen Streifen!"
a25aKrnOKzg,Gefangenschaft,"Odysee: https://odysee.com/@_horizont_:b
Telegram: https://t.me/horizont_telegram
GETTR: https://gettr.com/user/_horizont_
YouTube (Zweitkanal): https://www.youtube.com/channel/UCftrriPq2SwlMJaT2cxMD6A"
PcwuJvIQxx4,Sternzeit 04. März 2026 Kalt und dunkel. Wenn die Sonne zum Schwarzen Loch wird,"Seit 4,5 Milliarden Jahren zieht die Erde um die Sonne. Manche fürchten, unser Stern könnte zum Schwarzen Loch werden und uns verschlingen. Doch die Sonne hat nicht genügend Masse. Zudem wäre sie auch als Schwarzes Loch für die Erde ganz harmlos.
Lorenzen, Dirk"
hA9ckg4eH_E,Christian Lindner interviewt sich selbst #2,"Das dynamische Duo der deutschen Politik ist wieder da!
Die kongeniale Doppelspitze der FDP tritt erneut gemeinsam vor die Kameras, um sich selbst, bzw. sich gegenseitig zu interviewen.
Welcher Christian Lindner hat sich besser geschlagen? Stimmt jetzt ab!

Original-Videos: 
https://www.youtube.com/watch?v=DLMRaEjVVlc&ab_channel=FDP
https://www.youtube.com/watch?v=N54naqLfHP4&t=22s&ab_channel=FDP
https://www.youtube.com/watch?v=nigi7azGDGU&t=300s&ab_channel=funk

Flolgt mir auch auf Instagram:
https://www.instagram.com/plolitik/

-------------------------------------------------------------

Disclaimer:

Bei diesem Video handelt es sich um einen Zusammenschnitt, eine Parodie, bzw. YouTube Kacke.
Zweck des Videos ist die Abstraktion einer Originalquelle als unterhaltsame Auseinandersetzung mit dem politischen Geschehen, nicht die Beleidigung real existierender Personen.


Gesetz über Urheberrecht und verwandte Schutzrechte (Urheberrechtsgesetz) 

UrhG § 51a Karikatur, Parodie und Pastiche

1 Zulässig ist die Vervielfältigung, die Verbreitung und die öffentliche Wiedergabe eines veröffentlichten Werkes zum Zweck der Karikatur, der Parodie und des Pastiches. 
2 Die Befugnis nach Satz 1 umfasst die Nutzung einer Abbildung oder sonstigen Vervielfältigung des genutzten Werkes, auch wenn diese selbst durch ein Urheberrecht oder ein verwandtes Schutzrecht geschützt ist.


Falls es dennoch Probleme mit in dem Video gezeigten Inhalten geben sollte, kontaktieren Sie mich bitte per E-Mail an plolitik7@gmail.com"
qye3H2GSPAs,"Wie liefen die letzten Videos? | Einen Fonds, den ihr noch nicht kennt | Gold | Riester | LIVE","Danke für euren Support!! Habe mich über besonders viele Live-Zuschauer gefreut. 

Geredet haben wir über folgendes:

0:00 Intro
4:15 Rückblick auf das Video über Berformance (Instagram Investment)
8:59 Rückblick auf das Video über Jens Rabe
17:03 Ich war im TV...
19:52 Beispiel für die Intransparenz der Versicherungsbranche
24:15 Ist die eigene (selbst genutzte) Immobilie eine gute Altersvorsorge
32:15 Größenordnung der Provisionen in Deutschland
37:36 Mal ein ganz anderer Fonds für euch?
41:57 Thema Gold...hohe Nachfrage der Zentralbanken
46:14 Reale Riester-Beispiele aus der Telegram-Gruppe
56:35 Tool-Tipp der Woche...Longtermtrends.net
1:01:39 Ökoworld AG übernimmt Strafen der Klimakleber und der Fonds schwächelt auch...

Hier könnt ihr mal in meinen Newsletter reinschauen: https://us9.campaign-archive.com/?u=33df8593a3c9d4cd11932bb74&id=5423ee75f0

Der angesprochene TV-Auftritt: https://www.ardmediathek.de/video/kaffee-oder-tee/zinsen-und-kreditkarten-das-aendert-sich-fuer-bankkunden/swr/Y3JpZDovL3N3ci5kZS9hZXgvbzE4NTA4Mjc

Der angesprochene Artikel von Gerd Kommer zu Immobilien: https://gerd-kommer.de/eigenheim-vs-weltportfolio/

Die beispielhafte Riester-Kalkulation: https://docs.google.com/spreadsheets/d/1XPRARzFoBkfHOhPePykh2NjT_Lr5YCnL9qXCxd7vYdU/edit?usp=sharing

Tool-Tipp der Woche: https://www.longtermtrends.net/

#live #finanzen #vermögen
---

Ich bin unabhängiger Honoraberater. Ich will euch nichts andrehen. Ich will euch nur aufklären. Deswegen gibt es hier auch keine ""Affiliate Links"". Ich versichere euch, dass ich ohne Interessenskonflikte informiere. 

Ich gehöre nicht zu den Hobby-Experten, sondern bin seit 1997 beruflich in der Finanzwelt aktiv. Studiert habe ich BWL mit Fachrichtung Finanzdienstleistungen. 

Früher habe ich in der Bank gearbeitet und bin nun seit 2014 selbstständig als unabhängiger Honorarberater tätig. Ich biete euch eigene Gedanken und Ideen zu vielen Themen der Finanzwelt. 

Ganz wichtig für euch: Als Honorarberater und Verbraucherschützer bin ich 100% unabhängig und unbeeinflusst. 

Hier wird also nichts verkauft, nur Wissen vermittelt. Für euch werfe ich einen 
scharfen Blick auf Produkte, Anbieter und Akteure. Ich warne euch auch vor Leuten, die es womöglich nicht so ehrlich meinen.

Investiert in Wissen - www.thomasbeutler.de

---

Weitere Kanäle von mir: 
Interne und exklusive Community bei Patreon: https://www.patreon.com/InvestiertinWissen
Podcast: https://pod.link/1541775699
Twitter: https://twitter.com/Thomas_Beutler
Instagram: https://www.instagram.com/thomas_beutler
Facebook: https://www.facebook.com/thomashbeutler
Telegram-Gruppe: https://t.me/investiert
Monatliche Infos ins Postfach: https://bit.ly/36a4PPZ"
Qs72QJ-yeTU,Das Wahlprogramm der Grünen – kompakt in einer Minute.,
zl7V3SldbI4,HIGHLIGHTS | Hertha BSC vs. Fortuna Düsseldorf 0:2 | Spitzenreiter!,"Die Fortuna ist zurück an der Tabellenspitze! Gegen die Hertha aus Berlin siegten die Rot-Weißen souverän mit 2:0. F95TV liefert Euch die Highlights vom 5. Spieltag, inklusive der Stimmen von Torschütze Dawid Kownacki und Torhüter Florian Kastenmeier.
________________
Daumen hoch und Kommentar hier lassen! Wir sind gespannt auf Euer Feedback!
Fortuna YouTube - Kanal abonnieren:
https://www.youtube.com/channel/UCQTvf-w4e_3XXIMd2LdDEdA?sub_confirmation=1

Fortuna Düsseldorf im Stadion hautnah erleben? Sichert euch jetzt Eure Tickets: tickets.f95.de
F95 Mitglied werden: tickets.f95.de
Fortuna Onlineshop: https://shop.f95.de/

Folgt Fortuna auf Social Media:
Facebook: https://www.facebook.com/fortunaduesseldorf
Twitter: https://twitter.com/f95
Instagram: https://www.instagram.com/f95/
WhatsApp: https://whatsapp.com/channel/0029VaXAMmVIXnloF5jdCq2V

Fortuna Düsseldorf App downloaden: 
Apple: https://itunes.apple.com/us/app/fortuna-d%C3%BCsseldorf-app/id1386725938?l=de&ls=1&mt=8
Android: https://play.google.com/store/apps/details?id=de.appsoluts.f95"
pGAo9jbetWA,Barfußwandern in Bad Bayersoien,"Der gebürtige Murnauer Martl Jung hat bereits barfuß die Alpen überquert. Nun bietet er Barfußwandertouren für jedermann an. Wir haben Martl begleitet und mit ihm über die Vorteile des Barfußlaufens gesprochen. Auf einem Barfußweg geht es mit Martl rund um den Bayersoiener See. Hier warten die unterschiedlichsten Herausforderungen für unsere nackten Füße. Vom Kieselstein bis zum Matschloch ist alles dabei. Martl Jung ist schon seit seiner Kindheit viel barfuß unterwegs. Er ist sich sicher: „Barfuß sieht man einfach mehr!“ Außerdem ist Barfußlaufen gesund für unseren Körper und den Geist. Eine Senudng rund um die Gesundheit unserer Füße.

Wer mehr über Martl Jung und seine Touren Erfahren möchte schaut am besten mal auf seiner Homepage vorbei

Mehr Infos zum Seerundweg Bad Bayersoien gibt es hier.


Jetzt abonnieren: http://bit.ly/AboMuenchenTV
Instagram: https://www.instagram.com/muenchen.tv
Facebook: https://www.facebook.com/muenchentv
Homepage: http://www.muenchen.tv"
NsSHTeRCdDo,Kayvan Soufi-Siavash: Oppositionelle erhalten Kontosperren! Reaktion auf Nachschlag 26,"Reaktion auf Nachschlag 26 von Paul Brandenburg mit Kayvan Soufi-Siavash und Dieter Dehm
Originalvideo: https://www.youtube.com/watch?v=8rEV0Fa8SsA

Rumble: https://rumble.com/user/Agitator_der_sozialen_Marktwirtschaft
Odysee (Erstkanal): https://odysee.com/@Imperator_der_sozialen_Marktwirtschaft:4
Odysee (Zweitkanal): https://odysee.com/@Die_sekund%C3%A4re_Agtation:7

Bosetti will predigen (Playlist): https://www.youtube.com/playlist?list=PLG-iIoB55Mr2ZdqEIgUvjjmsv3HTK4etR

Erstkanal: https://www.youtube.com/@AgitatorderMarktwirtschaft
Twitch: https://www.twitch.tv/agitator_des_marktes
Twitter: https://twitter.com/SozialeMW

  #Politik #Wirtschaft"
cPIVMJH7s_I,„Folge 28: Die Reitakademie-Palomino-Fels / Die…“ von Susanne Boetius · Hörbuchauszug,"BEI GOOGLE PLAY BÜCHER KAUFEN ►► https://g.co/booksYT/AQAAAEB8v1z_MM

Folge 28: Die Reitakademie-Palomino-Fels / Die Qual der Wahl (Das Original-Hörspiel zur TV-Serie)
Spirit · Buch 28
Verfasst von: Susanne Boetius, Simone Hanselmann und Thomas Karallus
Vorgelesen von Susanne Sternberg, Sarah Tkotsch, Olivia Büschken, Anna Amalie Blomeyer, Vivien Gilbert, Leonie Dubuc, Paul Lino Krenz, Kristian Kiehling, Josephine Martz, Julia Bautz, Nicolas Rathod, Philipp Stiegemann, Lea Kalbhenn, Betty Förster, Anja Nestler, Ilka Willner, Kathleen Bauer, Annika Tenter, Martin Bergmann, Nando Schmitz, Ronja Peters, Jane-Lynn Steinbrunn, Katie Okwuazu, Isabella-Lara Ociepka, Garry Fischmann, Daniel Kröhnert und Gregor Knop

0:00 Intro
0:03 
3:22 
5:03 Outro

#susanneboetius #folge28diereitakademiepalominofelsdiequalderwahldasoriginalhörspielzurtvserie #spirit28

—
GOOGLE PLAY BÜCHER

Bei Google Play Bücher findest du immer wieder tollen Lesestoff.

Google Play Bücher ist eine digitale Buchhandlung, die weltweit E-Books, Hörbücher, Comics und Mangas anbietet.  Du findest dort Buchempfehlungen, die auf dich abgestimmt werden.

iOS-App herunterladen: https://goo.gle/books-ios
Android-App herunterladen: https://goo.gle/books-android

—
BUCHBESCHREIBUNG

Die Reitakademie–Palomino–FelsnLucky, Pru und Abigail sind sehr aufgeregt, denn der erste Tag an der Reitakademie Palomino–Fels ist gekommen! Lucky ist ihr Ruf bereits vorausgeeilt und viele der neuen Mitschüler bewundern sie und möchten mehr von ihren Abenteuern erfahren.nnDie Qual der WahlnIn Palomino–Fels treffen Lucky, Pru und Abigail ausgerechnet auf das Trio aus dem Sommer–Freiluft–Camp. Bea und Alex kandidieren für das Amt des Galopp–Haus–Sprechers und auch Lucky lässt sich überreden, zu der Wahl anzutreten.

—
DETAILS ZUM HÖRBUCH

Bei Google Play Bücher kaufen ►► https://g.co/booksYT/AQAAAEB8v1z_MM
Sprache: Deutsch
Verlag/Publisher: Edelkids
Veröffentlicht am: 18. März 2022
Dauer: 0 Std., 48 Min.
Genres: Jugendliteratur (Belletristik) / Spielzeug, Puppen & Marionetten"
nSkEwMwJEnk,Neujahrsappell für Deutschland: 2024 wird unser Jahr! | Ein Kommentar von Gabrielle Mailbeck (AfD),"2024 – Ein Jahr der Entscheidung für Deutschland. Hart arbeitende Bürger stehen am finanziellen Abgrund,  die Zukunft unserer Kinder ist ungewiss. Das neue Jahr ist ein Kampf um Freiheit und Sicherheit! 

Ein Kommentar der DeutschlandKURIER🇩🇪-Kolumnistin Gabrielle Mailbeck.

Unsere App bekommen Sie hier: 

App-Store: 
https://apps.apple.com/us/app/deutschlandkurier/id6447972597

Play-Store:
https://play.google.com/store/apps/details?id=de.deutschlandkurier.newsapp

Besuchen Sie auch die DK-Seite im Netz: https://deutschlandkurier.de/

Aktueller DeutschlandKURIER 🇩🇪 -Buchtipp: https://www.kopp-verlag.de/Durchs-irre-Germanistan.htm?websale8=kopp-verlag&pi=BA8EBDB7&ci=%24_AddOn_%24

Bitte folgen Sie dem Deutschland-Kurier 🇩🇪 auch auf ➠ 

Telegram:               https://t.me/DEKurier
Facebook:               https://www.facebook.com/DK.Nachrichten
Instagram:              https://www.instagram.com/deutschlandkurier/
TikTok:                    https://www.tiktok.com/@deutschland.kurier
Gettr:                       https://www.gettr.com/user/deu_kurier
Twitter:                    https://twitter.com/Deu_Kurier
Odysee:                   https://odysee.com/$/invite/@deutschlandkurier:2
Telegram Video:    https://t.me/DeutschlandKURIERVideo

#Wende #Alternative #Landtagswahlen"
02rTPis0GiU,Hoffnung in Nahost | BR24,"Ab Sonntag sollen im Gaza-Krieg die Waffen schweigen. Nach monate-langen Verhandlungen haben sich Israel und die radikal-islamische Hamas auf einen Waffen-Stillstand und die Freilassung israelischer Geiseln geeinigt. Könnte dieser Deal ein erster Schritt in Richtung eines Kriegs-Endes in Gaza sein?
Bayerischer Rundfunk: http://www.br.de

Bayerischer Rundfunk: http://www.br.de

Hier geht es zu unserer BR24-Website: http://www.BR24.de 
BR24-Facebook: http://www.facebook.com/BR24/ 
BR24-Twitter: http://twitter.com/BR24 
BR24-Instagram: http://www.instagram.com/BR24"
JjVq-0JljXQ,Gute alte Fernsehwerbung. Michael Mittermeier bei Olafs Klub | MDR SPASSZONE,"Während der Pandemie-Monate hatte Michael Mittermeier sehr viel zeit , um mit seiner Tochter Lilli durch die Fernseh-Kanäle zu zappen #zapped. Dabei ist ihm aufgefallen: Es gibt sie immer noch, diese bescheuerte Werbung für bescheuerte Produkte #capriSun. Und diese manngemachte Werbung für Tampons. Und dann gibt es noch echt bescheuertes, echtes Fernsehprogramm. #GNTM 

Michael Mittermeier feiert bei uns ein bisschen ein Jubiläum: vor 25 Jahren ging er mit ""zapped"" auf Tour. Prost! 

https://www.instagram.com/mdrspasszone/?hl=de
https://www.facebook.com/MDRspasszone/"
