video_id,transcript,status
caAut2xIL7U,,Kein Transkript
HrKcwR4bQAo,,Kein Transkript
iJRAqtAJxYQ,es ist eine von mehr als 180 Raketen die am Dienstagabend aus Iran Richtung Israel abgefeuert werden darunter laut iranischen Angaben auch erstmals hyperschallraketen die die israelische Luftabwehr durchbrechen im ganzen Land ertönt Luftalarm Millionen Menschen suchen Schutz am späten Abend dann die Entwarnung durch das israelische Militär es gehe keine Gefahr mehr vom Iran aus während die Menschen dort den Angriff feiern spricht Israel Vergeltung Iran hat heute einen großen Fehler begangen und wird dafür bezahlen das iranische Regime hat noch nicht verstanden mit welcher Entschlossenheit wir uns selbst verteidigen und gegen unsere Feinde zurückschlagen Unterstützung dafür kommt aus den USA mein Engagement für die Sicherheit Israels ist unerschütterlich und lassen sie uns klarstellen der Iran stellt nicht nur eine Bedrohung für Israel da sondern auch eine Bedrohung für das amerikanische Personal ische Interessen und unschuldige Zivilisten in der gesamten Region wie die israelische Antwort aussehen soll werde im Moment aktiv diskutiert so US-Präsident Joe Biden während der Iran bereits vor einer stärkeren Attacke warnt sollte Israel zurückschlagen,OK
Rpvhhmt2SS0,"14. Mai 1948. Jubel auf den Straßen Tel Avivs  Es ist ein Tag, der die Geschichte im Nahen Osten verändert.  Medinat Israel, Medinat Israel  Die Juden haben ihren ersehnten eigenen Staat – doch als der nächste Tag anbricht, jagen plötzlich ägyptische Kampfflugzeuge über Tel Aviv.  Sechs arabische Nachbarstaaten überfallen die junge Nation. Sofort nach Ausrufung des noch, vermeintlich, schwachen Staates greifen die Armeen nahezu gleichzeitig an.  Das jüdische Volk hat im Laufe der Geschichte viel Leid erfahren, was natürlich im zweiten Weltkrieg seinen Höhepunkt fand, und dann haben wir es geschafft,  aus der Katastrophe heraus einen funktionierenden Staat zu erschaffen, und auch dieser Staat wurde von Anfang an von feindlichen Kräften bedroht.  Sie haben versucht, uns zu vernichten. Die Frage des Überlebens ist also allgegenwärtig. Schon der Weg bis zur Gründung des Staates Israel war von Kämpfen geprägt.  Doch seit der Staatsgründung ist Israel ständig von außen durch Terror und Kriege bedroht.  Im Inneren drohen radikale Kräfte, das Land zu spalten. Die Nation kommt nicht zur Ruhe – bis heute Es ist ein Land, das es ohne ihn vielleicht nie gegeben hätte ... Theodor Herzl, ein Österreich-Ungarischer Journalist, erkennt Ende des 19.  Jahrhunderts, dass die Juden seit Jahrhunderten, nicht allein wegen ihrer Religion verfolgt werden, sondern eine bedrohte Nation sind. Eine Nation ohne eigenes Land. Theodor Herzl war einer jener assimilierten Juden aus dem Bürgertum, die zwar lange an diese Idee geglaubt haben, dass man sich integrieren könnte,  und dann aber auch in den 1870er Jahren, als durch die Rassenlehre der Antisemitismus aufkam, hat auch Theodor Herzl seine Ansichten nach und nach geändert und zu dem Schluss gekommen ist,  schlussendlich gibt es keine Hoffnung für eine wirkliche Integration, eine wirkliche Anerkennung. Wir brauchen unseren eigenen Staat. Wenn wir als Volk weiter bestehen wollen. 1897 gründet sich in Basel die Zionistische Weltorganisation mit Theodor Herzl als Vorsitzenden- benannt ist sie nach dem Berg Zion in Jerusalem. Das Ziel der Zionisten ist eine jüdische Besiedlung in der damals noch osmanischen Provinz Palästina. In Palästina leben um das Jahr 1900 etwa 500 000 Araber, die schon seit Jahrhunderten hier ihre Heimat haben.  Sie leben zu dieser Zeit in Frieden zusammen mit 10 000 Juden und anderen Religionsgruppen. Wir lebten hier in Frieden zusammen. Selbst wenn man in den frühen 20er-Jahren Land an einen Juden verkaufte, war das keine Bedrohung oder ein Verrat an dem Land. Sie waren Teil der Gemeinschaft. Wir hatten hier drei, vier jüdische Dörfer. Und niemand hat sie damals angegriffen.  Im Jahr 1905 fliehen russische Juden vor Pogromen im Zarenreich in das zionistische Palästina. Die erste von mehreren großen Einwanderungswellen. Um im Ersten Weltkrieg die zionistischen Juden in aller Welt für die englische Seite zu gewinnen, stellt der britische Außenminister Lord Balfour    1917 dem jüdischen Volk in einer Deklaration die ersehnte Heimat in Palästina in Aussicht. Für viele Juden scheint das wie ein Versprechen, als 1922 Briten und Franzosen den arabischen Teil des osmanischen Gebietes vorerst unter sich aufteilen.  Die Briten  sind nun die neuen Herren in Palästina. Die  Balfour-Declaration lockt neue Einwanderer ins Land.    Die zionistischen Siedler arbeiten in handwerklichen oder landwirtschaftlichen Gemeinschaften und kaufen nun immer mehr Land von den ansässigen Arabern.  Die Araber fühlten sich von Anfang an von den Juden bedroht, die in das Land kamen, obwohl diese noch eine Minderheit waren und keine wirkliche Bedrohung darstellten.  Aber die Menschen die hier ankamen, meinten, dass dies ihr Land war, und das weckte auf der anderen Seite natürlich den arabischen Widerstand.  1933. Die Nazis kommen an die Macht. Nun flüchten auch immer mehr deutsche Juden. Darunter viele Künstler, Architekten, Wissenschaftler. 30.000 gehen nach Palästina. Viele nach Tel Aviv. Die erst 1908 gegründete Stadt wächst in den 1930er Jahren zu einer Metropole mit 150000 Einwohnern heran.  1936 kommt es zu einem arabischen Aufstand gegen britische Besatzer und jüdische Siedler – überall greifen Araber jetzt Juden an. Die Briten reagieren und schicken Truppen nach Palästina.  Die Unruhen fordern auf arabischer Seite 3000 Tote – die Briten haben 600 und die Juden zweieinhalbtausend Opfer zu beklagen.  Die Briten versuchen nun erstmalig, die Einwanderung zu stoppen. Sie wollen Ruhe im Land und auch die arabischen Nachbarn nicht auf die Seite Nazideutschlands bringen.   Die einzige Möglichkeit für Juden war, in dieser Zeit auszuwandern..., aber niemand wollte die Juden wirklich. Also war der einzige Ort, wo man hingehen konnte, Palästina.   Aber in Palästina wollten die Briten die Juden auch nicht mehr,trotz der Balfour-Declaration, denn sie wussten, dass ein Krieg kommen würde und sie brauchen die Araber als Verbündete. Selbst im Zweiten Weltkrieg beschränken die Briten die Einreise. In einer Zeit, in der die Deutschen in ihrem Machbereich fast 6 Millionen europäische Juden ermorden.   Nur wenigen gelingt vorher noch die Flucht – so wie Ruth Westheimer. 1939 schicken ihre Eltern sie in die Schweiz.  Das war sehr traurig, weil ich nicht gewusst habe, aber ich habe geglaubt, dass ich meine Eltern wiedersehe. Ich habe nie geglaubt,  dass ich ein Waisenkind geworden bin. Am 5. Januar 1939, wie ich am Zug war in Frankfurt Main, um mit dem Kindertransport in die Schweiz zu fahren.  Ich hätte nie geglaubt, dass ich ein Waisenkind werde und die Eltern nie mehr sehen würde. Ruth Westheimers Eltern überleben den Holocaust nicht. Der 8. Mai 1945. Der zweite Weltkrieg ist vorbei. Die Menschen feiern den Sieg über die Nazi-Barbarei. Wir kamen im Sommer 47 in Palästina an. Der erste Eindruck war sehr bedrohlich. Ein britischer Fallschirmjäger nahm mir meine Puppe weg.  Ich hatte eine große Puppe, und sie suchten in ihrem Kopf nach irgendetwas, und meine Mutter sagte: Oh Gott, wo sind wir nur hingekommen? Das Klima war seltsam, die Menschen. Alles war seltsam. Die Neuankömmlinge aus Europa treten meistens in die Hagana ein – einer Untergrundmiliz.  Die jungen Männer und Frauen kämpfen nun nicht mehr allein gegen die Araber, sondern nun auch immer häufiger gegen die Briten.  Ich war Scharfschütze, ich war ein Sniper, ich war in der Hagana, das war der underground von der von der israelischen Armee.  Ich habe aber noch nie jemand getötet, Gott sei Dank, aber wenn es sein hätte müssen, hätte ich es gekonnt.  Jüdische Terroristen jagen 1946 das Hauptquartier der Briten in Jerusalem in die Luft. 91 Tote, zahlreiche Verletzte. Briten und Juden.  In Großbritannien zeigt der Kampf ums Heilige Land Wirkung – die Kolonialmacht will raus aus Palästina – möglichst schnell. Sie sagten sich „warum brauchen wir überhaupt diesen Ärger in Palästina?“ Und im Februar 47 entschloss sich das britische Kabinett, Palästina zu verlassen  Im April 1947 schieben die Briten das Problem Palästina der UN zu. Eine internationale Kommission empfiehlt, das Gebiet zu teilen in einen jüdischen und einen arabischen Staat.  Am 29. November 1947 kommt der Plan zur Abstimmung vor die UN. Juden in aller Welt und besonders in Palästina verfolgen die Bekanntgabe des Ergebnisses. Danach bricht Jubel aus: 33 Ja-Stimmen gegen 23 Nein-Stimmen und Enthaltungen. An diesem Tag steht fest: Die Juden bekommen ihren Staat.  Es war Freitagnacht und meine Mutter hat mich geweckt, damit ich mich später daran erinnere, dass in dieser Nacht der jüdische Staat entstand. Die jüdische Bevölkerung feiert im ganzen Land. Die Araber dagegen lehnen den Teilungsplan ab. Bis in die zwanziger Jahre hinein hatten die Juden nur 3 Prozent des Landes besessen. Den größten Teil des Landes an das jüdische Volk zu geben,  war also etwas, das man nicht akzeptieren wollte, aber einige sagen heute rückblickend, dass wir das vielleicht hätten akzeptieren sollen.  14. Mai 1948. Ben Gurion ruft den Staat Israel aus.  Alle waren so glücklich – denn in diesem Moment entstand nun wirklich der so lange ersehnte jüdische Staat. Die Antwort der Araber auf die Staatsgründung folgt am nächsten Tag. Eine Allianz von sechs Staaten greift an.  Sie wollten die Juden vertreiben. Sie sagten, sie wollten die Juden ins Meer werfen, aber das gelang ihnen nicht. Es gelingt es der zahlenmäßig unterlegenen israelischen Armee, ihre Feinde an fast allen Fronten zurückzuschlagen. Wie waren motivierte Kämpfer. Wir haben hier nun einmal eine kleine Gemeinschaft von Menschen, die an ihre Sache glaubt.  Sie kämpft dazu mit dem Rücken zur Wand und ist viel besser organisiert und ausgebildet.  Nur Jerusalem können die Israelis nicht erobern. Die Konfliktparteien beschließen 1949 einen Waffenstillstand. Das israelische Territorium hat sich im Vergleich zum UN Teilungsplan um ein Drittel vergrößert.  Das Westjordanland geht an das Königreich Jordanien, der Gaza an Ägypten, Palästina verschwindet von der Weltkarte.  Viele Palästinenser verlieren während des Krieges Besitz und Heimat. Bis heute nennen sie das die Nakba- die Katastrophe.  Die Nakba ist kein Mythos, sie ist Realität. Etwa 700 000 Palästinenser sind aus dem Land geflohen, einige von ihnen aus eigenem Antrieb,   weil sie Angst hatten. Andere wurden von jüdischen Truppen vertrieben.  Mein Onkel und meine Tante mussten mit einem Gewehr am Kopf ihr Haus verlassen.  Das große Trauma bis heute: die Israelis lassen die Geflüchteten nicht immer zurück.  Warum wollten wir zurückkehren? Weil unser Eigentum noch dort war und wir dort Verwandte hatten.   Jaffa war die Stadt meiner Familie, ich bin dort geboren, aber eine Rückkehr unmöglich. Für Juden dagegen stehen nun nach Gründung des Staates Israel endlich alle Grenzen offen. Und sie kommen in Strömen.  Die jüdischen Flüchtlinge, die aus Europa und aus dem Mittelmeerraum kamen, bekamen das Land der Araber, sie bekamen die Häuser, sie bekamen alles.  Tatsächlich hat eine Bevölkerung eine andere Bevölkerung ersetzt. Das ist, was passiert ist.  Frühjahr 1967. Nach wenigen Jahren des Friedens kommt es von den syrischen Golanhöhen aus zu Angriffen auf israelische Siedlungen in Nordisrael.  Der ägyptische Präsident und sein syrischer Amtskollege sprechen offen von einem bevorstehenden Krieg gegen Israel. Es herrschte große Angst, vor allem, weil die Erinnerung an den  Holocaust in der israelischen Psyche noch sehr präsent war,  und das Ergebnis war, dass die Angst vor der Vernichtung in der israelischen Bevölkerung sehr, sehr stark war.  Ich erinnere mich, wie mein Vater sagte, wir haben uns hier ein gutes Leben aufgebaut, und sie wollen alles zerstören.  Doch zur Überraschung der Welt und vor allem auch der Ägypter kommt es ganz anders.   Ohne die Zustimmung der Amerikaner einzuholen, beschließt Israel einen Überraschungsangriff seiner Luftstreitkräfte.  Am 5. Juni 1967 zerstört die israelische Luftwaffe innerhalb weniger Stunden mehr als 400 Flugzeuge der Ägypter bereits am Boden.  Danach rücken israelische Bodentruppen mit 70 000 Soldaten und 700 Panzern gegen die ägyptischen Stellungen vor.  Sie besetzen den Gaza-Streifen und den Sinai. Bereits am Ende des ersten Tages stehen die ägyptischen Truppen am Rande der Niederlage. Im Osten greift Israel Jordanien an und erobert die Altstadt von Jerusalem. Ich gehörte zu dieser Truppe in in Jerusalem. Für Menschen, die religiös sind, war es ein Wunder.  Es ist der erste Schritt zum Kommen des Messias. Sie sahen es plötzlich als ihre politische Aufgabe, den göttlichen Befehl auszuführen. Die beiden Befehlshaber Ytzak Rabin und Mosche Dajan besuchen noch in den Kriegstagen die Klagemauer. Nach 19 Jahren Teilung besitzen die Israelis wieder ganz Jerusalem. Moshe Dajan nimmt mit seinen Soldaten im Handstreich auch das ganze Westjordanland und die syrischen Golanhöhen ein.  Die Araber wurden vollständig besiegt. Israel expandierte um die neunfache Größe -  auf die Golanhöhen, in das Westjordanland, in den Gazastreifen und auf die Sinai-Halbinsel.  Wir wurden über Nacht zu einer Großmacht, aber ich denke manchmal, dass diese Euphorie, die auf den Sechstagekrieg folgte, ein sehr schädliches Element in der israelischen Psyche war, weil wir plötzlich das Gefühl hatten, dass wir in der Lage sind, alles zu tun, was wir wollen, und das war keine gute Sache! Ein Teil der Israelis befindet sich nach der Einnahme der heiligen Stätten in einem religiösen Taumel - einige werden zu politischen Rechtsnationalisten.  Unser größter Sieg. Der 67er Krieg ist zugleich unser größtes Unglück, weil die Besetzung Jerusalems,   die Besetzung des Westjordanlandes die schlafenden Teufel des jüdischen Messianismus geweckt hat.  Für die religiösen Nationalisten ist die Einnahme des antiken Israels der Vorväter von Gott gewollt.  Bereits ab März 1968 ziehen die ersten messianischen Zionisten ins gerade erst besetzte Westjordanland. Israel ist nun getragen vom sicheren Gefühl der militärischen Überlegenheit. Wir können jetzt alles schaffen, und wir sind ein starkes Volk, wir haben einen starken Staat. War man dann auch etwas vielleicht verblendet von dem Problem,  was man sich damit schafft, dass man das besetzte Land eben nicht sofort zurückgibt, und mit dem Problem, dass dann 1973 an Yom Kippur  direkt der nächste Überraschungsangriff erfolgt ist, und das war ein Krieg, der nicht so gut ausging für die Israelis.  Am höchsten jüdischen Feiertag Jom Kipur, überraschen ägyptische und Syrische Einheiten die israelische Armee vollständig. Es ist der Versuch, die Schande von 1967 auszugleichen.  Doch auch diesmal gelingt es den Israelis, die Ägypter und die Syrer zurückzuwerfen, allerdings unter hohen Verlusten. Aber dank dieses Krieges und der Gefahr, die wir spürten, schlossen wir Frieden mit den Ägyptern.  Das hat ihre Schmach getilgt, nachdem wir den Krieg gewonnen hatten. 26. März 1979. Es ist ein historischer Moment: Ägypter und Israelis schließen Frieden – unter Vermittlung von Israels-Schutzmacht, den USA.  Für den Staat Israel ist das das Ende einer Bedrohung. Und Ägypten erhält die Halbinsel Sinai zurück.    Die arabischen Staaten sind nicht länger eine Bedrohung. Wir haben Frieden mit Ägypten, mit Jordanien, mit den Golfstaaten, mit Marokko und so weiter.  Das Einzige, worauf es aber heute ankommt, ist der Frieden mit den Palästinensern - wir brauchen Frieden mit ihnen -   und um den Frieden mit den Palästinensern zu erreichen, muss man die Besetzung beenden. Doch die Besetzung und der illegale Siedlungsbau gehen weiter.  Heute leben fast 700 000 Israelis im Westjordanland - Tendenz steigend, die Palästinenser dagegen haben das Nachsehen. Die Israelis sehen überhaupt nicht, dass unsere Nakba, unsere Katastrophe immer noch andauert.  Zum Beispiel können wir überhaupt nicht reisen. Jeder Israeli hat einen oder sogar zwei Pässe. Sie können um die ganze Welt reisen, und sie brauchen meist kein Visum. Wir haben das nicht, und so können wir uns seit 1948 nirgendwo hinbewegen.  Zudem haben die Israelis Sperranlagen an der Grenze zum Palästinenser-Gebiet errichtet.  Unter anderem soll eine bis zu neun Meter hohe Mauer vor Terroranschlägen schützen, die in den 1990er Jahren noch hunderte Opfer im israelischen Kernland forderten, Trotz Mauer ist die terroristische Bedrohung auch heute noch allgegenwärtig. Immer wieder kommt es zu Anschlägen. Gleichzeitig ist Israel von terroristischen Gruppen jenseits seiner Grenzen bedroht. Von der schiitischen Hisbollah aus dem Libanon und der palästinensischen Hamas im Gaza-Streifen.  Beide radikalislamische Gruppen verfügen über Raketen, mit denen sie Angst und Schrecken in israelischen Städten verbreiten. Unterstützt und gefördert von Israels wohl größten und gefährlichstem Feind, der islamischen Republik Iran Iran hat eine Rüstungskooperation mit Russland, arbeitet an einem Atomprogramm und verfügt über weitreichende Raketen.  Trotz des Friedens mit einigen seiner Nachbarn: Noch immer ist Israel ein bedrohter Staat. Der Iran ist definitiv für Israel das größte Sicherheitsproblem im Moment also, seit der damalige Staatspräsident zur Zerstörung Israels aufgerufen hat.  Das ist auch in Israel sehr, sehr stark in den Medien diskutiert worden, damals steht das immer auf der Agenda dieses „werden wir durch den Iran angegriffen.“  Heute sehen allerdings viele Israelis die größte Bedrohung ihres Landes in ihrer eigenen Regierung. Die ultrarechtsnationale Koalition möchte den Siedlungsbau im Westjordanland weiter vorantreiben  und gleichzeitig das höchste Gericht als letzte Kontrollinstanz des Parlaments entmachten. Dagegen regt sich hunderttausendfacher Protest. Ich bin besorgt über die innere Lage. Was wir sehen, ist der Versuch einer Regierung, die Grundregeln der israelischen Demokratie zu ändern. Und aus diesem Grund hat sich eine sehr starke Bürgerbewegung gegen diese Gefahr formiert. Allein in Tel Aviv gehen jede Woche fast 200 000 Menschen auf die Straße,  und protestieren gegen die geplante Verfassungsänderung durch die ultra-religiösen Rechtsnationalen. Wenn ich meinen Großeltern gesagt hätte, dass es eines Tages einen Staat Isreal geben würde und wir eine Großmacht sein würden, hätten sie mir wahrscheinlich nicht geglaubt.  Auf der anderen Seite haben wir auch den religiösen Geist aus der Flasche gelassen. Denn wir haben den Fanatikern freien Lauf gelassen. Und das setzt ein großes Fragezeichen hinter die Zukunft dieses Landes. Ich denke, dass Israel weiter bestehen wird. Aber was für ein Israel muss es in Zukunft sein, damit Menschen wie ich hier noch leben können? Das ist die große Frage Israel, eine Heimat für heute unter anderem über 7 Millionen Juden. Gelobtes Land, bedrohter Staat, und das immer noch. Nach so vielen Jahren. Was denkt ihr? - Wird Israel jemals zur Ruhe kommen? Schreibt es gerne unten in die Kommentare. Und wenn Euch das Video gefallen hat, lasst ein Abo da.
 ",OK
ROiUxdlvkOA,tausende Menschen darunter auch Holocaust Überlebende haben sich in Auschwitz am Marsch der Lebenden beteiligt bei der jährlichen Veranstaltung wird der Opfer des durch die deutschen begangenen Völkermordes an der jüdischen Bevölkerung Europas während des Zweiten Weltkriegs gedacht in diesem Jahr wird gleichzeitig der 80 jahrestag des Aufstandes im Warschauer Ghetto begangen anlässlich des Holocaust Gedenktages wurde in Israel eine Schweigeminute abgehalten der Verkehr kam in diesem Augenblick zum Erliegen die Bevölkerung hielt inne um der Opfer zu gedenken [Musik] [Musik] in der Gedenkstätte Jagd war schämennamen Israel Staatsoberhaupt jetzt seit Herzog und Ministerpräsident Benjamin netanjahoo an einer Gedenkveranstaltung und einer Kranzniederlegung teil,OK
CczY--Kwft4,"Gehen wir gleich weiter. Aus München zugeschaltet ist jetzt der Professor für Zeitgeschichte Michael Wolfson. Herr Wolfson, ich grüße Sie. Guten Tag. Inwiefern kann man denn von einem möglichen Kurswechsel sprechen, wenn die Bundesregierung bis auf weiteres keine Ausfuhren von Rüstungsgütern mehr nach Israel genehmigen will. Zumindest die, die im Gasstreifen zum Einsatz kommen könnten. Gegenfrage: Kann man das unterschreiben zwischen dem, was im Gasstreifen zum Einsatz kommt und dem, was nicht zum Einsatz kommt? Punkt 1. Punkt 2 darf man nicht die Größenordnungen vergessen. Die Zahl von 480 Millionen Euro, die ihr Korrespondent eben genannt hat, die deutschen Waffenlieferungen seit 2023 Oktober betreffend, sind im Vergleich zu all dem, was ausgegeben worden ist und doch ausgegeben wird, ein Klaxs. Mit anderen Worten, das ist mehr Symbolpolitik, zumal offenbar vergessen wird, dass auch die Bundesrepublik Deutschland in drei Bereichen von israelischem Militär oder Militärwissen betroffen ist, nämlich erstens Antiraketenraketen, zweitens Drohnen und drittens im Antiterrorkampf vor allem die Prävention. Also so zu tun, als ob es sich hier um eine Einbahnstraße handel. ist absolut falsch. Und an heutig Tag ist ja auch beschlossen worden, dass es den nationalen Sicherheitsrat in Deutschland geben wird. Der ist dringend notwendig, weil diese Entscheidung strategisch überhaupt keinen Sinn macht. Mhm. In wie Fall ist denn auch davon auszugehen, dass die Bundesregierung sich da dem öffentlichen Druck hier zulande beugt? Zuletzt hatte es ja auch einen offenen Brief von mehreren hundert Prominenten an den Bundeskanzler gegeben. Das ist eben die Frage, ob man äh dem Druck von nichtwissenden und nur empörten, was nicht gegen deren Menschlichkeit spricht, nachgibt oder strategische Interessen. Denn wenn es jetzt zu einem Waffenstillstand käme, würde das doch bedeuten, dass die Hamas im Gazastreifen wie vor dem 7. im Oktober 2023 den Gazastreifen beherrschen würde. Das wäre so als ob 1945 die Siegermächte mit Deutschland einen Frieden geschlossen hätten und nicht darauf bestanden hätten, dass die Nationalsozialisten von der Macht zurückzutreten hätten. Also kurz und wenn man sagt gegen das Vergessen, da muss man sich daran erinnern, wie man vernünftige Voraussetzungen schaffen kann. für das Erreichen der Freiheit, der Freiheit der Palästinenser und der Freiheit der Israelis vor der ständigen Bedrohung durch die Hamas, wie bereits gehabt im Oktober 2023 und eigentlich seit 2007, also dem ständigen Raketenbeschuss. Mit anderen Worten, es fehlt hier die absolute Fähigkeit strategisch zu denken in der Bundesrepublik. Mm. Könnte das deutsch-raische Verhältnis auch unter dieser Entscheidung leiden? Nach dem Motto auf der einen Seite sagt ihr, die Sicherheit des israelischen Staates ist Staatsraon in Deutschland und dann kommt so eine Entscheidung. Das war doch immer schon im Grunde genommen nur Phrasendrescherei, die durch nichts gedeckt worden ist. Was heißt hier Israels Existenz zu sichern durch die Bundeswehr, was im Grunde genommen die Bundeskanzlerin Angela Merkel im März 2008 formuliert hat, mit dieser maroden Bundeswehr geht es doch gar nicht. Das war alles im Grunde genommen nur für die Selbstdarstellung. Aber und wenn wir uns das Verhältnis zwischen Israel und Deutschland ansehen im Bezug auf die deutsche Öffentlichkeit ist das Verhältnis zu Israel seit Jahrzehnten katastrophal. Die jeweiligen Koalitionen haben noch aus äh Rationalität, nämlich den drei Gründen, die ich genannt habe, das Verhältnis zu Israel gekittet. Nicht zuletzt auch der deutschen Wirtschaft wegen, die auf israelisches IT-Wissen angewiesen ist und das entzieht sich dem Wissen der Öffentlichkeit, die Druck ausübt. Also beispielsweise Prominente, die von all diesen Dingen gar keine Ahnung haben. Druck ausüben. Druck ist natürlich in der Demokratie wichtig in Bezug auf die künftigen Wahlen, aber so kann man keine strategische Politik gestalten, sagt Professor Wolfsohn. Vielen Dank für dieses Gespräch. Danke schön.",OK
lNmThCa0khk,[Musik] Jubelstimmung am Straßenrand in Tyros am Mittwoch nach dem in krafttreten der Waffenruhe zwischen Israel und der radikal islamischen Hisbollah kehrten am Morgen zahlreiche Menschen in die historische Stadt im Süden des Libanons zurück auch Freudenschüsse waren am Vormittag in Tyros zu hören in den südlichen Vororten der Hauptstadt Beirut feierten Unterstützer der vom Iran unterstützten Hisbollah Miliz die Vereinbarung die von den USA und Frankreich vermittelte Waffenruhe hatte um 4 Uhr früh Ortszeit sie soll für 60 Tage gelten und zu einem dauerhaften Waffenstillstand führen an die Bewohner der Grenzdörfer im Süden appellierte die libanesische Armee am Mittwoch noch mit der Rückkehr zu warten laut US-Angaben wird Israel seine Truppen innerhalb von 60 Tagen schrittweise aus dem Südlibanon abziehen die libanesische Armee soll dann die Kontrolle über das Gebiet nahe der Grenze zu Israel übernehmen um sicherzustellen dass die hibollah ihre Infrastruktur dort nicht wieder aufbaue im Norden Israels wo Bewohner ebenfalls darauf warten in ihre Häuser zurückkehren zu können gab es Skepsis ob die Ruhe halten wird das ist wirklich sehr schlecht sie haben nichts getan und unsere Soldaten wurden für nichts vergeudet ich habe nicht darüber zu entscheiden ob der Waffenstillstand gut ist oder nicht was ich weiß ist dass die Kampagne irgendwann wieder aufgenommen werden wird es spielt keine Rolle ob das in Z Monaten Z Jahren oder 5 Jahren der Fall sein wird also können wir zumindest im Moment etwas Ruhe haben am Mittwoch schien die Waffenruhe weitgehend zu halten israel gab am Vormittag jedoch an Hisbollah Kräfte identifiziert zu haben die in grenznahe Gebiete zurückkehrten man habe das Feuer eröffnet um sie am näherkmen zu hindern,OK
SzxocYHh_OA,bei israelischen Angriffen im Gazastreifen und im Libanon sind offenbar dutzende Menschen getötet worden im Gazastreifen Staben am Sonntag morgen beim Angriff auf ein Haus in jabalia nach Meldungen der palästinensischen Nachrichtenagentur Wafa und hamasmien 32 Bewohner palästinensische Sanitäter berichteten dutzende Menschen seien bei dem Angriff getötet und verletzt worden Israel bekräftigte es habe Truppen nach jabaliaia und beanun im Norden des gazreif entsand um gegen hamaskämpfer vorzugehen hunderte Extremisten seien bislang getötet worden unabhängig überprüfen lassen sich die Angaben beider Seiten nicht die Bemühungen um eine Waffenruhe im Gazastreifen sind nach wie vor festgefahren die radikalislamische Hamas will ein Abkommen zur Beendigung des Krieges und erst dann Geiseln austauschen während der israelische Ministerpräsident Benjamin netanahu auf sein Kriegsziel behaart die Hamas zu vernichten ichts eines seit Monaten erfolglosen Werbens um einen Kompromiss hat Qatar angekündigt als Vermittler erst dann wieder zur Verfügung zu stehen wenn beide Seiten Bereitschaft und Ernsthaftigkeit zeigten um die Gespräche wieder aufzunehmen,OK
uFnszTvg2t8,der Internationale Gerichtshof in Den Hag nicht zu verwechseln mit dem Internationalen Strafgerichtshof in Den Hag das machen leider einige Personen die keine Ahnung vom Thema haben wie z.B ein fakejournalist wie Tarik B Punkt hat in einer vorläufigen Anordnung entschieden was war passiert Südafrika ein doch sehr umstrittenes Land mit sagen wir mal so mit freundschaftlichen Beziehung zuur terroruppe Hamas hat im Zuge der Militäroperation Israel gegen die Terrorgruppe Hamas im Gazastreifen Israel des Völkermordes bezichtet des Genozids eine sehr perverse Anschuldigung gerade weil dieser Begriff des Völkermords so von israelischer Seite überhaupt definiert worden ist und Israel sich herausragend gegen Völkermord einsetzt kein Wunder der stat Israel ist ja ein jüdischer Staat und der größte Völkermord des letzten Jahrhunderts war die scho der hol ust dementsprechend dachte sich Südafrika was können wir am besten antisemitisches machen ja wir verklagen einfach Israel sie haben wohl nicht damit gerechnet dass Israel auch dieser Klage Beitritt und sich verteidigt dementsprechend kam es heute zu einer vorläufigen Entscheidung da ging es nämlich darum und das ist Kernelement des Vorstoßes Südafrikas es ging darum dass Israel seine Militäroperation einstellen soll was gleich bedeutend wäre der Hamas zum Sieg zu verhelfen denn die hat schon schätzungsweise 10.000 Terroristen verloren und angeschlossene Terrorgruppen und ist ziemlich am Ende weil sie ja auch den Norden des Gazastreifens verloren haben dort sind quasi alle Tunnel gesprengt worden und das ist auch die Grundlage der Hamas weiterin hat die Hamas Geiseln Zivilisten das sind Kriegsverbrechen wir dürfen auch nicht vergessen was am 7 Oktober passiert ist 1200 Menschen wurden brutalst abgeschlachtet vergewaltigt lebendig verbrannt Kinder wurden ermordet Menschen geköpft alles bewiesen also es werden natürlich gleich wieder irgendwelche Antisemiten ankommen und sagen gibt's keine Beweise für und Israel hat das selbstbritten das ist quatsch ich habe es gesehen die unveröffentlichen Aufnahmen wer was anderes behauptet ist einfach nur Antisemit um das auch mal einzuordnen also kam heute die Entscheidung und der Internationale Gerichtshof in Den Hag hat gesagt nein israel muss seine Militäroperation nicht stoppen israel hat das Recht auf Selbstverteidigung und Israel darf selbstverständlich die Heras bekämpfen und da kamen dann klagen ja aber was ist mit dem Genozid das Interessante ist dass in der Urteilsbegründung und wir gehen gleich auf ein paar Punkte ein ziemlich deutlich gesagt wird dass aktuell kein Genozid stattfindet es wird zwar gesagt israel muss aufpassen dass kein Genozid stattfindet es wurde angemahnt dass gewisse Politiker aus Israel sich ziemlich ekelhaft geäußert haben aber da wurde Israel auch wiederum gleich gelobt weil der Generalstaatsanwalt in Israel gegen diese Leute vorgeht und sagt nee nee wer Aufruf zum Hass verbreitet oder gegen Volksgruppen das ist nicht Bestandteil der israelischen Mentalität und das verstößt gegen Gesetze da gehen wir hart vor wurde gelobt durch den Internationalen Gerichtshof wird in der Öffentlichkeit nicht so wahrgenommen ich werde einige Quellen noch unten drunter verlinken Rechtsanwalt BOS aus Mainz hat das sehr kurzfristig gut juristisch eingeordnet beeindruckend und ansonsten werde ich noch wahrscheinlich die Tatz verlinken die hat das auch ganz gut eingeordnet also lass nicht verarschen ich habe ja auch dazu direkt was auf Instagram gepostet korrekte Einordnung ich habe auch z. Sabine leuuser Schnarrenberger zitiert unsere ehemalige Bundesjustizministerin die das auch recht juristisch betrachtet hat und jetzt schauen wir mal was wirklich gesagt worden ist und warum Südafrika so krachend verloren hat das ist zumindest meine Meinung man kann es natürlich auch anders beurteilen aber das Kernelement um das es Südafrika ging war das Verhindern von Kampf Handlung gegen die Hamas das war dreh und Angelpunkt der gesamtklage und das haben sie nicht gewonnen das ist natürlich jetzt in der Hauptsache weitergeht das ist selbstverständlich das kann sich aber auch hinziehen das kann auch ein zwei Jahre dauern denn bisher gibt es keine Belege oder wirklich handfeste Anhaltspunkte dass ein Genozid stattfindet und wichtig zu sagen dass Zivilisten ums Leben kommen das ist nicht Merkmal eines Genozids wenn man absichtlich Zivilisten umbringt um ein Volk damit zu vernichten das wäre ein Genozid aber das kann man Israel nun wirklich nicht vorwerfen ist mal ehrlich wir reden jetzt hier wenn wir von den Zahlen der Hamas ausgehen von 25 000 Menschen die getötet wurden davon ein sehr großer Anteil Hamas Terroristen oder islamischer Jihad aber auch natürlich aufgrund der Bevölkerung Zusammensetzung in Gazastreifen auch viele Minderjährige davon sind zumindest sagen wir mal die jüngsten definitiv unschuldig es gibt auch 16 17 oder 15-jährige Hamas Mitglieder die in Uniform rumlaufen und mit einer AK47 oder einen Raketenwerfer bedienen aber die Klammern wir mal aus die wir gehen jetzt mal davon aus Zivilisten sind keine legitimen Ziele und dementsprechend unschuldig ich würde sie auch niemals als schuldig definieren ich habe mal in einem Artikel gesagt und dazu stehe ich auch dass die Bevölkerung in Gaza damit ist natürlich die erwachsene Bevölkerung gemeint für was anderes unterstellt ist wahrscheinlich nur bösartig und will ablenken eine kollektive Verantwortung hat ich glaube das sieht aber auch jeder so und ich glaube das sieht auch der Internationale Gerichtshof in etwa aber wir gehen jetzt direkt mal rein was er so sagt ich habe das Dokument geöffnet natürlich auch schon ins Deutsch übersetzt und wir sind bei den Schlussfolgerung und Maßnahmen Punkt 75 der Gerichtshof kommt auf der Grundlage der vorstehen erwegungen zu dem Schluss dass die in seiner Satzung vorgesehenen Voraussetzung für die Anordnung einswiiger Maßnahmen erfüllt sind also sie erklären sich für zuständig israel hat sich dem eigentlich nicht unterworfen aber sieht sich dennoch daran gebunden ist natürlich auch ein ein taktisches Vorgehen damit man ihn nicht vorwerfen kann sie würden irgendetwas vertuschen ne die gehen damit sehr sehr offen um und haben auch die Dokumente vorgelegt und haben auch vieles zu Südafrika entkräftet schreiben Sie weiter ist es daherforderich dass der Gerichtshof bis zu einer endgültigen Entscheidung bestimmte Maßnahmen anordnet um die von Südafrika geltten gemachten Rechte zu schützen die der Gerichtshof für plausibel hält genau die Rechte die sie für plausibel halten und da hat Südafrika taktisch was schlaues gemacht damit sie nicht als die absoluten Verlierer da stehen sie haben einfach Floskeln reingebaut sie haben gesagt es darf kein Genozid stattfinden es dürfen keine Verbrechen stattfinden sie haben Definition des Genozids reingeschrieben aber das sind alles Sachen damit hat Israel überhaup kein Problem kein vernünftiger Mensch hat damit ein Problem dementsprechend bekommen sie da natürlich eine Zustimmung warum auch nicht ist aber nicht um das noch mal anzumerken dre und Angelpunkt des Antrags der Dreh und Angelpunkt des Antrags war das Stoppen der Kampfhandlungen damit ist äh Südafrika krachend gescheitert weil sie keine ausreichenden Beweise vorgelegt haben 76 der Gerichtshof erinnert daran dass er nach seiner Satzung befugt ist auf Maßnahmen hinzuweisen die ganz oder teilweise von den beantragten abweichen wenn ein Antrag auf einzweilige Maßnahmen gestellt wurde natürlich sie interpretieren und das ist im Sinne des Völkerrechtes und äh das ist auch richtig so im vorliegenden Fall stellt der Gerichtshof unter Berücksichtigung des Inhaltes der von Südafrika beantragt vorligen Maßnahmen und der Umstände des Falls fest dass die anzugebenen Maßnahmen nicht mit den beantragten identisch sein müssen klar man kann ja auch abweichend wer man braucht sicher nicht eingrenzen in seinem Antrag so 78 der Gerichtshof ist der Auffassung dass Israel in Anbetracht der oben beschriebenen Situation gemäß seiner Verpflichtungen aus der völkermordkonvention in Bezug auf die Palästinenser in Gaza alle in seiner Macht stehen maßnah ergreifen muss das ist ja natürlich richtig um die Begehung alle Handlung zu verhindern die in den Anwendungsbereich von Artikel 2 dieser Konvention fallen insbesondere also jetzt kommt die Definition des Genozids a Tötung von Mitgliedern der Gruppe B die Verursachung schwerer körperlichselicher Schäden bei Mitgliedern der Gruppe die vorsichtige zu von Lebensbedingungen für die Gruppe die darauf abzielen ihre physische Zerstörung ganz oder teilweise herbeizuführen und D die Verhängung von Maßnahmen zu verhindern von Geburten innerhalb der Gruppe zur Verhinderung von Geburten innerhalb der Gruppe der Gerichtshof erinnert daran dass diese Handlung in den Anwendungsbereich von Artikel 2 etc fallen also der Gerichtshof sagt damit nur und das ist normal es darf kein Genozid begangen werden Umkehrschluss ist hierbei aber auch wenn der gerichtshoff sagt es darf kein Genozid begangen werden ist offensichtlich keiner im Gange also Beispiel ein Gericht sagt du darfst diese Atombombe nicht sprengen ist die Atombombe zum Zeitpunkt dieser Aussage gesprengt nein natürlich nicht sonst könnte man sie ja nicht sprengen es ist eigentlich sehr einfach ich find es nur interessant dass viele das nicht begreifen das Gericht sagt in Punkt 78 dadurch verklausuliert aktuell findet nach Kenntnisstand des Gerichtes ist auch ganz wichtig nach Kenntnisstand des Gerichtes kein Genozid statt daher ermahnt das Gericht so sind sind die definitionspunkte für einen Genozid also macht das nicht betrifft übrigens beide Seiten wobei die Hamas sich daran nicht hält aber dazu kommen wir später 79 der Gerichtshof ist ferner der Ansicht dass Israel alle in seiner Macht stehenden Maßnahmen ergreifen muss um die direkte und öffentliche Aufforderung zum Völkermord an Mitgliedern der paläensischen Gruppe im gaserreifen zu verhindern und zu bestrafen vollkommen richtig das hat das Gericht vorher schon mal gelobt da gehen wir gehe ich ein bisschen weiter hoch so das war bei 73 und das ist jetzt nicht die Maßnahmen sondern das ist nur ein kleiner Ausflug in den oberen Bereich ich verlinke euch das auch noch der Gerichtshof erinnert an die Erklärung Israels dass es bestimmte Schritte unternommen hat um die Bedingung für die Bevölkerung in Gaza zu verbessern der Gerichtshof nimmt ferner zur Kenntnis dass der israelische Generalstaatsanwalt vor kurzem erklärt hat dass ein aufruch zur vorsätzlichen Schädigung von Zivilisten eine Straftat darstellt einschließlich des straftatsbestandes der Aufwiegelung und dass mehrere solcher Fälle von den israelischen Strafverfolgungsbehörden geprüft wden werden solche Schritte sind zwar zu begrüßen reichen aber nicht aus klar um die Gefahr eines nicht wieder zu gutmachenden Schadens zu beseitigen bevor der Gerichtshof seine endgültig Entscheidung in dieser Rechtssache trifft deswegen Mahn das Gericht an Haut da ein bisschen mehr drauf ihr habt ein paar wahnsinnige um zu erklären es gibt natürlich Leute die sind deppert in der israelischen Regierung und die äußern so unglaublichen Schwachsinn wie dass man Atombombe auf Gasa werfen soll und dass man sie alle ausrotten soll solche Spinner gibt's überall und da meint das Gericht an kriegt mal eure irren in Griff um es mal freundlich zu sagen so gehen wir wieder rein das war Punkt 79 also wurd noch mal aufgegriffen der Gerichtshof ist ferner der Auffassung dass Israel sofortige und wirksame Maßnahmen erkreifen muss um die dringend benötige Grundversorgung und humanitäre Hilfe zu ermöglichen um die schlechten lebensbildung der Palästinenser im Gasastreifen zu verbessern das ist richtig Israel macht da ja auch einiges und die Maßnahmen sind einigermaßen wirksam Problem ist und das sieht hoffentlich das Gericht auch aber das darauf wird man wahrscheinlich auch noch im weiteren Verfahren kommen dass die Hamas ganz massiv hil Lieferung behindert und auch cllaut dafür gibt es umfangreiche Belege und das ist ein Teil des Problems und Bevölkerung ist ja auch mittlerweile ziemlich angefressen über das Verhalten der Hamas die Medizin klauen und Lebensmittel und das dann auf dem Schwarzmarkt verticken und darauf dann ihre Finanzierung weiter sicherzustellen so 81 israel muss außerdem wirksame Maßnahmen ergreifen um die Zerstörung von Beweismaterial zu verhindern klar und die Sicherung von Beweismaterial zu gewährleisten das Zusam mit mutmaßlichen Handlung im Sinne von Artikel 2 und Artikel 3 der völkermordkonvention gegen Mitglieder der paläsensischen Gruppe in Gazastreifen steht klar wenn dort Straftaten begangen werden sollten also das Gericht sieht sie noch nicht sollten aber welche begangen werden dann darf Israel diese nicht vertuschen und darauf weiß das Gericht hin das war also auch ein Teil dieses südafrikanischen Antrags ist aber auch wieder eine dieser Selbstverständlichkeiten also begeht keine Verbrechen vertuscht keine Verbrechen geht damit offen um und kümmert euch um die Zivilbevölkerung de facto haben sie ein ein Teil Besatzungsstatus dementsprechend sind sie auch verpflichtet sich um die Zivilbevölkerung zu kümmern in der aktuellen Situation das sind alles flossgeln also nichts was in irgendeiner Weise strittig ist wo Israel sagt ne das machen wir nicht Israel hat damit überhaupt kein Problem 82 in Bezug auf die von Südafrika beantragt vorläufige Maßnahme dass Israel dem Gerichtshof einen Bericht über alle Maßnahmen vorlegen muss die zur Durchführung seines Beschlusses getroffen wurden erinnert der Gerichtshof daran dass gemäß Artikel 78 der Verfahrensordnung befugt ist die Parteien aufzufen Informationen zu allen Fragen im Zusammenhang mit der Durchführung der von ihm angegeben vorläufigen Maßnahme vorzulegen also sie müssen Rechenschaft ablegen dürfte wohl kein Problem sein in anbetrag der von ihm beschlossen besonders vorläufigen Maßnahmen ist der Gerichtshof der Auffassung dass Israel dem Gerichtshof innerhalb eines Monats nach Erlass dieses Beschlusses also wir sehen dann Ende Februar einen Bericht über alle Maßnahmen vorlegen muss die zur Durchführung dieses Beschluss getroffen wurden dieser Bericht wird anschließend Südafrika mittelt das Gelegenheit erhält dem Gerichtshof seine Bemerkung dazu zu unterbreiten ist ein üblicher Vorgang das Gericht sagt wir hätten gerne die und die Punkte wir sehen ihr setzt davon eine ganze Menge um bitte macht einen ordentlichen Bericht dokumentiert das kommt man irgendwie so vor wie es auch eine gemeinnützige Organisation macht wir z.B müssen immer Rechenschaftsberichte anlegen für jede Hilfsaktion die wir machen und die legen wir dann dem Finanzamt bzw dann der en der höheren Behörde der ADD vor zumindest mein Verein Reinland Falz dementsprechend unterliegt er besonderen Prüfungskriterien also mehr als in anderen Bundesländern das nur ein Ausflug in das Vereinsrecht für gemeinnützige Organisation ähnlich ist es bei Staaten die sich kümmern müssen 83 der Gerichtshof erinnert daran dass seine Anordnung über einsweilige Maßnahmen nach Artikel 41 der Satzung bindende Wirkung haben und somit volkrechtig verpflichtet für jede Partei schaffen an die die einzweilige Maßnahme gerichtet sind das heißt wenn das Gericht sagt macht das dann habt ihr das zu machen wenn ihr das nicht macht brecht ihr das Völkerrecht Israel dürfte damit kein Problem haben 84 der Gerichtshof bekräftigt dass die im vorliegenden Verfahren ergangene Entscheidung in keiner Weise die Frage der Zuständigkeit des Gerichtshofes für die Entscheidung in der Sache oder Frage der Zulässigkeit der Klage oder der begründheit selbst präjudiziert das heißt es nimmt nichts vorweg es kann auch zu anderen Ergebnissen kommen stand jetzt ist da noch nichts zu sehen sonst hätten sie die Kampfhandlung ja untersagt sagen wir mal es würde nachweislich ein Genozid stattfinden würde das Gericht die Kampfhandlung nicht weiter zulassen sonst würden sie ja ein Erlaubnis erteilen für Kriegsverbrechen da sie nicht nachweisbar sind oder nicht vorhanden das ist das wahrscheinlichste sagt das Gericht ja ihr dürft euch selbstverteidigen das was Israel dort macht ist Selbstverteidigung also haut weiter auf die Hamas drauf das ist euer gutes Recht so dann aber ein wichtiger Punkt und zwar der Punkt 85 der wird wird gerne übersehen den hebe ich hier mal hervor der Gerichtshof hält es für notwendig zu betonen dass alle im Konflikt im gazaastifen beteiligten Parteien an das humanitäre völkerecht gebunden sind sie unterstreichen und sagen da noch mal ganz klar hallo Hamas hallo islamischer dihad ihr haltet euch nicht ans Völkerrecht ihr habt am 7 Oktober Kriegsverbrechen begangen ihr hab Zivilisten vergewaltigt Frauen und Kinder vergewaltigt umgebracht ihr seid nicht entbunden vom volökerrecht nur weil ihr Terroristen seid und deswegen sagen sie er ist zutiefst also die richtof ist zutiefst besorgt über das Schicksal der Geiseln die während des Angriffs in Israel am 7 Oktober 23 entführt wurden und seitdem von der Hamas und anderen bewaffneten Gruppen festgehalten werden und fordert ihre sofortige und bedingungslose Freilassung noch mal anzumerken an diesen Beschluss sind alle Parteien gebunden das heißt auch die Hamas und alle bewaffneten Gruppen oder sogenannte Zivilpersonen die auch Geiseln in ihrer handhaben und zwar heißt es dass freigelassen werden muss und zwar sofort und bedingungslos also die Hamas kann ich sagen ja wir möchten einen Waffenstillstand und dafür lassen wir frei so läuft das nicht das Gericht sagt das sind Kriegsverbrechen ihr seid Verbrecher lasst die Geiseln frei euch stehen sie nicht zu und jetzt wird es hoch interessant und zwar auf die Reaktion Südafrikas bin ich gespannt Südafrika hat ja einen sehr guten Draht zu Hammers einen bedenklich engen Draht zu Hammers jetzt kann man einschätzen ob es Südafrika ernst meint mit seiner Klage ob sie wirklich gegen Genozid sind also ob sie wirklich gegen Kriegsverbrechen gegen Völkermord sind denn jetzt muss Südafrika die Hamas sofort unverzüglich und bedingungslos dazu bringen die Geiseln freizulassen damit sie wieder in Israel sind macht Südafrika das nicht enttanen sie sich selbst als Teil des Problems so ist meine Auffassung und das sind jetzt die Punkte die ziemlich eindeutig sind das nur das steht das steht in dem Urteil und gewisse Medien wie z.B die Tatz haben das auch ähnlich richtig eingeordnet was ist eure Meinung dazu wäre mal ganz interessant schreibt's in die Kommentare ich verlinke natürlich die Quellen unten drunter ich schaue mal ob ich das in Deutsch übersetze Dokument hochladen kann ich habe es direkt von der Seite des Internationalen Gerichtshofes da verlinke ich auch drauf und dann könnt ihr euch selbst mal einlesen und ich bin gespannt wer jetzt noch die ganze Zeit Genozid ruft denn das war ja eigentlich so eine PR Taktik und damit wollte man eigentlich auch ein wenig den Holocaust relativieren das ist so die Taktik dahinter deswegen wir haben ja am Samstag wahrscheinlich wenn dieses Video erscheint den internationalen Holocaust Gedenktag und da finden große Demonstration in Berlin statt genau von solchen proamas sogenannten proalästiner Gruppen es ist bedenklich dass man sich den internationalen Holocaust Gedenktag raussucht um gegen einen eingebildeten Genozid in Gaza zu demonstrieren nur um gegen Juden zu hetzen was ist eure Meinung schreibt unten in die Kommentare bleibt bitte anständig ich hoffe ich habe das jetzt seriös eingeordnet ich verlinke auch das Video von Rechtsanwalt Alexander Boos aus Mainz der das auch juristisch eingeordnet hat er kommt ich muss sagen auf das gleiche Ergebnis und lasst euch nicht von irgendwelchen Fake News Trotteln tiktok hotchers und sonstigen kaspern beeindrucken die einfach nur ihre Klicks auf Kosten der Menschen in Gaza machen wollen es geht den Menschen dort nicht gut und es wird Zeit dass sie befreit werden von der Hamas und dass dann vielleicht endlich mal aus Gaza was Gutes entsteht dass der Hass aus den Köpfen verschwindet der ist tief eingepflanzt worden auch durch un-schulen in die Köpfe der Kinder Kinder haben dort gelernt dass Juden keine Menschen sein und dass der das höchste Gut eines arabischpalästinensischen Kindes darin bestünde einen Juden umzubringen dieser Hass muss endlich aufhören und golda Meir hat ja gesagt dass Frieden dann entsteht wenn Zitat die die Araber die Palästinenser ihre Kinder mehr lieben als sie uns hassen ja ziemlich viel Weisheit dran wenn man sich das mal genau durch den Kopf gehen lässt deswegen kommentiert fleißig abonniert den Kanal aktiviert die Glocke lasst ein Like da und ich halte euch auf dem laufenden bis dann,OK
i61WXQ_-TlE,"Zwei Jahre nach der Terrorattacke des 7. Oktober eskaliert der Israel-Palästina Konflikt weiter. Wie, wenn überhaupt lässt sich ein schützender Ausweg denken für Israel, die Palästinenser, das humanitäre Völkerrecht? Das will ich heute besprechen mit José Bruna, in Israel lebender Politologe und Buchautor sowie Muriel Asseburg, na Oostexpertin und Forscherin der deutschen Stiftung Wissenschaft und Politik. [Musik] Herr Brunner, Krieg ist ja kein Abstraktum. Es ist eine alltäglich gelebte Realität für Sie. Sie leben in Israel, sie sind Jude. Wie würden Sie sagen, hat sich Ihr Alltag in den letzten zwei Jahren verändert? Ja, einerseits im Alltag äh ist man sich sonst in Israel nicht gewöhnt, dass man so oft in den Luftschutzkeller muss. Äh, das wird schon ein bisschen Routine. Also auch von vor zwei Tagen waren wir wieder im Luftschutzkeller einfach wegen diesen Raketen vom äh Jemen. Äh, das ist so das Alltägliche geworden, würde ich sagen, und macht einem auch nicht mehr so besonders Angst. Man, es ist interessant, wie rasch man sich daran gewöhnt, aber als Mitglied der israelischen Gesellschaft ist äh das Hauptgefühl eine totale Entfremdung, wenn man nicht mitmacht bei dieser emotionalen Gleichschaltung, dass wir jetzt alle zusammen gegen die Gefahr der Hamas sein müssen. Wenn man da sich nicht mit allen um einen herum einig fühlt, fühlt man sich sehr ausgeschlossen. Und es gibt zwar in der letzten Zeit in der israelischen Gesellschaft Spaltungen zwischen denen, denen es eher um die Geißeln geht und denen, die den Sieg wollen, wie die Regierung. Aber diese Spaltung ist innerhalb eines Konsensus, dass man die Hamas besiegen muss. Wenn man nicht an den Sieg über die Hamas glaubt, wenn man denkt, man muss mit den Palästinensern verhandeln, man muss ihnen Rechte ermöglichen, hat man im Moment im israelischen Diskurs nicht wirklich Platz. Diese Entfremdung ist ja für Sie auch biographisch eine besondere Erfahrung. Sie sind 1954 in Zürich geboren, sind orthodox hier aufgewachsen. Als 19-Jähriger sind sie als überzeugter Zionist nach Israel gegangen, wollten dort leben und das war natürlich auch das Projekt, genau diese Gemeinschaft, dieses Projekt Israel zu spüren, zu erfahren und mitzug gestalten und jetzt, wenn ich sie richtig verstehe, sind sie selbst in einer Form der Entfremdung in das Land, in das sie eigentlich zurückgekehrt sind. Ja, ich gehörte eigentlich immer zur Minderheit, zu einer relativ kleinen Minderheit. Schon als Student Mitte der 70er Jahre trat ich einer jüdisch-arabischen Studentenbewegung äh äh zu und und war immer in dieser Minderheit des Versuchs ein Verständnis w mit Palästinensern zu fördern. Das ist nicht das Außergewöhnliche. Das außergewöhnliche würde ich sagen sind zwei Elemente. Einerseits das Gefühl der des deiner total fehlenden Kommunikation mit der Umwelt, wenn man nicht gleich gesinnt ist wie die anderen. Und das andere ist dieses totale Empathieverbot, das jetzt die israelische Gesellschaft erfüllt, dass ich in diesem Ausmaß bis jetzt nicht erfahren habe. Sie sagten: ""Enfremdung mit den Menschen, die ich kenne, die in Israel leben oder dort öfters sind, würde ich das als mehrdimensionale Verzweiflung auch beschreiben. Es gibt eine Verzweiflung über den politischen Weg und die Zukunft der israelischen Demokratie als jüdischer Demokratie. Es gibt eine Verzweiflung über die Taten, die das israelische Militär in Gaza und anderswo begebt. Und es gibt auch eine gewisse Verzweiflung über das Bild, dass Israel derzeit global annimmt oder verkörpert. Ja, sehen Sie, ich glaube nicht, dass es eine Verzweiflung gibt über die Taten Israels in Gaza, in Israel. Das wird einfach ausgeklammert. Ich kann z.B. nicht mehr an Demonstrationen gehen, die am Samstagabend in Tel Aviv stattfinden, wo viele Tausende von Menschen demonstrieren und sie demonstrieren für die Rückkehr der Geiseln und für einen Waffenstillstand, damit die Geiseln zurückkehren können, aber nicht für die Menschen in Gasa. Nicht für die Menschen in Gaza. Das gibt kein besseres Mittel, eine Konversation abzubrechen, als zu sagen und was mit den Kindern in Gaza. In dem Moment ist normalerweise die Kommunikation vorbei. Mm. Das sind ja doch tiefe Veränderungen oder zumindest Zuspitzungen in einem langer währenden Prozess. Frau Asseburg zugeschaltet aus Berlin. Sie beschäftigen sich auch seit Jahrzehnten mit diesem Konflikt. Ich glaube, wir alle erinnern, wo wir am 7. Oktober 2023 waren und wie wir diese Bilder gesehen haben als Expertin haben Sie damals an diesem Tag oder in den Tagen danach auch nur annähernd absehen können, welche Eskalationen in den darauffolgenden zwei Jahren auf Israel, Palästina und die Welt warten würden? Für mich war sehr klar am 7. Oktober und noch mehr in den Tagen danach, als man überhaupt das ganze Grauen, was sich da abgespielt hat, begriffen hat, dass die Antwort Israels sehr sehr massiv sein würde und das vor allem aus zwei Gründen. Das eine ist und ich glaube Herr Brunner hat schon implizit angesprochen, die Unmöglichkeit Empathie zu haben mit der Bevölkerung im Gazastreifen, weil alles überdeckt wurde durch den Angriff der Hamas, der ja auch andere palästinensische Gruppen noch umfasst hat, bei dem auch Zivilisten aus dem Gazastreifen nach Israel eingedrungen sind. ein Angriff, der in der israelischen Gesellschaft sehr weitgehend als Progrom gegen Jüen und Juden gelesen worden ist, als ein Vernichtungsfeldzug und zugleich, und das ist der zweite Faktor, der wichtig ist, diese Demütigung des israelischen Militärs, der israelischen Regierung, des israelischen Geheimdienstes, weil es nicht gelungen ist, diesen Angriff zu verhindern und auch, weil es nicht gelungen ist, schnell und adäquat darauf zu reagieren. Das Chaos, das in den ersten Stunden geherrscht hat, aber das alles hat eigentlich klar gemacht, nur den Satz noch, das alles hat eigentlich klar gemacht, es wird eine ganz massive Antwort geben. Mhm. Und dennoch hätte ich mir damals nicht vorstellen können, dass das bedeutet, dass der ganze Gasstreifen vernichtet wird, dass alle Lebensgrundlagen vernichtet werden, dass es zu Hungersnot im Gasastreifen kommt. Tatsächlich war das, glaube ich, für niemand in diesem Moment so vorstellbar. Dieser kriegerische Konflikt als Gewaltkonflikt ist 80 Jahre lang. Manche sagen, er geht bis ins 19. Jahrhundert zurück zwischen Arabern, Palästinenser und Juden und Israelis dann später. Worin liegt denn für Sie, wenn Sie nur die letzten zwei Jahre betrachten, das Genuin neue, sofern es überhaupt etwas wirklich Neues gibt in der Entwicklung? Es ist tatsächlich schwierig, das genau zu verstehen, was ist das Neue? Also, es gibt sicher Elemente, die neu sind in diesem Krieg, wie der Einsatz von künstlicher Intelligenz, zur Zielauswahl. Es gibt äh diese enorme Zerstörung, die nichtunterscheidung von zivilen Zielen und Kombatanten. Es gibt diese nachhaltige Zerstörung, Vernichtung von Lebensgrundlagen. All das hat ein massives Ausmaß. Aber ist es wirklich neu? Das weiß ich nicht. Wir sehen das auch in anderen Kriegen. Äh und die Situation in Gaza ist natürlich auch eine ganz spezielle. Ähm die Abriegelung, die es Menschen im Gazastreifen nicht ermöglicht, tatsächlich zu fliehen aus dem Kampfgebiet, die Möglichkeit zu evakuieren, aber dennoch nicht an Orte zu kommen, wo man wirklich sicher sein kann. Und wenn wir das uns mal auf einer Karte anschauen, nur die Ziele, die Israel in den letzten zwei Jahren bombardiert hat oder in denen Israel kriegerisch aktiv war, Tunisien, die Golanhöhen, der Gazastreifen, Libanon, Syrien, Iran, Jemen, das Westjorderland und jüngst auch Qatar. Herr Brunner, das ist ja auch das Gefühl einer vollkommenen Einkreisung und eines Krieges mit fast allen denkbaren Nachbarn. Jetzt könnte man sagen, das ist gar nicht so neu, aber es ist doch noch mal eine Intensivierung der Erfahrung, oder? Ja, ich glaube, in Israel lebt man sehr stark in diesem Gefühl. Die äh Regierung und andere äh Politiker sprechen immer wieder davon, dass es eigentlich um sieben Kriegsschauplätze gibt oder manchmal werden auch acht erwähnt, an denen gekämpft wird. Also aus israelischer Sicht ist es nicht nur ein Gaza Krieg, sondern ein Nahostkrieg. äh auch der Fall des Assadregimes. Also äh es es verändert das Bild des Nahen Ostens. Jetzt das letzte Mal, wo Israel das versucht hat, den Nahen Osten so zu verändern, das war im äh Libanonkrieg in den 80er Jahren. Und das ist ziemlich schlecht ausgegangen für Israel letztenendes. Das hat eigentlich äh dann zur ersten in die Vater geführt, 87. Also das hat wirklich das Bild des Nahen Ostens verändert, aber nicht so wie Israel wollte. Mm. Und ich möchte noch was sagen zum Thema, dass Sie vorher angeschnitten haben, nämlich was ist das genuin Neue, nicht jetzt global gesehen, sondern für Israel und die besetzten Gebiete, die Besatzung äh des Gazastreifens und der des Westjordan durch Israel begann 67. Das war eigentlich das erste Mal, dass alle Palästinenser unter einer Regierung lebten, die in Israel, im Gaza Streifen und im Westjordan. die wohnt die die lebten ja vorher unter ägyptischer Herrschaft, jordanischer Herrschaft und israelischer Herrschaft. Plötz war waren die alle zusammen unter der gleichen Herrschaft und am Anfang hat zwar hatten sie keine Rechte, aber es hatte auch seine guten Seiten. Das Ganze veränderte sich mit dem Oslopprozess in den 90er Jahren. Die Checkpoints entstanden, die Angst vor dem Terrorismus und so weiter und die Unterdrückung wurde immer stärker. Aber jetzt äh seit Oktober 23 hat sich die Unterdrückung gewandelt in eine Vernichtung. Das kannten wir bisher nicht. Frau Asselburg hat das erwähnt. Es ist jetzt eigentlich nicht mehr ein Unterdrückungsregime. Man versucht den Gaserstreifen nicht zu unterdrücken. Man versucht ihn zu vernichten. Äh die ganze Infrastruktur wird zerstört. Herr Brunner, Frau Asseburg, das ist natürlich ein massiver Schritt. Israel und Netanaro, die Regierung würde bestreiten, dass es um Vernichtung geht. Man bestreitet das sehr vehement. Dennoch in der globalen Wahrnehmung setzt sich und vielleicht ist das kein zu starkes Wort, eine Wahrnehmung von Israel als Täterstaatfest, der auch dazu führt, dass Israel zunehmend isoliert in der Welt ist. Wir hören von Frankreich, von Kanada, von Australien, von England, dass sie die Palästinenser nun als Staat anerkennen. Man kann sehen z.B. wie der Ökonomist, ein weltweit führendes Margotin titelt How Israel is losing America und selbst in weicheren Bereichen wie z.B. dem Eurovischen Song Cortest oder im Fußball der UEFA sieht sich Israel zunehmend isoliert. Das ist doch auch eine Form der Existenz Gefährdung dieses Staates, sich derart isoliert zu fühlen. Frau Asburg. Ja, also ich würde sagen, es gibt zwei gegenläufige Tendenzen. Es gibt die zunehmende Empung in der Welt über das Vorgehen Israels, über die Kriegsführung Israels und in der Folge davon Sanktionen, in der Folge davon äh Bemühungen um Isolierung Israels. Und auf der anderen Seite, und ich finde, das ist auch sehr wichtig zu sehen, gibt es eben nicht einen Krieg Israels mit all seinen Nachbarn, sondern ganz im Gegenteil haben sich die arabischen Staaten ganz massiv jetzt engagiert, um zurückzukommen zu einem politischen Prozess, raus aus dem Blut vergießen hin zu einem politischen Prozess, um endlich diesen Konflikt nach so langer Zeit auf eine Art und Weise zu regeln, dass beide Völker damit leben können. Mm. Ich finde, das ist wichtig, das zu sehen, dass wir auch diese gegenläufige Tendenz haben und dass auch bei den Angriffen aus dem Iran z.B. arabische Staaten an Israels Seite gestanden sind, die Luftabwehr benutzt haben, um Raketen und Drohnen aus Iran abzufangen. Diese neuen Konstellationen oder Koalitionen, die zeichnen sich ab, aber sie sind ja jetzt nichts, was aus israelischer Wahrnehmung besonders Hoffnung machen würde oder eine Stärkung bedeutete. Netanahu spricht mittlerweile von Israel als Sparta, als einem isolierten kriegerischen Volk, das um sein nacktes Überleben kämpft. Ja, ich glaube Natano bereut diese diesen Ausdruck. Der hat ihm in Israel keine Freunde gemacht. So, also auch nicht unter den in der eigenen Koalition. glaube da das würde er gerne zurücknehmen. Ich bin da eigentlich eher mit Frau Asseburg einverstanden. Das heißt, es bahn sich hier eine sehr interessante Koalition an, die begann ja mit dem Abraham Abkommen unter Trump in der letzten Regierungsperiode. Und es ist ja interessant, dass dieser neue 20 Punkteplan von Trump von der Türkei und Qatar unterstützt wird. Das ist nicht selbstverständlich. Ich bin einverstanden, dass viele arabische Staaten genug haben vom Nahostkonflikt und einen politischen Prozess wollen. Das stimmt. Äh ob das jetzt dann so passieren wird, ich hoffe das sehr, aber ich glaube, im Nahen Osten haben wir auch gelernt, sehr skeptisch zu sein, was solcher Zukunftshoffnungen betrifft. Die Perspektive dieses 20 Punkteplans, die wirkt seltsam greifbar. Man meint dort eine Perspektive zu sehen, Frau Asburg. Wir haben aber den letzten zwei Jahren schon viele Momente der Hoffnung und Öffnung gehabt, die sich sehr schnell wieder verschlossen. Es gibt derzeit keine Perspektive, dass die Hamas diesen Plan zustimmen wird. Wir können davon derzeit nicht ausgehen. Und es gibt ja wohl auch in Israel politische Kräfte, die in der Regierung sind, die sich bereits jetzt gegen diesen Plan gewährt haben. Das ist richtig. Ich bin mir noch nicht sicher, ob wir nicht doch eine Zustimmung von Seiten der Herr Mass sehen werden in der Hoffnung, dass von anderer Seite dieser Plan letztlich wieder zu nichte gemacht werden wird. Also, wir haben ja in der Vergangenheit auch gesehen, dass es zu Waffenstillstandsabkommen gekommen ist, dass die Hamas sich darauf eingelassen hat. Ähm und wir sind jetzt tatsächlich an dem Punkt, der hoffentlich einmal mehr erst zu einem Waffenstillstand und dann zu einer mittelfristigen Lösung oder Regelung der Situation in Gaza und darüber hinaus zu einer umfassenderen Konfliktregelung führen könnte. Es ist ganz wichtig, dass die USA jetzt an Bord sind, dass der amerikanische Präsident tatsächlich das zur Chefsache macht. Auf der anderen Seite wissen wir, wie eratisch dieser Präsident ist. Wir wissen nicht, ob er morgen auch noch Interesse hat, der Chef der Gaza Behörde zu sein. Und ähm es gibt natürlich sehr, sehr viele Hürden noch auf dem Weg dann zu einer friedlichen Regelung. Vielleicht noch ein Punkt, den ich wichtig finde, wenn wir diesen Plan anschauen, er ist ganz bestimmt ein Riesenfortschritt gegenüber dem, was der amerikanische Präsident noch im Februar diesen Jahres gesagt hat, als er von einer Gaza Riviera fantasierte, den Gazastreifen als Real Estate Projekt letztlich begriffen hat und von einer sogenannten freiwilligen Auswanderung der Palästinenser fabulierte, davon ist er weg. Und dennoch ist der Plan, der jetzt auf dem Tisch liegt, in ganz vielen Punkten sehr, sehr Waage, insbesondere was die Konfliktregelung am Schluss angeht. Und das macht es natürlich schwierig, weil zwar von einem politischen Horizont die Rede ist, aber wir gar nicht wissen, wie dieser Horizont aussehen soll. Und da fällt er auch zurück hinter den Plan der arabischen Liga, hinter die Deklaration von New York, die vor kurzem in der UN-Generalversammlung mit sehr großer Mehrheit angenommen worden ist. Und was in diesem Plan und das betrifft ja auch die Empathieblockade, von der Sie sprachen, offenbar problematisch sein wird für Israel, ist die Idee, dass es keine Verpflichtung der Palästinenser geben wird, Gaza zu verlassen, dass das freiwillig geschehen soll und auch, dass Israel die politische Kontrolle über Gaza nicht eigenständig ausübt, sondern abgeben muss. Bisher, wenn ich es richtig wahrnehme, für die derzeitige Regierung eine Art rote Linie. Das wollte man eigentlich nicht so haben. Ja, das Interessante an diesem Plan ist ja, dass er aus meiner Sicht in vieler Hinsicht ein kluger Plan ist, äh aber beide Seiten dazu verpflichtet, über ihre roten Linien hinauszugehen. Also die Hamas müsste ihre Waffen niederlegen. Das will die Hamas ja auch nicht. Äh Israel müsste sich verpflichten, keine palæstinensischen Gebiete zu anxieren. Nicht nur nicht im Gasa, sondern keine Annextion. M das widerspricht dessen, was die Regierung immer wieder äh vorhat. Äh der Plan ist eigentlich relativ ausgewogen. Er ist Waage in vielen Punkten, das stimmt, aber hat z.B. auch einen Punkt, wo es darum geht, dass ein Dialog stattfinden muss, wo jede Seite die Narrative der anderen kennenlernen sollte und verstehen sollte. Also hat hier alle möglichen, es geht in alle möglichen Richtungen. Viele Türen viele Türen werden da aufgemacht. was die wirklich bedeuten, wird man erst rausfinden, wenn man denen wirklich auszuhandeln beginnt. Jetzt in der alten Form der Diplomatie hätte ich angenommen, da wurden vorher Fühler ausgestreckt zu Hamas, um zu sehen, ob die auch einverstanden sind. Aber in der neuen Form der Diplomatie macht man sowas nicht mehr. Man macht einen Deal, wie Trump das will. Das heißt, man ist möglichst aggressiv und bedrohend, wie Trump das jetzt getan hat. Take it or leave it. Ja. Und wenn ihr den nicht annimmt, dann unterstützt sich Israel in eurer totalen Vernichtung. Also das ist ein Ultimatum, das ist eine Bedrohung, das ist kein wirklicher Friedensplan in dem Sinn. Aber viele Elemente sind da sehr interessant. Und diese beidseitige Zumutung, die Sie festhalten in diesem Plan, die ist ja auch vor dem Hintergrund einer Situation, in der Israel wahrnehmen muss, dass es so nicht weitermachen kann, dass die internationale Isolierung zunimmt und dass sie eine kritische Grenze erreicht. Ich möchte noch mal, aber Israel verweigert sich das wahrzunehmen. Das ist ein Grundsatz der israelischen Politik im Moment. Man ist nicht bereit wahrzunehmen, was in Gaza passiert und man ist nicht bereit wahrzunehmen, was in der Welt passiert, außer zu sagen, das ist Antisemitismus. Stimmen Sie zu, Frau Asburg? Ja, ich fürchte, dass Herr Bon da recht hat, dass es da keine Bereitschaft gibt tatsächlich zu sehen, warum handeln Staaten, wie sie handeln. Warum erkennen jetzt z.B. europäische Länder den Staat Palästina an? Wie ist es dazu gekommen? Obwohl ja z.B. der britische Premierminister sehr deutlich gewarnt hat, dass er das tun würde, wenn es keine Fortschritte gibt in Bezug auf die humanitäre Situation im Gasastreifen, in Bezug auf einen Waffenstillstand. Ähm und da sieht man sich ähm selbst so stark im Recht und alle anderen im Unrecht ähm bzw. setzt die eigenen politischen innenpolitischen Prioritäten, muss man sagen, an erste Stelle und setzt die auch über letztlich die Geschicke Israels im Sinne der guten Beziehungen Israels zu anderen Staaten in dieser Welt. Wenn man darüber nachdenkt, wie die Wahrnehmung von Israel im Ausland ist, dann kann man dort eine sehr große Veränderung sehen. Ich bin selbst Deutscher. Ich kann die letzten zwei Jahre sehen, wie sich der Diskurs verändert. Er verändert sich in der Schweiz. Er ist in Spanien mittlerweile soweit, dass die Regierungschefs ganz unverblühend von Genozid sprechen. Wir werden hier nicht klären, dass ein rechtlicher Türm, ob es sich um ein Genozid handelt. Aber der Denker und Politologe äh und intellektuelle Pankat Schmischra, einer der wichtigsten Stimmen des globalen Südens, der hat vor wenigen Tagen auf einem Festival gesagt, für ihn liegt das Genuin neue darin, dass eine Demokratie, eine liberale Demokratie genozidale Verhaltensweisen gegenüber einem anderen Volk zeigt und dass das unter Tolerierung der westlichen Wertegemeinschaft geschieht. Für ihn ist das ein absoluter Tabubruch, nicht nur im Nahen Osten, sondern für die globale Idee eines humanitären Völkerrechts und die Idee von westlichen Werten, die man unbedingt aufrechterhalten soll. Würden Sie da zustimmen? Ja, sie haben jetzt so viele Themen aufgeworfen, da kann ich nicht einfach ja oder nein sagen. Das ist sehr sehr sehr komplexe Themen. Äh, ich glaube einerseits äh würde ich da gern einen Begriff verwenden, der von Aschil Membe, einem kameronischen Intellektuellen geprägt wurde, der Nekropolitik. Ich glaube, was Israel betreibt, ist Nekropolitik. Israel hat Todeszonen geschaffen, in denen jeder erschossen wird, der da reinkommt, gleich ob er oder sie jetzt Zivilisten sind oder äh oder Kämpfer. Das wird nicht unterschieden in diesen in diesen Zonen. Das ist etwas grauenhaftes. Ob man das jetzt Genozidal nennt oder nicht, ich glaube, der Begriff der Todeszone macht das auch viel konkreter als so ein abstrakter Begriff. und Gaza in großen Teilen ist heute in eine Todeszone umgewandelt worden. Und das hat ja ein Staat gemacht, der sich als westlich sieht, aber das haben andere westlichen Staaten schon in Vietnam und anderen Orten der Welt gemacht. Ich glaube nicht, dass Israel jetzt etwas macht, das absolut präzlos ist, sondern etwas, dass man im globalen Süden machen darf, wenn man ein Staat ist, der zum globalen Norden gehört. Und das Problem hier ist, dass Israel in einer Kontaktzone ist zwischen dem globalen Norden und dem globalen Süden. Israel ökonomisch, kulturell, wissenschaftlich gehört zum globalen Norden. Gazerstreifen das Westjordan zum globalen Süden. Das unterstützt dann diese kolonialen Erzählenmuster, die es auch gibt. Genau. Absolut. Absolut. Und das erlaubt Israel diese Politik und diese Gewalt auf diese Art auszuüben. Wir kennen die Namen der Toten im Gazastreifen nicht. Wir kennen jeden Namen der israelischen Geiseln. Die die die das Leben der Menschen im globalen Norden ist immer mehr wert als das Leben der Menschen aus dem globalen Süden. Wir leben an dieser Grenze in Israel und ich glaube das ist was im Gazastreichen passiert überhaupt ermöglicht und es ist eine Politik. Israel ist eine Demokratie. Diese Regierung ist demokratisch legitimiert, die offenbar auch in der Bevölkerung nicht auf solche Widerstände stößt, dass es die Regierung in ihrem Fortgehen behindern würde. Frau Asburg, das ist ja auch etwas, was man mit gewisser Befremdung wahrnehmen muss. Es gibt in Israel nicht die Gegenbewegung gegen die Vorgehensweise in Israel äh in Gaza, die man eigentlich erwarten könnte. Ja, die Umfragen zeigen eigentlich sehr deutlich, dass die Bevölkerung zu sehr großen Teilen die Kriegsziele, die die Regierung nach dem Angriff des 7. Oktober formuliert hat, unterstützt und dass die Kritik, die jetzt geäußert wird, vor allem daran kommt, dar darauf sich bezieht, dass äh der Premierminister die Geiseln nicht zur absoluten Priorität gemacht hat, also die Befreiung der Geiseln untergeordnet hat hinter, wir haben schon darüber gesprochen, ähm die Vernichtung der Hamas und die Zerstörung, die letztlich im Gazastreifen passiert, den Rachefeldzug, Die Vergeltung, die dort stattfindet, das ist die Kritik. Aber sie beruht nicht auf Empathie mit den Menschen im Gazastreifen und sie beruht nicht auf universellen Werten, die für alle gleich gelten würden. Ich glaube, es ist wichtig zu sehen, dass der Angriff der Hamas in Israel ein kollektives Trauma wiederbelebt hat, das kollektive Trauma der Schoa, der Judenvernichtung in Europa. Und das führt mit dazu, dass die israelische Gesellschaft gar nicht in der Lage ist, Empathie zu haben mit den Menschen im Gazastreifen, mit den Zivilisten und gar kein Interesse daran hat, die Namen der Toten im Gazastreifen zu kennen. Wie Herr Brunner das sagt, ich höre das sehr, aber es ist ja fast gleich bedeutend mit der These, Israel sei derzeit nicht zurechnungsfähig in seinem Handeln. sei nicht in der Lage, eine realistische Einschätzung seiner eigenen Situation zu formulieren. Und das ist ja ein ganz massives, eine massive Diagnose, wenn sie denn richtig wäre. Und es ist eine Diagnose, die man ihrem Buch Brutale Nachbarn, dass sie geschrieben haben, über die Emotionen, die der Nauskonflikt freisetzt eigentlich auch treffen. Ja, dazu möchte ich zwei Punkte sagen. Äh einer äh führt die Linie weiter, die Frau Asseburg begonnen hat. Ich glaube, beide Seiten üben ihre Gewalt aus in einem Selbstverständnis der existentiellen Angst und ich glaube, das versteht man im Ausland nicht immer. Damit möchte ich diese Gewalt nicht rechtfertigen, sondern nur erklären. Israel fühlt sich seit dem 7. Oktober in einer existentiellen Bedrohung. Ob das jetzt mit der Schoa verglichen werden soll, kann, das ist eine andere Frage. Aber ich glaube, Israel ist vereint in diesem Gefühl der existentiellen Bedrohung. die Palästinenser natürlich auch, die im Gazastreifen leben oder lebten hinter dieser Blockade, wo sie keine Zukunft hatten. Wenn man sich existenziell bedroht fühlt, dann im Selbstverständnis hat man das ja Recht, jede mögliche Gewalt auszuüben. Dann hat die Gewalt keine Grenzen und dann interessiert einen das internationale Recht nicht so besonders. Dann geht's ums Überleben und das ist das Selbstverständnis. Ich glaube nicht, dass das objektiv so ist. Die Armee hat ja gesagt, es gibt keine militärischen Ziele im Gaza Streifen mehr. Also die Sicherheitsorgane, die das objektiver versuchen zu verstehen, haben schon gesagt, sie hätten eigentlich keine weiteren Ziele. Und der zweite Punkt ist ja, der 7. Oktober hat eine Kränkung ausgelöst, die ich als narzisstische Kränkung verstehe und zu einer Wut geführt, in der der Israel diese Kränkung zugefügt hat, verschwinden muss. Das heißt, es geht um das Verschwinden des anderen, das ein Auslöschungsshnen. Ja, und das besteht auf beiden Seiten auch wiederum. Also auch die Palästinenser leben in einer oder jedenfalls die Hamas oder die Palästinenser, die die Hamas unterstützen in etwas, dass ich negative Utopie nenne, nämlich in einer utopischen Idee, dass der andere, die Israelis, verschwinden könnten, weil sie wie die Kreuzfahrer sind, weil sie gar nicht dahin gehören, weil auf die lange äh Dauer sie das nicht durchhalten können. Und die Israelist denken genau gleich. Die Palästinenser werden verschwinden, weil sie auswandern werden, weil man sie vertreiben kann, weil sie selbst nicht mehr dort sein wollen oder weil man sie einfach nicht mehr wahrnehmen muss. Es geht beiden Seiten darum, dass sie sich eine lebenswerte Zukunft nur vorstellen können, wenn der andere nicht mehr da ist. Aber ist das nicht gleichbedeutend, Frau Asseburg, mit der These, dass das überhaupt kein politisches Handeln im eigentlichen Sinn mehr ist? Ich meine damit, dass Politik damit bekennt, damit beginnt, dass man das Existenzrecht des anderen in gewisser minimaler Weise anerkennt und versucht Lösungen zu finden. Wenn das fehlt, ist es ja nur noch ein reines Gewalthandel. Aber Politik muss doch nicht konstruktiv sein. Also das ja keine Definition von politischem Handeln, dass es auf Kompromiss, auf ähm Lösung von Problemen ausgerichtet ist. politisches Handeln kann eben auch versuchen, extreme Utopien, negative Utopien umzusetzen. Ähm und das ist auch das politische Handeln, was wir von Teilen der israelischen Regierung heute sehen. Das ist das politische Handeln, das von Teilen des palästinensischen Spektrums, also von der Hamas und äh ihren Verbündeten unterstützt wird, würde ich schon immer noch als Politik auch bezeichnen. gepaart mit der Bereitschaft Gewalt einzusetzen. Was man aus der Außenperspektive nicht immer genug berücksichtet oder vielleicht auch nur begreifen kann, ist die Fokussierung auf diese Geiseln. Es waren 250 Geiseln, die genommen wurden, sind jetzt noch 48 Geiseln in äh Gewaltehammers, davon sind, sagt man, 20 am Leben. Und man hat ein bisschen das Gefühl, dass das der Fokus der israelischen Gesellschaft derzeit ist. Es ginge alles um die Geiseln, während man, wenn man einen Schritt zurücktritt, ja, sagen kann und selbst wenn die Geiseln zurückkämen, die ganzen Probleme wären ja alle noch da und die Dynamik gar nicht grundsätzlich verändert. Ja, ich gebe Ihnen völlig recht und ich glaube, die Tatsache, dass man Leichen als Geiseln bezeichnet, ist ein Symptom der Perversion des israelischen politischen Diskurses, dass man diese Unterscheidung nicht trifft, dass man sagt, wie Sie jetzt gerade gesagt haben, ja, 48 Geiseln dafür sind 20 noch am Leben. Seit wann bezeichnet man tote Menschen als Geiseln? Es ist völlig widersinnig, aber ich glaube, dieser Diskurs ist widersinnig. Das heißt nicht, und da bin ich mit Frau Asseburg einverstanden, das heißt nicht, dass er nicht politisch ist. Sie benutzen einen Politikbegriff, den ich mit dem von Hanner Arend identifizieren würde. Ja. Wo Gewalt jenseits der Politik ist, eine Raum des Menschlichen im weitesten Sinne. Genau. Also genau. Aber das ist, glaube ich, und das hat Frau Asseburg gesagt, das ist nicht unbedingt der Politikbegriff, den man annehmen muss und eine andere Unterscheidung, die weit verbreitet ist, ist zwischen Politik und Psychologie. Dann sagt man: ""Ja, aber wenn das eine narzisstische Wut ist, die dazu ausdruommt, ist das doch nicht mehr Politik."" Nein, es ist Politik, es ist narzisstische Politik, es ist gewalttätige Politik. Aber diese Unterscheidungen, diese analytischen Unterscheidungen, die man auf einem philosophischen Niveau treffen kann, äh glaube ich brechen im Nahen Osten zusammen. Und was dieser Zusammenbruch bedeutet, das spüren vor allem auch die Hilfsorganisationen, die im Namen des humanitären Völkerrechts im Gazastreifen aktiv sind. Wir haben einen Einspieler von Pier Krenbülle. Er ist Generaldirektor des internationalen Komitees des Rotenkreuzes und er beschreibt aus den Erfahrungen seiner Helfer die Lage derzeit folgendermaßen. Si pour nous toutes et tous c'est ça l'avenir de la guerre. Si ce que nous voyons dans la bande de Gaza est quelque chose que nous sommes prêts sur un plan humain à tolérer, alors il en va vraiment de notre humanité collective. Ça fond en fait. Frasurg, ich höre da zwei Thesen raus, die doch auch eine weitere Bedeutung haben, die über diesen sehr wichtigen Konflikt hinausgeht. Was wir in Gaza sehen, könnte eine Zukunft von Krieg überhaupt sein. Und das zweite, es ist eine letzte Grenze des humanitären Völkerrechts vor den Augen der Welt gefallen oder neu gefallen und zwar mit Auswirkungen, die für die ganze Welt wichtig sein werden. Ja, ich glaube, das ist zutreffend und es hat damit zu tun nicht, dass das erste Mal ist, dass so massiv Menschenrechte verletzt werden, dass das humanitäre Völkerrecht verletzt wird, das Völkerrecht insgesamt gebrochen wird, sondern es hat damit zu tun, dass die Welt so stark auf diesen Konflikt schaut, weil dieser Konflikt von vielen im sogenannten globalen Süden als ein Konflikt um Dekolonisierung gesehen wird, weil er die Ges Gesellschaften spaltet in Europa, in den USA, weil jeder eine Meinung hat zu diesem Konflikt und sich auf die eine oder andere Seite stellt. Das heißt, wir haben eine enorme Medienöffentlichkeit. Wir haben eine direkte Übertragung dessen, was passiert im Gazastreifen und das nicht von m internationalen Organisationen, die hier unabhängige Untersuchungen durchführen würden oder internationalen Journalisten, sondern im Wesentlichen eben von denjenigen, die on the sind. Das heißt nicht, dass ich das in Frage ziehe. Wir haben ja auch nach wie vor Hilfsorganisationen im Gazastreifen, die berichten über das, was passiert. Wir haben internationale Untersuchungen, aber wir haben eben einen Mangel an Zugang, einen Mangel an Zugang für unabhängige Untersuchungsorganisationen, äh unabhängige Untersuchungskomitees für unabhängige Journalisten. Das macht es schwierig und das verstärkt aber noch mehr den Eindruck, dass hier Greuultaten unter den Tisch unter den Teppich gekehrt werden sollen. Eine spezifisch sehende Transparenz würde Sie auch sagen. Ja, genau. Das ist ein sehr großes Problem, weil Verbrechen, die verübt werden, nicht ordentlich dokumentiert werden. Ähm und weil sie damit die Emotionalität international noch weiter befeuern. Ähm, Frau Fr, sie sagten es, das ist ja keine Zone wie jeder andere. Sie ist weltweit affektiv, speziell besetzt. Sie hat eine kulturelle Wichtigkeit, die unvergleichlich ist in den letzten 2500 Jahren, können wir sagen. Und was vielleicht speziell irritieren mag, und ich frage Sie das als Psychoanalytiker und auch als ehemaliger Zionist und orthodox aufgewachsener Jude. Man würde ja meinen, dass Religion dazu da ist, Empathie zunächst einmal zu stärken. Und gerade die jüdische Religion ist eine, die das Leben als Leben unbedingt feiert und schützt. Und doch hat man das Gefühl, dass im Namen der Religion gerade jetzt eine Art Umkehrung dieses Motivs entsteht und dass Menschen im Namen der Religion nicht mehr Menschen sein sollen. Ja. Äh erstens bin ich nicht Psychoanalytiker, aber Sie sind in Ihrer Arbeit von Sigm und Freud mitgeprägt. Mitgeprägt. Ja. Äh, zweitens finde ich ihre Aussage eigentlich erstaunlich, weil Religionen schon immer dazu gefügt geführt haben, dass Religionskriege geführt wurden. Und wenn Sie schon Psychoanalyse und Freud erwähnen, Freud hat irgendwann mal gesagt, äh das Christentum ist die Religion der Liebe, aber eben nur zu den anderen Christen und erlaubt durch diese Liebe viele andere Menschen zu töten. Im Islam, ganz sicher im fundamentalistischen Islam ist es genau gleich. Religionen führen immer dazu, dass man die Ungläubigen, die Freler oder einfach die, die nicht dazu gehören und wenn sie schon äh den Nahen Osten als äh Zentrum dieser eine emotional sehr besatzte Zone äh bezeichnen, die Kreuzzüge, ja, christliche Liebe äh Hunderttausende von Menschen fuhren im Mittelalter in den nahen Osten, um zu töten und zu sterben. Hunderttausende Leute kamen ums Leben. Also ich glaube, Religionen haben nicht dazu geführt, dass man sich gegenseitig liebt. Nun, man kann aber auch sagen, Religionen sind Empathie verstärker, wenn sie zu sich selbst komm eigenen Rahmen. Im eigenen Rahmen, nicht gegen die anderen. Das wäre zumindest eine Hoffnung, aber da werden wir uns jetzt nicht einig, Frau Fraseburg, das ist ja auch ein Aspekt für Politologen und Politikwissenschaftler, dass die zentrale Bedeutung der Religion oftmals so ist in der Selbstbeschreibung und Selbstwahrnehmung, dass man das Gefühl hat, selbst von dieser Seite aus sind rationale Handlungsweisen gar nicht zu erwarten. Ja, ich glaube, da fühle ich mich jetzt auch ein bisschen unwohl mit dem, wie Sie es formulieren. Ähm, rationale Handlungsweisen sind ja nicht nur solche, die wir rational finden, weil wir sie nachvollziehen können. Ich denke, dass die meisten der Handelnden im Nahen Osten sehr rational handeln, aber sie verfolgen eine andere Rationalität und die mag manchmal von messianistischen Vorstellungen geprägt sein, die mag von religiös inspirierten Zukunftsvisionen geprägt sein. Die mag von Gewaltfantasien geprägt sein, aber das heißt ja nicht, dass es irrational ist. Das heißt nur, dass sie nicht sich an die Regeln halten, wie wir denken, dass Politik begründet werden sollte und den Rahmen erfüllen sollte. Also z.B. diplomatische Geflogenheiten, Völkerrecht, internationale Beziehungen, das internationale humanitäre System, das errichtet worden ist. Ähm diese Konventionen werden dann verlassen und das ist problematisch für das Zusammenleben und natürlich auch problematisch, wenn es um Aushandlungsprozesse geht. Wenn wir einen Konflikt haben, in dem beide Seiten ihre Ansprüche, territoriale Ansprüche religiös begründen, beide Seiten sagen, das ist ein unveräußerliches und exklusiver Anspruch auf ein Territorium, kann man sehr schwächt darüber verhandeln. Und das ist eines der Probleme, dass wir hier haben. Und das würde ja auch mit der Siedlerbewegung, die von derzeitigen Regierung Israels in besonderer Weise geschützt und auch befördert wird übereinkommen. Und wir haben auch hierzu einen Einspieler von Siedlern, die sich ganz in der Nähe von Gaza derzeit aufhalten und darauf warten, in dieses Gebiet eindringen zu können. Diese radikalen Siedler haben alle dasselbe Ziel, den Gaserastreifen wieder zu besiedeln. Seit Wochen haren ganze Familien nahe des Grenzzauns aus, bereit jederzeit mit Sack und Pack loszuziehen. Aus Überzeugung, dass das Land dort den Juden gehört. Wann geht ihr nach Gaza? Wann immer Gott die Tür öffnet. Hinter der Aktion steht die radikale Siedlerorganisation Nachala. Gegründet hat diese Daniela Weiß. Die 79-jährige gilt als eine der prominentesten Stimmen der Siedlerbewegung und steht wegen ihrer Aktivitäten seit kurzem auf der Sanktionsliste Großbritanniens. Doch das hält sie nicht zurück. In diesem Lager, diesem Außenposten bereiten wir alles vor, um jederzeit nach Gaza vorrücken zu können. Unser Einfluss wird stärker. Das erhöht die Chancen, dass wir Gaza besiedeln können. Herr Bruner, jetzt könnte man einerseits sagen, das ist eine ganz extreme Splittergruppe, die in keiner Weise repräsentativ für die Stimmung im Land ist und andererseits könnte man auch den Eindruck entwickeln, das ist eine sehr repräsentative Gruppe, die den Diskurs in Israel derzeit mitbestimmt. Ja, äh in diesen zwei Alternativen ist es klar, was meine Meinung ist. Daniela weiß, die knapp 80-jährige, man sieht sie voller Energie, wenn man Gott auf seiner Seite weiß, äh gibt das einen offensichtlich viel Kraft. Daniela Weß war im November 24 im Gazastreifen, im Norden des Gazastreifens, um auszukundschaften, wo sie Siedlungen erstellen kann mit Hilfe der Armee. Das heißt, die Armee hätte eine Zivilistin nicht in den Gaza streifen lassen dürfen. Das widersprach allen Regelungen. Aber die Armee ist immer wieder bereit, Handlanger der Siedler zu sein. Und im Moment haben wir einen Minister, der äh für die Polizei verantwortlich ist, der total mit der Siedlerbewegung, mit den gewalttätigsten Gruppen der Siedlerbewegung identifiziert ist, der selbst ein Siedler ist. Wir haben jetzt seit neuestem, seit gestern, glaube ich, einen Geheimdienstchef, der total die messianistischen Siedler unterstützt. Wir haben einen Messianisten als Finanzminister, der zuglich auch zugleich auch Minister im Verteidigungsministerium ist. Rech von Herrn Gwenbier und Herr SM und Smutrid. Das heißt, die Siedler sind im Zentrum der Regierung und im Zentrum der Sicherheitskräfte. Das sind keine marginalen äh Leute, die eigenartige Zelte aufstellen irgendwo am Rande des Gazreifens und über die man lächeln kann. Das konnte man vielleicht vor 20 Jahren, das kann man heute ganz sicher nicht. Das sind sehr gefährliche und einflussreiche Gruppen in der israelischen Gesellschaft und im Moment, ich weiß jetzt nicht, ob das weitergehen wird nach dem neuen Plan von Trump, aber im Moment halten sie die Regierung absolut in ihrer Hand. Interessant, Frau Asburg, ist ja, dass an diesem neuen Plan, diesem 20 Punkteplan, die zwei Staatenlösungen nicht explizit erwähnt wird. Sie findet überhaupt keine Nennung und es ist sicher auch richtig zu sagen, dass die Regierung Netanaro über die letzten Jahre und vielleicht über das letzte Jahrzehnt eine zweistatenlösung strategisch verunmöglichen wollte durch die Siedlungspolitik. Ist denn für Sie überhaupt noch eine sinnvolle Rede von einer Zweistaatenlösung zu formulieren vor dem Hintergrund der Tatsache, dass diese Lösung in keiner der beiden Bevölkerungen eine Mehrheit oder auch nur eine schwache Mehrheit hätte? Ja, ich glaube, ich würde gerne anknüpfen an das, was Herr Brunner vorher gesagt hat, die Idee in in Teilen bei der Gesellschaften, dass die andere Gruppe schon verschwinden würde irgendwie und dass man dann das gesamte Territorium kontrollieren würde. Diese Idee muss etwas entgegengesetzt werden und die Idee der zwei Staatenregelung ist eine Möglichkeit dem was entgegenzusetzen, was als Erzählung als als Horizont. Genau. Als politischer Horizont, um das zu beschreiben, ja, um zu sagen, es geht ja letztlich darum, Selbstbestimmung für beide Völker in diesem Territorium zu haben, eine Regelung für die palästinensischen Flüchtlinge zu finden und Sicherheit für alle, die zwischen Jordan Fluss und Mittelmeer leben zu gewähren. Und die Vorstellung ist, durch eine Zweistaatenregelung kann man das umsetzen. Ist das realistisch, dieses Projekt? Ich würde sagen, es ist dann realistisch, wenn wir tatsächlich den politischen Willen auf der internationalen Ebene aufbringen, das umzusetzen und dadurch auch wieder Unterstützung generieren können in den Gesellschaften und in den politischen Führungen. Das ist nichts, was schnell gehen wird, das wird Zeit brauchen, aber ich glaube, es braucht tatsächlich sehr stark diesen Impuls von außen jetzt, weil beide Gesellschaften nicht in der Lage sind, derzeit über Koexistenz, Konfliktregelung, Kompromisse überhaupt auch nur nachzudenken. Jetzt könnte man und ich nehme das auf, was Sie gesagt haben, Herr Brun aber auch sagen, eine Geschichte, die wir uns erzählen, an die niemand mehr glaubt, ist eine schlechte Geschichte. die Höhlt unser eigenes Sprechen aus, immer nur zu wiederholen, dass es da ein zwei Staatenlösung gäbe, dass es auch toxisch in dem Sinne, dass es als lehere Rede wahrgenommen wird und man könnte die israelische Politik derzeit so deuten, dass sie sich von dieser lehren Rede verabschieden wird. Ja, ich glaube, die israelische Politik hat sich von dieser Rede schon lange verabschiedet. Äh, das gehört irgendwie der Vergangenheit der 90er Jahre an. 30 Jahre her seit dem seit Oslo. Ja, also das ist doch einige Zeit äh die da vergangen ist, in der eigentlich nicht mehr von einer zweistaaten Lösung die Rede ist auf israelischer Seite. Im Gegenteil, es wird immer wieder erklärt, warum sie nicht möglich ist. Und ich glaube, was Frau Asseburg anspricht und wo ich ihre Position völlig äh unterstützen würde, es geht nicht um äh irgendwelche administrativen Details auf diese Art oder die andere Art, wie man das genau lösen äh muss. Aus meiner Sicht geht's darum, dass beide Seiten verstehen müssen, dass eine Lösung einen Verzicht impliziert. Man wird zu keiner Lösung kommen, wenn man nicht auch bereit ist, auf irgendwas zu verzichten. Und im Moment sind beide Seiten dazu nicht bereit. Nicht nur sind sie nicht bereit, sondern ein Verzicht wird immer als Verrat dargestellt. Taboisiert auch absolut tabuisiert. Wer von Verzicht spricht, muss sehr aufpassen auf beiden Seiten. Er wird ausgeschlossen, er wird als nicht legitim deklariert oder er kann auch Gewalt erfahren. Verzicht ist Tabu. Verzicht heißt Verrat. Nur wenn wir aus dieser Position herauskommen, werden wir auf eine Lösung zugeben können. Deshalb gehe ich persönlich überhaupt nicht in diese Ecke von zu sagen ein Staatenlösung, zwei Staatenlösung, Konfraatation und so weiter. Das sind dann politische Formen, politische Schalen, in die man das Ganze gießt. Das ist für mich jetzt im Moment nicht so wichtig. Wir sind noch gar nicht so weit. Wir müssen zuerst mal einen Diskurs in die Richtung ändern, dass auf in beiden Gesellschaften Abuasen war dazu imstande. Ja, aber heute ist er wirklich eine unwichtige Person geworden in der palästinensischen Bevölkerung, oft als Witzfigur dargestellt, jemand, den man nicht ernst nehmt. Eine Gestalt der absoluten politischen Vergangenheit, könnte man sagen, der Vergangenheit. Und das Absolute, das sie erwähnt haben, das ist Teil der Gegenwart. Man will auf beiden Seiten das absolute und nicht den Verzicht. Und aus psychoanalytischer Sicht ist die eine Position, die wird als Paranoidzoid bezeichnet von Melan Klein. Man, alles Böse ist draußen, alles Gute ist drin, ich bin absolut gut, die anderen sind absolut böse und deshalb können wir nicht zusammenkommen. Wir werden, so hofft man aus Melanie Kleinsicht genug reif. Mel Klein ist eine amerikanische Psychoanalytikerin und ph eine österreichisch englische, Entschuldigung. Ja. Ja. ähm und werden genug erwachsen, dass wir in die sogenannt depressive Position kommen können, dass wir feststellen, wir haben in uns Gutes und Böses und die anderen haben in sich Gutes und Böses und man muss da Kompromisse schließen und das ist nicht so einfach und Völker und Staaten wachsen nicht einfach auf und auch Menschen nicht einfach so. Aber Herr Brunner, jetzt verstehe ich auch, wieso Sie am Anfang gesagt haben, es ist wichtig, dass dieser 20 Punkteplan für beide ein eine Zumutung darstellt, dass sie von ihrer Absolutposition runter als erstes Zeichen. Wir können uns aber vielleicht noch mal mit dem deutsch-raelischen Philosophen Omri Böm vor Augen halten, wie er die zwei Staatenlösung seht und unter welchen Voraussetzungen sie überhaupt denkbar wäre oder nicht denkbar wäre. Im heute von Israel kontrollierten Gebiet lebt eine palästinensische Mehrheit. Die Zahlen sind etwa 50 zu 50 mit einer kleinen Mehrheit für die Palästinenser. Selbstverständlich darf man die zwei Staatenlösung immer noch verteidigen. Wer das will, bitte sehr, wir können darüber diskutieren. Es leben etwa 7 Millionen Juden und 7 Millionen Palästinenser im selben Land. Wenn man ohne ein echtes Bekenntnis zur zwei Staatenlösung daraus einen jüdischen und demokratischen Staat machen will, führt das wie erwähnt zu Formen des totalen Kriegs und endloser Zerstörung. Fraseburg, was an dieser Beschreibung auch frappierend ist, dass es da ein ausgeglichenes Zahlenverhältnis gibt von 7 Millionen und 7 Millionen, dass die israelische Gesellschaft ja auch gar nicht funktionsfähig wäre, wenn es die Krankenpflegerinnen, wenn es die Kräfte in Supermärkten gäbe. Das heißt, man weiß sich aufeinander verwiesen, man erfährt sich aufeinander verwiesen und es gibt keine politische Umsetzung dieser Erkenntnis. Man kann das wirklich von außen gar nicht richtig verstehen. Ich glaube, was wichtig ist, ist zu sehen, dass dieser Konflikt zurückgefallen ist in etwas, was ich als existentiellen Konflikt bezeichnen würde. Die existentielle Bedrohung, über die wir geschrieben gesprochen haben seit dem 7. Oktober beruht ja auf eine Vorgeschichte und die Vorgeschichte ist das Scheitern des Oslopzesses, das Scheitern eines Prozesses, der auf eine friedliche Konfliktregelung, eine Teilung ausgerichtet war und der Rückfall eben in einen existentiellen Konflikt. Wenn Sie sich die Meinungsumfragen in Israel, in den palästinensischen Gebieten anschauen, deutlich vor dem 7. Oktober sehen Sie eben die Zunahme für eine Position in beiden Gesellschaften, die sagt, wir wollen eine Einstatenregelung mit ungleichen Rechten und natürlich denkt jede Seite, dass sie diejenige ist, die dann mehr Rechte hat als die andere. Da ist das Problem schon entstanden. die Enttäuschung über die Unmöglichkeit oder wahrgenommene Unmöglichkeit, eine Regelung, die tatsächlich beiden Seiten Fortschritte bringt, jeweils unterschiedlich interpretiert in beiden Gesellschaften, wer daran schuld ist, ähm aber mit dem Ergebnis, dass Verhandlungen eine zweistatenregelung diskreditiert worden sind und darüber haben sie auch ich denke nach wie vor, es gibt es gibt keine Alternative dazu, dass man in diesem Gebiet letztlich eine Regelung findet, wie man friedlich koexistieren kann. Ich denke aber nicht, dass das Modell von dem Omri Böm sonst gerne spricht, ja, was ja eher ein föderaler iner Staat ist. Genau. Ja, dass das ist, was Mehrheiten in beiden Gesellschaften heute gegenüber einer Zweistaatenregelung bevorzugen. Der 7. Oktober und der Krieg in Gaza führen doch dazu, dass die Menschen eher Trennung wollen, dass sie nicht gemeinsam leben wollen, dass sie nicht gemeinsam ihre Zukunft gestalten wollen, sondern sie wollen Selbstbestimmung haben. Und darüber haben Sie auch ein eigenes Buch geschrieben über den 7. Oktober und der Krieg in Gas. indem sie diese Situation auch noch mal analysieren und darlegen, dann schauen wir doch mal nach vorne. Es scheint ja so eine paradoxe Situation zu sein. Man kann nicht miteinander, man kann nicht ohneinander, man weiß sich aufeinander verwiesen, man will einander auslöschen. Ihr Buch, Ihr Einsatz ist das von psychologischer und emotionaler Seite zunächst einmal aufzuarbeiten. Was wären denn jetzt aus ihrer Sicht die wesentlichen Schritte und vielleicht auch die wesentlichen Erkenntnisprozesse aus dieser narzisstischen Einspinnung, die Sie formulieren, heraustreten zu können und zwar beiderseitig? Ja, ich habe keine einfache Antwort auf auf diese Frage. Äh ich sehe mehr Probleme als Lösungen. Ähm weil sie reden von zwei Staatenlösung oder Umri Böm von dieser Utopie. Das also er bezeichnet es ja selbst als eine Utopie, einer Einstatenlösung. Aber beide Seiten sehen sich als Einheimische und sehen die anderen als Eindringling. Eindringlinge. Also es ist ja auch nicht eine Lösung, wo jetzt irgendwie zwei Gesellschaften, die sich als gleichberechtig und gleichwertig ansehen, sagen, wir trennen uns und wir machen jetzt jeder von uns macht die sein eigenes Ding, sondern jeder sieht der andere als gar nicht wirklich hier reinpassend. Und aus dieser Situation rauszukommen ist wirklich nicht einfach. Es es verlangt nur ein Umdenken, sondern ich würde sagen, wenn man das Wort so verwenden kann, ein Umfühlen. Das heißt, man muss den anderen nicht nur anders ansehen äh rational, sondern auch anders empfinden, nämlich als gleich gleichwertigen Menschen, der auch hier lebt, der auch in diesen Landesstrich zwischen dem Jordan und dem Mittelmeer hierher gehört. Und das ist eine Art der Anerkennung, der Akzeptanz des anderen, die sowohl emotional als auch rational ist. Und was sind da für konkrete Formate, dass man einander begegnet, dass man miteinander Sport macht, z.B. so etwas? Das könnte sicher helfen, aber ich glaube, es braucht einerseits Basiserlebnisse, wie das in Israel von gewissen mittlerweile immer noch sehr marginalen Gruppen versucht wird. Ich bin äh immer wieder an den alternativen Gedenktagen für die gefallenen Soldaten, wo Israelis und Palästinenser gemeinsam ihre Opfer des Naostkonflikts betrauern. Gemeinsame Trauer, gemeinsame Trauer. Das wird aber als Verrat angesehen. Wir werden mit schmutzigen Windeln beworfen, mit Urinsäcken. Von wem? Von ITM Bengwer. Jetzt ist er Minister. Jetzt tut er das nicht mehr ab. Ich kann mich an ihn erinnern, wie er da draußen stand mit dem Megafon und seine Leute uns so bewarfen. Das wird als Schändung der nationalen des nationalen Stolzes angesehen. Aber ich glaube nur, wenn man versucht solche Tabos zu durchbrechen und zu sagen, die anderen sind Menschen, die ihre Toten betrauen. Wir betrauen unsere, wir sollten das gemeinsam tun und nicht uns immer gegeneinander stellen. Das ist das eine. andere ist und das geht wieder darauf, dass Politik eben nicht nur was rationales ist oder nicht nur rational in dem Sinn, wie sie es dargestellt haben. Politik ist auch Drama, Politik ist auch großes Theater. Mohammed bin Salman könnte nach Jerusalem kommen, wie das ist der Saudiarraabische der saudi-arabische Kronprinz, wie das 1977 Sadat getan hat. eine große Geste, eine große Geste im israelischen Parlament an die israelische Bevölkerung sich wenden, wie das Sadat damals getan hat. Jetzt gerade im Rahmen dieses Trump Plans und sagen, wir sind bereit euch Kooperation und Frieden anzubieten, aber ihr müsst verstehen, dass das nur geht mit einem palästinensischen Staat. Fraseburg, zwei Einsätze. Dieses Umfühlen, ein sehr schöner Begriff, die Politik einer sehr großen Geste. Gibt es denn im 20. Jahrhundert aus ihrer Sicht überhaupt Analogien eines Versöhnungsprozesses, die für diese Situation tragbar wären. Es gab ja sehr viele größere Versöhnungsprozesse, insbesondere auch deutsche Versöhnungspolitik, z.B. mit Frankreich oder mit Polen, der Kniefall von Willi Brand als sehr große Geste. Glauben Sie auch, dass da Gesten möglich werden oder ist diese Situation so speziell, dass man sagen kann, keine vorherige Erfahrung von Versöhnung taugt als Leitfaden? Doch es gibt ganz viele Prozesse, aus denen man Erkenntnisse generieren kann und die man umsetzen kann. Und das heißt ja nicht, dass die Prozesse oder die Situationen gleich sind wie das, was wir heute in Israel und den palästinensischen Gebieten erleben. Man kann auf jeden Fall Erkenntnisse ziehen, Lehren ziehen aus dem, was in Südafrika passiert ist. Und damit setze ich nicht die Situation in Südafrika unter dem Apartheitregime gleich mit dem, was wir in Israel heute sehen. Ähm, man kann die lehren ziehen, ja, die jetzt auch gerade gezogen sind, die großen Gesten, die wichtig sind in der Vergangenheit. Ähm, ich würde glaube ich gern einen Punkt noch hinzufügen. Es geht ganz bestimmt um das die kollektive Psychologie, um die Fragen von ähm wie kommen die Gesellschaften aus dieser Verkeilung, in der sie sind raus. Aber es geht natürlich schon auch um die Bearbeitung von Problemen durch Politik und das muss meiner Ansicht nach parallel gehen. Äh wir können nicht auf einen gesellschaftlichen Heilungsprozess hoffen und warten und gleichzeitig weiter zuschauen, wie z.B. der Gasastreifen weiter dezimiert wird, wie das Annexionsprojekt im Westjordan weiter vorangetrieben wird. Also wir brauchen eben auch neben den Gesten und neben dem einander verstehen, aufeinander zugehen auf der individuellen Ebene die Politik, die versucht Regeln, die es gibt für das Zusammenleben von Völkern und zwischen den Staaten umzusetzen und dafür politisches Kapital einzusetzen. Also sicher ein mehrdimensionales Vorgehen, ganz alltäglich. in Gesten und natürlich auch in politischen Maßnahmen und damit auch Druckverhältnissen. Meine letzte Frage an Sie beide in dieser sehr schwierigen Situation in unserem Sprechen über diesen Konflikt und es ist ein Sprechen, das in jedem Land schwierig ist und fast in jedem Land zu gewissen Streit und emotionalen Verwerfung führt. Worauf wären Frau Asseburg und dann Herr Brunner aus ihrer Sicht, worauf sollten wir am meisten achten, wenn wir über diese Thematik sprechen? Ganz kurz. Das Wichtigste für mich ist, diese Polarisierung zu vermeiden und sich ganz auf eine Seite zu stellen, sondern stattdessen eben immer zu versuchen, die unterschiedlichen Perspektiven der Gesellschaften, der unterschiedlichen Mitglieder der Gesellschaften auch zu verstehen und zu berücksichtigen, die Polarisierung vermeiden. Und aus ihrer Sicht, ja, ich bin erstmal völlig damit einverstanden, dass man sich nicht in eine Schwarz-Weißmalerei einspannen lassen sollte von den verschiedenen Seiten. Das wäre eben diese Spaltung, von der ich gesprochen habe, dass die anderen sind die schlechten, wir sind die guten. Aber ich glaube, heute sind wir in einem Moment, den ich Avion Moment neen würde. Äh 38, Sommer 38 hat Roosevelt eine internationale Tagung einberufen am Genfersehen Avion. Ja. um die Lage der Juden in Deutschland und Österreich zu besprechen nach dem Anschluss, weil es klar war, dass es schlimm werden wird. Es kamen nur leere Floskeln. 32 Länder nahmen teil, erklärten alle, warum alles schlimm ist, aber nichts getan wird. Das hat sich nicht, da dürfen wir nicht bleiben. Wenn wir darüber reden, müssen wir auch darüber reden, was für Verantwortung die Welt heute dafür hat, was in Gaza geschieht. Das heißt, der Avion Moment und ich hoffe, dass das mit dem Trump Plan jetzt zustande kommt, ist eine Hoffnung, nicht unbedingt eine reale Einschätzung. Wir dürfen nicht in diesem Evion Moment stehen bleiben, wo wir nur leere Floskeln von uns geben. Das haben wir heute versucht zu vermeiden. Ich denke, wir haben es auch nicht getan, Leere Flosken, sondern wir versucht diesen sehr, sehr wichtigen und sehr, sehr schmerzhaften Prozess von verschiedenen Seiten zu beleuchten. Ich danke Ihnen sehr, Frau Asseburg und Herr Brun, dass Sie heute in der Sternstunde waren. Vielen Dank. Und hier die Links zu weiteren Sendungen zum Thema Darunter auch jene mit dem deutsch-raelischen Philosophen Omri Böhemm und der Frage, wie ohne Hass über Israel und Palästina sprechen. Genau.",OK
ec0TLCgKPmo,"[Musik] Nachdenkseiten die kritische Website [Musik] Israel und die Drecksarbeit. Kanzler März erklimmt neuen Gipfel der Verrohung und der Doppelmoral. Ein Kommentar von Tobias Riegel. Die aktuellen Äußerungen von Friedrich März sind sprachlich und inhaltlich absolut inakzeptabel. Sie stellen eine Form der Schocktherapie dar, eine Überrumpelungsstrategie, eine aggressive Flucht nach vorne. Hinter der Aufregung darüber sollen mutmaßlich die unüberbrückbaren Widersprüche der deutschen Positionen zu Russland einerseits und Israel andererseits versteckt werden. Die gleichzeitig vertretenen offiziellen deutschen Positionen zu einerseits Russland, Ukraine und andererseits Israel, Gaza, Iran, offenbaren doppelte Standards in einem Maße, dass die politische Heuchelei gar nicht mehr gesteigert werden kann. Unter vielen anderen Bereichen bei den Themen Völkerrecht, unprovozierter Angriffskrieg und Desinformation. Die Positionen widersprechen sich in so fundamentaler Weise, daß den beteiligten Meinungsmachern in Medien und Politik bei dem Thema jetzt wohl nur ein Weg offen bleibt, die totale Flucht nach vorne, der Weg der offensiven und aggressiven verbalen Schocktherapie. Diesen Weg hat nun auch Friedrich März beschritten. Mit seinen Aussagen in einem aktuellen und in vielerlei Hinsicht in Farmen Interview geht er nicht nur sehr großzügig mit zahlreichen Fakten zum Krieg und zu den Atomverhandlungen um, erklärt zusätzlich indirekt das gegenüber Russland gebetsmühlenartig betonte Völkerrecht zum Wunschkonzert, das selektiv beschädigt werden darf. Die Äußerungen von Kanzler Friedrich März sind inhaltlich und stilistisch ein neuer Gipfel der Verrohrung in der internationalen Kommunikation. So ein Vorgehen schwächt die internationale Diplomatie zusätzlich massiv. Außerdem im Lichte des israelischen Vorgehens in Gaza und Iran und der solidarischen Haltung der deutschen Regierung zu diesen Verbrechen erscheinen die hysterischen Verweise auf das Völkerrecht im Zusammenhang mit dem Ukrainekrieg nur noch lächerlich. Wie Jensberger gerade in seinem Artikel ""Ich will nie wieder das Wort völkerrecht hören"" beschrieben hat. Zitat: ""Das sind doppelte Standards in ihrer skorilsten Form."" Mit der Sprache eines Mafiosses. Zusätzlich nutzt März nun die völlig unangemessene Sprache eines Mafiosses und leistet damit einen weiteren Beitrag zu einer vor allem von oben betriebenen ganz allgemeinen Verrohung der Sprache. Diese sprachliche Verrohung von oben wirkt prinzipiell auch weit über das konkrete Thema hinaus. Immerhin gibt es auch international einige Stimmen, die März entgegentreten. So äußerte sich etwa der US-amerikanische Spitzendiplomat Robert Mley, einer der Architekten des Atomabkommens mit dem Iran von 2015 laut Medien folgendermaßen zu den Äußerungen des deutschen Kanzlers. Zwar zeigte Mley Verständnis für Israels Sicherheitsbedenken, er kritisierte aber umso mehr die Unterstützung durch westliche Staaten. Zitat: ""Dass die USA und Europa dieser Logik des Präventivkriegs folgen, ohne die Gefahren oder die ektatanten Verstöße gegen das Völkerrecht zu bedenken, ist schlichtweg erschütternd."" Zitat Ende. Auch nach innen, also auf uns Bürger in Deutschland wirken solche enthemmten Äußerungen wie die von März erschütternd. und das ist mutmaßlich eines der Ziele des Vorgehens des Kanzlers, eine massive und totale Überrumpelung. kritische Bürger sollen vor Empörung oder vor Irritation gar nicht mehr die Nerven haben, die fundamentalen und inakzeptablen Widersprüche in den offiziellen deutschen Positionen zu Ukraine und Iran zu analysieren. Dieses Audio konnte nur entstehen, weil zahlreiche Leser und Leserinnen die Nachdenkseiten fördern und durch Spenden unterstützen. Wenn Sie auch etwas tun wollen, klicken Sie einfach den entsprechenden Button auf unserer Website an. Übrigens, Sie können uns auch bei iTunes, Soundcloud und YouTube hören und wenn Sie mögen, gerne unseren Kanal abonnieren und eine positive Bewertung für uns abgeben. Wir freuen uns über Ihre Unterstützung und die Weiterverbreitung unserer Inhalte.",OK
Xv2iv3SpqHI,"Israels Premier Benjamin Netanyahu attackiert Bundeskanzler Friedrich Merz und wirft ihm vor, sich medialem Druck gebeugt zu haben. Dabei ist es die Realität in Gaza, die für viele in Deutschland nicht mehr hinnehmbar ist. Über 60.000 Tote laut palästinensischem Gesundheitsministerium, eine humanitäre Krise ohne Ende. Netanahu behar auf seinem Kurs mit einem fünf Punkteplan. Gazitel. Das klingt weniger nach Frieden als nach militärischer Dauerlösung. März zieht erstmals eine rote Linie. Ein Schritt, der die CSU verärgert, zurücklässt. Sie fühlt sich übergangen und warnt vor einem Vertrauensbruch in der Außenpolitik. Doch womöglich war genau das ein notwendiges Signal. Was meint ihr? Hat Friedrich März verantwortungsvoll gehandelt oder Deutschlands außenpolitische Glaubwürdigkeit gefährdet? Diskutiert mit uns im Kommentarbereich und abonniert unseren Kanal.",OK
qe_e2ihgQos,"Herr Schömer, wir haben es gerade gesehen. Menschen, die feiern, die tanzen, die singen, sich in den Arm einlegen. Kann das jetzt wirklich der Anfang vom Ende des Kriegs in Gaza sein? Ja, für die Angehugender der Geiseln ist es natürlich ein großartiger Moment. Ich würde sagen, wir haben jetzt den Weg, den Pfad des Friedes beschritten, aber wir sind noch nicht angekommen. Also, es werden in den nächsten Tagen am Montag sollen die Geiseln tatsächlich freikommen. Äh, es werden jetzt drei von diesen 20 Punkten umgesetzt. Ob wir wirklich alle 20 kommen, man hofft es. Es wäre großartig für die Region. Es wäre, glaube ich, für die ganze Welt positiv, wenn diese Region Ruhe kommen würde. Aber auch mit Optimismus heißt es doch noch abwarten. Sie sagen es, einige Punkte sind tatsächlich noch strittig. Da geht's vor allem um die Entwaffnung der Herr Mast. Die Terroristen lehnen das ab. Es geht um eine künftige Regierungsstruktur. Es geht um die Frage eines palästinensischen Staates. Was würden Sie sagen, was sind die größten Hürden auf dem Weg zu dauerhaften Frieden? Ne, jetzt soll auch der Grenzübergang zu Ägypten geöffnet werden, dass Hilfsgüter noch Gaza gelangen können. Die Frage ist, wären da dann auch eine mögliche Wiederbewaffnung der Hamas durchgeführt. Also es müssen auch die arabischen Partner, die man ja alle an einen Tisch bekommen hat, die müssen jetzt auch langfristig mitspielen, also auch Qatar in der Finanzierung in der Ausrüstung, dass wirklich sagt, okay, es muss jetzt begonnen werden, da den zivilen Aufbau im Gaserstreifen zu fördern und nicht jetzt eine Verschnaufpause zu haben, wo sich dann die Hamas wieder aufrüsten kann. Mhm. Ähm 20 lebende Geiseln und 28 verstorbene Geiseln sollen am Montag übergeben werden. Und im Gegenzug dazu ähm muss Israel 2000 palästinensische Häftlinge entlassen. Darunter sind Gewalttäter, darunter sind Terroristen. Wie hoch ist der Preis für Israel? Wenn ganz kurz die Bemerkung erlauben darf, an manche Medien haben wir von einem Geiselaustausch gesprochen. Sie haben das jetzt völlig richtig gesagt. Also das s verhaftete inhaf die Terroristen, die jetzt gegen Geiseln ausgetauscht werden. Die Gefahr ist natürlich da, aber natürlich die Hamas hat dann kein Faustpfand mehr. Also jetzt, wenn die israelischen Geiseln tatsächlich freigelassen werden, diese 2000 inhaftierten Terroristen zwar zurückgehen und dann die Hamasis wieder ein bisschen als Keimzelle benutzen würde, um dann wieder gegen Israel tätig zu werden, ist anzunehmen, dass Israel wieder mit absoluter mit voller Brutalität auch in den Gazastreifen hineingehen würde. Also langfristig gesehen, wie es jetzt aussieht, hat Israel eigentlich in diesem Konflikt jetzt würde ich sagen, den längeren Arten bewiesen und sie ist auch am läinst, aber das wird sich in der nächsten Woche im Detail zeigen. Mhm. Wir haben es auch im Beitritt gesehen, viele feiern nicht Benjamin Netanyaho für diesen Durchbruch, sondern viele feiern US-Präsident Donald Trump. Er hat den Deal aufgesetzt, hat wesentlich auch vermittelt. Wäre eine Einigung ohne die USA möglich gewesen? Nein, und es ist ganz interessant. Der bissche Charakter von Donald Trump war glaube ich genau das, was nötig war, um in dieser Region etwas weiterzubringen. Das ist ja ganz interessant. Alle die klassischen Experten, die gesagt haben, die unorthodoxe Art von Trump ist die größte Gefahr, wie sie jetzt zeigt, wo diese in einer unorthodoxen Region braucht man noch unorthodoxe Methoden und er spricht eine Sprache, die man dort in der Region besser versteht und es ist die Sprache der Macht. Es ist eine Region, wo Zugeständnisse auf der Schwäche ausgelegt werden und Trump wurde auch im 12 Tageekrieg mit dem Iran gezeigt, dass man gewildt ist, den Wort auch Taten folgen zu lassen und die Drohen, die er gegenüber der Hamas ausgesprochen hat, war relativ eindeutig und deshalb offenbar ist es in der Region so Kenntnis genommen worden und wir haben ja von der Türkei, selbst der Iran hat sich jetzt positiv zu diesem Deal geäußert, nahe zu alle arabischen Staaten, sogar Indonesien hat sich positiv dazu geäußert. Also im Grunde genommen war es die letzten Tage so, dass sich die gesamte muslimische Welt eigentlich gegen die Hamas gestellt hat und das ist ein einzigartiges mus man also das ist wirklich eine Leistung, die da erbracht worden ist. Mhm. Es wird morgen bekannt gegeben, wer den Friedensnobelpreis bekommt. Das Komitee hat natürlich die Beratungen schon längst abgeschlossen. Äh würden Sie sagen, Trump hätte ihnen verdient? Also, wenn man sagt auch Dom schon 2016 mit den Abraham Accords und jetzt was das stattgefunden hat, ich kann mir nicht eine ich kann mir niemanden vorstellen, der es jetzt mehr verdient hätte als wie er. Ich kann mir vorstellen, manchen wird der der Kopf brennen und die die Haare brennen, aber eigentlich wenn es jetzt tatsächlich zu einem Frieden kommen sollte, also es sind schon Nobelpreise Friedensdobelpreise für geringere Leistungen vergeben worden. Also wir werden es morgen sehen. Jedenfalls haben die Amerikaner etwas geschafft, woran wir in Europa gescheitert sind. Gleichzeitig erleben wir sehr oft, dass die Trump Administration in Europa kritisiert wird, dass sie belächelt wird, auch mal verspottet wird. Sollte uns das in Europa jetzt zu denken geben? Und das soll man uns denk geben, ich glaube man muss in in jedem Konflikt her auf die Region eingehen und man vergisst es ganz gern z.B. im Gazastreifen ist dies Durchschnittsalter der Bevölkerung zwischen 18 und 21 Jahren und die verstehen die Sprache, die Trump spricht besser als wie die die irgendein 60 70-jähriger europäischer Diplomat spricht. Und anders muss man auch dazufügen, wir waren in dieser gesamten so Bewegung, die stattgefunden hat, wir waren nicht einmal vertreten als Europäer in Ordner und Weise. Also Benjamin hat gesagt, die Europäer waren ja nicht einmal anwesend und das ist natürlich schon in einem Konflikt, der in der europäischen Peripherie im Mittelraum stattfindet, da nicht einal eingeladen zu sein. Also das ist würde ich schon sagen schon sehr erschütternd. Vielen Dank für die Analyse und das Gesprächerschellammer TV, die Streamingplattform für Liveport, Dukus und mehr.",OK
qiotZ83yMnE,[Musik] treffen sich ein Palästinenser ein Israeli ein Iraner ein Syrer eigentlich so gut wie der gesamte naheosten in einem Restaurant in Berlin was tun sie richtig sie tanzen Galileo Reporter MTE will wissen wie dieses miteinander funktionieren kann hier im israelisch palästinensischen Restaurant Kanaan in Berlin das Motto K Geschäftsführer sind David und Israeli und Palästinenser für die beiden kein Widerspruch die sind sich wirklich ähnlicher als man denkt weißt du also wirklich sehr ähnlich delbe Weib dieselbe Musik dasselbe Essen und genau deshalb servieren sie gemeinsam essen aus dem Nahen Osten Jahren lernen Sie sich über Bekannte kennen und die Idee für das Restaurant entsteht doch beinah scheitert das Projekt noch bevor es richtig losgeht als ich Jalil Humus probiert habe dachte ich mir ich kenne diese Art von palästinensischenem Humus den will ich nicht ich will unseren israelischen verkaufen undal hat sofort gesagt okay warte lass uns doch das Beste aus meinem und deinem Familienrezept nehmen und gemeinsam was Neues kreieren und es war unglaublich der Plan das Humus Rezept von OS israelischer Großmutter mit dem von jalils palästinensischem Vater kombinieren doch die Idee mit dem Restaurant hat nicht nur Freunde seitdem greifen uns sowohl Rechte als auch linke Gruppen an und wie fanden es ihre Familien wächst im Westjordanland auf in einer siedlergegend seine Familie ist politisch eher Mitte rechts sein Vater arbeitet beim Militär und auch OS dient 5 Jahre lang in der israelischen Armee seine Familie ist nicht grundsätzlich gegen eine Zusammenarbeit mit einem Palästinenser aber sie raten OS vorsichtig zu sein Palästinenser Jalil wächst bei seiner Familie im israelischen Ort Ramla auf 30 Minuten von telaviv entfernt sein Vater hat ein Restaurant und arbeitet auch dort schon mit Israelis zusammen hat in Israel wenig Berührungspunkte mit palästinens ich sag immer dass es fast schon lustig ist dass ich den ganzen Weg nach Deutschland fliegen musste um mehr über Palästinenser zu erfahren und das obwohl ich gerade mal 300 m von einem palästinensischen Dorf entfernt aufgewachsen bin ihr Restaurant soll ein Ort für Verständigung verschiedener Kulturen sein deshalb auch der Name Kanaan erus derel zeichnet das Land von Abraham dem Vater der Christen Juden und Muslime nicht nur Israelis und Palästinenser arbeiten hier ein Mitarbeiter ist aus Syrien ein anderer aus dem Libanon und auch der Iran ist vertreten unser Reporter Mitte will auch mit ihnen reden aber die aktuelle Lage macht es schwierig manche von euren mitarbeiten haben etwas Angst vor der Kamera zu reden sie haben nicht nur ein bisschen Angst sondern richtig viel sie würden ihr Leben riskieren Ländern wie Iran oder Syrien würden sie ihre Familien gefährden sie könnten nicht mehr so einfach ein und ausreisen wie Sie es wollen deswegen ist es sehr schwer für sie vor der Kamera zu stehen warum ist das ein Problem für sie deren Regierungen erlauben diese Art von Zusammenarbeit mit Israelis nicht es ist einfach ein großes Risiko für Sie bei unserem Besuch spüren wir wie friedlich und familiär die gesamte Stimmung im Laden ist doch vor ein paar Wochen steht das alles vor dem Aus der 7 Oktober der Angriff der Hamas auf Israel OS ist in Deutschland und Jalil bei seiner palästinensischen Familie in Israel sie erzählen uns wie sie diesen Tag erlebt haben ich habe Hass und WD gefühlt ich konnte es mir nicht mehr vorstellen zurück ins Kanaan zu kommen mein Gedanke war das war's wir hören auf an dem selben Tage habe ich Jalil gesagt dass wir schließen all die Male als mir Personen gesagt haben trau den Palästinensern nicht wi bist du eigentlich und dann dachte ich mir mein Gott wie dumm sind wir dass wir glauben wir könnten etwas schaffen und damit alle Probleme hinter uns lassen ich habe wirklich den Verstand verloren ich habe realisiert dass es diesmal etwas anders ist nicht wie die Angriffe sonst nicht wieder einfach nur Raketenangriffe ich habe ein paar Stunden abgewartet und war nur geschockt ich habe geweint sorry aber bitte gib mir mal ein Moment alleine dass wir nur darüber reden ah ich glaube ich muss mich gleich übergeben ich muss irgendwas essen me wir brechen kurz ab machen die schlimmen Ereignisse immer noch sehr zu schaffen auf seinen Wunsch entschließen sich beide damals das Restaurant vorerst zu schließen zu groß ist der Schmerz Jalil ruft alle 10 Minuten bei OS an hat ein offenes Uhr für ihn für OS ist es eigentlich vorbei mit kan das war das schwierigste Gespräch das wir je geführt haben ich rief Jalil an und habe ihm gesagt ich kann einfach nicht mehr ich kann Kanaan nicht wieder öffnen das einzige was ich will ist zurück nach Israel zu der der der Armee genau es reicht ich trte der und plötzlich hieltal seinen kleinen Sohn an den Hörer und auf einmal habe ich gespürt wie alles aus mir floss meine ganze Wut alles war weg das ist der Moment als ich realisiert habe das sind auch Menschen auf der anderen Seite jetzt wollen die beiden erst recht für Frieden einstehen es ist wichtig sich nicht an die Angst sondern an die Hoffnung zu klammern als wir das taten und uns an der Hoffnung festhen hat man den Unterschied gemacht es gibt viel positivesed Präsident steinme lädt Sie zu einem runden Tisch zum Thema friedliches Zusammenleben ein der Krieg in Nahost hat auch das Leben hier in Deutschland verändert deswegen hat sich unser reportermer im Vorfeld eine persönliche Frage immer wieder gestellt als jemand der nicht direkt betroffen ist vom nuskonflikt ich bin kein Palästinenser bzw stamme auch nicht aus Israel wie soll ich reagieren was kann ich tun wie kann ich helfen soll ich protestieren und auf Demos gehen ich weiß aktuell einfach nicht was das Richtige sein könnte das Richtige was man tun kann ist für Frieden zu kämpfen ich denke wir müssen zeigen dass alle Menschen die Palästinenser und die Israelis Rechte haben sollten auch jeweils ihr eigenes Land und bis es nicht soweit ist wird es weiterhin Krieg geben und was du im Speziellen machen kannst zeig beide Perspektiven und die guten Sachen nicht nur das Schlechte nicht nur die Kämpfe mehr Menschen wie uns Projekte die versuchen Palästinenser und Israelis zusammenzubringen in ihrem Restaurant organisieren sie auch gemeinsame Kochkurse für muslimische und jüdische Frauen so kommen sich die Menschen näher entdecken Gemeinsamkeiten und bauen Vorurteile ab um die Gemeinsamkeiten geht es auch in ihrem Kochbuch neben den palästinensischen und israelischen Rezepten erzählen sie viele Geschichten aus ihrem Leben also kein Nahostkonflikt sondern eine nahostfusion kulinarisch und kulturell doch das klappt nur weil sie sich gegenseitig zuhören und auch versuchen die andere Perspektive zu verstehen der Erfolg gibt ihnen recht das Kanaan ist komplett ausgebucht als ich zum ersten Mal gehört habe dass wir hierher gehen und dass es ein Restaurant ist welches von einem Israeli und einem Palästinenser geführt wird habe ich mich einfach nur gefreut ich finde das also ausgezeichnet dass es sowas gibt gibt ja viel zu wenige Orte wo sowas stattfindet und außerdem ist das Essen auch noch gut ein Ort der Leute zusammenbringt bei dem Essen als total wertvoll und ich die den Weg um Menschen zueinander zu bringen so wie den israelios und den Palästinenser J ist mein bester Freund das kann ich heute sagen er ist nicht nur ein Freund mehr als ein Partner mehr als ein Bruder er ist alles für mich trotzdem bei einer Frage werden sich die beiden nie einig wer ist der bessere Koch wird mir sicherlich zustimmen ich koche besser weißt du wir lösen viele Probleme zwischen uns aber das das werden wir nicht ich meine wenn er Jerusalem will kann er Jerusalem haben von mir aus nimm die einfach alles aber ich bin der bessere [Musik] Koch,OK
QdtcgQp-b6o,7 Oktober 2023 früh am Morgen in Israel hunderte junge Menschen tanzen auf einem Festival plötzlich fallen Schüsse die Hamas ermordet rund 1200 Menschen und verschleppt 250 weitere als Geiseln es folgt ein Krieg mit 10 000 Todesopfern in Gaza und der nächster Krieg mit schon etlichen Toten läuft gerade im Libanon an und zwischen Israel und dem Iran das Leid ist überhaupt nicht auszuhalten der 7 Oktober hinterlässt an so vielen Orten Spuren zum Jahrestag des 7 Oktober schauen wir heute auf die Geiseln die Hamas soll noch immer etwa 120 Menschen in Gaza gefangen halten warum sind sie immer noch nicht frei und wie blicken die Israelis auf die Versprechungen ihrer Regierung ich bin Regina Steffens und das ist Shortcut moriel karlisch aus dem auslandsrortpiegel ist heute da ausnamsweise in Hamburg und nicht in N Ost du berichtest seit dem 7 Oktober letztes Jahr über alles was in der Region los ist hallo Morel hallo Regina schön dass ich da sein darf ja es freut mich du hast mit Familien von Geiseln gesprochen die viel erleiden müssen mit Überlebenden die auch viel erleiden mussten gleichzeitig ist da dieses große Leid in Gaza man muss irgendwie immer vermeiden das auch nicht gegeneinander aufzuwiegen wie gehst du damit um also ich glaube mir persönlich hilft es am meisten dass ich eigentlich seit Anfang an über beide Seiten Berichte also klar in den ersten Wochen nach dem 7 Oktober war es natürlich viel Israel m aber im vergangenen Jahr habe ich auch oft aus dem Westjordanland berichtet über die Situation der Palästinenser in den Gazastreifen dürfen wir leider nicht einreisen nach wie vor und ich glaube dass wenn man sich beide Seiten einer Geschichte anhört und mit beiden Seiten den Menschen naher kommt dann hilft es eigentlich schon da auch empathisch zu bleiben und ich glaube das ist das Wichtigste um dann das Leid nicht gegeneinander aufzuwiegen dass man eben sieht beide Seiten haben Recht auf ihr eigenes Leid und das Leid der anderen Seite wird eben auch nicht weniger nur weil das andere existiert und das ist mir immer sehr bewusst wenn ich dort unterwegs bin mhm ich möchte mit dir jetzt ein Jahr zurückgehen wir beginnen beim 7 Oktober 2023 die Bilder von Shani Luke sind nach dem 7 Oktober überall sie ist deutsch Israelin 22 Jahre alt und war auf dem Supernova Festival an der Grenze zu Gaza Shani lebt nicht mehr sie ist unmittelbar nach dem Massaker gestorben ihre Leiche wurde aber erst im Mai gefunden warum hat gerade dieser Fall so viel Aufsehen erregt ich glaube das hat zwei Gründe einerseits ist eben dieses schreckliche Video von ihr verbreitet worden und zwar noch während der Angriff der Hammers auf Israel lief und viele von uns haben das natürlich gesehen ich habe es öfter gesehen als ich das gern würde und das bleibt sind natürlich Bilder die bleiben ein im Kopf das ist die eine Seite das eben anhand dieses Videos dieses die Grausamkeit dieses Angriffs wirklich sehr plastisch wurde der zweite Grund ist dass die Mutter von chaniny Ricarda Luke sich sehr früh entschieden hat an die Öffentlichkeit zu gehen sie hat schon an dem Tag hat sie ein Video selber aufgenommen indem sie sich eben auf Deutsch sie ist deutsche sie ist in Rensburg geboren und hat eben von Anfang an gehofft dass Deutschland mehr tun kann als Israel dass in diesem Moment halt in einem Zustand des Chaos versank um ihre Tochter zurückzubringen und nahm eben dieses Video auf und wendete sich an die Weltöffentlichkeit und damit war eben auch die Geschichte dieses Videos war eben direkt mit einer Familie verknüpft und sie war eben auch von Anfang an sehr bereit ihre Geschichte zu erzählen und ich glaube auch deshalb ist es so groß geworden weil sie eben das sehr bewusst in die Welt getragen hat M also in dem Video sieht man wie sie ja um Hilfe bittet ihre Tochter zu finden du hast dann Ricarda Luke mehrmals während der letzten Monate getroffen also wie war es mit ihr über das Schicksal ja ihrer Tochter zu sprechen das allererste Mal habe ich tatsächlich schon am Abend des 7 Oktobers mit ihr telefoniert und ich habe sie dann ein paar Tage später zum ersten Mal in Israel getroffen ich persönlich fand es immer schwer mit ihr darüber zu reden nicht weil sie es mir schwer gemacht hat im Gegenteil sie macht es einem sehr leicht sie hatte immer eine also schon an dem Abend hatte ich den Eindruck sie wir wirkt so sie sie wirkt ruhig sie war gar nicht ruhig aber nach außen hin wirkte sie immer ruhig und nicht als würde man jemand verzweifeltes ausnutzen und trotzdem ist dann dieses Gefühl das bleibt es gibt im Journalismus ein Begriff es nennt sich witwi schütteln dass man eben quasi den Hinterbliebenen nachstellt in gewissem also in bestimmten Situation kann man davon auch sprechen und das ist nicht wirklich die Art von Journalismus die ich mache ich mache eigentlich politischen Journalismus gesellschaftsjournalismus und eben sozusagen also mit Menschen über ihr sehr privates Leid öffentlich zu sprechen das fand ich nicht unbedingt immer leicht aber wie ich das eben schon auch sagte sie hat es mir irgendwie leicht gemacht weil bei ihr war immer sehr klar sie will das sie will darüber sprechen und ich zwinge sie jetzt nicht zu irgendwas was sie was sie eigentlich nicht möchte wie hat sie denn auf dich gewirkt auch als dann klar wurde ma ja Shani lebt nicht mehr also dass sie nicht lebt nicht mehr lebt das ist ja tatsächlich schon deutlich früher klar geworden schon Ende Oktober haben sie im gaserastreifen Splitter vom Schädel gefunden wo klar gesagt worden war sie also wenn an diese Stelle des Kopfes geschossen wurde dann kannst du nicht leben sie sagte damals eigentlich sei sie irgendwie erleichtert natürlich nicht dass ihre Tochter tot ist aber dass eben diese Hoffnungslosigkeit oder die bzw eben nicht Hoffung losigkeit dass dieses dass dieses hoffende etwas könnte noch kommen Neuigkeit ein Bild irgendwas was dann aber immer alles nicht kam dass das ein Ende findet und m sie hat dann am Anfang solange es eben noch keinen Körper gab den haben sie eben erst im Mai gefunden da gab es natürlich am Anfang immer noch so ein so ein kleinen Gedanken ich glaube das ist auch total normal dass man denkt na ja und was wenn das gar nicht stimmt aber je länger die Zeit dann verstrich desto klarer wurde ja eigentlich okay ihre Tochter ist tot und sie kommt nicht zurück es gibt allerdings auch gar positive Nachrichten nach dem 1 Oktober wenn z.B auch Geisen zurückkam ich denke da vor allem an Noah agamani ich hoffe richtig ausgesprochen die nach 8 Monaten befreit wurde also wie präsent ist insgesamt wenn es zwischen Trauer und auch D mal Freude hin und her geht das Schicksal der Geiseln in Israel das ist wahnsinnig präsent also man hat ja oft das Gefühl wenn man sich die Debatte im Rest der Welt anschaut dann hat sich die Aufmerksamkeit schon klar nach Gaza verschoben ich denke dass das in ein gewissen Maße nachvollziehbar ist weil dort einfach so viele Menschen tot sind und die Zerstörung immens ist m nichtsdestotrotz darf man eben nicht vergessen dass die Israelis immer noch mehr als 100 Menschen vermissen wir wissen nicht wie viele von denen tot sind es wird davon ausgegangen dass es dutzende sind die schon gar nicht mehr leben und dann so eine Rückkehr wie von Noah das macht ganz viel mit der Bevölkerung man muss sich das vorstellen wenn man in Tel Aviv ist du siehst überall es gibt so dieses Symbol von so einer kleinen gelben Schleife die quasi als Symbol für den geiselprotest entstanden ist das siehst Du überall das wird an Hochhäuser geworfen das Tragen die Menschen an ihrer Kleidung auf ihren T-Shirts überall und solange diese Geiseln noch am gaserstreifen sind ist es für sie auch nicht möglich zu Z zu einer Normalität zurückzukehren also einerseits sehen wir jetzt hier ein Jahrestag also es ist der Jahrestag des 17 Oktobers und andererseits kann man auch sagen dieses Ereignis das ist noch gar nicht abgeschlossen solange die Geiseln noch in Gaza sind ist es nicht vorbei mhm also man ist sozusagen gedanklich auch noch vi bei diesem 7 Oktober 2023 absolut also gerade in den ersten Monaten haben mir viele Leute erzählt dass sie sagten der eigentlich ist der Kalender stehen geblieben es hört nicht auf der 7 Oktober passiert wieder und wieder und wieder und natürlich in gewisser Weise geht es trotzdem weiter aber emotional für viele halt nicht jetzt hast du gesagt der 7 Oktober wiederholt sich immer wieder das war vielleicht auch so als es um den 23-Jährigen herrsch Goldberg Polin ging also auch ein junger Mann der auf dem Festival an der Grenze zu Gaza war und bei einer Befreiungsaktion der israelischen Armee das war im August ähm in einem unterirdischen Tunnel gefunden wordurden also sechs Leichen und seine war darunter also warum hat das dann bis zum August auch gedauert ihn zu finden zum einen wir wüssen also wir wüssen das sowieso nicht so genau die israelischen Geheimdienste dürfen dann ein bisschen mehr wissen aber selbst die wissen nicht immer wo die Geiseln sich aufhalten das liegt eben daran dass sie oft unterirdisch festgehalten werden eben in diesen Tunneln oder teilweise auch eben unter der Zivilbevölkerung oft wechseln die Orte das heißt deren Aufenthaltsort zu kennen ist gar nicht immer gegeben ähm oder eben dann sehr nah an Zivilisten und wir haben ja gesehen oder wir sehen ja was passiert wenn in israelische das israelische Militär irgendwie an einem Ort wie Raffa wo wahnsinnig viele Menschen aus dem gazerstreifen hingefloren sind kämpft ähm sterben auch sehr viele Zivilisten tausende ja ja genau und ähm da genau also das ist sozusagen ein Faktor es geht einfach was die Geiseln angeht langsam voran und zum anderen werden auch diese Einsätze immer gefährlicher also die dass sie die Körper von den sechs Toten Geiseln gefunden haben das fällt zeitlich ja sehr eng zusammen damit dass eine weitere Geisel gerettet werden konnte und zwar ein beduinischer Mann und so wie ich das jetzt oft gehört und gelesen habe war es halt einfach so dass die Hamas Aufpasser dieser Geiseln halt gemerkt haben okay das Militär ist in deren Nähe und dann haben sie den Geiseln in den Kopf geschossen damit sie sie nicht bekommen und das hat in Israel eben wirklich noch mal für Entsetzen gesorgt es haben tatsächlich Leute zu mir gesagt dass es wie als wäre wieder 7 Oktober weil das eben also gerade herrsch aber auch kam gat z.B das waren einfach sehr prominente Gesichter ich weiß nicht ob das zynisch ist es zu sagen aber es ist einfach so bestimmte bestimmte Geiseln bestimmte geiselfamilien sind einfach prominent ja deren Geschichte wird wieder und wieder zeigt und herch Goldberg poulin und kamat gehören auf jeden Fall dazu und deshalb war das besonders schlimm für die dass diese Menschen eben nicht nur schon gestorben waren sondern wirklich exekutiert wurden ja das merken wir ja sogar auch hier dass jemand wie herrsch Goldberg pulin irgendwie eine prominente Person ist es gab eine corio bei Werder Bremen z.B im Stadion das ist mir dann aufgefallen die israelische Regierung hat den Menschen in Israel versprochen wir bringen die Geisel zurück alle wir befreien sie wenn man das aber so von außen betrachtet und sieht was in Gaza seit Monaten passiert kriegt man total den Eindruck okay geht's wirklich eigentlich nur darum ähm welche Mittel nutzt Israel dann konkret um die Geisel zu befreien die israelische Regierung hat ja eigentlich von Anfang an gesagt dass die ähm Bodenoffensive und der Krieg am Gazastreifen eben zwei Ziele hat das eine ist die Zerstörung der Hamas und das andere ist die Rücker der Geiseln und ähm es ist halt schon so dass die dass es die Idee gab insbesondere am Anfang dass eben durch also dass man sie entweder häufiger selber befreien kann wie das eben zum Teil schon geschehen ist z.B im Juni wurden ja drei Geiseln befreit unter anderem n argamani und zum anderen aber eben auch dass der militärische Druck den Israel aufbaut auf die Zivilbevölkerung im gaserstreifen und damit eben auch auf deren Herrscher die Hamas dazu führt dass sie in verhand die eigentlich seit Anfang an von Anfang an geführt wurden dass sie da bereit sind mehr zu also mehr mehr zuzugeben ne und das ist aber letztlich einfach auch nicht passiert und es gab eben einen Geisel Deal im Ende vergangenen Jahres bereits da sind viele Menschen sind freigelassen worden im Gegenzug gab es eine ganz kurze Waffenruhe und auch sehr viele palästinens Gefangene wurden zurück in den gaserstreifen gebracht und seitdem passiert das aber einfach nicht mehr und es gibt Verhandlungen e es werden eigentlich und durch Unterhändler wird in entweder in Kairo in Ägypten oder in Qatar wird verhandelt aber zu einem Deal g kam es seitdem nicht mehr das war im November ich will gleich noch mal mit dir über diese Deals sprechen bleiben wir noch mal kurz bei dieser Versprechung wir befreien die Geiseln wie sehr glauben eigentlich die Menschen in Israel auch noch an diese Versprechen ein Jahr später mm ich glaube das kommt sehr darauf an mit wem in Israel man spricht die Bevölkerung ist sehr gespalten ja also es gibt irgendwie ein eher liberalen Teil der z.B in den Küstenorten wie Tel Aviv wohnt oder Haifa es gibt aber eben auch sehr sehr konservative Menschen also sehr rechts eigentlich und das sind auch die die eben dazu geführt haben dass die Regierung von Benjamin Netanyahu so wie sie ist jetzt an der Macht ist und diese Menschen wollen den Krieg und ähm sie wollen nicht dass dieser Krieg endet bevor ähm die Hamas vollständig zerstört ist und auch nicht wenige von denen wollen nicht dass dieser Krieg endet bevor der gaserstreifen äh zerstört ist ja das gilt nicht das gilt nicht ansatzweise für alle Menschen in Israel aber gibt es aber es gibt diese Menschen und diese üben halt Druck auf die israelische Regierung aus und das wird dann eben auch durch so Menschen wie itam bengwiia der ähm Sicherheitsminister wird es halt umgesetzt der dann wiederum seinen seinen Druck eben seinen Einfluss auf Benjamin Netanyahu gelten macht und dann gibt's aber eben auch noch die andere Seite und das sind eben meistens eher die Liberalen Israelis die sowieso keine besonderen Fans von Netanyahu sind und die sind entsetzt also viele von denen können einfach nicht fassen dass es jetzt ein Jahr ist dass diese Menschen immer noch im gaserstreifen gefangen gehalten werden sie werfen Tahu vor dass er den Krieg verlängert aus eigenen aus eigenem Kalkül im Dezember soll ein Prozess gegen ihn beginnen zwischendurch waren seine Umfragewerte wirklich sehr schlecht und sie sagen okay er will halt unbedingt an der Macht halten deshalb geht dieser Krieg immer weiter Prozess gegen ihn weil es ist ein bisschen kompliziert aber im Prinzip geht's um Korruption und das ist das werfen sie ihm vor und man sieht es eben auch jede Woche am Samstag demonstrieren Angehörige der Geiseln aber e auch viele Unterstützerinnen und Unterstützer in Tel Aviv und gerade eben nach dem Tod dieser sechs Geiseln wo eben auch HCH dabei war da waren zetausende manche sagen mehr als 100.000 also Menschen auf der Straße es war riesig ja und man sieht eben auch es gibt auf der einen Seite gibt es eine Unterstützung aber auf der anderen Seite gibt es eine wahnsinnige Wut auf die israelische Regierung und das Gefühl dass sie eben nicht genug tun Wut und dann auch ein Misstrauen dass diese Versprechen nicht wirklich eingehalten werden absolut also ähm es gibt viele Menschen die glaube ich gerade sagen würden dies wird einfach äh nicht wahr gemacht außer man zwingt sie man muss sagen dass das nicht nur auf der Seite der Israelis liegt also insbesondere in den vergangenen Wochen und Monaten ähm hat man gesehen dass der Anführer der Hamas im Gazastreifen sinoir auch es nicht besonders eilig hatte diesen Krieg zu beenden und das gehört auch auch immer zur Wahrheit dazu wir sehen die Zerstörung im Gasastreifen und wir sagen Israel ist schuld und das stimmt auch in also stimmt natürlich auch sie sind diejenigen die das sehr stark bombardieren aber es ist eben auch die Hamas die sich zwischen der Zivilbevölkerung verschan es ist auch die Hamas das ist auch sinir der sagt nee wir dial machen wir jetzt nicht und insofern gehört das auch zur Wahrheit mit dazu wenn wir bei diesen Protesten bleiben du sagt es eben jeden Samstag 10tausende mit unter auch mal 100ertausende kannst du das noch an dem Beispiel fest maachchen wenn es Prominente Geisen gab gibt's jetzt vielleicht auch prominente Kritikerin oder Angehörige die immer noch darauf warten der dass ihre ihre Familienmitglieder zurückkommen ja absolut also es gibt da mehrere ich habe im vergangenen Frühling habe ich eine von denen getroffen einf sauke heißt die ihr Sohn matan ist Geisel im gaserstreifen und enf ist ich fand sie eine Wahnsin nicht interessante Frau weil sie eigentlich das Lager gewechselt hat zu Beginn des Krieges oder vor dem Krieg war sie was man in Israel B ein BBI ist nennt also sie hat eigentlich ihr ganzes Leben Benjamin Netanyahu gewählt und stand eben auch für diese also sie stand hinter dieser rechten Politik der Regierung und sie fand es gut und sie dachte auch am Anfang des Krieges versprach netannahu wir holen eure Kinder und eure Angehörigen zurück und sie dachte ja das wird er tun er hat es versprochen er wird es tun und und für sie gab es aber eben im das war auch im im späten Winter frühen Frühling Moment wo sich das für sie geändert hat wie sie mir damals erzählte als sie auf einer Veranstaltung war wo eben auch Netanyahu mit den Angehörigen der Geiseln sprach und er sagte wir werden alles tun um eure Angehörigen zurückzubringen und jemand fragte so ja aber was werdet ihr denn tun also was was tut ihr denn er sagt ja wir werden alles tun und hat nicht gesagt was sie tun werden und das war für sie der Moment in dem das gekippt ist und wo sie gesagt hat okay es bringt nichts bringt nichts auf diese Regierung zu vertrauen es wird mein Kind nicht zurückbringen und seitdem und dann ist sie zum ersten Mal ihr in ihrem Leben auf eine Demonstration gegangen und wird und seitdem steht sie jede Woche eigentlich dort und ist wirklich eine der eines der prominentesten Gesichter in Israel und so unfassbar wütend und wünscht sie sich ein geiseldeal ja sie sagt das ist letztlich die einzige Möglichkeit sie glaubt eben nicht mehr daran dass mit dem Krieg ähm ihr Sohn zurückkehrt und sie sagt auch ähm vielleicht kehrt er zurück aber dann halt eben im SAR muss jetzt mal kurz schnaufen entschuldige über geiseldiels haben wir schon gesprochen wir haben es schon angeschnitten ich möchte noch mal mit dir darauf eingehen weil es eigentlich nur diesen einen gab im November 2024 wo dutzende Geiseln freikamen im Tausch gegen inhaftiert Palästinenser bisher gab es aber sonst noch kein warum scheitern diese Deals eigentlich immer wieder wenn doch auch der Druck der Bevölkerung da ist also es gibt verschiedene politische Punkte an denen sich das aufhängt z.B eben wer kontrolliert ein eine große Streitfrage war die das Philadelphia Korridors das ist quasi die Grenze von Gasastreifen zum nach Ägypten wer kontrolliert das und aber grundsätzlich muss man eigentlich sagen die große das große Problem ist was passiert mit dem Gazastreifen wenn der Krieg vorbei ist oder ist es okay wenn dieser Krieg vorbei ist ja und bislang war halt einer der großen Streitpunkte war halt immer die Frage nach einer Waffenruhe was passiert als nächstes ist das dann das Ende des Krieges oder will die israelische Regierung sich das vorbehalten danach wieder zu kämpfen das sind über die sich die Verhandlungsparteien einfach niemals einig geworden sind weil also der hamasanführer im gaserastreifen möchte dass das dass der Krieg endet und Israel sagt vielleicht noch nicht wer könnte denn aktiv werden oder müsste jetzt aktiv werden dass endlich ein Geisel die noch mal zustande kommt na ja also man muss halt sagen es sind schon sehr viele Leute die ganze Zeit aktiv man kann die Flüge von Anthony blink dem es Außenminister in die Region kaum noch zählen auch Annalena berbuck war wirklich oft dort es wird versucht zu verhandeln äh es wird auch versucht von den USA Anreize zu setzen teilweise Druck aufzubauen ähm auf verschiedene also auf beide Seiten äh das hat bislang alles nicht funktioniert und deshalb muss ich auch sagen fällt es mir gerade schwer darauf eine gute Antwort zu geben weil eigentlich gibt es keine es wurde wirklich vieles versucht jetzt sehen wir gerade der Krieg verschiebt sich Richtung Norden ja im gaserstreifen sind kaum noch israelische Soldaten stationiert stattdessen sehen wir jetzt eben eine Bodenoffensive im Libanon und damit ist eben nicht nur nicht nur die Truppenstärke weg vom giserstreifen sondern eben auch die Aufmerksamkeit und das macht natürlich auch vielen Angehörigen der Geiseln wahnsinniger Angst dass sie sagen okay hey jetzt kämpft ihr im Norden gegen die hisboll und ihr vergesst unsere Angehörigen würde dann ein geiseldal vielleicht auch helfen diese komplette Eskalation Gaza Libanon ist gerade angesprochen irgendwie zu beenden also ich würde sagen vor ein paar Wochen haben das noch alle gehofft also auch der Krieg gegen die Hisbollah hat ja letztlich begonnen als die Hisbollah am 8 Oktober quasi als Unterstützung für die Hamas angefangen hat in einem geringen Umfang raket auf den Norden Israels zu schießen und Hassan nasrala der vor kurzem getötete bisheriger Anführer der hbollah hat immer gesagt wenn der Krieg im Gazastreifen endet dann endet auch das hier und die israelische Regierung hat jetzt gesagt dass sie ihn unter anderem deshalb getötet haben weil er gesagt hat sie quasi diese Konflikte gehören zusammen und sie wollen wollten gerne die Rechnung verändern für die hisboll sagen okay ähm das das sozusagen dass der eine Krieg endet nicht bedeuten muss dass der andere Krieg endet oder umgekehrt das ist gerade das Problem also bis vor ein paar Wochen hätte ich gesagt ja ein geiseldiel hätte beides beenden können ähm aktuell sieht es nicht so aus als wäre das noch erwünscht also ich glaube dass ein geiseldeal vorerst zu einer Waffenruhe in gaserstreifen führen könnte das gilt weiterhin nur hat halt gerade also viel letztlich ist der die Verhandlungen sind praktisch tot das heißt nicht dass sie wieder aufgenommen werden nicht wieder aufgenommen werden können aber aktuell finden sie quasi nicht statt obwohl immer noch Gespräche stattfinden aber es gibt keine relevanten Vorstöße womit der Krieg im Norden gegen die Hisbollah endet ist frag also fraglich also die Israelis haben gesagt die Bodenoffensive es sei jetzt eben ein kleines kleiner Einsatz der geplant sei und es soll jetzt eben keine große soll kein großer kein dauerhafter Konflikt werden aber der Krieg im giserstreifen dauert jetzt auch schon fast fast ein Jahr und damit hatte am 7 Oktober 2023 auch noch niemand gerechnet wenn ihr regelmäßig Shortcut Folgen schauen und hören wollt dann abonniert uns doch gerne bei Youtube oder Spotify für heute sage ich vielen Dank an moriel dass sie da war danke schön vielen Dank und euch vielen Dank fürs dabei sein bis zum nächsten Mal [Musik],OK
IfBOzePpOhs,es ist ein Albtraum aus dem Joni Levi seit einem Jahr nicht aufwachen kann die Bilder dieses Albtraums wurden festgehalten in einem Video gefilmt von den Terroristen der Hamas Jonis Tochter Naama wie sie mit gefesselten Händen aus einem Auto gezerrt [Musik] wird die Bilder die den Albtraum des Vaters zeigen gingen um die Welt ein Jahr ist seit dem vergangen die junge Israelin ist noch immer in der Gefangenschaft der Terrororganisation ein Albtraum der nicht enden will ich vermisse sie sehr am Anfang war es Angst um ihr tägliches Leben wenn man von einem Leben sprechen kann und Wut aber in den letzten paar Wochen beginne ich die Zeit zu spüren es beginnt mir schwer zu fallallen sie mir [Musik] vorzustellen das bedeutet auf Hebräisch die angenehme erst wenige Wochen leistete sie ihren Wehrdienst bei der Armee ab als sie am 7 Oktober auf einem Militärstützpunkt in der Nähe des Gazastreifens gefangen genommen wurde bis heute habe ich das Video nicht gesehen ich sah ein paar Ausschnitte aber aber ich entschied mich es nicht zu tun ich ziehe es vorich auf zu koneren ich will das Blut und die Schürfungen und die angstfüllten Augen nicht sehen als die Hamas nach 51 Tagen die ersten Geiseln freiließ erfuhr die Familie dass Naama in den Tunneln der Hamas gesehen wurde sie lebte [Musik] immerhin ich Verse of ihr die enerie senden wir du wirst es schaffen du wirst überleben die Chancen dass der Vater seine Tochter bald wiedersieht stehen derzeit schlecht die letzten Gespräche zwischen der Terrororganisation Hamas und Israel wurden ergebnislos abgebrochen in meinen Träumen werde ich sie einfach nur umarmen und sen alles ist jetzt [Musik] okay das ist das Ende des Films wir wissen es wird dauern bis wir wieder ein normales Leben führen werden aber für uns wird das Kapitel abgeschlossen wenn wir sie wieder in unsere Arme schließen können [Musik],OK
UJcfWSopprI,diesen Moment fand ich persönlich sehr spannend achtet dabei mal auf die AFD und auf die linke im Bundestag Hass gegen Israel und gegen unsere jüdischen Mitbürgern und Mitbürger freien Lauf lassen das ist abscheulich das ist menschenverachtend das Wieders spricht allen Werten den wir als Land verpflichtet sind Hass und Hetze nehmen wir nicht tatenlos hin wir trauern und wir bangen mit euch mal klatschen sie mal aber nicht wenn Bundeskanzler Olaf Scholz über die Situation in Israel und im Gazastreifen spricht das hat mich tatsächlich zum Nachdenken gebracht und zugegeben meine politische Expertise journalistisch liegt jetzt wenige darin außenpolitische und auch historische gewachsene problemherde zu erklären dafür empfehle ich tatsächlich Mr wison to go sein Video zu Israel das findet ihr im i verlinkt aber was ich sehr wohl erklären kann ist wie deutsche Parteien eigentlich zu Israel stehen welche israelpitik verfolgen die einzelnen Parteien wie positionieren sich die großen deutschen Parteien die im Bundestag vertreten sind zu Israel heutzutage auch schon kurz vor dem Krieg und damit willkommen zurück zu einem neuen Video und übrigens abonniert gerne wenn ihr mehr Videos sehen wollt welchen ihr ja Politik einfach klärt bekommt und wir starten mit der Partei DIE LINKE so ein Blick in das Grundsatzprogramm gibt einen ersten Aufschluss darüber wie sie Israel betrachten sie sagen sie treten für das Existenzrechts Israels ein auf Grundlage der besonderen Verantwortung Deutschlands den ostkonflikt wollen sie mit einer Zweistaatenlösung beenden Zitat damit die völkerrechtliche Anerkennung eines eigenständigen und lebensfähigen palästinensischen Staates auf der Basis der Resolution der Vereinten Nation entsteht so Ende 2023 schreibt die Linke außerdem noch das hier die Linke steht für das Existenzrecht Israels und eine friedliche zwei staatenlösung in den Grenzen von 1967 mit Ostjerusalem als Hauptstadt ein souveränes sicheres Israel an der Seite eines souveränen sicheren Palästina einschließlich der Möglichkeit einvernehmlichen Gebietes gebietaustauschs auf Grundlage der UN-Resolution und dennoch ist es gar nicht mal so einfach die Position der Linken zu Israel unter einen Hut zu bringen und zu verallgemeinern denn innerhalb der Linken gibt es sehr viele verschiedene strömmungen auch eine propalästinerstümmung die sich deutlich kritischer gegenüber Israel äußert und solidarischer ist mit den Palästinensern auf der anderen Seite gibt es aber auch beide der Linken eine proisraelstümmung die eher an die vorhin erwähnte historische Verantwortung Deutschlands appelliert gegenüber dem jüdischen Volk und sie befürworten deshalb eben auch eine zwei staatenlösung neutrale gibt es in der Linken tatsächlich aber auch so lhnte die Linke in der Vergangenheit aber Waffenlieferung nach Israel ab dass die Linke sich vielleicht mehr als andere für Rechte von Palästinensern einsitetzt erklärt übrigens gorgisi der Linken so Zitat die Leute dort leben in ärmlichen und benachteiligten Verhältnissen und die Linken sind nun mal auf der Seite der Unterdrückten kommen wir zur AFD wie schon Anfang 2022 bezüglich des Krieges Russlands gegen die Ukraine wiederholt sich die Geschichte der AFD auch hier denn damals wie heute öffnet die aktuelle Situation einen innerparteilichen Streit der fast in Vergessenheit geraten ist oder zumindest bis jetzt öffentlich nicht ausgefochten wurde denn auch innerhalb der AFD gibt es verschiedene Strömungen auch wenn im offiziellen Grundsatzprogramm und Wahlprogramm von 2021 nichts konkretes darüber steht machen politikexerten seit Jahren schon aus dass die kritische Strömung gegenüber Israel innerhalb der AFD wo die Überhand gewonnen haben soll gegenüber nämlich einer proisraelischen strümmung die in Israel einen wichtigen Verbündeten im Nahen Osten sehen und die deshalb auch das Existenzrecht Israel zu unterstützen AFD parteichf Tino kopala äußerte sich übrigens zur aktuellen Situation in Israel so Zitat der Angriff deras auf Israel ist zu verurteilen ich trauer um alle Kriegstoten jetzt müssen Staaten der Region auf Deeskalation setzen um ein Flächenbrand abzuwenden diplomatie ist das Gebot der Stunde eine tragfähige Lösung für alle Seiten muss das Ziel sein so und diese Aussage von kopala löste innerhalb der AFD und auch außerhalb ziemlich viel Empörung aus warum Zitat die über 1000 Opfer der hamasterroristen setzt kupala hier mit den getöteten Terroristen gleich er schreibt Kriegstote obwohl es sich um einen mörderischen Terrorangriff handelte während die USA Flugzeugträger vor der Küste Israel beordert appelliert der AFD Vorsitzende vor allem an die Staaten der Region und spricht Israel indirekt das Recht auf Selbstverteidigung ab politische Beobachter sehen bei der AFD dass sie sich immer mehr von der Westbindung also den USA lösen will generell und eine gute Beziehung zum Iran oder auch zu Russland wolle das Konzept dahinter heißt multipolare Weltordnung also das zurückdringen der USA aber mehr Annäherung hin zu Russland China und beispielsweise auch dem Iran kommen wir zu den Grünen fangen wir bei den Grünen mal damit an was im Grundsatzprogramm steht und da heißt es Zitat die Existenz und die Sicherheit Israels als nationale Heimstätte des jüdischen Volkes mit gleichen Rechten für all seine BürgerInnen sind unverhandelbar für Frieden und Sicherheit braucht das eine zwei staatenregierung mit der Schaffung eines souveränen lebensfegen und demokratischen stat des Palästina auch forderten die Grünen in der jüngsten Vergangenheit dass Deutschland Israel unterstützen solle bei der Bewerbung um eine nicht ständige Mitgliedschaft im UNO Sicherheitsrat insgesamt betrachtet ist die Haltung der Grünen anders als bei der AFD oder bei den Linken eindeutig pro Israel wenn gleich auch innerhalb der Grünen ja in der Vergangenheit Israel oder israelische Siedlungsaktivitäten im Westjordanland kritisiert wurde Nummer Beispiel als die groko von 2018 die Bundesregierung einen Antrag im Bundestag gemeinsam mit den Stimmen von FDP und Grüne durchbringen wollte der laut der damaligen groko Regierung die Beziehung zwischen Deutschland und Israel würdigen sollte da sagte dann der kovorsitzende der Grünen nuripur zum Antrag auch dass sie übrigens die Grünen stimmt noch nicht mit dem Antrag mit also er sagte das hier Zitat ebenso blendet er also der Antrag der damaligen Bundesregierung die problematischen Aspekte der israelischen Politik aus besonders die seit über 50 Jahren andauter Besatzung sagte er eben zum Spiegel so Heß es unter anderem im neuen grünen Papier was die Grünen damals sozusagen auch zur Abstimmung im Bundestag Freigaben der Staat Israel sich behaupten doch dies bedeutete für Hunderttausende PalästinenserInnen und Palästinenser Flucht und Vertreibung die FDP die schreibt in ihrem Grundsatzprogramm Zitat das Existenzrecht Israels als jüdischer Staat ist für die FDP unverzichtbare konstante liberale Außenpolitik wir treten für dieses Recht in sicheren Grenzen ein und gleichzeitig für eine dauerhafte und gerechte Friedensordnung im Nahen Osten die FDP will eine Zweistaatenlösung sie sagen israel hat ein Recht auf Verteidigung der eigenen B völkerung des eigenen Staatsgebietes andererseits sind sie aber auch für die Schaffung eines ja souverän demokratischen und lebensfähigen Staates Palästina Zitat deshalb sehen wir mögliche Schritte Teile des westjordlands vökerrechtswidrig zu annektieren mit Sorge Zitat Ende auch bei der Union findet man ein paar ähnliche Punkte zwei staatenlösung Existenzrecht für Israel und letzteres als deutsche Staatsraison das besagt dass die Interessen übrigens des Staates über alle anderen Interessen gestellt wurden als eine staatsrant wenn die Staatsmacht der Ansicht war dass es dem Interesse des Staates dienen würde könnten beispielsweise Gesetze aufgehoben und sogar die Rechte der einzelnen Menschen missachtet werden der Staat stand also über allem das mal so als Einordnung was staatsreson eigentlich bedeutet aber das mit der staatsresor ist natürlich so eine Sache also wie weit geht ein Staat um das einzuhalten würde man beispielsweise im Falle von Israel auch militärisch helfen da sind die Parteien auch die CDU CSU sich nicht ganz schlüssig die Union betont übrigens auch wirtschaftliche Zusammenarbeit zwischen Deutschland und Israel und grundsätzlich ist es eher eine positive Haltung gegenüber dem Staat Israel geprägt ist aber die Israelpolitik der Union sicherlich auch von Angela Merkel durch sie sollte die CDU Israel als jüdischen Staat anerkennen und Zitat die von Merkel angestrebte weitere Vertiefung der Beziehungen mit Israel ging oftmals auch damit einher dass sie israelische Position übernahmen ohne diese mit den deutschen Interessen ihrer Bedeutung für den Friedensprozess auch abzugleichen und ohne sich zu vor mit ihren europäischen en abzusprechen der Friedensprozess rückte hingegen in den Hintergrund bei der SPD sieht man auch erstmal ähnliche Muster auch sie fordern das Existenzrecht Israels und eine zweist staatenlösung mit einem unabhängigen palästinensischen Staat die SPD will mit den USA und europäischen Partner Zitat neue Initiativen zur Wiederbelebung des nahostfriedensprozesses unterstützen aber sie sagen auch Pläne zur Annexion lehnen wir kategorisch ab es muss zu einem Stopp des völkerrechtswidrigen si Baus kommen das letzte Mal als die SPD an der Macht war also unter Gerhard Schröder und mit den grün als Koalitionspartner Ende der 90er Jahre Anfang der Nullerjahre der setzte Deutschland auf eine tiefergehende Zusammenarbeit im Bereich Wissenschaft Forschung Technik mit Israel aber damals Zitat konnte Israel insbesondere deutsche Rüstungsgüter immer wieder zu Vorzugspreisen oder unendgeltlich erhalten geral Schröder der damalige Bundeskanzler sagte damals dazu das hier Zitat Israel bekommt was es für die Aufrechterhaltung seiner Sicherheit braucht und bekommt es dann wenn es gebraucht wird übrigens in der Videobeschreibung findet ihr einen tollen langen Bericht über die Beziehung zwischen Deutschland und Israel und wie er sich über die Jahre inin Weg entwickelt hat also schaut da gerne mal vorbei die SPD hat aber zum Staat Israel ein grundsätzlich positives Verhältnis so das zu den deutschen Parteien gibt es etwas was euch überrascht hat oder was ihr vielleicht auch noch nicht wusste schreibt mir das gerne mal in die Kommentare wichtig ist mir nur dass wir echt respektvoll bleiben in den Kommentaren und dass wenn ihr euch austauscht das eben mit Anstand passiert dann so sonst muss ich Leute blockieren oder auch hier ghosten in den Kommentaren und übrigens ich spreche auch mit Gregor Gesi jetzt schon bald im Interview auch sicherlich über das Thema Israel das Interview findet ihr dann hier sobit online ist danke euch fürs zusehen und bis zum nächsten Mal euer Marvin und bis dann,OK
OmEvdpN6MkE,"Ja, herzlich willkommen auf der Pressekonferenz der Linken. Heute wird der Vorsitzende der Linken, Jan von Arken zu folgenden Themenstellung nehmen, dem Zukunftsentscheid in Hamburg, dem Erfolg gegen Mietwocher in Berlin und der Freilassung der Geiseln in Gaza. Danach ist wie immer Gelegenheit zu fragen. Ja, schönen guten Tag. Das ist ja ein richtig schöner Montag, der Montag der guten Nachrichten heute. Die Geiseln sind frei. Außerdem wurde in Hamburg ein Volksentscheid gewonnen und in Hamburg haben wir Mitwo in Berlin Mitwocherprozess gewonnen. Äh freut mich sehr mal zu so zu so einer Pressekonferenz auch einladen zu dürfen. Äh bevor wir zur Weltpolitik kommen, fange ich erstmal bei mir zu Hause an in Hamburg. Das hat mich persönlich natürlich besonders gefreut, dass dort dieser Volksentscheid äh für soziale Klimapolitik gewonnen wurde. Der Zukunftsentscheid, der ist schon ganz besonders ähm aus zwei Gründen. Zum einen, weil ich sag mal, die gesamte Geldite Hamburgs, alles was an der Elbstoffsee wohnt, alle Fraktionen der Hamburger Bürgerschaft außer der Linken, das Hamburger Abendlatt, alle waren gegen diesen Zukunftsentscheid und trotzdem haben wir das gewonnen. Ich glaube, das ist auch wirklich ein Sieg für die Demokratie. Äh, Geld kann sich nicht alles kaufen, sondern manchmal gewinnt eben auch die Mehrheit der Menschen. Das ist schon mal eine gute Nachricht. Und die zweite gute Nachricht ist, was wir daraus lernen, ist Klimaschutz ist dann mehrheitsfähig, wenn sozial gedacht wird. Das ist der Kern dieses äh Volksentscheids gewesen, dass man sagt, Klimaschutzmaßnahmen, es werden die Klimaziele vorgezogen um 5 Jahre in Hamburg, aber immer auch sozial gedacht. Z.B. natürlich müssen mehr Wohnung äh Wärme gedämmt werden in Hamburg. Das darf aber nicht zu Lasten der Mieter und Mieterin gehen. Solche Punkte waren da ganz zentral und ich glaube, dieser sozialgedachte Klimaschutz ähm der ist mehrheitsfähig. Das haben wir jetzt in Hamburg noch mal gesehen. Jetzt ähm schon die die regierende SPD Grünkoordung gleich schon wieder gesagt, Bürgermeister Chenschaff von der SPD sagt, na ja, in den nächsten zwei Jahren wird sich erstmal nichts ändern. Ähm, die grüne äh Senatorin Pflegebank sagt, jetzt erstmal kein kein kein Grund zur Hektik und so weiter. Ähm, das hört sich für mich so an, als ob die jetzt die nächsten Jahre wieder aussitzen wollen. Und ups, 19 2035 ist es denn zu spät, denn doch die Klimaneutralität bis 2040 durch umzusetzen. Das braucht richtig viel Arbeit und Kreativität jetzt das umzusetzen. Da muss man jetzt mit anfangen und nicht sagen, jetzt haben wir erstmal ein paar Jährchen Zeit. ähm denn würde diese rotgrüne Senat das genauso verb verpennen wie die anderen Regierungen. Ähm das ist so ein Moment, wo ich jetzt richtig froh bin, dass es die Linke gibt, so und dass die Linke auch in der Hamburger Bürgerschaft vertreten ist und dass wir da hervorragende Fachleute haben, die jetzt jeden Tag kontrollieren würden, dass dieser Volksentscheid auch wirklich umgesetzt wird. Die sind ja gesetzlich bindend in Hamburg und Volksentscheid. Das müssen die jetzt umsetzen. Die haben da überhaupt keine Wahl. Das war früher mal anders. Vielleicht erinnern Sie sich, da gab es mal ein Volksanscheid gegen die Privatisierung von Krankenhäusern. Da hat von Boss gesagt, mir doch egal, was die Mehrte der Hamburgerin sagt, hat's trotzdem verkauft. Seitdem sind sie aber bindend. Deswegen bleiben Chens und Fägerbank überhaupt nichts anderes übrig, als es jetzt umzusetzen. Und an dieser Stelle noch mal ein Dank an alle, die diesen Volksentscheid möglich gemacht haben, die ihn auf dem Weg gebracht haben. Es ging ja ursprünglich von Frid for Features aus. Haben sehr viele Menschen in Hamburg mitgeholfen. Auch die Linke war mit dabei. Danke an alle. Die zweite gute Nachricht kommt aus Berlin. Ähm, ich finde ja, wir brauchen endlich eine Mietcherpolizei. Es gibt so viele Mieten, die illegal hoch sind. Das gibt so viele richtig kriminelle Vermieter und niemand verfolgt das. Und da gibt es jetzt einen Schönfall in Berlin, der zeigt, wie es auch anders gehen kann. In Berlin gab es jetzt ein Urteil, dass eine Vermieterin wegen Mietwucher verurteilt wurde. Die muss jetzt 26 000 € Strafe zahlen, Bußgeld zahlen. Das finde ich super. völlig verdient. Ähm und die Mieterin, die kriegt 22 000 € zurück. Äh und ich finde das richtig toll. Das freut mich für die Mieterin. Die ist jahrelang ausgepresst worden. Jetzt kriegt sie das Geld zurück, was ja illegalerweise abgepresst worden ist. Ähm möglich wurde das Ganze in Berlin nur, weil unsere linke Stadtretin Regine Sommerwetter jemanden eingestellt hat, der Mietcher verfolgt hat, ne? Das heißt, wir haben da jetzt eine Mietprüfstelle in Friedrichsrehein Kreuzberg Aufdruck der linken Stadtretin ist das passiert. Das konnte deswegen verfolgt werden. Deswegen gab es jetzt diesen Prozess. Das ist gut und ich finde, wir brauchen jetzt eine Mietwucherpolizei überall in Deutschland oder um das mal im Formal Deutsch zu sagen, wir brauchen eine Flächen, wir brauchen flächendecken kommunale Mietprüfstellen in jeder Kommune und überall. Ähm, das geht doch nicht, dass die kriminellen Vermieter, das ja teilweise richtige Vermietermaffas, die es da gibt, irgendwie, dass die nicht verfolgt und bestraft werden. Das muss jetzt richtig überall auch passieren. Dafür müssen Leute eingestellt werden. In Thüringen hat die Linke so ein Antrag eingebracht und in Thüringen haben wir die besondere Situation, dass die Minderheitenkoalition dort auch auf Stemm der Linken angewiesen ist für ein Haushalt. Deswegen gibt's sogar die Möglichkeit, dass dieser Antracht durchkommt und wir dann zumindestens in Thüring schon mal eine Miet Mietwucherpolizei haben. Das finde ich gut. Für alle anderen, die nicht in Thüringen wohnen oder die nicht in Friedrichsheim Kreuzberg wohnen, ähm wir als Linke haben die Mietwucher App. Da können Sie zumindestens für Ihre Wohnung schon mal gucken, ob Sie bei der Lage in dieser Ausstattung und so weiter, ob Ihre Miete nicht so weit überhöht ist, dass Mietbucher vorliegt. Dann brauchen Sie aber immer noch jemand in der Verwaltung, der das mit verfolgt. Bei Mietwoche gibt's ja auch ein Problem, dass das juristische so schwer zu ahnen ist. Sie müssen im Grunde genommen nachweisen, dass die Vermieterin diese überteuerte Miete genommen hat und ihre Notlage ausgenutzt hat. Das ist immer relativ schwer zu erreichen. Manchmal klappt es wie jetzt in Berlin, das ist eine schöne Nachricht, aber wir wollen das Gesetz ändern. noch in diesem Jahr wird die Linke im Bundestag einen entsprechenden Gesetzentwurf einbringen, äh damit die Verfolgung von Mietbucher auch juristisch einfacher wird. Und das ist gar keine linke Idee. Auch die Bayern ähm äh verfolgen das so, also das äh gab auch schon, ich glaub beim Bundesrat Abstimmung, die genau in die gleiche Richtung ging. Also eigentlich müsste die Mehrheit dafür endlich da sein. Und da wir gerade über Berlin und Mieten reden, äh noch eine Gratulation hier an dieser Stelle. Der Berliner Landesverband hat ja letzte Woche 11 Erhalb als Spitzenkandidatin für die Wahl hier im nächsten Jahr zum Abgeordneten Haus nominiert und ich glaube, das wäre eine extrem gute Nachricht für alle Mieter und Mieterinnen in Berlin, wenn 11 Eralb Bürgermeisterin wird und wir spielen auf Sieg hier in Berlin. So, jetzt komme ich zu Gaza. Ich habe das heute morgen ja live verfolgt die ganze Zeit. Mittlerweile sind die letzten 20 noch lebenden Geiseln frei und das freut mich sehr. Ähm, ich bin vor fast zwei Jahren war ich auch in Tel Aviv in der Kapland Street mehrfach unterwegs. Habe mit Angehörigen gesprochen, die dort äh äh die Informationsstände aufgebaut haben bei den Demonstrationen, wo es um Waffenstillstand, Freilassung der Geiseln ging. Jetzt hat es zwei Jahre gedauert, über zwei Jahre, bis die letzten 20 freigekommen sind. Ich freue mich unendlich für die Männer und für ihre Familien ähm, dass jetzt das Leiden endlich vorbei ist. Ähm, ich habe ja ansonsten viele Fragen an den Friedensprozess, aber ich finde, dafür muss morgen Zeit sein. Heute ist erstmal nur ein Tag der Freude, dass es endlich gelungen ist, dass alle Geiseln freikommen. Das ist auch für das gesamte Israel eine unfassbar gute Nachricht. Ich kann das ungefähr nachempfinden, was da gerade für eine Stimmung herrscht. Freue mich sehr. Ähm, Kios Dam hat jetzt ja nach England eingeladen zu einer Wiederaufbaukonferenz zu Gaza. Finde ich auch sehr gut. Ähm, es muss klar sein, dass natürlich am Ende die Palästinenserinnen und Palästinenser entscheiden müssen, wie wann wo da wieder Aufbau stattfindet. Nicht, dass den irgendwer da plötzlich 20 Luxushotels am Strand baut, aber ähm das ist jetzt die wieder Aufbaukonferenz gibt, ist gut, dass Deutschland sich beteiligt an dieser Konferenz, ist auch gut. Äh möchte nur einen Satz noch kurz anmerken. Ausminister Wadefu hat in der aktuellen Stunde letzte Woche gesagt, dass sie sich jetzt für The Day After vorbereiten, also nach dem Friedenschluss. Das ist gut. muss Deutschland unbedingt machen, aber man darf den Tag davor auch nicht vergessen, denn dieser Friedensprozess ist noch sehr sehr fragil. Ob es wirklich hält, wissen wir nicht. Und ich glaube auch jetzt braucht es weiterhin Druck auf die Hamas und auf die israelische Regierung, damit es wirklich zu dem Friedensprozess kommt, dass er bis zum Ende auch fortgeschrieben wird. Und da hat auch die deutsche Bundesregierung eine Verantwortung weiterhin Druck auf die israelische Regierung auszuüben. Aber das kommt morgen. Heute ist erstmal nur ein Tag der Freude. Wie gesagt, das war der Tag der guten Nachrichten. Ich danke Ihnen. Ja, Herr Jah schon nach dem Morgen. Ähm, welche Rolle kann denn Deutschland ihrer Meinung nach beim weiteren Friedensprozess in Nahenosten spielen? Und die Entwicklungshilfeministerin hat ja einen dreistelligen Millionenbetrag zugesagt. Reicht das ihrer Meinung nach oder wo sehen Sie da die Prioritäten für eine deutsche Nahpolitik? Also ein dreistiger Millionenbetrag reicht wahrscheinlich nicht. Das kommt drauf an, inwi weit sich Israel selbst an den Reparationen beteiligt. Ich finde, da muss man auch die israelische Regierung ähm in in die Pflicht nehmen. Ähm und Deutschland muss weiter Druck auf die israelische Regierung ausüben, dass sie wirklich sich an diesem Vertrag hält. Wir dürfen nie vergessen, es gibt die zwei wasche Faschisten in der Ninja Regierung, die bis jetzt jeden Friedensprozess torpediert hatten. Wir hatten schon mal vor 6ch Monaten ja auch einen langfristig angelegten mehr Friedensprozess, der nach Phase 1 von der israelischen Regierung gebrochen wurde. Damit das nicht wieder passiert, wäre ich dafür, dass die Bundesregierung sich an den Europäischen Staaten anschließt und z.B. an der Aufhebung des Assoziierungsaltkommens weiterarbeitet. Ähm, weil der Druck muss aufrecht erhalten werden, auch der ökonomische Druck auf die israelische Regierung, weil sonst befürchte ich, setzen sich die Faschisten wieder durch, die beiden Faschisten in der israelischen Regierung. Ähm, ich habe noch mal eine Frage zum zur Einigung im neuen Wrdstmodell. Die Koalition hat sich ja drauf geeinigt, dass es ja vielleicht ein Losverfahren geben könnte eben, um die Leute zur Musterung einzuladen und wenn es nicht genug Freiwillig gibt, auch ein sechs monatiges Werpflicht einzuführen. Was halten Sie denn davon? Ich bin völlig gegen jede Art von Werrpflicht, egal ob gelost oder nicht gelost. Ähm ähm das darf nicht kommen. Und mir hat auch noch niemand in der Bundesregierung sagen äh können, warum jetzt genau diese Zahl von 200 irgendwas eine genaue Zahl hören wir auch nie, ne? ähm äh 1000 äh Menschen äh Dienst an der Waffe machen müssen. Jedes Mal, wenn wir im Bundestag nachfragen, auch in in Geheimsitzung, kommt nie eine konkrete Zahl und nie eine konkrete Begründung. Und wenn ich mir angucke, dass die europäischen Staaten tatsächlich 1,4 Millionen Menschen unterwaffen haben, Russland 1,2 Millionen Menschen, frage ich mich, warum muss es jetzt unbedingt in Aufru geben? Das hatten wir noch niemand mit Zahlen und Fakten belegen können. Deswegen bin ich auf jeden Fall gegen jede Art von Werpflicht und dieses Losmodell. Ich muss ja an die Tribute von Panem denken, ne? Vielleicht jeder Jugendliche, der in seinen ersten 18 Jahren mal Bürgergeld bezogen hat, kriegt dann noch ein Los mehr reingeworfen oder was ist hier jetzt die Wergerechtigkeit? Gibt es weitere Fragen? Herr Wutweg, letzte Woche fand ja im Kanzleramt ein erneuter Auto gefüllt statt. Am Tag zuvor wurde sich wohl auch in Koalitionskreisen über das Aus vom Verbrenner aus unterhalten. Einigen konnte man sich noch nicht. Ähm aus ihrer Sicht ähm macht die Koalition da gerade eine gute Figur bzw. macht sie genug, um diese ganze Unsicherheit, die ja in dieser Branche gerade steckt, irgendwie in den Griff zu kriegen und um die Branche auch zu unterstützen? Sie tut genug, um die Branche zu verunsichern. Also dieses ganze hin und Her geht doch nicht. Ich meine, in der Autoindustrie wissen alle, sprechen Sie mit Leuten, die bei VW am Band stehen oder sprechen Sie mit den Managern. Alle wissen, dass es Verbrenner auskommt. Und dieses ganze Hin und Her, das ist tot. Das ist wirklich der Tod für diese Branche, für die ganze Automobilindustrie. Da muss Klarheit her. Ich bin dagegen noch irgendein dieser Termine zu verschieben, das Verbrenner aus kommt und das muss kommen und da jetzt noch mal dran zu schrauben. Äh, das äh führt, glaube ich, in Disaster für die Autoindustrie. Eine Nachfrage? Äh, was halten Sie denn von dieser Variante mit dem Rage Range Extender? Also, sprich, dass dort eben jetzt noch mal ein zusätzliches kleine kleine Tür geöffnet wird, den Verbrenner doch noch ein bisschen länger ähm am Laufen am Leben zu halten? Na ja, das ist wie gesagt Teil dieser Verunsicherung, also mit allen egal ob sie das Range Extender nennen oder ob sie das Verbrenner aus dem ein Z oder 5 Jahre verschieben und so weiter, das schafft Unklarheit. Also vor allen schürt das vielleicht die Hoffnung, okay, wenn wir genug Druck machen, kriegen wir das noch mal hin, kriegen wir das noch mal hin. Die deutsche Autoindustrie verpasst den Anschluss und die rechtzeitige Umstellung. Am Ende kann das ins richtige Desaster führen. Dann hat man sich vielleicht z d Jahre kauft und mehr nicht. Ich finde das alles einen derartigen großen Fehler und das Irre ist ja, alle die heute noch am Verbrenner bauen, wissen, dass das Ende da ist. So, die wissen auch, dass man sich auf was anderes einstellen muss und die schütteln nur noch mit dem Kopf. Gibt's weitere Fragen? Das sehe ich nicht. Dann danke ich für ihre Aufmerksamkeit und wünsche eine gute Woche.",OK
gzfWA4L_LCs,"Das Midburn Festival ist die israelische Version des berühmten Burningman, das alljährlich in der Blackrock Wüste Nevadas gefeiert wird. Party, Rausch und Kunst. Mitten in der Negefwüste bei Erat laufen die Vorbereitungen für das Festival auf Hochtouren. Auch beim Mitburn ist das Wahrzeichen eine gigantische Holzstatue. Dieses Jahr vereint die Gestalt einen weiblichen und männlichen Körper. [musik] Highlight und Abschluss ist das Verbrennen der Statue. Das ist der Platz, wo man sitzen und dem Staub entkommen kann und Or feiert. Quatsch. Es ist verboten, Orgien im Zelt zu feiern oder scheiden sich die Geister. Na, nicht nackt. Sex kein Sex. Also macht was ihr wollt. Seid ihr selbst. Radikal bedeutet Full Power, dass niemand anderen sagt, wie er sich benehmen soll. [musik] Es gibt das Vorurteil über uns mitbner, dass es nur um Nacktheit und Sex geht. Das ist so, denn Israel ist ein relativ konservatives Land. Aber wenn Sie herkommen, merken Sie, dass es hier viel tiefgründigere Dinge gibt als nur Sex Drugs in Druck and Roll. Was sich im Mitbn abspielt ist, dass Menschen zusammenkommen, um von sich selbst etwas zu geben, um für eine Woche einen alternativen Ort zu erschaffen. Hier ist es möglich zu leben, es ist möglich zu tanzen und das alles auf Basis eines Regelwerks der radikalen Unabhängigkeit. [musik] Alles kann hier passieren. Im Prinzip ist es einfach eine Woche, um der Realität zu entfliehen. Kein Zweifel, du machst Menschen mit deinem Essen glücklich. Ich bring dir Basilikum. Kannst du es ins mexikanische Gericht geben? Okay. Ilona besucht gemeinsam mit ihren Freunden Maya und Rubi das Festival. Maja und Rubi sind frisch verlobt, beide führen ein säkulares Leben. Sie versuchen, die Vorstellungen ihrer Familien von einer traditionellen Hochzeit mit ihren eigenen Wünschen in Einklang zu bringen. Mir wäre es lieber, auf die ganze Hochzeitszeremonie zu verzichten und einfach unser Leben zusammen zu leben. Aber seine Familie ist religiös und deshalb müssen wir es nach traditionellen Vorschriften machen. Bis zu meinem 20. Lebensjahr war ich religiös und habe nach den Regeln der Torah geliebt. Meine ganze Familie ist immer noch religiös. Ich habe mich vor etwa 9 Jahren vom religiösen Lebensstil verabschiedet, aber da ist etwas in mir, das diesen Teil immer noch sehr mag. [musik] Die Vorbereitungen des Festivals sind geschafft. Am [musik] nächsten Tag kann das Event endlich starten. Maja und Ilona bereiten sich auf die Partys vor. Es wird getanzt, gefeiert und [musik] die Freiheit genossen. Das Mitbn folgt einem Regelwerk. Es beschreibt die Kultur und die Werte der feiernden Gemeinschaft. Dieses Regelwerk beinhaltet zehn Grundsätze. [musik] Neben der radikalen Selbstständigkeit gehören auch Leben ohne Spuren, Inklusion, Teilhabe, bürgerliche [musik] Verantwortung und radikaler Selbstausdruck zur Leitidee des Festivals mit dem Ziel, eine bessere Welt zu erschaffen. [musik] [musik] Auf dem Midburn gibt es über 100 unterschiedliche Camps. Jedes hat sein eigenes Thema. beispielsweise gibt es ein Schlafcamp, ein Wildwest, Kissenschlacht oder Karaoke Camp. Der Kreativität sind keine Grenzen gesetzt. Auch ein Free Love Camp gibt es auf dem Festival. Filmen dürfen wir drinnen leider nicht. Unser Geschenk für das Midburn Festival sind Workshops zum Thema Sexualität, Workshops für Anfänger, was bedeutet gegenseitiges Einverständnis und Workshops für Fortgeschrittene wie z.B. wie Halsorgasmen. Es gibt alles mögliche. Heute fand gemeinsame Masturbation statt. Wir reden davon, Scham, Schuld und Angst aus der Sexualität zu entfernen. Unsere Vision ist es, in die Festivalkultur etwas zu bringen, das sich Konsenskultur nennt. In Israel haben wir eine sehr militante Kultur. Sie ist sehr machohaft und das Thema der intimen Kommunikation, der Einwilligung ist etwas, über das nicht viel geredet wird. eben ein Festival der Kunst, der Fantasie, Selbsterfahrung und eines [musik] anderen Umgangs miteinander. Jerusalem gilt als eine der ältesten Städte der Welt. Mit beinahe einer Millionen Einwohnern ist sie die größte Stadt Israels. Für die drei Weltreligionen Islam, Christentum und Judentum ist sie als heilige Stadt [musik] von größter Bedeutung. In Israel sind etwa 74% der Bevölkerung jüdisch. Nur 13% der Israelis sind ultraorthodox. Jedoch liegt der Bevölkerungszuwachs innerhalb dieser Gruppe bei 4% und ist somit höher als in allen europäischen Ländern. wach mal [musik] bei ultraorthodoxen Jünen und Juden wird in Sachen Liebe nichts dem Zufall überlassen. Am Abend kann man in [musik] Hotellobbys und in öffentlichen Parks junge Paare beim Dating beobachten. Um den perfekten Ehepartner zu finden, gehen Sie zu sogenannten Schiduchs, arrangierten Heiratsvermittlungen. Diese werden organisiert und angeleitet von einer Matchmakerin. [musik] Hat sich ein paar gefunden, geht die Braut zu einer Frau wie Rani. Hi, wie geht? Komm rein. Han ist Sexualalaufklärerin für junge Bräute. Sie vermittelt, wie Sexualität und Judentum vereinbar sind. Sie lehrt die Hala. Hala ist eine Sammlung von Gesetzen. Das hier ist eine Sammlung von Büchern mit sehr vielen Hallachot. Man muss sich einfach hinsetzen und sie lernen. Wenn eine Frau zu mir kommt, lehre ich sie Gebote, die nur der Frau gegeben wurden. Im Judentum hat die Frau eine besondere Kraft. Es wurde geschrieben, Frau Weisheit hat ihr Haus gebaut. Ab dem Schulalter herrscht eine strenge Geschlechtertrennung. Jungen und Mädchen haben bis zur Ehe keinen Kontakt. Aufklärungsunterricht erhalten die jungen Bräuter also erstmals von Hani. Bis heute haben sie über dieses Thema nicht geredet. Es kann zwar sein, dass sie ein paar Sachen gehört haben, aber nichts eindeutiges. Und ich bin diejenige, die ihnen den Weg weist und sie zu dem richtigen Platz in ihrer Ehe führt. Auch in der Ehe gelten strenge Regeln. Zwei ganze Wochen im Monat, während und nach der Periode darf das Paar nicht miteinander schlafen. Selbst Berührungen sind tabu. So ist es verboten, sich etwas rüberzureichen. Es ist verboten, vom selben Teller zu essen, im selben Bett zu schlafen. Es gibt viele Gebote, die wir lernen müssen, damit die Trennung vorschriftsmäßig eingehalten wird. Ich sehe dich. Siehst du mich? Wie geht es dir? Wie schön dich zu sehen. K ist eine der Bräute, die Unterricht bei Hanny nimmt. Auch sie hat erst kürzlich ihren zukünftigen Ehemann durch Heiratsvermittlung kennengelernt. [musik] Für sie war es nicht die Liebe auf den ersten Blick. Mein zukünftiger Ehemann schon beim ersten zweiten Mal gewusst, dass ich die eine bin, dass er mit mir den ganzen Weg gehen will. Ich habe das beim ersten Treffen noch nicht gefühlt, beim dritten, vierten Treffen schon eher, dass es egal ist, was uns im Leben wieder fährt oder was wir im Leben haben oder nicht. Wir beide wollen zusammen sein, die ganze Zeit und wir wollen heiraten und eine Familie gründen. Während und nach der Periode dürfen ultraorthodoxe [musik] Paare keinen Sex haben, erst wenn die Frau wieder rein ist. Dazu muss sie sich 7 Tage lang morgens und abends prüfen. Han erklärt, wie das geht. Ich habe hier ein Prüftuch. Siehst du es? Fühl es mal. [musik] Man kauft das einfach im Supermarkt und hat es überall vorrätig, auch in der Handtasche. Wir falten und legen es uns so um den Finger. Einfach so. Wir führen es in die Vagina ein und ziehen es wieder heraus. Mal komm, versuch es selbst mal. Wir führen es ein und drehen es ein bisschen und ziehen es wieder heraus. In Ordnung. Wir müssen sieben Tage zählen, was in der Hallaha sieben saubere Tage heißt. Danach, wenn das Prüftuch sauber ist, ohne jegliches Blut, ohne Fleck, ohne alles, können wir in die Mique eintauchen. Die Mique ist ein rituelles Reinigungsbad, das jede verheiratete religiöse Frau einmal im Monat betritt. Sie hat eine spirituelle Bedeutung. [musik] Das ist die Mique. Wenn eine Frau 12 Tage gezählt hat, in denen sie sich von ihrem Mann ferhalten hat, ist die Zeit gekommen, um in die Mique einzutauchen. Die Mique ist lebendes Wasser, das heißt unberührtes Regenwasser. In dem Moment, in dem die Frau eintaucht, ist sie wieder rein. Nachdem die Frau das reinigende Bad genommen hat, macht sie sich im Schminkzimmer für das anstehende Date mit ihrem Ehemann zurecht. Jede betet hier für die Erfüllung ihrer Wünsche und anschließend geht sie nach Hause zu einem glücklichen Date, gesegnet. Rein und K. Sie geht zurück in ein Leben der Intimität und der körperlichen Berührung. Die Mique ist nicht das einzige Gebot, das religiöse Frauen einhalten müssen. Ein weiteres Gebot besagt nach der Eheschließung das Haar zu bedecken. Auch Hanni bedeckt ihr Haar mit einer Perücke. Je nach jüdischer Community gibt es unterschiedliche Regeln. Manche Frauen tragen Perücken, andere Kopftücher. Viele Frauen wünschen sich eine Perücke, die ihrem natürlichen Haar ähnelt. Nur darf es gern etwas voluminöser und länger sein. Selbst die eigenen Kinder dürfen das Haar ihrer Mutter nicht sehen. Das darf nur Ihr Ehemann. Jede Perücke ist hier eine Maßanfertigung. Im Schnitt dauert die Herstellung 6 Wochen und kostet zwischen 3500 und 15 000 €. Ein Leben nach streng religiösen Regeln hat Tomo hinter sich gelassen. Bereits im Alter von 17 Jahren beschließt er, seine ultraorthodoxe Community zu verlassen und ein Leben ohne religiöse Zwänge zu führen. Er zieht allein nach Tel Aviv und steht seitdem offen zu seiner Sexualität. Das war immer mein Albtraum. Die einzige Option waren schwarze Schuhe. Das hätte mein Leben sein können. Dieser Typ könnte ich sein. Jetzt bin ich nicht mehr im Kon. Jetzt bin ich ein Schmetterling. [musik] Tel Aviv [musik] ist bekannt als moderne Metropole und cooler freundliche Stadt. Jedes Jahr im Juni findet hier die Gay Week mit der Gay Pride als Höhepunkt statt. Die Gay Pride hat in Israel seit 1998 Tradition. Sie ist die größte ihrer Art im gesamten nahen Osten. Was auch deshalb so bemerkenswert ist, da in Israels Nachbarländern Homosexualität strafbar ist und zum Teil sogar unter Todesstrafe steht. 2022 feiern etwa 170.000 Pride davon etwa 10000 Touristen. [musik] Hey Tomo, schön dich zu sehen. Was ein Outfit. Du bist auch schul angezogen. Wir gehen im Partner oder Religion und Sekularität. Hier gibt es von allem etwas. Alles widerspricht sich da. Vielleicht ist doch etwas ganz besonderes an dieser Stadt. Aber für mich weißt du ja Tel Aviv. Tela Aviv. Nichts ist wie Tel Aviv. Israel. Hier liegen Lebenswelten so nah beieinander und sind sich doch so fern von [musik] der streng religiösen Community. Zur Leder Fetischparty scheinen nur wenige Schritte zu liegen und doch könnten die Unterschiede größer nicht sein. Im Land der Gegensätze mit seinen zahlreichen Religionen, Ethnien und Lebensentwürfen sind Themen wie Sex und Liebe komplex. Wer wen, wann und wie liebt oder heiratet, ist nicht immer Privatsache. Und die Antworten darauf, was richtig oder falsch ist, sind vielfältig.",OK
VArs-d1A9CA,,Kein Transkript
4UAV5uzOeMg,[Musik] israel steht unter Schock und alle sind nervös der unerwartete und brutale Angriff der Hamas hat einen Krieg ausgelöst und das ganze Land in höchste Alarmbereitschaft versetzt nachdem die israelischen Streitkräfte IDF die Zivilbevölkerung des nördlichen gasastreifens aufgefordert haben sich in den Süden in Sicherheit zu begeben und einer massiven offensivkampagne der israelischen Luftwaffe zur Vorbereitung der bodeninvasion haben die idftruppen mittlerweile weite Teile des Nordens besetzt sie konnten dabei zahlreiche Stützpunkte der Kamas unter anderem in und unter zivilen Einrichtungen wie z.B Krankenhäusern ausheben und viele Terroristen eliminieren Gaza Stadt wurde vollständig umzingelt die küstenentklave in eine Nord und Südhälfte geteilt bei den Kämpfen sind auf beiden Seiten zahlreiche Opfer zu beklagen und obwohl Israel hart gegen die terrorinfrastruktur der Hamas vorgeht indem es Tunnelanlagen und Gebäude mit hamasstellung zerstört gelingt es der Terrorgruppe nach wie vor und immer wieder Raketen auf Israel abzufeuern eine wirkliches Ende des Konflikts ist nicht in Sicht trotz der Mobilisierung einer beeindruckenden Streitmacht und der Überlegenheit in der Luft und Feuerkraft steht Israel dabei vor der Herausforderung ihn schnell zu beenden um weitere zivile Opfer und internationale Kritik sowie die Belastung seiner Soldaten zu minimieren wir reden über ein Militär das etwa 170 reguläre Soldaten hat aber gleichzeitig eine der größten Reservekapazitäten der Welt derzeit sind rund 360.000 Reservisten mobilisiert und bereit an der Seite der professionellen Streitkräfte zu kämpfen und bei darf können fast eine halbe Million Reservisten eingesetzt werden wir sprechen von normalen Bürgern die in Israel verpflichtet sind den Wehrdienst abzuleisten und eine jährliche militärische Ausbildung zu absolvieren sowohl Männer als auch Frauen obwohl es für Frauen mehr Ausnahmen gibt alles in allem haben sich die israelischen Verteidigungskräfte den Ruf erarbeitet eine der besten Armeen der Welt zu sein laut der eigenen Militärdoktrin stellt es keine Option da einen Krieg zu verlieren das pure Überleben des kleinenhebräischen Staates der von Milizen und feindlichen Ländern und Staaten umgeben ist hängt historisch gesehen davon ab dass seine Misserfolgsquote gleich Null ist aber seit der Gründung des modernen Staates Israel im Jahr 1948 haben sich die internen und externen Bedrohungen den er ausgesetzt ist bis heute stark verändert und mit ihnen haben sich auch die israelischen Streitkräfte verändert wir haben schon vor Jahren ein sehr beliebtes Video gedreht indem wir die fundamentalen Elemente der israelischen Militärmacht herausgearbeitet haben es war übrigens eines unserer ersten Videos und es war das erste das überhaupt viral gegangen ist ich werde es Euch natürlich verlinken denn alles dort Gesagte stimmt natürlich nach wie vor aber wie sieht es in den israelischen verteidigungsstreitkräften heute wirklich aus wie haben sie sich verändert und an die verschiedenen Gegner angepasst und sind sie wirklich auf das vorbereitet was vor Ihnen liegt schließlich hat die brutale Invasion der Hamas am 7 Oktober zahlreiche schockierende Defizite in der Verteidigungsbereitschaft Israels offenelegt und diese Defizite haben bisher über 1200 unschuldige Menschen das Leben gek kostet heute werden wir daher versuchen die brennende Frage zu beantworten ob Israel tatsächlich oder nur bedingt abwehrbereit ist hört euch vorher aber bitte noch das Besondere Black Friday Angebot unseres tren Sponsors surfshark an denn solltet ihr noch kein VPN haben ist dies nun die einmalige Gelegenheit es so günstig wie noch nie zu bekommen wusstet ihr z.B dass viele Firmen wie z.B Airlines ganz unterschiedliche Preise anbieten können je nachdem von welchem Land aus man bestellt bzw ein Ticket Bucht aber zum Glück kann man solche diskriminierungsversuche mit Hilfe eines VPNs überlisten und dann richtig Geld sparen und surch VPN ist ein wirklich empfehlenswertes und sicheres VPN welches z.B keinerlei Verbindungsdaten mitlockt ein Virtual Private Network kurz VPN ist aber nicht nur zum geldparen geeignet denn es kann einen auch vor so mancher größeren Gefahr schützen die im Netz lauert natürlich muss man nach wie vor Umsicht walten lassen und wissen was man tut aber es stellt hierfür ein Werkzeug mit gleich mehreren Vorteilen da zum einen erschwert es in Kombination mit anderen Vorkehrungen eure Aktionen im Nest nachzufolgen und abzuhören mit Hilfe verschiedener Sicherheitsfeatures könnt ihr so eure Anonymität im Netz erhöhen z.B mit dem integrierten cleanwb das alle unermünschten Cookies und Pop-ups blockt weiterer Vorteil VPN ist dass ihr so tun könnt als wärt ihr an einem anderen Ort so könnt ihr z.B Webseite und Internetdienste zugreifen die im Land den wir gerade seid nicht verfügbar wären ob daheim oder im Urlaub damit schlagt ihr Zensur und geoblocking ein Schnippchen Netflix und andere streamingze die ih Inhalte nur in USA Anbieten von Europa ausnutzen oder deutsches Internetfernsehen im Ausland gucken mit surfshark kein Problem und das ist noch lange nicht alles den mit nur einem sur Kol könnt ihr wirklich alle eure Endgeräte im VP registrieren Handys noteboxs oder sogar euren Smart TV so und wenn ihr den Rabattcode politikde angbt bekommt ihr vzfschlag im Rahmen des Black Friday special auch noch zusätzliche se Monate gratis dazu den Link zu diesem Angebot findet ihr in der Beschreibung unter diesem Video also nichts vi los besorgt euch S und greif damit auch gleichzeitig uns finanziell unter die Arme das könnt ihr übrigens auch direkt mit Hilfe des spendenlinks den ich euch ebenfalls in die Beschreibung gepackt habe wir sind euch für jede Unterstützung dankbar denn damit helft ihr uns euch in Zukunft noch mehr und noch bessere Videos zu liefern so und jetzt begeben wir uns auf eine Reise nach Israel um seine aktuelle Verteidigungsbereitschaft zu inspizieren [Applaus] [Musik] aufgepasst die israelischen Verteidigungskräfte kurz IDF für Israel Defense Forces wurden offiziell am 31 Mai 1948 gegründet etwa zi Wochen nachdem der Stad Israel seine Unabhängigkeit erklärt hatte damid Ben der israelische Premierminister beschloss praktisch alle jüdischen Streitkräfte und militärischen Gruppen die während des britischen Mandats über Palästina existierten und die für die Sicherheit der verschiedenen jüdischen Organisationen in dem Gebiet zuständig waren zusammenzuführen wir sprechen hier von Gruppen wie der haganali zu dieser Zeit bereits über Kampferfahrung verfügten diese Milizen schlossen sich einige Jahre vor der Unabhängigkeit Israels zu einer Allianz zusammen die als jüdische Widerstandsbewegung bekannt wurde und sich mit den britischen Behörden anlegte diese Erfahrung war sehr hilfreich bei der späteren Gründung der IDF die eine reguläre und organisierte Streitkraft mit Armee Marine und Luftwaffe sein sollten diese gerillergruppen haben zahlreiche Angriffe von Arabern auf Juden im Mandatsgebiet Palästina erlebt und darüber hinaus sowohl im ersten als auch im Zweiten Weltkrieg an der Seite der britischen Armee gekämpft vergesst bitte nicht dass Großbritannien ab 1920 die Schutzmacht in Palästina war nachdem es das Osmanische Reich besiegte das seinerseits die Region Palästina vier Jahrhunderte lang fast ununterbrochen kontrolliert hatte in diesem Zusammenhang wird davon ausgegangen dass die ersten jüdischen Streitkräfte der Geschichte innerhalb der britischen Armee gebildet wurden nämlich die Jewish Legion die auch im Ersten Weltkrieg kämpfte im Zweiten Weltkrieg kämften dann etwa 40.000 Juden in der britischen Armee gegen die Nazis aber wir wollen nicht zu weit vorgreifen in diesem Zusammenhang ist zu erwähnen dass die Streitkräfte des neugegründeten Staates Israel ursprünglich aus einer kleinen hochspezialisierten und gut organisierten Berufsarmee und einer großen Anzahl von nichtprofessionellen Truppen bestehen sollten Rekruten die normale Bürger sein würden aber eine fortgeschrittene militärische Ausbildung hatten das heißt wenn jemand Israel angreift müssen alle oder fast alle jungen Bürger in der Lage sein zu reagieren und das ist mehr oder weniger auch noch heute der Fall allerdings hat sich seit 1948 bis heute viel getan damals musste sich das neugegründete Israel aus dem Stand gegen die Invasion von fünf arabischen Nationen wehren also lasst uns doch genau unter die Lupe nehmen inwi weit sich das Umfeld in dem sich Israel befindet seitdem verändert hat eine veränderte [Musik] Bedrohungslage während der letzten 20 Jahre haben sich die Bedrohungen für den jüdischen Staat dramatisch verändert seit der Gründung des Staates Israel und während des größten Teils der zweiten Hälfte des 20 Jahrhunderts waren die Hauptfeinde die eigenen Nachbarstaaten das waren logischerweise Staaten mit regulären und professionellen Armeen Besprechen von Ägypten Jordanien und Syrien und seit 1979 auch vom Iran in diesem zusammen Anhang führte Israel in dieser Zeit mit allen Kriege oder militärische Auseinandersetzungen mit einigen wie Ägypten und Syrien sogar mehr als einmal aber Syrien ist das einzige arabische Land das sich mit Israel noch immer im Krieg befindet und noch keinen Friedensvertrag unterzeichnet hat um euch eine Vorstellung davon zu geben Syrien hatte in den Jahren 48 67 73 und 82 direkte militärische Auseinandersetzungen mit Israel in diesem Zusammenhang wurde Syrien zur einzigen großen Bedrohung Israels abgesehen vielleicht vom Iran nach dem Israel Friedensverträge mit Jordanien und Ägypten unterzeichnet hatte der Punkt ist dass die israelischen Verteidigungskräfte historisch gesehen für eine konventionelle Kriegsführung ausgebildet und vorbereitet wurden diese Ausrichtung änderte sich allerdings im Jahr 2011 radikal in diesem Jahr brach nämlich der arabische Frühling aus der in Syrien zu einem Bürgerkrieg führte der bis heute andauert und genau deshalb hat das alasadreime nicht nur aufgehört eine direkte Bedrohung für Israel zu sein nein es kämpft seither um seine eigene Existenz die syrischen Streitkräfte sind zerrüttet sie haben nicht einmal die Kontrolle über das gesamte Staatsgebiet und zu allem Übel wird die Legitimität des Regimes mehr als in Frage gestellt und nicht nur das wie wir euch bereits in unserem jüngsten Video über die Hamas und die hesbalah berichtet haben sind die beiden größten Bedrohungen für Israel inzwischen nicht staatliche militärische Gruppen falls ihr es noch nicht gesehen haben solltet findet ihr den Link in der Beschreibung es geht also vor allem um die Hamas und die hesballah zwei terroristische Gruppen die vom Iran finanziert ausgebildet und bewaffnet werden wie ihr euch vorstellt könnt operieren diese Gruppen nicht wie reguläres Militär in einem konventionellen Krieg sondern wenden asymmetrische Kriegsführung an oder anders gesagt sie agieren vor allem mit Terroranschlägen auf israelischem Boden Infiltration zur Durchführung von Entführungen Raketenbeschuss oder sogar cyberkriegsführung und [Musik] propagandaaktionen und all das hat dazu geführt dass die israelischen Verteidigungskräfte in den letzten Jahren einen enormen Wandel durchlaufen haben dies geschah im Wesentlichen im Rahmen zwei groß Pläne die in diesem Zusammenhang auch die einzigen sind die abgeschlossen wurden in diesem Video werden wir über den größten davon sprechen den sogenannten gideonpl ein fünf Jahresplan mit einem Volumen von 15 Milliarden Dollar der den Höhepunkt eines ganzen Prozesses darstellt mit dem Israel ein viel kleinere aber gleichzeitig viel tödlichere Armee haben will um euch eine Vorstellung zu geben seit 1985 hat Israel die Zahl seiner Panzer um 75% und die seine Kampfflugzeuge um die Hälfte reduziert vor allem geht es darum ein Militär zu haben das in der ist Gruppen wie der Hamas und der hisballah entgegenzutreten und sie komplett zu besiegen und im Moment muss die IDF die Wirksamkeit all diese Reformen mit der Intervention in Gaza unter Beweis stellen aber auf jeden Fall hat dieser ganze Prozess uns von visualpolitik dazu gebracht uns ein paar Fragen zu stellen worin genau besteht die Umgestaltung der israelischen Verteidigungskräfte ist diese Strategie in ihrer Umsetzung wirklich so effektiv wie sie uns verkauft wird könnte Israel in seiner Verteidigungsdoktrin Fehler gemacht haben all diese Fragen werden wir es klären also hör zu wie ein Chamäleon der gideonplan wurde 2015 aufgelegt und 2016 vom israelischen Regierungskabinett genehmigt die Idee war die israelischen Streitkräfte zu verkleinern zu modernisieren und zu reformieren angefangen bei der Anzahl der Truppen zunächst wurde die regul Armee von 45 000 auf 40.000 Mann reduziert ebenso wie die Zahl der wertpflichtigen gleichzeitig wurde die wertpflicht um 4er Monate verkürzt und soll den nächsten Jahren um weitere zwei Monate reduziert werden sofern sich aufgrund der aktuellen Umstände nichts ändert aber wenn etwas gekürzt wurde dann sind es vor allem die Reservekräfte die um 30% reduziert wurden oder anders ausgedrückt es wurden etwa 100.000 Reservisten aus dem Dienst entlassen und das werdet ihr jetzt wahrscheinlich sehr seltsam finden warum sollten die israelischen Streitkräfte die den Streitkräften der Nachbarländer zahlenm sich weit unterlegen sind kleiner werden wollen nun das liegt vor allem an der Annahme einer neuen Militärdoktrin das israelische Militär operiert jetzt in viele kleineren Gebieten als z.B im letzten Jahrhundert die IDF versuchen nicht mehr Bedrohungen zu befrieden indem sie ausgedehte Gebiete in einem feindlichen Staat besetzen wie es z.B zweimal in Ägypten geschehen ist das erste Mal 1956 für ein paar Monate und das zweite Mal 1967 nach dem sech tagekrieg mit einer Besetzung die 15 Jahre [Musik] dauerte jetzt geht es darum jederzeit die operative Kontrolle über sehr begrenzte feindliche Gebiete zu haben um nämlich Bedrohungen wie den Abschuss von Raketen oder die Existenz feindlicher Tunnel auf sehr präzise Weise zu beseitigen und in diesem Zusammenhang hat Israel 2011 also noch vor dem Gideon Plan mit der Umsetzung einer neuen Doktrin begonnen die auf unabhängigen Kampfbrigaden basiert damit können die Brigaden jetzt viel schneller handeln und außerdem direkt mit der Luftwaffe und der Marine kommunizieren um Unterstützung zu erhalten es gibt nicht mehr so viele Zwischenschritte die Operationen verzögern diese Veränderung hat sich natürlich auch auf die Ausbildung die Bewaffnung und die Prioritäten ausgewirkt wenn es darum geht einen Soldaten in ein einsatzposition zu bringen ihr müsst verstehen dass Infanterie und Panzertruppen heutzutage vor allem für zwei Dinge ausgebildet werden den stadtkampf und die Zerstörung von Tunneln und anderen Befestigungen wie wir euch in den letzten Videos berichtet haben hat die Hamas eine riesige Infrastruktur von unterirdischen Tunneln aufgebaut mit einer Länge von über 500 km dadurch können sie unterirdisch operieren sich von einem Teil des Streifens zum anderen bewegen ohne Gefahr zu laufen draußen bombardiert zu werden und sie lagern dort auch viele Waffen wie z.B die berüchtigten Raketen die sie ständig gegen Israel abfeuern und diese Tunnel Stellen im Falle eines urbanen Krieges ein echtes Problem da erstens weil sie viel schwieriger zu zerstören sind als ein gewöhnliches Gebäude in diesem Zusammenhang hat Israel dafür eine speziell ausgebildete eliteinheit geschaffen die yahalum Einheit die über immer mehr Truppen und Mittel [Musik] verfügt diese Einheit ist auf Infiltration unterirdischen Nahkampf und tunnelzerstörung alisiert dem unterirdischen Kampf Mann gegen Mann versuchen die IDF jedoch nachMöglichkeit aus dem Weg zu gehen das Risiko oder Vorteil der Verteidiger sind einfach zu groß deswegen versucht man vorher alle anderen möglichen Mittel auszuschöpfen z.B spongebombs oder eben Bombardierung aber das Hauptproblem ist dass all diese Infrastruktur die chamas zu einer besonders schwer fassbaren Kraft macht im stadtkampf können chamasgilias und Scharfschützen von einem Gebäude zum anderen ziehen und an einen völlig anderen Ort fliehen um wie aus dem Nichts aufzutauchen in diesen zammenhang ist festzustellen dass all diese kamassoperationen Tunneln und unterirdischen Befestigungen den Nutzen der Artillerie stark einschränken dabei war die Waffengattung V Alben in den 60er und 70er Jahren für Israel entscheidend jetzt aber ist sie im Gegensatz zum russisch-ukrainischen Krieg völlig in den Hintergrund getreten das Problem mit der Artillerie ist nämlich dass sie für den Angriff auf große unbewegliche Ziele im offenen Gelände konzipiert ist und der Krieg gegen die Hamas in Gaza ist das genaue Gegenteil davon außerdem könnte das große zerstörungsfeld der Artilleriegeschosse das Risiko von Beschuss durch eigene Truppen und von Kollateralschäden an der Zivilbevölkerung erhöhen auch deswegen kommt ein massiver Einsatz von Artillerie nicht mehr in Frage um dem entgegenzuwirken hat die IDF ihre Artillerieeinheiten auf spezialisierte droheneinheiten umgestellt so verfügt die sigeinheit über Hermes 450 und 900 drohen aus israelischer Herstellung diese sind äußerst vielseitig sie können sowohl aufklärungsaufgaben als auch Aufgaben der elektronischen Kriegsführung übernehmen und mit hochpräzisionsraketen angreifen darüber hinaus gibt es noch eine weitere Einheit die Skyrider die sich ausschließlich dem Sammeln von Informationen widmet damit der Rest der Streitkräfte angemessen operieren kann ein großer Teil der Artillerie wird also durch drohen ersetzt aber das ist erst der Anfang das israelische Militär hat begonnen das Thema cyberkriegsführung und den Einsatz von Technologie für militärische Anwendung sehr ernst zu nehmen genau aus diesem Grund hat der militärische Geheimdienst am Mann damit begonnen deep learning Algorithmen einzusetzen die Millionen und aber Millionen von Daten wie Bildern Videos Audios und elektronischees Signale scannen um potenielle Ziele zu identifizieren diese von den Algorithmen ausgewählten Ziele werden dann von Analysten untersucht klassifiziert und schließlich für tatsächliche Angriffe bestätigt das macht die israelischen Verteidigungskräfte enorm effektiv bei der Ordnung und Zerstörung ihrer Ziele aber wartet das ist noch nicht alles die Einheit die für cyberkriegsführung zuständig ist wurde ebenfalls stark aufgestockt das geht soweit dass die IDF ihre alte Doktrin aufgegeben hat nach der jeder Soldat eine Kampfausbildung absolvieren muss die IDF rekrutieren jetzt Soldaten die speziell für die cyberkriegsführung und nachrichtendienstliche Aufgaben zuständig sind ohne dass sie kampfdienst leisten müssen kurz gesagt all diese Reformen haben sich in den letzten Jahren radikal vollzogen Reformen denen weder die Luftwaffe noch die Marine entkommen sind die Luftwaffe z.Bp hat stark an Bedeutung verloren auch wenn dies in einer Zeit in der israelische Kampfflugzeuge zusammen mit drohenziele in Gaza angreifen widersprüchlich erscheinen mag ihr müsst nämlich verstehen dass Israel es nicht mehr für so wichtig hält sich um die Luft überlegen zu bemühen da der Krieg den es mit der Hamas und der hisbalah führt anderer Mittelbedarf in diesem Zusammenhang hat die israelische Luftwaffe in den letzten Jahren Tarnkappen und präzisionsangriffsfähigkeiten weit über andere wie z.B Luftkämpfe gestellt das kommt daher dass weder die Hamas der islamische dihad noch die hisbalah über eine Luftwaffe verfügen und es ist auch nicht damit zu rechnen dass sich dies in nahe zuurt ändert und genau aufgrund dieser Tatsache wurde die Luftwaffe verkleinert aber technologisch stark verbessert vor allem nach der anchaft der F35 im Jahr 2015 dieses Kampfflugzeug der fünften Generation das übrigens nicht für Luftkämpfe mit hoher Geschwindigkeit gedacht ist SN sehr weit entfernte Ziele erreichen und luftbodenangriffe auch mit Atomwaffen durchführen kann also aufgepasst Iran und natürlich darf in diesem Zusammenhang die Marine nicht fehlen Sehstärke ist für Israel eine Priorität das Land funktioniert in der Praxis fast so als wäre es eine Insel mit anderen Worten 98% der nach Israel importierten Waren kommen auf dem Seeweg über das Mittelmeer und mehr als 80% der Bevölkerung lebt entlang der 197 km langen Küste außerdem befinden sich die meisten kritischen Infrastrukturen des Landes wie Kraftwerke hfen Entsalzungsanlagen und sogar Militäreinrichtungen in Küstennähe das Problem nun die israelische Marine war ursprünglich dafür konzipiert der ägyptischen auf der einen und der syrischen auf der anderen Seite entgegenzutreten aus diesem Grund bestand die israelische Marine aus Zerstörern großen Schiff Raketenwerfern und U-Booten im Moment scheint es allerdings eher unwahrscheinlich dass sich Israel jemals wieder mit professionellen und gut ausgerüsteten Seestreitkräften an einem Seekrieg beteiligen wird vor allem nachdem sich das militärische Schachbrett nach dem yomkipur Krieg verändert hat infolge dessen hat Israel seine Zerstörer und die größeren Raketenwerfer durch viele kleinere Patrouillenboote und kleine Raketenwerfer ersetzt und viele von euch werden es vielleicht denken aber ist das alles nicht sehr riskant schließt Israel einen konventionellen Krieg in Zukunft wirklich völlig aus was wäre wenn es zum Krieg mit dem Iran kommt oder wenn sich die Beziehungen zu einem Nachbarland verschlechtern würden nun ihr habt Recht und glaubt nicht dass viele Dinge von denen wir euch heute erzählt haben in Israel nicht auf heftige Kritik gestoßen wären sogar innerhalb der Streitkräfte gab es hochrangige Offiziere die einige dieser Reformen insbesondere den gideonpl sehr kritisch gesehen haben und das nicht ohne Grund z.B war der israelische Marine 2006 im Krieg gegen hisballa der auf lebanesischem Boden stattfand nicht in der Lage ausreichende Unterstützung zu leisten damit ihr eine Vorstellung davon bekommt worüber wir hier reden israel hat jetzt sehr kleine und leichte Schiffe die ideal für die Bewachung der Küste und gelegentliche Auseinandersetzung mit boten sind aber sie verfügen über keinen so starken raketenschussz die Frage die sich viele Stellen lautet also könnte es sein dass Israel sich zu sehr auf die Hamas und die hisbalah konzentriert und die Möglichkeit eines konventionellen Krieges vergessen hat wie genau sieht die Verteidigungsstrategie aus die sie in den letzten Jahren verfolgt haben und die wichtigste Frage von allen funktioniert sie nun lasst es uns herausfinden die selbstbefestigung Israels gegen Ende der 2010er Jahre änderte Israel seine militärischen Ziele drastisch es strebte nicht mehr die vollständige Vernichtung seiner Gegner an viel mehr wird seit Jahren versucht größere Konfrontationen zu vermeiden und ständige aber kleine Operationen durchzuführen die die Bedrohung auf ein für die Israelis akzeptables Gewaltniveau abmildern die Idee war also sich aktiv zu verteidigen aber gleichzeitig sich zu Hause zu verschanzen eine Strategie die als selbstbefestigung bekannt ist wollt ihr Beispiele sowohl im Gazastreifen als auch im Westjordanland gibt es hunderte von Kilometern befestigter Zeune und Dutzende von Kilometern an Mauern Betonmauern wie die an Teilen der Grenze zum Libanon die 9 m hoch ist oder den Gaza die 6 m hoch ist und die sogenannten Israelkritiker werden nicht müde zu betonen dass diese Zäune und Mauern dazu dienten die Palästinenser zu isolieren und eine Art Apartheit zu errichten nun die Realität hat damit überhaupt nichts zu tun sondern eher mit Israels neuer sicherheitsdoktrine in diesem Zusammenhang können wir feststellen dass diese Mauern auch stahlverstärkte Barrieren haben zusätzlich zu der Mauer die ihr an der Oberfläche seht gibt es rund um Gase eine unterirdische Mauer die 65 km lang und bis zu 30 m tief ist ja ihr habt richtig gehört 30 m tief darüber hinaus sind die Landesgrenzen mit Sensoren Alarmsystemen nachtsichtkameras und einer Vielzahl andere technischer Geräte ausgestattet seit 2018 gibt es auch eine seesperre entlang der Seegrenze des gaserstreifens mit drei Schichten ein Wellenbrecher Felsen mit Stacheldraht und jede Menge Sensoren und Detektoren aller Art und das alles gibt uns einen Hinweis darauf wohin die Reise geht all diese realen befestig des 21 jahrhunderts dieen nicht dazu die Palästinenser zu isolieren sondern eher umgekehrt um die Israelis von Terroristen zu isolieren in diesem Zusammenhang soll die außergewöhnliche Höhe der Betonmauern Angriffe von scharfschüssen verhindern und die unterirdische Mauer soll verhindern dass die Hamas aus dem Gazastreifen eindringt und Angriffe auf Zivilisten verübt oder diese entführt etwas das übrigens schon mehrfach passiert ist der Punkt ist dass all dies auch Teil der neuen Strategie der IDF ist aber grundsätzlich glauben viele dass dies keine wirklich zukunftfähigen weg für Israel darstellt viel mehr ist es ein Zeichen von Schwäche je mehr Zäune wir an den Grenzen errichteten desto mehr wurde unsere Sicherheitsdoktrin von Verteidigung und Selbstverteidigung abhängig eine Gesellschaft die mehr und mehr Zäune baut ist eine Gesellschaft die in Angst lebt es mag logisch erscheinen dass Befestigungen Stärke vermitteln aber in Wahrheit ist dies nicht der Fall wenn überhaupt dann vermitteln sie Angst und angesichts der Ereignisse vom 7 oktober können wir eindeutig sagen dass sie ein falsches Gefühl der Sicherheit erzeugt haben und dieses falsche Gefühl erklärt dann auch warum der israelische Geheimdienst ausschloss dass die Hamas das Land angreifen könnte und warum das Militär der Invasion nicht gewachsen war aber wie konnte die Hamas all diese Hindernisse überwinden nun alles was sie brauchten waren ein paar Pickups ein paar drohen ein paar paragleider mit Motoren und ein plötzlicher Angriff auf die von Israel eingesetzten Zensoren und Technologien das Problem ist dass Israel wenn wir dies auf die Größe eines Krieges übertragen den Fehler begehen könnte sein Militär zu sehr an die asymmetrische Kriegsführung angepasst zu haben so dass es auf ein zukünftiges Szenario der konventionellen Kriegsführung schlecht vorbereitet ist das ist zumindest die Sorge die viele Analysten zum Ausdruck bringen wer kann ihn schließlich versichern dass der Iran sie niemals angreifen wird oder dass einige der Länder mit denen sie jetzt mehr oder weniger gut auskommen plötzlich ihre Haltung ändern und wieder feindselig werden könnten denn wenn eines klar ist dann ist es dass wir im Nahen Osten nie etwas für selbstverständlich halten können und das ist die große Frage die sich viele in den IDF gestellt haben eine Frage die heute angesichs der äußerst angespannten Lage in der Region extrem aktuell geworden ist allerdings können wir diese Frage im Moment noch nicht beantworten das werden wir in weiteren Videos tun und bis dahin geben wir den Ball erstmal an euch weiter was haltet ihr von den Veränderungen die die israelischen Streitkräfte durchlaufen haben denkt ihr dass sie auf dem richtigen Weg sind oder seid ihr im Gegenteil der Meinung dass eine solche Priorisierung der asymmetrischen Kriegsführung zu einer großen Sicherheitslücke führen könnte ich hoffe dass euch dieses Video gefallen hat und ihr vielleicht etwas dabei gelernt habt falls ja gibt uns bitte ein Like und teilt es auch mit euren Freunden um es mit ihnen zu diskutieren mach's gut und bis [Musik] bald,OK
RExXj27ckLo,,"Fehler: 
Could not retrieve a transcript for the video https://www.youtube.com/watch?v=RExXj27ckLo! This is most likely caused by:

Subtitles are disabled for this video

If you are sure that the described cause is not responsible for this error and that a transcript should be retrievable, please create an issue at https://github.com/jdepoix/youtube-transcript-api/issues. Please add which version of youtube_transcript_api you are using and provide the information needed to replicate the error. Also make sure that there are no open issues which already describe your problem!"
CCSnMDidcs4,"Es ist so schade, wie die Regierung März doch zusehens verampelt, oder? Ich find's schade. Grillabende, Teambuilding hat alles nichts gebracht. Sie streiten munter weiter. Vor allem aktuell über die Wehrpflicht. Neueste Idee, wenn nicht genug Freiwillige kommen, wird gelost. Ja, wie beim Lotto. Und die Gewinner dürfen zur Musterung. Vielen Dank auch. Ich meine, ja, nein, ja, wo sich dann der Stabsarzt vom ordnungsgemäßen Zustand der Hoden überzeugt. Fachpolitiker von Union und SPD haben dieses, sagen wir aus Spaß mal, Konzept wochenlang verhandelt, aber dann fand die SPD Fraktion am Dienstag doch doof. Richterwahl reloaded. Na ja, ich sag mal Hauptsache die gegenseitigen Schuldzuweisungen fangen jetzt nicht wieder an. Es war nicht meine Idee. Das ist eine Union. Scheiße, geh doch zu, du blöde Tür. Sag mal, was ist denn bloß aus den Elevator Boys geworden? Traurig. Los verfahren. Wie viel Tarnfarbe muss man bitte schnüffeln, um solche Ideen zu haben? losen. Da kommen ja echt hochmotivierte Lottwinner in die Kaserne, wenn sie das durchziehen. Was für eine altes Motto der Friedensbewegung. Wirk jetzt was für eine Katastrophenkommunikation. Losverfahren aus dem Hut zaubern, statt jüngeren Menschen vielleicht mal politische Angebote zu machen in dieser Rentnerrepublik. Und ich meine, wer weiß, vielleicht kämen ja genug Freiwillige. Man kann sie ja wenigstens mal fragen. Wer könnte sich denn vorstellen, Werdienst zu machen aktuell? Ja. Und selbst der wollte nur aufs Klo. Schwarzrot muss jetzt in den nächsten Wochen einen Kompromiss finden, der aber Klagenstand hält, weil man ja gar nicht den ganzen Jahrgang braucht, verstehen Sie? Stichwort Wehrgerechtigkeit, deshalb die Idee mit dem Losen. Dabei gibt's natürlich viele andere elegantere Möglichkeiten. Beispiel: ""Jeder junge Mann im werfähigen Alter kriegt demnächst einen Brief von einer magischen Eule, die einfach per Zufall das Haus auswählt. Glückwunsch, Harry, du musst zum Bund."" Ja, da guckt er doof, ne? oder nach jeder DFB Pokalauslosung ziehen die Kollegen live in der ARD auch noch gleich die neuen Rekruten. Finn Schröder aus Braunschweig. Cool. Und natürlich der Klassiker 1 Z oder 3. Alle, die das richtig haben, liegen bald im Schützengraben. Yay, nur Elten nicht, der ist zu dick. So, die Bundeswehr, Kampfnahme Pistorius Bastards, braucht bald jedes Jahr 40.000 1000 neue Azubis. Keine Frage, die Bedrohungslage in Europa hat sich verschärft, aber ist eine Berufsarmee mit ordentlich bezahlten Spezialisten, die tatsächlich vorhandenes Hightechgerät auch bedienen können, nicht viel sinnvoller als frustrierten 18-Jährigen beizubringen, wie man das Hemd auf Dena 4 faltet? Nur mal so als Frage. Im Moment bricht jeder vierte die Ausbildung beim Bund wieder ab. Warum eigentlich? Warnung: Der folgende Ausschnitt könnte die Wehrbereitschaft in Deutschland noch mal massiv senken. Ja, es fängt schon damit an, dass die Rekruten ihr Handy morgens in dem Spint einschließen und dann von 6:45 Uhr bis 16:15 Uhr kein Handy mehr dabei haben. U ja, toll. Jetzt kommt gar keiner mehr, meine Damen und Herren, nach der News. Handyentzug. Verstößt das nicht gegen die Genfer Konvention? Frage ich mich gerade. Boris Pistorius glaubt selber nicht an reine Freiwillig, nennt aber auch keine konkreten Zahlen in welchem Jahr wie viele Rekruten gebraucht werden. Aber hey, alt ja auch nicht. Alt doch nicht, oder? Überhaupt überhaupt kriegt das bis neulich markelose Pistorius Image so langsam erste Dellen. Sie auch das digitale Funkgeräte Wortlou. Seit Jahren ist der Mann Deutschlands beliebtester Politiker. Aber warum eigentlich? Der kriegt jetzt sogar eine eigene Actionfigur. Hol dir jetzt die Boris Pistorius Actionfigur. Bam bam Boris. Der kann alles, was der echte Boris auch kann. Also voll entschlossen vor Panzern rumstehen oder voll entschlossen vor Flugzeugen rumstehen und dabei Pressekonferenzen geben mit coolen Pistorius Sprüchen, die absolut nichts bedeuten. Wenn man nicht weiß, wann eine Entscheidung kommt und wie sie aussieht, sollte man versuchen vor der Lage zu sein. Geil. Komm mit Bam Boris vor die Lage und bestellte noch heute die Boris Pistorius Actionfigur direkt hier beim Beschaffungsamt in Koblens. Lieferzeit 4 bis 12 Jahre wahrscheinlich mehr. Boris beliebt als Jesus noch darum. Das weiß kein Mensch. Boris. Ja, sie zo sich gerade. Norbert Röttkin CDU hat Pistorius gerade vorgeworfen, eine Einigung zur Werpflicht, ich zitiere, zu torpäieren. Moment mal, wir haben noch funktionierende Torpedos. Cool, das wusste ich nicht. Ja. Pflicht oder Freiwilligkeit, eine ganz wichtige Debatte, aus der sich der Kanzler aus der sich der Herr Merz übrigens komplett raushält. Kein Wort, ne? Ja, wahrscheinlich, weil er gerade ausgelastet ist mit der Sorge ums deutsche Stadtbild. Ja, und von der Opposition kommt eh nur Hämme ausschließlich, nicht zuletzt von der AfD, die aber auch keine einheitliche Position zum Thema Werrpflicht hat. Wir sind als AfD für die Werrpflicht. Nur klar muss sein, keine Werpflicht für fremde Kriege. Keine werpflichtigen in fremden Kriegen. Ah, jetzt verstehe ich's. Ah, natürlich. Ja, wenn werpflicht, wenn werpflicht, dann für eigene, also deutsche Kriege. Klar, ist ja klar, für Bernt Höcke muss ein muss was muss ein muss ein richtiger Krieg bestimmte Voraussetzungen erfüllen. Z.B. Also erstmal sollten wir ihn angefangen haben. Ist ja logisch. Wenn es losgeht, denken wir grundsätzlich, das Ding haben wir in drei Wochen gewonnen. Was soll schon passieren? Dann verbünden wir uns immer nur mit handverlesenen Irren und am Ende verlieren wir den Krieg natürlich und stehen mit viel weniger da als vorher. Nur dann gibt's das Höckegütiegel eigener Markenkrieg aus deutschen Ländern nur für eigene Kriege aus regionalem Anbau. Ja, so die Werpflicht, sie wäre ein Angebot, dass man nicht ablehnen kann. Im Moment versucht es der Bund aber hauptsächlich mit Werbung, die die gezielt junge Menschen anspricht. Aber auch irgendwen mit Medien. Irgendwer mit Medien mit Friedrich Küppersbusch. Achtung, Augen geradeaus. Andere Seiten aufziehen hier Leute. Läuft das schon? Also 70 Millionen Euro für Nachwuchswerbung hat die Bundeswehr nächstes Jahr im ETAR. Das ist so ein Werbeet irgendwo zwischen Milka und Nivea. Also alles ungefähr gleich abschreckend für die Russen. Dabei tapst das starkfüllen Barras noch so ein bisschen Ungelenk in die glitzernde Werbewelt zwischen Schokolade und Hautcreme einfach mal ein Darmdurchschuss anzubieten oder eine Beinamputation mit dem stumpfen Feldmesser. Ja, ist auch nicht ganz ohne, ne? Früher konnte der Bund die Rekruten einfach zwingen. Dann wollte er plötzlich keine mehr haben und jetzt muss er batteln. Love ist Battlefield. Eine direkte Kundenansprache wie Hunde, wollt ihr ewig leben? Scheint nicht mehr zeitgemäß und hab die Armee lieb, weil böse wird die von alleine. Ist einfach nur total abschreckend, leider nur für die eigene Jugend. Dabei haben die Streitkräfte in der Bevölkerung ein Top Ansehen. Hier Platz 2, ganz im Gegensatz etwa zur katholischen Kirche. Das trifft sich gut, denn inzwischen sammelt die Armee schon 16, 17-jährige ein. Also genau das Alter, in dem manche katholische Geistliche langsam das Interesse verlieren. Funf, mit 17 darf man für die Regierung sterben, aber sie noch nicht wählen. In sogenannten Discovery Days wird den Minderjährigen geballte Power versprochen und hinterher sind sie natürlich angeschmiert. Wie ist es denn für dich bisher im Camp? Sehr gut. Also macht auf jeden Fall Spaß. Ja. Ja. Auch ausgefallene Neigungen finden. Beachtung. Diese Klassenfahrt in den Ernstfall soll das Ansehen des Drops in der Bevölkerung verbessern. Natürlich ein paar neue Rekruten, Rekrutinnen anwerben und bringt ein Flächenbombardement in Fernsehmagazinen. Ja, also ein Punkt, der uns immer ganz wichtig ist, gerade wenn es um hier das Wackenfestival geht, aber auch über andere bei anderen Ereignissen, bei denen wir da sind. Wir wollen immer da sein, wo die Menschen sind. Wir wollen da sein, wo man uns gar nicht unbedingt erwartet. auf dem Klo warum 80 oder auf der Computerspielmesse Gamescom. Potenzielle Arbeitgeber wie die Bundeswehr werben um die Gamer. Mit einer VRBrille können die sich virtuell ans Cockpit eines Tornado Kampfjet setzen. Ja, okay. Und ab da kennen die Jungs sich ja sowieso schon aus. Halop. Sorry, sorry, sorry. Das war das Ego Shooters Spiel Battlefield 6. Also die Jungs brauchen einfach nur Kot Tropfen in die Mate und dann werden sie im Cockpit wieder wach und wissen, was los ist. Mit ihrem YouTube Kanal hat die Bundeswehr inzwischen sogar eigene Reichweitenstarke Influencer aufgebaut. Über eine Million Klicks erbeutet Panzergeneral Dr. Christian Freuding mit seiner jugendger Prosa des Fronteinsatzes. Das Gefecht der verbundenen Waffen müss im Prinzip vorstellen wie ein großes Symfonie ähm Konzert. Die Instrumente müssen zusammen einen guten Klang ergeben. Eine einzelne Instrumentengruppe macht allein noch keinen musikalischen Hochgenuss. Ja, und darum geht's doch im Krieg. Dieses Klickmonster in Feld grau purzel prompt gerade die Treppe hoch und wurde Planungschef, jetzt Heeresinspekteur, auch weil er Millionen junger Menschen einfüllsam erklären kann, wie man sich z.B. in ein zerschossenes Stahlwerk eingräbt und bis zum letzten Mann wegmetzeln lässt. Und das sind natürlich solche Eckpfeiler, die in der Verzögerung dazu dienen, dass der Feind intensiv abgenutzt werden kann. Schöner kann man es nicht sagen. Werbung für die Bundeswehr, das ist halt wie Tinder mit Helm. Die Fotos alle super, aber beim ersten Ben laufen alle stra Irgendwer mit Medien mit Friedrich Küppersbusch. Friedrich Köppersbusch. So, meine Damen und Herren, ähm und dann dann gab es diese Woche noch was völlig verrücktes, nämlich eine sogenannte gute Nachricht. Tja, ich musste erstmal googeln, was das überhaupt ist. Ja, endlich Waffenruhe in Gaza. Alle 20 noch lebenden Geiseln sind frei. Nicht zuletzt dank Donald Trump. Diese Woche völlig zurecht auf dem Cover des Magazins. Ja, so. Ja, Trump nennt es in einem Post das schlimmste Foto aller Zeiten. Und ich sag mal, wo er recht hat, ne? Aber noch mal noch mal, diese Waffenruhe ist Trumps Erfolg. Ich meine, er ist ja sonst nicht so der Typ, der gerne pralt, aber damit darf man durchaus noch mal angeben, sogar beim Golfausflug mit der Enkelin. Thank you everybody coming down. Ja, super Opera, geile Geschichte. Kann ich gar nicht oft genug hören. Tja, sieben Kriege, also mit Gasa 8. Warte mal, heute ist Selenski in Washington, sagen wir neun Kriege. Hat er eigenhändig beendet, ganz alleine. Wirklich, ne? So, Fakt ist, Fakt ist, Hamas und Israel wurden mit maximalem Druck aus dem Weißen Haus zur Waffenruhe gezwungen. Das ist so. Als ich meinen Comedy Autoren, diesen linksgrün versifften Autoren gesagt habe, sie müssten jetzt mal was positives über Trump schreiben, waren die Reaktionen trotzdem sehr unterschiedlich, ne? Also manche fanden es offenbar nicht so richtig gut, andere haben einfach etwas mehr Drogen genommen als sonst. Ich sag mal, wenn es hilft, wenn es hilft. Ja, es gibt halt zwei Wahrheiten und in dem Fall stimmen beide. Zu Hause arbeitet Trump weiter an der Autokratie in den USA. Im Nahen Osten hat er richtig was bewegt. Ist Tatsache. Also nicht alleine natürlich. Qatar z.B. war ein wichtiger Player dieses kleine Emirat direkt neben Wo liegt Qatar noch mal? Ja. Bum. Ja. Bum. Ein Schritt, dann bist du in Qatar. Ist nur ein Schritt. Also gut, ein Schritt und dann noch 15 Tage schwimmen, dann bist du in Qatar. Geografie ist halt nicht für jeden. So, am Montag, am vergangenen Montag mussten jedenfalls die Staatschefs der Welt hinter Trump antreten beim großen Friedensgipfel im ägyptischen Charmel Shake. Ja, als als lebende Fototapete. Hui, waren die happy. Haben Sie es gesehen, die Gesichter? Meloni, Star, Merz, aber auch Victor Orban. Und falls Sie zu Hause sich jetzt fragen, hä? Was hat denn bitte der Orbahn mit dem nahen Osten zu tun? Ja, ungefähr so viel wie dieser Mann hier. Johnny Infantino, FIFA Präsident, also ein Vertreter des organisierten Verbrechens und etwas weiter außen Hanny Leker, Lord Voldemord und der Vater von Luke Skywalker. Ja, war eine schöne Runde. Ja, nicht dabei waren übrigens Israel und die Hamas, also die eigentlichen Konfliktparteien. Auch daran erkennt man, es sind noch Fragen offen auf dem Weg zum eigentlichen Frieden. Z.B. Frage Nummer 1: Lässt sich die Hamas überhaupt entwaffnen, wenn man sich die so anguckt. Ich meine, es ist eine Terrororganisation, die heißen so. ob die jetzt wirklich alle mit Terror aufhören und stattdessen keine Ahnung barister werden. Eher nicht. Eher nicht. Wie schafft man es deren Einfluss in Gaza zurückzudrängen? Wie verhindert man, dass EU-Hilfsgelder wieder in deren Tunnel investiert werden? Ja, und auch Teile der Regierung Netanyahu zeigen wenig Neigung, den Konflikt wirklich dauerhaft zu beenden. Israel ist zwar eindeutig die einzige Demokratie im Nahen Osten, aber Bibi regiert nun mal mit Fanatikern, die aus ihren Vertreibungsplänen für die Palästinenser in Gaza gar keinen He auch zur Zukunft von Teilen Gazas hat Minister Smotridge eigene Vorstellungen. Es gibt einen Plan von sehr professionellen Leuten und der liegt auf dem Tisch von Präsident Trump. Es geht darum, das Ganze in eine Immobiliengoldgrube zu verwandeln. Ich mache keinen Witz, das rechnet sich. Ja, okay. Ist natürlich immer doof, wenn in deiner Goldgrube noch andere Menschen wohnen, aber dann kriegen die wahrscheinlich bald eine Eigenbedarfsklage oder so. Der Innenminister von Netaniao wiederum schlägt vor, die Palästinenser doch einfach nach Europa zu schicken. Und tatsächlich ist Netanahu auf genau diese Fanatiker angewiesen, weil sonst keiner mehr mit dem Mann regieren will. Gegen den Premier und seine Frau laufen nämlich mehrere Verfahren wegen Bestechung und Korruption. Ja, ist wirklich so. Die die Netanyahus sollen Schmuck, Champagner und Zigarren im Wert von 230.000 von Unternehmen angenommen haben, aber noch hat das Power Couple einen großen Fan und da kommen sie nie drauf, wer das ist. Ich habe eine Idee, Herr Präsident. Wieso begnadigen Sie ihn nicht? [Applaus] Und Zigarren und Champagner. Ja, wen kümmert das? Kümmert keine Sau, sagt der Mann, der sich Flugzeuge schenken lässt. Natürlich findet der Champagner peinlich. Netanahu hat jedenfalls wenig Interesse an einer echten Aufarbeitung des Gazak Kriegs, denn er hat ja dafür gesorgt, dass die Hamas jeden Monat Koffervoller Geld aus Qatar gekriegt hat, angeblich um die Hamas zu kontrollieren. Das hat ja toll geklappt, muss man sagen. Aber wenn Journalisten in Israel über sowas berichten, droht ein Anruf von der First Lady und ich sag mal, das wünscht man keinem. Lama lama. [Applaus] Ja, was für ein liebliches Stimmchen. Was für ein natürlicher Scharm. Ja, gut. Meine Sara Netanyaho ist halt der temperamentvolle Typ und wenn sie ihren Rappel kriegt, dann schreit s halt am Telefon random Leute zusammen, neulich sogar Friedrich Merz als der unsere Waffenlieferung nach Israel mal eingeschränkt hat. Schmerz [Applaus] total finde ich auch fine ich auch temperamentvolle Person. Aber hey, seien wir bitte auch mal selbstkritisch und fragen, was hat eigentlich Europa beigetragen zur Waffenruhe im Nahen Osten? Reden wir drüber mit Gisa Flake, Leiterin Social Media bei Außenminister Johan Wadefu. Frau Flake, ist Europa geopolitisch nur noch Zuschauer? Na ja, Zuschauer ist ja erstmal gar nichts Negatives, nicht? Denn das heißt ja, man sitzt nah genug dran, um zuzuschauen. Und mein Chef Joe Wadefu oder wie wir ihn nennen Joe Wade Cool äh war ja verdammt nah dran am Friedensprozess. Man könnte sogar sagen, er hat das eigentliche Event nur so knapp verpasst. Und während Wadefohl weiter nach Kairo reist, finden die eigentlichen Verhandlungen im etwa 500 km entfernten Schangel Scheich statt ohne Deutschland. Kairo oder Schamel Shake, ich sag immer Hauptsache Italien. Aber ganz mal im Herz, ne? Geolitik funktioniert heute nur noch aus einer Position der Stärke mit brachialer Macht. Und mit was soll Deutschland da drohen? Mit der Bundeswehr. Ich hau hier die GS raus. Ja, es ist der Wahnsinn. Aber ich meine, Frau Flake, Europa zusammen, wenn sich die Europäer zusammen tun, dann ist das ja schon quasi ein Kontinent. Ich bitte Sie, Europa kann sich ja nicht mehr untereinander einigen. Palästina anerkennen, ja, nein. Waffen an Israel, ja, nein, vielleicht. Wer soll das ernst nehmen, ne? Da muss man am Ende schon froh sein, wenn man von dem Orangemann überhaupt erwähnt wird. der neue Kanzler von Bundeskanzler von Deutschland. Man kann ihn sehr leicht sehen, weil er sehr groß ist und ist sehr klug und leistet ganz tolles für seine für sein Land. Ist doch voll nett, groß, klug und leistet tolles für sein Land. Und ich sag mal so, groß stimmt ja sogar. Absolut. Absolut. Aber Frau Flake, unsere europäische Bescheidenheit in allen Ehren, aber müsste Europa, der größte Binnenmarkt der Welt nicht doch den Anspruch haben, auch politisch mehr zu bewegen? Hallo, Europas Politiker reden doch in einer Tour. Die mahnen alle möglichen Werte an, warnen vor Entwicklung oder finden irgendwas total inakzeptabel. Das nennt man Softpower, Herr Welke. Und für genau dieses Softe haben wir jetzt auch den perfekten Außenminister mit dem knuffigsten TikTok Auftritt seit Bism. Ja. Lüt Politik hier in Berlin für die ganze Welt. Hallo, wer amat? Halloister. [Musik] Ich möchte die Deutschen und die europäischen Interessen in der Welt vertreten. Es geht mir um Sicherheit, Frieden und Wohlstand. Also, ich meine, nein, ich finde ihn ja auch total sympathisch, den Herrn Wadefu, aber trotzdem, ich meine, sich so zwang junge Menschen ranzen mit Emojis. Ich überlege gerade, wie ich das finde als kritischer Mann. Ähm, ich glaube, ich glaube, ich find es nur so mittel, Frau Flagen muss ich sagen. Aber ist nur mein Gefühl. Ja, weil sie alt sind und keine Ahnung haben von Social Media. Ja, so geht das. Das sind japanische Gummibärchen. [Musik] Schon mal vielversprechend aus von draußen. Ja. wirklich sauer, wirklich interessant und wir waren live dabei. Wood sind das jetzt die Wortspiele mit wir davon ablenken, dass wir außenpolitisch nichts mehr zu melden haben? Genau. Und deshalb tritt Jofu auch beim nächsten ESC für Deutschland an und zwar mit Wade Hadde Fuhed da. Wad hade Fle. War der Helfule da? War der Helfule da? Sicher vor dieser Fe [Musik] dieser Flage. Ja, komm. Also, ich sag mal Soft Power hin oder her. Europa muss dringend erwachsen werden, denn wir sind total abhängig von den Vereinigten Staaten. Militärisch sowieso, aber leider auch digital. Und das ist vielen gar nicht bewusst. 65% unserer Daten liegen allein in den Clouds von Amazon, Google und Microsoft. Donald Trump könnte uns quasi die Cloud abstellen und das war's dann für unsere deutsche IT. Das ist gruselig, aber wahr gone, ne? Ja, dank des sogenannten US Cloud Acts hat der Horrorclown Zugriff auf alle Clouddaten, auch die hier in Europa. Es würde schon reichen, uns keine Updates von US Software mehr zu geben, dann wären wir erledigt, Freunde. Wobei meine die Tech Bosse in den USA, das sind ja jetzt auch keine willigen Erfüllungsgilfen von Donald Trump. Bitte doch. Danke, dass Sie uns eingeladen haben. Danke für ihre unglaubliche Führungsstärke und dass sie uns zusammengebracht haben. Ich möchte ihn danken, dass ich dabei sein darf. Es ist unglaublich mit allen hier zusammen zu sein, besonders mit Ihnen und der First Lady. Danke, dass Sie uns zusammengebracht haben und danke, dass Sie so ein wirtschaftsfreundlicher Präsident sind. Das ist eine sehr erfrischende Veränderung. Danke für alles, mein König. Darf ich Ihnen meine Tochter als Zweitfrau anbieten? Ist doch ekelhaft. Wirklich widerlich oder das Geschleime? Sogar Bill Gates hat er mit geschleimt. Bill Gates um Himmelswehen. Ja, zum Glück. Zum Glück arbeitet Deutschlands neue Digitalminister Carsten Wildberger mit Hochdruck an der sogenannten digitalen Souveränität. Es pressiert allerdings auch ein wenig, denn im Moment landen auch jede Menge Daten von deutschen Behörden in der amerikanischen Cloud. Warte mal, ich frage mal kurz Karl Klammer auf meinem alten Laptop. Karl, kann Deutschland eigentlich schnell eigene Clouddienste aufbauen? Ich glaube, er meint nein. Tatsächlich könnte man auf neue am besten von den Amis unabhängige Open Source Systeme umstellen. Das müsste man sogar. Genau daran arbeitet Zendis, das Zentrum für digitale Souveränität. Die haben auch schon 100.000 Behördenarbeit open Source umgerüstet. Es fehlen also nur noch rund 3,5 Millionen. Ich habe ein gutes Gefühl, meine Damen und Herren. Leute, der Trump könnte morgen wegen irgendwas sauer sein auf uns und was dann passiert wäre wirklich eine Art Katastrophenfilm. Sie dachten, es wäre ein ganz normaler Mittwoch im Einwohnermeldeamt Köln Kalk. Auf jeden Fall dieser Grill, das ist der absolute Oberbner. Ja, der hat ein sogenannte Sisselzone. Ähm, Martin. Mhm. Ich komme nicht mehr in unsere Datenbank. Was was das denn? Wie jetzt? Ja, keine Ahnung. Hier geht gar nichts mehr. Nichts, als hätte man irgendwie die Cloud abgestellt oder so. Deiner Mutter haben sie der Cloud abgestellt. Ey, Moment mal. Meine Solitärspielstände sind weg. Alarmstufe rot, sie haben uns Kraut abgestellt. Ah, nee, komm, schick einfach mal eine E-Mail an die IT Idioten. Hey, Mail geht auch nicht mehr raus. Jetzt im Kino 2026, das Jahr in dem Trump uns die Cloud abstellt. Was machen wir denn jetzt? Wir sind von allem abgeschnitten. Reiß dich zusammen, Jutta. Wir stehen das alle durch. Warte mal. [Musik] Das Schicksal der deutschen Verwaltung hängt plötzlich an einem einzelnen Verwaltungsfach angestellten. Zum Glück haben wir der Faxäte nie weggeworfen. Und guck hier, der Anschlüsse, der haben wir ja auch noch hier. Guck, [Musik] Deutschland schlägt zurück. Damit hat das Pentagon nicht gerechnet. Scheiß doch auf die Qu Leute. Jetzt schaltet sich aus, dass wir alles auf Papier haben. Ja, wie versenden wir denn die Daten? Schätzelein. Daf haben wir den sogenannten Rollwagen und mit dem schiebe ich die Daten in die Poststelle. W 2026 Don Fox Germans. Haudi Leute, ich wollte euch nur um ein kleines Abo bitten. Einfach anklicken. Macht's gut. Na los, na los, du scheißpd.",OK
FoOYU4D1v78,"""Wie lebt man zwischen Gewalt, Radikalisierung und wie hier immer wieder Beerdigungen? Wenn das israelische Militär
vieles im Alltag bestimmt, durch Einsätze,
Straßensperren, Kontrollen. Und immer mehr Menschen
Angst haben vor radikalen israelischen Siedlern. Was bedeutet es, hier aufzuwachsen? Hier im palästinensischen Westjordanland. Wir treffen junge Menschen,
die einfach nur ihr Leben leben wollen."" ""Und einen, der sich radikalisiert hat. Auf einer israelischen Terrorliste
steht. Ich bin ARD-Korrespondentin
im Nahen Osten. Während sich die Nachrichten seit Monaten
vor allem um den Gazastreifen drehen, will ich jetzt über den Checkpoint
von Israel ins besetzte Westjordanland. Denn der Kampf ums Land, darum,
wer hier leben darf, wird immer brutaler. Ich will herausfinden, wie blicken
junge Palästinenserinnen und Palästinenser jetzt in die Zukunft?"" ""Und ab jetzt
kann man eigentlich Google Maps vergessen, weil es lauter Checkpoints gibt,  Straßensperren
und die sind natürlich nicht bei Google Maps. Und alles dauert eigentlich
immer länger als man geplant hat."" ""Und immer öfter ist es wie hier. Kein Durchkommen."" ""Eine Straßensperre und wir müssen irgendwie
eine Alternativroute finden."" ""Deshalb ist meine Kollegin Dareen 
 dabei. Sie kommt von hier, kennt sich aus. Später wird das noch wichtiger. Das sind israelische Siedlungen. Die gibt es hier fast überall."" ""Also, ich habe da mal was vorbereitet. Das ist Israel alles. Und da? Hier, östlich davon ist das Westjordanland oder West Bank, auf Englisch."" ""Und hier noch mal
das Westjordanland in groß. Eigentlich ist das alles
palästinensisches Gebiet. Was hier dunkel markiert ist, wird
aber komplett von Israel kontrolliert. Ein totaler Flickenteppich also."" ""Und die Siedlungen? Die sind in diesem dunkel-markierten Gebiet. Da leben mittlerweile mehr als 500.000 israelische 
Siedlerinnen und Siedler.  Und diese Siedlungen, die gelten als völkerrechtswidrig."" ""Die Siedler beanspruchen
das Land als gottgegeben für sich, akzeptieren nicht, dass das hier
palästinensisches Gebiet ist. Manche sind sogar gewalttätig, greifen
Dörfer wie Burqa an. Hier versuchen wir mit jungen
Menschen ins Gespräch zu kommen. Aber das ist nicht einfach."" ""Menschenrechtsorganisationen sprechen außerdem von systematischer Misshandlung
und Folter palästinensischer Gefangener. Das Militär weist die Vorwürfe zurück. Man halte sich an geltendes Recht. Misshandlungen seien verboten. Immer wieder machen wir die Erfahrung: Junge Menschen haben Angst - befürchten, dass sie festgenommen werden, wenn sie vor der Kamera sprechen  und misstrauen ausländischen,
besonders deutschen Medien - Wir könnten sie falsch darstellen. Dann treffen wir Abed. Abed ist der Erste hier,
der vor der Kamera mit uns sprechen will. Er berichtet, dass erst vor kurzem
radikale Siedler angegriffen haben, ganz in der Nähe."" ""Er sagt, es ist gefährlich, da hinzugehen. Aber... Er will es trotzdem machen."" ""Wir fahren an den Ortsrand. Abed und sein Freund
zeigen uns eine Siedlung oben hinter diesem Hügel. Auf den ersten Blick
sieht das nicht bedrohlich aus. Doch Attacken radikaler Siedler
auf Palästinenser haben massiv zugenommen. Sie fühlen sich von der ultrarechten
israelischen Regierung ermächtigt."" ""Plötzlich am Hang gegenüber -  ein Auto mit israelischer Flagge. Mittlerweile
sind noch andere Jungs dazugekommen. Nur ein paar wollen auch vor die Kamera. Burqa ist umringt von Siedlungen. Bei einer haben wir wohl
Aufmerksamkeit erzeugt. Die Jungs sind besorgt. Nach der Drohne könnten bewaffnete
Siedler selbst kommen. In solchen Situationen kann es auch
clashen. Jugendliche schmeißen Steine. Darüber reden wollen sie hier nicht. Sie könnten dafür ins Gefängnis kommen. Erst letzte Nacht hat das Militär
viele junge Männer hier festgenommen."" ""Das ist schon ein verdammt unangenehmes Gefühl,
wenn da einfach so eine Drohne ist. Wir haben euch im Blick. Auch wenn diese Drohne vielleicht gerade
nichts macht. Einfach nur so guckt."" ""Wir entscheiden
uns, im Ort zu übernachten. Abed lädt uns zu seiner Familie ein. Sein Bruder und er sind hier
Feuerwehrleute und Sanitäter."" ""Wir hoffen, dass wir das
heute Nacht nicht brauchen. Anderer Tag. Anderer Ort."" ""Wir treffen Asia und ihre Freunde. An Wochenenden gehen sie hier klettern. Auch ich will das ausprobieren. Und eigentlich könnte es ein schöner Tag werden. Einfach mal abschalten
- im Westjordanland."" ""Burqa. Genau der Ort,
in dem wir eine Nacht verbringen. Den Kletterern bleiben in dieser Gegend
nur noch 2 von 6 Kletterwänden. Diese hier ist eine davon. Denn bisher gab es hier weder Siedler noch Militär."" ""Zeina ahnt nicht, dass diese Tour nicht nur schwer, sondern heute gar nicht möglich sein wird. Dabei ist Klettern so wichtig für sie."" ""Aus dem Nachbarort hören wir den Muezzin. Sonst ist das ganz still."" *Musik* ""Doch dann:"" ""Oh, da ist Militär."" ""Noch weiß keiner, wie das hier ausgeht. Zurück nach Burqa zur Abeds Familie, die uns herzlich aufnimmt. Und es gibt was zu feiern. Abeds Bruder hat sich verlobt. *Musik* Mir fällt auf: Statt Netflix oder News laufen hier
die Überwachungsbilder von der Straße. Unten steht der Löschwagen bereit. Wenn Abed los muss,
erfährt er das über WhatsApp."" ""Trotz allem - in seiner Heimat bleiben, sich nicht vertreiben lassen, so sieht Abed das. Ich werde noch junge Menschen
treffen, die Gewalt und Kampf als einzige Lösung sehen. Abed bereitet sich auf die Nachtwache vor. Erst vor wenigen Tagen
hat ein Palästinenser drei israelische Siedler erschossen, in einem Ort namens al-Funduq. Oft kommt es danach
zu Vergeltungsangriffen der Siedler. Und genau das passiert gerade. Etwa eine halbe Stunde entfernt von hier."" ""Ab ins Matratzenlager. Lange schlafen werden wir nicht. 1:00 Uhr nachts."" ""Zwei Armeefahrzeuge wurden
gesehen, heißt es in der WhatsApp Gruppe. Erst in der Nacht
davor gab es hier einen Einsatz laut Militär,
um Terrorverdächtige festzunehmen."" ""Abed wird bis 5:00 Uhr wachbleiben,
obwohl er am Morgen zur Uni muss. Immerhin. Der Rest dieser Nacht ist ruhig."" ""Zurück zur Kletterwand. “Mein journalistischer Instinkt wäre, runterzugehen, um besser mitzukriegen,
was da eigentlich gerade passiert. Aber ich glaube, damit könnten wir
nur noch mehr Probleme verursachen. Deswegen halten wir uns mal zurück und beobachten das aus
der Ferne und fragen gleich. Ah, jetzt fahren sie. Jetzt fährt das Militär. Okay."" ""Ob sie jemals hierher zurück kommen
können, wissen die Kletterer nicht."" ""Jetzt müssen wir alle hier weg. Aber wir werden
die Kletterer wiedertreffen und wir wollen rausfinden,
was oben auf dem Berg ist. Sind da wirklich Siedler? Im Nachbarort
auf dem gegenüberliegenden Berg. Dorfbewohner zeigen uns Videos
von Angriffen in der Gegend. Sie zünden Autos an, verletzen Menschen und es gibt Zusammenstöße. Palästinensische Jugendliche und Siedler
bewerfen sich gegenseitig mit Steinen. Einige Tage später
fahren wir hoch auf den Berg. Auf unsere Interviewanfrage antwortet
das Militär schriftlich man habe diese Siedlung, die auch nach
israelischem Recht illegal ist, geräumt. Die ganze Gegend sei Sperrgebiet. Die Kletterer dürfen hier
erst mal nicht wieder hin. Wir wollen sehen, ob die Siedler
trotzdem noch hier sind."" ""Die kommen jetzt auf uns zu, hier ist auch so ein
hebräisches Schild, junge Kerle. Ich glaube, um ehrlich zu sein, dass es nicht so schlau ist, hier jetzt weiterzufahren."" ""Genau das. Ich würde sagen, wir kehren jetzt um."" ""Oh, die kommen hier runter!"" ""Ok, die wollen offensichtlich nicht mit uns reden. Die kommen jetzt. Wir fahren."" ""Wir sehen,
dass einer einen Schlagstock hat. Wissen, dass solche Situationen
gefährlich sein können und fahren. Der Rückweg und wieder Checkpoints. Seit den Hamas-Angriffen am 7. Oktober gibt es viel mehr von solchen Militärkontrollen im besetzten Westjordanland. Offiziell sagt das Militär: Die Checkpoints seien wegen zunehmender Terroranschläge zur Sicherheit aller. Meine Zwischenbilanz: Die jungen Menschen, die ich bislang getroffen habe,
versuchen alle irgendwie klarzukommen. Jetzt will ich jemanden
treffen, der sich radikalisiert hat. Israel sucht ihn als Terroristen. Unser Ziel: 
das Flüchtlingslager von Tulkarem. An solchen Orten haben Terrorgruppen
wie die Hamas großen Zulauf. Deshalb gibt es mittlerweile fast
jeden Tag israelische Militäreinsätze."" ""Ich will mit einem der meistgesuchten
Militanten sprechen. Ob das klappt, weiß ich nicht."" ""Erste Schüsse. Die schießen in die Luft während der Beerdigungen.  Ich habe jetzt schon relativ oft
so eine Weste getragen, aber ich komme mir immer ein bisschen komisch vor,
wenn wir hier die Einzigen sind mit solchen Westen.  Aber wenn man diese Schüsse hört, dann merkt man, dass es schon Sinn macht."" ""Gestern war die israelische Armee
hier. Ein Anti-Terror-Einsatz gegen die Hamas,
sagt das Militär. Heute werden die Getöteten begraben,
da gehören Schüsse und Waffen dazu. Die Toten - fünf militante Kämpfer,
aber auch Zivilisten,
zwei Frauen und ein Jugendlicher. Die Sorge vieler hier: jederzeit
könnte das Militär erneut angreifen. Bisher war das während Beerdigungen
nicht der Fall. Für uns ein kurzes Zeitfenster,
um an radikale Kämpfer zu kommen."" ""Ich merke, die Kinder um mich herum sind das schon gewöhnt."" ""Mitten in der Ballerei. Und das hört auch nicht auf! Komm' auch runter."" ""Die Anführer sollen im Flüchtlingscamp
sein. Schon beim Betreten sehen wir, wie viel
durch die Militäreinsätze zerstört ist. Bulldozer der Armee haben die Straßen
aufgerissen wegen möglicher Sprengfallen. Nach Drohungen von ultrarechten
israelischen Politikern haben viele hier Angst, dass es so enden könnte
wie in Gaza. Seit den 1950ern leben hier Palästinenser, die im Zuge der Staatsgründung Israels geflohen sind
oder vertrieben wurden. Hohe Arbeitslosigkeit, wenig Perspektiven,
ein Nährboden für's Radikalisieren."" ""Widerstandskämpfer nennt er sie, Terroristen, sagt Israel. Vor der Kamera sprechen die fast nie."" ""Dareen spricht jetzt mit denen, weil... Wir müssen hier Vertrauen aufbauen. Die wollen nicht, dass wir drehen gerade. Und ich hoffe, das klappt. Die haben einfach mega Schiss, dass wir... Okay, sie ruft, wir sollen kommen."" ""In den engen Gassen verstecken
sich die militanten Kämpfer, die Planen sind Sichtschutz
gegen israelische Drohnenangriffe. Wir wollen den treffen,
der sich als Anführer aller Milizen im Lager bezeichnet, auch der Hamas. Laut israelischem Militär mitverantwortlich
für mehrere Terrorangriffe auf Israelis. Ihab Abu Atiwe, 23 Jahre alt."" ""Mit 'unser Land' meint er aber nicht nur das palästinensische Westjordanland,
sondern auch Israel. Ein Blick nach oben. Israelische Drohnen? Ihab will
in Deckung gehen. Und dann:"" ""Okay, Drohnen, dann kann es echt gefährlich werden."" ""Wir entscheiden: Weg hier. Jeder kann getroffen werden. Auf dem Weg raus
sehen wir diesen Jungen. Auf seiner Kette das Bild eines 14-jährigen, der durch einen Kopfschuss
bei einem Militäreinsatz getötet wurde. Die Armee sagt,
man habe auf Verdächtige gezielt die Sprengsätze versteckten und untersuche
die Umstände. Laut Vereinten Nationen wurden
im letzten Jahr so viele Minderjährige im Westjordanland getötet wie noch nie. Ich frage mich:
Wie sollen diese Kinder, umgeben von Gewalt, Elend, Radikalisierung
und in ständiger Angst vor dem Militär hier an
eine andere Zukunft glauben? 80 Kilometer entfernt: Ramallah, Großstadtleben im Westjordanland. Ich treffe die Kletterer wieder. Mich interessiert:
Wie blicken Sie in die Zukunft?"" ""Ich würde diesen Film gern hoffnungsvoll
enden lassen, aber die Realität ist eine andere. Für Asia und ihre Freunde
werden die Freiräume, die sie hier suchen, immer kleiner. Wie ihre Zukunft hier aussehen soll,
wissen Sie nicht. Und dann, einen Monat nach meinem Interview
mit ihm, erreicht mich diese Nachricht. Ihab, der militante Palästinenser, wurde
durch eine israelische Drohne getötet. Ende Januar 2025,
kurz nach unseren Dreharbeiten, beginnt Israel mit den größten
Militäreinsätzen seit mehr als 20 Jahren im Norden des Westjordanlandes, zerstört
dabei Straßen, Häuser, Infrastruktur. 40.000 Menschen
mussten deshalb laut Vereinten Nationen aus ihren Häusern fliehen. Man bekämpfe Terror, sagt das Militär. Und Mitte Februar hören wir: Das israelische Militär hat
Abed, den Studenten aus Burqa, festgenommen. Warum, weiß die Familie nicht. Wir fragen beim Militär
und Sicherheitsbehörden nach. Sie schieben sich die Verantwortung
gegenseitig zu. Eine Erklärung für Abeds Festnahme bekommen wir nicht."" Könnt ihr euch vorstellen, an einem Ort zuhause zu sein,
wo die Zukunft so ungewiss ist? Schreibt mir doch gerne mal eure Gedanken dazu hier in die Kommentare. Unsere neue Reportage ist jetzt in der ARD Mediathek, den Link dazu findet ihr in der Videobeschreibung oder hier direkt.""",OK
T3ycONvTZUU,"Hallo ihr Spacken Kindermund tut Wahrheit Kund. Deshalb mache ich euch heute rund mit festhalten. Das ist kein Witz. Meinem L vermerzensfitz ihr Lieben. Ey, Entwarnung. Ja, es gibt keine Politik des Verhungernlassens in Gaza und also gibt es auch überhaupt keinen Hunger in Gaza? Israels Ministerpräsident Benjamin Bibi, unser Freund Nettaniau, vor zwei Tagen haben wir es mal wieder, können wir uns hinlegen und gut schicken wir diesen Palästinensern ein auch in dieser Höhe verdientes I fucking don't care Paket über die traditionelle deutsche Luftbrücke, eine Luftbrücke, solche Luftbrücke. Wir arbeiten gemeinsam an sogenannten Airdrops, also am Abwurf humanitärer Güter aus der Luft. Unsinnigste Luftbrücke, die es je gab. Ja, und an Unsinn ist mal wieder kein Mangel. Wir könnten ja z.B. wie damals für unsere Brüder und Schwestern hinter dem eisernen Vorhang eine Kerze ins Fenster stellen oder jeden Brief mit zweifällig Notopfer Gaza frankieren und insgesamt mal wieder richtig gute Menschen sein, wenn man uns nur lassen würde, also schlafen lassen. Ja, logisch. Und so sehen es auch übrigens seine beiden gefürchteten rechtsextremistischen Minister Ben Gir und Smutrich. Gleiche Logik nur umgekehrt. Also die schimpfen erstmal in israelischen Zeitung. Das hätte Bibi am Schabbat sich ausgedacht, ohne sie zu fragen, weil sie ja gottesfürchtige Juden sind und deswegen hätten sie das gar nicht gewusst. Und sie fordern nämlich genau umgekehrt, alle Hilfe für Gaza zu ersticken, das ganze Territorium zu erobern und die Palästinenser zum Verschwinden zu ermutigen. Und so ambivalent sieht's ja auch die deutsche Bundesregierung. Sie beharrt gleichzeitig auf der Staatsron. Existenz und Sicherheit des Staates Israel sind und bleiben unsere Staatsräson. Also Staatsra verkürzt ohne Israel kann es Deutschland nicht geben. Bedingungslos. Aber natürlich nicht bedingungslos. Friedrich März unterschreibt nicht den Appell von inzwischen 30 Staaten für Waffenruhe und internationale Hilfe, aber er teilt alles, was da drin steht. Er will nicht wie zwei Drittel der EU-Länder das Assoziierungsabkommen mit Israel aussetzen, sondern droht Israel mit Konsequenzen. Zwischen Ihnen Frankreich Macron und den Britensdammer passt kein Blattpapier, außer natürlich dem hier. Die Anerkennung eines palästinensischen Staates betrachten wir gegenwärtig, aber nicht als den richtigen Schritt. So und jetzt kommt der dickste Klopper. Es wird schrecklich. Ihr müsst tapfer sein. Ihr Es ist so wie wenn man in der Dusche an sich runterguckt und sagt 60 Jahre im falschen Körper. Ihr ihr könnt meine Nummer schon mal aus dem Handy löschen. Ich sage nämlich jetzt Friedrich Merz finde ich macht das richtig. Der schaukelt sich und uns durch diese Katastrophe. Erübt gerade genug Kritik, um sich vor der Welt nicht komplett zum Hamster zu machen, weil alles offensichtlich ist, was in Gaza passiert. Und er ist aber Israel gegenüber so loyal, wie es gerade geht, dass es weh tut. Und unser deutsches wehun, unsere WWchen sind historisch wie aktuell gemessen an dem, was da passiert, scheißegal. Wir haben uns das redlich verdient. Wenn der deutsche Kanzler den Staat der Jüen und Juden kritisiert, was er ja tut, dann sind wir der übelriechendste Absender der Welt. Das sollten wir mal nicht vergessen. Wenn der Lügner, der vorbestrafte, der das völkermordsverdächtige israelische Regierungschef den deutschen Kanzler so immer wieder benutzt, um so wenig möglich Zugeständnis an die EU, an den Gerichtshof, an die internationalen Partner zu machen, dann ist das eben so. Unsinnigste Luftbrücke, die es je gab, wird nach menschlichem Ermessen und aller Expertise also erstmal nahezu gar nichts erreichen für die Menschen in Gaza und damit auch für die Menschen in Israel. Die Europäer haben inzwischen viele Druckmittel auf den Tisch gelegt. Das Assoziierungsabkommen auf Eislegen, die Anerkennung Palästinas durch Großbritannien und Frankreich. Der Bundestag hat inzwischen sogar ein Waffenembargo gegen Israel debattiert. Der internationale Gerichtso führt einen Haftbefehl gegen Netaniau, den März ja neulich noch umgehen wollte, redet er jetzt auch nicht mehr von. Und wenn diese ganze Drogulisse nicht zu mehr führt als diesem PR-Stand der Luftwaffe, dann ist März gescheitert. Ja, auf Trumps Amerika ruht keine Hoffnung, auf Netaniau erst recht nicht. Und dann heißt es scheitern und weitermachen, Staatsraon, weil wir wir können die Israelis und die Palästinenser nicht mit diesem Regime alleine lassen. Im Filler des Pressetempels des Spiegel in Hamburg steht ein Satz, der wesentlich besser ist als der, den ich gerade beende. Sagen was ist. Da ist noch Platz an der Wand für sagen, was nicht ist, denn im News Journalismus macht sich eine Überschrift breit. die mit der eigenen Ahnungslosigkeit hausieren geht, was wir wissen und was nicht. Zug und Glück gab es da Fahrgastrechte Formulare, Kletterunfall hatte sie an Telefon dabei, Hubschrauberabsturz, wann war der letzte Tankstopp? Messerattacke. Warum ging alles so furchtbar schnell? Diese Headline aus der Hölle werdet ihr natürlich nicht lesen bei Bildungsmisere, was wir wissen und was nicht. Ja, gut, das ist jetzt ein komisches Beispiel. Besser so Rentenkrise, was wir wissen und was nicht ist relevant, klickt sich aber schlecht. Nein, diese Pest gibt es immer bei Breaking News. Da ist die Informationsmenge meistens klein und der Informationshunger riesengroß. Also kommt eine Taktik zum Einsatz, die meine Oma auf einem Geschirrhandtuch hatte. Fünf sind geladen, zehn sind gekommen, gieß Wasser zur Suppe, heißt alle willkommen. Funktioniert auch bei den meisten Brennpunkten hervorragend. Eine Livechalter an den Ort des Geschehens und dann leicht variiert alles noch mal erzählen. Inklusive Hinweis, dass man ja noch nichts genaues wisse. Was wir wissen und was nicht, öffnet die Tür, sperr Angel weit für Spekulation und wildes Geraune. Wir wissen nichts über das Motiv. Kein Problem. Eine Expertin oder ein Experte wird aus dem Lehenstuhl schon ein paar Hits auf Lager haben. War es ein Herzinfarkt, eine Bombe oder könnten Videospiele Schuld sein? Und vor allem wagt es nicht weiterzuklicken. Bevor ihr woanders mehr Infos sucht, erzählen wir euch hier auch den ganzen Social Media Schlamm, der nicht stimmt, aber halt raus muss. Zuschauerinteresse ist ein legitimer Nachrichtenfaktor, aber man sollte es mit Publizierten nicht wissen, nicht übertreiben, denn manchmal ist es genauso wie die SPD-Legende Herbert Wer es 1976 bei der Analyse der Bundestagswahl auf den Punkt brachte. Ich weiß nichts und sie wissen nichts. Das Küken wird heute 62, hat einen absolut irreführenden Künstlernamen und wurde aber vorher schon mal erfolgreich, wenn auch nicht berühmt und ohne den Künstlernamen mit dieser Band und diesem Titel. als Bassist übrigens. [Musik] Ich [Musik] [Musik] sage nichts. Quatscht ihr rum? Seid überhaupt konzentriert? Voll voll. Ist Urlaub schon oder was?",OK
lEBmVZquB64,israels Ministerpräsident Benjamin Netanyahu droht der radikalislamischen Hamas mit einer Fortsetzung des gazakriegs sollte sie die israelischen Geisel nicht bis Samstag freilassen wenn die Hamas unsere Geisel nicht bis Samstagmittag zurückgibt wird die Feuerpause enden und die israelischen Streitkräfte werden die intensiven Kämpfe bis zur endgültigen Niederlage der Hamas wieder aufnehmen sagte netanahu am Dienstag wie viele Geisel elassen werden müssen ließ er offen die israelische Armee will die Truppen im Süden verstärken und weitere Reservisten mobilisieren um auf verschiedene Szenarien vorbereitet zu sein die Hamas bekräftigte am Waffenstillstandsabkommen festhalten zu wollen aus Sicht der radikalislamischen Palästinenserorganisation hat Israel mit Verzögerung der Rückkehr Vertriebener Palästinenser Bedrohung der Einwohner im Gazastreifen und Behinderungen der die Waffenstillstandsvereinbarungen gebrochen in Tel Aviv gingen die Menschen auf die Straße um gegen das Ultimatum von Netanyahu und ein mögliches Ende der Waffenruhe zu demonstrieren sie fürchten um das Schicksal der israelischen Geiseln die sich noch in der Gewalt der Hamas befinden die Menschen sterben langsam aber sicher sie versuchen verzweifelt aus der Unterwelt die die hab aufgebaut hat herauszukommen und wir müssen sie retten solange wir können leider sind wir alle nur Spielfiguren in den Spielen von nanyahu und unserer Regierung wir unterstützen nicht was unsere Regierung tut bundesaußenministerin annalina berbock mahnte alle Beteiligten einschließlich Israel und die USA die Waffenruhe nicht aufzukündigen der Waffenstillstand hänge derzeit am seidenen Faden schrieb die Ministerin auf der Plattform blue sky,OK
pRvJhD2NA6A,es dauerte einen ganzen Tag bis die 29 Kinder aus dem Gazastreifen Jordanien erreichten König Abdallah hatte sie für lebenswichtige medizinische Behandlungen eingeladen in dieser Gruppe sind amputierte sowie Kinder mit Herzfehlern Augenverletzungen und Krankheiten wie Epilepsie viele wurden durch israelische Luftangriffe verursacht alle Kinder benötigen eine Behandlung die im gaserastreifen nicht möglich ist die Reise war anstrengend endlich im Krankenhaus angekommen können Sie kurz durchatmen und mit Ihren Lieben zu Hause telefonieren Sabrine hat ihre sechsjährige Tochter Sidra hierher gebracht sie durfte auch Ihr Baby mitbringen aber ihre anderen vier Kinder musste sie im Gasastreifen zurücklassen ich wollte diese Chance für meine Tochter nicht verpassen aber mein Herz ist bei meinen anderen Kindern geblieben denn die Lage in G ist immer noch schwierig meine Kinder Fasten zwar aber während des Ramadans sind die Preise für Lebensmittel sehr gestiegen hier geben Sie uns essen aber ich kann nichts essen während meine Kinder in Gasa sich kein Essen leisten können ich kann das nicht ertragen Sidra hat bei einem israelischen Angriff eine Hand verloren wir waren in einem Schutzraum in einer UNRWA Schule in nuserat sie haben die Schule bombardiert raketensplitter trafen die Hand meiner Tochter im Isra Krankenhaus in Aman werden derzeit mehrere Kinder mit ähnlichen Verletzungen behandelt sechs Kinder kamen mit Amputationen bei einigen betraf es die Arme andere Waren an den Beinen amputiert worden mü noch mal operiert werden da Amputationen in Kriegsgebieten nicht immer ganz präzise durchgeführt werden können wir treffen J die mit ihrer Mutter und ihrem Bruder hierher gekommen ist Jud rechter Arm wurde durch Granatsplitter schwer verletzt wovon träumt sie ich wüns mir ein Haus das nicht abgebrannt eine Küche und ein Badezimmer es wird lange dauern bis Sidra und Jud wieder gesund werden aber nach mehr als einem Jahr Krieg gibt es einen Hoffnungsschimmer,OK
EUQpnrc9_C0,"Donald Trump spricht vom Frieden im 
Gazastreifen. Eine neue Waffenruhe ist   da. Die Geiseln wurden freigelassen. Aber 
ist das wirklich das Ende der Gewalt? Und   was bedeutet das für die Menschen, 
die hier bei uns in Hessen leben?   Können sie aufeinander zugehen? 
Heute bei hessenschau DAS THEMA. Es sind Bilder, die Anfang der Woche um die Welt 
gingen. Alle überlebenden israelischen Geiseln   sind frei. Auch palästinensische Gefangene wurden 
freigelassen. Hilfsgüter kommen im Gazastreifen   an. In Frankfurt, Kassel, Darmstadt – überall 
leben Israelis und Palästinenser. Viele haben   hier ein neues Leben aufgebaut, aber in Gedanken 
sind sie oft bei ihren Familien in der Heimat. Nir Rosenfeld, Unternehmer aus Frankfurt,   ist überwältigt, als die israelischen 
Gefangenen endlich freigelassen werden. Seine Tante, also ich ich kriege 
Gänsehaut, wenn ich darüber rede,   ist eine unserer beste Freunde und 
wir reden mit ihr fast jeden Tag.   Und ja, mir kommen die Tränen und ja, 
der kommt jetzt nach Hause. Gott."" Zwei Jahre Krieg könnten jetzt ein Ende 
haben. Bei Rojan aus Offenbach herrscht   keine Feierlaune. Trotz Waffenruhe ist sie in 
Gedanken bei ihren Verwandten, ihren Onkeln,   Tanten und Cousinen. Sie leben in Gaza Stadt. ""Ich persönlich habe ziemlich gemischte Gefühle, 
auch als ich diese Bilder gesehen habe. Einerseits   freue ich mich sehr für diese unschuldigen 
palästinensischen Gefangene, die in wirklich   gefoltert wurden, unter grausamsten Umständen 
in diesen israelischen Gefängnissen waren. Aber gleichzeitig traut man sich noch 
nicht so ganz oder wir wissen nicht,   ob wir dem trauen sollen. Wir sind sehr skeptisch, 
ob das hält, ob der Waffenstillstand hält."" Rojan lebt in Hessen, studiert hier. 
Seit der Waffenruhe hat sich noch   nicht so viel für ihre Familie vor Ort geändert. ""Sie haben wieder ein bisschen Hoffnung. Sie 
haben ein bisschen Hoffnung, nicht große Hoffnung,   aber effektiv hat sich noch nicht so 
viel für die Menschen in Gaza geändert.   Sie leben immer noch in Flüchtlingslagern. 
Ihre Umstände sind immer noch katastrophal.   Also so viel spüren die Menschen noch 
nicht von diesem Waffenstillstand."" Hanif Arochi ist Projektleiter des 
jüdisch-muslimischen Dialoges. Er   setzt sich seit Jahren als Teil der 
Initiative ""Sei ein Mensch"" dafür ein,   dass Israelis, Palästinenser, Juden und Moslems 
zusammenkommen und miteinander sprechen. ""Egal, was da auch immer vor 
Ort gegeneinander passiert:   Wir können hier dennoch das Gemeinsame 
sehen und das ist eben das Mensch sein.   Und das bietet uns dann die Möglichkeit, 
dass wir auch die Empathie für das Leid   des anderen ja empfinden können. Auch wenn 
wir mit der politischen Positionierung der   anderen Gruppe nicht einverstanden sind, 
können wir denn noch das Leid teilen."" Er unterstützt heute auch die Kundgebung 
der Initiative ""Sei ein Mensch"" in der   Frankfurter Innenstadt. Knapp 30 Menschen 
sind gekommen, immerhin ein Anfang.   Sie wollen ein Zeichen setzen für Frieden und für 
die Versöhnung von Israelis und Palästinensern. ""'Sei ein Mensch' ist genau das bedeutet das. 
Sei begegne den anderen mit Menschlichkeit.   Entmenschliche die Leute nicht nur, weil die 
eine andere Meinung haben, eine andere Religion,   eine andere Herkunft. Insbesondere im Hinblick 
auf den Nahostkonflikt ist es ganz wichtig,   dass wir uns auf die Gemeinsamkeiten 
besinnen und nicht auf das, was uns trennt."" Rojan glaubt, dass Versöhnung funktionieren kann,   aber nicht muss. Doch Frieden kann ihrer 
Meinung nach nur der Dialog bringen. ""Ich denke, Dialog ist immer wichtig und richtig.   Ohne Dialog kann es keinen Frieden geben und 
auch hier in Deutschland müssen wir den Anfang   machen. Dann fangen wir hier an, die eben nicht 
so direkt davon betroffen sind. Aber wir müssen   den Anfang machen. Wenn wir es schaffen, uns 
zu versöhnen und miteinander zu sprechen,   dann schaffen es unsere Angehörige in 
Israel und Palästina hoffentlich auch bald."" Bei Israelis und Palästinensern gibt es Wunden 
auf beiden Seiten. Doch es gibt auch Hoffnung:   Menschen, die reden, zuhören, vergeben. 
Vielleicht beginnt der echte Frieden   nicht in Gaza oder Tel Aviv, sondern 
hier – in den Straßen von Frankfurt,   in den Herzen der Menschen. Für weitere 
aktuelle News aus Hessen lasst gerne ein Abo da.",OK
