video_id,transcript,status
9lHreZmhtew,"Wenn sie den Bankensektor mit den Verlusten, 
die da ökonomisch in den Bilanzen schon   aufgelaufen sind, implodieren lassen, dann 
ist hier Armageddon. Dann haben wir also   eine depressive Deflation mit einem Kollaps, 
einem Kollaps der Geldmengen in einem Ausmaß,   wie wir das in der Weltgeschichte noch 
nie gehabt haben, auch nicht 1929, 30. Wie geht es weiter in 2024? Müssen wir 
mit weiteren Krisen im Bankenbereich,   Energiesektor und beim Euro rechnen? Darüber 
sprechen wir heute mit Dr. Markus Krall. Ja,   und wenn du ihn noch nicht kennst, Dr. Krall 
ist Volkswirt, hat international Banken,   Versicherungen, Regierungen, beraten 
mehrfacher Bestseller, Autor und ehemaliger   CEO der Goldsparte von Degussa. Lieber Herr Dr. 
Karl, schön, dass Sie wieder mit dabei sind. Wie immer sehr gerne, Herr Wittmann, Starten wir gleich mit dem Bankensektor. Die 
Credit Suisse wurde ja beinahe Geschichte als   ein sehr renommiertes Bankenhaus, große Banken in 
den USA, denen es ein bisschen anders ergangen.   Ja, jetzt ist es ja wieder 
ruhiger um die Banken. Ist   jetzt wieder alles gut oder sehen Sie 
da noch Probleme am Ende des Tunnels? Die Credit Suisse ist ja Geschichte, wenn man mal 
genau hinschaut. Sie ist aufgegangen in der UBS.   Ich bin ja auch aus Schweizer Finanzkreisen 
und Investorenkreisen gefragt worden,   was ich denn davon halte. Ich habe dann eigentlich 
meine Analyse dort dahingehend geäußert, dass ich   das für eine schlechte Idee halte, eine Megabank 
mit 1,5 Billionen Bilanzsummen in der Schweiz zu   haben, wenn das Land selbst nur 750 Milliarden an 
Bruttosozialprodukt pro Jahr hat. Das heißt also   eine Bank, die vom Bilanzvolumen doppelt so groß 
ist wie das jährliche Bruttosozialprodukt. Das   scheint mir von der Risikotragfähigkeit des Landes 
ein Problem zu sein. Denn wenn diese Bank wirklich   ins Rutschen kommt, dann ist möglicherweise 
die Schweiz alleine ohne Inflationsschub,   also mit viel frisch gedrucktem Geld, nicht in 
der Lage, diese Bank zu retten. Und damit wird   sie quasi verwundbar für Lockangebote der EU, die 
sowas natürlich auch eine Hilfe in so einem Fall   nicht kostenlos machen würde. Das bedeutet, hier 
haben wir jetzt ein riesiges Klumpenrisiko und   natürlich ist die Sache nicht vorbei. Wir haben 
jetzt ein erstes Beben gehabt. Dieses erste Beben   war das Resultat von Verlusten, die immer noch da 
sind. Und zwar war das das Resultat von Verlusten   im Anleihemarkt. Wir haben ja einen Zustand, der 
so aussieht, dass der Planet, wenn man so will,   durch das Papier-Geld-System überschuldet ist. Ja, 
wir haben ein Schuldgeld-System und die Schulden,   die wurden immer höher aufgetürmt in den 
letzten 10, 20, 30, 40 Jahren. Und diese   Überschuldung führt jetzt dazu, dass wir 235.000 
Milliarden Euro Schulden auf der Welt haben,   bei einem jährlichen Weltbruttosozialprodukt von 
etwa 95.000 Milliarden, also 95 Billionen. Und   von diesen Schulden sind etwa 150 Billionen, 
also 150.000 Milliarden sind Anleihen. Diese   Anleihen liegen eben auch zu einem nicht 
geringen Teil in den Bilanzen der Banken   und die steigenden Zinsen, die wir seit 
Beginn der Inflationskrise gesehen haben,   die ja unausweichliche Reaktion der Zentralbanken 
waren, um ihre Glaubwürdigkeit nicht restlos zu   verspielen an der Inflationsfront. Die haben 
dazu geführt, dass die Kurse dieser Anleihen   gefallen sind. Wenn die Zinsen steigen, fallen 
die Kurse, weil neue Anleihen mit höheren Zinsen   attraktiver sind als alte Anleihen mit niedrigen 
Zinsen. Und dieser Zinsverlust, die Differenz,   die wird dann am Kurs normalerweise abgezinst, 
abgeschlagen. Sodass wir in diesem 150.000   Milliarden Markt Kursverluste gesehen haben in den 
letzten zwei Jahren von etwa 20.000 Milliarden.   Das ist eine riesige Summe. Das ist gut mehr als 
fünffacher des deutschen Bruttosozialprodukts,   was da an Kursverlusten entstanden ist. Und davon 
dürfte etwa ein Viertel bei den Banken angefallen   sein, also 5 Billionen. Die westlichen Banken 
haben aber nur 3, 5 Billionen Eigenkapital, sodass   das zwar ungleich verteilt ist, diese Verluste 
und nicht alle Banken pleite sind, aber in Summe   übersteigen die Verluste des Eigenkapital des 
Systems. Deswegen ist diese Frage auch noch nicht   vorbei. Und das zweite große Ungleichgewicht, 
über das haben wir ja an dieser Stelle schon   einige Male gesprochen, Herr Wittmann, Das 
ist ja die Zombifizierung der Kreditportfolien   durch die jahrzehntelange Nullzinspolitik. 
Also das künstliche Am-Leben-Erhalten von   schlechten Unternehmen, die eigentlich pleite 
gehen sollten, durch den Nullzins, der eine   Art Subvention darstellt, weil der Zins der 
normalerweise abfließen würde und der bedeutet,   dass diese Unternehmen ihre Kapitalkosten bedienen 
müssen, der wird ja nicht mehr bezahlt und   dadurch können Unternehmen überleben, die sonst 
pleitegehen würden. Und das wiederum bedeutet,   dass wir eine riesige Menge an sogenannten 
Zombie-Unternehmen in den Bankbilanzen haben.   Und diese beiden Ungleichgewichte, die sind jetzt 
nicht dadurch weggegangen, dass sie nicht mehr im   Fokus der Aufmerksamkeit von Medien, Investoren, 
Bürgern oder Aufsicht stehen, sondern sie sind   nach wie vor da. Und wir wissen von der FED, 
die schon vor über einem halben Jahr zugegeben   hat, dass mehr als 700 US-Banken mehr als die 
Hälfte ihres Eigenkapitals schon verloren haben,   alleine durch den Effekt der Kursverluste von 
Anleihen. Wahrscheinlich sind es mittlerweile   mehr und wahrscheinlich ist es auch deutlich 
mehr als die Hälfte des Eigenkapitals. Insofern   simmert unter der Oberfläche diese Bankenkrise 
weiter. Bankenkrisen entfalten sich auch nicht   als ein zentrales Beben. Es ist nicht so, dass der 
Vulkan ausbricht ohne Vorwarnung, am Vormittag und   am Nachmittag ist alles vorbei. Sondern genau wie 
in der Geologie gibt es da Vorbeben. Und dieses,   was wir jetzt gesehen haben, das war das 
Vorbeben. Ähnliches hatten wir 2007, 2008.   Sie erinnern sich, da hatten wir erst den Bear 
Stearns Moment. Das heißt, also wir haben erst   die kleine Bankenkrise gehabt, dann wurde da dran 
rumlaboriert und einige Leute haben Geld verloren   und dann wurde wieder ein bisschen rumgerettet. 
Man ist da eigentlich so reingestolpert und dann   war wieder eine Weile Ruhe. Und dann kamen die 
ersten Gerüchte auf, dass eine richtig große Bank,   Zitat, ein großer Klopper, wie die Presse damals 
sagte, umzufallen droht. Damals war aber der   Öffentlichkeit noch nicht bekannt, dass es Lehman 
sein würde. Und dann kam Monate später erst, ein   halbes Jahr später, ein halbes Jahr, dreiviertel 
Jahre nach Börsterns kam es dann zur eigentlichen   Bankenkrise. Das heißt, diese Dinge entfalten 
sich nicht in einem Ruck, sondern sie kommen in   Wellen und es muss auch nicht notwendigerweise 
zwei Wellen sein, es können auch drei oder vier   Wellen sein. Das ist schwer vorauszusagen. Und 
wir werden sehen, dass diese Ungleichgewichte   an die Oberfläche drängen. Spätestens dann, wenn 
die Anleger der Banken mitbekommen, wie es denn   in den Banken aussieht. Denn diese Verluste, 
die werden ja nicht abgeschrieben. Das heißt,   der Bilanzwahrheit wird nicht Genüge getan, obwohl 
das Geld weg ist. Die Aufsicht sagt den Banken,   ihr müsst es nicht abschreiben, solange 
ihr es nicht verkauft. Was also aus rein   bilanztechnischer Sicht ein Unding ist. Stellen 
Sie sich mal vor, Sie würden diese Anleihen jetzt   kaufen zum niedrigeren Kurs. Dürften Sie die 
dann, obwohl es die gleichen Anleihen sind, auch   zum höheren Kurs von vor sechs Monaten oder vor 
zwölf Monaten in Ihrer Bilanz drinstehen haben.   Das wäre doch komplett irrsinnig. Aber es ist 
genauso irrsinnig, Verluste, die man erlitten hat,   nicht abzuschreiben. Das ist ökonomisch identisch, 
weil es das gleiche Bild in der Bilanz ist,   die gleichen Papiere, die gleiche Bewertung. 
Nur der Kaufzeitpunkt soll darüber entscheiden,   ob ich sie abschreiben muss oder ob ich das nicht 
tue. Was ist denn das für ein Bilanzkriterium,   wann ich es gekauft habe? In Wahrheit handelt es 
sich hier eine Verschleierung der ökonomischen   Verhältnisse mit Duldung der Finanzaufsicht, der 
Bankaufsicht und anderer Behörden. Und das ist im   Grunde genommen amtlich gedeckter Bilanzbetrug. 
Aber der amtlich gedeckte Bilanzbetrug wird an   die Oberfläche kommen und die Leute werden es 
rausfinden. Und zwar deswegen, weil in jeder Bank   so viele Leute arbeiten, dass es immer rauskommt. 
Und dann werden wir sehen, was da passiert. Sie haben ja gerade von einem Vorbeben gesprochen. 
Das impliziert ja ein Hauptbeben. Und was   verstehen Sie dann unter einem Hauptbeben? 
Ein gewisser Teil oder vielleicht sogar   der wesentliche Teil des Bankensektors implodieren 
könnte oder was könnte uns da erwarten? Also ich gehe nicht davon aus, dass das 
Bankensektor implodiert, und zwar deswegen,   weil man ihm das nicht erlauben wird. Das 
können die sich gar nicht erlauben. Wenn   sie den Bankensektor mit den Verlusten, die da 
ökonomisch in den Bilanzen schon aufgelaufen sind,   implodieren lassen, dann ist hier Armageddon. 
Dann haben wir also eine depressive Deflation   mit einem Kollaps, einem Kollaps der Geldmengen 
in einem Ausmaß, wie wir das in der Weltgeschichte   noch nie gehabt haben, auch nicht 1929, 30.
Und deswegen wird es keinen Bankenkollaps geben,   man wird die Banken retten mit frischgedrucktem 
Geld. Die Frage ist allein, wie viel frisch   gedrucktes Geld brauche ich denn? Und nach 
meinen Schätzungen sind es vier bis acht   Billionen auf beiden Seiten des Atlantiks. Also 
acht bis 16 Billionen insgesamt. Eher zwölf bis   16 als acht bis 16. Und wenn diese Krise sich 
in vollem Umfang entfaltet, dann bedeutet das,   dass die Zentralbankgeldmenge sich mehr oder 
minder über Nacht verdoppeln muss. Mit allen   Implikationen für die Fehlallokation 
von Ressourcen und Kapital und für das   Inflationspotenzial, das dann aufgetürmt 
wird, die wir dann zu gewärtigen haben. Dazu habe ich mir auch die Situation vom 
Euro heute notiert. Auch darüber wollte   ich mit Ihnen sprechen. Was bedeutet 
das denn für den Euro? Wie sehen Sie   diesen in dem aktuellen Kontext 
und worauf sollten wir uns dann   einstellen? Wir haben ja bereits Inflation, 
die will ja auch gar nicht so richtig weg! Wir haben ja alle von der EZB 
und von Herrn Fratscher gelernt,   dass es keine Inflation geben wird vor 
zwei Jahren. Dass sie, wenn sie kommt,   nur vorübergehend ist und wenn sie nicht 
vorübergehend ist, dass sie dann gut ist,   weil sie grün sei. Als sie dann nicht mehr 
wegging, hat Herr Fratscher gemeint, na ja,   eigentlich war es Herr Putin. Also Putin ist 
schuld, aber da hätte er mal besser zugehört,   weil Frau Lagarde hat kurz vorher ja gesagt, dass 
der Klimawandel daran schuld ist. Also wenn Sie   solche, wie soll ich sagen, Denkfürsten an 
der Spitze des Finanzsystems stehen haben,   dann dürfen Sie sich nicht wundern, wenn 
die Sache schief geht. Das ist ein Eigentor. Ich meine, grundsätzlich sind 
Putin und der Klimawandel ja   mehr oder weniger für alles Schuld dort draußen. Ja, ja, also der Klimawandel ist auch schuld an 
den Stresspusteln von ich weiß nicht wem. Wir   sollen jetzt Käfer essen und das Atmen einstellen, 
Atmen einstellen für das Klima, so wie Greta. Sie   macht es ja schon seit Jahren vor. Aber jetzt 
Scherz beiseite, die Zentralbanken haben sich   natürlich hier komplett verschätzt, die FED und 
die EZB auch. Und wenn sie diese riesige Menge   an Geld drucken müssen und da bin ich sicher, dass 
sie das tun werden. Die Frage ist nur, wann? Also   wann fliegt der Bilanzbetrug in vollem Umfang auf? 
Wann kommt es zu den großen Bankruns? Wann wird   man den Leuten sagen, ihr dürft nur noch 100 Euro 
am Tag abheben, so wie in Griechenland und Zypern   seiner Zeit oder waren glaube ich sogar weniger, 
waren glaube ich 60. Wie schnell geht das?  Und die Antwort ist, man kann es nicht 
genau sagen, aber es wird zur Entfaltung   kommen. Denn solange es nicht zur Entfaltung 
kommt, kann die Zentralbank die Zinsen nicht   senken. Solange sie die Zinsen nicht senkt, 
bedeutet das, dass die Ungleichgewichte bei den   Zombies und bei den Anleihebewertungen erhalten 
bleiben. Und erst wenn es dann zur Krise kommt,   kann die Zentralbank die Zinsen senken und die 
Märkte wieder mit Geld fluten. Das heißt also,   die Tatsache, dass die Krise kommt, ist 
unvermeidlich aus dieser Mechanik heraus.   Die EZB könnte natürlich sagen, wir verhindern 
die Krise, indem wir jetzt schon die Zinsen   senken und die Märkte wieder mit Geld fluten.
Die EZB könnte natürlich sagen, wir verhindern   die Krise, indem wir jetzt schon die 
Zinsen senken und die Märkte wieder mit   mehr Liquidität versorgen. Das wäre aber 
natürlich ganz klar die Kapitulation vor   der Inflation. Die kommt sowieso, aber man 
muss schon einen Grund vorweisen können,   um es zu machen. Also wird man 
es erst machen, wenn es knallt. Wann rechnen Sie damit? 
Kurzfristig, mittelfristig? Also wenn man sich mal die Krise von 2007, 
2008 als Vorbild nimmt, da war zwischen   dem Vorbeben und dem Hauptbeben so ein halbes, 
dreiviertel Jahr. Wenn das ein Indikator ist,   dann kann es nicht mehr lange dauern. Aber 
es ist schwer zu sagen. Erstens ist unklar,   was sozusagen die Zentralbanken und die 
Aufsichtsbehörden aus der Krise 2007, 2008   gelernt haben. Irgendwas werden sie schon daraus 
gelernt haben. Und alles, was sie gelernt haben,   wenden sie auf ein ganz einfaches Ziel 
an, nämlich die Dose weiter die Straße   irgendwie runter zu kriegen. Das heißt, nicht den 
Offenbarungszeit jetzt leisten zu müssen. Bitte,   bitte bis nach meiner Amtszeit, ja, bis 
der Nächste dran ist, der es dann ausbaden   muss. Und der wird auch wieder versuchen, es 
dem Nächsten zu übergeben. Das heißt also,   der Versuch der Zentralbanken irgendwie durch 
durchlavieren und durch hin und her switchen   und durch abwechselnd lockern und anziehen 
und so weiter, die Sache irgendwie noch im   Gleichgewicht zu halten. Dieser Versuch wird 
stattfinden oder er findet ja statt. Es ist schwer   zu sagen, wie erfolgreich der darin sein wird, das 
noch ein halbes Jahr, dreiviertel Jahr oder auch   noch anderthalb oder zwei Jahre zu verhindern. 
Ich glaube aber, dass der Verlust an Einkommen,   also der Realeinkommensverlust der Leute, der 
wird von keiner Politik aufgehalten werden,   egal was die machen. Entweder kommt er durch 
Inflation oder er kommt durch Deflation und   Firmenpleiten. Wie man es dreht und wendet, über 
einen dieser Kanäle wird das Realeinkommen weiter   schrumpfen und diese Schrumpfung, die geht ja 
linear. Das fällt ja wie ein Stein, wenn man sich   die Statistiken anschaut. Und die entscheidende 
Frage wird sein, wann finden die Leute raus,   dass die massiven Einkommensverluste, 
die sie erlitten haben, erstens das   Ergebnis dieser Politik sind und zweitens nicht 
vorübergehend. Und dann ist im Grunde genommen,   wenn die Leute das rausfinden, dann fürchte 
ich, ist die Geschichte sowieso zu Ende. Zum Euro passt natürlich auch der 
digitale Euro. Das Thema CBDCs,   also digitale Zentralbankwährungen, wo sich auch 
immer mehr Menschen Gedanken machen, kann das zu   einem totalitären Kontrollgeld führen. Können 
Sie sich vorstellen, dass eine Umstellung des   Geldes in diesem Zug gleich auf den digitalen und 
ich nenne es jetzt mal „Kontroll-Euro“ erfolgt? Also die Kontrollintention der Zentralbank 
hat mehrere Dimensionen beim Thema digitales   Zentralbankgeld. Die eine Dimension ist 
die makroökonomische Kontrolle. Das heißt,   dieses digitale Zentralbankgeld, insbesondere 
dann, wenn es mit einer Abschaffung des Bargeldes   kombiniert wird, was natürlich die Intention 
ist und wenn es zehnmal geleugnet wird. Mein   Lieblingsspruch dazu ist, niemand hat die Absicht, 
eine Mauer zu bauen. Niemand hat die Absicht,   eine Mauer zu bauen. Dass natürlich man die Leute 
daran hindern kann, das Geld auszugeben, aus dem   Geld zu flüchten, wie sie es 1923 getan haben 
und damit eine Hyperinflation anzufeuern. Also   das kann man mit dem digitalen Zentralbankgeld 
verhindern, indem man den Leuten einfach sagt,   okay, ihr habt jetzt 5000 Euro Monatsgehalt 
bekommen, das dürft ihr nur über 30 Tage verteilt   ausgeben. Oder ihr dürft überhaupt in den 30 
Tagen bis zum nächsten Gehalt nur 80 Prozent   davon ausgeben und das auch fein verteilt über die 
30 Tage. Das heißt also, man zwingt die Leute, das   Geld zu halten, obwohl es diese Kaufkraftverluste 
erleidet. Das heißt, die Enteignung findet dann   über den Kaufkraftverlust über den Monat 
statt, mit immer noch hohen Inflationsraten,   aber nicht mit Hyperinflationsraten. Die 
zweite Kontrollintention der Zentralbank   ist eine mikroökonomische, nämlich man kann dieses 
Geld dann entsprechend kombinieren mit so Dingen   wie einem chinesischen Social Scoring Programm, 
mit CO2-Konto, mit einem Wohlverhaltensthema.   Bei ESG haben wir für Unternehmen, haben wir 
das ja schon. Also ESG ist nichts anderes als   ein chinesisches Social Scoring Programm für 
Unternehmen. Da wird das Wohlverhalten von   Unternehmen in eine Rating Scorecard gepresst 
und dann wird davon abhängig gemacht von diesem   Wohlverhalten bei Nachhaltigkeit, Gendern, 
Wokismus und was der ganze Schmarrn ist,   den sich unsere Politik so ausdenkt, ob einer 
einen Kredit kriegt und wenn ja, zu welchem   Preis. Also statt nach der Kreditwürdigkeit 
wird jetzt nach Willfährigkeit werden Kredite   vergeben. Das ist das Rezept für die größte 
Finanzkrise, die es überhaupt je gegeben hat,   wenn damit erst mal genug Mittel in die falschen 
Verwendungen gesteuert worden sein werden.   Und dieses Zentralbankgeld ermöglicht es 
natürlich der Politik, dieses Mikro-Management   unseres und diese Mikro-Verhaltenskontrolle, 
die Willfährigkeitskontrolle, die ihr seid   ja auch alle lieb gewesen Kontrolle, bis auf den 
Einzelnen runterzubrechen und uns dann zu sagen,   naja, wer nicht brav ist, da wird dann halt 
die Ausbildung der Kinder, kann er nicht   mehr überweisen, hat zwar das Geld, aber wir 
tätigen die Überweisung nicht mehr für ihn,   wenn er die Kinder auf eine Privatschule 
geschickt hat. Oder er will dahin reisen,   er will jetzt, sagen wir mal, nach Paris gehen und 
da findet eine Konferenz statt und vielleicht von   freiheitsliebenden Menschen, die erklären wir 
jetzt einfach zu Nazis, dann lassen wir ihnen   kein Zugticket lösen oder kein Flugticket. Wir 
müssen noch nicht mal seinen Personalausweis   oder seinen Reisepass einziehen. Mittlerweile 
debattiert ja diese Politik ernsthaft darüber,   dass wenn sich ein Bürger dieses Landes zu einer 
Konferenz begibt, die also von vermeintlich,   tatsächlich oder auch nur vermeintlich bösen 
Menschen organisiert wird, und damit meint man   wahrscheinlich sämtliche Leute, die irgendwie 
libertäre Geister sind, dass man das dann als   Nazi ansieht und verbietet und dass man ihm dann 
den Reisepass abnimmt, sodass er das Land nicht   verlassen kann. Also man möchte gerne wieder zur 
Mauer zurück. Die Ideologie in den Köpfen dieser   Politik, die sich sowas ausbrütet, ist die gleiche 
Ideologie und die gleiche Grundhaltung wie die der   Leute, die die Mauer gebaut haben. Da fehlt nur 
noch der Schießbefehl. Aber die schaffen es mit   weicheren Methoden. Und wenn man das natürlich 
mit diesem CBDC kombiniert, dann kann man im   Grunde genommen jemanden komplett einsperren. Sie 
können jemandem sagen, naja, gibt halt kein neues   Paar Schuhe. Auch das ist möglich. Sie können 
ihn daran hindern, bestimmte Lebensmittel zu   kaufen. Sie können sagen, der darf sein Geld 
nur noch einsetzen, um Lebensmittel zu kaufen,   in denen Insekten drin sind. Auch das könnten sie 
theoretisch. Wir haben ja heute mittlerweile in   den Fertiglebensmitteln, ist ja in zunehmendem 
Maße, werden ja Insekten verarbeitet. Wir dürfen   jetzt Käfer essen. Deswegen kann ich jedem nur 
raten, nichts zu kaufen, wo er nicht genau weiß,   was drin ist. Am Ende fressen Sie da Käfer oder 
Maden oder Würmer oder ich weiß nicht was. So   weit haben wir es gebracht, dass die Politik es 
den Lebensmittelkonzernen gestattet, so einen   Dreck in unser Essen reinzuverarbeiten und uns 
dann möglicherweise mit einem CBDC auch noch dazu   zu zwingen, genau den Müll zu konsumieren. Oder 
Sie lassen sich nicht impfen. Ja, dann können Sie   nur noch fünf Euro pro Tag für Essen und Trinken 
ausgeben. Also das ist möglich mit CBDC. CBDC sind   deswegen das Kondensat einer monetären Tyrannei. 
Und Sie erinnern mich persönlich, ehrlich gesagt,   an die Apokalypse des Johannes, wo da steht, das 
Tier machte jedem ein Mahl auf die Hand oder die   Stirn und jeder, der es nicht hatte, konnte 
weder kaufen noch verkaufen noch handeln. Das   ist im Grunde genommen ein apokalyptisches Modell 
unserer Zukunft, das diesen Leuten davor schwebt. Was nämlich vielen Menschen gar nicht bewusst 
ist, dass ja so eine CBDCs, die liegt ja zentral,   in dem Fall ist ja keine dezentrale Kryptowährung 
und kann ja jederzeit programmiert werden und vor   allem natürlich auch im Nachhinein. Also am Anfang 
kann man davon ausgehen, dass da nichts großartig   passiert, das kann aber jederzeit im Nachhinein 
dann verändert werden. Deswegen ist dieses   Bewusstsein so wichtig, auch für dieses Thema, 
dass viele Menschen das erreichen. Deswegen auch   gerne solche Videos teilen, liken, kommentieren, 
dass viel mehr Menschen das mitbekommen. Am Anfang werden diese unterdrückerischen 
Mechanismen noch nicht in den CBDCs   verarbeitet sein. Aber ich kann Ihnen eins 
garantieren, weil man es immer so gemacht   hat. Es wird irgendein Verbrechen geben und 
sei es ein inszeniertes solches, das dann   angeblich zu verhindern gewesen wäre, wenn solche 
Features da drin gewesen sind. Nach diesem Muster   funktioniert die ganze Geldwäsche-Gesetzgebung, 
die keinerlei Geldwäsche verhindert, aber den   Bürger gängelt und traktiert und überwacht. Das 
hat mit Geldwäsche gar nichts zu tun. Das ist   nur der Vorwand und so wird es dort auch laufen. 
Man wird irgendein Verbrechen inszenieren oder   ein Verbrechen instrumentalisieren, um dann 
das zu tun, was man von Anfang an tun wollte. In vielen Fällen, was Menschen ja gar nicht 
berücksichtigen, ist es ja einfach ein   Prozess. Es ist ja nicht der große Putsch und dann 
ändert sich alles von einem Tag auf den anderen,   sondern dass dann verschiedene Gesetze erlassen 
werden oder dann verschiedene Programmierungen   vielleicht damit hineinkommen. Die meisten 
Menschen, die bekommen es gar nicht mit. Ja,   eine Krise habe ich noch und zwar, ich würde 
gerne noch über die Energiesituation sprechen,   weil jetzt hat man den Sommer, das heißt, da war 
das Thema Energie so eh nicht im Vordergrund,   aber ja, der nächste Winter 
wird kommen. Und die Politik   ignoriert ja im Prinzip die Mehrbelastungen für 
die Bürger, vor allem auch für die Unternehmen,   wo auch immer mehr darüber nachdenkt abzuwandern, 
nicht nur bei den Privatbürgern, auch bei den   Unternehmen. Und jetzt Richtung Herbst-Winter. 
Rechnen Sie damit, dass diese Diskussion wieder   hochkommen wird und es Energieengpässe gibt 
und der Winter sehr intensiv werden kann? Also ich rechne damit, dass im Herbst-Winter 
diese Diskussion wieder hochkommt und die Frage,   ob Deutschland den Winter übersteht, wird 
wieder vom Wetter abhängen. Wir haben den   letzten Winter überstanden, weil das Wetter, 
wie soll ich sagen, der Bundesregierung gewogen   war. Wir sind ein Land, das sich in einem Zustand 
befindet, wo es jeden Winter darauf hoffen muss,   dass der Winter milde wird, damit es nicht zum 
ökonomischen und damit sozialen Kollaps des Landes   kommt. Das muss man sich mal geben. Also jeden 
Winter schließt diese Bundesregierung eine Wette   auf die ökonomische Existenz des Landes ab, im 
Hinblick auf das Wetter, das da zu erwarten ist.   Also so eine Verantwortungslosigkeit, so ein, 
wie soll ich sagen, wir sind auf dem Niveau   des Regentanzes angekommen, was die Kompetenz 
unserer Politik angeht. Wir müssen jetzt demnächst   wahrscheinlich irgendwie anfangen zu beten, dass 
das Wetter das tut, was irgendwie notwendig ist,   damit die Politik dieser Bundesregierung nicht 
zum Enddesaster für dieses Land wird. Wir haben   mittlerweile 25 Prozent der Unternehmen, die 
insolvenzgefährdet sind. Das koinzidiert mit   der Schätzung der Zombies, die ich vor Jahren 
schon abgegeben habe. Und wir haben 35 Prozent   gesunde Unternehmen, die abwandern wollen, weil 
sie sagen, wenn wir hierbleiben, werden wir auch   zu Zombies oder wir werden Pleite machen. Das 
heißt also, die Hälfte, mehr als die Hälfte der   Unternehmen in Summe, wird dieses Land verlassen 
auf die eine oder andere Weise. Herr Habeck, der   wird sich dann hinstellen und sagen, die einen, 
die sind nicht pleite, die produzieren nur nichts   mehr und die anderen produzieren halt jetzt im 
Ausland. Also das ist so diese Schulterzugattitüde   der Inkompetenz dieses Bundeswirtschaftsministers. 
Diese ganze Politik führt dazu, dass dieses Land   deindustrialisiert wird. Wenn man sich einfach 
mal die Kostenstruktur der verschiedenen Branchen   anschaut, ob Metall, Papier, Glas, Keramik 
usw., dann hatten diese Branchen schon vor   sechs, sieben, acht Jahren einen 
Energiekostenanteil von 25 bis mehr   Prozent an den Gesamtkosten. Wenn man jetzt 
die Energiepreise verdoppelt und verdreifacht,   und das haben wir getan, dann bedeutet es, dass 
die gesamte Kostenbasis um 50 Prozent steigt. Wie   soll denn diese Industrie noch wettbewerbsfähig 
im internationalen Kontext sein, wenn die Kosten   um 50 Prozent steigen. Das funktioniert doch 
überhaupt nicht. Und das bedeutet, dass jetzt   wirklich die Axt von dieser Regierung, die Axt 
an die Lebensfähigkeit dieser Nation gelegt wird.   Und das ist, wie gesagt, einerseits wird es 
bedeuten, dass die Menschen aufwachen, aber   andererseits wird der Schaden enorm sein. Und wer 
also, im Grunde genommen, wem das Land am Herzen   liegt, der kann eigentlich nur fordern, so schnell 
wie möglich ein Ende dieser Energiepolitik. Wieder   Anschalten der acht noch funktionsfähigen 
Atomkraftwerke, wieder Einstieg in die Kohle,   wieder Einstieg in die Braunkohle, Reparatur 
von Nord Stream 2, forcieren von diplomatischen   Bemühungen zur Beendigung des Konflikts, damit 
wieder billige Energie aus dem Osten bezogen   werden kann, nach einem hoffentlich baldigen 
Ende dieses unseligen Konflikts und so weiter.   Also hier haben wir, es gäbe die politischen 
Rezepte, um das abzumildern, abzufedern,   die Krise zu verkleinern, aber nichts, nicht ein 
einziger Weg, der aus dieser Krise rausführt,   wird von dieser Regierung beschritten. Stattdessen 
stellt man sich in besserwisserischster Manier   hin, mit einem Selbstbewusstsein, das eigentlich 
spektakulär ist. Und wenn man sich mal anschaut,   wie der Herr Bundeskanzler in Talkshows 
Leistungsträger und Leute mit geringem   Einkommen verhöhnt, also wirklich verhöhnt, das 
muss man sich... Also gibt es ja mittlerweile   etliche Videos, wo er erzählt hat, dass ihn 
ein Handwerker, der wohl irgendwo einen Gasofen   eingebaut hat, quasi fast schon Tränen aufgelöst, 
gefragt hat, was soll er denn dann machen? Und   der Herr Bundeskanzler lacht sich vor der Kamera 
fast tot über den Mann. Da kann ich nur sagen,   das ist, also ich meine, der Mann hat ja mal 
im Wahlkampf Respekt für dich auf seine Plakate   geschrieben. Wenn das Respekt sein soll, was ist 
denn dann Disrespekt bei diesem Kanzler? Was ist   denn das dann? Oder dass er einer Frau, die nicht 
von ihrer Rente leben kann, während Zugewanderte   hier Bürgergeld bekommen, von dem sie aber sehr 
bequem leben können, ohne dass sie was arbeiten   müssen, dass eine Frau mit fast 70 Jahren noch 
arbeiten muss, weil ihre Rente nicht ausreicht   und ihr Mann mit 70 auch noch arbeiten muss, weil 
die Rente nicht ausreicht. Und dem Herrn Kanzler   nichts Besseres einfällt, als der zu sagen, 
das ist ja schön, dass Sie so fleißig sind. Ja,   Entschuldigung, dass dann die Bürger die 
Faust in der Tasche ballen. Leider zwecklos,   weil das wird die Krise nicht stoppen. Ja, aber 
das ist die Attitüde, mit der diese Regierung   unsere Krisen lösen will. Der Spott für die 
Leistungsträger und für die Benachteiligten dieser   Gesellschaft, aber ständig mit geschwollener Brust 
herumlaufen und den Leuten zu erzählen, was man   alles für soziale Wohltaten macht. Nur nicht für 
diejenigen in diesem Land, die es nötig haben und   die es bezahlt haben, sondern für alle anderen. So 
funktioniert aber auch Wirtschaftspolitik nicht.   Und so führt es nur zu einer Umverteilung 
aus den Taschen der kleinen Leute. Und   dass es diese Regierung von den Reichen nehmen 
würde, ist auch eine Legende. Denn die Reichen,   die sind sehr gut informiert und die haben dieses 
Land schon lange mit ihrem Vermögen verlassen. Es   gibt kaum noch Reiche, die ihr Vermögen in diesem 
Land geparkt haben. Und es gibt kaum noch Reiche,   die nicht einen Wohnsitz in der Schweiz, in 
Liechtenstein oder auf den Bahamas genommen haben.   Von denen holt sich diese Regierung gar nichts, 
überhaupt nichts, sondern sie holt es sich von den   Leistungsträgern, die eigentlich diejenigen 
sind, die uns aus dem Dreck ziehen könnten,   wenn man sie lassen würde, die wir aber mit allen 
Möglichen, mit einer falschen Energiepolitik,   mit unglaublichen Bürokratievorschriften 
erdrosseln. Wir haben jetzt nicht nur das DSGVO,   wir haben noch das ESG-Thema. Jetzt kommt 
noch als nächstes das Lieferkettengesetz, dass   jeder kleine Mittelständler bis in die, was weiß 
ich, in die wievielte Stufe er nachweisen muss,   wo die Ware herkommt, die er bezieht und dass 
das auch alles super sauber ist. Eine Forderung,   die er mit physischen Möglichkeiten, wo er 
gar nicht die physischen Möglichkeiten hat,   um die zu erfüllen, wird er bürokratisch 
erschlagen und kriminalisiert, weil er das   nicht durchführen kann. Genau wie man 
im Prinzip die Hälfte der Bevölkerung,   die Immobilieneigentum ihr eigen nennt, 
dass man die kriminalisieren wird,   indem man ihr dieses Heizungsgesetz aufdrückt, 
was sie auch finanziell nicht erfüllen können.   Das sind alles Maßnahmen, die sind von einem 
Disrespekt gegenüber den Leistungsträgern   im Speziellen und gegenüber dem Volk 
dieses Landes im Allgemeinen getragen. Ja, ich schließe die Videos immer ganz gerne auch 
mit etwas Positivem, Konstruktivem. Auch da gibt   es nämlich Dinge. Vorweg noch der Hinweis, 
dass wir auch die Atlas-Initiative von Dr.   Krall unterhalb von dem Video verlinken. Wir 
auch laufende Geldseminare und Geldtrainings   online haben. Das heißt, wo wir auch Menschen in 
die Selbstverantwortung bringen, also gerne dann   noch hineinschauen und ja, was kann der Einzelne 
jetzt tun und gibt es denn da nicht auch noch ein   paar positive Dinge abschließen, die wir 
noch an die Menschen weitergeben können? Die positiven Dinge wie immer eigentlich sich 
vorzubereiten. Sie können als Einzelner sich   immer noch vorbereiten. Es ist ja so, dass durch 
die permanenten Interventionen der Zentralbank am   Goldmarkt und auch dadurch, dass die BRICS-Staaten 
jetzt ihre Goldwährung noch nicht verkündet haben,   was sie wahrscheinlich erst tun werden, wenn ihre 
Infrastruktur steht. Bis dahin wollen die auch   noch fleißig Gold einkaufen. Das alles führt dazu, 
dass Gold und Silber noch erschwinglich sind. Die   beste Vorbereitung auf die Krise ist der Erwerb 
von Edelmetallen, ist die Verschiebung von mobilem   Vermögen ins Ausland, ist das Anlegen von Vorräten 
der wichtigsten Dinge des täglichen Lebens,   also Lebensmittel, Wasser. Und wenn Sie 
die Möglichkeiten haben, auch Diesel und   Strom. Und bereiten Sie sich da auf eine große 
Krise, auch eine Versorgungskrise vor. Das ist,   das liegt immer noch in Ihrer Hand. Das ist 
die gute Nachricht, dass es immer noch in Ihrer   Hand liegt. Und wenn Sie investieren wollen, 
dann investieren Sie in Dinge, die der Staat   nicht wegnehmen kann. Also entweder in mobiles 
Vermögen oder in Bildung. Weil Bildung kann zwar,   wenn es Einkommen generiert kann, das Ergebnis 
der Bildung besteuert werden, aber die Bildung   selbst kann man Ihnen nicht im Kopf besteuern. Ihr 
Können kann man Ihnen nicht wegnehmen und nicht   konfiszieren. Jedenfalls noch nicht, soweit ich 
das technologisch überblicken kann. Das bedeutet,   investieren Sie dort, wo Sie unabhängiger 
werden vom Staat und verlassen Sie sich vor   allen Dingen nicht darauf, dass der Staat 
in seinem Totalversagen Ihnen dann hilft,   wenn Sie es am nötigsten brauchen würden. 
Stärken Sie Ihren Familienverbund, stärken   Sie Ihre Familie selbst und gehen Sie nicht 
mit der Attitüde in diese Krise und auch in   unsere aktuelle Lage, dass es der Untergang der 
Welt sei. Das ist es nicht. Das ist eine Krise,   die die Gelegenheit gibt zum Lernen, zum einzelnen 
Lernen, zum gesellschaftlichen Lernen. Und wenn   wir diese Krise überstanden haben werden, und das 
werden wir, dann werden wir mit einer Grundreform   dieses Landes in Richtung Marktwirtschaft, 
so wie Erhard es 1948 schon mal gemacht hat,   über Nacht dieses Land auf die richtige Schiene 
setzen. Und wir werden uns zu neuen Höhen des   Wohlstands aufschwingen. Das werden wir tun. 
Aber dafür müssen Sie sich jetzt vorbereiten   und müssen klaren Kopf bewahren und müssen wissen, 
dass hinter dem Horizont dieser Krise die Chancen   warten, die so groß sein werden wie noch nie 
in der Menschheitsgeschichte, weil wir über   Technologien verfügen wie noch nie in 
der Menschheitsgeschichte und über die   Möglichkeiten unserer Produktivität explodieren 
zu lassen. Wir haben Technologien die letzten 10,   20 Jahre eingeführt, ohne dass 
die Produktivität gestiegen wäre,   weil wir den Produktivitätsgewinn durch Bürokratie 
und Sozialismus verschleudert haben. Wenn das weg   sein wird, werden wir unser Einkommen als Volk und 
als Land vervielfachen können und nicht nur wir. Deutschland hat auch immer wieder gezeigt 
und es gilt natürlich auch für Österreich,   für die Schweiz in einem anderen 
Kontext natürlich ebenfalls,   dass immer wieder nach Krisen hochgekommen ist. 
Und so kann und wird es in diesem Fall früher   oder später auch wieder sein. Und wichtig für 
jeden Einzelnen aus dieser Onmacht rauszugehen,   einfach die eigene Verantwortung abzugeben 
an andere und die dort oben. Und die sind   ja so viel stärker und mächtiger etc. Weil 
letztendlich, wenn wir Menschen Bewusstsein   haben für diese Themen, von denen wir 
auch gerne teilen, liken, kommentieren,   von diesen Videos und ähnlichen Informationen, 
dann werden die dort oben auch feststellen,   dass die dort unten an sich viel, viel mehr sind 
und auch viel, viel mächtiger. Also von demher   herzlichen Dank für das tolle Schlusswort 
und für das sehr spannende Interview. Ihnen   viel Kraft und gute Energie, lieber Dr. 
Krall und ich freue mich aufs nächste Mal. Ich freue mich auch, Herr Wittmann. Danke an 
Sie und danke an Ihre Zuschauer. Und immer daran   denken, für die Leistungsträger gilt der alte 
sozialistische Satz, alle Räder stehen still,   wenn dein starker Arm es will. Und kein 
Arm ist stärker als der der Leistungsträger   in diesem Land, denn die beweisen das 
täglich. Die halten diesen Laden trotz   dieses Missmanagements immer noch aufrecht. 
Also seien Sie sich Ihrer Möglichkeiten,   Ihrer Macht und Ihrer Mittel bewusst und setzen 
Sie sie bewusst politisch wie privat ein.",OK
XXb_kd3jVnI,"zensurgesetz gilt ab sofort entscheidet Brüssel was du siehst das umstrittene zensurgesetz der EU tritt nun in Kraft und welche fatalen Folgen das hat das schauen wir uns in diesem Video an findest du das jede Art der Desinformation also das aktische Lügen oder auch Hass verbreiten darf also erstmal ist die Frage was bedeutet Desinformation meiner Meinung nach sind viele Dinge die wir in den Nachrichten hören absichtliche Desinformation um uns in eine gewisse Richtung zu beeinflussen deswegen wer entscheidet erstmal was Desinformationen sind und was nicht aber wenn du eine Meinung äußerst zu gewissen Themen dann darf das nicht verboten werden meiner Meinung nach dann brauchst du auch nicht mehr das Wort freie Meinung irgendwie dann gibt's halt keine freie Meinung mehr dicker sofern Unternehmen künftig Hassrede und das Information nicht zufriedenstellen bekämpfen drohen ihnen Strafzahlung alle egal ob ich schwarz oder weiß er nicht spielt keine Rolle jo was geht ab meine lieben Freunde willkommen zu einem weiteren Video auf Leon auf Lock Highlights ich küsse eure Zirbeldrüse ich hoffe euch zu Hause ist alles gut und zwar gehen wir in ein weiteres Video rein mal wieder von der guten Chrissi ja haben wir uns schon länger nicht mehr reingezogen es geht glaube ich um das Thema dieses neue Gesetz was verabschiedet wurde bezüglich Zensur in Europa Social Media etc pp Zensur gesetzt gilt ab sofort entscheidet Brüssel was du siehst Ausrufezeichen und das hat auch mit dem zu tun was ich eben im Chat schon angesprochen habe so Leute trauen sich immer weniger ihre Meinung zu sagen weil immer mehr Mechanismen am Start sind die es Leuten schwierig machen ihre eigene Meinung zu äußern so weil die Leute gemerkt haben wenn du deine Meinung ein bisschen abweicht von dem was gerade die Masse sagt so dann wirst du bekämpft dann wirst du gekämpft sind dann verlierst du das die ist dann kriegst du keine Monetarisierung mehr auf Youtube dann kriegst du kein Deal mehr bei dem Label dann passiert da und da das ist so dass viele Leute einfach Ihre Meinung gar nicht mehr sagen weil sie denken Bro ich brauche auch Geld ich will mein Geld verdienen und deswegen gehe ich da einfach noch mit aber ich glaube es ist sehr wichtig dass wir dagegen aufstehen weil am Ende wollen wir doch alle eine Gesellschaft eigentlich haben wo jeder das was er denkt aussprechen darf ohne mit Konsequenzen zu rechnen ich weiß nicht ob ich der einzige bin der das so sieht aber ich finde das ist die einzig gesunde Gesellschaft wenn du ohne mit mit irgendwelchen Sachen rechnen musst einfach sagst was du denkst die weißt du was ich meine so cool jetzt auch fasziniert wie Leute sich davon angegriffen fühlen ist ein anderer eine andere Meinung hat so weit sind wir gekommen auf jeden Fall aber das geht jetzt schon wieder zu tief ich will euch nicht volllabern wir gehen immer in das Video rein guck mal was die Chrissi hier zu erzählen hat Daumen nach oben da lassen Kanal abonnieren und genau aus diesem Gründen auch mein rumble-kanal abonnieren erster Link unten in der Beschreibung da kommen alle Videos online die von Youtube zensiert werden ich küsse euer Herz los geht's man ich glaube die Chrissi ist schwanger man sieht hier langsam an hier auch pummeliger am Start wenn ich das so sagen darf aber süß nicht negativ Schwangere Alter ich will auch Kinder ich werde wie heißt das Gesetz noch mal DSA die digital Service Actros los geht's das umstrittene zensurgesetz der EU tritt nun in Kraft und welche fatalen Folgen das hat das schauen wir uns in diesem Video an hallo meine Lieben trotz sehr sehr viel Kritik ist dieses Gesetz jetzt in Kraft getreten ja das Problem hier ist dass da viel mehr dahinter steckt als uns weiß gemacht wird denn prinzipiell heißt es offiziell soll es den Nutzern mehr Transparenz bieten ja das ist ja immer so dass die schönen so positive Wörter auf jeden Fall benutzen damit wir alle denken so ja Digger geil ist ja eigentlich was gutes für uns so wie so ein Hitze Dings bekommen so ein Hitze Lockdown das wird zu Hause bleiben müssen wenn 35 Grad ist und Veranstaltungen gekennzeichnet das ja eigentlich was gut die wollen ja weißt du was ich meine 15 Minuten Städte QR Codes scannen die digitale kryptowährung das hat ja alles nur Vorteile und mehr personalisierte Werbung verschaffen dass man da ein bisschen mehr weiß was denn so alles im Hintergrund passiert denn das ist natürlich wichtig deine Privatsphäre dein Datenschutz und vor allem du dass du vor fieser Werbung bewahrt wirst ich meine Deutschland schau dir das an Ricarda lang Özdemir hier die snackverbote in Werbungen man möchte nur dich schützen und sonst natürlich es ist der digital Service Scheiße der ist jetzt echt in Kraft getreten wie er genannt wird DSA auf Deutsch Gesetz für digitale Dienste wir nennen ihn zensurgesetz nennen wir es jetzt einfach mal so einfach mal von mir ausgedacht unerwünschte Informationen in sozialen Netzwerken sollen eben auch bekämpfen auf Deutsch Gesetz für digitale Dienste in Kraft offiziell soll es den Nutzern mehr Transparenz über personalisierte Werbung verschaffen in Wahrheit bedeutet der DSA durch den Service Eck noch mehr Regulierung von Hass Desinformation kurz unerwünschte Informationen im Internet und führt zu diesem Zweck neue staatliche und überstaatliche Kontrollorgane ein und das ist krass ich schwöre die ich habe das schon gemerkt Freunde ich habe das schon gemerkt also Videos werden auf YouTube auf jeden Fall viel schneller eingeschränkt man muss jetzt echt gucken was für ein Titel benutzt man was für ein Thumbnail benutzt man das ist immer schwieriger geworden als ich angefangen hat mit diesem reactions war das eigentlich egal ich habe so heftige Titel genommen und mittlerweile muss man da echt vorsichtig sein was du für ein Titel nimmst was für ein Thumbnail was in den ersten 30 40 Sekunden erzählt wird weil immer mehr Videos hat eingeschränkt werden und es macht halt auch keinen Spaß so und so erziehst du halt auch Content Creator dazu sich mit anderen Themen auseinanderzusetzen bzw einfach die Sachen nicht mehr anzufassen und über andere Themen zu reden und andere Dinge zu tun und dann werden alle wieder immer nur das gleiche machen weil es keine wirkliche Freiheit mehr gibt die Dinge so zu tun wie du sie gerne machen würdest weil dann kriegst Du vielleicht kein Geld oder dann verdienst du mit dem was du machst vielleicht kein Geld deswegen finde ich alternativ Plattform auch extrem wichtig und deswegen sage ich auch immer am Anfang von den Videos aktuell dass ihr mich auf Rumble abonnieren soll weil Bro es gibt es muss Plattform für die Zukunft geben wo du noch das sagen kannst was du denkst Rumble ist auf jeden Fall so eine Plattform deswegen abonniert mich auf Rumble meine lieben Freunde wie Jo ja du weißt diese Forderung die wurde schon so so oft gestellt selbst Bewerbung hat darüber gesprochen dass das gar nicht geht diese Desinformationen und eine Strecke Zimmermann hat sogar gesagt das ist gar nicht geht das über Politiker leider hergezogen wird und so weiter das bedeutet nun das alle EU-Mitgliedstaaten eigene Behörden einführen müssen Google und Co werden direkt in Brüsseler Sensoren dann unterstellt ja genau wenn du denkst dass sie unterstellt sind und es nicht andersrum sind naja gut das heftige dabei ist ja das ist ja so ein europäisches Ding ist ne also ich habe jetzt in den in den in Amerika z.B in den Medien gesehen dass du jetzt auch damittlerweile auch voll offen über Impfung reden kannst über Corona über die Wahlen dass die Wahlen manipuliert wurden und so also es ist schon krass weil ich halt auch glaube dass die Content Creator in den Staaten noch ein bisschen intensiver unterwegs sind also da würden sich viele halt man da würden sich viele Leute zusammen tun und sagen hey das geht nicht weiß wie ich meine also die haben da ein bisschen mehr zu verlieren glaube ich ich glaube viele Leute würden das nicht mitmachen wollen deswegen in Deutschland funktioniert hat auch voll easy ich glaube nicht dass du wirklich mit Gegenwind zu rechnen hast in Deutschland wenn solche Geschichten immer mehr Einzug nehmen und hier heißt es nämlich in Wahrheit bedeutet dieser Service App noch mehr Regulierungen von Hass das Informationen kurz unerwünschte Informationen im Internet und führt zu diesem Zwecke neue staatliche und überstaatliche Kontrollorgane ein das deutsche Online-Magazin Tichys Einblick hat kommentiert der DSA ist ein typisch Trojanisches Pferd aus Brüssel er zieht die Daumenschrauben der diskussionseinschränkung noch immer kräftig an so weitreichende Eingriff dabei ist in Wahrheit ist der nur ein Etappenziel auf dem Weg zur totalen Kontrolle des öffentlichen Raumes man frage sich mittlerweile was eigentlich notwendig wäre damit Brüsseler Bürokraten einmal mehr Redefreiheit einfordern würden also das heißt hier mehr Einschränkungen mehr sonst was das heißt nämlich na ja das Internet wurde wurde veröffentlicht es wurde jedem zur Verfügung gestellt und nun tummelt sich dort das Praktiker das verschwörungspackt die die müssen wir beseitigen aber nicht wahr sein Kriminalität kein Datenschutz eigentlich nur Werbung verlockende Angebote und vor allem Desinformationen und Angst nach anderen muss eben auch bekämpft werden youtube ist wie Fernsehen geworden auch Twitch wird auch so glaube ich in Zukunft noch mehr sein ist auch schon extrem ne also es ist leider so wie Fernsehen geworden es wird jetzt reguliert und du kannst nicht mehr das sagen was du denkst und deswegen muss es neue Plattform geben die auch wirklich Anklang finden und wo wirklich auch viele Leute hingehen und sich das reinziehen sowas weißt du was gibt's denn für also gibt's irgendwelche Content Creator aus Deutschland mit alternativen Geschichten die auf einer anderen Plattform stattfinden die auch in diese Richtung geht wie YouTube also sowie Rumble so ein bisschen konnten sozialen Dienste wie Facebook unter der Hand zu den ähm genötigt werden das zu tun was Regierungen wünschen dafür sorgten unterschwellige Abhängigkeiten zwischen Unternehmen und Regierungen wenn du derartige Sätze liest dann bitte denke nicht daran dass Armes googlechen oder Meter oder sonst wer hier darunter steht unter den Regierungen auch noch stehen und da nach ihrer Nase Reifen und da so schlimme Konsequenzen haben oder auch an Elon Musk dafür die also gegen die Zensur ist und für die Meinung und sonst was also all diese hin und her geredet ich denke mal da hast du zumindest wenn du nicht neu auf dem Kanal bist wenn du neu bist dann lassen Abo da und aktiviere die Glocke aber nicht da bist dann hast du das schon ganz oft von mir gehört wie da die Verbindungen sind noch Klaus Schwab hat gesagt das Regierungen und die Privatunternehmen gemeinsam miteinander arbeiten müssen damit sie natürlich die großen gemeint wenn du denkst dass der Mittelstand daher kommt der Döner Verkäufer von der eine Bruder fragt findest du dass jede Art der Desinformation also das faktische Lügen oder auch Hass verbreiten darf also erstmal ist die Frage was bedeutet Desinformation meiner Meinung nach sind viele Dinge die wir in den Nachrichten hören absichtliche Desinformation um uns in eine gewisse Richtung zu beeinflussen deswegen wer entscheidet erstmal was Desinformationen sind und was nicht Fakten auch schwieriges Wort weil Leute sagen schon wenn vier Wissenschaftler sagen dass es ein Fakt dass es Fakt sind obwohl es vielleicht 100 Wissenschaftler gibt die das anders sehen bei gewissen Themen zum Beispiel Corona so deswegen ist das auch schwierig ich bin einer der sagt man soll seine Meinung frei äußern dürfen wenn es eine Meinung ist so Meinung ist kein Fakt Meinung ist eine Meinung so und dann kannst du dich hinsetzen und sagen ja okay das sehe ich nicht so oder kannst dich hinsetzen ja okay das sehe ich so und wenn du jemanden nicht feierst oder sehen seine Meinung nicht feierst dann zwingt dich keiner dazu dass die reinzuziehen warum sollte man das verbieten aus was für einem Grund das Kontrolle und Kontrolle ist nie gut ich finde deine freie Welt ist sollte die also freie Welt ist für mich die beste Welt so solange du nicht zu Straftaten aufrufst dich hinsetzt Straftaten aufrufst oder vor Cam irgendwelche Straftaten tätig oder so das sind Sachen die muss man verbieten weißt du was ich meine aber wenn du eine Meinung äußerst zu gewissen Themen dann darf das nicht verboten werden meiner Meinung nach so dann dann dann brauchst du auch nicht mehr das Wort freie Meinung irgendwie dann gibt es halt keine freie Meinung mehr Digger so an und damit arbeiten darf bei der Regierung nein so sieht das natürlich nicht aus ganz ganz anders und da verstehst du mal diese ja ähm ganzen Zusammenhänge wie was zustande kommt der große Player unter den sozialen Netzwerken Suchmaschinen allerdings Facebook Google und Co unterstehen aber direkt der EU-Kommission und ihren Zensuren also die Ärmsten sofern Unternehmen künftig Hassrede und Desinformationen nicht zufriedenstellend bekämpfen drohen ihnen Strafzahlung von bis zu jedesmal unter Druck gesetzt werden 6 % des Jahresumsatz wenn sie nicht wenn in Zukunft nicht zufriedenstellend Hassrede oder Desinformationen bekämpfen allein sofort Desinformationen was Umsatzes wow also zum Beispiel Facebook erzielt 2022 ein Umsatz von 116,6 Milliarden Euro Strafzahlungen würden dann knapp 7 Milliarden Euro ausmachen also nicht so nett da würde man als Unternehmen ja definitiv sofort alle Desinformationen löschen kommt das nun von der Regierung oder kommt das Ding ist halt auch die sehen halt auch wie diese angeblichen Desinformation immer mehr Anklang bekommen weil immer mehr Leute aufwachen und immer mehr Leute sich denken ey was spielen die ja eigentlich für ein dummes Spiel mit uns und dann gucken die halt alternative Geschichten an die mal durchrutschen hier und da und du siehst ja auch wie wie diese Plattform immer größer werden und die Videos auch immer mehr verbreitet werden auch auf Instagram und so und das merken die halt die denken sich halt auch shit Alter das sagt er dafür dass noch mehr Menschen eventuell aufmachen und noch mehr Menschen anfangen frei und selbst zu denken und da muss natürlich ein Riegel in Riegel dazwischen geschoben werden meine lieben Freunde sie würden das ja gar nicht machen doch der Jahresgewinn von Facebook lediglich 23 Milliarden 7 Milliarden würden also auch fast ein Drittel des Gewinns Kosten ja das ist schon erstmal durchgeatmet sehr sehr heftig und das bedeutet das Plattformen die natürlich nicht da nach der Nase tanzen würden jetzt gehen wir von den großen weg sondern grundsätzlich ja die würden dann sehr heftigen Strafzahlungen unterstellt werden und da kannst du dir dann noch mal überlegen möchtest du dann überhaupt das zur Verfügung stellen in der EU oder vielleicht dann doch nicht und damit beginnt ja auch schon eine Zensur indem du sagst nee okay Europa lasse ich aus ich mache das dort wo ich vielleicht noch freie Regularien habe und nicht bei jeder Kleinigkeit dann sofort in irgendwelchen Gerichtsverfahren gezogen warum passiert eigentlich nur in der EU diese digital Service Sex ist sogar eine englischer Name warum ist es nicht weltweit unterwegs so wir haben das hier auf diesem Kanal ganz gut miterleben können was alles passieren kann wenn die Zensur voranbrasht und man muss ja wirklich schon aufpassen ihr selbst ja auch ihr sagt mir ganz ganz oft ja in den Kommentaren da da wird gelöscht mein Account wird gelöscht oder sonst twitter wird untergehen nein twitter wird aufsteigen also da geht es schon richtig heftig zu muss man schon sagen aber heißt nicht mit Twitter heißt jetzt Ex Video private Seite also entweder du schaust dir die Millionen Richtlinien an und Uta du hast halt dann einfach Pech gehabt wenn du dagegen verstößt so und nicht anders wird das heutzutage gehandhabt und wenn man sich keine Alternativen sucht wie zum Beispiel meine eigene Plattform ich sag ja immer wieder mein opio.com weil eben so viele gesagt haben ja das wird eh nichts aber doch es ist jetzt ein halbes Jahr her und es sind so viele Mitglieder es sind so viel Austausch so viele positive Erfahrungen ich habe enorm viele Videos dort gemacht also uns sind wo ich einfach merke es ist einfach wunderschön zu sagen was man zu sagen hat ja ihre eigene Plattform ja ist halt auch cool eine eigene Plattform zu haben aber ich finde es halt viel cooler wenn man halt versucht wird eine echte Alternative zu schaffen weißt du ich meine okay wer weiß vielleicht wird es irgendwann eine echte Alternative zu den Mainstream also zu den großen Plattformen aber ich da muss man sich mit mehreren Leuten zusammentun glaube ich die schon irgendwie groß sind einer sagt gerade aber auf Twitter ist doch am meisten Hass oder Fragezeichen und da wurden auch schon einige eingeschränkt so aber mehr oder weniger free speech würde ich einfach mal nennen seitdem Elon Musk das Ding aus aufgekauft hat das heißt wenn digital Service kommt dann gibt es aber nur für Twitter Deutschland oder was weil twitter ist er jetzt von ilon aufgekauft worden und die akzeptieren ja viel mehr als vorher so also man kann da viel krassere Dinge Posten als früher aber jetzt nicht mehr in Europa oder was oder machen die da nicht mit weil es stand Twitter auch eben auf der Liste mit dabei ich küsse dein Herz Chrissi danke für die Information Liebe geht raus digital Service Act Germany Europa meine ich ich bin gespannt was das dann auch wirklich für Auswirkungen hat noch langfristig was passieren wird weiß ich nicht Digger ich ich ich bin echt gespannt wie das mit dieser freien Meinungsäußerung generell weitergeht auf der ganzen Welt also was da passieren wird weil da wird auf vielen Ebenen versucht die Leute zu bekämpfen und ich frag mich wo das langfristig noch hinführt ich hoffe es gibt immer mehr Leute die auf jeden Fall sich ihre Meinung nicht verbieten lassen und ja einfach aufstehen dagegen und sagen nee wir wollen eine freie Meinungsäußerung noch haben bei uns hier in unserem Land oder in Europa oder generell auf der Welt und dafür müssen wir halt auch was tun nur Videos reinziehen oder irgendwie was posten oder ein Like da lassen oder so hilft halt nicht wirklich was man muss halt aktiv irgendwas tun vielleicht selber mal ein Video machen oder andere Leute unterstützen die aktiv irgendwas tun ja oder vielleicht bald auch mal auf die Straße gehen und mal demonstrieren und sagen nee weißt du ist auch eine gute Geschichte immer ja man schreibt eure Gedanken dazu auf jeden Fall unten in die Kommentare rein ich liebe euch Youtube danke für den Support wir sehen uns im nächsten Video peace out da braucht man sich keine Sorgen machen es wird immer Plattform geben wo sich Gleichgesinnte sammeln können sagst du ja Arthur ja das Problem ist halt nur dass man dann eventuell also ich glaube schon dass viele Content Creator so auch gut bekämpft werden können die jetzt alternativ ihr Ding machen weil ich glaube halt schon dass wenn du mal jetzt Youtube z.B verlierst so als Content Creator selber wenn du selber jetzt Content machst und du verlierst deine youtube-plattform dann ist halt auf eine andere Plattform gerade auf Deutsch sich ein Reichweite aufzubauen und da wieder so viel Geld zu verdienen dass du dann von leben kannst ist schwierig gegeben also ich glaube viele werden dann sagen ja okay dann dann gucke ich irgendwie anders weißt du ich glaube schon dass man damit auf jeden Fall einige weg vom Fenster bekommt so",OK
ZZ_f_MZywC8,Hamed und Hasan zwei Beute Türken die im 17 Jahrhundert gelebt haben hier in Hannover findet man die Gräber der beiden osmanischen Soldaten doch wie kam es dazu und was macht die Gräber so besonders im 17 und 18 Jahrhundert ereigneten sich die sogenannten Türkenkriege im Zuge dieser Konflikte wurden osmanische Kriegsgefangene auch bekannt als Beute Türken nach Deutschland verschleppt in Städten wie Stuttgart Heidelberg und München dienten hunderte von ihnen als hoflakaien auch in Hannover und Berlin sind ihre Spuren erkennbar die sogenannten türkengräber von Hamed und Hassan befinden sich auf dem Neustädter Friedhof in Hannover es sind nicht nur die ältesten bekannten Grabstätten vom Beute Türken in Deutschland sondern auch die ältesten erhaltenen islamischen Grabstätten auf deutschen Boden ursprünglich hatte Hameds Grab zwei Steine einen mit deutscher Inschrift am Fußende und einen höheren am Kopfende auf dem osmanische Inschriften eingraviert waren der letzte ist verschollen erst im Jahr 2001 konnte die Inschrift des verlorenen Grabsteins enthüllt werden der Soziologe Günter Max Behrendt entdeckte den osmanisch türkischen Text auf einem Archiv Foto aus dem Jahr 1930 Hamed und Hassan sind nur zwei in vielen Beute Türken die in Deutschland als kammertürken lebten dennoch dürften sie zu einer Minderheit gehören die ihren muslimischen Glauben nicht aufgab oder aufgeben musste Mehmet von königstreu hingegen zählt laut Recherchen zu denjenigen Beute Türken die assimiliert wurden auch sein Grabstein befindet sich in Hannover die türkengräber sind nicht nur historische Relikte sondern auch Symbole des kulturellen Erbes das will die Stadt Hannover nun Ehren mit einer Straße die nach Hamed und Hassan benannt werden soll die Namen der beiden Beute Türken sollen hier als Zeugnis all dieser historischen Ereignisse stehen und an eine Zeit erinnern in der Schicksal und Identität stark ineinander Flossen [Musik],OK
SjvRM7TSW1Q,mein Kollege Philip Klinkmüller hat ja in den letzten Monaten immer wie der absolute Stoiker darauf bestanden völlig egal was sie in den Medien lesen von die Edelmetalle explodieren jetzt kommt die mega Rally jetzt geht's richtig ab unglaubliche Anstiege zu erwarten bei Gold oder Silber von all dem abgesehen hatte er immer darauf bestanden nein es wird ganz anders kommen die Metalle werden fallen das galt bei vielen als absolute skandalaussage jetzt ziehen wir doch einfach mal ein bisheriges Fazit lassen ihn persönlich zu Wort kommen den Nostradamus der Chartanalyse Philip Klinkmüller meine Damen und Herren los [Musik] geht's Herz willkommen zu einem weiteren Video der hkcm mein Name ist Phil Klinkmüller ich bin zurück mit Nachrichten von der dunklen Seite der Macht und zwar von fallenden Kursen bei Gold und Silber ja ja ich war ja schon vor ein paar Wochen auch hier und hatte das ja auch angekündigt und das ist ja auch seit Monaten mein narrativ dass ich nicht davon ausgehe dass es in den Edelmetallen zu einem nachhaltigen Ausbruch kommt ja ich denke mal das kurstgeschehen jetzt vor allen Dingen der letzten Woche der letzten zi D Tage vor allen Dingen noch mal hat das ganze hier auch deutlich deutlich unterstrichen ja wir sind jetzt auch in Silber undter sehr sehr relevante Unterstützung gefallen der Markt ist hier auch wirklich inen sehr impulsiven ABF Kauf übergegangen bei Gold sind wir noch ein bisschen hinterher schauen wir uns jetzt gleich mal hier im Detail an fangen wir mal an mit mit Silber da muss ich natürlich auch vorne wegschieben ja das ist sehr sehr schade gewesen ähm das ist jetzt leider auch nicht für mich das ist natürlich immer das Thema analytisch und ähm Trading seitig kann man natürlich nicht immer alles ganz ganz leider über einen kam bringen in dem Falle war es ja so wir hatten ja hier auch noch mal eine Zielzone gesetzt ich glaube das war auch kurz da danach bevor wo ich auch hier das Video gezeigt hatte sind wir angestiegen noch mal darüber hinaus und ich hatte hier auch eine neue Zielzone gesetzt ich kann das auch hier nachträglich noch mal zeigen wie sich das eigentlich strukturiert hatte und zwar waren hier meine Annahme dass wir eben wie gesagt hier dann noch mal nach diesem abwärtsimpuls hier nach diesem erneuten hier den Rücklauf sehen und ich bin eigentlich davon ausgegangen weil dafür eben viele spricht auch von der von den generellen Wahrscheinlichkeiten von was man was ich bei Silber eben über die Jahre hinweg beobachtet habe ist es halt eben typisch dass wir in der Welle 2 eigentlich immer mindestens mal das 618 anlaufen meistens aber auch eher das 786 Retracement in dem Falle hatte ich deswegen auch hier das 50er Retracement nicht für diese Zielzone reingenommen und was wir aber sehen können ist dass er bereits dort gescheitert ist ja spricht ganz ganz klar für die Stärke dieses abwärtstrendes muss man an der Stelle ganz klar betonen wenn es zu so einem schwachen Retracement in der Welle 2 kommt spricht es eben für die Trendstärke eines Marktes in dem Falle jetzt eben war ich nicht davon ausgegangen weil er zu dem Zeitpunkt von den Indikationen her schon noch genügend Luft hatte sich eben auch ein bisschen ausgedehnter noch mal zu erholen aber hier hat sich diese diese Schwäche des Marktes durchgesetzt und ist noch schwächer unterwegs gewesen jetzt tatsächlich als ich das zunächst eben wie gesagt hier erwartet hat das heißt leider hier an der Stelle dann eben nicht mehr in diesen short reingekommen äh Markt hat jetzt hier weiter abverkauft dann und wir müssen hier davon ausgehen momentan dass das eben seit diesem Hoch wovon ich jetzt mal weiterhin davon ausgehe dass es eben diese b-welle hier war dass wir jetzt hier in diesem c-welleimpuls uns generell befinden und langfristig ja auch noch eine Weile befinden werden denn meine Kursziele die liegen hier nach wie vor in Richtung 15 16 $ oder noch deutlich tiefer je nachdem wie sich das weiter entladen wird ähm das wird jetzt die Zeit zeigen auch wie eventuell der weitere Verlauf hier noch läuft da sehe ich habe ich auch schon ein paar Szenarien noch die ich jetzt beobachte es könnte auch sein dass diese ganze Bewegung sich auch noch weiter komplexer gestaltet wir es dann auch auch noch mal zwischendrin mit ein größeren Erholung zu tun haben also jetzt bitte nicht wieder losrennen und sagen der Klinkmüller hat gesagt silberfät jetzt auf 15$ das wird nicht morgen passieren auch nicht übermorgen auch nicht nächste Woche wir reden hier von der Bewegung die uns sehr wahrscheinlich noch über Monate hinweg begleiten wird ja und uns auch ohne weiteres in das kommende Jahr noch länger hinein beschäftigen kann bis wir tatsächlich bei irgendwann mal bei diesem Ziel ankommen deswegen warne ich hier schon mal also da kann es durchaus zwischendrin auch noch mal zu einer nachhaltigeren Erholung kommen denn das lässt diese Gesamtstruktur in der wir uns hier wohlgemerkt seit Sommer 2020 läuft ja diese Korrektur eben befinden das würde also das immer noch erlauben dass wir da eben auch noch mal eine weitere Abzweigung eben in dieses ganze Thema einstreuen aber für den Moment ist es jetzt so wie gesagt ich gehe hier davon aus dass wir noch mal einen 12 ausgebaut haben und entsprechend dessen jetzt aktuell eben hier diese Welle 3 abgeschlossen haben die dazugehörige können uns ja auch mal kurz schnell die extensionsniveaus anschauen da sehen wir auch hier das hat er hier sehr sehr gut abgetragen im Bereich der 200er Extension ich habe jetzt hier eben auch ja diese Chance eingeräumt den Kunden war das natürlich auch schon bekannt unseren Abonnenten diese Ziel zu Zone ähm da ist er jetzt auch reingelaufen hat es 236 berüt hat bereits wieder abverkauft hat sogar auch dieses low der drei schon wieder tuschiert da könnte es jetzt wirklich gut sein wenn der heute im weiteren Handel auch das Momentum aufrecht erhält dass wir eventuell schon mit dieser kleinen zwischenkonsolidierung fertig sind jetzt die fünf von der drei machen dann wieder eine vier und dann eben schon wieder hier weiter abverkaufen ja wie gesagt langfristig mein Ziel hier ungebrochen ich gehe hier nach wie vor ganz klar da davon aus ähm ich kann hier auch noch mal an der Stelle noch mal kurzen Blick werfen auf den längerfristigen Chart ich bleibe hier dabei ich gehe hier weiterhin davon aus dass Silber hier noch einen langen langen abwärtsweg vor sich hat und dass wir hier schlussendlich eben hier in diese Zielzone laufen werden und dort eben dann ja wie gesagt Kurse in Richtung 16 und tiefer ausbauen äh was ich vorher schon erwähnt hatte bezüglich der Struktur ich gehe ja momentan davon aus dass wir uns hier in einer z-welle befinden das heißt die wird sich intern auch noch mal unterteilig aufdröseln deswegen kann es gut sein dass all das was wir aktuell sehen hier am Ende erstmal nur die a dieser Z ist wir dann noch mal eine B sehen das meinte ich vor mit der größeren Gegenbewegung und wird dann in der C von der Z erst wirklich Finale in die Zielzone eintauchen deswegen kann das eben wie gesagt hier uns noch deutlich deutlich länger begleiten als die meisten das sich gerne wünschen würden ja aber mit Wünschen kommt man halt eben am Finanzmarkt nicht weit ja schauen wir uns Gold parallel dazu an da ist uns das gleiche ja im Endeffekt auch mir das gleiche wieder fahren jetzt auch mit der mit der Struktur ich bin ja eigentlich auch hier davon ausgegangen äh dass wir hier auf auf jeden Fall auch noch die Chance genießen dass der eben hier noch mal etwas weiter nach oben kommt in der Korrektur hat er schlussendlich auch nicht gemacht hat hier auch deutliche Schwäche gezeigt ich auch wenn ich hier insgesamt ein anderes Szenario habe hier ist es nicht eine ab sondern hier ist es generell 12 Setup was Gold hier ausgebaut hat gehe ich aber hier auch davon aus dass wir darauf folgen noch mal hier zwei weitere oneos ausgebaut haben und wo wir aktuell jetzt eben auch hier in der kleineren unter vier sind wobei man hier auch bei Gold sagen muss momentan dass diese unter vier hier bis lang eben nicht wirklich in Bewegung kommt also der zeigt h momentan gar keine gar keine größere Erholung was das anbetrifft das heißt hier muss sogar m entweder dass diese vier wirklich nur so ein Mini kleines Ding ist oder dass wir eben hier sogar bei Gold vielleicht sogar noch in dieser drei stecken was natürlich noch mal auch für direktes weiteres abwzpotenzial sprechen würde das müssen jetzt einfach mal hier die nächsten Tage zeigen ja ja übergeordnet wo wollen wir hier hin auch hier für mich ungebrochen meine Erwartung ähm dass es hier zu deutlich tieferen Niveaus kommt also das ist ja momentan hier wie gesagt mein primärszenario ich gehe auch hier davon aus dass wir Zeit 220 in dieser Korrektur stecken und dass wir uns jetzt eben hier momentan in dieser c-welle befinden die dann diese Welle 4 hier irgendwo abschließen sollte aber nichts was großartig unter den Bereich von 1600 $ fällt denn ansonsten müssen wir uns langfristig eben mit einem ganz anderen Szenario noch mal auseinandersetzen und zwar ist das eben das was ich auch ursprünglich mal auch auch in 2020 eigentlich auch zunächst erwartet hatte dass wir eben hier eine b-welle ausgebaut haben seit dieser z1er Korrektur runter die a gesehen haben 15 16 und dann hier in das Jahr 2020 hinein diese b-welle ausgebaut haben das wäre immer noch völlig tragbar und das ist hier dann wirklich zu einem kompletten Ausverkauf kommen würde das wäre dann der Fall sollte Gold hier nachhaltig unter dem Bereich von 1600 $ abfallen dann ist dieses 34 Szenario für mich hier absolut nicht mehr haltbar und wir müssen dann davon ausgehen dass es hier zu einem bereits zum jetzigen Zeitpunkt zu einem Abverkauf kommt der den Markt dann eben in Richtung 000$ und tiefer führen würde ja was momentan das bärische Bild hier auch generell unterstreicht ist sowohl bei Gold als auch bei Silber da können wir auch noch hier kurz den Blick werfen auf die Indikationen ich hatte es auch V den Abonnenten ist es bekannt und ich hat es glaube ich auch in dem letzten Youtube Video gezeigt das weiß ich jetzt gar nicht mehr dass ich hier natürlich sehr sehr stark darauf schaue was der Monatschart eben macht und was wir jetzt eben hier sehen ist dass wir auf dem monthly eben wieder erneut nach unten gecrossst haben also auch diese Struktur wie sich das hier ausgebaut hat mit diesem Anstieg das spricht sehr sehr sehr sehr stark dafür dass es eben eine b-welle ist oder auch intern hier eine reihenkorrektiver antieg war denn übergeordnet gegenüber diesem 201er hoch haben wir ja hier weiterhin die Situation dass wir ja auch hier diese deutliche Divergenz haben im MACD auch eine Divergenz haben im RSI wir sindind auch hier auf einem guten Weg das Shortsignal eben bereits wieder auszubauen also das sieht hier Moment an alles danach aus dass eben sich diese primärerwartung weiter fortsetzt und der hat hier genügend Momentum oder genügend Momentum entwickeln kann um hier auch einen weitere deutliche Abstiege eben durchzusetzen und bei Silber sieht's da eben ganz ähnlich aus also fassen wir mal zusammen ja leider ist es jetzt was die was jetzt die weiteren shortorinstiege angeht jetzt hier gerade nicht ganz optimal gelaufen jetzt die zwei letzten weil wir einfach die Zonen nicht erreicht haben es ärgert mich im Nachhinein aber es ist natürlich für mich immer ein Kompromiss ich versuche die Zonen natürlich auch immer so eng wie möglich zu halten wäre jetzt am 50er nicht gestoppt und wäre dann bis zum 78er dann hätte man hier natürlich unnötig Platz verschenkt aber ja das ist halt das aber generell was die analytische Perspektive anbetrifft die ist voll und ganz zugetroffen ja es hat hier zu kommt zu keinem Ausbruch gekommen der Markt ist massivst drunter gekommen insbesondere bei Silber war ja auch schon wieder sehr sehr viel Großes Gebläse hier bezüglich einer bezüglich Ausbrüchen etc und auch bei Gold und nichts davon hat sich hier bis lang abgezeichnet und bei den Minen sieht's da auch ähnlich aus wer da meinen meinen Analysen folgt und auch dem Video folgt auch da hat's jetzt wieder massive Abverkäufe gegeben also ich halte hier ganz klar an meiner an meiner Meinung fest ich räume den Markt natürlich ein dass es auch im Rahmen dieser abstiegsbewegung immer wieder auch noch mal zu größeren Gegenbewegungen kommen kann das müssen wir auf jeden Fall einplanen das werden wir dann auch entsprechend in den Updates hinterlegen sollte sich sowas abzeichnen aber im Großen und Ganzen ist hier weiterhin eine Richtung und das ist Süden ja für diesen Markt und wir sind hier weiterhin nicht durch mit dieser Korrekturbewegung das kann ich auf jeden Fall mal heute mit auf den Weg geben ja vielen Dank für die Aufmerksamkeit ich hoffe es hat gefallen und bis zum nächsten Mal,OK
01Bxj87HpvI,wie erfolgreich ist Ihrer Meinung nach der Strategiewechsel der Ukraine Abnutzung der russischen Artillerie und Personal ich bin besorgt es gibt gerade einen längeren Beitrag von Leuten die in der Ukraine waren die Fachleute sind unter anderem wieder Kaufmann Michael koffman und der Conrad misuica oder irgendwie sowas dieser Pole es gibt mehrere die untereinander vernetzt sind und mehrfach schon in der Ukraine waren und auch dort hat man wieder nicht allzu viel Positives und gerade hat hatariami das ist das Pseudonym eines ukrainischen Offiziers der sehr kritisch auch mit den eigenen Positionen umgeht die hat z.B gerade vor drei vier Tagen geschrieben die ukrainischen Streitkräfte sein heute sowjetischer als es vorher waren das ist in sich völlig schlüssig und ist ein verheerendes Resultat denn erstmal kommen wir zum zum verheeranhand warum ist es schlimm weil das sowjetisches System wie sah luschni hat die Weise Aussage getätigt ich kann nicht mit einer kleinen sowjetischen Armee eine große sowjetische Arme schlagen ich muss eine andere Armee haben deswegen versucht er das sowjetische so weit wie möglich rauszutreiben aus den ukrainischen Streitkräften das Wasser lutscht nicht Aussage und warum ist es aber logisch dass du heute sowjetischer sind weil die Ukraine schwere Verluste erleidet darunter auch Offiziere die modernen sind modern ausgebildet die moderne Doktrin verinnerlicht haben genauso natürlich auch Unteroffiziere gleichzeitig sie sich aber quantitativen massiv vergrößert hat und die einzige Möglichkeit halbwegs qualitativ Stand zu halten im Führungspersonal ist Leute aus dem Ruhestand zu holen das heißt der Hauptmann der mit 35 mit 40 aus der Armee ausgeschieden ist mit 30 was auch immer und seit 25 Jahren nicht mehr gedient hat der ist wird jetzt ein berufen um als was weiß ich 55-jähriger eine Kompanie zu befehligen nur der hat nichts mitbekommen von den Reformen weg von der sowjetischen Armee der ist immer noch besser als jemanden ohne jeder Ausbildung zum braucht man zu erklären das muss auch klar gesagt werden aber es ist ein Riesenproblem für diese Leute für die ukrainischen Streitkräfte und das sagt tatari garmi wie gesagt ich kenne seinen richtigen Namen nicht aber der ist ein der wird zumindest von allen aus authentisch angenommen ist ist sehr kenntnisreich und so weiter ein ein hochinteressanter Account auch zu folgen und der hat klar und deutlich gesagt wir sind heute in der sowjetische Armee als noch vor einem Jahr und das ist ein schlechtes Zeichen also ich mache mir eindeutig Sorgen was die ukrainischen Erfolge angeht die der Strategiewechsel ist eindeutig notwendig gewesen wie weit der erfolgreich sein wird werden wir schlecht sehen müssen er ist ich kann jetzt erklären die Russen werden in sich kollabieren wir alle kennen diese Aussagen nach Fünfter in den ersten fünf Tagen nach Beginn der Gegend Offensive werden die Russen Rennen das kann ich Ihnen jetzt erklären wenn die Ukraine fertig sind und wieder zur Offensive übergehen werden die Russen Rennen aber ich glaube es nicht so recht wir haben ein paar gute Zeichen für die Ukraine das hatten wir hier ja dieser rieba-beitrag dass die die Erschöpfung der Soldaten massiv vorangetrieben wurde das ist ein großartiges Zeichen für die Ukraine denn das kann nur bedeuten die Russen haben nicht nur nicht nur die Kampfkraft der Russen sinkt sondern sie haben auch keine verfügbaren Reserven immer mit der Einschränkung das heißt nicht dass sie keine Reserven haben aber es heißt sie haben keine die sie dafür mehr verwenden können hier werden schon noch irgendwo mobile Einheiten sein mit modernen Panzern die im Falle eines ukrainischen Durchbruchs zum Einsatz kommen aber die Frontsoldaten dafür ist keiner mehr da um die durch zu rotieren und das ist katastrophal für die Russen aber wir haben auch das hier neu Produktion von Kampfpanzer das heißt der Krieg ist alles andere als gewonnen und er ist alles andere als entschieden und ob die ukrainische Umstellung in ihrer Methodik erfolgreich sein wird werden wir erst sehen wie gesagt ich ich will mich nicht dauernd wiederholen und ich will nicht dauernd Seiten Liebe gegen andere Kommentatoren machen aber sie alle haben wahrscheinlich von Leuten gehört die gesagt haben wenn die gegen Offensive beginnt ist das ganze eine gelaufene Sache ich habe immer Monate lang gesagt die Russen haben auch eine Stimme der außerird die dürfen auch mit abstimmen der Gegner spricht mit warten wir es ab wir haben so oft schon gehört die Russen tun dies die Russen tun das und die Russen 100.000 Russen erfrieren und was ist draus geworden es kann sein dass die Ukraine in drei vier Wochen losschlägt und dann die Russen richtig aufrollt ich halte es für möglich aber ich halte es definitiv nicht für gewiss ich hoffe das Video war interessant für Sie in diesem Fall möchte ich Sie herzlich dazu einladen nicht nur diesen Kanal hier zu abonnieren sondern auch meine anderen Präsenzen im Besonderen natürlich den Hauptkanal Militär und Geschichte mit Thorsten Heinrich die Links dazu finden Sie in der Beschreibung bis bald und auf Wiedersehen,OK
q6h8jtNz1EI,"hallo und herzlich willkommen zu einer Premiere die wir nur einmal haben werden nämlich der Folge 100 mein Name ist Philipp Hopf mit mir dabei Chiara schusein pur zu unserem Podcast Hoss und Hopf ich grüße alle unsere Zuhörer heute Kian ich grüße dich auch du bist gerade frisch aus der Sonne gekommen hallo Philipp ja ich bin in Dubai wie immer wie immer noch zumindest und liebe Grüße an alle Zuschauer 100 Folgen Horst und Hopf Philipp wer hätte gedacht dass es zu diesem Tage kommt angesichts der Tatsache dass dieser Podcast sehr sehr spontan entstanden ist und auch ja auf eine offene wilde 2 Uhr nachts Sprachmemo also wirklich nicht nichts geplant ist strukturiert ist es gepflanztes oder irgendwie ja lange durch skizziertes sondern einfach wirklich hey lass uns doch mal einen Podcast machen ich glaube das wird gut kommen ja okay dann machen wir das und jetzt sitzen wir 100 Folgen später so ist es ja und ich erinnere mich noch ich glaube du warst wahrscheinlich in Dubai als du mir diese Sprachnachricht geschickt hast da haben wir wahrscheinlich so einen ja oder so nicht kommuniziert gehabt wir haben uns einmal davor in Berlin getroffen im Bauch hat damals hast du noch über den Borchert und bis dann irgendwann gegangen und hast es drauf gesprochen ich weiß nicht ich habe mir das abgehört dachte mir interesting und meine erste Reaktion war quasi wo ich in mich rein gehorcht habe eine eine positive und dann habe ich glaube ich zu dir gesagt wenn du mit mir die Welt erobern willst dann let's go und jetzt sind wir bei Folge 100 ja also ich erinnere mich noch an die allerersten folgen hier im Studio bei mir in Stuttgart da hat ein ein Fotograf der Mark Schäfer hat das hier alles eingerichtet na saßen wir uns gegenüber das ist alles ziemlich dunkel gehalten gewesen du warst live vor Ort wir haben damals glaube ich die ersten drei Folgen gedreht das war deine Entstehungsgeschichte einen wenn ich sogar der erfolgreichste Podcast den wir bisher gehabt haben was die Youtube Aufrufzahlen angeht ich glaube der geht so will keine Ahnung 180.000 oder so ich habe jetzt keine nachgeschaut dann haben wir meine Entstehungsgeschichte also meine unternehmerische und ein bisschen so mein Lebensweg gebracht und damals sogar das erste Thema ich weiß gar nicht war schwere Zeiten machen starke Männer starke Männer machen gute Zeiten gute Zeiten machen schwache Männer ja und haben das damals besprochen das war so das erste Kernthema ich glaube da haben auch die Leute gemerkt okay das ist jetzt hier nicht der nächste 08 15 alles ist gut bestes Deutschland aller Zeiten Podcast sondern wir wir legen den Finger in die Wunde manche einer wurde auch sagen wir fisten die Wunde irgendwas zwischendrin ist es auf jeden Fall sind wir ich glaube wir sind wir nicht müde geworden unangenehme Dinge anzusprechen absolut und ich würde sogar sagen wir sind dann noch direkt da geworden wir waren zwar von Anfang an offen für alles aber am Anfang war es noch ab und zu mal so ein Gedanke bei mir ich weiß nicht ob es bei dir auch der Fall war aber nicht dass das jetzt eingeschränkt wird vom Algorithmus aber all diese Gedanken sind jetzt nicht mehr existent es geht uns gar nicht mehr darum irgendwie irgendein Algorithmus weil es spielt sowieso keine Rolle wir haben seitdem wir diesen Podcast gestartet haben seit Tag eins bis jetzt Folge 100 und wir laden zwei Folgen die Woche hoch wir haben das auch noch sehr selten es gibt tatsächlich wir sind immer dran geblieben haben wir keinen einzigen Cent bisher von diesem Podcast verdient wir haben nur Geld ausgegeben für Video Editor Kanal Management für das Turnier bzw das turnament oder den Wettbewerb den wir jeden Monat haben wo wir Leute vergüten auf tiktok natürlich das ist jetzt kein Vorwurf oder so wir freuen uns unglaublich es macht uns Spaß Menschen geben Geld für ihre Hobbys aus Dinge die ihnen Spaß machen und es ist keineswegs irgendwie jetzt hey wir haben jetzt schon so viel ausgegeben sondern es interessiert uns nicht ob jetzt ein Algorithmus sagt eure Videos sind scheiße ob auf tiktok Leute kommentieren die haben noch keine Ahnung was die da reden weil wir machen das und haben es bisher gemacht und werden es auch weitermachen für uns für unsere eigene Kuriosität weil uns die Themen interessieren weil wir an einem offenen Austausch der relevanten und wichtigen Themen interessiert sind und auch der Meinung sind dass so etwas öffentlich ausgetragen werden sollte denn die einzigen Leute die keine Lust darauf haben über Themen öffentlich zu reden und das zensieren wollen sind die Leute die extrem sind und die Leute die den anderen etwas verbieten wollen und wir sind einfach Menschen sind offen für alles wir sind offen darüber über alles zu reden und das werden wir auch weiterhin sein ja das denke ich ganz wichtig was du da sagst Kern und das ist ja auch der Punkt den wir hier immer wieder ansprechen gerade die Menschen die uns und die ist es durchaus ja abwechselnd es gibt Leute die die können hier nicht leiden es gibt garantiert eine ganze schade die können mich nicht leiden völlig normal ist auch in Ordnung die uns Intoleranz vorwerfen sind ja die Leute die uns nicht tolerieren können ja also gerade die die immer mit dem Finger auf andere zeigen und sagen ihr müsst alles tolerieren tolerieren nicht was wir hier Aussagen und ich denke da sind wir auf dem richtigen Weg grundsätzlich auch was was mich auch selber erstaunt wenn ich jetzt mal so ein bisschen reflektiere Wir haben hier gerade in Stuttgart das Stuttgarter Weindorf aus dem schwäbischen ist hier ja auch so eine Weingegend und einmal im Jahr ist eben Weindorf und da trifft man eben so manche Leute das ist halt so ein so ein bisschen ein heimatliches fest hier und ich bin wirklich sowas von erstaunt gewesen erstens mal wie oft ich angesprochen wurde auf dem Weindorf von Leuten die eben den Podcast hören die entweder deinen Hoss YouTube-Kanal hören oder mein hkcm Kanal aber eben auch wie viele Leute die gesagt haben hey meine Mama die ist 68 die hört dein Podcast der andere sagt meine Tochter die ist 16 die hört den Podcast der andere wiederum sagt mein Papa der ist 58 der hört den Podcast also dass wir wirklich auch in der Lage sind so breit gefächerten Menschen anzusprechen dass es nicht nur sage ich mal irgendwie Kiddies sind oder nur irgendeine intellektuelle Klasse oder so sondern dass wir es schaffen mit dem was wir machen mit dem was wir zu sagen haben darum geht es ja wir beide sprechen über Themen es sind nun mal unsere Meinungen die hier vertreten werden dass wir es schaffen wird sehr viele unterschiedliche Menschen aus dem gesamten Querschnitt der Bevölkerung ich würde jetzt mal sagen das Dachraumes oder alle Menschen die auf jeden Fall mal deutsch sprechen und verstehen können anzusprechen und macht mich schon stolz also ich muss schon sagen es ist schon wir gehen jetzt ganz stramm auf die 80.000 zu bei bei Youtube und ja Zahlen sind nicht alles aber ich sage ganz ehrlich wo du erstmal vor ein paar Wochen gesagt hast Kern dass du so die Charts aufgerufen hast gesagt wir sind wir waren in unserer Sparte waren wir Nummer eins Deutschland und wir waren auf alle Podcasts in Deutschland über Spotify auf Platz Nummer 7 und da waren riesige also lands und Brecht mehrere Plätze hinter uns hätte ich nicht gedacht und das macht mich stolz in dem Sinne dass es mich freut dass unsere Arbeit Früchte trägt und und dass wir gerne gehört werden dass das ein interessanter Podcast für Menschen ist absolut und du hast es gerade sehr sehr gut betont und erwähnt das ist hosentopf es ist kein ARD ZDF oder staatsfinanziert es ist im Grunde genommen ist es Hoss und Hopf finanziert und deswegen bleibt es auch aus und hopp und bleibt unsere Meinung zu Themen unser Austausch zu Themen es ist kein Podcast der so informativ wie möglich das neueste Geschehen darstellen soll nein oder so ausbalanciert wie möglich auch wenn wir es versuchen aber es ist am Ende unsere Meinung zu Themen die uns interessieren die wir ausgewählt haben und es wird auch immer so bleiben und das ist unabhängig davon was wer über diesen Podcast denkt das ist der Grund weshalb wir hier sind und das wird auch der Grund sein weshalb wir weiter bleiben und noch mal zu den Altersklassen ich persönlich dachte als wir diesen Podcast gestartet haben weil ich kenne ja die audience von meinem Youtube Kanal und die Ordens ist eigentlich zu ja 90 80 % älter weil du brauchst Kapital um im Kapitalmarkt aktiv zu sein im kryptomarkt auch du musst mindestens mal 18 sein es gibt auch jüngere die das sich anschauen und Respekt auch an diese Person die sich informieren aber umzusetzen um Dinge zu machen musst du schon 18 sein in den meisten Fällen zumindest und ähm ich habe sie auch als ich damals in Deutschland erkannt bin oft immer wieder von älteren Personen jetzt nicht unbedingt 50 60 obwohl das auch ab und zu der Fall war ich war wirklich überrascht wie viele Leute mich erkannt haben von verschiedenen Altersklassen aber eben auch ab und zu von jüngeren und da will ich auch an dieser Stelle nochmal sagen der Podcast ist für jede Altersklasse es ist nicht nur für eine Schicht von Intellektuellen oder Menschen die der gleichen Meinung sind es gibt Leute die schreiben mich auf auf Instagram an und teilweise Jungs teilweise Mädels die sagen dann oder auf unsere E-Mail Postfach ich habe mein E-Mail bekommen das habe ich noch nie gesagt aber eine E-Mail von den Mädel ähm die geschrieben hat in mein oder ich glaube ins Haus und hofft viel mehr Podcast dass sie grundsätzlich sehr sehr andere Meinung hat zu den meisten Themen die wir in unserem Podcast erwähnen aber gerade deshalb weil wir nicht einfach unfair irgendeinen Müll labern und gerne zuhört und auch gerne sich neue Informationen zu dazu holt um ihre Meinung anzupassen und sich auch Gedanken darüber macht woher sie denn eigentlich diese stark kontrollieren Meinungen hat und sowas zu lesen motiviert mich sowas zu lesen motiviert Philipp und aber auch wie gesagt ältere Personen Personen aus gewissen Branchen wo ich niemals gedacht hatte jemand beispielsweise ein Rapper oder ein Unternehmer von einem von einer Bank ein einer Geschäftsführungsebene also so divers wie es eigentlich geht hört diesen Podcast Grüße an jeden wirklich jeder ist hier herzlich willkommen auch ob alt ob jung z.B philipp hat mich äh habe ich letztens erst den kleineren Bruder von einem guten Freund von mir getroffen Noah Grüße an dich an dieser Stelle 14 ist er und aber auch schon so weit im Kopf hört jeden Podcast interessante mein hat mich viele Fragen gestellt fand ich mega gesagt ey wenn du jetzt schon so viel Infos hat so viel Input hat dein Horizont so breit machst das hilft dir später in deiner persönlichen Entscheidungsfindung in deinem Leben umso größer der Horizont ist umso mehr Informationen du hast auf den du deine Entscheidung basierst sei es persönliches sei es Arbeit sei es Business sei es Finanzen sei es Beziehungen die bessere Entscheidung zu treffen und ähm ja das hat mich auch motiviert hat mir gezeigt was für ein impact wir eigentlich hier mit diesem Podcast haben und ich glaube das freut uns beide unglaublich enorm ja so ist es und ich denke das ist auch ganz wichtig was du gerade gesagt hast was wir immer wieder vermitteln wollen das ist wirkliche Toleranz ja und es wird ja immer über Toleranz gesprochen oder wir haben hier in Deutschland von der Politik ausgegeben ein komplett falsches toleranzbild das ist quasi wie Jesus Christus der auf der einen Seite die Schelle kassiert hat um dann die andere Seite hinzuhalten und das links rechts links rechts das ist nicht Toleranz toleranz bedeutet solange ich Dir nicht schädige schädigst du mir nicht und wir können zwei komplett unterschiedliche Meinungen haben aber wir respektieren uns gegenseitig und das ist die Basis des Zusammenlebens und das zusammen sein sah das heißt also überhaupt kein Problem wenn andere Leute andere Meinung sind ich habe damit 0,0 Problem auch der Kian und ich sind manchmal anderer Meinung äh deswegen haben wir nicht das Kriegsbeil aus oder so sondern das ist die normalste Sache der Welt aber wie respektieren den anderen eine andere Meinung zu haben für das was er aber ist und dann kann eine andere Meinung haben erst wenn ich selber Angst habe mit meiner Meinung wenn ich mich angegriffen fühle weil ich unsicher bin mit meiner Meinung dann stört es mich wenn jemand eine komplett andere Meinung hat weil dann fühle ich mich gefährdet dass er mich vielleicht überzeugen könnte und das finde ich ganz wichtig wie du schon sagtest es gab ja auch schon so lustige Sachen Kian hat schon E-Mails gekriegt von Leuten die ihnen aufgefordert haben die Zusammenarbeit mit mir zu beenden weil whatever und dann die Gründe aufgezählt was für ein furchtbarer Typ ich bin ich habe schon von Leuten du kannst auf keinen Fall mit diesem Kern kennst du den blablablablabla Stories irgendwas und auch immer da lustig was Leute wirklich denken die wirklich zwei Menschen wir uns kennengelernt habt wie wir da stehen wie wir unsere Meinungen vertreten dass ihr mit eurer cancel culture mindset herkommen könnt ein bisschen mül Abladen über die andere Person und dann sagen wir oh nee das geht nicht du ich habe jetzt Schiss dass mein Ruf irgendwie geschädigt wird ich beende jetzt die Zusammenarbeit so what the [ __ ] Leute wir sind genau das Gegenteil ja wir sind genau das Gegenteil wenn wir überzeugt davon sind etwas zu machen dann kann der liebe Gott persönlich vom Himmel herab steigen wir machen aber genauso weiter das ist weil wir überzeugt sind von dem was wir tun ja und wer überzeugt ist den den kannst du nicht weg canceln den kannst du nicht irgendwie Schwächen indem der sagst hey an deiner Stelle würde ich das aber nicht mehr mit dem machen nee im Gegenteil ich finde wir ergänzen uns sehr sehr gut wir ergänzen uns weil wir aus unterschiedlichen wissenspektren kommen aus unterschiedlichen Altersstufen der Kern hat extrem viel beizutragen und ist jetzt 24 geworden vor ein paar Monaten und auch da lerne und wachse ich selber immer dazu es gibt für mich sowieso nicht so ich bin älter oder jünger das ist scheißegal nachher was auch immer einer on the table bringt also was bringst du zum Tisch ja da kannst du 15 Jahre alt sein und ich finde Dich genauso interessant wie einer der 50 ist ist keine Altersfrage sondern was hast du zu bieten bis ein interessanter Mensch mit Charakter und ich denke das ist etwas was wir hier auch vermitteln wollen auch in Zukunft Menschen zu inspirieren etwas aus ihrem Leben zu machen und dass die Möglichkeiten die ihr wirklich selber habt die sind ganz weit da oben und nicht nur da wo ihr jetzt vielleicht gerade steht ja mega schöne Worte Philipp kann ich nur zurückgeben keiner kann diesen Podcast zum Fall bringen mit irgendwelchen komischen E-Mails philipp ist auch jemand unabhängig jetzt vom Alter der einfach einen anderen Weg gegangen ist als ich und in diesem Weg so viel Learnings mit sich gezogen hat Dinge die wichtig sind von denen ich auch jedes Mal lerne wenn er spricht und dem nach nicht nur genauso wertvoll sondern ja auf eine Ebene genauso wertvoll für diesen Podcast für mich für meinen empfinden innerhalb von dem ganzen ich es gibt viele Dinge in den Philipp mich ergänzt wo ich vielleicht dann bin ich ein bisschen zu historisch oder ein bisschen zu naiv oder ein bisschen anders und genau das macht das Ganze so interessant dieser Austausch von zwei Menschen die andere Altersklassen andere Lebensweisen bisher hatten anders aufgewachsen sind andere backgrounds aber doch viele Dinge sich verbinden eins zum Beispiel der Wille oder das Interesse daran möglichst viel Information aufzusaugen kurios zu sein Dinge zu hinterfragen und das steht an erster Stelle und zum zum Thema Meinungsfreiheit meinungsfreiheit bedeutet dass ich die Meinung die am stärksten gegen meine eigene geht egal wie schlimm ich das finde trotzdem akzeptiere zu existieren die darf trotzdem ausgesprochen werden die darf die muss auch existieren damit man von Meinungsfreiheit sprechen kann wenn ich komplett konträrer Meinung von etwas bin und sage das muss verbannt werden das gibt es nicht das darf nicht ausgesprochen werden du darfst die gar nicht aussprechen dann ist das keine Meinungsfreiheit sondern es ist Zensur und ja wir stehen für absolute Meinungsfreiheit die Freiheit von jedem sich selber einen Meinungsbild zu schaffen die Freiheit dahingehend sich selber Informationen zu beschaffen ein Entscheidungsfindungsprozess zu haben der divers bzw in beide Richtungen ausgeprägt ist ein neutraler Entscheidungsfindungsprozess und natürlich wir sind nicht komplett neutral wir haben eigene Meinungen wir sind in gewisser weisen geprägt oder vertreten eine gewisse Meinung und die geben wir dann auch wieder aber deshalb ich sag's ja noch mal wir sind trotzdem drauf wir sind nicht ARD oder Rundfunk oder hier sonst was wobei man da auch sagen muss ist ja auch mittlerweile leider nicht mehr so neutral wie es eigentlich sein sollte aber nicht mal die kriegen sie neutral zu sein Leute und wie geht bemühen uns und wir lesen ja auch eure Kommentare es gibt teilweise Kommentare die ganz lang sind und Philipp widersprechen und Philipp nimmt sich die Zeit liest sie antwortet darauf wir sind für alles offen ihr könnt alles posten alles kommentieren und wir reagieren auch gerne darauf uns ist einfach nur wichtig dass ihr versteht Leute wir sind nicht die heiligen aber wir geben das auch nicht aus zu sein wir sind Thorsten Topf der Podcast ist so wie er ist wir versuchen uns zu verbessern stetig und hoffen und freuen uns natürlich und wollen uns auch bedanken in dieser Folge besonders bei euch das ist so viel Anklang bei euch finde findet und ja ich denke ich denke was wichtig ist und was ich immer wieder angesprochen werde was wir vielleicht auch in Zukunft wieder mit aufnehmen sollten es sind unsere Routinen zu besprechen damit Leute die bewusst auch an sich arbeiten ich kenne so viele Leute die sagen sie haben jetzt angefangen kalt zu duschen oder haben mit deiner Rotlichtlampe ja da hättest du dir eigentlich schon einen Wrestling holen sollen wie viele Leute sich wahrscheinlich schon die Rotlichtlampe geholt haben oder sich mit Meditation beschäftigen oder mit Mentoring beschäftigen oder oder macht etwas das ist das wichtige das ist auch der Schlüssel für den Erfolg der Zukunft ja gerade in Zeiten wo alle Angst haben KI Krieg Arbeitslosigkeit Rezession Inflation egal was ist ja wir haben Problem immer noch und Löcher aber das heißt nicht dass das Schicksal der Massen euer Schicksal sein muss und das ist ja das was wir immer vermitteln wollen ja mit Sicherheit ist es so dass die Mehrheit der Menschen in Zukunft weniger haben wird weil sie aber auch alles so macht wie die anderen in der Masse und wenn man selber sagt ich möchte selektiv ein anderes Schicksal für mich haben ich möchte ein anderes Leben leben nicht nein to five nicht zu meinem Job hingehen 40 Jahre lang und dann auf die Hoffnung einer Rente die es dann wahrscheinlich nicht mehr gibt oder sonst irgendwas immer zu buckeln wenn ich was anderes will muss ich einen anderen Weg gehen dann kann ich nicht mit allen mitlaufen da bin ich auch nicht vielleicht bei allen beliebt ja vielleicht gucken euch dann die Leute an und sagen was ist denn das für einer warum macht er das jetzt anders ja ist so so geht's den Kian so ging es ihm so geht's uns jetzt wir haben uns jetzt natürlich auch sage ich jetzt mal Umfelder aufgebaut wo like meint people also Menschen mit ähnlichen mindset um uns herum sind aber das war ja nicht immer so wir waren auch mal einsam wir haben es auch erstmal alleine gemacht und dann haben sich andere Leute gefunden dann haben wir uns irgendwann gefunden das ist also ein Prozess das ist nichts was von heute auf morgen kommt diese Einsamkeit ist ganz normal und das ist auch eine Prüfung für euch ob ihr selber es wirklich genügend wollt ja will ich es wirklich oder sage ich mir jetzt einfach ich habe da jetzt ein Podcast gehört ich will jetzt auch ein bisschen was anderes weil ich sage euch jeder kann es schaffen und dazu brauchst du keine krasse Ausbildung oder muss irgendwo studiert haben oder sonst irgendwas oder ganz tiefgründiges Finanzwissen nein das ist teilweise ihr kennt der meinen background ich war selber mal auf der Hauptschule ich habe meinen ganzen Leben eine Universität noch nie von ihnen gesehen ja das entscheidet nicht über euren Erfolg mein Set eure Einstellung und euer Wille etwas hinzuzulernen das entscheidet über euren Erfolg und das ist auch etwas was Kian und ich in Zukunft ein bisschen mehr in den Vordergrund bringen wollen mehr wollen wir noch gar nicht sagen aber auf jeden Fall dass es unser Ziel ist oder unser Wille ist mehr Menschen zu helfen weil wir so oft angeschrieben werden und viele Leute auch sagen hey kannst du mich coachen oder ein Mentor sein das geht aktuell einfach gar nicht mit der Zeit dass ich einzeln Menschen coache aber wir sind da auf jeden Fall dran dass wir etwas schaffen wollen um einfach etwas von unserem Wissen von unserer Motivation und von unserem mindset als Unternehmer in Zukunft auch weiterzugeben und vielleicht andere Leuten zu helfen ich würde einfach mal sagen zufrieden damit ihrem Leben zu werden und Ziele erreichen zu können genau gut gesagt Philipp wir werden auch an sich versuchen öfter wieder mehr Podcasts zu selbst verbesserungs oder weiter Lernthemen zu machen Disziplinen Drive Wille diese ganzen Geschichten weil wie die auch unglaublich wichtig finden und das ist ein niemals endender Prozess nur wenn man einmal etwas gelesen hat heißt es nicht dass man aber diszipliniert ist wir sind ja auch Menschen wir haben auch Phasen indem wir weniger diszipliniert sind und da reicht das reine zu hören von solchen Dingen manchmal aus um einen zu motivieren hey reißt sich zusammen macht es doch jetzt richtig oder das oder das und deswegen wir werden da in Blick auf die Zukunft um jetzt vielleicht mit der Vergangenheit ein bisschen abzuschließen und zu Zukunft zu kommen wir wollen mehr über diese Themen auch sprechen wir wollen natürlich auch weiterhin kontroverse Themen ansprechen weil zu wenig Podcasts gibt zu wenig offene Meinung die das machen das heißt da werden wir uns auch nicht den Mund verbieten lassen ähm wir haben natürlich eine große Menge Geld bisher hier ausgegeben und werden das auch weiter machen ich sag's euch so wie es ist und Philipp weiß es am liebsten würden wir das was wir am kurzen Wettbewerb den Leuten geben die Videos schaffen auf Kurs der Plattform am liebsten würde es vor fünf Wochen oder 14 Wochen wir sind am Ende des Tages auch nur Menschen die Unternehmer sind am Ende auch monetäre Absichten haben aber mit diesen Podcast hatten wir eigentlich keinen und damit wir den Leuten 20.000 € irgendwie 10.000 € jeden Monat zurückgeben können verschenken können das können wir leider nicht aus eigener Tasche stemmen da das sind zu große rote Zahlen deswegen überlegen wir bzw wir spielen mit dem Gedanken zu erkunden was gäbe es für Möglichkeiten das Ganze zu monetarisieren wir möchten nicht und das werden wir niemals und das kündigen wir jetzt auch so an egal was kommen sollte werden keine Werbung für Dinge machen die wir nicht unterstützen und wir werden uns auch niemals unsere Meinung abkaufen lassen komme was wolle egal in welche Richtung wir wollen und sind auch nicht bereit dafür jetzt grundsätzlich Werbung für Produkte zu machen vielleicht ändert sich das aber das ist etwas was wir eigentlich nicht machen wollen wir haben überlegt hey vielleicht machen wir einfach die Werbeanzeigen auf Youtube an weil die stellen wir aktuell aus dann haben wir diese umsatzeinnahmen von den Werbungen die vor den Videos spielen die habt ihr aber jedem Youtube Video bei uns habt ihr sie nicht weil wir sie ausstellen an dieser Stelle ganz wichtig wir dachten vielleicht stellen wir die einfach an und nehmen das gesamte Geld was dabei rumkommt decken damit unsere Podcast Kosten und geben den gesamten Rest an die Leute zurück in Form der kurze Wettbewerbe das ist zum Beispiel ein Gedanke ist jetzt noch nichts aus definiertes vielleicht wenn ihr da Meinung in Ideen habt lasst uns gerne wissen ob wenn ihr das gut findet eure Unterstützung ist da wirklich gefragt wir wollen in keine Richtung gehen die irgendwie den Podcast schadet oder die am Ende ganz viele Leute nervt aber das wäre eine Möglichkeit ansonsten hat Philipp ja gerade angeteasert wie überlegen was könnten wir schaffen uns ist wichtig ein Mehrwert zu bieten denn irgendeiner Weise monetarisiert werden kann aber dann auch irgendwie zurückgegeben werden kann da sind wir halt noch am überlegen da haben wir auch noch gar nichts aus definiert oder so aber wenn ihr da auch Lust habt dran beteiligt zu sein lasst uns gerne in den Kommentaren hier auf Youtube wissen in welcher Form hättet ihr das gerne es gibt ja viele verschiedene Wege es gibt bildungsplattformen es gibt Bücher das ist auch etwas worüber wir überlegt haben und manchmal muss man eben das ist etwas es ist psychologisch verankert ein Mensch es gibt so viel kostenloses Wissen im Internet wenn jemand theoretisch daran interessiert ist einfach selber für sich zu lernen dann würde er jetzt heute wenn er auf unseren Podcast Schluss sagen okay ich hör mir jetzt jeden einzelnen Podcast an der mit self learning zu tun hat werde alles detailliert aufschreiben und daraus lernen machen das die Leute nein warum weil die Informationen kostenlos sind man kann es verschieben ich kann es dann machen ich kann es hier machen habe ich jetzt eine Dringlichkeit nein und ich würde sagen der einzige wirklich unabstreitbar positive Punkt bei allen bezahlten Kursen bezahlten Büchern bezahlten Bildungsplattform ist dass man ein Investment hat und wegen diesem Investment dazu getrieben ist und sich treiben lässt psychologisch wirklich Priorität zu geben zu lernen und selber für sich selbst etwas zu tun und wenn das erforderlich ist und wir sagen das ja auch offen und egal was wir machen werden wir werden es transparent kommunizieren wir sind Unternehmer wir hätten natürlich auch Interesse wenn es einen Weg gebe ein Mehrwert zu geben an dem wir auch monetär profitieren könnten das zu machen aber wir wollen in erster Linie etwas zurückgeben und in erster Linie einfach nur den Podcast tragen können spricht die Kosten die wir ausgeben den Kurs der WE und dann kann man sich erst Gedanken machen okay was kommt da darüber hinaus aber mit diesen Gedanken einfach ich dachte hey wir teilen die einfach mal mit euch würde ich euch gerne darum bitten lasst gerne in den Kommentaren wissen hättet ihr Bock auf dem Buch hättet ihr kein Problem mit einem Bildungsplattform weiß ich den Kurs lasst uns eure Meinung in den Kommentaren wissen und wenn ihr etwas seht was euch gefällt liked den Kommentar dann sehen wir das dann sehen wir ähm was eure Meinung ist wir haben da wie gesagt noch nichts Konkretes geplant das kannst du auch so unterschreiben nichts Konkretes geplant wir machen uns Gedanken und wir wollen eure Meinung hören und ja ja mal eine Frage die oft aufgekommen ist Kian denke ich die die viele Leute beschäftigt die wahrscheinlich diesen Weib auch mitkommt mitbekommen hier im deutschsprachigen Raum das eben nicht mehr alles sagbar ist zwar offiziell noch aber wenn das dann machst dann kannst du gecancel zensiert werden das Leute sagen habt ihr denn eigentlich keine Angst dass ihr das hat erstmal eine geschrieben wie die Tate Brothers also Tristan und Andrew Tate in dem Falle glaube ich im rumänischen Gefängnis sind sie gesessen und jetzt wieder draußen sind immer noch keine richtige Anklage erhoben worden aber das ist dass ihr auf jeden Fall mal zensiert wird zensiert werde ja nicht reicht die Frage mal an dich wie ist es bei dir eigentlich hast du [Musik] Angst vor Zensur oder ist es jedem etwas was du was dich beschäftigt also ich muss sagen umso größer unser Podcast wird muss man sich darüber bewusst sein dass umso mehr Dinge man aussprechen spricht vor allem in also in die ganz brenzlichen Themen das ist natürlich immer ein Angriffsvektor sein kann und eine Sache die uns der Fall Android und Tristan Tate gezeigt hat ist egal wie groß du bist sie können dich klein machen überlegt mal davor war dir der Gedanke wahrscheinlich auch bei allen Milliardären auf dieser Welt Elon Musk beispielsweise wenn du so groß bist dass ich jeder kennt dann können sie dich doch nicht einfach deformieren und ins Gefängnis stecken oder doch können sie egal wie viel Aufmerksamkeit da ist es gibt immer eine Möglichkeit jeden Menschen zu Belange jeder hat irgendwo irgendwann irgendwie irgendwas in seinem Keller liegen jeder Mensch auch wenn es lächerlich ist sie können das schon drehen und wenden wenn Sie das möchten um dich damit anzugreifen und das ist etwas wo ich früher dachte und das hat sich bei mir jetzt geändert in dieser Sache entrotate ich dachte wenn du groß genug bist wenn genug Leute davon erfahren dann geht das nicht dann beschützt dich quasi deine Bekanntheit davor unberecht behandelt zu werden es stimmt aber leider nicht mehr trotzdem es ist es ist schon eine Ebene an an ja Sicherheit zu wissen es gibt hier Leute die stehen hinter dir die verstehen dich das freut mich deshalb umso mehr aber sicher kann man sich am Ende des Tages nie sein wer weiß was passiert ne sicher nicht nee ähm weiß ich vielleicht ist es ähm keine Ahnung könnte man das sogar bei mir jetzt nur auf mich bezogen mit Leichtsinn schon irgendwie beschreiben weil ich habe schon immer einfach teilweise ich habe erst geschossen und dann habe ich nachgefragt also quasi wie wie man Englisch sagt shoot first as questionslator ja also erst schießen und dann Fragen stellen und das hat vielleicht teilweise auch dazu geführt dass es dann irgendwie ich in komischere Situation reinkam oder irgendwas passiert ist aber auf der anderen Seite ich meine nichts wird heutzutage höher geschätzt als Authenzität ja die meisten Menschen egal wo du hinschaust laufen mit einer Maske vor dem Gesicht rum ja ob sie jetzt in einer politischen Funktion sind das ins komplett alle ja alle spielen irgendeine Rolle vor mal hat heute so morgen so völlig egal wer zahlt gerade dessen dessen Meinung übernehme ich ähm und ich glaube das ist etwas was Leute ganz ganz innerlich in ihren in ihrem Herzen immer stärker vermissen ist dass Menschen authentisch sind und einfach das sagen was sie denken in einer Zeit wo jeder vorsichtig ist und seine Worte abwägt und darf man das noch sagen kann das noch so gesagt werden also wo der meinungskorridor obwohl man ja eigentlich sagt es gibt Meinungsfreiheit man sagt man sagt euch es gibt Meinungsfreiheit dann schiebt man aber den korrid gerade Sagbaren immer enger zusammen und sobald du mal deinen Kopf links und rechts nach draußen steckst und vielleicht ein bisschen was oh da wird sofort mit dem Zeigefinger der der Moral wird dann auf dich zugegangen und wir sehen das ja im politischen Spektrum wir sehen es überall wo Leute einfach fertig gemacht werden oder kommt einer und sagt vor 34 Jahren hat der mal das und das gesagt als Beispiel jetzt Hubert Aiwanger einen Politiker aus Bayern gerade wo irgendwelche Schulkameraden sagen vor 34 Jahren hat der scheinbar das und das gesagt und andere sagen wiederum er hat es nicht gesagt aber du stehst halt dann mit der Schlagzeile da es wird direkt über dich mit dem Kübel geschüttet und ja abschließend ich denke wir machen einfach so weiter ich sehe das fast schon wie soll ich sagen auf fast schon ein bisschen religiös ich meine damit aber nicht kirchengläubisch sondern wenn wir davon ausgehen dass es irgendeine höhere Macht gibt ja ob wir ihn jetzt lieben Gott Allah oder sonst irgendwas nennen ist wahrscheinlich sowieso alles die gleiche Entität ja die andere macht und wenn die uns unterstützt ja dann werden wir so lange weitermachen können wie wir weitermachen können und wenn nicht dann ist es halt so dann inshallah ja und Wünsche Allah ja so und und so ist es denke ich auch wir machen genauso weiter ja wenn sie uns irgendwann mal weghauen wenn sie uns zensieren dann ist es so ja aber wir gehen nicht auf Verdacht hin weil wir jetzt größer geworden sind und sagen oh jetzt müssen wir das alles bewahren jetzt jetzt vorsichtig jetzt dürfen wir die heißen Themen nicht mehr anfassen so geht's ja ganz viele Leute ne die sind erst kontrovers dann strecken sie ihren Kopf einfach ein bisschen hoch haben ein bisschen Erfolg und dann sagen sie sich uh jetzt Sicherheitsdenken jetzt nicht mehr kontrovers und verlieren dann auch die Leute weil die Leute sehen das ist nicht authentisch ja und ich will auch in Zukunft meine Meinung sagen und wenn ich denke dass hier einiges scheiße läuft dann spreche ich das so aus ja und auch wenn es andere Leute auf den Sack geht damit müssen wir leben damit muss ich leben damit müssen die Leben alles hat Konsequenzen und ich denke da haben wir uns beide wirklich gefunden weder der Kian noch ich haben ein Problem damit Kontroverse Dinge auszusprechen auch wissend in dem Moment wo wir sie aussprechen wird es Leute geben die die finden das total scheiße in dem Moment wo wir über die Ausschreitungen in Paris gesprochen haben und wer was wir denken was das für Hintergründe sind oder wo wir uns teilweise über den Islam geäußert haben oder andere Dinge in dem Moment egal in welche Richtung du jetzt argumentierst es wird immer Leute geben die sagen hat er nicht gesagt das kann er nicht oh oh ja so ist es halt aber deswegen sind wir wir und deswegen hören sich auch so viele Leute diesen Podcast an genau richtig gesagt Armen könnte ich jetzt an dieser Stelle du hast in Schale gesagt Armen ähm Freunde eine Sache die noch wichtig ist bevor wir das Ding jetzt hier unten machen und zu machen eine Sache die mir noch persönlich wichtig ist wenn wir Wege hätten das zu monetarisieren und da wirklich auch ein Taler über bleiben würde wir haben echt viele Ideen wir könnten ein Podcast stud aufrichten wir könnten mehr Podcasts mit Gästen haben wir könnten mehr in Personen Podcasts haben oder auch live Podcast mit einem Publikum das sind alles die Ideen aber bevor wir das alles angehen brauchen wir wirklich einen Weg wie wir das ganze hier stemmen können damit es nicht nur aus unserer eigenen Tasche fließt und wir haben da auch wirklich Bock deswegen wir antizipieren da wirklich eine Zukunft die noch mehr Möglichkeiten bietet und deswegen ja würden wir uns über eure Gedanken zu dem Thema auch freuen wie gesagt egal welchen Weg wir gehen sollten am Ende des Tages wenn es immer mit euch transparent besprechen und der Podcast wird so bleiben wie er ist Philipp auf auf weitere 1.000 Folgen Haus und Topf hosentopf forever und wie sagt das Rick and Morty da gibt's so einen das Ende der ersten Folge Leute blendet das jetzt ein bei den bei den Shorts die erstellt forever hast noch Saga everything hast du noch was abschließend zu sagen hat Spaß gemacht ist immer zwar soweit wir bereiten uns ja da auch vor teilweise dauert es auch länger einfach wenn du dich einarbeitest gerade kontroverse Themen willst du gut researchen damit du nicht irgendeinen kack rausplapperst deswegen es kostet Zeit aber es macht auch großen Spaß und es ist auch ganz wichtig das Feedback dass wir sehen von vielen jungen Leuten auch die hilf und planlos teilweise durch die Gesellschaft durchgehen dass die wirklich sagen hey Jungs hör zu ihr macht einen riesen Unterschied in meinem Leben ihr inspiriert mich ihr seid rollmodels ich kann mir da was abschauen das ist ganz ganz wichtig dass wir dass wir so eine Feedback auch bekommen und dass das auch so ist dass das motiviert einen auch weiterzumachen das hat mit Geld auch gar nichts zu tun sondern Menschen gerade in dieser Zeit große Unsicherheit auch in gewisser Weise die Fackel im Wind zu sein und die wir weiter hochhalten und sagen wir halten nicht die Schnauze wir werden weiterhin das sagen was wir denken wir werden weiterhin versuchen Leute die L Gemeinde sind die ähnliche Meinungen ähnliches mindset haben mitzunehmen ja dass wir alle Arm in Arm hier in der Entwicklung vorangehen als Menschen und das ist uns wichtig und da freue ich mich auf jeden Fall jetzt erstmal auf die nächsten 100 Folgen genau auf die nächsten 100 Folgen und eine Sache die vielleicht lustig wäre Philipp ich weiß ja aber das ist zu arg wenn wir das als clickbait benutzen das Ende von Hoss und Topf für diese Folge und die Leute denken oh nein das ist das Ende nein Freunde falls wir diesen Titel benutzt haben es ist nicht das Ende auf weitere 100-200 Folgen vielleicht benutzen ganz anderen Titel das an dieser Stelle Freunde freut mich freut Philipp wir sind mega glücklich darüber und natürlich ist es Arbeit und eine Sache die mit mehr Aufwand passieren wird umso erfolgreicher und mehr Leute diesen Podcast sehen wir werden uns mehr zu Aufgabe machen noch gründlicher die kontroversen Themen zu recherchieren da wird mehr Zeit noch reingesteckt weil dann wissen wir hey die Gefahr dass wir irgendwas aus plaudern wenn das so viele Leute sehen das wollen wir dann lieber umgehen dass wir da immer akkurate Daten oder Sachen wiedergeben machen wir natürlich so auch aber das wäre noch mehr Augenmerk drauflegen es kostet natürlich auch Zeit aber da sind wir dran so das war's Philipp auf die nächsten 100 Folgen auf die nächsten 100 Folgen ja bis bald schöne Woche euch ciao ciao",OK
HOPkvegg_8U,"Roms Legionäre – Ihre militärische Disziplin macht sie zu menschlichen Panzern.  Sie bezwingen ein Volk nach dem anderen und begründen eines der größten Imperien der Menschheitsgeschichte: Das Römische Reich!  Aber sind es allein die Kampfkünste der Legionäre, die sie so übermächtig machen?  Oder ihre handwerklichen Fähigkeiten? Denn römische Soldaten sind auch findige Baumeister. Nicht nur ihre Militärgeräte, auch ihre Befestigungen werden zum Schrecken der Gegner. Nirgendwo zeigt sich das so deutlich, wie bei Cäsars Kampf gegen die Gallier.  Welche Technologien sind es, die die Römer unschlagbar machen?   Als der römische Feldherr Julius Cäsar 58 vor Christus ins „barbarische“ Gallien einfällt, um es zu unterwerfen, hat er nicht nur zehn Legionen mit jeweils 5.000 Mann dabei.  Er führt auch Hunderte Geschütze mit, die ihm den Weg freischießen sollen.  Dazu zählen Katapulte, die schwere Steine und brennende Geschosse in die feindlichen Formationen schleudern und Panik auslösen. Es hageln aber auch dicke Pfeile auf die Gallier nieder. Abgeschossen von einer Art gigantischen Armbrust, den sogenannten „Skorpionen“.  Wie müssen diese Geschütze auf die „Barbaren“ gewirkt haben? „Man hörte nicht mal einen Schuss. Man kann sich in keinster Weise darauf vorbereiten. Also man hört ein Zischen allenfalls. Dann geht der Kampfgenosse neben einem zu Boden.  Man weiß gar nicht recht warum, ist angenagelt vielleicht an den nächsten Baum. Das muss enorm demoralisierend gewirkt haben.“ Historiker aus Erlangen haben die ausgeklügelten Geschütze der Römer nachgebaut. Allein ihre Bedienung erfordert bereits einiges an Know How, ganz zu schweigen von ihrer Reparatur. „Also störanfällig sind natürlich die Einzelteile in sich, aber auch der gesamte Spannapparat.  Ist es nämlich so, dass man einseitig entweder den oberen Teil der Buchse oder den unteren Teil der Buchse zu sehr anspannt, dann kann es sein, dass der Arm einseitig belastet wird.  Die Auswirkungen davon: Einmal ist es natürlich eine einseitige Belastung des Materials, es wird schneller kaputt gehen.  Auf der anderen Seite: die Zielgenauigkeit ist natürlich auch beeinträchtigt.  Die Geschützmannschaften, pro Geschütz ungefähr zehn, elf Mann, die waren darauf vorbereitet, die haben nichts anderes zu tun gehabt. Das war deren Profession.“ 500 dieser Geschütze und entsprechend viele Experten zu ihrer Bedienung hatte Cäsar zur Verfügung.  Bei richtiger Bedienung konnte jeder Skorpion bis zu sechs Pfeile pro Minute abfeuern. Ein Hagelfeuer, das auf die Gallier niederging. Warum aber sind gerade die Römer dazu in der Lage, ihre Gegner mit einer solchen Artillerie aufzureiben? Woher kamen die Ideen?  „Erfunden haben solche Geschütze die Römer nicht. Die Griechen waren wesentlich früher dabei.  Die Griechen sind überhaupt diejenigen, die diese Geschütztechnik auf die Spitze getrieben haben, hinsichtlich der Treffsicherheit, hinsichtlich der Weite.  Der römische Sinn war eher darauf aus, effektiv solche Geschütze in Masse vorzuhalten, damit man eben auch massive Beharkung des gegnerischen Raumes gewährleisten kann.  Gerade die Störanfälligkeit solcher Geschütze wollte man dadurch vermeiden, dass man immer wieder Material nachführen konnte, um solche Geschütze am besten auch noch im Feindesland wieder zu reparieren.“ Den Römern ging es also nicht um technische Raffinesse, sondern um Masse und Zuverlässigkeit.  Die Geschütze wurden so einfach wie möglich gehalten, damit gut ausgebildete Spezialisten sie mit stets vorrätigen Ersatzteilen schnell reparieren konnten.  Dadurch war Cäsar bestens für seinen mehrjährigen Feldzug durch Gallien gerüstet. Er ließ die Gallier bluten, bevor sie sich im Kampf wehren konnten.  Was aber taten die Römer, wenn sie durch die schiere Menschenmasse eines gigantischen gallischen Heeres drohten, überrannt zu werden? Cäsar hat Gallien schon so gut wie unterworfen. Da wagt ein gallischer Fürst einen letzten Versuch, die Römer doch noch zu vertreiben. Sein Name: Vercingetorix!  Er vereint die Kräfte vieler bislang zerstrittener Stämme und verbarrikadiert sich mit ihnen in Alesia, mitten im heutigen Frankreich.  Cäsar weiß, dass die Stadt – auf einer Anhöhe gelegen und von einer massiven Steinmauer umgeben – kaum einzunehmen ist.  Aber der General macht sich das handwerkliche Know How seiner Legionäre zunutze. In nur 25 Tagen bauen sie einen 15 Kilometer langen Belagerungsring um die Stadt.  Cäsar will die Gallier zur Kapitulation zwingen – oder verhungern lassen. Wie aber ist es möglich, dass die Römer in so kurzer Zeit eine so gewaltige Belagerungsmauer bauen?  „Römische Soldaten wissen was sie zu tun haben, wenn ihnen gesagt wird: Baut einen Belagerungsring. Also jeden Abend musste ein römischer Soldat ein Marschlager bauen.  Die Römer führten auf ihren Heerzügen auch ihr Handwerkszeug zum Lagerbau mit. Eine Allzweckwaffe in dieser Art war die sogenannte Dolabra.  Sie ist ganz klassisch aufgebaut, hat an einer Seite die Form einer Hacke, mit der der Graben ausgehoben wurde.  Die zweite Seite erinnert eher an einen Hammer, mit dem man Palisaden oder andere Dinge, Eisennägel eben einhammern könnte.  Also römische Soldaten sind Handwerker. Denen muss halt nur gesagt werden, was sie zu tun haben.“ Vercingetorix erkennt die Brisanz seiner Lage: Er entsendet noch vor Vollendung des Belagerungsrings Reiter, die ein gigantisches gallisches Heer versammeln  und Cäsars 50.000 Soldaten in den Rücken fallen sollen – mit Erfolg. Angeblich 320.000 Gallier schließen sich der Revolte an, viele davon zu Pferd.  Cäsar weiß, er wird sich bald einer zahlenmäßigen Übermacht an Kriegern gegenübersehen.  Er beschließt, noch einen zweiten Belagerungsring zu bauen – diesmal nach außen gerichtet.  Er soll die gallische Verstärkung abwehren. Aber die Römer bauen nicht einfach nur eine Mauer aus Holzpalisaden.  Vor dem Wall richten sie eine Art „Todesstreifen“ ein, gespickt mit antiken „Minen“.  Welche Fallen den gallischen Angreifern gestellt wurden, zeigt der Militärhistoriker Mike Loades an einem rekonstruierten Belagerungsring am Originalschauplatz: ""Direkt vor den Wällen waren diese Cippi befestigt. Sie sehen aus wie Geweihe, ein Kreuz und Quer von spitzen Ästen aller Größen.  Man kann sie natürlich rausreißen, aber das verlangsamt den Angriff. Die Bogenschützen und Speerwerfer können in aller Ruhe auf dich anlegen.  Vor dieser Verteidigungslinie lag so etwas wie ein Minenfeld mit Sprengfallen. Im Boden war dies vergraben.  Trat ein Krieger darauf, so bohrte sich der eiserne Daumen durch den Fuß und ein Widerhaken verhinderte, dass man ihn herausziehen konnte.  Die Männer würden vor Schmerz brüllen und wären unfähig weiterzukämpfen. Hier drunter versteckt sich ein Loch. Tritt ein Pferd hier drauf, bricht es sich das Bein.  Damit hat er Vercingetorix‘ beste Waffe, seine Kavallerie, entschärft. Um hier durchzukommen, musst du die Löcher füllen.  Du musst Pioniere schicken, um das Minenfeld zu entschärfen. Das hält extrem auf und die ganze Zeit stehst du zusätzlich unter Beschuss.  Vor all dem lag ein Graben und davor ein weiterer Graben.  Cäsar ließ nahegelegene Wassereinläufe eindämmen und füllte den Graben, sodass ein Sumpf entstand, rund um, über die ganzen fünfzehn Kilometer."" Wieder mal nutzen die Römer ihre handwerklichen Fähigkeiten, um sich für einen vermeintlich übermächtigen Gegner hochzurüsten. „Die einzelnen Dinge, die waren nicht neu. Also die Pfähle waren nicht neu, die vergrabenen Äste waren nicht neu, die Eisenhaken waren nicht neu.  Aber die Kombination ist der Situation eben angepasst und das ist, glaube ich, die enorme Leistung Cäsars, dass er das vermag.“ Es ist also die Mischung aus Handwerk und Strategie, die Cäsar für die Entscheidungsschlacht gut aufstellt.  Als das gallische Heer von beiden Seiten auf die Belagerungsringe zustürmt, bringt der Todesstreifen bereits zahlreiche Kämpfer zu Fall, bevor sie überhaupt an die Holzpalisaden gelangen.  Das bremst den Angriff deutlich ab und verschafft Cäsar die Zeit, seine Truppen dort zu konzentrieren, wo die Gallier durchzubrechen drohen.  Als die Galler schließlich eindringen, stößt Cäsar sie mit seiner Kavallerie wieder zurück.  Vercingetorix muss aufgeben und sich zurückziehen. Haben die Belagerungsringe Cäsar gerettet? „Die Art und Weise wie Cäsar vorgegangen ist, war sicherlich schlachtentscheidend.  Wenn es nicht gelingt eine Sicherung der eigenen Truppen zu erreichen, dann ist man schnell im Nachteil angesichts der geringeren Truppenzahl, die Cäsar zur Verfügung standen.“ Vercingetorix sieht ein, dass er gegen Cäsars effizienten Militärapparat nicht ankommt. Widerwillig muss er sich ergeben.  Cäsar hat es geschafft: Er hat den letzten Widerstand der Gallier gebrochen. Auch Gallien wird eine Provinz des Römischen Reichs.  Wie aber kann Cäsar sicherstellen, dass das ferne Rom die Kontrolle über das rebellische Volk bewahrt? Gallien ist erobert – aber wie bleibt es das auch? Rom ist weit weg von der Provinz und hat nicht vor, sein ganzes Heer dort zu stationieren.  Im Falle einer neuen Rebellion müssten also schnell Legionen anrücken können.  Aber solide Straßen, auf denen Truppen zügig vorankommen, gibt es in Gallien damals nicht. Nur Wege, die bei Regen und Schnee schnell unpassierbar werden. „Ein römischer Soldat schleppt ja nicht nur sich, sondern seine Rüstung mit sich rum.  Außerdem einen Teil seiner Verpflegung und auch das, was nachher für den Lagerbau wichtig war. Also gut und gerne hat der 50 Kilogramm mit sich rumzuschleppen.  Das geht nicht so gut, wenn man sich vorstellen kann bei der Witterung, nasse Straßen, überschwemmte Straßen, Matsch, überhaupt gar keine Straßen vorhanden.  Also damit kommt keine römische Legion gut vorwärts.“ Doch auch dieses Problem verstehen die römischen Legionäre handwerklich zu lösen. Sie bauen in Gallien ein Tausende Kilometer langes Straßennetz.  Für die Straßen schütten sie verschiedene Schichten aus Sand und Kieselsteinen übereinander, in denen Regenwasser versickern kann.  So bleibt die Oberfläche mit den großen stabilen Pflastersteinen trocken und gut passierbar.  Dieser Effekt wurde noch verstärkt durch eine leichte Wölbung der Straßen, die das Wasser auch zu den Seiten durch kleine Kanäle abfließen lässt. Ausgehend von der römischen Stadt Lugdunum, dem heutigen Lyon in Frankreich, durchziehen die Legionäre ganz Gallien mit fünf schnurgeraden Fernstraßen.  Auch Flüsse umgehen oder durchschwimmen sie nicht, sondern überwinden sie in Gallien wie in anderen Provinzen mit Steinbrücken –  so solide, dass manche noch heute in Gebrauch sind, wie die Brücke von Alcántara in Spanien. Fast 2000 Jahre später wird sie noch von Autos und LKWs befahren.  Das gesamte Römische Reich wird von einem modernen Verkehrsnetz erschlossen. Daher auch das Sprichwort:  Alle Wege führen nach Rom! Optimale Bedingungen für Truppenbewegungen, Kommunikation und Handel. Wenn es besonders schnell gehen muss, setzen die Römer zudem ihre Schiffe ein. Auch diese haben die Historiker aus Erlangen nachgebaut.  Mit ihnen konnten ganze Legionen in kürzester Zeit über Flüsse und das Mittelmeer in weit entfernte Regionen des Reichs gelangen – inklusive Verpflegung und Ersatzteilen für ihre Militärgeräte.  Auch hier beweisen die Legionäre ihre handwerkliche Effizienz: „Die Boote wurden in Schablonenbauweise gebaut. Sogenannte Mallen, das sind Schablonen, haben die Form des Bootes vorgegeben auf die gesamte Bootslänge.  Die wurden dann auf den schon befestigten Kiel aufgebracht. Die Planken wurden darum herumgebogen. Man schlägt dann diese Schablonen heraus.  Die Schablonen sind dann nochmal neu einsetzbar. So kann sich das semi-industriell eben weiter fortsetzen, bis man die Hundert Schiffe zur Verfügung hat.“ Da diese römischen Boote komplett aus Holz gebaut wurden, ohne einen einzigen Eisennagel, waren sie sehr leicht und schnell unterwegs.  Roms Legionäre – sie vereinen handwerkliches Geschick mit effizienter Organisation, um ihre Gegner technisch zu dominieren.  Generäle wie Cäsar, die diese Fähigkeiten strategisch klug einsetzten, haben Rom zu dem gemacht, was es war: eine Weltmacht! Welche römische Erfindung fasziniert dich am meisten? Schreibe es uns gerne in die Kommentare. Wenn du mehr über den Alltag in Rom wissen willst, haben wir dir hier ein Video verlinkt.",OK
cEp09710pUI,der Weltfußballverband FIFA hat den Präsidenten des spanischen Fußballverbandes Louis roubales am Samstag von seinem Amt zu spendiert unterdessen untersucht die Disziplinarkommission sein Verhalten beim Finale der Frauenfußball Weltmeisterschaft bei dem er eine Spielerin offenbar ohne deren Zustimmung geküsst hat die FIFA teilte mit das royales für mindestens 90 Tage von seinen Aufgaben im Fußball ausgeschlossen werde bis ein Disziplinarverfahren gegen ihn eröffnet werden Luis roviales hatte sich geweigert zurückzutreten er darf keinen Kontakt zu Jennifer hermoser aufnehmen probiales hatte Herr Mosel während der Siegerehrung auf den Mund geküsst der spanische Fußballverband hatte zuvor gedroht er muss so gegen Lügen und verlangen um dies untermauern veröffentlichte der verwandt Fotos die belegen sollen dass er muss so reales im Überstand des Jubels hochgehoben ihn an sich gezogen und dem Kuss zugestimmt haben soll,OK
ionSXAXTtOE,wenige Tage nach den verheerenden Überschwemmungen in Libyen suchen die Einsatzkräfte immer noch nach Leichen unter den Trümmern die Hoffnung noch Überlebende zu finden ist verschwindend gering inzwischen spricht die Verwaltung im Osten des Landes von über 5.000 Todesopfern der Bürgermeister der schwer betroffenen Küstenstadt Werner sagte im Sender alle Arabia dort könnte es bis zu 20.000 Tote geben na der Naru bisher 100.000 Menschen lebten brachen zwei Dämme die Wassermassen spülten ganze Stadtviertel ins Meer Berliner das ist die internationale Hilfe angelaufen jordanien hat am Mittwoch ein Flugzeug mit Hilfsgütern nach Libyen geschickt unterstützung kommt auch von anderen Ländern wie Deutschland die Europäische Union hat ihr katastrophenschutzverfahren aktiviert und koordiniert Hilfsangebote aus verschiedenen EU-Ländern ebenfalls ist ein Ende Vereinten Nationen vor Ort libyen hatte ein internationales Hilfe suchen gestellt der ich glaube Daniel der zuvor auch in Griechenland schwere Überschwemmungen verursacht hatte erreicht die lieben am Wochenende neben der sind andere Städte wie alle beide da Merch und Susa betroffen etwa 10.000 Menschen gelten als vermisst [Musik],OK
oqPWIMqsP9c,Donald Trump steht erneut vor Gericht diesmal muss ich der ex-os-präsident in einem Zivilprozess wegen Betrugsvorwürfen verantworten Trump soll über Jahre die Vermögenswerte seines immobilienimperiums aufgeblasen haben um an bessere Konditionen für Kredite und Versicherungen zu kommen meine Botschaft ist einfach egal wie mächtig sie sind egal wie viel Geld sie zu haben glauben niemand steht über dem Gesetz und es ist meine Verantwortung meine Pflicht und meine Aufgabe ist durchzusetzen das Gesetz ist mächtig und zerbrechlich zugleich und heute vor Gericht werden wir unseren Fall beweisen und die Gerechtigkeit wird siegen der zuständige Richter hat bereits vor Prozessbeginn geurteilt dass Trump die Vermögenswerte zu hoch angab und damit betrug beging in dem Gerichtsverfahren geht es nun um die Höhe der Strafe die generalstaatsanwältin fordert eine Geldstrafe in Höhe von 250 Millionen Dollar gegen Trump und dessen Familien Holding sie will außerdem dass der Ex-Präsident und seine beiden ältesten Söhne im Bundesstaat New York keine Unternehmen mehr leiten dürfen Trump weiß die Vorwürfe zurück und bezeichnet sie als politisch motiviert,OK
lXb0yJVIX2w,Belästigungen eine eigensinnige und provozierende Replik auf Belästigungen nicht nur aber auch und manchmal gerade in München von Michael Seiler jetzt hier auf Radio München letzte Hoffnung das nackte kleben das Theater das man aus unerfindlichen Gründen Politik nennt hat manchmal etwas Unwirkliches vor allem im Sommer und noch mehr im Rückblick z el kann ich mir nicht vorstellen weshalb und zu welchem Zweck sich jemand bei 30° in die pralle Sonne am Marienplatz stellt um sich von dem Typen der vor zwei Jahren sein überhebliches blecken auf Plakaten mit der Drohung Respekt für dich unterschreiben ließ als gefallener Engel aus der Hölle beschimpfen zu lassen abgesehen davon dass ein sogenannter Wahlkampf immer ein peinliches und entwürdigendes Schauspiel ist vor allem in Zeiten wie diesen wo zwar Wahlen stattfinden sollen man aber eine Wahl im Sinne konkurrierender Interessen Ideen und Lösungsansätze für gesellschaftliche Probleme in keiner Weise hat sondern bloß irgendeine vorgefertigte Namensliste ankreuzen darf um hinterher zu erfahren was alternativlos ist und wozu man folglich gezwungen werden muss abgesehen davon ist das Schimpfen selbstverständlich schon immer Bestandteil der Politik es gab große Meister dieser Disziplin die sich die Abwege en Bezeichnungen für ihre jeweiligen ideologischen Konkurrenten einfallen ließen vom Zitat herbert Wehner düffeldoffel bis zum Zitat Franz Josef Strau rotlackierten Faschisten es gab auch untalentierte paarvenüs wie Josef Fischer der die Bemerkung mit Verlaub herr Präsident sie sind ein Arschloch für originell oder frech hielt es gab ja aber auch etwas zum streiten weil damals egal wie vorgeformt von außen gesteuert inszeniert und korrupt der ganze Aufzug gewesen sein mag Parteien noch das waren was ihr Name besagt Vertreter der Interessen eines bestimmten teils lateinisch Paares der Bevölkerung dass der Boss nicht wollte was seine Arbeiter wollten weil man nun mal alles nur einmal verteilen und folglich den ausgebeuteten nicht geben kann was der Ausbeuter schon aufs Schweizer Nummernkonto verschafft hat das verstand sich von selbst folglich führten die Parteien der Bosse FDP und CDU CSU anderes im Sinn als die Partei der Arbeiter die aus nachvollziehbaren Gründen verbotene KPD sowie möglicherweise zeitweilig und jedenfalls angeblich die SPD es brauchte auch die niederbayerische Bäuerin anderes als der Industriekapitän der Straßenkehrer der bohemianische Künstler und die homöopathische Ärztin und deshalb waren solche Parteien möglicherweise irgendwann mal eine gute Idee ich bin davon nicht überzeugt aber das ist heute nicht das Thema weil wir das schon hatten und bestimmt bald wieder haben werden jedenfalls wurde gestritten und geschimpft von Repräsentanten in Parlamenten weil die dafür da waren und weil man so wenigstens verhindern konnte dass sich die Leute auf der Straße und in den Kneipen die Knüppel über die Scheitel zogen daher rührt übrigens ein populäres Missverständnis die Nazis fürchteten und verachteten Parlamente und schmähten sie als quatschbuden gerade weil darin gestritten wurde Streit im deutschen Volk indes wollten die Nazis nicht wenn es einen Konflikt gab hatte gefälligst der Führer zu entscheiden das Volk sich unterzuhaken und dem Führer zu gehorchen und gestritten wurde gegen den Feind den inneren wie den äußeren und zwar mit allen Mitteln auch weil undter schließt sich ein Kreis das mit dem unterhaken nur dann gescheit funktioniert wenn man jemanden findet den man zur Bedrohung aufbauschen kann weil er einen stören schädigen gar vernichten wolle heute sind Parlamente wenigstens in Deutschland tatsächlich zu quatschpuden degeneriert aber nicht weil dort gestritten würde im Gegenteil selbst wenn tatsächlich mal jemand etwas sagt was einem anderen nicht gefällt dann ist der andere im Zweifelsfalle gar nicht da weil meistens so gut wie überhaupt niemand da ist oder hat jedenfalls für das Gequatsche höchstens ein gänen übrig niemand fürchtet oder verachtet ein Parlament in dem nichts mehr stattfindet als gänende Lehre und konsentes Gequatsche wo es echte Konflikte gibt haben gefälligst die Führer zu entscheiden das vol sich unterzuhaken und den Führern zu gehorchen gestritten wird heute gegen den Feind den inneren wie den äußeren den Querdenker Ketzer und Abweichler hier den Russen und Chinesen dort der Kreis der sich da schließt ist 2023 kurioserweise der gleiche wie 1933 das gilt auch fürs schimpfen der und die Führer damals tobten hemmungslos gegen alles was sich vermeintlich oder tatsächlich ihren Absichten in den Weg stellte fanden dafür die absurdesten Begründungen teilten die Welt in Gut und Böse in Gläubige und Teufel schürten Angst vor den ab und außenseitigen trieben den Spaltkeil so tief in die Gesellschaft dass der entstandene Graben nicht mehr zu überbrücken war und gingen dann 8 Jahre später daran das unterhaken so ins Extrem zu eskalieren dass angesichts der absehbaren Kriegsniederlage nur noch das schlimmste Verbrechen der Menschheitsgeschichte übrig blieb die industrielle vernicht so vieler der erkorenen Gegner wie man bis zum unvermeidlichen eigenen Untergang zu vernichten imstande war soow weit vhmlosend gesagt sind wir nicht und soweit wird es wenn man ein Fitzelchen Vernunft als menschliche Eigenschaft auch kollektiv vermutet nie mehr kommen obwohl die westlichen Bemühungen um eine baldige übertreffung samt Weltuntergang unter dem Motto die Russen werden schon nicht soow weit gehen derzeit nicht zu übersehen sind höchstens für notorische junkys der Staatsmedien aber geschimpft wird trotzdem und das Modell ist das gleiche da sind die bösen sie sind gefallene Engel aus der Hölle bzw Verbrecher die sich Zitat Steinmeier nicht auf mildernde Umstände herausreden können bzw sowieso staatsdelegitimierer sind Ketzer kobidioten destabilisierer Blinddärme Erpresser Volksschädlinge und was da noch so an hetzvokabeln in der Gegend herum gespuckt wird die große Frage was kann eine Bevölkerung tun wenn ihre angeblichen Repräsentanten entweder so kriminell und verkommen oder so verzweifelt und hysterisch oder beides zusammen sind dass ihnen nichts mehr einfällt als eben diese Bevölkerung oder wenigstens ein Viertel davon Tendenz schnell steigend hemmungslos zu beschimpfen um sie auf Linie zu trimmen für diese Frage spielt es tatsächlich eine gewisse Rolle ob dies oder das wenn wir es mit wnverbrechern vom Schlage Hitler göppels himler zu tun haben ist die Sache aussichtslos solche Figuren wissen dass sie scheitern und untergehen werden und eine möglicherweise typisch deutsche massendynamik sorgt zuverlässig dafür dass sie alles um sich herum mitreißen wir können doch nicht unsere Engel so ganz allein in die Hölle hinabfallen lassen oder so ähnlich ich habe kein großes Talent für religiöse Fantasie und Warenwelten die Untaten der Scholz bärbock habbeck fäser Steinmeier Bande mögen welthistorisch eine gewisse Bedeutung haben sehr wahrscheinlich ich kann mich irren sind sie jedoch nicht annähernd vom Kaliber dessen was die hitlerbande angerichtet hat selbst Mussolini beiden blinken Sivan Nuland und Pelosi können diese schrägen gestalten mit ihren hassvergniffenen leergesichtern wohl kaum das Wasser reichen das macht sie ih des nicht ungefährlich vor allem wenn man bedenkt dass die letzt genannten ja ohne Zweifel als ihre Vordenker und befehlsh aber agieren und im Zweifelsfall das Sagen haben und haben werden wenn die Verschwörungstheorie zutrifft dass die ab Oktober anstehenden neurlichen coronamaßnahmen in den USA vor allem dem Ziel dienen die nächste Präsidentschaftswahl auf brieflichem Wege zu manipulieren um diese Gestalten im Amt zu halten dass sie vom Gefängnis aus nicht ausüben könnten aber das ist wiederum eine andere Geschichte über die man diskutieren mag wenn es soweit ist also was tun oder um die Frage mit etwas mehr historischer Bedeutung aufzuladen wie werden wir diese unfähigen gefährlichen und offensichtlich irren Herrscher los ich bin in verspäteter Sommerlaune und möchte deswegen empfehlen was die rebellische deutsche Jugend derzeit unternimmt um einen neuen euroticket und ähnliche vernachlässigenswerte Kraft durch freudewohltaten herbeizuführen kleben aber nicht etwa uns selbst auf irgendwelche Straßen wir sollten viel mehr alles andere kleben und zwar an in um und mit allem verkleben was es nur gibt ein ganzes Land in pappige Zuckerwatte ein Zucker wartieren und sobald es einer schafft sich trotzdem auf eine Bühne zu schwingen und den Mund zu öffnen um irgendwas voranzutreiben wird er zu und festgeklebt und wir gehen der weil noch ein paar Tage zum baden nackt damit uns die zuckerwte nicht erwischt weil wir ja nichts Böses und eigentlich überhaupt nichts wollen außerdem was mal hatten oder gerade noch so haben und dann wenn der Herbst wirklich kommt und die wabernde wummernde sich windende und wimmelnde zuckerwattenvagenbande daherkommt und irgendwas von uns will wahen Waffen unterhaken Masken was auch immer dann lachen wir den ganzen schmalen ganz einfach weg weil wir nämlich den Radio den Fernseher das durchzensierte Internet und die zeitungsausgabekästen der Staatsmedien ebenfalls zugeklebt haben und dann nichts mehr herauskommt als ein dumpfes bluppern und wenn der nächste Frühling kommt was er tun wird weil die Kasernen und Waffenfabriken zugeklebt sind dann tanzen wir nackt auf den Straßen und sehen den Kaiser nicht mehr das waren Michael Seilers Belästigungen jeden ersten Freitag im Monat um 15:30 Uhr und um 1830 Uhr und dann Montags darauf um 8 Uhr früh nachzuhören auf unserer Homepage radiomünchen.net und nachzulesen auf [Musik] seilersblog.de,OK
ucL_moDFo1o,"[Musik] NachDenkSeiten die kritische website sinkende Erzeugerpreise Ende der Inflation oder Zeichen der Rezession von Jens Berger gestern vermeldete das Statistische Bundesamt den höchsten jemals beobachteten Rückgang der Erzeugerpreise die Preise gewerblicher Produkte sind gegenüber dem Vorjahr um ganze 12,6% gesunken gemeinhin gelten die Erzeugerpreise als früh Indikator für die Verbraucherpreise umgangssprachlich meist als Inflation bezeichnet wer das Sinken der Erzeugerpreise nun als erfolgsbeleg für die Zinspolitik der EZB und als Zeichen für ein Ende der Krise sieht der täuscht sich auf ganzer Ebene das Gegenteil ist der Fall und sollte die EZB nicht schleunigst ihre fatale Zinspolitik revidieren droht dem Land eine tiefe Rezession was bedeutet es eigentlich wenn die Erzeugerpreise steigen oder sinken vereinfacht könnte man die Erzeugerpreise auch als die Einkaufskosten von Unternehmen bezeichnen dazu zählen beispielsweise die Energiekosten aber auch die Kosten für Rohstoffe und Vorprodukte für eine Keksfabrik sind dies beispielsweise vor allem Stromkosten und die Kosten für Getreide Schokolade und Zucker wenn dieser Einkaufspreise steigen steht der keksfabrikant vor einem Problem da er künftig weniger verdient wenn er selbst den Verkaufspreis seiner Kekse nicht anhebt gemeinhin werden die Erzeugerpreise daher auch als früher Indikator für die Verbraucherpreise gesehen die Verbraucherpreise geben wie der Name schon sagt nämlich den Preis für Endprodukte an die vom Verbraucher gekauft werden also in unserem Beispiel für den Preis für eine Packung Kekse umgangssprachlich wird die Entwicklung der Verbraucherpreise Inflation genannt freilich gibt es einen Zusammenhang zwischen Erzeuger und Verbraucherpreisen wenn auch nicht eins zu eins zum einen machen die Kosten für Rohstoffe und Vorprodukte natürlich nur einen Teil der Gesamtkosten und erst recht der Endpreise aus je nach Branche und Produkt können die Kosten für Arbeit Kredite Verwaltung und Vertrieb Marketing Transport und so weiter eine deutlich höheren Anteil als die Kosten für Rohstoffe und Vorprodukte ausmachen und am Ende ist die Preispolitik immer noch eine unternehmerische Entscheidung bei der Markt- und Strategien eine Rolle spielen befindet sich unser keksfabrikant beispielsweise in harter Konkurrenz zu anderen keksfabrikanten wird er womöglich seine Endkundenpreise gar nicht erhöhen um keine Marktanteile zu verlieren sind bei ihm die Fixkosten besonders Hochwert er darauf achten seine Produktionskapazitäten auszulasten sei es zum Preis Denkmal dies alles sollte man im Hinterkopf haben wenn man sich die aktuelle Entwicklung der Erzeugerpreise vor Augen hält schaut man sich die einzelnen Faktoren näher an ergibt sich nämlich ein zwiespältiges Bild zum einen war der haupttreiber des Rückgangs natürlich der sinkende Preis für Energie sinken ja wenn man die Entwicklung im Jahresvergleich betrachtet hier sind die die Kosten der Hersteller gewerblicher Produkte tatsächlich um 31,9% gegenüber dem August 2022 dem Monat mit dem historisch höchsten Energiepreisen gesunken um das in Relation zu setzen vor einem Jahr meldete das Statistische Bundesamt mit 45,8 Prozent den historisch höchsten Anstieg der Erzeugerpreise bei dem die Energiepreise mit einer Preissteigerung von 139% der haupttreiber war Bezug für diese Zahlen ist ebenfalls der Vorjahresmonat also hier der August 2021 bezogen auf den August 2021 sind die aktuellen Energiepreise um 62,8% gestiegen was das Statistische Bundesamt gestern als Rückgang vermeldet ist also auf den sogenannten basis-effekt zurückzuführen da der Monat mit den historisch höchsten Preisen als Basis verwendet wird kann man einen Rückgang beobachten im Vergleich zum Zeitraum vor der Krise sind die Einkaufspreise jedoch massiv gestiegen kann man den energiepreiseffekt noch Verhalten etwas Positives abgewinnen sieht es bei anderen Faktoren düster aus die größten Rückgänge konnten die Statistiker bei Metallen minus 10,8% Betonstahl -35,5% und Holz - 23,4% jeweils in Bezug auf den Vorjahresmonat feststellen diese sind die Rohstoffe für klassische Investitionsgüter aus dem Bausektor und hier hat der Preisrückgang vor allem etwas mit der Lahme den Nachfrage zu tun im Juni Beklagte bereits jedes zweite Unternehmen im Wohnungsbau laut einer Untersuchung des ifo-Instituts einen Auftragsmangel es baut sich ein Sturm zusammen so der für die Umfrage zuständige Mitarbeiter des ifo-institutsgrund dafür seien neben den gestiegenen Baukosten vor allem die deutlich gestiegenen Zinsen bauen ist zu teuer geworden noch kann die Branche Aufträge abarbeiten aber neue Aufträge sind Mangelware das ist auch der Grund für die deutlich gesunkenen Erzeugerpreise für Betonstahl und Holz wenn die Nachfrage einbricht müssen die Anbieter die Preise senken das ist gesamtwirtschaftlich ein fatales Signal ähnlich verhält es sich mit den Auftragseingängen in der deutschen Industrie dazu hat heiner Flassbeck einen verlinkten sehr lesenswerten Text geschrieben rechnet man die oft im Zusammenhang mit der Rüstungsindustrie stehenden Großaufträge hinaus ergibt sich ein klarer Abwärtstrend der sich vor allem seit der Zinswende der EZB im Juli 2022 deutlich verstärkt hat die hohen Energiepreise Schwächen die Wirtschaft die Zinspolitik der EZB gibt ihr den Todesstoß nach dem Selbstverständnis der EZB dient die Zinspolitik vor allem der Gewährleistung der Preisstabilität Wirtschaftswachstum und die Schaffung von Arbeitsplätzen sieht die EZB eher als Aufgabe der Politik und hier sind wir beim Kernprobleme in den Lehrbüchern heißt es das steigende Zinsen helfen könnten ein Überhitzen der Konjunktur zu verhindern das ist ja schön und gut aber von einem überhitzen ist die derzeitige Konjunktur wirklich durch Meilen weit entfernt Deutschland steckt sogar offiziell seit Beginn des Jahres in einer Rezession gemäß den Lehrbüchern müsste man in dieser Situation die Zinsen nicht etwa erhöhen sondern ganz im Gegenteil senken günstigere Zinsen fördern schließlich die Investitionen und Investitionen kommen die Wirtschaft an wenn sich die EZB aber nur der Preisstabilität und nicht der gesamtwirtschaftlichen Entwicklung verpflichtet wird spielen derlei Überlegungen keine Rolle die EZB verhält sich in der jetzigen Situation viel mehr wie eine schlecht programmierte KI und Staat nur auf die Verbraucherpreise und die liegen mit einer Steigerung von 5% in der Eurozone nun einmal über der von der EZB definierten Zielmarke von zwei Prozent also erhöht man die Zinsen um die Teuerung nach unten zu korrigieren das ist weder in der Theorie noch in der Praxis zielführend zumal die zugrunde liegende Analyse Apriori falsch ist schließlich haben wir es mit einer durch die boomende Wirtschaft angefeuerten Lohn Spirale zu tun bei der die Arbeitnehmer aufgrund exzellenter Rahmenbedingungen höhere Löhne durchsetzen und damit die Preise nach oben treiben was abermals zu Lohnerhöhungen führt was hier zur Zeit zu beobachten ist ist vielmehr ein preisschauk aufgrund der im letzten Jahr explosionsartig gestiegenen Energiepreise die Zinserhöhungen der EZB führten nicht zu Preissenkungen sondern zu weiteren Preissteigerungen die EZB agiert wie ein Busfahrer der mit seinem Gefährt auf einem Bahnübergang steht den herannahenden Zug bereits hört und statt auf das Gas permanent auf das Bremspedal tritt jede weitere Zinserhöhung verschlimmert die Lage am Ende droht die stark flation also eine wirtschaftliche Stagnation mit gleichzeitig erhöhter Inflation und einer hohen Arbeitslosigkeit dies ließe sich noch abwenden wenn die EZB eine Zinswende von der Zinswende verkünden und die Zinsen schnellstmöglich wieder senken würden aber das ist leider unwahrscheinlich [Musik] dieses Audio konnte nur entstehen weil zahlreiche Leser und Leserinnen die NachDenkSeiten fördern und durch Spenden unterstützen wenn sie auch etwas tun wollen klicken Sie einfach den entsprechenden Button auf unserer Website an übrigens sie können uns auch bei iTunes Soundcloud und Youtube hören und wenn Sie mögen gerne unseren Kanal abonnieren und eine positive Bewertung für uns abgeben wir freuen uns über Ihre Unterstützung und die Weiterverbreitung unserer Inhalte [Musik]",OK
ToA1LG3VxeQ,in der argentinischen Provinz Profi während sich indigene Gemeinschaften seit mehr als zehn Jahren gegen den Abbau von Lithium dem leichtesten Metall auf der Erde an der Rute 52 die im Norden Argentiniens auf 3.500 Metern Höhe durch eine einsame trockene Landschaft führt haben bewohnende der umliegenden Orte ein Protestcamp errichtet dahinter erstreckt sich unter blauem Himmel schneeweiß die salzwiesste Salinas Grandes die Argentinien zu seinen sieben Naturwundern zählt [Musik] Europa was Deutschland so dringt für seine Energiewende benötigt diktier unter der Erde Lithium um den CO2-Ausstoß zu verringern hat die EU dieses Jahr das weitgehende aus für verbrennerautos bis 2035 besiegelt bis 2030 sollen allein in Deutschland 15 Millionen Elektroautos fahren die Schnitt sind pro Fahrzeug rund 8 kg Munition nötig die argentinische Provinz liegt im sogenannten lithiumdreieck das Argentinien mit den Nachbarländern Chile und Bolivien bildet mehr als die Hälfte der weltweiten Lithium vorkommen sollen hier liegen [Musik] [Musik] [Musik] seit 13 Jahren werden sich die umliegenden Gemeinschaften gegen ein Lied zum Abbau und Salinas Grandes sie protestieren mit Demonstration und Straßenblockaden auch in der argentinischen Hauptstadt Buenos Aires wird demonstriert [Musik] [Musik] war bislang so gut wie unsichtbar und sozialen Frieden zu gewährleisten schränkt die neue Provinz Verfassung in das Recht auf Demonstration ein Straßenblockaden sind verboten tausende Menschen gingen gegen die Reform auf die Straße die Proteste eskalierten Fahrzeuge brannten teilnehmende und Polizistinnen gerieten aneinander die Polizei setzte Schlagstöcke und Gummi Geschosse ein Video [Musik] [Musik] no no no no no no noviz Menschen von Bedrohungen und unrechtmäßigen Hausdurchsuchungen ihre Namen wollen sie auch Angst vor Repressionen oft lieber nicht nennen dennoch protestieren sie weiter,OK
de45kIKK3rk,wir sind ja in einer Art Zeitalter der Spaltungen der Entwurzelung der Orientierungslosigkeit der anti-vernunft ja so satanische Sozialexperiment wie auch immer man das jetzt nennen möchte und wir sehen dass dieses System was für viele nicht so richtig gereifbar ist arbeitet und zwar von Generation zu Generation und ja ich würde gerne um das Thema wirklich gut ins Thema reinzukommen ich würde gerne mal zwei Zitate Vorlesen weil besser könnte es auch nicht auf den Punkt bringen das eine Zitat das stammt aus zwei Büchern der Anastasia Buchreihe vielleicht kennt der ein oder andere diese diese Bücher kann ich sehr empfehlen sind zehn Bände und ich werde jetzt mal was daraus vorlesen wo es genau um dieses Thema geht dieses Themen indem wir uns befinden und ich denke mal das muss man erstmal nur auf sich wirken lassen und vorabgleich schon mal auf der wichtige Schlüsselsatz wir müssen nicht dass es wir müssen nicht aus dem System raus wie das immer so viele propagieren ja wir müssen irgendwie auswandern oder so sondern das System muss aus uns raus aus unserem Bewusstsein wenn wir das verstanden haben dann haben wir den Schlüssel in der Hand dafür müssen wir aber erstmal verstehen wie arbeitet dieses System wir haben wir uns als wir in dieses System hineingeboren wurden das war ja schon existent bevor wir sozusagen hergekommen sind wie wurden wir von diesem System vereinnahmt so das würde ich jetzt gerne mal hier einmal aus zwei Bänden einmal aus Band 3 und aus Band 7 aus der Anastasia Buchreihe also diejenigen die das kennen sollten werden Sie vielleicht jetzt noch mal erinnern möchte ich einfach nur mal vorlesen und diesmal auf sich wirken lassen und zwar steht da folgendes von Geburt an lernt der Mensch nicht auf sein Herz und seine Seele zu hören sondern sich dem System unterzuordnen immer schön anpassen so geht das nun schon seit vielen Jahrhunderten mit dem Ergebnis dass der menschlichen Seele keine Erleuchtung beschrieben ist das System erlaubt es den Menschen nicht sich zu voller Schönheit zu entfalten der Herrscher des Universums ist zum Sklaven seines eigenen Systems geworden man sollte Kindern ihre Entwicklung nicht stören und sie sich so vorstellen wie Gott sie haben will die richten Kräfte des Universums sind bestrebt jedes Neugeborene mit den besten auszustatten was der Kosmos zu bieten hat die Verantwortung der Eltern besteht darin das Kind nicht durch allwissende menschengemachte Dokument vom Licht der kosmischen Weisheit und Kreativität abzuschneiden seit Jahrhunderten streiten sich die Menschen welches System der Kinderpflege und Erziehung das Beste sei wie alle anderen Kinder unterdrückst du im Glauben an das Wohlwollen deiner Eltern immer öfter deinen eigenen Willen und die gleichen Empfindungen des Zwangs und der Gewalt die du in deiner Kindheit gemacht hast verfolgen dich jetzt dein ganzes Leben und können sich durchaus in deinen Kindern fortsetzen wie alle anderen Kinder besuchte es auch du die Schule dort erzählte man dir der Mensch stamme vom Affen ab und sei daher ein primitives Tier in seiner Dummheit habe er sogar an einen Gott geglaubt doch jetzt sei alles anders du lerntest das ist nur einen wahren Herrscher gebe und der sei vom Volk gewählt worden das ganze System verlangte dass jeder die gleichen Bestrebungen hatte damit es selbst bestehen konnte und so wurde dir innerlich gebrochen längst hast du Gewalt als Lebensprinzip akzeptiert und diese Gewalt lässt du auch über deine Kinder hereinbrechen im Laufe der Jahrtausende hat ein System das andere abgewechselt aber sie alle hatten nur ein Ziel dich den Herrscher und weißen Schöpfer zu einem seelenlosen Sklaven zu machen dabei bedient sich das System immer der gleichen Mittel der Eltern und der sogenannten weisen Lehrer und Erzieher die zu seinen willigen Dienern werden irgendwann bringt es dann neue leeren hervor und so wird ein neues System geboren wenn du aber nur ein wenig hinter die Fassade schaust wirst du entdecken dass ihm das gleiche alte Bestreben zugrunde liegt dich von Gott zu trennen und dich zu zwingen zum Nutzen des Systems zu leben und zu arbeiten darin besteht der ganze Sinn und Zweck dieses Systems das war jetzt aus Band 3 Anastasia jetzt geht's noch mal zum Thema der Erschaffer des Systems das ist jetzt noch ein kurzeres Zitat aus Band 7 da geht es um folgendes es konnte nur ein Wesen mit gleicher Gedankenkraft schaffen den Menschen vom rechten Weg abzubringen der Mensch selbst die Priester lenken die Entwicklung der Menschen auf den Weg der Degradierung um sie nahmen sich fest vor Gott ihre Fähigkeit zu beweisen die ganze Welt zu regieren die Qualen und das Stöhnen der Menschen sollten Gott dazu bringen sich auf einen Dialog mit ihnen einzulassen das war ihr Plan denn sie wussten Gott führt keine Dialoge und greift nicht in die Schicksale der Menschen ein die Menschen wählen ihre Lebenswege und bestimmen ihre Schicksale selbst wenn es ihnen gelingt die Menschheit an den Rand des Abgrundes zu führen dann wird Gott möglicherweise einen Dialog mit den Anführern unzerstörern der menschlichen Psyche beginnen um den bevorstehenden Absturz zu verhindern um seine Schöpfungen zu retten wird er unter Umständen sein Schweigen brechen es vergingen Jahrtausende doch die priesterwarteten vergeblich auf ihren Dialog mit Gott hätte er gehandelt und sich in die Entwicklung der Menschheit eingemischt würde Gott die Mutmaßungen verschiedener Wesen im Weltall der Mensch sei eine unvollkommene Schöpfung nur bestätigen noch schlimmer sein Eingriff würde den Menschen des würde den Glauben des Menschen an sich selbst endgültig zerstören der Mensch würde die Entdeckung seines göttlichen Ursprungs endgültig aufgeben und nur noch auf die Hilfe von oben warten also die klassische erlernte Hilflosigkeit und das ganze Interview kostenfrei weiterzuschauen Besucher einfach diese Website an frieden.de oder klicke auf den Link in der Beschreibung,OK
XrBc-gCs_pU,also Meditation hat mir halt geholfen immer zentriert und immer geerdet zu sein ich habe relativ schnell gemerkt wenn ich nicht täglich meditiere dann falle ich in so alte konditionierte Muster hinein beispielsweise in Faulheit oder schlechte Essensgewohnheiten oder eben dass sich so in so eine Aufschieberitis gelangen dass ich halt Sachen nicht gebacken bekommen und da wurde mir dann relativ schnell klar wie effektiv Meditation ist wenn man es wirklich täglich praktiziert und das die Meditation nicht so zu sagen wirkt wenn ich mich hinsetze die Augen schließt und dann in einer anderen Fähre bin sondern diese Übung die ich durch diese bewusste Haltung durch dieses zentrieren durch dieses erdenkultivierender Meditationsübung diese Früchte nehme ich mit in meinen Alltag und kann da mit klarem Bewusstsein mit einem klaren Verstand mit einer klaren Geiste Erhaltung jede meiner Entscheidungen ganz bewusst wählen und bin nicht sozusagen Opfer meiner konditionierten Muster und so konnte ich dann quasi systematisch überwinden dass sich gute Noten schreibt dass ich Vollgas geben kann in meinem Studium dass ich ja gute Essensgewohnheiten Aufbau dass ich noch mehr Energie in meinem Alltag habe und all das hat sich ja summiert und potenziert und dann kam ja dieses ganze Projekt mit haja mein mit dazu dass ich dann so parallel zum Studium noch mit aufgebaut habe und ja diese ganze Energie kam ja nicht einfach von diesen alten negativen Gewohnheiten die ich so hat in meinem Leben weil ja ich bin in einer relativ unbewussten in einem unbewussten Freundeskreis aufgewachsen da ging es oftmals um andere Themen als um Gas geben im Leben sondern da standen andere Dinge wie Alkohol trinken und so weiter halt im Vordergrund was man halt so als Jugendlicher oder junge Erwachsener so macht oder Party und so ja und da bin ich halt dann total aus dem rausgewachsen und konnte halt dann sehen so hey was richte ich eigentlich in mein Leben an wenn ich in diesen unbewussten Mustern bleibe so ich will da nicht bleiben ich möchte meine eigene Verantwortung in meine Hände nehmen und mein Leben kreieren mein Wunschleben kreieren mein Traumleben kreieren und Meditation ist ein wichtiges Werkzeug um eben genau diesen Weg dazu zu ermöglichen um das ganze Interview kostenfrei weiter zu schauen Besuche einfach diese Website an frieden.de oder klicke auf den Link in der Beschreibung,OK
oo_3bfwr51w,wir sind ein paar tausend Jahre immer unbewusster geworden immer dunkler immer dunkler und irgendwann ist der Wendepunkt erreicht und dann werden wir bewusster das ist ganz natürlich so ist immer so und irgendwann geht es auch wieder ins Dunkle runter aber über mehrere Jahre mehrere tausend Jahre also könnte irgendwann auch für mich der Punkt gekommen sein wo es dann sich einfach ändert und das war ziemlich zügig weil wir in einer Zeit sind wo der Wandel stattfindet wirklich stattfindet also er hat begonnen vor keine Ahnung wie vielen Jahren vielleicht vor 100-200 Jahren war ja nämlich vorsichtig langsam beginnt und dann irgendwann exponentiell ansteigt [Musik] hey hallo zusammen herzlich willkommen zu einem weiteren Interview mein Gast heute Stefan Meyer bewusstseinslehrers ja es ist sehr sehr spannend über diese Themen die wir heute reden werden lesen im Bewusstseinsfeld überhaupt was ist das Bewusstseinsfeld natürlich werden wir die aktuelle Zeit ansprechen und auch ein bisschen Stefans Weg denn es ist ja gerade jetzt eine Zeit in der viele ja den Weg zu sich selbst gehen und manche müssen ihm gehen so wie du lieber Stefan du wurdest vor ein paar Jahren vom Universum dazu gezwungen deine Beine haben gesagt jetzt Stopp jetzt gehst du deinen eigenen Weg so geht's nicht weiter vielleicht magst Du kurz vielleicht mal drauf eingehen aber erstmal die Frage wie geht's dir ja Felix hallo an alle heute geht es mir sehr gut ich habe einen Weg hinter mir der jetzt wirklich so elf Jahre gute elf Jahre andauert mein spiritueller Weg der ist aus dem Nichts gestartet und heute bin ich an einem Punkt wo ich mich sehr wohl fühle mit mir selbst ich habe immer noch Aufgaben es gibt immer noch Herausforderungen Themen die ich zu lösen habe lernen Aufgaben aber ich habe mich im Laufe der Zeit wirklich an einen Punkt entwickelt auf einen Plateau mich entwickeln dürfen wo es gut ist und das kann ich schon mal als erstes das Interviews sagen es ist definitiv möglich denn nehme ich mal gleich deine Frage auf ich komme von ganz woanders her ich war ein ganz klassischer Kopf Mensch ich wollte Karriere machen ich habe Wirtschaftsingenieurwesen studiert ich wollte in der Wirtschaft arbeiten Geld verdienen in Firmenwagen haben und dann hat mein Leben nicht gestoppt und wirklich von heute von jetzt auf gleich von einer Sekunde auf die andere hat mein Bein geschmerzt überhalb des Sprunggelenkes das war so stark als ob es gebrochen war ich war im Krankenhaus habe mich untersuchen lassen keiner hat eine Ursache gefunden ich wusste nichts von Spiritualität ich wusste nichts von alternativer Medizin Alternativen Informationen ich wusste gar nichts und hatte dann große Sorgen weil nach drei Wochen ist das gleiche noch mal passiert ich lag zu Hause mit Schmerzen in dem rechten Bein und dann auf einmal zack aus dem Nichts im linken Bein genau das gleiche als ob ich mir im Liegen das Bein gebrochen hätte so und so ging mein Weg los ich habe dann versucht dafür eine Lösung zu finden weil die Ärzte gesagt haben hier da ist nichts organisch es war ein riesige Schmerzen ich konnte nicht laufen also muss ich dann was finden habe erstmal den Job gewechselt weil ich dachte vielleicht hängt da dran hat irgendwie versucht im Außen was zu verändern und bin dann irgendwann zu einem Workshop gekommen ja der mein Leben verändert hat und der mich da in die Spiritualität reingeführt hat ich wollte es nicht war nicht aktiv gewählt aber es war nicht anders möglich durch Schmerz durch leid bin ich da auf meinen Weg gekommen was meinst du was ist das gerade für eine krasse Zeit in der so Menschen wie du die voll in der Materie leben und diese Ziele haben plötzlich so auf diesen Spielteil weggebracht werden und dann da auch so drin aufgehen also ich meine das ist ja unglaublich wenn man sagt elf Jahre ist jetzt keine große Zeit fühlt sich das jetzt so an als wäre das etwas was du auf jeden Fall machen musstest war das auch eine Art Erwachen oder wie wie nimmst du das jetzt war dass das dass das sich so gefügt hat man kann diese ganzen fast alle Fragen die wir uns die wir so haben oder alle Themen die man anschauen kann kann man auf unterschiedlichen Ebenen betrachten man könnte jetzt hier sagen auf einer etwas unteren Ebene rein menschlich betrachtet hat dieser Weg von Stefan das war nicht der wahrhaftige Weg es war einfach etwas aus dem Kopf etwas ausgedacht ist etwas aus sorgen aus Ängsten aus etwas übernommenen vom Vater von dem Bruder und aus früheren daneben hat es sich dahin kanalisiert dass ich meine das wäre mein Weg und um den zu gehen und die Natürlichkeit des Leben hat irgendwann gesagt nein das ist nicht wahr es hat quasi aufgrund einer gewissen Energieerhöhung die auf der Erde stattfindet eine Art Bundle ist irgendwann die Energie wie durchgebrochen zu mir und hat mir quasi unmissverständlich klar gemacht du gehst einen Weg der nicht deiner ist Stopp über ein starkes Symbol die Beine funktionieren nicht mehr der Körper spricht ja symbolhaft oder das Leben spricht symbolhaft zu uns das wäre eine Ebene also du gehst nicht deinen Weg Stopp kein Schritt weiter eine höhere Ebene könnte man auch sagen ja es gab diesen Seelenplan wo klar war du kommst hier auf die Erde du bist erstmal drin in der Materie es geht darum hier etwas zu verändern erstmal für das Wesen persönlich was ich bin und dann geht es auch darum dass ich für die Erde komplett etwas verändert und wenn man wirklich was verändern möchte ist es gut wenn man das kennt woraus man sich heraus entwickeln möchte also bin ich erstmal 28 Jahre rein in diese Geschichte um sie wirklich zu kennen weil ich kenne das ich weiß wie es ist wenn man Sachen hinterher läuft ich weiß wie es ist wenn man Alkohol trinkt wenn man sich nicht so gesund ernährt ich kenne diese ganzen Dinge und dann auf einmal Wurm ging es aber auch das Potential also könnte man auch sagen es ist ein seelenweg und auf eine noch höheren Ebene würde ich sagen alles läuft in gewissen Zyklen ab also so wie sich das Sonnensystem um eine zentral Sonne dreht so gibt es auch Abläufe in der Bewusstwerdung und vor allem auch in der gegensätzlichen in der immer unbewusster werden wir sind ein paar tausend Jahre immer unbewusster geworden immer dunkler immer dunkler und irgendwann ist der Wendepunkt erreicht und dann werden wir bewusster das ist ganz natürlich so ist immer so und irgendwann geht's auch wieder ins Dunkle runter aber über mehrere Jahre mehrere tausend Jahre also könnte irgendwann auch für mich der Punkt gekommen sein wo ist dann sich einfach ändert und das war ziemlich zügig weil wir in einer Zeit sind wo der Wandel stattfindet wirklich stattfindet also er hat begonnen vor keine Ahnung wie vielen Jahren vielleicht vor 100-200 300 Jahren war ja nämlich vorsichtig langsam beginnt und dann irgendwann exponentiell ansteigt und da sind wir jetzt drin wir sind im Anstieg die Leute Erwachen es geht wirklich um es fällt manchen wie Schuppen von den Augen wie konnte ich das vorher nicht sehen dann denkt man warum kannst du das nicht sehen warum kannst du das nicht sehen aber es sehen nicht alle sofort alles jeder für sich und ja wir sind mittendrin so war auch mein Weg alles kann man auf unterschiedlichen Ebenen betrachten das sollte man nicht vergessen es gibt nicht nur diese eine Wahrheit ja ja wunderbar ja sehr schön also ich finde es total spannend in welcher Zeit wir gerade sind und dass das jetzt so eher so abgeht würdest du sagen vielen steht noch so Erlebnis bevor oder ist jetzt auch selber du machst viele Seminare das jetzt über 100 Workshops gegeben schon siehst du da auch eine Veränderung bei den Teilnehmern wenn es mehr sind vielleicht auch mehr dabei die erst vor kurzem das Erlebnis hatten und der Weg bis jetzt ist erst der gering aber man wird schon sagen was ist da alles frei geworden so wie gesagt mir fällt die Schuppen von den Augen ist das etwas was du beobachtest was jetzt zunimmt in letzter Zeit auch in dieser kurzen Zeit 11 Jahre schon absolut kann ich sehr deutlich sehen in meinen ersten Seminaren da waren Teilnehmer die sich schon sehr auch mit solchen Sachen beschäftigt haben die haben Yoga gemacht die haben sich um Ernährung schon bemüht und sind dann irgendwann als Ergänzung oder als Summe daraus zu meinem Kurs gekommen bei uns geht es schon relativ tief mit dem Bewusstseinsfeld man kommt sehr tief an die Themen dran sehr schnell kann sehr intensiv Sachen lösen und heute kommen alle heute habe ich Steuerberater ich habe Ingenieure IT-Experten die sagen ja ich habe jetzt noch gar kein Seminar gemacht ich habe das gelesen und dachte irgendwie ich musste dahin und sind dann da bisschen gar nichts und steigen gleich in einen sehr tiefes spirituelles Thema ein denn das Bewusstseins verhält sich damit zu verbinden mit diesem eigenen erweiterten Bewusstsein mit diesen großen weiten Raum wo alle Informationen drin sind der ist aber auch sehr liebevoll ist das ist schon eine echte Nummer weil man auf einmal merkt was ihr alles für Möglichkeiten sind und man fängt an hinter die Themen zu schauen wo man vorher nur gemerkt hat oh in meinem Leben geht es nicht weiter da ist eine Wand ich weiß nicht was los ist ich fühle mich traurig ich komme nicht aus dem Bett was was ist es denn auf einmal fängst du an durch das Bewusstseinsfeld dahinter zu schauen und merkst und siehst und verstehst was sind die Ursachen dafür und kannst sie auch auflösen das ist wirklich eine Nummer und dieser stellen sich ganz viele Menschen weil sie entweder Stress haben weil sie merken ich bin krank ich fühle mich nicht wohl irgendwas geht hier nicht weiter oder auch aus einem Antrieb heraus das sind aber noch die wenigeren die sagen es interessiert mich ich merke irgendwie hier zieht mich was hier geht's weiter also es ist oft der Stress es ist immer wieder das natürliche entwickeln und es geht heute viel schneller als früher es betrifft viel mehr Menschen als früher also ich sehe eine absolute Veränderung lassen Sie mal kurz diesen Begriff Bewusstseins Feld ein bisschen oder ein bisschen erläuter ein bisschen drauf eingehen es ist ja jetzt so es gibt das mofonetische Feld die Akasha Krone das Bewusstseinsfeld also die Verbindung mit dem höheren Selbst weil die magst du kurz äh die Unterschiede aufzeigen und was ist Besondere am Bewusstseinsfeld ist eine Arbeit mit dem Bewusstseinsfeld also wir sind ja grundsätzlich ein geistiges Wesen also wir sind nicht nur dieser Körper wir sind geistiger Natur es gibt einen geistigen Raum wo wenn man diesen geistigen Raum betritt dieses diese erweiterte Ebene dann irgendwann dieses personalisierte aufhört da gibt es dann nicht mehr stefansraum sondern das ist dann ein Raum den man auch auf eine Art und Weise teilt mit anderen das ist aber relativ schwierig zu beschreiben also sagen wir mal es gibt einen geistigen Raum ein geistiges Feld und dieses geistige Feld hat wie man sich auch bei einem Haus vorstellt unterschiedliche Bereiche also unterschiedliche Aufgaben unterschiedliche Dimensionen also da gibt es eine hohe Schwingung eine noch höhere noch höhere noch höhere manche kennen das auch von geistigen Wesen da gibt es einfach sehr weit entwickelte geistige Wesen welche die sind wirklich gut aber noch nicht ganz so hoch und so ist es auch im Feld unterschiedliche Ebenen die unterschiedliche Aufgaben haben und die kriegen dann auch eine unterschiedliche Benennung zum Beispiel das morphogenetische Feld da kann man um es mal ganz einfach zu sagen das Benennen als eine sehr intelligente Datenbank zum Beispiel ein morphogenetisches Feld der Erde was für die Erde zuständig ist da sind Informationen drinne die die Form bilden also wie sieht alles auf der Erde aus wie bilden sich die Körper wie bilden sich alle anderen Formen und gleichzeitig nimmt es Informationen auf und zwar alle die die auf der Erde stattfinden also es ist eine Datenbank von sehr hoher Intelligenz alle Informationen gehen dort rein alles was wir denken alles was wir fühlen alles was wir entscheiden und genauso gut kann man Informationen abrufen also was ist die Ursache dafür dass etwas WE gut dass etwas schmerzt ich habe das Lesen in diesen Feldern auch gelernt im morfischen Feld morphogenetischen Feld und irgendwann kam dann eine Information für mich das ist noch etwas darüber gibt also man kann sich das einfach vorstellen wenn in morphischen Feld alle Informationen drin sind die auf der Erde stattfinden gibt es da nicht nur Liebe und Wohlwollen hier auf der Erde gibt es auch Angst und Hass und Missgunst das heißt die Frequenz ist beschränkt es geht über eine gewisse Ebene der Entwicklung nicht hinaus in diesem Feld und mir hat sich irgendwann das Bewusstseinsfeld gezeigt als ein Raum als ein Teil des Feldes der über dem morphischen Feld schwingt der sehr frei ist man könnte es übersetzen mit Energie der neuen Zeit da ist diese schwere nicht mehr drin da ist drin ich verbinde mich mit meinem Potenzial ich komme in Verbindung mit anderen ich komme in Verbindung mit meinen Möglichkeiten mit meinen Fähigkeiten und gleichzeitig ist dieses Bewusstseinsfeld aber in der Lage wenn ich etwas Schweres zu be arbeiten habe Traurigkeit eine alte Verletzung aus der Kindheit dann kann es diese Informationen sinnbildlich aus dem morphischen Feld nehmen und dir zeigen ich bearbeite sie und es legt sie dorthin zurück das heißt im Bewusstseinsfeld gibt's diese schwere Informationen nicht es ist dadurch viel leichter viel freier viel intensiver und die Akasha Chronik zum Beispiel ist ähnlich dem morphischen Feld meines Erachtens einfach auf einer höheren Ebene es ist immer wieder so dass mit diesen Worten die da benutzt werden manchmal benutzen manche Menschen das gleiche Wort meinen aber etwas unterschiedliches und manchmal nehmen sie unterschiedliche Worte und meinen aber das gleiche also ich habe Leute erlebt die sagen ich lese in morphischen Feld andere sagen ich lese in der Kascha Chronik mein Gefühl war die sind im gleichen Feld und deswegen ist es gar nicht so wichtig sich an diesen Worten festzuhalten sondern eher für sich zu fühlen womit gehe ich in Resonanz was ist mein Resonanzfeld bei welchen Mensch merke ich das schwinge ich mit also es gibt ein Feld da gibt es unterschiedliche Bereiche wie unterschiedliche Aufgaben auch unterschiedliche Energiequalitäten es kommt geht oft oder kommt oft darauf an womit kann man sich verbinden das Bewusstseinsfeld ist für mich relativ hoch schwingend es ist frei es ist ein Lernfeld es ist aber gleichzeitig auch ein Teil unseres hören Bewusstseins also es gehört auch wie zu uns es ist nicht etwas im Außen oder etwas von von mir jetzt an jemanden gegeben sondern es ist unser Raum den wir uns da wieder erschließen was ist auch so ein bisschen die Verbindung zum Hören selbst da oder das Hören selbst ist da irgendwo auch beheimatet ist das so in der Art man kann es so sagen also ich sage auf der einen Seite ja es ist wie das höre selbst und gleichzeitig sage ich auf der anderen Seite auch nicht denn ein höheres Selbst ist ja quasi das selbst was ich hier kenne mein Selbst und jetzt mache ich daraus ein höheres Selbst das bedeutet nämlich dass ich aus dem was ich hier bin mir überlege was ist das höhere das ist irgendwie so ähnlich wie ich plus höher das ist nämlich eine kleine Falle darin im höheren Selbst ich mag es mehr wenn man es frei lässt und sich nicht vorstellt und es auch nicht benennt und deswegen sage ich ja beides es ist wie das höhere Selbst aber ab einer gewissen Entwicklungsstufe darf man dieses Verständnis dieses glauben ein höheres Selbst gerne auch wieder loslassen weil es nämlich uns in einem gewissen Rahmen auch fühlen und denken lässt das ist ganz natürlich das ist so ein bisschen wie mit Gott auch wenn man nicht möchte ein kleines bisschen wenn man an Gott denkt hat er einen mir einen weißen Bart ein kleines bisschen weil es dieses Bild irgendwo hergibt und irgendwie ist es doch irgendein Mann dann macht man aber auch noch die weibliche Form ja okay dann ist auch eine Frau also man begrenzt es dadurch trotzdem ein wenig und erst wenn man es nicht mehr benennt dann öffnet es sich noch weiter okay das ist sehr spannend das heißt für dich diese diese Worte und diese Begriffe sind erstmal Sprungschanzen aber eigentlich willst du gerne darüber hinausgehen so eine Art und das machst du dann auch konkret absolut es sind Konzepte und es sind Modelle Erklärungsmodelle weil wir wir schauen quasi von unten mit unserem Verstand und sehen dann etwas das Bewusstseinsfeld oder die Seele oder Gott können es aber niemals ganz beschreiben benutzen dafür Worte benutzen Modelle das ist auch in Ordnung bis zu einem gewissen Punkt wo ich merke jetzt begrenzt mich das Modell und jetzt lasse ich wieder los und wenn man das schon vorher weiß dass man diese glaubensmodelle gerne wieder loslassen kann dann ist es gut dann ist es nämlich leicht wenn ich an den Punkt komme ist auch zu tun okay deswegen sagst du schon ziemlich am Anfang weil es ist ja so dass für eine längere Zeit das schon gut ist ein paar Ideen zu haben und sonst wird es halt zu früh also aus meiner Empfehlung jetzt nicht so höre kann man es auch zu viel loslassen dann ist man so im leeren Raum also dass man dann auch kein Orientierung mehr hat das ist ja auch wichtiger Punkt Orientierung und wir können uns ja unsere Begriffen orientieren wie wie siehst du das also wie weit macht es Sinn sich zu orientieren oder wie machst du es jetzt vielleicht gerade persönlich Orient woran orientierst du dich wenn du sagst du hast schon losgelassen das ist ja dann ist die Frage nee die Antwort darauf ist relativ einfach jeder muss für sich fühlen was dran ist das ist ganz wichtig weil es gibt immer unterschiedliche Entwicklungsebenen und du kannst auf den erleuchtenden Treffen der sagt lass alles los und aber du bist aber überhaupt nicht an diesem Punkt das geht gar nicht du kannst es überhaupt nicht machen also jeder fühlt bitte für sich was ist wichtig für mich ist es so Orientierung meine Orientierung ist das Loslassen und auflösen also quasi das Gegenteil von Orientierung ich merke für mich dass immer wenn ich etwas loslasse wenn ich mich traue etwas nicht mehr zu sein wenn ich mich traue an etwas nicht mehr festzuhalten habe ich Phasen wo ich nenne mich mal deine Worte orientierungslos bin das organisiert sich aber neu und das organisiert sich in eine höhere Ebene wo ich dann merke wow ich muss jetzt weniger machen ich Stefan hat keine Orientierung mehr aber es ist eine natürliche Orientierung da und das muss man aber für sich selber fühlen es bringt sicher nicht zu sagen oh wow was der erzählt gefällt mir jetzt lasse ich einfach alles losgehen die völlige Orientierungslosigkeit und das wird jetzt für mich der Zustand sein das kann auch verwirrend sein gerne natürlich aus einem herauskommen und dann darf man sich aber trauen wenn du merkst ja ich könnte das eigentlich Loslassen das mit der Orientierung es dann loszulassen und dann merkst du auf einmal dann geht der neue Raum auf also erstmal das alte loslassen dann kommt der neue Raum wenn man Hilfe dafür braucht ich habe meine Hilfe immer im Bewusstseinsfeld gefunden da kann man reingehen man verbindet sich man stellt Fragen und bekommt klare Antworten also der Wirtschaftsingenieur der ich früher mal war der alles ordentlich wollte alles ewig effektiv effizient das habe ich so auch gefunden im Bewusstseinsfeld nicht eins zu eins wie in der IT-Branche aber das ist eine echte Führung gibt und auch dass einem Dinge erklärt werden warum ist das so in deinem Leben oder was geschieht mit dir wenn du das loslässt was was passiert dann energetisch nicht was wird in der Zukunft sein aber die Prozesse auch mehr zu verstehen und das macht es so viel leichter und das hat meine Entwicklung quasi ja ein Turbo gebracht das ging dann so auf und ich lerne heute noch neue Sachen ich bin heute im Bewusstseinsfeld noch drin löse für mich Themen auf und dadurch werde ich immer freier und das ist wundervoll aber wer sich auflöst ist dieser Mensch der wird weniger auch die Gedanken darüber gleichzeitig ist es aber auch so dass alles fließender wird also ich bin trotzdem da ich arbeite ich habe Freunde ich habe ein Leben aber nicht mehr so angehaftet wie früher sondern eher so es passiert so von allein und ich merke wie es geschieht ja es ist toll das ist sehr spannend hört sich sehr gut an wenn man jetzt eine von außen dich betrachtet dann sieht man aber natürlich ein sehr geordnetes Feld auch also es ist alles gut strukturiert du hast deine Arbeit du hast Termine du gehst die an und ich finde es immer also manchmal schwer zu verstehen was das ähm loslassen bedeutet wenn man jetzt mal zurückgeht wenn man sieht du hast noch gar nicht diese diese Positionierung die jetzt hast aufgebaut du bist noch im Zweifel mache ich das jetzt überhaupt bleibe ich Wirtschaftsingenieur gehe ich diesen Schritt raus wie würdest du da das Loslassen sehen du hast du das da auch so gemacht war da für dich vielleicht auch schon der größere Schritt das alte loslassen und ich habe das neue einlassen und dann aber ja diese für mich ist das manchmal so komplex zu verstehen deswegen gehe ich da ein bisschen drauf ein damit auf sie Zuschauer noch drin in diesem Prozess wenn ich jetzt was was wenn ich jetzt meine Arbeit loslasse wie ist das konkret mache ich dann aber nichts Neues dann ist es ja auch ein Vakuum es kann auch gefährlich sein manchmal wenn man dann äh ja das vielleicht nicht so nicht richtig versteht oder noch oder vielleicht auch denkt ich bin hinter dem Punkt ich muss loslassen alles loslassen aber vielleicht ist es noch gar nicht dran das ist doch gerade eine Festigung dran oder so eine eigene Selbstfindung dran also es ist auf der einen Seite komplex und auf der anderen Seite sehr einfach grundsätzlich sehe ich so man kann nicht einen Fehler machen wir können nicht wirklich Fehler machen denn das was funktioniert wenn ich es schaffe mich von einem Job zu trennen dann gehört das irgendwo in meinem Leben dazu denn ich bin mir sehr sicher dass wir eine höhere Führung haben das höhere Ebenen auf uns wirken da könnte man sagen der eigene Seelenplan oder sogar das ganze der ganz große Plan des Lebens also was ich loslassen kann gehört auf eine Art und Weise dazu und ist dann auch eine Erfahrung und ich habe für mich das so gesehen dass am Anfang der Veränderung des Weges es erstmal so ist dass man sich von Sachen frei schüttelt und eine der größte Hinweis den ich geben kann ist sich das nicht auszudenken sondern die Informationen aus dem Körper zu bekommen hier aus dem Herzen aus dem fühlen oder irgendwo in einem Unwohlsein irgendwo im Körper also nimm mal diese zwei Ebenen es gibt diese Ebene die Informationen liefert und alles darunter und wenn du morgens zur Arbeit gehst und hast das Gefühl ich fühle mich hier nicht wohl oder du gehst in eine Gruppe von Menschen oder in deiner Partnerschaft oder wo auch immer und du nimmst war ich fühle mich nicht wohl dann ist es definitiv dran darüber nachzufühlen und auch zu denken ob das was zum Loslassen ist wenn du der Meinung bist naja ich möchte mich genauso spirituell entwickeln wie der und jetzt lasse ich einfach mal alles los und dann merkt eigentlich dass das dein dein Denken darüber ist dann wäre ich da sehr vorsichtig also das Denken wirklich zu überprüfen was denke ich und was nehme ich im Körper war und das immer wieder gegenseitig abzuwägen das mache ich heute noch weil auch ich noch alte Gedankenmuster irgendwo habe die mir irgendwas sagen sind sehr viel weniger als früher aber sie sind noch da also das ist mal der Punkt den ich finde überhaupt den man betrachten darf und dann verändert sich auf dem Weg folgendes am Anfang steigt man aktiv aus man sagt ich beende dies ich traue mich das zu machen man macht viel ich will was neues machen ich mache ich mache dies ich mache das und dann merkst du über die Zeit wird das machen immer weniger und das Geschehen wird immer mehr früher habe ich nämlich Termine gemacht für Marketing habe geschaut gibt es jemanden der mich zu diesem Thema befragen möchte kann ich irgendwo einen Artikel schreiben und irgendwann wirklich im Sinne dass immer mehr Loslassens sind Leute auf mich zugekommen und haben gesagt Stefan darf ich dich interviewen heute ist es so dass ich schon gucken muss wo ich die Termin noch unterbringe also ist wirklich so vom machen hin zum geschehen lassen das ist der große Unterschied ich habe immer noch viele Termine ich habe viele Workshops ich spreche auch mit dem Steuerberater ich habe all diese Dinge auch manche Sachen die auch nerven auch troubleshooting und so weiter aber ich merke im Grundsatz dass die Sachen geschehen dass sie auch laufen und dass sie energetisch getragen sind das ist nicht ist dass ich alles halten muss alles immer zu tragen muss sondern ich bin eher der durch den es geschieht aber nicht der der es macht und das ist ein großer Unterschied das lässt dich abends leichter einschlafen morgens leichter Aufwachen vom machen zum geschehen lassen zum durchleben das ist für mich der große Unterschied der letzten also vom ersten Jahr bis jetzt zum 11 wunderbar ja ganz ganz schön das finde ich sehr schön dass du so gesagt hast und das ist so etwas ja wo man dann denke ich auch loslassen kann was wir heute haben ist ja diese Stress diese Anspannung als ganz großes Problem in der Gesellschaft überhaupt und da nehme ich jetzt raus dass ist es halt möglich sozusagen viel zu machen aber wenn man es geschehen lässt und dann dabei ist und im Fluss ist dann fühlt sich vielleicht nicht so an und man kann das ist ja so du machst ja du bringst ja viel zustande und viel Ergebnisse aber es ist halt wenn sich das jetzt so richtig wahrnehme für dich keine große Stress keine Belastung weil es einfach so da ist du nimmst das Leben an ist das so so in der Art ich habe auch das Gefühl dass ich in Wahrheit gar nichts mache es ist schon so dass ich irgendeine Art Wesen bin durch das es geschieht aber wenn ich mich hinsetze jemand fragt mich Stefan was ist mein Thema und ich gucke ins Bewusstseinsfeld dann ist die Information einfach da es ist nicht so dass Stefan die irgendwie macht sondern ich bekomme sie ich habe es erarbeitet dadurch dass ich viel losgelassen habe und ich kann diesen Raum wahrnehmen ich habe mich befreit aber es ist nicht so sehr dass ich es mache und das ist auch das was die Veränderung ist dass man sich selber aufgibt auf diesem Weg und man gibt aber nicht das auf was man wirklich ist sondern das was man nicht ist also diese Gedanken ich dachte ich komme aus dieser Familie ich bin dort geboren ich habe diese Schulbildung also meine ganze Geschichte und am Ende das bin ich und ihr werdet sehen alle das nach und nach auf dem Weg wird uns das genommen dann merkst du du hast ein Selbstbild von dir das Teilen andere gar nicht nur teilweise du merkst auf einmal du hast auch Anteile in dir die hast du gar nicht gesehen und du denkst von anderen Sachen du hast sie aber die sind gar nicht so stark ausgeprägt also alles eine sehr subjektive Sichtweise also und es wird nach und nach genommen was wir glauben was wir sind und dafür bekommen wir aber ganz viel wir bekommen dass wir viel mehr sind aber dieses viel mehr ist nicht so menschlich immer greifbar sondern es ist eher so als ob es eine Energie ist ein Raum irgendwie ein gutes Gefühl eine Ehrlichkeit Wahrhaftigkeit und das lässt sich schwer beschreiben aber wenn das so in Verbindung kommt du bist auf der einen Seite noch Mensch und hast auch deine Aufgaben hier öffnest dir selber aber diese geistigen Räume und die öffnet man dadurch dass man so jemanden hingeht der einen unterstützt der das einfach kann oder schon gemacht hat oder indem man immer mehr auch die Sachen loslässt in sich die Glaubenssätze die Sorgen die Begrenzungen dann öffnet sich dieser Raum und dann ist das natürlich also dieses Loslassen das geschieht die ganze Zeit und das Leben fordert es auch ein und wenn man schon weiß dass es darum geht und das ist auch anderen so ging kann man es leichter gehen lassen weil wenn das Leben fordert diesen Job herzugeben oder diese Festigkeit dieses Festhalten hier oder diese Gedanken über sich selbst dann kann man es leichter losgehen wenn man weiß ja haben andere auch schon gemacht und danach kommt noch etwas [Musik] jetzt ist es ja so dass der Prozess an sich häufig einer ist der ja der weh tut der einen an Punkte bringt wo man nicht gerne hin möchte kannst du sagen ab wann ist bei dir überwiegt hat dass dir klar war hey ich bin jetzt so durch eine grobe Sache durch ist kommen natürlich immer noch weitere andere Punkte aber dass man so eine Festigkeit hat finde ich dass man sagt okay das ist jetzt erstmal wichtig weil was ja auch passieren kann ist dass man so rein geht und dann wieder rausfällt und dann was was ein wichtiges Thema ist was ich gerne ansprechen würde weil wir sind beide ein bisschen jünger noch und in unseren Generation gibt's ja auch ein großes Drogenproblem und viele versuchen in dieses Feld einzutauchen Mitteln die Sie einnehmen und ich habe viele kennengelernt die auch verloren gegangen sind auf diesem Weg sie einfach dann das anders nicht mehr schaffen geschafft haben und zu viel in diese Richtung gegangen sind das heißt so eine Festigkeit man sagt ja auch mit dem Bein auf dem Boden stehen so eine Stabilität im Leben wie siehst du diesen Punkt auf wie wichtig achtest du das das auch erstmal aufzubauen bevor man sich irgendwo so hinein gibt und also so grob ist jetzt kein direkte Fragezeichen also ich denke es geht miteinander einher es geht grundsätzlich in der Bewusstwerdung im persönlichen Prozess darum dass wir harmonisch mit uns sind dass wir in einer inneren Ausrichtung sind also so als ob wir mit uns verbunden sind als ob wir geistig auch hier sind und dadurch berühren wir auch die Erde dadurch sind wir quasi stehen wir im Leben es gibt Anteile in uns die flüchten wollen die weil sie irgendwann Stress erfahren haben in der Kindheit in früheren Leben meinen sie müssen dieses Leben diesen Körper verlassen sie müssen hier weg es tut zu sehr weh und diese Anteile sind aber unbewusst das heißt die ziehen uns immer wieder weg von dem Leben wo wir in Wahrheit sind und weil wir das damit nicht umgehen können und uns keiner gezeigt hat ja was der Grund dafür ist und was wir machen können dann flüchten wir uns in Ablenkung und das gibt die einfachen Ablenkungen Kaffee Kuchen YouTube und es gibt die etwas heftigeren mit Rauchen und Alkohol und dann kommen Drogen und dann kommen noch andere Sachen dann kommen andere Kicks dazu um mich von etwas abzulenken um mich zu fühlen und wenn ich aber beginne zu schauen wer in mir ist eigentlich traurig wer in mir ist einsam und merke dass ich mich obwohl ich ein junger Mann eine junge Frau oder erwachsen bin oder schon 50 voll dachte im Leben zu stehen dann aber ehrlich bin und mich frage gibt es Anteile mir die traurig sind dann merke ich ja gibt es und wenn ich die heile und löse und dafür gibt es unterschiedliche Wege ich mache es mit dem Bewusstseinsfeld dann komme ich an in meinem Leben also es ist es geht ineinander über ich schaue mir Themen an ich löse sie ich heile meine Schmerzen dadurch komme ich natürlicherweise hier an denn das ist unsere unsere Ausrichtung unsere Ausrichtung das was wir wirklich sind ist da zu sein präsent zu sein wach zu sein bewusst liebevoll und wir haben es begrenzt durch Sachen die wir erlebt haben durch Dinge aus der Kindheit Situationen aus früheren Leben wo wir Schmerzen erfahren haben und uns dadurch von uns abgegrenzt haben oder gesagt haben das möchte ich nicht mehr fühlen das Fühlen Grenze ich aus oder hier hat mich jemand verletzt da bin ich doch lieber einsam heilig diese Sachen komme ich in meinen natürlichen Zustand zurück zumindestens mehr als vorher dann bin ich natürlich hier und bei mir war das so ich habe einen intensiven Weg hinter mir ich habe auch intensiv an mir gearbeitet ich habe aber fast jeden Tag im Feld drin habe geschaut habe gefragt was ist mein nächster Entwicklungsschritt welche Themen gibt es zu heilen wie kann ich sie jetzt heilen was muss ich tun dafür und ich würde mal sagen ich hatte einige auch sehr tiefe reisen weil es auch wichtig war um auch ein guter Begleiter zu sein ein guter Therapeut sein zu können nach 45 Jahren ungefähr habe ich mich auf einem Plateau gefühlt wo ich das die Wahrnehmung hatte wow hier fließt es hier bin ich sicher hier stehe ich wirklich es gesch immer noch Sachen es rüttelt mal aber ich bin wirklich safe sehr schön also ist auf jeden Fall eine Zeit lang es ist so das erstmal ein bisschen durchrüttelt ich finde den Gedanken schön wie du gesagt hast mit dem Ankommen und da kann es jetzt passieren wenn ich mir das vorstelle man schaut so ein Interview oder man schaut so die Leute auf Youtube an die über solche Themen reden dass man denkt man kann erst ankommen wenn man dies und das hat oder erreicht hat oder so und so ist dann habe ich gestern Abend ein schönes Erlebnis gehabt weil bei mir ich bin jetzt noch relativ frisch sag ich mal jetzt hier als ich in der digitalen Welt das ist ja erst ungefähr zweieinhalb Jahre her dass ich damit angefangen habe das war erst auch durch Corona dieses ganze Thema und da ist noch ziemlich viel Trubel aber gestern hatte ich das Gefühl habe ich meine kleine Tochter ins Bett gerippt und da muss ich wirklich sagen das war ein Moment das ankommt alles hat durcheinander zwei kleine Kinder alles durcheinander und morgen drei zwei Interviews sind online Mitarbeiter und ich dachte boah wie mache ich das alles weil die Kinder sind auch noch krank erkältet aber dann war einfach so danke danke dass ihr da seid dass das für alles obwohl es so durcheinander ist das fand ich so schön dass Du zu empfinden und da hatte ich wirklich das habe ich ich kann mich nicht erinnern was letzte Mal hatte so vor Freude geweint dass ich einfach dachte boah das ist wirklich so ein Moment der ich habe dir zu teilen aber passiert das ist einfach so dieses ankommen und diese Freude einfach mal rauslassen was ich auch echt lernen konnte mit Wein habe ich meine Probleme gehabt aber immer noch aber ja ich finde einfach wunderbar wie es möglich ist die Zeit die wir verbringen und auch für die Zuschauer ich hoffe ihr nimmt das genauso war dass das dann neues Feld aufgeht und so viel Kontakt zu so wunderbaren Menschen der der wird ein auf und der macht einfach was frei das ist wirklich wie du sagst es ist loslassen dieses Loslassen dieses freilassen weil man kann ja als Mann wenn man als Mann weint und darüber redet auch noch da muss man was loslassen weil anders kannst du das ja gar nicht machen also danke für deine wunderbare Worte die da auch ja das Ankommen felix hat wie du dann auch merkst so mit dem außen gar nichts zu tun dieser Moment kann sein wenn du mit deinen Kindern bist dieser Moment kann sein wenn du ganz alleine irgendwo bist es ist wirklich es hat mit dem außen nichts zu tun eine Verbindung zu Kindern ist natürlich eine deutlich verhaftigere als eine Verbindung zu einem Auto wenn man sagt ich wünsche mir dieses oder jenes im Außen und dennoch ist es immer noch etwas im Außen eine Verbindung zu Kinder sie ist schön sie ist wahrhaftig aber nicht mal die bräuchte es um anzukommen ankommen hat mit dem außen nichts zu tun und das ist wichtig wir finden die Freude nicht dort und dort die gibt es nur hier die wahre Freude und im Loslassen wird sie natürlicherweise frei ich lasse ein bisschen Traurigkeit hier los ich traue mich hier mal zu weinen ich traue mich hier mal sauer zu sein ich sage hier mal meine Wahrheit und nach und nach merke ich wie das was unterdrückt wurde nämlich meine eigene Energie weiter lagen die Schmerzen drauf die ganzen alten Geschichten noch von den Eltern vom Kollektiv und was da nicht noch so alles ist und dann kommt meine Freude und dann prägt sie sich aus in einem Moment und irgendwann brauche ich gar keinen Moment mehr dafür sie ist einfach da und wir erinnern uns darauf an durch diese Verbindung durch diese darüber reden öffnen sich ja die Räume dann gehen die die Wahrnehmungen auf und dann werden wir dadurch erinnert und deswegen ist es auch gut wenn wir uns mit Menschen umgeben die wo sind wo wir auch gerne sein möchten weil wir uns erinnern und das muss nicht sein dass jemand erfolgreich ist London zum Beispiel jemand ist in der Ruhe dann bin ich mit diesen Menschen zusammen schließe vielleicht mal die Augen fühle mal rüber wie fühlt sich dieser Mensch an dieser Körper der in Ruhe ist ausgeglichen oder jemand der in Freude ist und dann erinnere ich mich dadurch und ich zum Beispiel kann Menschen erinnern an erweitertes Bewusstsein das kann ich einigermaßen gut und so gibt es ganz viele Menschen die ihr ihre Qualität haben die sie einbringen und man kann sich wirklich kostenlos neben jemanden setzen der in Ruhe ist und mal rüber fühlen man erinnert sich ein bisschen dran dann gehst du nach Hause und denkst so ach wie würde der das jetzt machen ah so ist das in Ruhe es ist wunderbar ja ich finde das so schön weil das macht für mich eine Tür auf die die die die die zeigt der Wandel kann jetzt geschehen weil es ist nicht wie gesagt es ist nicht am außen gekoppelt es ist einfach jetzt in dem Moment und auch wenn man jetzt in der Situation ist und man denkt es ist alles durcheinander dennoch können wir das irgendwie erreichen das ist finde ich ein Feld das ist Magie irgendwie weil es die Ursache des außen ist das Außen ist ja die Oberfläche und dahinter oder da drunter oder vorher je nachdem wie man sagen möchte ist das geistige aus dem geistigen kommt es dann in die Materie das heißt Materie ist immer erst Schritt 2 und wenn wir uns entwickeln wollen dann tun wir das nur wirklich nur sehr bedingt über die Materie wir machen es in uns im geistigen im emotionalen Raum wir brauchen kein außen dafür es ist wirklich unwichtig manchmal scheint es so als ob es uns dabei unterstützt scheint so ist auch in Ordnung aber wir bräuchten es in Wahrheit nicht und ich habe auch in meinem Weg auf meinem Weg festgestellt irgendwann habe ich gemerkt Stefan dieses Loslassen geht immer weiter wenn es noch etwas gibt was du in der Materie noch möchtest mach es demnächst weil es bald nicht mehr wichtig ist und das merke ich wirklich und das kann ich heute auch den Leuten raten wenn dir irgendwas noch sehr wichtig ist und du kannst es tun mach es jetzt weil in zwei Jahren ist es dir vielleicht nicht mehr wichtig dann ist es auch okay ist völlig egal ob du es gemacht hast aber wenn es Dir sehr wichtig ist mach es gleich warte nicht darauf weil es später brauchst du es dann teilweise gar nicht mehr dann ist einfach sitzt du da und atmest und denkst wow ich atme also es gibt so weit tatsächlich wie sieht das bei der aus wenn du jetzt im Bewusstseinsfeld liest du machst dann neuen Raum auf du ziehst dich zurück das ist schon eine Moment der Meditation kann man sagen es ist eine Art der Meditation oder ist das was anderes wie siehst du das für die die neu einsteigen ist es eine Meditation und zwar läuft es so ab man lernt erstmal sich mit dem Feld mit diesem Raum zu verbinden das geht sehr leicht das ist wenn man es runterbricht eine Meditation von 3 Minuten um da reinzukommen man verbindet sich energetisch an die Erde man verbindet sich nach oben ins Geistige mein atmet ein zwei Mal dass man ein bisschen in die Ruhe kommt und dann ist es ein Eintritt also quasi eine Entscheidung es gibt keine Rituale es gibt keine Symbole nicht dieses wo man vielleicht noch irgendwelche Energien benutzt wo man gar nicht genau weiß was sind die überhaupt es ist wirklich sehr einfach und dann ist man drin und dann geht es darum Fragen zu stellen dann ist es so als ob dieser Raum sich öffnet am Anfang natürlich erstmal etwas zarter je mehr man sich damit beschäftigt merkst Du richtig wow hier ist ein Bewusstseinsraum und wenn ich jetzt eine Frage stelle ja was ist denn mein nächster Schritt Boom ist die Antwort da dann sind Worte da dann sehe ich ein Bild dann kriege ich ein Gefühl und ja das muss man ein bisschen üben deswegen gibt es quasi auch einen Workshop weil man am Anfang nicht immer gleich hundertprozentig sicher ist stimmt diese Information wirklich und wie löse ich dieses Thema jetzt auf was ist denn die nächste Frage die ich stellen soll das muss man echt ein bisschen üben aber es ist leicht es ist wirklich nur ein bisschen üben es ist nicht dass man komplexe Sachen irgendwie durchdringen muss und mit der Zeit je öfter man sich mit dem Feld verbindet desto mehr er ist es da desto mehr ist Teil von dir selbst und bei mir ist es schon seit einiger Zeit einfach Teil von mir man kann mich in der Nacht um drei wecken sondern Stefan was ist mein nächster Entwicklungsschritt da gucke ich kurz und sehe es dann dieses hält sich schon so integrieren konnte und dadurch dass es bei mir integriert ist kann ich auch anderen helfen ich bin wie so eine Brücke dass sie in ihr in ihren Teil des Bewusstseinsfeldes eintreten also ich gebe nicht irgendwie schau mal das kriegst du von mir und jetzt darfst du weil ich dir irgendwas gegeben habe immer da rein sondern nein ich zeig dir nur guck mal so geht der Weg und das kann jetzt übt mal ein bisschen ich helfe dir dabei und dann kann man es ein Leben lang für sich nutzen so ungefähr ist der Ablauf super ja sehr sehr schön jetzt kommen wir noch mal auf einen Punkt und zwar die die Reinheit weil ich denke die Reinheit ist ein großer ein wichtiger Eigenschaft um auf dem lichtvollen Weg zu bleiben und es ist natürlich so dass wir wir kennen wahrscheinlich alle irgendwelche Filme wo die CIA mit irgendwelchen Gedanken versucht irgendwie zu beeinflussen oder Spiele und natürlich arbeiten auch dunkle Kräfte mit diesen Energien damit diesen Feldern fertig mit dem Bewusstseinsfeld weil es höher schwingt ist aber mit dem Gesicht genetischen Feld dann in dem Falle wie meinst du können wir uns davor schützen dass wir halt nicht unser eigenen Gedanken oder Wünsche da jetzt hinein projizieren und dass wir dann die auch runterholen und denken nein das ist das das Hören das ist aber vielleicht da etwas was gar nicht das Hören ist also Punkt eins dazu dass jeder erstmal weiß niemand ist 100% rein und durchlässig wenn wir das nämlich wären wären wir so nicht mehr hier auf dieser Erde dann sind wir andere Wesen wenn wir ganz durchlässig sind das bedeutet egal was ich mache ein bisschen färbe ich es immer auch eine Lesung also irgendwo wird es mal dieses eine Prozent oder halbe Prozent geben was ich erfahren habe ist das tatsächlich 95 Prozent plus absolut unterstützend sind und rein und wahrhaftig und manchmal ist es hier ein bisschen gefärbt und da so ein bisschen gefärbt führt aber am Ende trotzdem zum Ergebnis also dass man sich keine Sorgen macht in dem Sinne oh könnte ich jetzt einen Fehler machen das ist sehe ich als wichtigsten Punkt der zweitwichtigste Punkt um wirklich auf dem lichtvollen und liebevollen Pfad zu bleiben ist aufmerksam zu sein für das eigene wollen und das eigene Ego und das ist nicht so leicht das ist einfach auch wieder eine Übung weil wenn ich mich hinsetze und für jemanden lese und ich will dass ich jetzt eine gute Lesung mache dass ich dem Jetzt helfe dass ich gute Informationen für ihn Abrufe dann kann es sein dass ich da einhake das mein Ego damit macht weil es jetzt besonders toll sein möchte und wenn ich aber hingehe und sage okay ich habe verstanden ich kann das eh nicht kontrollieren ich gebe mich hin und ich fühle mit und ich erlaube dass das geschieht was geschehen möchte ist dürfen die Informationen kommen die jetzt durchkommen wollen und dann wären sie kommen fühle ich mich mit sind diese Informationen unterstützend sind die wahr und das fühlt man mit ein bisschen Übung fühlt man das denn wir kriegen auch Lernaufgaben aus der geistigen Welt auch beim Lesen im Bewusstseinsfeld kommt irgendwann mal jemand ein lichtvolles Wesen und sagt schau mal hier ist die Antwort und du merkst irgendwas stimmt nicht und dann fragst du was stimmt denn hier nicht dann merkst du das war eigentlich ein dunkles Wesen verpackt in Licht und das kommt das kommt aus dem Grund damit wir diese Unterscheidung lernen und zwar nicht eine Unterscheidung über die irdischen Sinne sondern über das Fühlen über das fühlen kann ich nämlich tiefer hineinschauen in etwas also auch das ist eine normale Übung und indem ich schon weiß dass es das gibt dass die dunkle Seite sich mir auch nähert und mich testet kann ich dafür aufmerksam sein ohne Angst zu haben denn ich merke es auch sehr regelmäßig ich habe bekannte die kommen immer mal wieder zu mir einer insbesondere der sagt hier ich habe jetzt hier etwas damit kann ich alles auflösen damit kann ich jetzt jeden Glaubenssatz auflösen oder ich habe hier einen Anhänger der macht dies und das und dann fühle ich da rein und merke sehr regelmäßig dass das was vordergründig äh gut scheint aber noch wie ein kleines Trojanisches Pferd in sich hat weil dieses wollen so stark ist ich will mich jetzt gegen 5g schützen ich habe Angst also hänge mache ich mir einen Anhänger um diese Anhänger sorgt aber in seinem Kern auch dafür dass ich weiter in der Angst bleibe und mich in dieser Schleife bewege also führte mich auch zum Teil wieder in die etwas dunklere Richtung rein und irgendwann habe ich mal gefragt ja zum Beispiel jetzt habe ich das Thema 5g mal angesprochen was hilft denn was kann man denn machen wenn das wirklich solche Ausprägungen hätte und so ungesund sein würde für Menschen da kam eine Antwort Liebe fühle Liebe in dir zu dir selber zu den anderen und auch zu dieser Technologie dann bist du in einem Energielevel was deutlich höher schwingt also es ist ein ständiger Prozess immer wieder diese Angebote die von der dunklen Seite kommen nicht anzunehmen für die die Fernsehen schauen da könnte man auch immer wieder sagen also ich habe da schon oft länger nicht mehr reingeschaut aber mal am Rande kriege ich so Sachen mit da gibt es auch von der Politik oder von irgendwelchen Interessensverbänden von den Medien Angebote einzusteigen sich Sorgen zu machen auf jemanden böse zu sein jemanden zu verabscheuen oder man sagt okay ich akzeptiere das wie es ist wir sind einfach Kollektiv an diesen Punkt wo es auch solche Wesenheiten gibt die Dinge machen die den anderen nicht gut tun also aufmerksam zu sein wo versucht auch die dunkle Seite mich auf ihre Seite zu ziehen das ist natürlich weil es ist wie ein Vakuum das Licht zieht mich an die Dunkelheit zieht mich an und dann sagen wir mal ganz einfach entscheide ich auf eine Art und Weise wo möchte ich hingehen um das ganze Interview kostenfrei weiter zu schauen Besuche einfach diese Website an frieden.de oder klicke auf den Link in der Beschreibung,OK
Z-ZD0y4HieY,Hofreiter bezeichnet tatsächlich die afdler als Landesvertreter März Friedrich Merz hat sich ebenfalls zu der Partei geäußert und warum sich die Ampel jetzt weiter ins Aus schießt sie hat nämlich ein Statement rausgebracht eine Eilmeldung die jeder auf dem Schirm haben sollte es werden auch Stichtage völlig und zwar ist der 22 August hier jetzt mittlerweile passiert was dort besprochen wurde auch auf dem brixlegern wenn wir ganz kurz noch ansprechen und dann kommen wir zu den AFD Eilmeldung und ja ein Hofreiter gerne mal deine Meinung dazu in die Kommentare wie du diesen Mann findest hat tatsächlich eigentlich sowas von sich selber zerlegt aber er wollte die AFD die Familien als Landesverräter Olaf Scholz hat sich auch gemeldet es wird einem wirklich übel wenn man dieses Statements gegenüber der AFD hört und immer mehr wachen auf und merken das ist gar nicht mehr die alte AFD ne ich finde es gibt schon ein Unterschied es gibt einen Entwicklungsprozess den sich viele leider nicht wahrhaben wollen und du musst das Ganze immer so bestellen und damit sind wir mitten im Thema bleibt bis zum Ende dran und Teil dieses Video wie immer nennen die nächste Wahl die wird entscheidend sein damit die Grünen unser Land nicht mehr kaputt machen dazu auch später mehr und man muss dazu sagen die AFD ist mittlerweile laut einem Richard David Precht und ganz ganz vielen Insidern und Experten oder Philosophen die stärkste Partei warum weil sich viele eben teilweise bei den ganzen Umfragen nicht melden nicht trauen die AFD anzugeben wir haben es jetzt mittlerweile auch schon berichtet teilweise werden irgendwelche Werbedeals mit Leuten abgesagt nur weil ihr Freund oder die Freundin AFD nahe stehen könnte also alleine der Verdacht sich mit dieser Identifikation mit der Partei zu Identifikation in der identifizieren schwieriges Wort das bedeutet teilweise schon das Aus für ein selber die die Vermehrung von einem selber oder dass man den Job verliert oder teilweise eben Aufträge verliert und das ist nicht mehr mit Meinungsfreiheit deckungsgleich und dementsprechend starten wir jetzt ins Thema bevor wir uns hofreiters krasseste Aussagen ansehen wie er die AFD hier diffamieren will muss man festhalten dass die Ampel jetzt anscheinend sich klar abgrenzen möchte von der AFD und bevor wir uns jetzt ansehen die ganzen Statements auch von Olaf Scholz wir die AFD findet muss man doch sagen wie dämlich kann man denn eigentlich sein ich meine hier wird ganz klar darüber gesprochen in diesem Artikel der übrigens im Handelsblatt erschienen ist also nicht auf irgendeiner schwobler Seite gut manche würden sagen Handelsplatz ist auch schwupplerei allerdings also schon eher ein ja seriöseres Blatt zumindest wenn es um wirtschaftliche Themen geht wie Aktien Bitcoin oder eben auch andere wirtschaftliche Themen und dort wurde von berichtet dass Unionsvertreter und andere Regierenden sich ganz klar distanzieren wollen von der AFD und da ging es jetzt nicht darum dass man mit der AFD nicht kooperieren möchte auch da hat ja Friedrich Merz einiges zu sagen kommen wir gleich dazu auch nach vor paar wo es um Sesselmann ging den ersten Landtag der ja gewählt worden ist und dementsprechend gab es da ja die hitzige Diskussion hätte Friedrich März da etwa behauptet er möchte mit der AFD zusammen kooperieren Fragezeichen das hat er der gute Mann tatsächlich alles schon wieder um 180 Grad geändert wenn so nach Frau bärburg geht um 360 Grad hat gesagt nein wir werden auf keinen Fall mit der AFD zusammenarbeiten aber das ist nicht das Hauptthema denn jetzt sollte man dran bleiben denn es geht darum dass die Ampel sich sogar auch von den Inhalten der AFD komplett abgrenzen möchte komplett abdichten möchte und das finde ich persönlich super pervers also sowas von bescheuert eigentlich warum weil du musst dir vorstellen wenn die AFD jetzt sagt sie ist für den Weltfrieden dann könnte man daraus schlussfolgern dass die Ampel sich ja sowas von von dieser Partei entfernen und distanzieren und abgrenzen möchte dass man dann automatisch eigentlich gegenweltfrieden sein muss damit man hier diese ab Übung tatsächlich innehalten kann ich habe auch beispielsweise mir mal die Mühe gemacht wir haben ja hier hunderte Artikel auf dem erfolgscanner auf Youtube die wir hier immer wieder auch recherchieren durch ackern durcharbeiten und hier zusammenfassen und vor allen Dingen kommentieren und da muss man wirklich sagen die ampelregierung hat ja teilweise auch schon gesagt ja von wem kommt denn dieses Statement dann hat der Reporter gesagt ja das hat ein AFD oder neulich behauptet und schon ist die Aussage nur aufgrund von dieser Tatsache minderwertig oder wird sogar nicht für voll genommen nicht für ernst genommen und dann hat man tatsächlich bei einem Interview das wunderbar rumgedreht den Spieß hat gesagt ja aber deine Parteikollegen haben genau die gleichen Sätze gesagt wie dieser afdler und auf einmal ja das kann man ja so nicht vergleichen auf einmal hieß es dann ja das ist ja gar nicht mal so schlimm ne und ja die die haben ja ein ganz anderen Hintergrund das heißt man hat diese negative Psychologie die hier mit herrscht und natürlich wären sie sich mit Händen und Füßen wir werden jetzt die drei heftigsten Zitate ansehen einmal von Hofreiter dann von Scholz und vor allen Dingen auch von Friedrich Merz wie er sich auch noch mal geäußert hat zur AFD und merken eigentlich was hier passiert die haben alle Angst vorm hohen Ross gestoßen zu werden sind wir doch mal ehrlich wenn du die Macht besitzt hast du denn ein Interesse daran dass irgendwie dir diese Macht wegnimmt Fragezeichen oder dass du bei der nächsten Wahl nicht gewinnst und dann kann doch dein ganzer mafioser Clan wie es ja auch bei harvek wunderbar vorher herrscht kann ja dann gar nicht mehr Regierungen bzw irgendwelche Macht ausüben das wird man natürlich ganz ganz stark unterbinden deswegen möchte man sich hier auch abgrenzen das ist wie Marketing du darfst eben niemals einfach nur deinen Konkurrenten kopieren weil dann bist du einfach nur eine billige Kopie du musst authentisch sein du musst einzigartig sein und das versuchen die hier verzweifelt wobei natürlich auch viele Themen die ihm die AFD angesprochen hat hat damals die CDU angesprochen ne das konservative eigentlich und jetzt mittlerweile versuchen die Rechten Links zu sein links links orientierten Recht zu sein also es hat sich wirklich einiges getan übrigens auch dazu gibt es von Wagenknecht einige Aussagen hier auf dem Kanal wir starten jetzt direkt rein Olaf Scholz fangen wir am besten mal mit seiner Aussage an die Partei also die AFD stellt mit ihrer feindlichen halten Haltung gegenüber der Europäischen Union sogar die Grundlage unseres Wohlstands insgesamt in Frage und will alles verhindern was nötig ist dass Deutschland ein modernes Industrieland bleibt herr Scholz sie haben nichts verstanden die AFD ist für mich persönlich in der Recherche der letzten drei Jahren die einzige Partei gewesen die beispielsweise gesagt hat hört auf irgendwelche politischen Dinge Moralvorstellungen an die Politik an die Spitze zu lassen sondern wirtschaftlich sollte es doch sinnvoll sein es gab beispielsweise auch Ungarn die denken nämlich auch nicht in politischen Mustern wer der Böse ist wer der schlimme ist oder wer der gute ist weil man kann das nie sagen jedes Land hat direkt am Stecken sind aber ehrlich und das hätte man auch hier bei Deutschland wenn man eben auch russische Energie trotzdem bezogen hätte die AFD war einer der wenigen Parteien die gesagt hat Deutschland muss Vermittler Rolle spielen und die AFD war auch mit vielen Meinungen gegenwaffenlieferung also ich weiß nicht wie das ein modernen Industriestaat oder Industrieland da gegeben dagegen steht auch die AFD hat beispielsweise die ganze Umweltpolitik und die grünen Politik hier bis aufs härteste kritisiert herr Scholz also sie haben hier eine unqualifizierte Aussage getätigt das muss ich hier an dieser Stelle festhalten und nicht unser Wohlstand ist hier in Gefahr sondern ihr Wohlstand das hat er natürlich hier nicht gesagt ne warum weil natürlich man muss immer wieder den Leuten das Ziel muss man das vernehmen das eigentliche nämlich die eigene Interessen hier geht es um den Wohlstand von allen Politikern in den Grünen in den anderen Parteien in CDU SPD weil die eben nicht mehr wieder gewählt werden das ist der entscheidende Punkt da nicht um unser Wohlstand ich kann mich nur daran erinnern dass eine Alice Weidel auch beispielsweise ein Vorschlag gebracht hat dass natürlich AKWs weiter betrieben werden sollen dass die Energiesicherheit und damit auch ein moderner Industriestaat hier ermöglicht wird nämlich dass wir überhaupt noch eine Industrie haben Herr Scholz und sie haben einfach nur nichts dagegen getan als irgendein Kinderbuchautor nämlich habe hier versucht hat die AKWs und das auch erfolgreich abzuschalten Friedrich Merz hat dann auch noch mal gesagt dass er erneut kategorisch mit der AFD nicht zusammenarbeiten wird da herzlichen Glückwunsch und natürlich kommt jetzt auch hier das beste Statement nämlich von Hofreiter und der ist tatsächlich über das Pulverfass hinausgeschossen er bezeichnete nämlich die AFD tatsächlich als Vertreter bzw als ja Volks äh ja Menschen kann man sagen das heißt dass sie sich gegen Deutschland stellen na also hier die AFD ist überwiegend eine Truppe von Landesverrätern die nicht im Interesse unseres Landes sondern im Interesse gegen logischer Mächte agieren Herr Hofreiter bitte vor der eigenen Haustür kehren wenn ich jetzt eine Umfrage hier auf dem erfolgskanal und das werden wir nach diesem Video tun findest du wenn du auf den erfolgskanal drückst und dann auf Community gehst werden hier eigentlich die Interessen unseres Landes vertritt dann sind wir doch mal gespannt ob es dann nicht doch eher die Grüne Partei ist die hier als Landesverräter wahrgenommen werden also wer im Glashaus sitzt sollte nicht mit Stein,OK
BjIpufQd7sw,"[Musik] [Musik] [Musik] [Musik] [Musik] [Musik] [Musik] [Musik] ich ich ich ich ich ich ich ich ich ja also ich bin mir sehr sicher jeder von euch kennt so ein Menschen der so drauf ist so ein Narzissten oder so eine narzisstin aber sind wir nicht alle so ein kleines bisschen narzisstisch mein Name ist Kate herzlich willkommen beim arte Saloon und wir sprechen heute über diese leise bis laute Stimme in uns die nach Anerkennung schreit wir sprechen heute über Narzissmus [Applaus] [Musik] [Applaus] [Musik] ja also wahrscheinlich wenn wir das mal so ganz grob runterbrechen würden die meisten von uns sagen narzisstische Menschen das sind Leute die glauben die sind geiler als alle anderen die sind besser die sind toller die haben mehr verdient etc pp und wir haben auch das Gefühl wenn wir uns umgucken dass wir gerade überall Narzissten sehen und gleichzeitig werden wir genau für diesen Menschen immer wieder gewarnt die sind nämlich total schlecht wir glauben das ist alles ein bisschen komplexer und vor allem auch interessanter deswegen freue ich mich mega auf die Diskussion mit euch hier im Publikum im Salon mit euch zu Hause in der Community bei Youtube und natürlich mit den tollen Gästen die wir hier heute haben das wäre deswegen herzlich Willkommen an euch drei heute zu Gast ist Pablo haaremeier er ist Psychiater und er sagt über sich selber er ist ein netter Narzisst schön dass du da bist zugeschaltet ist Professor Mitja back er ist Psychologe und er sagt die ganzen Vorurteile und Mythen hier ist über Narzissmus gibt die stimmen alle nicht unbedingt ich bin sehr gespannt hallo Micha hallo und auf eine Dame freue ich mich hier natürlich auch ganz besonders simone hesereitz hat selber auch schon Erfahrungen mit Narzissten machen müssen und leitet eine Selbsthilfegruppe für Menschen die in narzisstischen Beziehungen gelitten haben Simone schön dass du bei uns bist und auch ein sehr wichtiger Mann in dieser Runde er ist das Auge in unserer Community sieht also ganz genau was ihr für Fragen habt was ihr für ein Input habt und bringt das hier in unseren Saloon mit allen ist sozusagen mit mir zusammen eure Abendbegleitung Leon hallo von mir hallo vom Auge hallo von der Abendbegleitung ich bin mit euch im Chat und wir haben im Vorfeld schon einige Beiträge hier auf dem Alter YouTube-Kanal zum Thema Narzissmus veröffentlicht da bin ich mal in die Kommentare reingegangen habe da das Auge gespielt und da ist uns aufgefallen dass euch das Thema Narzissmus beschäftigt dass er viele Fragen habt zum Beispiel narzisstischer Mensch ist das immer ein schlechter Mensch oder auch wie sollte ich mit Menschen umgehen die narzisstisch sind die Fragen versuchen wir heute zu klären falls ihr weitere Fragen habt einfach in den Chat reinschreiben ich versuche dann die Fragen hier in die Runde zu geben und wir diskutieren drüber genauso machen wir das und ich würde sagen wir starten direkt mal rein Mitja du forscht als persönlichkeitspsychologe zu Narzissmus wenn sich also eine auskennt damit dann bist du angenommen es steht jetzt vor mir ein Narzisst oder eine narzisstin wie erkenne ich das ja bei dieser Persönlichkeitseigenschaft dreht sich alles um du hast schon angesprochen kann diese tät dieses Anspruchs denken die Streben nach Status wir können das einerseits sehen in dem strahlen wenn sich die Möglichkeit für Bewunderung gibt aber auch in den Ellbogen mich dann wenn es vielleicht Kritik gibt oder andere die Show stehen also verschiedene Facetten an dem das erkennen können Simone mit genausoem narzisstischen Menschen wie Michael jetzt auch gerade beschrieben hat was du ja lange Zeit zusammen erkennst du da jetzt auch ein paar Dinge wieder die mich ja gerade gesagt hat ja absolut natürlich ist der Unterschied wann wir das ganze krankhaft Mann sind nur narzisstische Anteile das ist sehr komplex absolut wie war das denn am Anfang für dich also du hast diesen Menschen kennengelernt was hat dich ganz besonders an ihm fasziniert meistens gibt es ja so Phasen und die anfangsphasens meines diese laufbombing-phase also man wird schon mit Liebe überschüttet und meint man ist jetzt angekommen die Göttin das ist die Liebe fürs Leben und auf dieser Welle schwebt man erstmal und das war dann auch bei dir so ja das ist eigentlich auch Sinn Erfahrung von den Mitgliedern der Gruppe ja meistens so mal mehr mal weniger man kann natürlich nicht pauschal das immer so eingrenzen aber diese Phase gibt es natürlich wenn sonst stockt er ja nicht an nee er muss sich schon ganz toll geben und machen und trotzdem bist du ja dann auch irgendwann an den Punkt gekommen dass du gesagt hast dieser Mann ist ein Narzisst woran machst du das fest auch heute noch ja das ist ein Prozess also das ist kein keine Serie von heute auf morgen passiert sondern es ist ein langer Prozess und nach diesen Phasen das laufbombings kommen ja dann diese Dinge wie Abwertung und Manipulation das ist ein weiter Weg manche schaffen es da niemals raus denn das Selbstbewusstsein leidet immens und ja man muss wirklich den Punkt finden aus eigener Kraft noch sagen zu können ich muss da raus das ist eine ganz giftige Beziehung ich habe das geschafft und viele andere haben es geschafft aber es ist sehr schwer ich könnte mir aber auch viele die da noch drin stecken und ich glaube es gibt auch viele Beziehungen so aus dem von Menschen die im Krieg waren die sehr alt sind die dann natürlich oft dann nicht mehr rauskommen weil auch dann so finanzielle Dinge und Abhängigkeit eine große Rolle spielen und darf ich fragen wann bei dir dieser Punkt erreicht war dass du gesagt hast okay ich bin hier raus das funktioniert nicht jetzt ist es vorbei ja aber hab vorher schon gemerkt dass ich eigentlich da raus muss aber wusste auch nicht wie okay also erstmal ganz großen Respekt dafür dass du das jetzt hier auch so offen sagst dass du so offen damit umgehen kannst weil das ist glaube ich schwierig auch sich da überhaupt rein zu versetzen was das mit einem macht wenn man das selber nicht erlebt hat ja natürlich also das ist ein Prozess den muss man dann auch ja aufarbeiten und mit Sicherheit auch begleiten mit einer Therapie um seinen Weg wieder zu finden okay okay wow also wirklich vielen Dank dass du da so offen bist Pablo ich bin mir relativ sicher dass du in deiner Praxis natürlich auch viele Narzissten hast viele Menschen die vielleicht auch mit einer ähnlichen Geschichte zu dir kommen wie Simone oder meistens sogar also die mal die Befürchtung dass ich nur Narzissten habe als Klienten ist gar nicht so also ich habe tatsächlich wirklich mehr Simone oder ähnliche Fälle die daran leiden oder in so einer Beziehung sind und nicht dem gar keinen Namen geben können depressiv ängstlich sind und dann entpuppt sich das so und heute wissen wir weil das Wort über allem Gebrauch ist ist das so ein bisschen dass das Ticket dass die meisten dann ziehen um kommen dann in Therapie zu mir und dann fangen wir erstmal an zu gucken was ist denn das überhaupt ist es wirklich Narzissmus oder noch mehr oder was anderes ich glaube ich muss kurz auf das andere Mikro wechseln wenn jetzt Simone damals in diese Situation zu dir gekommen wäre zu diesem narzisstischen Menschen was hättest Du ihr da geraten also ich bin tiefenpsychologisch ich berate ganz wenig sondern ich höre mir erst mal an was was da ist und versucht das so zu verstehen wie wie Simone ist es erlebt und daraus kann man dann so Hypothesen und Strategien entwickeln was für Sie am besten ist und da sie ja die Trennung geschafft hat wäre wahrscheinlich irgendwann meine Empfehlung oder das entsteht ja dann irgendwie als Thema zu gehen als bessere Variante gibt natürlich noch Schattierungen dazwischen ob man dann doch bleibt und versucht es den Lieblings Narzissten irgendwie einzufangen und und irgendwie etwas weniger kleiner zu machen und so aber das sind wenn das nicht ging dann ist es wahrscheinlich die richtige Entscheidung gewesen ne gehst du damit ja auf jeden Fall ich glaube wichtig ist hier wirklich so ein bisschen zu differenzieren also erstmal muss ich sagen auch von mir hut ab und vor allen Dingen das Simone so jetzt umsetzt dass du in diesen Fällen die wirklich ja sehr schwer allein zu lösen sind diese Unterstützung anbietest ich glaube was wichtig ist dass du differenzieren von der von dem Verständnis von Narzissen muss also weil wir schon sehr viel jetzt mittlerweile mit so solchen dramatischen Labeln kommunizieren wie toxisch wie gaslighting äh auch die Beschreibung war jetzt sehr strategisch manipulativ und was wir Forschung wissen dass das eigentlich gar nicht der Wesenskern von Narzissten von Narzissten ist nicht von Narzissmus ist es gibt bösartige Menschen es gibt Menschen die andere ausnutzen aber das ist nicht das was Narzissmus ausmacht natürlich manipulativen Bösartigkeit aber es nutzt uns nicht Narzissmus zu verstehen was nichts daran ändert das in diesen Fällen genauso was natürlich vorkommt im Chat ist schon einiges los und ich habe mir auch noch mal die Kommentare angeschaut die unter den YouTube-Videos standen habe mir da ein zwei rausgesucht in denen es auch darum geht dass Menschen in Beziehungen waren mit narzisstischen Personen hier zum Beispiel Thea unter dem Video ich das größte Narzissmus ich hatte oft Beziehung zu solchen Männern und Freundschaften zu solchen Frauen weil ich eher ein ängstlicher unsicherer Mensch war später hatte bei mir sogar eine Angststörung wurde festgestellt und Depressionen die habe ich immer noch aber Ängste zum Glück nicht mehr und ich erkenne mittlerweile recht schnell solche Narzissten ist das vielleicht mit ja die Frage ist das auch ganz typisch dass man an einer Narzissten Gerät wenn man selbst an Depressionen leidet eine unsichere Person ist diese Idee gibt es ja häufig so ein bisschen diese diese Opfer Idee die man von zwei Seiten denken kann entweder unsichere Menschen suchen sich sozusagen so eine Person die sehr stark dominierend ist oder dominierende manipulative Personen suchen sich eine Person die sie ausnutzen können empirisch finden wir das nicht also Imperium finden wir wenn überhaupt ein ähnlichkeitseffekt das Narzissten eher andere Narzissten suchen aber diese Effekt sind sehr klein das heißt die Quintessenz ist eher Beziehung gibt es in allen Kombinationen mit narzissteninnen und die sind meistens schwierig aber nicht immer jetzt manipulativ talks okay ähm wir haben noch eine Verständnisfrage ganz aktuell im Chat von Felix möchte wissen was ist denn eigentlich der Unterschied zwischen Narzissten und einem Egozentriker ist das auch eine Frage Anja oder Pablo ja kann das sicherlich gut beantworte sehr gut ich würde einfach sagen es ist ein anderer Begriff für eine ähnliche Verhaltensweise in Narzissmus als Begriff ist gerade Mode Egoist war vor 20 Jahren wurde kann ich nur zustimmen das auf jeden Fall einen Aspekt der bei nassismus mit einer Rolle spielt also egoistisches denken und auch Verhalten gehört auf jeden Fall dazu insofern sind es gar keine Gegensätze die wir irgendwie auseinander fliegen müssen okay vielleicht für dich Simone einfach nur um dir zu zeigen du merkst es selbst in deiner Selbsthilfegruppe aber du bist nicht alleine das ist Wahnsinn zu sehen dass zum Beispiel unter dem Video was ich eben schon erwähnt habe ich das größte Narzissmus steht ich habe in der Beziehung alles verloren miteinanderzistischen Person und die blauen Flecke auf der Seele sieht heute niemanden mehr ist das so ein also was trägt man noch davon selbst wenn man dann aus der Beziehung raus ist ich glaube da ist auch noch mal der große Unterschied gerade ich als gesunde Persönlichkeit in so eine Beziehung oder komme ich schon aus meinem Elternhaus aus nicht so gefunden Strukturen ich glaube das ist ein großer Unterschied kommt es schon sind die Wurzeln schon sehr schwierig dann hat man anderen Leidensweg man man sieht auch andere Menschen an die da nicht sehr gesund sind gegen mir genauso also da nicht nur in einer schlechten bezieh so an vielen schlechten Beziehungen weil ich meinen Mustern gefolgt bin was nicht heißt ist mir nicht hier und da mal ein normaler Mann begegnet aber die wollte ich nicht die waren einfach zu normal also ich bin immer ins Chaos rein und das muss man natürlich erkennen kommt man aus dem gesunden Elternhaus und gerät in so einer Beziehung ist es noch mal eine andere Geschichte ich glaube da ist es nicht einfacher man kann auch alles verlieren aber man kann wieder zu dem gesunden besser zurückfinden Dank also nochmal vielen Dank Simone Narzissmus kann zerstörerisch sein in Beziehungen und Familien das haben wir gerade auch noch mal von Simone gehört aber auch am Arbeitsplatz kannst kritisch werden in der Wirtschaft an unserem Arbeitsplatz kostet uns Narzissmus tatsächlich ordentlich Cash da sind wir auch richtig gut in unserer arte Doku wie werden wir Arschlöcher los Verhalten ist nicht nur für den Teamgeist gut es kann auch erhebliche Kosten sparen bis zu 24 Milliarden Dollar kosten Arschlöcher Unternehmen in den USA rechnete Roberts hatten bereits 2006 aus diese Summe schätzt der Wissenschaftler heute noch sehr viel höher ein satten nennt diesen Wert t.a.c die total asshole costs die beinhalten die Schäden an Opfern wie Kosten für Arbeitsausfälle und Motivationsverlust Kosten bei Management für das Schlichten von Streit oder auch um neues Personal zu finden Rechtskosten wenn idiotisches Verhalten so Rechtsstreitigkeiten führt und negative Auswirkungen auf das gesamte Unternehmen durch geringere Zusammenarbeit zwischen den Teams die Preisfrage ist wie ließen sich diese Kosten vermeiden die Antwort des Netflix CEO read Hastings er toleriere bei Netflix keine brillant Jerks also Mitarbeitende die fachlich brillant aber charakterlich sagen wir unvollkommen sind ja das ist auf alle Fälle ordentlich viel Geld lass uns das anscheinend kostet mit ja was sagst du zu den Berechnungen also erstmal ist natürlich ein legendäres Label total coasts wunderbar also ist glaube ich wichtig zu sehen dass Narzissten in im Arbeitskontext tatsächlich viele negative Konsequenzen haben können also zu viele Risiko gehen können was ein Unternehmen Probleme bringen kann wirklich Druck erzeugen zu wenig Informationen die alternativ nicht der eigenen Meinung entsprechen ja ähm zu integrieren und das kann reale Kosten haben wichtig ist glaube ich zu sehen dass es auch Narzissten gibt die ihre Arbeitsgruppe hier Unternehmen voranbringen die deren Risiko belohnt wird weil sie eben nicht auf andere hören und deswegen etwas erreichen was andere nicht tun das hat dann immer mit dem Kontext zu tun die uns befinden auch das Unternehmen sich befindet mit den weiteren Eigenschaften Fähigkeiten solche Personen mitbringen insofern kann man das nicht pauschal sagen aber ja Narzissten können große Kosten verursachen aber da sprichst du gerade auch einen sehr interessanten Punkt an um richtig erfolgreich zu sein im Job muss man da ein bisschen narzisstisch sein also man muss erstmal klug fähig sein mit anderen Menschen umgehen können das ist sicherlich zentral aber was wir wissen aus der Forschung ist des Narzissten tatsächlich leichter aufsteigen ja also wir sehen das sowohl in Experimenten die wir machen wir haben auch Studierenden mal 20 Jahre begleitet vom Studium bis in den späteren beruflichen Verlauf und wir sehen tatsächlich das Personen die eine stärkere Ausbringung Narzissmus haben diese Karriereleiter steiler aufsteigen also man hat einen Vorteil aber man muss natürlich kein keine narzisstischen Züge haben um erfolgreich zu sein Pablo gibt's manche Berufe bei denen du jetzt sagen würdest ja da gibt's ganz besonders viele Narzissten und narzissteninnen psychologische aus Heidelberg hat mal so eine Best of gemacht und da waren Politiker und Familienunternehmer Einzel also kleine Familie mit einem Geschäftsführer waren da so ganz vorne die sehr narzisstisch sein müssen auch um zu überleben um das hinzukriegen und man sich zu glauben und überzeugend zu sein natürlich in der Ärzteschaft da gehe ich mal gleich fange ich gleich mal bei mir an da freut man sich natürlich den weißen Kittel als Halbgott in Weiß über den Flug zu gehen zumindest dieses Label irgendwie zu haben das ist unbewusst heute würde man das wahrscheinlich bestreiten aber trotzdem ist überhöht und erhebt ein so ein bisschen also jeder Beruf glaube ich der irgendwie exponiert ist wo man das Gefühl hat man steht irgendwie ein bisschen höher im Status wird von Narzissten magisch ist angezogen oder umgekehrt ziehen sich gerne Narzissten fühlen sich Narzissten von angezogen und gehen da in die Nische rein ganz spannend finde ich den aktuellen Debatte aber ergänzt gerne sind diese diese selbst aufgebenden Jobs nicht wo ich mich opfere und das ist so ein bisschen das neue in der Debatte dass wir auch über diese narzisstischen Menschen sprechen die dann 500 Überstunden machen und oder die besten Psychotherapeuten sind und so die also auf alle Fälle Punkt und darauf selber definitiv auch später noch mal zu sprechen kommen ja genau wenn ich kurz reingrätschen darf also würde ich 100% über unterschreiben und auch den letzten Punkt gerne können wir darauf nochmal eingehen ich glaube was man schön sieht an diesem berufen die du auch genannt hast Pablo es geht wirklich um diese soziale Bewunderung ne und das eine die eine Möglichkeit ist dass über den sag mal Sozialstatus den bestimmte Berufe haben zu erreichen aber es gibt natürlich auch Berufe wie Medienbranche zum Beispiel auch wissen dass die das höher sind die man per se über soziale Aufmerksamkeit arbeitet also auch das ist ein Bereich wie viel Punkte hast du [Gelächter] es ist auch einiges los im Chat aber auch in der Community also nicht alle Fragen die ich jetzt hier habe kommen unbedingt jetzt gerade in der Sekunde aus dem Chat sondern das hier ist etwas was im Community Post vorab in der Sendung abgesetzt wurde da schreibt jemand dass er einen Kollegen hatte heißt die Person das Kommentars der auch Narzisst sein könnte er stellt das mit einem Fragezeichen immer dass die größte Freude bereitet die Fehler der Kollegen zu suchen er hat kleine Rechtschreibfehler in großen Mail Verteilern korrigiert und allgemein unter jedem unter die Nase wie viel gebildeter er ist als andere da ist jetzt die Frage wie erkenne ich denn jetzt wirklich ob das jetzt ein Narzisst ist also reicht das schon für Narzisst ja ja also das ist generell schwierig so Persönlichkeit zu erkennen an einzelnen Verhaltensweisen man würde es typischerweise dann so eine Aussage treffen können wenn man viele einzelne Hinweise findet und vor allen Dingen Hinweise darauf findet jetzt bei Narzissmus dass das was mit dieser Bewunderung im such nach Bewunderung zu tun hat ja das kann es kann auch eine Person einfach nur sehr penibel sein und nicht der verträglich und dann könnten ähnliches Verhalten rauskommen ne also da muss man schon ein bisschen mehr Hinweise noch finden wir noch eine Behauptung von why so serious zum Thema bestimmte Berufsgruppen Narzissten sind tatsächlich vor allem bei den Mädchen zu finden jedoch auch in der Politik und generell bei verantwortungsvollen Positionen kann man das so verallgemeinern stimmt das gibt es Berufsgruppen die da Betroffener sind ja auf jeden Fall aber auch hier ist wichtig zu sehen das sind kleine Mittelwertsunterschiede ja also wir finden das im Mittel der Score ein bisschen höher ist aber in all diesen Berufsgruppen finden wir die komplette Bandbreite von sehr wenig bis sehr stark nazistisch ja also auch bei Kindergärtner in oder Krankenpflegern finden wir Personen die sehr narzisstisch sind und auch unter Managern und auch in den Medienbranche finden wir Personen die sehr wenig Narzissten noch eine Frage an Simone wohin kann man sich dann wenden wenn man Opfer von narzisstischer Gewalt geworden ist ja also natürlich kann man sich wenn es nur psychischer Missbrauch ist und dann ist es immer schwierig also sobald den Spiel ist kann man ja auch an den weißen Ring gehen gibt es Anlaufstellen Frauenbeauftragte in den Städten ansonsten ja natürlich schauen ob in der Umgebung das Selbsthilfegruppe ist als also ich glaube ich habe viele die erstmal den Anlauf bei uns suchen und dann erstmal klar zu kommen um erstmal unter Menschen zu kommen die das Verstehen und von da aus dann weiterschauen also kommt immer darauf an schwierig ist es wenn ich wirklich nur diese psychische Geschichte ist weil das kannst du nicht einfach so Anzeigen zum Beispiel weil das kannst aber das hat halt kein Sinn also das bringt dich kein Meter weiter sobald Gewalt im Spiel sieht ein bisschen anders aus aber ja das muss man beweisen und beweisen ist fast unmöglich weil ja ich sag mal der Betroffene ist meistens auch emotional am Ende und dann wird sag ich jetzt mal der Narzisst gefragt der ist dann natürlich ganz taff und Sachen naja die hat sie halt nicht alle ne und die ist psychisch auch schon ein bisschen auffällig und schon bist Du eigentlich hast du ein ganz schlechten Stand das schwierig und dafür fehlt er die Wahrnehmung dafür bin engagiere ich mich besonders dass man sensibel ist wenn so ganz eindeutiges Stories die Frau ist bekloppt und ich weiß genau wie es geht wenn genau diese Story kommt und ein Richter im schlimmsten extremsten Falle kommt es auch vor gerichtlich die müssen sensibilisiert werden und dafür engagiere ich mich sehr dass die noch mal nachfragen und nachdenken bevor sie dann liegt die Schublade dann zu machen das ist denke ich ganz ganz wichtig dass Menschen überhaupt nach ja ja aber da sind wir jetzt sind wir jetzt live dabei jetzt ist es wirklich die Zeit und ich finde auch dass dann ein Buch da ist es großartig weil wir können auch damit beim Richter wählen oder keine Ahnung oder Leute informieren und aufklären und dann haben wir den sachlichen Anteil und die emotionalen Geschichten und alles zusammen überzeugend ja ich glaube gerade bei Richter also wir haben ja auch viele betroffen wenn sobald Kinder im Spiel sind also wenn es ein Pärchen ist mit gemeinsamen Kindern dann wird ganz übel und das vor Gericht ziehen dann meistens sag jetzt mal die Opfer die Betroffenen oft in kürzeren also die bekommen zum Teil ihre Kinder weggenommen weil er sich einfach besser verkauft sehr das erschreckende Frage gewesen wie wie häufig dass diese extreme ich würde sagen sehr häufig also ob das Kinder letztendlich weggenommen wird oder wenn es jetzt der Vater ist der toxisch ist sage ich mal hat sich bis zu dem Zeitpunkt überhaupt nicht um das Kind gekümmert oder interessiert aber sobald diese Beziehung zu Ende ist möchte man ja schon noch Schaden anrichten und zwar an dem Partner der das ausgestiegen ist und dann wird es meistens über das Kind betrieben und dann kommt es so auch so Geschichten wie jetzt das Wechselmodell oder oder die vorher überhaupt nicht interessant für ihn waren und dann werden auch Kinder damit involviert und das ist ganz schwierig aber es gibt sehr viele Fälle und also da kann ich auch nur ergänzen wenn wir dafür das Ausrollen wollen ein drei ein unter dreijähriges Kind in der prägungszeit wird der Mutter genommen weil sie eine Angststörung haben soll zum Beispiel Realität und jetzt wird es Wechselmodell bei der Mutter die jetzt zum Partner wieder gezogen ist zum getrennten Partner in die Nähe im selben wird verboten das Wechselmodell zu machen weil die hat ein Kind muss ja eine stabile Bindung aufbauen zum Vater drei Gerichte sind involviert drei verschiedene Richter die entschieden haben zwei verschiedene Landkreise einmal das Kind der Mutter genommen unter der Ansage die Bindung ist ist schwierig was nicht so bestimmt hat das war nämlich genau so eine Geschichte wie du erzählt hast und jetzt ist das Kind beim Vater und jetzt wird es genau umgedreht und der Mutter sozusagen vorgehalten dass sie keine vernünftige Bindung herstellen kann so diese Intoleranz wird dann oft genau ein Begriff der nicht wirklich definierte ja vielleicht weißt du Intoleranz ist die Fähigkeit oder Unfähigkeit den Partner auszuhalten oder das Kind beim Partner auszuhalten oder ich weiß es nicht also das ist wirklich wird glaube ich auch missbräuchlich das Korrigieren benutzt oder also ich glaube es gibt viele viel zu viele Begriffe erfunden werden neue hinzugefügt werden ich möchte noch mal dazu anregen so ein bisschen zu differenzieren also diese Fälle die ihr hier schildert aus der Praxis und aus der Beratung die sind glaube ich total wichtig die ernstzunehmen und auch aufmerksam zu machen es ist sind aber natürlich seltene Fälle also die meisten Beziehungen laufen nicht so und auch die meisten Beziehungen mit Narzisst innen laufen nicht so und das glaube ich eine ganz wichtige Differenzierung dass wir auf das eine aufmerksam machen aber nicht so tun als hätten wir damit Narzissmus verstanden sondern wir haben damit Menschen verstanden die ausnutzen sind manipulativ sind bösartig sind und auch narzisstische Züge haben ja und wir wissen dass unter diesen Menschen häufig auch Narzissmus gibt aber die allerwenigsten Narzissten sind bösartig und haben diese Züge und das ist der Wesenskern von Narzissmus das ist ein sehr wichtiger Punkt und ich glaube an der Stelle machen wir mal so einen kleinen Sichtwechsel und gucken mal auf die ich sage jetzt mal in Anführungszeichen Sonnenseite oder positive Seite wenn man das so sagen kann das Narzissmus mich ja du hattest vorhin ja auch schon so ein paar Sachen angesprochen was wären denn solche positiven Seiten die wir mit die wir Menschen mit narzisstischen Anteilen sage ich jetzt mal in uns haben vielleicht kann man es generell auch so begreifen das mit Narzissmus mit diesem dieser großartigen Vorstellung von sich selbst eine enorme Energie und Kraft verbunden ist und mit Kraft kann ich vieles machen ja ich kann Sachen kaputt machen ja ich kann Sachen zerstören weil ich kann eben Sachen auch erschaffen ja und diesen Kontext würde ich das so ein bisschen setzen Narzissten können verführen und das meine ich jetzt im im positiven Sinne also sie können andere Menschen begeistern sei es neue Freunde sei es Partnerinnen sei es im Job können Sie sich ihre charmante selbstbewusste Art und sozialen Raum schaffen der die Möglichkeit zum Kennenlernen liefert wir kennen das alle wenn wir andere Menschen kennenlernen dann kann das schnell so ein bisschen Ork wird sein ja wir wissen nicht genau was wir sagen sollen wenn ein Menschen sind die einfach in die Situation reingehen etwas tun dann mögen wir das und das ist nicht deswegen weil Narzissten hingehen und sagen so und jetzt führe ich die mal ich habe einen bestimmten plane Strategie eine Liste sondern die sind einfach so und sie zeigen Eigenschaften die wir dann positiv finden dass er so ein Beispiel Simone wenn du das jetzt so hörst mit den Erfahrungen die du gemacht hast was sagst du dazu also siehst du auch diese positiven Facetten sage ich jetzt mal besonders wirklich diese Gaben mehr Seele Quellen der steht keine Mittelpunkt aber wie gesagt das sind narzisstische Züge dieser positiv sind und genau also jetzt von deinem Mann kommen wir jetzt einfach mal zu dir Pablo du sagst ja über dich selber dass du einen ein netter Narzisst bist ne was was genau haben wir uns darüber vorzustellen was ist ein netter Narzissmus ich habe die Debatte für mich so eröffnet als ich dann das Buch geschrieben dass ich will auch nicht negativ darüber berichten ich will natürlich erzählen von den Schattenseite aber auch von den von der Energie der Lebensenergie und so und als dann das Cover fertig war vom Buch und ich im Hinterkopf noch eine Kollegin hatte die sagte du bist auch ein bisschen narzisstisch aber netter das hätte ich noch im Hintergrund habe ich dann das Cover korrigiert und hat netter Narzisst drauf geschrieben seitdem ist es so und ich die Definition von netter Narzisst ist ziemlich tragisch also ich weiß nicht ob es eine gibt aber ich habe eine mal gehört die heißt der ist für eine Stunde gut auf einer Party aber nicht wirklich ist bereit und dann habe ich mir gedacht ach scheiße jetzt habe ich dieses Label aber okay ich trage es mit Würde und und bin weiterhin nett und ja so also genau das ist interessant wann war denn so dieser Moment oder was war das für ein Gefühl also dich zum ersten Mal mit deinem eigenen Narzissmus konfrontiert gesehen hast weil ich meine du sagst es ja gerade selber das ist ja jetzt nicht gerade so ein Label dass man sich gerne aufdrückt dass man sagt ja ich bin Nation und die Kollegin hat es ja auch gemerkt ne dass du bist auch so eine und dann gleich netter ich habe das gemerkt weil einmal wir machen selbst Erfahrung in der Psychotherapie Ausbildung müssen wir uns selber offen auf auf die Couch legen und kriegen dann so ein paar Sachen mit wie wir die Welt sehen was wir in die Welt senden und so und dann kam das schon mal kam das schon raus aber richtig deutlich wurde und ich auch selber dachte wow das ist wirklich so dass wenn auf die auf der psychiatischen Aufnahmestation die neuen Patienten kam die nazistischeen haben die mir immer geschickt weil die gesagt haben der Pablo kommt da besser mit klar und das ist ja dieses Ähnlichkeitsprinzip das dass die sich halt zusammenrotten und ich konnte dann irgendwann an den Sitzgruppen Wissen Depression Ängste Persönlichkeitsstörung die Sachen immer zusammen und ich hatte dann sehr häufig dieses Persönlichkeit gestörten Menschen okay und was sagt deine Frau dazu oder wie ist deine Frau damit umgegangen naja die fand es auch gut aber nachdem ich jetzt Prinzip habe ich sie natürlich auch in meinem ersten Buch so ein bisschen auch entlarvt und wer das Buch zu Ende gelesen hat weiß dass sie mich dann in ihrer narzisstischen Art verdeckt dann über überholt quasi im Status und sie kommt in der Realität mit mir sehr gut klar weil wir uns da ganz also wir sind gar nicht so pathologischen narzisstisch wie man das vielleicht dann doch vielleicht vermutet sondern wir verfolgen halt jeder für sich hat seinen haben seinen eigenen Bereich und treffen uns im Grunde genommen an der Schnittmenge und haben sehr viel mehr Gemeinsamkeiten als Trennendes und das ist ja auch ein ein wenn man so will eine Garantie für eine lange Beziehung dass man mehr Gemeinsamkeit als Trennendes hat und so verfolgt jeder seine seine Illusion und Ideale und scheitert und ist erfolgreich eine normale Beziehung in diesem auf diesem Niveau dann sozusagen okay also falls jemand das Buch von Pablo noch nicht gelesen hat das heißt gestatten ich bin ein Arschloch ich finde den Titel auch ganz grandios Simone würdest du oder hättest du Pablos Frau in deine Selbsthilfegruppe eingeladen du bist eine gute Frage ich glaube nicht ich weiß nicht ob sie wirklich gelitten hat aber also oder alleine ich glaube sie hat ja auch narzisstische Anteile und in der Mitte treffen sie sich und dann kann das funktionieren ja ich habe mal so ein kleines Stimmungsbild aus dem Chat man kann nämlich im Chat Umfragen stellen und da haben wir gefragt ist Narzissmus immer etwas Negatives fast jeder zweite sagt es ist immer schädlich aber wir sind dabei 40 %, aber und auch diese Kommentare habe ich gesucht es gibt auch Menschen die sagen es hat auch was positives Niko zum Beispiel schreibt es ist sicherlich eine Quelle für extremsische Motivation und Samuel schreibt der Narzissmus sorgt dafür dass ich einen sehr starken positiven Tatendrang entwickelt habe um diese Bewunderung auf der Arbeit aufrecht zu halten ja ist motiviert ja aber ein Risiko ist natürlich dass man mit dem Arsch einreißt dass man mit den Händen aufgebaut hat ja das ist was ich häufig auch höre und selber auch bei mir mehr habe so oder dass man sich gierig überfrachtet mit Projekten und ja das mache ich auch noch und so und so ein bisschen Timeline ist uns also nicht kapiert dass man irgendwie auf 24 Stunden hat zur Verfügung am Tag also der deshalb auch ganz spannend man hat so man dann habe ich jetzt ADHS oder bin ich jetzt Autist das ist auch so Fragen von von Klienten weil die weil die dann auch so weiß nicht wie das ist da die Überlappung das weißt Du besser ähm das sind auch Merkwürdigkeiten die dann Narzissten oder Glauben Menschen die narzisstisch sind oder meinen zu sein die das dann auch haben ja also die wirklich so für sich sind und irgendwie nicht links und rechts gucken und auch nicht merken wie die Zeit vergeht oder wie sie nicht merken wie sie sind Projekten in Sand setzen und da ist sehr hilfreich also das Mädchen der Therapie wenn ich meinen narzisstischen Klienten sage dass das unbewusst passiert Psychologe also gebe ich den die Möglichkeit sich darüber so ein bisschen zu entschuldigen den Druck rauszunehmen dass die Schuld sind das ist ja schwer zu ertragen wenn ich bin schuldig ich bin Narzisst und so und das ist eigentlich ganz schön weil da ist dann so ein Raum wo sie sich dann aktiv gestalten können und ihre Narzisst man reduzieren können oder oder besser einsetzen können das ist nicht so schädlich ist ja genau die direkt dazu ich glaube nur was sehr schön beschrieben habt dass sowohl so positive als auch negative Seiten hat ich glaube man muss da gar nicht so viel rein zaubern sondern das wirklich einfach ein Lebensstrategie wie viele andere Lebensstrategien und das eine die sehr viel aufs Vorankommen setzen ne auf diese Bewunderung und dann bleibt eben weniger Energie für das Zurechtkommen mit anderen übrig ja und diese das ist eine Strategie die extrem ist in dem Sinne weil sehr sehr viel auf das Vorankommen gesetzt wird und deswegen ist die riskant ne weil viele erreicht werden kann aber auch da andere Sachen zu kurz kommen weil viele Risiko gegangen wird aber es ist eine von vielen Lebensstrategien die nicht weniger bewusst unbewusst gefährlich ungefährlich ist als andere auch jetzt haben wir eine Frage die natürlich in diesem ganzen Zusammenhang weil wir hinterfragen uns natürlich auch alle glaube ich auch im Laufe des heutigen Abends immer mehr selber wie wird man eigentlich Narzissten oder Narzisst in der arte Doku wie werden wir Arschlöcher los wird genau dieser Punkt noch mal ganz genau aufgegriffen Egoismus ist also die Grundlage für viele unsoziale teilweise bösartige Verhaltensweisen wie Narzissmus oder Sadismus doch warum verhalten sich manche Menschen mehr andere dafür weniger egoistisch und wieso gibt es ihn überhaupt den Egoismus die Tendenz uns um unsere eigenen Bedürfnisse zu kümmern und die auch in den Mittelpunkt zu stellen die ist uns angeboren und die hat auch in unserer Entwicklungsgeschichte ihre Funktion also wenn wir als Spezies uns nicht zentral um die eigenen Bedürfnisse gekümmert hätten hätten wir nicht überlebt und gleichzeitig ist es ganz wichtig zu sagen dass wir als BZ jetzt auch nicht überlebt hätten wenn wir uns nicht übereinander gekümmert hätten also auch die Tendenz uns großzügig hilfsbereit mitfühlen zu verhalten ist uns angeboren aha Komponente eins unsere Gene Studien gehen davon aus dass bis zu 50% unseres Verhaltens von ihnen bestimmt wird und damit ob wir eher soziale oder egoistische Tendenzen besitzen [Musik] ob allerdings jetzt nur weil einer predisposition vorhanden ist sich egoistisch zu verhalten Menschen ist auch tun also zu Egoisten werden das hängt von zahlreichen Umwelteinflüssen und Lernerfahrung hat dazu zählt natürlich Erziehung aber auch später Schulzeit aufwachsen Freunde und so weiter mit ja also heißt das wenn meine Eltern Narzissten sind bin ich chancenlos und werde auch automatisch Narzisst was das dann es gibt weiterhin alle Chancen und man muss die eine und andere Richtung weder positiv noch negativ sehen aber es gibt eine höhere Wahrscheinlichkeit dass ich auch narzisstische Züge entwickle und das liegt in der Tat ähm zum großen Teil an den gehen das ist relativ gut abgesichert das 50% auch der Unterschied in Narzissmus genetisch verankert sind aber 50%. ich finde das schon ziemlich krass kann man Narzissmus einfach halbieren oder wie wir haben uns darüber zu stellen wir sehen ja Unterschiede im Narzissmus die wir einfach beobachten und dann kann man sich fragen woran liegt das und ein großer Einflussfaktor sind eben die die Gene die hier dazu beitragen man kann es jetzt im individual fallen nicht sagen so und so viel Teil ist jetzt genetisch verankert aber Gene spielen hier ein starken Einfluss das heißt aber auch das andere Faktoren gibt ne also das 50% genau das sind dann die gesellschaftlichen Faktoren Erziehung Freunde Erlebnisse wie genau weiß man das also was gibt's dafür Punkte die noch wichtig sind also was glaube ich ganz entscheidend ist dass man eben nicht nur auf die Erziehung schaut also lange Zeit hat man gerade beim Thema Narzissmus im Prinzip geschaut ja okay das muss irgendwie eine Erziehung liegen und meistens mit der Idee dass irgendwie so eine kalte Erziehung die dann kompensiert werden muss über den Narzissmus dafür finden wir tatsächlich nahezu keine Evidenz also und zwar einmal sehen wir dass die Erziehung selbst für die Persönlichkeitsentwicklung gar nicht so einen großen Effekt hat haben hat die wir häufig angenommen haben ja sondern das was die Eltern mitgeben wird zum großen Teil über ihre Gene weitergegeben und sind andere Faktoren die meistens gar nicht so berücksichtigen Freundesgruppen Schulzeit beruflicher Werdegang Erfahrungen Liebesbeziehung alles sind Punkte die wir viel stärker berücksichtigen müssten und dann auch in Kombination mit der genetischen Disposition aber Erziehung ist dramatisch überschätzt und dann meistens auch noch weil verstanden Pablo wenn du jetzt mal so zurückdenkst an den kleinen netten Narzissten was hat denn dazu geführt dass er sich ja zum zum Erwachsenen netten Narzissten entwickelt hat ja also es gibt diese Einzelerfahrungen die ein gekränkt haben also über die Kränkung haben auch sehr viel diskutieren mit Narzissmus übrigens auch sehr spannend ob es das wirklich gibt oder nicht aber die die Einzelerfahrungen sind natürlich entscheidend dass man merkt wenn man es über sensibel auf Kritik z.B oder man ist sehr man springt sehr schnell auf Belohnung oder auf Anerkennung an ja das ist so kleine sucht Moment gibt von Anerkennung und Bestätigung und Sensibilität auf Kritik das sind so Mechanismen aber da ich ja eh kaum also nicht so richtig hoch Score oder als Narzissten würde ich das immer abstrahieren und würde sagen das wenn ich meine großkalibringen Narzissten aus der Therapie Frage und die mal so zusammenfassen als Einzelfälle dann sind es häufig Dinge die so so eine Kombi so eine Mischung also es ist manchmal das Gefühl die Eltern ich Erziehung die Kälte oder die Wärme mit ja du sagst das ist das das ist nicht nicht sicher das glaube ich sehr gerne dass das in der Masse dann verschwindet aber in der in der in den Einzelfällen wo ich dann so tiefer bohre da findet man immer wieder einen guten Grund narzisstisch wenn man so will zu kompensieren oder eben diese diese Veranlagung dann dass die sich dann da zeigt und das ist sehr individuell also ich würde das würde mir sehr schwer tun bei mir einzeler Erfahrungen Genetik wahrscheinlich sind dass die beiden Faktoren ähm und auch vielleicht so eine Mischung aus Neugierde also ich sehe mich eher als neugierigen Menschen der der Sachen also wie mich auch sagt der sich sozusagen reinschmeißt und guckt was passiert also nicht so viele Ängste hat natürlich Ängste schon hat aber sich das irgendwie zutraut und eigentlich eine höhere Selbstsicherheit hat als andere in dem Moment oder sie es vorgibt zumindest ja und damit dann es schafft und dann ist es auch viel Glück also es ist auch so ein bisschen der der viel versucht der hat dann auch mal dieses serendappity Moment also das die glückliche Fügung ja also dass ich das Buch vor drei Jahren geschrieben habe und das in der Pandemie rauskam hätte ich auch nicht geplant ne also das sind also Glücksmomente wo man dann plötzlich sichtbar wird und wenn man dann in dem Moment dann auch die Leistung während wenn man es Leistung nennen mag bringt oder performt oder abliefert und dann kommt das gut an dann ist das ein Match dann passt das und dann ist es dann dann passiert und wenn ich mich dann ständig um sowas kümmere also und andere Dinge vernachlässige dann ist die Wahrscheinlichkeit dass man eher erfolgreich ist tatsächlich statistisch gesehen einfach höher ja absolut oder ich würde trotzdem gerne noch mal auf diesen Aspekt mit Erziehung eingehen denn das was wir ja auch immer mal wieder hören und suggeriert bekommen wenn du dein Kind wie einen kleinen Prinzen oder eine Prinzessin aufwachsen lässt die ganze Zeit sagt du bist besser du bist was ganz Besonderes dass das doch Narzissmus fördert was sagt ihr dazu also ich glaube dann machst du ich glaube das wenn wir Kinder fürs kacken loben das müssen wir halt irgendwann aufhören also wenn wir sie zu sehr auf ein Podest stellen ist schwierig und für keine wirkliche Leistung sondern wenn wir sie nicht liebevoll als Mensch spiegeln dann dann züchten wir uns eher jemand der belohnungsorientiert und und anerkennungsorientiert sich programmiert so genau das schöne ist was er immer daran aussieht dass wir so in der allgemeinen Diskussion darüber alle möglichen Gründe heran ziehen die potenziellen Erziehung liegen sich auch zum Teil ja widersprechen ne also einmal ist die kalte Erziehung aber die lobende das was sie aus der aus der Forschung wissen gibt gar nicht so viele Studien weil das ganz schön anstrengend Kinder und ihre Eltern dann wenn die Erziehung passiert mehrere Jahre zu begleiten das was wir wissen es ist tatsächlich dieses beschrieben hast Pablo diese übermäßige übermäßige loben ja also wenn ich Kinder die ganze Zeit stelle ja das ist niemand kann so schön singen dass der schönste Bauplätze im Turm der jemals gebaut wurde ja diese Form von Erziehung die hängt statistisch mit einem höheren Narzissmus der Kinder später zusammen das sind kleiner Effekt ne von dem Hintergrund des Erziehung generell nicht so starken Effekt hat wenn das aber wahrscheinlich die erziehungsanteil am ehesten beitragen es ist ganz spannend was gerade im Chat auch passiert weil hier auch eifrig diskutiert wird wir haben so zwei Diskussionen einmal hier spannend und ich darf noch den Chat mitlesen Bernd Thiel schreibt zum Beispiel Narzissmus gewöhnt man sich nicht an man wird dazu gemacht ist jetzt die Frage wird man wirklich dazu gemacht oder hat man selbst noch Einfluss mit Ja man hat selbst Einfluss ne also wir sind wir sind schon auch die ja wir sorgen selbst für unsere Persönlichkeit ja wir suchen uns Situationen die dann wieder etwas mit uns machen aber das nicht zufällig welche Situation wir uns suchen also wahrscheinlich ist so wie auch geschrieben hat in dieser Mischung wir haben vielleicht ein genetischen Einfluss der diese Neugier diese Lust auf Neues dieser sozial Lust auf soziale Bewunderung haben dadurch tun wir bestimmte Dinge die uns dann wieder bestärken und daraus kann so eine Entwicklung ja von vonstatten gehen aber es nicht so dass wir irgendwie hilflos von irgendwem zu Narzissten gemacht werden okay ähm es geht weiter mit Mister broken der fragt ob es geschlechtsbezogene Unterschiede bei der Ausprägung und den Symptomen das Narzissmus gibt vielleicht auch wieder mit Ja ja das ist ja so ein auch so ein sehr interessante ist ja wenn wir über Narzissten Narzissten nachdenken dann fallen uns meistens Männer ja wenn wir aber schauen in großen Metern Analysen dann sehen wir der Unterschied im Narzissmus dieser mittelwertsunterschied der ist wirklich sehr sehr klein nur ja das heißt wir haben bei Männern als auch bei Frauen als auch bei anderen Geschlechtern die ganze Bandbreite im Narzissmus wieder vorliegen wo wir so kleine Unterschiede finden ist ähm in dem Ausleben das bei Männern ein bisschen offensichtlicher ist dass die Ellbogen ein bisschen stärker rauskommen und es ist ein paar so Geschlecht stere type Effekte gibt es Männer vielleicht eher mit dem Beruf und Frauen eher mit dem Aussehen den Narzissmus ausleben aber auch das sind wieder nur kleine Unterschiede und es gibt auf all diesen Spielfeldern ähm alle Geschlechter die sich da beteiligen das heißt ähm über das Geschlecht ja über die Kenntnis des Geschlechts können wir sehr wenig auf den Narzissmus zurückschließen eigentlich okay noch mal eine Rückfrage zu der Geschichte mit der Erziehung hier wird Mister broken den eben schon zitiert habe fragt noch mal warum sollte der Einfluss der Erziehung in dem Fall so gering sein Pablo vielleicht kannst du da auch also ich habe im letzten Buch kurzer Werbeblock da habe ich so eine Frage bezüglich Erziehung und da ist der wohl der Unterschied ist nicht meine Studie sondern von Robert Nestl die läuft das macht er glaube ich auch noch ist noch noch gar nicht viele Ergebnisse aber da ist die Idee dass wenn man eher kränkungserfahrung hat als Kind und verunsichert wird dass man dann so Neurotizismus entwickelt als Kind also das ist wohl also mit der korrigiere mich aber da ist man so eher so ängstlich unsicher im Selbstwertgefühl und da kann man natürlich dann kompensieren dass man eben versucht toller zu sein als Mann ist oder als man sich zutraut oder eben diese leicht kränkbare Typus wird von Narzissmus der der eigentlich gar nicht so in die Gänge kommt aber sich ständig zurückgesetzt fühlt und eigentlich von davon träumt großartig zu sein auch eine spannende Frage ich mache einfach mal weiter weil so viele im Chat passiert Stefan genoski fragt mich interessiert ob auch der so zu ökonomische Status also das Milieu in dem man aufwächst damit man damit zusammenhängt gefühlt wird ich sagen das reiche also wohlhabende Menschen eher zum Egoismus und zum Narzissmus neigen beziehungsweise auch ihre Kinder entsprechend prägen also kurz gesagt sind reiche da anfälliger ich glaube ja aber Micha du weißt es besser ne ja ich glaube schon also wir haben mal mehrere Studien gemacht mit Millionären also die tatsächlich über mir eine Millionen Millionen flüssig haben und da sind wir tatsächlich höhere Ausprägungen Narzissmus interessanterweise aber er in diesem strahlenden Aspekt und weniger in den Ellbogen also es gibt auch viele Ideen das jetzt reichen Menschen besonders unverträglich werden darf aber wenig Evidenz gefunden aber sie sind von sich selbst überzeugter auf jeden Fall und wir sehen das interessanterweise diese diese Neigung stärker bei Millionären die selfmade Millionär sind bei solchen die das nur geerbt haben es könnte also sein dass das auch ein Hinweis darauf ist das solche Eigenschaften gerade wieso so was wie Risikofreude eben Teil auch mit beiträgt zu einem höheren Status den Menschen erreichen das passt zumindest auch zu dem was wir wissen über den beruflichen Aufstieg jetzt wollten natürlich auch wissen wie ist es denn bei Euch da draußen in der Community wir haben Community Post abgesetzt vor der Sendung und habe gefragt haben gefragt habt ihr narzisstische Züge dann 35.000 Menschen mitgemacht 43 % haben gesagt geht so habe nur ein paar narzisstische Züge 38% sagen nö gar nicht und 10% ja ja krass also Umfrage zeigt dann so im Prinzip die meisten sagen Narzissmus ist jetzt keine sonderlich gute Eigenschaft deshalb vielleicht auch diese knapp 40 Prozent die sagen ich bin überhaupt nicht narzisstisch aber sorry da müssen wir euch leider enttäuschen das kommt jetzt nämlich eine unangenehme Wahrheit Pablo du würdest es würdest sagen vergiss es wir sind alle mehr oder weniger narzisstisch oder ja klar das ist eine dimensionale Geschichte da ändert sich ja auch die hat sich jetzt die Nomenklatur auch geändert deswegen weil die Realität der der bisherigen Einteilung der Persönlichkeitsstörung sozusagen überholt oder oder korrigiert hat das heißt ich bin ein bisschen mittelgradig oder schwer narzisstisch und dann werden wir jetzt in die Persönlichkeitsstörung reingehen was er unangenehm wird für Betroffene und für einen selbst dann leidet man auch noch dran das ist das ist glaube ich noch eine Kategorie die wir die wir noch gar nicht so sehr haben dass die Betroffenen selber auch bleiben auch darüber dass reißen wir auf alle Fälle auch noch mal ein bisschen genauer an Mitja du hast einen Test entwickelt mit dem kann man seine eigenen ich Score errechnen also checken lassen ich habe den natürlich auch schon gemacht aber erklär doch du erst mal wie kommt man ja da genau es gibt natürlich eine ganze Reihe an an Tests zum Narzissmus die alle nach der Logik funktionieren die Pablo eben auch erläutert hat Narzissmus eine Eigenschaft wie viele andere Eigenschaften auch wie Schüchternheit wie Ordentlichkeit ja die ist breit verteilt und man kann nicht sagen dass es geht mich gar nichts an weil irgendeine Ausprägung werde ich haben auf dieser Dimension die sind nicht Score dass ich jetzt im Rahmen meines Buches ich die Kraft des Narzissmus ähm entwickelt habe das und Best of existierenden Fragen dann kann man ihn von 0 bis 100 den eigenen die eigene Tendenz ablesen ja finde ich mega spannend und ja ähm Punkte mache ich jetzt die sich jetzt auf später oder sage ich es direkt ich glaube da kommen wir gleich dazu vielleicht kann ich hier bei einhaken wir haben wieder einige Kommentare und zwar gibt es ich nenne es mal Fragezeichen in der Community ganz viele schreiben normalerweise ich fasse es mal zusammen normalerweise ist doch so ein Narzisst würde niemals zugeben dass er einer ist das Schreiben verschiedene Menschen also ich habe hier metamurer den kanatas und alle sind jetzt verwundert dass es trotzdem zehn Prozent gesagt haben ja bin ich wie hängt das zusammen also ich finde den single item test test glaube ich äh da fragt man einfach nur wen Narzisst du schätzt du dich selbst sein nur bis 1 bis 7 oder 07 und dann wenn du mehr als drei oder vier sagst dann bist du das und das wissen die meistens selbst sehr gut und vielleicht schäm Sie sich oder haben Sie noch nie gefragt worden also haben sie nicht gesagt okay wirklich sehr sehr interessant weil wir diese Idee haben dass Narzissten überhaupt gar nicht realisieren dass sie narzisstisch sind man sie müsste man sie irgendwie drauf stoßen eine amerikanische Kollegin von mir Erika Karls und hat es mal systematisch untersucht und hat viele Menschen einfach gefragt nach ihren eigenen Einstellungen zu sich selbst und auch dazu was andere über sie denken und natürlich ist es so dass Narzisst in Sagen sind irgendwie intelligenter und witziger aber sie sagen auch über sich selbst dass sie arroganter sind beispielsweise und sie sagen auch ja andere finden mich auch arroganter ja das heißt die wissen durchaus über ihre narzisstischen Züge aber ist diese Haltung die damit schwingt das kann ich mir aber auch leisten wenn ich bin eben auch was besonderes und dann diese diese ehrlich Arroganz muss man sich eben auch leisten können darüber kommt also wir wissen mittlerweile dass die selbstständnis da in keiner Weise eingeschränkt ist ja ich weiß gerade sagen also eine gewisse Selbstreflexion gibt's da schon dein Test mich haben jetzt über 10.000 Menschen gemacht ich glaube heute Abend werden das sicherlich auf alle Fälle noch mal ein paar mehr werden und du sagst lernen Wert über 58 Punkten hat der zählt schon zu den Narzissten und jetzt kommt die große Aufdeckung ich habe 51 [Gelächter] oder sind es 68 58 waren das nicht wahr genau also das ist ein einfach ein statistisches Daumenregel wenn man eine Daumenregel braucht weil man unbedingt sagen will ab jetzt ist man ein Narzisst ein Narzissten dann würde man diese einsetzen das hat einfach mit der typischen Streuung zu tun ab wann sagt man dann ne eine Person liegt die überdurchschnittlich oder liegt unterdurchschnittlich das natürlich ein abitärer Cut auf aber wenn man einen verwenden will dann kann man das das tun aber natürlich ist man mit 51 Stück weit narzisstischer als wenn du jetzt 31 hättest das heißt bei diesen diese Züge stärker ausgeprägt man der 31 ja okay also ich meine wir sitzen ja jetzt hier gerade alle auf der Bühne voller Kamera ich glaube mit Wein 51 komme ich glaube ich ganz gut zurecht wenn ich das sagen darf aber ja an der Stelle auch noch mal die Abgrenzung Pablo hat du hattest es ja vorhin schon an angesprochen die narzisstische Persönlichkeitsstörung NPS also wir grenzen das jetzt noch mal konkret ab was ist das jetzt im Vergleich zu jemandem der Halt auf der ich Skala ein bisschen weiter oder ein bisschen höher ist im Ranking das ist eine Definitionssache die auch mit der neuen Nomenklatur bei der Diagnosestellung von der WHO jetzt auch gekippt bzw verändert wurde wir müssen zuerst die Persönlichkeitsstörung diagnostizieren das ist das Wichtigste ja also wir können nicht einfach nur sagen weil jemand sich wie ein Arschloch benimmt dass seine Persönlichkeitsstörung hat und das ist der Vorteil jetzt der neuen Einteilung die Schwierigkeit der neuen Einteilung der icdl ist dass wir jetzt viel Feind kleinteiliger irgendwie sammeln müssen nämlich nach fünf Kriterien und darin besonders drei eben Verträglichkeit Impulsivität und und Zwanghaftigkeit so so ist das so ein bisschen also das kommt aus diesem Ocean oder die Big Five Modell von von dem vom Temperament ganz früher Säfte leere von nachtigallien und so weiter also da kommt diese ganze Idee her wie können wir ein Menschen beschreiben der nicht wahnsinnig ist ja so und das gestaltet sich sozusagen die Schizophrenie von der heute Persönlichkeitsstörung wir müssen die Persönlichkeitsstörung ist ein Mensch der mit sich selbst und mit seinem Umfeld in der Interaktion schon sehr lange Schwierigkeiten hat zwei Jahre bis atlistenz muss er irgendwie immer in Schwierigkeiten kommen es gibt lebenseignisse die einen in der Persönlichkeit verändern können Traumatisierung Belastungen Stress aber auch dieses angeborenen Faktoren so und wenn diese Person mit sich selber mit anderen erhebliche Probleme hat sogar justiziale Probleme hat also straffällig wird dann können wir uns fragen was ist es denn für ein Vogel ne welches welches Federkleid hat es denn und dann setzen wir die Kriterien an und dann können wir auch noch referieren auf die alten Kriterien ist ja sehr grandios ist ja sehr selbstbezogen von seiner Genialität überzeugt verlierte sich in idealen an die Idee nachhängt über sich selbst und über die Welt und so weiter also erfüllt er diese Kriterien und erfüllt auch noch die neueren und dann kann man noch ein Persönlichkeitstest machen es gibt heißt das Ding das ist sehr aufwendig da muss man für jedes Item mindestens zwei mit der korrigiere mich meine mindestens zwei haben und wenn man dann alles zusammen hat im Köcher und dann kann man am Ende sagen okay du hast einen narzisstische oder zumindest eine Persönlichkeitsstörung Komma narzisstisch akzentuiert oder nachtistisch betont ja so das ist die lange Geschichte und deshalb ist es sehr sehr schwierig eine persönliche diagnostizieren mache ich persönlich super selten weil erstens gibt's die selten beim in der Praxis die kommen halt selten vorbei und die gibt's auch statistisch in der Bevölkerung selten aber ähm das ist halt die Domäne des das Psychiaters dann auch eine Therapie durch anzubieten oder eine Begutachtung wenn es ein forensische Geschichte ist also eine Straftat Kontext hat direkt jetzt so was aus der Community Lena m fragt warum wurde der narzisstische Persönlichkeitsstörung aus dem ICD 11 also der internationalen Klassifizierung der Krankheiten gestrichen habe ich ja versucht zu erklären nicht aber umbenannt sondern wir der einstiegskriterium ist Persönlichkeitsstörung das muss erfüllt sein und dann guckt man nach den drei Kriterien ist der impulsiv ist er eher zwanghaft ist er unverträglich ist er neigt da eher zu wenige Empathie zu wenig zu zahlen oder so und dann kommen wir in dieses in diese Nische Narzissmus aber wir würden es nicht diagnostizieren weil es nicht mehr vorkommt im Katalog im ausführlichen Text des Psychiaters im Arztbrief würde das dann schon drin stehen ja so mit dir hast du dem was hinzuzufügen ja ich glaube es ist ganz wichtig hier wirklich zu unterscheiden erstmal ist sehr erfreulich dass jetzt auch in in der Praxis zunehmend diese Idee der Psychologin ankommt das Persönlichkeit etwas dimensionales ist für nicht irgendwo sagen okay jetzt hier ist es eine Störung und man muss differenzieren zwischen dem Leiden also der Gestörtheit und dieser Eigenschaft selbst also nicht einfach so sagen können ab hier hat man jetzt eine Störung und davor nicht sondern es kommt eben darauf an ob Menschen mit ihrer Persönlichkeit die Sie mitbringen leiden bei sich selbst oder bei anderen ihrem Umfeld erzeugen das ist relevant und es gibt Personen mit sehr hohen Narzissmus Werten die wunderbar angepasst sind und Menschen nur mit mittleren Narzissmus werden oder eben anderen Persönlichkeiten die damit in ihrem Leben scheitern oder Problemen oder anderen erzeugen ja das heißt das muss man wirklich voneinander trennen und Narzissmus ist erstmal einfach nur diese dimensionale Eigenschaften es gibt noch einen Kommentar von Sunny er oder sie schreibt wenn wir hier rausgehen denken wir wahrscheinlich auch Narzissten sind doch komplett okay diese Monster kommen mir wirklich viel zu gut weg aber viel geredet über die positiven Seiten Simon jetzt würde ich gerne von dir wissen stimmt also ist ein Risiko wir hatten narzisstischen die narzisstische Persönlichkeitsstörung ist natürlich eine andere Dimension wie narzisstische Anteile und jetzt wird hier viel von Narzisst aber es geht ja in dem Fall eher um narzisstische Anteil wie um die Störung und deshalb denke ich kommt diese Frage auf ne aber willst du denn sagen Narzissmus hat positive Elemente auch ja also wie gesagt es gibt narzisstische Anzeichen wenn wenn jemand wie mein Mann ist er selbstbewusst da steht gerne im Mittelpunkt Essen Macher dass sie sich als sehr positiv also er kann mich oft mitziehen oder er ist mein Reiseleiter ich muss nicht eine Minute Denken auf der Reise das ist doch wunderbar aber das sind ja positive Eigenschaften also das sind narzisstische Anzeichen Anteile aber die narzisstische Persönlichkeitsstörung ist für mich eine ganz andere Schiene Simone jetzt melden sich natürlich auch bei dir gerade sehr viele Leute bei deiner Selbsthilfegruppe den du dann aber leider sagen musst sorry du bist ja absolut nicht richtig du bist du bist gar nicht in einer narzisstischen Beziehung in diesem Sinne oder in die ab dem Punkt ab dem es eben schlimm wird wie genau checkst du das oder woran merkst du das dass jemand in die Selbsthilfegruppe gehört und dass jemand der sich da vielleicht ein bisschen verschätzt hat schon ist natürlich so einfach also ich habe da schon eine sehr gute Menschenkenntnis glaube ich um zu spüren dass da irgendwas im Busch ist ähm aber ich kann ja nicht da jemand braucht mit dir stimmt was nicht deshalb kannst du nicht mehr kommen also das zeigt dann die Zeit und die Aktion die durchgeführt werden und wir ziehen immer wieder auch Leute an die überhaupt nicht betroffen das sind vielleicht sondern selbst sehr toxische Anteile haben welche Richtung auch immer und aber in ihrem Umfeld keinen mehr haben und dann geht man halt so eine Selbsthilfegruppen da ist erstmal unter und dann hat man Leute und dann kann man den erzählen wie schlecht es angeht obwohl sie eher so die Macher waren und um sie herum den ging es oft schlecht also es fängt man sich schon immer wieder denkst du das hängt auch damit zusammen dass wir gerade sehr viel bei Social Media unterwegs sind dass wir vor allem auch einfach diesen Begriff Narzissmus immer häufig oder red flag toxische Beziehung etc pp dass wir damit ja immer mehr konfrontiert sind ja das denke ich schon also dass sie es kommen auch mal Leute wirklich die der passt einfach nicht ne da passt es einfach nicht und dann sitzen sie dann und dann dann wollen sie eigentlich dauert dann bekommt tausend gute Tipps ähm äh raucht mir dann schon der Kopf weil ich denke mir sind jetzt hier keine Jammer Runde gell also wenn jemand keinen guten Tipp annimmt dann kann man ihm nicht weiterhelfen und nur mal zu kommen um sich auszukotzen weil es daheim nicht so schön ist hat er damit nichts zu tun ne das ist aber wie gesagt das klappt der Begriff toxisch das ist ein bösartiger Narzisst das ist zu einfach wird es heute in die Welt rausgeschrien ja also das ist alles zu einfach mehr genau die richtige Richtung bezüglich Tipps auch fällt mir ein ich habe eine Methode Methode also eine Idee wenn dann so Fragen kommen haben sie mal ein paar Tipps dann sage ich ja okay wir machen das folgende Übung gucken sie da ist die Tür da kommt jetzt eine Person rein die ist exakt wie sie jetzt geben sie der mal zehn Tipps damit ihr Leben besser wird damit das Leben dieser Person besser wird und dann fangen die darüber nachzudenken dann haben wir extreme Beschleunigung für die Psychotherapie weil dann habe ich zehn Punkte die man abarbeiten können Nebel beschuldigen den anderen und da haben wir jetzt mal ganz konkret was das Thema ist und dann geht mache ich es über Kreuz das wenn man am Ende 40 40 Tipps weil die sich gegenseitig dann als Partner sich selbst und den anderen mit Tipps überschütten und dann kann man damit sehr gut arbeiten sondern diese können das machen lassen genau wir haben es ja auch gerade schon gesagt in unserer Gesellschaft hört man ja auch gerne mal wir leben in einer narzisstischen Epidemie stimmt das bist du der Meinung dass das so ist dass wir alle langsam zu Selbstdarstellern mutieren also das ist ja ist ja was was wirklich jetzt nicht hier seit kurzem sondern wirklich schon seit längerer Zeit so rumgeistert also Generation me narzisstische Epidemie und natürlich ist es so also wenn ich jetzt heute auf den ich-test schaue und die 30-jährigen nehme und die 60-Jährigen nehme dann werde ich sehen dass die 30-jährigen deutlich höheren Score haben als die 60-Jährigen das Wichtige was man begreifen muss ist dass das ein Alterseffekt ist und kein generationeneffekt das heißt wir finden in jeder Generation dass die Jüngeren narzisstischer sind als die älteren und es gibt psychologisch auch total viel Sinn weil jüngere Menschen stärker darauf aus sind neue Ressourcen zu akquirieren möglichst große soziales Netzwerk aufzubauen und ältere Menschen ja eher das bereits erreicht sichern auf die wenigen engen Beziehungen fokussieren im Mittel es gibt natürlich auch große Unterschiede zwischen Menschen darin ja aber diesen Alterseffekt den sehen wir eigentlich in jeder Generation und das dann irgendwann die alten über die egoistischen jüngeren meckern das können wir auch bis zu alten Griechen nachverfolgen ja die Jüngeren die haben dann neue Spielzeuge die man noch nicht nicht mehr so ganz versteht was das eigentlich soll und wenn die heute 20 und 30-jährigen dann 60 sind dann werden die wahrscheinlich ähnliches über die dann neue Jugend sagen das wissen wir aus mittlerweile wirklich großen Studien dass dieser dieser Narzissmus Neigung nicht über die Generationen zugenommen hat wobei wahrscheinlich frühere Generationen sich nicht so mit dem Narzissmus Thema auseinandergesetzt haben wie wir es aktuell machen oder ja auch schon in 80er Jahren wurde von dem Jahrzehnt des Narzissmus gesprochen also schon etwas was immer mal wiederkehrt aber ich stimme zu dass das jetzt über Social Media noch mal sag mal stärker skaliert wird das Thema stärker verbreitet wird aber Narzissten gab es schon immer Narzissten gab es schon immer und wird's auch immer geben ja was ist mittlerweile auch gibt sind ganz viele Ratgeber und Coaches die uns alle retten wollen vor den bösen Narzissten Pablo was sagst du dazu was ist deine Meinung dazu das ist einerseits sage ich mal gut weil weil ich kann nicht alle therapieren oder Therapeuten können das nicht abdecken aber das Problem ist dass die nicht so gut ausgebildet sind oder sich so halb gut ausbilden psychologisches Gespräch oder psychologische Berater ist kein geschützter Begriff also da gucken auch bei Heilpraktikern gibt es Licht und Schatten da schauen wie ist derjenige ausgebildet wie stellt er sich selbst da wie empathisch ist er ist er oder ist da jemand der es besser weiß also so ein bisschen gucken dass man seinen Berater findet und in der Wirtschaft im Coaching im also im unternehmerischen Sektor da sehe ich auch sehr viel Thema und da habe ich so ein Problem aber ich weiß nicht ob es wirklich zutrifft manchmal berate ich auch Unternehmer dass ich meinen Ast ja absäge auf den ich sitze wenn ich sage sie sind ein Arschloch und sie benehmen sich wie ein Arschloch und versuchen Sie doch mal ein bisschen netter zu sein wobei Arschloch von der Definitionen in der Kombination aus Narzissmus Psychopathie und Sadismus ist also der kommt noch viel mehr dazu und da kriegt man eigentlich Schwierigkeiten wenn man Unternehmer berät dass man wirklich selbst dann unter Beschuss gerät und dann da glaube ich dass die coachingszene in der wirtschaftlichen Bereich selber auch noch über ihren eigenen Narzissmus noch mal nachdenken muss jetzt haben wir ja vielleicht auch dazu ich meine nur zustimmen ich glaube das ganz wichtig zu sehen dass sowohl in dem therapeutischen als auch in dem Beratungsbereich was unternehmen angeht einfach ganz viel geschrieben wird von Menschen die sich nicht damit wirklich beschäftigt haben mit dem was wir in der Forschung dazu wissen und das auch ein Hauptgrund warum ich dieses Buch geschrieben habe dass wir diesen Transfer endlich machen und über Narzissmus wird unglaublich viel gesprochen aber sehr viel Unsinn einfach wieder gekreut und immer wieder gekreuzt so dass wir da einfach noch mal neu frisch neutral drauf schauen müssen jetzt haben wir natürlich aber auch sehr viel über ich sag jetzt mal die offensichtlichen Narzissten gesprochen Pablo du hattest es glaube ich vorhin auch schon kurz angesprochen es gibt auch Narzissmus und völlig anderen Formen die müssen jetzt nicht nur irgendwelche Angeber sein sondern es gibt auch Narzissmus im Altruismus sozusagen eigentlich ist das ja Selbstlosigkeit aber es gibt Altruismus als Form des Narzissmus ja also es gibt den selbst aufopfern oder den kommunalen in Amerika ist es kombinaren so ein bisschen hergeschenken das sind sogar da Spendengala machende Leute die dann sich damit schmücken wie toll sie sind und wie viel wie viel Charity und wie großzügig sind genau das ist auch neuer Aspekt glaube ich eine Debatte also Mutter Teresa Syndrom sozusagen dass man sich hingeht und durch misericordia dann selber strahlt nicht so und glänzt und das ist sehr schwer wenn ich ich mich in meine Patienten erinnere den ich das dann sage das vielleicht doch in eine sehr starke unreflektierte Seite narzisstische Seite in ihnen aktiv ist die diese Anerkennung Bestätigung will in dem sozialen Umfeld in dem sozialen Job als Sozialpädagoge habe ich da einen Fall der mir da einfällt und die werden mir dann fast an die Gurgel gegangen als ich dann sowas suggerierte dass sie vielleicht auch eine narzisstische Seite hätte die er da so ein bisschen querschießt ja das ist das muss noch mehr das müssen wir noch mehr wahrscheinlich sicher beforschen und beackern und kommunizieren das das auch da das Pflanzen wächst fällt das denen mich ja dann weil du es gerade auch angerissen hat das Pablo besonders schwer das zu sehen oder zu erkennen dass man doch eine Form von Narzissmus hat kannst Du dazu sagen ja also das natürlich erstmal so eine Form über die wir nicht alle so nachdenken die nicht unserem Stereotyp entspricht insofern ja aber ist glaube ich ganz wichtig zu sehen dass eben diese Streben nach Bewunderung sich in allen möglichen sozialen Gruppen ausdrücken kann ja das das eben nicht nur die Manager auf ihren Yachten sind die mit ihrem Reichtum in ihrem Aussehen vielleicht angeben wo die Sportlerinnen sondern das ist das eben auch durch so eine ja Selbstlosigkeit ausdrücken kann oder selbst wir sehen es zum Teil selbst in so einem leiden was besonders dargestellt wird ja dass man stärker leidet als andere auch das kann auch dahin können narzisstische Züge liegen bei dieser Selbstlosigkeit muss ich sagen das ändert ja natürlich erstmal nichts daran dass Gutes getan wird damit ne es sind nur eben auch andere Motive zum Teil beteiligt und das rauszuarbeiten ist natürlich eine besondere Herausforderung dann ja im Chat wird gerade geschrieben von Bibi ganz aktuell der fehlt bei der ganzen Diskussion die verschiedenen Arten von Narzissmus zum Beispiel der verdeckte der offener ist das über was wir gerade sprechen der verdeckte er ja genau also diese dieses beschäftigen mit unangenehmen Gefühlen oder das Erleben unangenehmer Gefühle das ist mir dieser verdeckte unsichere selbst unsichere und dieser großartige ist die andere sozusagen da spaltet sich das ein bisschen auf ist dieser nach außen extrovertierte und dann gibt's also es gibt so fünf also der der Narzissmus das geht so ein bisschen zurück auf psychologische Tradition der der wirklich toxisch größer die psychopathisch ist Borderline Struktur hat also richtig in sich noch mal Komplex gestört ist dann haben wir den grandiosen Narzissmus dann haben wir den normalen wenn man will den gesunden Narzissten haben wir den kommunalen selbst auf Opfern und den netten also würde ich das so ein bisschen auf Fächern aber das ist glaube ich wissenschaftlich gibt es erstmal harte Fakten für den für diesen neurotischeren Typ den selbst und sicheren der verdeckte und der grandiose okay also auch in der Wissenschaft im Gange aber ich glaube wichtig ist da ist man gar nicht diese ganzen Kästchen braucht und dann muss man sagen kann es gibt einen Kern von Narzissmus das ist dieses grandiose anspruchsdenkende Streben nach Status und dann gibt es unterschiedliche Spielarten ja Strahlen Ellbogen und es gibt unterschiedliche Spiele Felder also Reichtum Aussehen Hilfsbereitschaft auf dem man das ausleben kann und dann brauchen wir eigentlich diese Kästchen gar nicht sondern können Narzissten beschreiben über die artenweise wie sie ihren Narzissmus ausleben und die Narzissten die dann scheitern daran in schlecht geht bei den beobachten wir dann tatsächlich solchen erotischen Züge aber das eigentlich nicht der Trieb Faktor den in Narzissmus ausmachen also ich will das wahnsinnig spannend weil über viele Punkte die jetzt auch gerade genannt hat habe ich mir ehrlich gesagt noch nie so wirklich Gedanken gemacht also Narzissmus zeigt sich ich fahre so zusammen einfach in unterschiedlichen Formen und Ausmaßen natürlich nicht alle Vorurteile die wir haben sind unbedingt richtig dennoch bleibt vielleicht auch an dieser Stelle und das ist wichtig die Frage wie gehen wir mit Narzissmus und Narzissten um also welche Alarmglocken müssen bei uns angehen wenn wir merken irgendjemand in unserem Umfeld verhält sich narzisstisch sei es jemand mit dem wir zusammen sind sei es jemand im Freundeskreis in der Familie Simone jetzt auf der Beziehungsebene was redest du denn Menschen in deiner Selbsthilfegruppe diesbezüglich da kommt es natürlich auch wieder auf die schwere an also haben wir wieder diesen narzisstischen Züge oder diese narzisstische Persönlichkeitsstörung wobei ich auch denke es fließen noch andere Persönlichkeitsstörungen oft mit ein ob das Vorteile ist oder oder es ist vielleicht auch nicht nur eine Störung die in dem Menschen steckt aber wenn es ja wenn es wirklich dieser krankhafte Narzisst ist der einem übel mitspielt dann sage ich nehme die Füße in die Hand und rein ja absolut richtig Pablo hast du auch so ein paar akut-tipps für den Umgang mit Narzissten interessieren sich ja jetzt erstmal angeblich absolut nicht für mich wie mache ich so jemanden klar dass ich mich verletzt fühle durchs einfach oder durch ihr Verhalten da gibt es eine Therapie die heißt klärungsorientierte Psychotherapie die bedeutet für den Betroffenen Narzissten dass er sich darauf einlässt Verantwortung zu übernehmen für sein Handeln und sich in uns in die Lage versetzt mit sich selbst empathisch Herz zu sein also mehr in sich rein zu spüren was ihm da bewegt und auch empathisch zu sein mit seinem Umfeld oder noch empathischer als er vielleicht will oder Interesse hat um dann herauszufinden wie die Interaktion ist und das ist die das sind die das sind die Hebel das heißt zu verstehen wie und woher kommt diese Regelungen warum werde ich impulsiv wütend wenn Sachen nicht klappen die ich mir so Wünsche und vorstelle und was macht das mit meinem Gegenüber ja und dieses gegenüber und dieses innere das das muss man also im besten Falle in der ordentlichen Psychotherapie durchmachen und da leider kommt da keiner vorbei ne das Angebot ist da aber es kommen so wenige vorbei gespannt weil die genau diese Frage treibt auch den Chat sich um also wie man mit dem Narzissten zurechtkommt aber auch zum Beispiel von Tobias Gimborn ist denn Narzisst Narzissmus heilbar das ist die wahrscheinlich die Frage an den Arzt also ich würde sagen nein nein also die Antwort ist schwierig weil wir können die die Seite die schwierig ist reduzieren ja die schwierigen Aspekte bewusst reduzieren das ist eine Entscheidung im Kopf wenn wir das nicht können weil unsere exekutivfunktion im Herrn nicht so gut sind wir doch Impulsivität nicht so ganz klar Kontrollen dann ist es eher schwierig also dann können wir nicht heilen wenn aber jemand sich sehr gut im Griff hat und sich sehr gut reflektiert hat dann können wir von Heilung ja verträglichmachung sprechen wenn Definition Heilung aber wir können verträglichere Menschen aus einem schwierigen Muster machen aber da muss man dran bleiben ja man muss man kann den Rändern Teilen ist auf so einen Satz immer so hört die Grundausstattung haben wir ja also es ist wenn es ein Opel ist dann bleibt Mercedes raus aber wir können vielleicht keine Ahnung Spoiler abbauen oder so ja aber vielleicht auch dazu kurz also ich glaube von Heilung sollten wir sowieso nur sprechen wenn wir es mit einer Störung zu tun haben und nicht mit einer Beziehung mit Narzissten dann brauchen wir gar nicht von Heilung sprechen und dann ist er die Frage will ich überhaupt einen anderen Menschen daraus machen und ist es das richtige Motiv wenn ich in der Beziehung mit einem Menschen mache und vielleicht wäre die sinnvolle Überlegung erstmal zu reflektieren was will ich überhaupt in der Beziehung was kann ich in der Beziehung was suche ich ja will ich nähe Unabhängigkeit will ich aufregen Ruhe ja all das sind Überlegung die glaube ich ein Einfluss darauf haben wie gut das mit Personen mit mehr oder weniger starken Narzissmus funktionieren kann und gar nicht so darüber nachdenken ich habe hier eine kranke Person und kann ich die heilen das ist in den meisten Fällen wo es mit dazu zu tun haben gar nicht die die Frage mit Micha ich hör's da gerade schon raus trotzdem noch mal an dich die Frage sind starke Narzissten überhaupt beziehungsfähig ja würde ich sagen also Narzissten bringen mehr als andere Menschen Probleme in längerfristige Beziehungen rein ja das können wir beobachten dass sie mehr Egoismen reinbringen eine ungerechte Aufteilung der Lebensführung dass sie häufiger Fremdgehen dass sie das häufiger zu Konflikten kommt dass sie weniger verzeihen dass sie sich nicht entschuldigen können ne das sind alles Dinge die in Beziehung sehr unangenehm sind ja trotzdem ist so dass Narzissten Empathie empfinden können dass sie liebe genießen können sie haben nur häufig besseres zu tun ja weil sie eben diese starken Fokus aufs persönliche Vorankommen setzen aber sie bringen natürlich auch Aufregungen mit in Beziehungen neue Erlebnisse ne man kann sich antreiben lassen davon und es gibt sicherlich auch Wege um mit Narzisst in so umzugehen dass man langfristig auch Liebesbeziehung mit Narzissten führen kann Pablo hast du noch was dem hinzuzufügen ja also anschließend man wenn man Partner hat oder Partnerin hat die auch narzisstischen unterwegs ist dann kann das sogar Spaß machen ja also es muss ja nicht immer Katastrophe Fall ändern sondern man kann sich da gegenseitig eben inspirieren und und sich Angern unterstützen in dem Erreichen der eigenen Ziele das kann durchaus auch Lebensqualität bedeuten Simone ja in dem Fall schon aber ich denke schon wenn du natürlich mit einem sehr narzisstische Person oder mit einer Person mit einer Narzisst Persönlichkeitsstörung zusammen bist geht es auch nicht darum den zu verändern das ist immer ganz wichtig ja also du kannst Dich verändern aber du kannst keinen anderen verändern und da ist die Eigenarbeit glaube ich dass das Hauptziel dass man auch schaut warum gerade ich denn immer wieder an so komplizierte Menschen das hat ein Grund ja und da muss ich ansetzen und entstehen Teil in meinem Leben kapiert habe und dann kannst du noch besser werden das ist finde ich ein ganz wichtiges und schönes Schlusswort an dieser Stelle Leute Wahnsinn die Zeit ist wirklich gerannt danke euch allen ich nehme heute auf jeden Fall richtig viel mit muss ich sagen also alleine überhaupt dass wir uns mal anfangen auch selber so ein bisschen zu hinterfragen und und gucken wie viele Anteile finde ich denn bei mir wo er kenne ich mich denn in diesen ganzen Situation vielleicht auch selber so ein bisschen wieder und wenn ich dann feststelle ja ich habe mehr oder weniger narzisstische Anteile dann sich selber auch dass das so ich sage jetzt mal zu erlauben oder sich einzugestehen dass das nicht schlimmes ist so sondern sogar auch wichtig und gut allerdings eben nur bis zu dir bis zu dieser roten Linie spätestens spätestens dann sobald andere darunter leiden ist es eben zu viel also an dieser Stelle vielen Dank an unsere Gäste hier auf der Bühne an Simone und Pablo dass ihr uns auch so viele private Einblicke gegeben habt dass ihr da so ehrlich und offen darüber gesprochen habt dann Mieter und Pablo natürlich noch mal für eure Expertise danke an Euch alle die hier mit dabei gewesen seid und tatkräftig unterstützt habt natürlich auch an die Community zu Hause die bei Youtube fleißig mitgesprochen und mit kommentiert hat könnt ihr auch natürlich sehr sehr gerne weiterhin machen euer Input euer Interesse vielen Dank dafür ja und wenn ihr sagt okay will ich weitermachen ich will weiter mit diskutieren dann gerne am 17 Oktober da ist nämlich der nächste arte Salon klickt euch rein diskutiert mit es geht in dem Fall um Banken und ihre Macht wer regiert mit Geld die Welt bis dahin euch eine gute Zeit vielen Dank und schönen Abend [Applaus]",OK
w1MVzaUy9dw,Russlands Verteidigungsminister Sergej Schoigu ist zu einem dreitägigen Besuch in Nordkorea eingetroffen das russische Verteidigungsministerium veröffentlichte ein Video das zeigt wie Scheu go an einem Flughafen in der Hauptstadt Pjöngjang von einer nordkoreanischen Delegation begrüßt wird offizielle Anlass von Reise ist der 70er jahrestag des Ende des Koreakriegs zugleich hieß es aus Moskau der Besuch werde zu Stärkung der russischen nordkoreanischen militärbeziehungen beitragen nordkorea wird verdächtigt Russland in dessen Angriffskrieg gegen die Ukraine mit Waffen zu unterstützen nordkorea feiert den 27 juli als Tag des Sieges über die von den USA angeführten alliierten Streitkräfte im Koreakrieg 1950 bis 1953 es wird erwartet dass zu den Feierlichkeiten eine große Militärparade in Pjöngjang stattfinden wird Satellitenbilder bestätigen diese Vermutung nach Einschätzung von Experten werden an der Parade bis zu 15.000 Personen teilnehmen möglicherweise würden auch neue Atomwaffen präsentiert hieß es,OK
K6aIHAHsAMU,für die Bundesregierung ist klar auf Krisen muss dieser Staat entschlossen reagieren und er muss auch seine fiskalischen Möglichkeiten mobilisieren wenn es notwendig ist aber wer den Ausstieg aus der Krisenpolitik nicht findet der Gefährt gefährdet dauerhaft die Stabilität unseres Gemeinwesens es geht jetzt um die Anerkennung finanzieller Realitäten nach Jahren in denen geldscheinbar keine Rolle spielte und in Wahrheit hat der niedrige Zins schon vor der Pandemie die Optik verzerrt wir müssen uns neue fokussieren mit dem Haushalt 2023 sind wir daher im Kernhaushalt zur Schuldenbremse zurückgekehrt es ist jetzt in der mittelfristigen Finanzplanung noch nicht sichtbar weil sie bis 2027 reicht aber liebe Kolleginnen und Kollegen hinter der Horizontlinie für uns noch nicht sichtbar da kommt ein Eisberg um nicht zu sagen ein Eisberg fällt und wir stehen in der Verantwortung nicht zu warten bis der Eisberg vom Horizont genau vor dem Buch gekommen ist sondern wir müssen jetzt den Kurs ändern denn der Eisberg wird seinen Kurs nicht ändern wir sind es die unseren haushaltspolitischen Kurs ändern und dazu leistet dieser Haushalt 2024 einen wichtigen Beitrag [Applaus],OK
nocck3tNk_8,hinter dem Horizont so hat er gesagt auch wenn er heute morgen nicht anwesend ist warte ein großer Eisberg auf den wir zusteuerten und der seinen Kurs nicht verändern werde also so hat er gesagt müssten wir unseren Kurs ändern wenn es nicht zu einer Kollision kommen soll das war dann die Stelle an ihrer Rede der Bundesfinanzminister ihre eisbergrede von der an Sie nur noch den Beifall ihrer eigenen Fraktion bekommen haben und in deren weiteren Verlauf gleich drei Bundesminister der Grünen Frau baerbock Herr Habeck und herr Özdemir demonstrativ die Regierungsbank verlassen haben spätestens seit gestern spätestens seit gestern haben wir also spätestens seit gestern haben wir also zwei Oppositionsführer in Deutschland einen im Parlament und einen in der Regierung auf gute Zusammenarbeit Christian Lindner und Werte Kollegen viele von ihnen verbringen seit Monaten dann auch in der Sommerpause Zeit damit den Bürgern und den Medien zu erklären warum die Alternative für Deutschland nicht gut für unser Land sein soll nur vergessen genau diese Leute auch dass nicht wir in der Regierung sind dort sitzen SPD Grüne und FDP und die CDU findet sich noch immer in der Opposition nicht ganz zurecht mauert an seinen brandneuerchen rum und auch das fällt als Opposition komplett mittlerweile die CDU aus alle diese Parteien alle diese Parteien meine Damen und Herren machen seit über 20 Legislaturperioden im Deutschen Bundestag Politik sie sollen endlich mal selbst und ihre politischen Leistung anfangen zu kritisieren und sich vielleicht einfach mal fragen warum gibt es eigentlich eine Alternative für Deutschland sie sollten endlich die Zoll klappen auch absetzen und nicht alle Anträge der afd-fraktion ablehnen denn dann ging es unseren Land wirklich besser meine Damen und Herren und wissen Sie wie viele laut Deutschland trennt mit ihrer Arbeit sehr zufrieden sind 0%. das muss man auch erstmal schaffen leider ist das kein Wunder alles ist teurer geworden Lebensmittel Strom Sprit Heizung Schulsachen Schulausflüge Urlaubsreisen der Kinobesuch die Eintrittskarte fürs Schwimmbad die die vorher schon wenig hatten verzweifeln und die Angst nicht mehr über die Runden zu kommen frisst sich immer tiefer in die Mittelschicht hinein ihre spärlichen Hilfsmaßnahmen haben nicht dazu geführt dass die Lage sich entspannt gar nicht vielleicht können sie wenigstens das mal einräumen wäre ja ein erster Schritt zur Besserung zu Recht sind viele wütend darüber dass sie auf der einen Seite Milliarden für Rüstung einfach raushauen und den Aktionären von Rheinmetall und Co den Reibach ihres Lebens bescheren auf der anderen Seite aber überall sonst knausern und sparen bis es quietscht bis es knarzt bis es bricht aber das geht so nicht [Applaus],OK
fwDDIOG6LTk," Die Sendung wird live untertitelt.  Die Sendung wird live untertitelt.  Eine neue hessenschau-Woche 
 geht los.   Schön, dass Sie mit dabei sind.   Hallo und herzlich willkommen 
 an diesem Montagabend.   Wir schauen 
 auf eine neue nachhaltige Bauweise.   mit Holzbausteinen schauen,   die fast so einfach aussieht 
 wie im Kinderzimmer.   Im Wildtierpark Edersee 
 ist Babyalarm.   Wir zeigen Ihnen 
 den Fischotternachwuchs.   Wir schauen erst mal 
 auf die Wassersituation.   Im Moment ist es heiß, es regnet 
 kaum und Wasser ist sehr knapp.   Darum sollen wir 
 sparsam damit umgehen,   zu Hause nicht unnötig 
 den Hahn laufen lassen   oder ständig den Rasen wässern.   Doch jeden Tag gehen mehrere Tausend
 wertvolle Liter verloren,   weil die Leitungen z.T. 
 marode und undicht sind.   Man sieht sie meist nicht, weil sie 
 unter der Erde vor sich hin sprudeln:  Wasserrohrbrüche.   Mit der Zeit platzen veraltete Rohre,
 oder der Boden verzieht sich,   Spannungen entstehen.   Hier geht viel wertvolles 
 Trinkwasser verloren.   Weil sich die Wasserversorger 
 zu wenig darum kümmerten,   das Wasserleitungssystem zu sanieren,
 kritisiert der BUND.   Die undichten Stellen 
 müssen geschlossen werden.   Dann kommen wir sicher 
 in eine andere Situation.   Bei manchen Kommunen sieht 
 es ordentlich aus,   bei manchen katastrophal.   Frankfurt ist an der 
 Stelle einfach schlecht.   Steinbach am Taunus 
 verliert in Südhessens   bezogen auf die Einwohnerzahl 
 am meisten.   Hier versickerten zuletzt 
 72.000 Kubikmeter Wasser.   Frankfurt verlor gar 3,3 Mio 
 Kubikmeter 2022,   also 3,3 Mrd Liter.   Damit könne man 
 1600 Schwimmbäder füllen,   rechnet der Umweltverband vor.   Große Wasserverluste 
 gibt es auch in diesen Kommunen,   von Lampertheim, 
 über Wiesbaden bis Bad Orb.   Laut den Zahlen des 
 Regierungspräsidiums Darmstadt,   worauf sich der BUND beruft,   versickern in den Leitungen 
 pro Kilometer und Stunde 150 Liter.   Dafür haben die Umweltschützer 
 wenig Verständnis.   Dass man nicht jede Stelle 
 sofort repariert,   sondern dass man eine Planung macht,
 ist sicher richtig.   Aber in der Summe muss es so sein, 
 dass die hohen Verluste aufhören.   Die Wasserversorger verteidigen sich.  Im Vergleich zu den Liefermengen 
 für die Verbraucher   seien das noch sehr geringe Zahlen, 
 so das Unternehmen Hessenwasser.   Der Wasserverlust 
 beim größten Versorger Mainova   betrage etwa 5 % jährlich.   Das sei noch erträglich, 
 sagt uns deren Bereichsleiter.   Man kontrolliere die Leitungen   auch sehr regelmäßig mit 200 
 Sensoren und tue ansonsten viel.   Allerdings:   Man könnte vielleicht weniger 
 Verluste haben,   dann wächst 
 der finanzielle Aufwand exorbitant.   Das muss man abwägen.   Der Bürger soll nicht durch einen zu
 hohen Wasserpreis belastet werden.   Frankfurt hat mit 2080 km das 
 größte Wassernetz Hessens.   Mainova reagiert und kündigt heute   eine Beschleunigung 
 der Sanierungen an.   Die Menge, die wir erneuern, 
 wollen wir auf das 5-Fache bringen   bis zum Jahr 2030, sodass wir 40 km 
 Leitungen pro Jahr erneuern können.   Bisher waren es 8 km im Jahr.   Wasser ist kostbar.   Solche Leckagen, egal wie klein,   sollten wir uns in Zukunft 
 nicht mehr leisten.   Viele Eltern kennen das Problem, 
 dass sie ihre Kinder   nicht in die Kita schicken können 
 oder sie früher abholen müssen,   weil es zu wenige 
 Erzieherinnen und Erzieher gibt.   Und das schon seit Jahren.   Die Landesregierung will diesen 
 Mangel mit Quereinsteigern beheben,   mit Menschen, die keine klassische 
 Erzieherausbildung haben.   Doch die Opposition ist der Meinung,
 dass das nicht das Problem löst.   Quereinsteiger 
 hätten zu wenig Erfahrung   mit der frühkindlichen Bildung.   Nicht so hoch schaukeln, ja? 
 - Ja.   Seit 2 Jahren 
 arbeitet Gülbahar Zurnaci   in der Kindertagesstätte Okarben 
 als Aushilfe.   Sie ist nicht als 
 pädagogische Fachkraft anerkannt.   Trotz angefangenem Lehramtsstudium 
 und Jobs an Schule und Hort.   Die klassische Erzieherausbildung 
 fehlt ihr.   Daher bekommt sie weniger Geld.   Ich hätte gerne die Anerkennung, 
 für die Arbeit, die ich leiste.   Ich finde es in der Bezahlung 
 nicht fair.   Die hessische Landesregierung will, 
 dass künftig mehr Quereinsteiger   wie sie in Kitas arbeiten.   Bis zu 25 % der Erzieherinnen 
 und Erzieher.   So stehts in dem Gesetz,   das diese Woche im Landtag 
 verabschiedet werden könnte.   Schon als es eingebracht wurde,   war die Überzeugung 
 bei den Regierungsfraktionen groß.   Das Kita-Personal ist hoch belastet,
 und Eltern leiden darunter,   dass Öffnungszeiten häufig 
 nicht gewährleistet werden können.   Deswegen müssen 
 wir nach Lösungen suchen,   die kurzfristig greifen und 
 mehr Personal in die Kitas bringen.   Die Idee, mehr Menschen ohne 
 eine klassische Erzieherausbildung   in Kitas anzustellen, 
 sorgt für Empörung.   Deshalb hat sich ein Bündnis aus 
 mehreren Gewerkschaften gegründet.   Unterstützt von der SPD, 
 der Linken und der FDP.   Gemeinsam wollen sie den Plan 
 der Landesregierung verhindern.   Das ist eine gefährliche Idee. Das 
 gefährdet die Zukunft der Kinder.   Das baut das gesamte 
 Bildungssystem auf.   Das ist die schlimmste Idee 
 der Landesregierung   in den letzten 10 Jahren.   Ich hoffe auf Einsicht 
 bei der Landesregierung.   Man würde mit dem Gesetz 
 die Qualität verschlechtern.   Langfristig schneidet 
 sie sich ins eigene Fleisch.   Sie werden weniger 
 Fachkräfte finden,   die unter den Bedingungen 
 arbeiten wollen.   Das Bündnis fordert, den Erzieher- 
 beruf wieder attraktiver zu machen.   Z.B. durch eine bessere Bezahlung.   Den Ansatz findet 
 auch Stefanie Runkel gut.   Sie leitet die Kita in Okarben 
 und braucht dringend mehr Personal.   Von fast 100 möglichen Plätzen, 
 kann sie nur 50% betreuen.   Ihre 4 neuen Stellen würde sie 
 gerne mit Quereinsteigern besetzen.   Wir schätzen unsere Aushilfen sehr. 
 Wir sind froh, dass sie da sind.   Man merkt nicht, 
 dass sie keine Ausbildung haben.   Sie machen ihren Job 
 mit Herz und mit Blut.   Wie Aushilfe Gülbahar Zurnaci. Sie 
 ist froh, diesen Rückhalt zu haben.   Trotzdem ist die Lust 
 weiter zu machen gering,   solange sie nicht als vollwertige 
 Erzieherin anerkannt wird.   Wenn mir in einem Jahr 
 gekündigt wird,   werde ich einen 
 neuen Weg einschlagen.   Ich würde ins Rechnungswesen gehen,   nicht mehr in 
 den pädagogischen Bereich.   Das wäre aber nur eine Notlösung.   Sie hofft, dass das Gesetz 
 durch den Landtag kommt.   Damit sie weiter als Erzieherin 
 arbeiten kann,   dann aber besser bezahlt.   Desinformation oder 
 Falschinformationen erkennen   und ihnen begegnen:   Darum gehts in den Nachrichten 
 mit Martin.   In Hessen sollen nun Angebote 
 und Projekte   für eine bessere Medienkompetenz   für alle stärker 
 vernetzt und koordiniert werden.   Dahinter stehen die Landesregierung, 
 die Medienanstalt Hessen,   die Landeszentrale für politische 
 Bildung, der Radiosender FFH   und wir vom hr.   Wie merke ich, ob ein Bild echt ist   oder von einer 
 künstlichen Intelligenz stammt?   Woran erkennt man, ob eine Meldung 
 seriös ist oder frei erfunden?   Um solche Fragen zu beantworten 
 braucht es Medienkompetenz.   Wir wissen, 
 dass das World Wide Web frei ist.   Da gibt es viele Punkte wo es keine 
 Grenzen gibt, im übertragenen Sinne.  Daher ist wichtig, 
 dass jeder sich immer hinterfragt,   was hab ich da gelesen, 
 was hab ich dort gesehen?   Künftig wollen die Beteiligten sich 
 untereinander besser absprechen.   Damit nicht am Ende z.B. alle 
 Projekte für Schüler anbieten,   aber niemand Angebote 
 für Senioren macht.   Auch der hr ist beteiligt.   Meinungsbildung findet 
 auch über Medienkompetenz statt,   wir brauchen mündige Bürger 
 da ist Medienkompetenz zentral.   Dazu sollen nun auch   die gebündelten Kräfte der 
 verschiedenen Partner beitragen.   In Niedernhausen sind heute am Morgen
 etwa 200 l einer ätzenden Chemikalie   aus einem Lkw gelaufen.   Der gesundheitsgefährliche Stoff 
 lief aus einem umgefallenen Fass   auf der Ladefläche 
 und gelangte auf die Straße.   Die Fahrbahn blieb zunächst gesperrt,  sie soll von einer 
 Spezialfirma gesäubert werden.   Zudem soll sicherheitshalber 
 die Kanalisation überprüft werden.   Bei dem Reinigungseinsatz wurden 
 zwei Menschen leicht verletzt.   Auf der A5 zwischen Homberg (Ohm) 
 und Alsfeld-West   hat ein ausgebrannter Lkw für 
 Verkehrsbehinderungen gesorgt.   Der Auflieger des Lkw 
 war in der Nacht in Brand geraten.   Geladen waren Getränkeflaschen 
 aus Glas und Kunststoff.   Der 31-jährige Fahrer konnte sich 
 retten, alarmierte die Feuerwehr,   erlitt allerdings 
 eine Rauchgasvergiftung.   Die Einsatzkräfte 
 mussten den Lkw leerräumen,   um Glutnester zu löschen.   Für die Bergungsarbeiten war 
 die Autobahn zeitweise gesperrt.   Den Schaden schätzt die Polizei 
 auf rund 100.000 Euro.   Die Ursache für das Feuer sei 
 vermutlich ein technischer Defekt.   Sport verbindet, 
 egal woher man kommt,   ob man eine Behinderung hat 
 oder nicht.   So funktioniert Inklusion.   In Marburg haben die Blindenanstalt 
 Blista und die Steinmühle,   das ist eine Schule mit Internat,   ein gemeinsames Wassersportzentrum 
 eröffnet,   wo Menschen mit 
 und ohne Sehbehinderung   zusammen Rudern können.   Vor Ort ist mein Kollege 
 Robert Hübner.   Um 19.30 sollte das Zentrum 
 mit einer Feier eröffnet werden.   Ist es schon losgegangen?   Ja.   Aber man hat einen Gang 
 zurückgeschaltet für uns.   Keiner hält eine Rede, 
 und die Musik ist aus.   Und es regnet noch nicht.   Ich habe die Ehre 
 neben einem Olympiasieger zu stehen,   Filip Adamski.   Deutscher Ruderachter, 2012, London, 
 der Sieger.   Herzlich willkommen.   Wir sind hier,   weil dich eine Geschichte 
 verbindet mit diesem Verein.   Es hat auch mit diesem tollen 
 Doppelachter zu tun.   Was hat es damit auf sich?   Ohne das Boot wären wir nicht hier.   Mein ehemaliger Mentor und Trainer   hat mir von dem Inklusions-Projekt 
 erzählt an der Steinmühle.   Wir haben überlegt, 
 was wir tun können, mich einbinden.   Ich wollte was zurückgeben.   Wir wollten das Boot taufen.   Doppelachter, ich im Achter.   Das hörte sich gut an.   Jetzt heißt das Boot ""Blind Date"".   Es hat was mit der Blista zu tun, 
 also der Blindenlehranstalt.   Das ist ein Ruderer von der Blista.   Moritz Hagen. Herzlich willkommen.   Wir schauen uns mal an, 
 wie du ruderst.   Du bist Pararuderer.   Was muss man 
 als stark sehbehinderter Mensch   beim Rudern beachten?   Wie kann ich um die Kurve rudern?   Die Körperbeherrschung 
 spielt eine große Rolle.   Man muss spüren 
 wie das Boot im Wasser liegt   und wie muss ich mich bewegen.   Steuern ist nicht meine Aufgabe.   Ich reagiere nur auf den Partner.   Der sagt Back- oder Steuerbord.   Und dann machst du das.   Was bedeutet es für dich 
 als Pararuderer hier dabei zu sein?   Es heißt, Sport zu machen.   In der Gemeinschaft 
 eingegliedert zu sein,   mit nicht behinderten 
 Menschen Sport zu machen.   Vielen Dank und viel Erfolg dabei.   Sie sind 
 der Trainer, Martin Strohmenger.   Stromi von allen genannt.   Er hat auch den Olympiasieger 
 trainiert,   den ich am Anfang vorgestellt habe.   Was ist das Ziel heute mit dem 
 Zusammenschluss und Blista?   Die Steinmühle 
 und die Blista verbindet   eine 11- oder 12-jährige 
 Kooperation.   Schon damals wollten 
 wir Menschen zusammenbringen.   Beide haben wir ehrgeizige Ziele.   Wir wollen, dass alle Menschen 
 integrativ zusammenarbeiten.   Es hat sich 
 wunderbar zusammengefügt.   Ich muss leider etwas einhaken.   Wir zeigen 
 wie das Boot zu Wasser gelassen wird.  Das ist der große Moment des Festes.   Mannschaft, Hände ans Boot!   Ein Haus bauen 
 ist ein echtes Mammutprojekt,   das einen jahrelang 
 beschäftigen kann.   Bis alles steht, dauerts eben. 
 Muss es aber nicht.   In Frankfurt-Bergen-Enkheim wird 
 gerade ein besonderes gebaut.   Das funktioniert so ähnlich, wie 
 wir das aus dem Kinderzimmer kennen,  mit einem Stecksystem 
 aus Holzklötzen.   Das geht schnell und 
 ist v.a. ziemlich nachhaltig.   Es geht hier fast so zu, 
 wie in einem Kinderzimmer.   Holzklötze aufeinanderstapeln, 
 Wand nach oben ziehen,   und innerhalb weniger Stunden 
 stehen die Außenwände,   ohne Putz ohne Kleber.   Lewin Fricke erklärt, 
 wie einfach und schnell die Briqs,   die Holzbausteine, 
 mit Dübeln verbunden werden.   Man muss sich das so vorstellen:   Der Dübel sitzt jetzt genau an 
 dieser Stelle,   natürlich in dem Briq, 
 der an der Stelle auch liegen würde.  Mit diesem Bolzen treiben 
 wir diesen Dübel 5 cm ein   und so entsteht quasi 
 eine kraftschlüssige Verbindung   zwischen dem unteren Briq 
 und dem oberen Briq.   Diese Holzbausteine 
 sind aus Fichtenholz.   Sie werden aus Einzelteilen 
 zusammengesetzt.   Das Besondere daran,   die Briqs bestehen aus 
 kostengünstigem Industrieholz.   Hier sieht man es sehr gut:   Wir haben Holz 
 minderwertiger Qualität,   hier mit 'ner kompletten 
 Verfärbung mit drin,   mit Kernholz, mit nem höheren 
 Astanteil.   Das ist eben Holz, 
 was sonst verbrannt werden würde.   Wir bringen das eben 
 in den konstruktiven Holzbau.   Wer jetzt beim Thema Holzhaus 
 über den Brandschutz nachdenkt,   dem sagt Maik Neumann, 
 Experte für nachhaltiges Bauen:   In Deutschland gibts für 
 alle Baustoffe Vorschriften.   Es werden immer mehr Hochhäuser 
 in Holz gebaut.   Es gibt schon Möglichkeiten, 
 das Holz so einzusetzen,   dass man keine Sorge haben muss, 
 dass man bei der kleinsten Kerze,   die umfällt, in einem 
 lichterloh brennenden Haus steht.   Sicher, schnell, nachhaltig, 
 das waren einige der Argumente,   die den Bauherrn Heiko Ammermann 
 überzeugt haben, genauso zu bauen.   Das riecht hier wie im Fichtenwald, 
 wir wollten das bewusst so.   Wir haben drin noch 
 andere ökologische Materialien,   wir haben noch Lehmputz geplant, 
 wir haben ökologischen Estrich,   das macht hochgradig Sinn.   Mit Blick auf den Klimawandel 
 und steigende Temperaturen bringt   die Holzbauweise einen 
 weiteren Vorteil mit sich,   sagt Bauherr Heiko Ammermann:   Es ist auch vom Wärmeschutz, 
 es ist eine starke Südlage,   auf 'nem Hang und 
 da ist dieses Massivholz.   Wir haben das ja auch in 
 der Vorführung von Tribriq gesehen,   das ist fast, wie wenn 
 man in einer Kirche wohnt.   Es ist gleich 5°C kühler.   Bei all diesen Vorteilen ist Holz 
 also der Baustoff der Zukunft?   Holz allein ist nicht die Lösung 
 aller Probleme,   die wir haben in der ressourcenarmen
 Zeit in der wir leben.   Es gibt nicht genug davon.   Es ist so, dass lange Dürreperioden 
 und Schädlinge   die Qualität 
 vom Holz beeinträchtigen.   Es taugt nicht immer als Baustoff.   Darum liegt die Zukunft des Bauens   in einer Vielzahl 
 nachwachsender Rohstoffe.   Ökologisch, nachhaltig und bezahlbar.  Bauherr Heiko Ammermann wird für 
 seine Holzwände nicht mehr ausgeben,   als wenn er 
 herkömmlich hätte bauen lassen.   2 Jahre Haft auf Bewährung,   lautet das Urteil 
 gegen eine IS-Rückkehrerin.   Noch mal Nachrichten mit Martin.   Außerdem muss die aus Mittelhessen 
 stammende Frau   300 Stunden gemeinnützig arbeiten.   Das Gericht befand,   dass die Frau die Terror-Miliz IS 
 von innen heraus gefördert habe.   Das Urteil lautet auch auf Verletzung
 der Fürsorgepflicht,   weil die heute 33-Jährige ihre 
 Söhne mit nach Syrien genommen   und dort den Gefahren 
 des Bürgerkriegs ausgesetzt hatte.   Im Rahmen des Christopher Street Day 
 in Frankfurt am Wochenende   hat die Polizei 
 19 Strafanzeigen aufgenommen.   Bei mindestens drei dieser Anzeigen   würden mögliche queerfeindliche 
 Motive geprüft,   teilte die Polizei mit.   Es gehe u.a. um Körperverletzungen   gegen einen homosexuellen Mann 
 und zwei Transmenschen.   Ein 39-jähriger Tatverdächtiger 
 sei festgenommen worden.   In Bad Soden am Taunus starten 
 die Umbau- und Sanierungsarbeiten   rund um den Zentralen Busbahnhof.   Der Busbahnhof 
 und das Areal drumherum   sollen in den nächsten 2 Jahren 
 barrierefrei werden.   Außerdem sollen u.a. die Wasser-, 
 Gas- und Stromversorgung   sowie die Straßenbeleuchtung 
 erneuert werden.   Für die Busse werden 
 Ersatzhaltestellen eingerichtet.   V.a. in den Sommerferien ist mit 
 Verkehrsbehinderungen zu rechnen.   Voraussichtliche Kosten: 
 rund 11,5 Mio Euro.   Das Land Hessen 
 fördert mit 5,8 Mio.   Nach mehr als 15 Jahren Bauzeit 
 ist der gut 11 km lange Radweg   entlang des Rheinufers 
 zwischen Rüdesheim   bis hin zur rheinland-pfälzischen 
 Landesgrenze fertiggestellt.   Zeitgleich wurde die parallel 
 verlaufende Bundesstraße 42   erneuert und verbreitert,   so das hessische Verkehrsministerium 
 heute in Wiesbaden.   So weit die Nachrichten. 
 Weiter gehts mit Hülya.   Seit 2 Jahren 
 begleiten wir immer wieder   die Hauptschulabschlussklasse der 
 Erich-Kästner-Schule in Oberursel.   Hauptschule! Und dann?   Wie gehts beruflich weiter,   fragen sich einige Jugendliche, 
 die dort hingehen.   Das hier sind Nils, 
 Elmedin und Valentino.   Das letzte Mal haben wir sie 
 im Frühjahr getroffen   und wollten wissen, 
 wie es für sie danach weiterging.   Wir haben sie in der letzten Phase 
 ihrer Schulzeit begleitet,   bis zur Abschlussfeier.   Doch eine der größten 
 Herausforderungen   ist die Abschlussprüfung.   Darum gehts heute 
 in unserem 1. Teil.   ♪ Und das, was keiner wirklich weiß, 
 ist, was am Ende von uns bleibt,   außer Memorys und Storys 
 und den Bildern unserer Zeit. ♪   Welche Chancen haben Jugendliche 
 heute mit einem Hauptschulabschluss?   Fühlen sie sich benachteiligt?   Natürlich. Niemand findet 
 Haupt besser als Real.   Dass wir die sind, die schlechter 
 sind, die nichts drauf haben.   Ich hätte schon gerne auch Real.   Erst mal aber gehts 
 um die Hauptschulprüfungen.   Der Druck für Elmedin, Nils 
 und Valentino wächst.   Wir sind ganz nah dran 
 bei den Prüfungen.   Ich bin fertig.   Fertig? Wie aufgeregt bist du? 
 - Schon aufgeregt.   Und wie ihre Schulzeit endet.   Ihr habt es geschafft.   Natürlich wäre es schön, 
 wenn ich da reinlaufen würde,   den Lehrern die Hand geben würde   und die Lehrer mir 
 mein Realzeugnis geben würden.   Das wäre alles für mich, 
 aber leider ist es nicht so.   Warum Träume platzen werden?   Einigen fehlte einfach der Antrieb,   glauben die wenigen, 
 die noch den Unterricht besuchen.   Die haben einfach aufgegeben.   Die haben gesehen, 
 aus denen wird sowieso nichts.   Dann können die jetzt schon daheim 
 bleiben. Bringt nichts.   Ich denke mal, 
 die Eltern interessiert es nicht.   Die denken, 
 die schaffen es irgendwie.   Wir haben's noch mal versucht mit 
 Elternbriefen und Anrufen.   Ich habe bei der Übergabe 
 noch viel telefonisch gemacht   und versucht, 
 eine kleine Schnittstelle zu finden.  Wie aber soll die Klassenlehrerin 
 ihre Schüler fürs Lernen motivieren,   wenn sich schon die Eltern 
 verweigern, Hilfsangebote ablehnen?   Wir sind dabei, 
 als Nicole Kroh im Februar die 9H1   von Lehrer Köchel übernimmt.   Hauptproblem damals, das Schwänzen, 
 entstanden in der Coronazeit.   Einige haben sich seitdem 
 zurückgezogen,   den Kontakt zur Schule verloren.   Sind wir alle oder was? 
 - Wir sind heute 4 Leute.   Wo ist der Rest?   Viele hängen in der Luft.   Was soll sie jetzt noch tun? 
 Bald sind Prüfungen.   Natürlich der Versuch,   irgendwie alle 
 zu ihrem Abschluss zu bekommen,   dass sie am Ball bleiben und auch 
 wieder in die Schule kommen.   Mark ist da, Musap, Luka. Sehr gut.   Das 2.Halbjahr beginnt.   Noch einmal drängen sie 
 auf Gespräche mit den Eltern.   Wo wir auch noch mal versucht haben 
 deutlich zu machen,   das wir alle an einen Strang ziehen   und dass Schule nicht die böse 
 Bestrafungsinstanz sein will,   sondern dass wir Hand in Hand,   so unterschiedlich 
 wie die Jugendlichen sind,   so schwierig 
 wie die Herausforderungen sind,   das Bestmögliche rauszuholen.   Und um diese drei Abschlüsse gehts:   den berufsorientierten, 
 den klassischen   und den qualifizierten 
 Hauptschulabschluss.   Für den büffelt Nils.   Schafft er die Qualifikation,   mit maximal einer 
 vier in den Hauptfächern,   darf er nach der 9. Klasse 
 die mittlere Reife machen.   Das wäre mir schon sehr wichtig.   Ich habe dann 
 einen besseren Abschluss,   kann noch mehrere 
 Richtungen einschlagen.   Nach dem lernen wirds ernst:   Mitte Mai, in der 
 Erich Kästner Schule Oberursel.   Prüfungswoche für die 9H1.   Geprüft wird an drei Tagen, 
 in Mathe, Deutsch, Englisch.   Es war einem übel gewesen.   Man wusste nicht, was vor einem 
 liegt, was passiert, was abgeht.   Und durch den verpassten 
 Schulstoff wirds für einige ganz eng.  Manche kommen einfach nicht 
 oder gehen mitten im Unterricht,   weil sie doch keine Lust mehr haben.  Nicht alle konnten sich 
 aus der Krise lösen.   So aber wird es 
 für die Lehrerin kaum möglich sein,   alle zum Abschluss zu bringen.   Es gibt leider immer Ausreißer 
 in diesem Sinne,   dass man viele Gespräche führt,   aber dann bei den Prüfungen nicht 
 alle so anwesend sind,   wie es vielleicht gut gewesen wäre.   Sie hatte schon ihre 
 Startschwierigkeiten gehabt   Von 16 Schüler waren 
 vielleicht nur noch 6 da.   Das war bestimmt nicht 
 leicht für sie.   Aber irgendwie muss sie 
 mit uns klarkommen,   Sie ist ja Lehrerin.   Auch Elmedin gibt zu, 
 er hat es schleifen lassen,   konnte sich nur selten 
 zum Lernen aufraffen.   Dabei waren seine Pläne 
 im Frühjahr ganz konkret:   Mein größter Traum wäre,   dass ich eine Ausbildungsstelle habe
 bei der Kfz und Lackierung.   Am meisten Sorgen macht mir, 
 das es doch nicht so ist,   wie ich es mir alles vorstelle.   Das Problem war einfach, ich hatte 
 gar kein Bock auf meine Schule.   Ich habe immer gedacht, 
 ich habe Zeit.   Ab der 5. Klasse 
 habe ich immer so gedacht.   Der Hauptschulabschluss 
 ist für viele Ausbildungsberufe   gut geeignet.   Hessen braucht 
 dringend Fachkräfte.   Valentino will Zweirad-Mechatroniker 
 werden, hat sogar eine Lehrstelle,   vorausgesetzt er schafft jetzt 
 den Abschluss.   Das ist schon mal 
 der Anfang vom Traum.   Man muss sich 
 Stück für Stück hocharbeiten,   um sein Ziel zu erreichen.   Und niemals aufgeben.   Was aber machen mit denen, 
 die bereits aufgegeben haben?   Wie eine Lehrerin um die Zukunft 
 dieser Kinder kämpft,   mehr dazu morgen.   Das 1.Mal gemeinsame Kinder 
 bekommen ist was Besonderes.   So ist das auch bei Jack und 
 Bernadette im Wildtierpark Edersee.   Die haben da für Nachwuchs gesorgt 
 und das sind die beiden,   die aber noch 
 keinen Namen haben,   obwohl sie schon Anfang Mai 
 zur Welt gekommen sind.   Auf die ist nicht nur der Tierpark, 
 sondern auch die Eltern ganz stolz.   Die haben ihren Nachwuchs das 1.Mal 
 vor unserer Kamera gezeigt.   Weißte, wenn es Fisch gibt, 
 ist Bernadette kaum zu halten.   Als Fischotter. Da wird reingehauen, 
 bis die Schwarte kracht.   Schlingel, mit Druckbetankung. 
 Normalerweise.   Huch, was soll denn das jetzt?   Ja, wenn schon das Fernsehen da ist, 
 muss man zeigen, was man hat.   Also in Sachen Nachwuchs.   Bernadette und der Wildpark Edersee 
 proudly present: Mmh und Mmh.   Zwei Otterbabys, noch namenlos.   Jahrelang haben sie ja immer 
 wieder in die Röhre geguckt.   Aber vor 2,5 Monaten, 
 erzählt Valentina, die Tierpflegerin,  da waren sie plötzlich da.   10 cm groß, lagen in der Höhle.   Und jetzt, schon herangewachsen 
 zu ansehnlichen Brocken,   dürfen sie raus.   Otterbabys sind am 
 Anfang noch wasserscheu.   Manche Jungtiere kommen mit 
 der Mutti raus und lernen schwimmen,  aber die meisten werden 
 mit sanfter Gewalt   von der Mutter ins Wasser gedrückt.   Wasserscheu ist auf Dauer 
 für so'n Otter doof.   Bernadette, also die Frau Mama, 
 hat echt zu tun.   Ihr Gatte, oder sagen wir besser 
 der Erzeuger, hat sich rauszuhalten.   Jack ist seit der durch 
 ihn verursachten Schwangerschaft   eher die tragische Figur im Teich.   Aufzucht und Hege - 
 darf er nicht dabei sein.   Pah, dann will er auch nicht.   Die werden auch sogar 
 noch bis zu 6 Monaten gesäugt.   Hängt vielleicht 
 auch damit zusammen,   dass sie erst lernen müssen, 
 wie man fischt.   Otter gibts schon lange 
 hier im Wildpark.   Aber das waren kanadische Fischotter,  die kamen quasi mit dem 
 Otterversand zum Edersee.   Bernadette und Jack 
 dagegen sind einheimisch.   Und der Nachwuchs jetzt 
 ist ein kleines Wunder.   Sie ist immerhin schon sieben, 
 also für Otter ziemlich betagt.   Und er mit zweieinhalb 
 gerade erst geschlechtsreif.   Aber aus'm Stand, 
 was für süße Kinder!   Und für die sucht 
 der Wildpark Edersee noch Namen.   Erste Vorschläge trudeln langsam ein.  Kelly. 
 - Olli Otter.   Jerry. 
 - Toni wäre nicht schlecht.   Bella. 
 - Pauline, ist was Schnuckeliges.   Pixel, Fred und Karl. 
 - Belly Otter.   Die Sache hat nur einen Haken,   noch weiß keiner, 
 ob Junge oder Mädchen.   Dafür musst du sie erst mal zu fassen
 kriegen. Vorbei an Bernadette.   Aber das ist 'ne eigene Geschichte.   Während der Otter in Flüssen 
 und Bächen unterwegs ist,   sind in der Tiefsee noch 
 ganz andere Lebewesen unterwegs.   Damit gehts weiter nach der 
 Tagesschau.   Noch etwas später 
 als die Tageschau ...   ""Der blaue Planet"" 
 ist eine wahnsinnige Serie.   21.30 Uhr noch mal die hessenschau.   Ihnen einen schönen Abend. 
 - Wir sehen uns morgen.   Copyright Untertitel: hr 2023 ",OK
nvkJV3L_wYo,die Welt verändert sich gerade rapide und seit der Pandemie können wir das eigentlich mitverfolgen es sind jetzt verschiedene Gesetze auf den Markt gebracht wurden und es ist unter anderem so ich weiß nicht ob wir das gehört habt deshalb dem ersten ersten 20 24 das sind nicht mehr reisen könnt wenn ihr mehr als 10.000 € habt dann seid ihr per Definition kriminell und das ist eine Sache die ich bemängele dass die meisten Leute verschiedene Dinge nicht hinterfragen das ist egal ist oder dass sie zu viel rein interpretieren und damit unglaubwürdig werden was ich in diesem Video deswegen machen möchte mit euch einmal über Entwicklungen zu sprechen die ich für kritisch halte und ich möchte euch auch die Konsequenz nennen die ich sehe und das ist absolut Überwachung es ist inzwischen fast drei Jahre her dass ich angefangen habe mich über verschiedenste Dinge aufzuregen ich hätte zu dem Zeitpunkt damals aufgehört mit YouTube und ich bin Marketing Firma gegründet und es war der Zeitpunkt wo ich das erste mal meine erste Million hatte und während ich all das hatte während ich quasi glücklich war in einer Villa in Asien kam eine Sache die wir in Asien gar nicht mitbekommen haben weder eine Zeitung oder sonst irgendwas es war das ist plötzlich ein Gesetz geben sollte dass wir zurückgehen sollten und unsere Heimatländer um uns zu melden kritisch aus verschiedensten Dingen ihr seid dann steuerpflichtig ihr müsst in euer Land zurück und man kann euch kontrollieren es ist mit Deutschland nie zustande gekommen aber es waren andere Länder die das gemacht haben Neuseeland Australien beispielsweise da wurden alle Bewohner sofort zurückgeflogen und das Land wurde zugemacht man hat euch das eine Sache die wir Marketing machen ein Problem präsentiert eine globale Pandemie gegen die wir vorgehen müssen und damit sind verschiedenste Gesetze durchgebracht wurden normal im Marketing man das ein Lösungsansatz wenn ich euch etwas geben möchte da muss ich ein Problem schaffen ihr sollt eine Brille kaufen da muss ich ein Problem schaffen keine Ahnung kleine Buchstaben kleine Handys etc ich muss die wären das dafür schaffen euer Auge wird schlecht durch diese Dinge und dann eine Lösung ich anbieten habe ihr könnt damit Vorgehen gegen das mit einer Brille das ist das was ihr bekommen habt ihr habt verschiedenste Dinge mitbekommen die man getan hat um euch angeblich zu schützen bevor ich jetzt eingehe darauf was gemacht würde möchte ich einmal meine Meinung damit geben weil ich sehe eines der größten Probleme in Falschinformation empfehlen Informationen ich persönlich bin bereit und offen jede Verschwörungstheorie zu glauben die auf Korruption und menschlicher beruht ich glaube allerdings nicht dass ein Bauer seine Milchkühe vergiftet ich glaube nicht dass wir irgendetwas haben ich bin kein Freund von den Theorien der Bevölkerungsreduktion ich glaube dass es darum geht dass man versucht die Bevölkerung zu schröpfen die Schafe zu scheren wenn er so wollt und dass das was ich auch immer anprangere ich gehe gar nicht in Verschwörungstheorien wie unsere Mainstream-Medien sagen wobei ich auch viele davon nicht abtun möchte sondern sage ich will erstmal prüfen für mich aber beispielsweise gibt es für mich Dinge wie kann das sein dass wir verschiedene Farmer Unternehmen mit Milliarden unterstützt haben und verschiedenste Dinge zu testen und wie kann das sein dass dann die Milliarden Gewinne die da kam die übergewinner die diese unglaublichen Gelder die geflossen sind wie kann das sein dass die alleine den Unternehmen gehören ich kann das sein dass dabei Gesetzentwürfe da sind die durchaus fragwürdig sind wir kennen sein dass wir dann Politiker haben die verfehlt hat mich angefangen hat werden das sind Dinge die ich beende und währenddessen verändert sich die ganze Welt weiter während der Pandemie hat man verschiedenste Heilpraktiker gesetzt durchgesetzt meine Mutter die sich dagegen gesperrt hat dass ihre heilpraktikerlizenz entzogen gibt es mit euch geteilt meine Mutter die verschiedenste Dinge anspricht kann euch das aus erster Erfahrung sagen ihr dürft gerade gesundheitlich nicht alles sagen egal ob es eure eigene Meinung ist egal was ihr macht wenn ihr gewissen Dingen widerspricht dann seid ihr und macht ihr euch damit strafbar das kann man als richtig achten wenn man sagt oh das kann ja ausgenutzt werden aber es kann auch oder das sollte jedem von uns klar sein dass da eine gewisse Gefahr mit schwingt richtig und jetzt gibt es neue Gesetze ich habe gehört das Vermieter Tagebuch das geteilt dass die Dominikanische Republik kein Standort mehr ist an dem er bleiben kann ist jetzt gestern passiert das Thailand ebenfalls diesen Weg geht noch mal eine Sache die von den Linken beispielsweise in Deutschland stetig gefordert wurde ist das die Tatsache dass man euer Einkommen und euer Steuern an euren Ausweis an euren Reisepass koppeln möchte ihr seid ohne Reisepass seid ihr nicht in der Lage irgendetwas zu machen ihr seid faktisch ohne irgendein recht ihr habt keine Möglichkeiten aber es wird jetzt damit begonnen dass man Verpflichtungen mit schwingen lässt und das ist der Punkt den ich sehr sehr kritisch sehr und Thailand hat jetzt angefangen das jegliches Einkommen 4 versteuert werden muss in Thailand ihr könnt Geld haben und wenn ihr Geld einführt nach Thailand muss das voll versteuert werden noch mal das ist nicht die einzige Regel ist nicht das einzige Land ist sie gerade alle Länder mit und das eine Sache die ich von Anfang gesagt habe in Deutschland die Probleme die ich sehe die ich glaube inzwischen die waren immer vorhanden was haben sie egal wenn die Augen verschlossen warum weil es uns gut geht werden immer mehr und es ist mit vollem Magen schwer sich zu beschweren brot und Spiele werden Belustigung werden das beste Entertainmentprogramm und werden keine Sorgen aber jetzt fangen an sich die Dinge zu ändern ihr verliert monatlich jährlich immer mehr und der Staat überlegt sich okay Moment wir haben einen Liquiditätsengpass wie wie könnte man dagegen vorgehen und die Antwort kennt ihr bestandsvermögen Lasten ausgleichsgesetz etc eines Dinge die gerade eingesetzt werden Dinge wie ein heizgesetz das kann unter anderem dazu führen dass verschiedenste Bürger ihre Eigentum verlieren und das sind Dinge die ich kritisch sehe und das sind Dinge die hier gerade eingesetzt werden und niemand spricht darüber und ich sage euch das ist ja eine Sache wo ihr zumindest offen sein sollte ob es euch jetzt betrifft oder nicht normal das ist einfach sich rauszureden und zu sagen ach ja das betrifft mich jetzt nicht aber wenn es euch jetzt nicht betrifft dann seid ihr später irgendwann die die es betreffen wird ich möchte hier noch eine Sache kurz sagen ihr gehört zu den reichsten 10%. wenn ihr ungefähr 3.500 € netto pro Monat gehört zu den reichsten ein Prozent ein Prozent wenn die 5000 Euro pro Monat hat mag nicht der Betrag sein den ihr habt aber ich hoffe ihr versteht dass der Sprung dorthin ist nicht gigantisch und in Deutschland muss man irgendwie ein abschöpfen und wenn jetzt sagt oh ja wir wollen die Reichen besteuern dann macht nicht den fehlgedanken zu denken dass das andere sind nicht die anderen es beginnt auch mit euch und dieser ganze Mittelstand etc der wird gerade hier der leidet massiv wir bekommen französische Verhältnisse und die Dinge die hier passieren nebenbei sorgen dafür dass sie auch gleichzeitig alle Freiheiten verliert ich sage nicht dass man das ausnutzt aber es ist zumindest eine Angst und es ist eine Gefahr gewesen die immer ausgenutzt wurde in der Vergangenheit wenn man gewisse Grundrechte aushebt ist das immer dazu gekommen dass am Ende Menschen ihre Rechte verloren haben und das grob wurde,OK
Z_tVBgPysGQ,ein voller Erfolg war das am vergangenen Wochenende durchgeführte Netzwerktreffen der Menschheitsfamilie Report 24 und RTV hunderte Gäste waren auf den feldbauernhof am Attersee gekommen neben bester Kulinarik und Live-Musik stand vor allem das gemeinsame Gespräch im Fokus der Veranstaltung [Musik] [Musik] [Applaus] und es ist großartig ich war noch nie da die Location ist ein Wahnsinn auf der anderen Berge auf der anderen wunderschönen See es war schön wenn man reinspringen konnte kennen aber leider nicht aber wir alle haben heute schon wieder mal das Gefühl dass man nicht alleine sind das ist viele Leute gibt die ähnlich denken die zusammenarbeiten und das ist es gibt 325 Voranmeldungen gehabt und haben wenn man im Glauben schenkt und das hat der gesagt zu viel Leid worden und hier bei ihrem Hof er schätzt das 600 da waren und es war einfach Traum toll wieder tolle Leute super Musik die leider auf der wiesentanz der persönlichen portul gesungen live mit der gitar es war wirklich toll ja und dann freue mich halt dann wieder meine Sachen noch was wir jetzt da die leider fröhlich sein was lustig sein das Fest war so Gaudi und du hast gemerkt die Leitern und es Dankern und danke dass wir da was machen und das war einfach cool vor allem das Thema alternative Medien war um die präsent sind es doch gerade diese die in den letzten drei Jahren aufgezeigt haben was der Mainstream verschwiegen hat glaub mir bin überzeugt dass alternative Medien die Zukunft sein weil mit den jetzigen Mainstream Medien wird es nix mehr es ist so dass ein halbes Jahr nach dem Corona ausgerufen wurde einige gescheite Leute gesagt haben ihr könnt euch verabschieden von dem Gedanken und von den Bitten an die Massenmedien doch endlich eine ordentliche Berichterstattung zu machen diese Mannschaften von den Massenmedien machen das bis zum Schluss ziehen die ihre Agenda durch und du kannst nur mehr die Mannschaften auswechseln oder die ganzen Massenmedien es geht nur mehr über alternative Medien und das werden die Medien dazu Zukunft in der corona-krise hat sich vieles nach offen hat sich vieles offen gezeigt von diesen Jahrzehnte alten Netzwerken das heißt wir müssen da sehr viel Disziplin und Geduld aufbringen um diese Kartelle herauszufordern denn wir haben den wir haben Medien Staatsverträge in allen drei Ländern wir haben klare Forderungen wir hatten auch letzte Woche einen Gerichtsprozess in der zweiten Instanz mit einem Gutachten aus der von der Universität München das heißt wir haben die Fakten auf unserer Seite jetzt geht's nur noch darum dass wir die Menschen gewinnen Allianzen dafür brauchen wir Netzwerktreffen wie dieses hier das Wichtigste sind die alternativen Medien ohne die geht gar nichts wir machen deswegen macht man sowas ja gemeinsam RTV Report 24 und mir und es ist der Info direkt ist da und viele Menschen die einfach die Botschaften erweitern wir haben Leute doch heute aus Bregenz aus Ungarn aus aus dem Burgenland aus der Südsteiermark aus der Schweiz sein Leute da immer die kommen ja nicht zum Plätzchen machen ja die wollen ja was die wollen ja was mitnehmen trinken was mit daher Informationen die wir so nicht haben und nehmen was mit das sonst bei ihnen nicht Herren und die Alternativen mediens sind der Strohhalm an dem sich die Menschen anklammern und diese Alternativen sogenannten alternativen Medien sind es die die wirklich ergeben ist offen berichten und zwar sowohl die eine als auch die andere Seite und es gibt kein brainwashing wenn immer RTV oder auf eins anschaue sondern es gibt neutrale Informationen ich kann mir selbst meine Meinung bilden und meine Meinung wird nicht durch Gehirnwäsche mir vorgegeben wie nennt erstens nicht alternative Medien für mich als Meinungsträger und meinungsverbreiter und ich glaube dass das ganz wichtig ist dass man auch eine andere Meinung hat und nicht nur alternativ das ist meiner Meinung auch falsch andere Überlegungen andere Sichtweisen und ich glaube dass diese der heutigen Zeit viel viel wichtiger ist als wir je zuvor weil wenn es eine vorgeprägte Meinung der Mainstream Medien gibt und muss genau das andere geben man muss sicherlich sehr sehr aufpassen weil der Mainstream und weil verschiedene mächtige Kreise umso mehr so zu nennen natürlich mitgekriegt haben in den letzten Monaten und Jahren dass immer mehr leid die die Märchen die narrative die im menschlichen erzeugt werden nicht mehr stimmen und deswegen natürlich zu alternativen in dem Fall zu alternativen Medien greifen und statt das ist überlegen was machen wir falsch versucht man das mit diversen Zensurmaßnahmen zu verhindern darauf muss man aufpassen da müssen sie die Bürger wehren ich hoffe das passiert da aber da muss man sich auf der Hut sein wann diese Zensur nicht gibt wenn man diese Zensurmaßnahmen verhindern kann dann glaube ich sind die alternativen Medien haben tolle Zukunft positiv in die Zukunft blickt auch die Menschheitsfamilie rund um Peter Schutte denn der Veranstaltungskalender ist bereits wieder gefüllt mit informativen Events am 19.10 kommt der kleine Jepsen nach Salzburg in die neue Event location in Puch und ich habe seit letzter Woche die Zusage für einen weiteren podiumstock die mal in Salzburg machen werden mit dem Ferdinand Wegscheider der die Meinung der Medien vertritt mit dem königsten Seite die beiden sind hundertprozentig sicher da Markus Krall von der Finanzseite rechts Android aus Steyr der uns aufklärt über die WKO und der wetteradler der uns über die Klima Manipulationen aufklärt und durch den Abend wird die Petra führig führen die ihre eigene YouTube-Kanal hat wo es viele Interviews haben,OK
lIHZjD7Jw0U,in Deutschland fehlen mindestens 700.000 Wohnungen vor allem leistbarer Wohnraum ist kaum mehr vorhanden verschärft wird die Lage durch die anhaltende Massenzuwanderung und stark steigende Preise für den Wohnungsbau die Lage wird kritisch und durch den anhaltenden Zustrom von Menschen aus dem Ausland noch weiter verschärft die BRD das Welt Sozialamt ist überlastet bereits im Jänner wie ist eine Studie daraufhin dass in Deutschland der Wohnraum immer knapper wird und insbesondere die anhaltende hohe Zuwanderung den Bedarf stark steigen lässt gleichzeitig fehlt es am günstigen Wohnraum da ist einerseits immer weniger Sozialwohnungen gibt und andererseits auch der Bau neuer Wohneinheiten durch mehrere Faktoren verteuert wird man sollte bedenken dass die anhaltend hohe netto Zuwanderung für ein Bevölkerungswachstum von rund 4 Millionen als ein Plus von etwa 5% innerhalb der letzten zehn Jahre gesorgt hat haupttreiber waren dabei die migrationskrise 2015 wir erinnern uns Merkels wir schaffen das und die Eskalation in der Ukraine 2022 bislang sieht es nicht danach aus als ob es an der zuwanderungsfront zu einem Entspannung kommt die migrationszahlen nach Europa sind anhaltend hoch und Deutschland gilt weiterhin als eines der beliebtesten Ziele für die Zuwanderer durch die der durch verstärkte Nachfrage an Wohnraum lässt auch die Mietpreise deutlich ansteigen insbesondere in den größeren Städten und deren Umland wird es für einen Normalverdiener zusehend unmöglich sich eine eigene Wohnung zu leisten an eine Familiengründung ist unter solchen Umständen auch nicht einmal ansatzweise zu denken,OK
JcrtCo-US1c,aufbauern wehrt euch unter diesem Motto lädt die freiheitliche Bauernschaft Österreich am Dienstag den 29 August zum bauernaktionstag nach Wien es geht darum die Politik wach zu rütteln und auf Probleme aufmerksam zu machen und dazu darf ich jetzt den leidenschaftlichen Landwirt und fpö-nationalratsabgeordneten Peter schmidtlechner wir Zoom begrüßen schön dass Sie sich heute Zeit genommen haben bei den Bauern brennt der Hut und das Massiv jetzt will die freiheitliche Bauernschaft Österreich mit diesem Aktionstag mit diesem Bauern Aktionstag auf diverse Missstände aufmerksam machen wo drückt denn aus ihrer Sicht am meisten gerade der Schuh also am meisten der Schuh drückt die Bauern natürlich auch die Teuerung die Teuerung ist ja maßgeblich für die landwirtschaftlichen Betriebe und das trifft nicht nur die Konsumenten sondern das trifft jetzt massiv eben die landwirtschaftlichen Betriebe die teilweise hinter und vornehmer wissen wie sie die hohen betriebsmittelpreise Zahlen stemmen sollen wenn gleichzeitig jetzt schon die Milchpreise und die Getreidepreise ein einbrechen und Abstürzen also das wir sind in einer wahnsinnigen Situation was hat der Bauer wird ruiniert mit schlechten Preisen der Konsument wird abkassiert und gleichzeitig verdient sie der Handel und die Lebensmittelindustrie eine goldene Nase und äh dort muss es gibt sehr viele Probleme in der Landwirtschaft die beide bei dem Bauern und die gibt es auch zu zeigen und dort ein erwachsen dass wir bauen nicht schuld sind an der Teuerung sie haben das Thema Preisverfall bei get de Milch und Fleisch angesprochen das ist ja ein Thema das bekommt der Konsument nur minimalistisch mit sage ich jetzt einmal der Bauer natürlich sehr aber wie wollen Sie dem Konsumenten das besser näher bringen dass der Bauer da jetzt so massiv betroffen ist es ist eben die Problematik die wie vor ca einem Jahr wie die Preise angestiegen sind gerade beim Getreide hat die Lebensmittelhandel und aber die Mühlen und die Bäckereien haben sofort gesagt naja die die Getreidepreise steigen ins Unermessliche wir müssen mit dem Preis noch und haben sofort für den Konsumenten praktisch die Preise erhöht Dings natürlich ist dort na was beim Bauern hängen geblieben jetzt geht die ganze Geschichte in die andere Richtung wir haben einen Preisverfall beim getreidefrost um die Hälfte also das ist ein Wahnsinn was der momentan gerade passiert bei hohen Betriebsmittelkosten dort bleibt im Endeffekt nichts rüber dort jeder Bar pro Hektar was er trifft praktisch drauf und äh aber ist der Handel oder die Bäckereien die Mühlen bei Mehl und kein Ansinnen nicht dass dort einen Preis an die Konsumenten weitergeben und das ist einfach eine Frechheit was da momentan passiert und gleichzeitig wird natürlich das alles angefeuert mit dem Import von ukrainischen Getreide das ja von der Ukraine nach Österreich importiert wird nachweislich importiert wird und dort schafft man natürlich auch Überangebot dass die Preise nochmal verfallen lässt man muss dazu sagen leider Gottes viele Landwirte können das nicht mehr tragen beziehungsweise können Ihren Betrieb nicht mehr erhalten es ist ja immer die Rede vom Bauern sterben in Österreich und das sind ja die Zahlen in den letzten Jahren immer mehr gestiegen Herr Schmidlechner was sind denn die aktuellen Zahlen gerade in Bezug auf das bauernster in Österreich tatsächlich ist dass jetzt ein aktuell bei dem neuen Förderprogramm der Hammer oder der von Österreich jetzt mit der gemeinsamen Agrarpolitik nur mehr 109.000 Betriebe teilnehmen also das ist wieder ein großes Minus und wenn man das dann die Zahl dann hochrechnet dann sperrt praktisch jeden Tag sperren sieben Betriebe ihren Betrieb zu also haben die stolze zuordnen passiert nichts mehr und geben auf und es ist einfach Desaster in der landwirtschaftsspiel Politik wenn dann wenn man danach mit Bauern rette aufgehört haben die dann einfach so ein bisschen erleichtert so nur ich habe sie endlich geschafft also äh Dings äh der schönste Beruf der muss eigentlich gibt oder der wichtigste Beruf der muss eigentlich gibt wird da jetzt ein zerstört wird ruiniert und äh der Irrsinn ist eben der dass man dann die Kapitel die ja jeder braucht von weißgood woher importiert zu weit schlechteren Bedingungen als wir es wie in Österreich produzieren und das ist der Wahnsinn man muss ja dazu sagen nur dass man einen Vergleich hat sie haben die knapp 100 109.000 glaube ich war die Zahl genannt zum Vergleich bei Österreichs EU Beitritt 1995 gab es über 239 000 Betriebe in Österreich so jetzt die Frage Herr Schmidlechner wer ist jetzt Schuld an diesem Bauern Sterben der letzten Jahre ist es die EU mit ihren Verordnungen oder ist es in aus ihrer Sicht die ÖVP die in den letzten Jahrzehnten für die Bauern eigentlich maßgeblich verantwortlich war also natürlich gibt dir die EU die Rahmenbedingungen nach vor tatsache ist aber dass ÖVP-Politiker stets diesen zustimmen müssen und immer bei dem Verhandlungen mit am Tisch sitzen und es ist dann einfach nur scheinheilig und fast eigentlich schon falsch von der ÖVP wenn sie dann so ja das wird von der EU vorgegeben Tatsache ist tatsache ist dass die ÖVP dass die Leute aus Ministerium und das der Minister bei den Verhandlungen mit dabei sitzt und den immer zustimmt und jetzt zu sagen ja den Green Deal stimmen wird zwar zu aber einzelne Punkte die im Grünen stehen lehnen wie ab wie z.B die Renaturierung ist einfach nur also auf Mundart gesagt hinterfotzeugnet und da denke mal einfach das ist eine Politik die wir nicht brauchen die wir auch sagen müssen und wo wir einfach sagen das geht nicht und da glaubt das einfach wieder selbstbewusste Politiker brauchen die auf zuerst einmal schauen auf unsere Leute auf unsere Wirtschaft auf unsere Landwirtschaft und es ist einfach Wahnsinn mit diesen Maßnahmen die jetzt in Zukunft umgesetzt wird ruinieren wir die Bauernhöfe ruinieren wir die landwirtschaftlichen Betriebe und gleichzeitig müssen wir dann aber die Lebensmittel von Südamerika von Ägypten oder egal woher von der ganzen Welt her importiert was das dann für ein Sinn hat das also das ist mir nicht erklärlich und es ist glaube niemanden erklärlich und dort ein bisschen mehr jetzt einfach haben wir auf dem Tisch schauen und sagen so kann es nicht weitergehen und eines muss man sagen ich glaube es ist höchste Zeit dass man dass das Landwirtschaftsminister auf die Ersatzbank geschickt wird tatsächlich ist das so die Probleme in der Landwirtschaft die Probleme bei den Bauernhöfen in der ist einfach sind so groß und töten geht es nicht mehr um Parteipolitik dort geht es einfach nur mal ums Überleben der Bauernhöfe und ich denke mal das sollte im Interesse aller sein und natürlich sind alle mit eingeladen dort mitzuwirken sind alle mit eingeladen dass dann dort in das Wort Wort ergreifen wir haben jetzt eine Gespräche mit vielen Ehren Gruppierungen mit vielen landwirtschaftlichen Gruppierungen und unter anderem ist jetzt ein fix mit dabei die Organisation safetyals die sich massiv dafür einsetzt für für den Schutz der Almen für die Regulierung des Wolfes und ich denke auch immer desto mehr dass wir sind desto besser ist es und ich denke einfach es braucht einfach eine Stimme der Landwirtschaft die die wirklich einmal aufzeigt was Sache ist die ja das mit Aktionen bekräftigt die ja dann dort wirklich sagen kann Tatsache ist wir müssen was für die Bauern verändern und es kann einfach nicht mehr sein dass der Konsument auf der einen Seite abkassiert wird und gleichzeitig der Bauer ruiniert wird und da die die was zwischen drinnen sind die haben Millionen Gewinne und äh das kann es einfach nicht mehr sein und eines habe ich mal sagen lassen das haben wir gestern bei der Veranstaltungsanmeldung der Polizist gesagt hat seines Wissens oder oder jetzt auch meines Wissens nicht war die letzte Demonstration von Landwirtschaft zum Minister mit Ministerium 1974 und ich denke mal das ist lange Zeit her und jetzt wird wieder mal Zeit weil einfach der Schuh drückt und das Wasser steht vielen bis zum Haus und da braucht es jetzt endlich einmal an hilfeschreier und Entlastungsmaßnahmen schauen wir ob die Regierung eure Forderungen dementsprechend ernst nimmt wie gesagt am Dienstag den 29 August kann man dabei sein sowohl Landwirte als auch Konsumenten also es ist glaube ich jeder Willkommen beginn ist um 11 Uhr wie gesagt vor dem Landwirtschaftsministerium Herr Schmidlechner eine Frage noch aber angesichts dieser großen und vielen Missstände die in Österreich herrschen reicht da einer Aktionstag aus weil wenn man sich da so anzieht was der dementsprechend für Forderungen sind da braucht man ja eigentlich ein komplettes Protest ja damit der alles durchgeht wie schaut das aus wird das jetzt bei diesen einen Aktionstag bleiben oder werden da noch nachfolgende kommen natürlich wird es nicht bei dem einen Akt Dienstag bleiben dort werden mehrere noch folgen und Toten werden wir gemeinsam mit den Organisationen die wir jetzt zusammengearbeitet haben und unter anderem auch immer die save the Alps wäre mir natürlich viele weitere Aktionen nur starten weil ich glaube dass ist jetzt praktisch der Startschuss und die Veränderung müssen wir natürlich erkämpfen und es wird kein einfacher Weg aber ich glaube das einfach wichtig ist hier endlich einmal Zeichen zu setzen Herr Schmidt euch solche danke fürs Gespräch und wir sehen uns spätestens am Dienstag den 29 August in Wien beim Bauern Aktionstag der Freiheitlichen Bauernschaft schöne Grüße danke dass Sie sich Zeit genommen haben danke,OK
PRPW3uL78rk,"deutschland steuert geradewegs auf eine Wirtschaftskatastrophe zu und die Experten die eins zuversichtlich waren stehen jetzt vor den drümmern ihrer Prognosen die Situation ist noch düsterer als befürchtet statt des erwarteten geringfügigen Wachstums von 0,3% hatten die führenden Wirtschaftsforschungsinstitute Deutschlands im früher noch Hoffnung gehegt doch nun haben sie ihre Prognose korrigiert auf einen erschreckenden Absturz um 0,9% Punkte das bedeutet dass die deutsche Wirtschaft in diesem Jahr um 0,6% Punkte schrumpfen wird gemessen am Bruttoinlandsprodukt die Auswirkungen werden auch Österreich zu spüren bekommen insbesondere die Automobilindustrie von der rund 120.000 Arbeitsplätze abhängen die Verflechtungen mit der deutschen Autoindustrie sind derart eng dass der Abschwung in Deutschland kaum an den österreichischen Grenzen Halt machen wird deutsche Unternehmen insbesondere in der Industrie hatten vor dieser Entwicklung bereits gewarnt und nun gestehen die Wirtschaftsinstitute ein Deutschland befindet sich seit über einem Jahr im Abschwung die Experten sind sich einig und das steht sogar wörtlich in ihrem Gutachten das politische Management der Energiewende sorgt für große Unsicherheit die Aussichten für das kommende Jahr sind düster die Forscher erwarten nur ein mageres Wachstum von 1,3% 0,2% Punkte weniger als ihre frühere Prognose im Frühjahr es ist nicht zu übersehen dass die Deutschen Wirtschaftsaussichten düster sind und die Politik der Bundesregierung trägt einen erheblichen Teil der Schuld daran die Wirtschaft befindet sich auf dünnem Eis und die Zukunft sieht alles andere als rosig aus",OK
IibpPaE1d-o,herzlich willkommen zum weltspezial rund um die aktuellen Geschehnisse im Krieg in der Ukraine hallo und willkommen auch von mir ja bei einem mutmaßlich ukrainische Sedrun Angriff auf den russischen Schwarzmeerhafen von Nova rosski ist nach Angaben aus Kiew ein Landungsschiff schwer beschädigt worden angeblich waren dort auch 100 Mann Besatzung mit an Bord das russische Verteidigungsministerium hat einen Drohnenangriff zwar bestätigt dieser sei jedoch angeblich rechtzeitig abgewehrt worden währenddessen ist der russische Verteidigungsminister Scholl GU an die Front gereist er möchte sich vor Ort über die Lage im Krieg informieren Luisa Stange mit den einzelnen diese Videos sollen zeigen wie sich zwei ukrainische See Drohnen auf den russischen Marinestützpunkt in Nova sisk an der Schwarzmeerküste zu bewegen die Kamera eine der Drohnen zeigt wie Sie direkt auf ein russisches Kriegsschiff zusteuert an Bord lackiert 450 Kilogramm Sprengstoff dann der Einschlag kurz darauf eröffnen russische wachbote das Feuer zerstören die unbemannten Objekte teilt das russische Verteidigungsministerium mit doch Aufnahmen am Morgen zeigen das getroffene Kriegsschiff ist schwer beschädigt hat Schlagseite und muss von einem Schlepper stabilisiert werden die Hafenstadt ist ein Stützpunkt der russischen Schwarzmeerflotte und ein wichtiger Standort für den Erdölexport unterdessen besucht der russische Verteidigungsminister schollgut die invasionstruppe in der Ukraine vor Ort informiert er sich über die Lage an der Front und bekommt Panzer gezeigt die von fliehenden ukrainischen Soldaten zurückgelassen worden sein sollen Russland bemüht sich mehr Soldaten für den ukrainekrieg zu rekrutieren will die Militärdienst attraktiver machen und das scheint zu funktionieren so sollen sich seit Beginn des Jahres mehr als 231.000 Russen freiwillig für den Dienst gemeldet haben in der Ukraine kritisiert Präsident selenski dagegen die eigenen rekrutierungszentren spricht von widerwärtigen Praktiken die Untersuchung hat viele Missstände aufgedeckt offen gesagt ekelhafte alle von den strafverfolgungsbeamten aufgedeckten Fakten werden der Öffentlichkeit präsentiert und im Rahmen von Strafverfahren untersucht Schlussfolgerung liegt auf der Hand das Rekrutierungssystem braucht Menschen die den Wert des Schutzes der Ukraine verstehen unterdessen läuft die Gegend Offensive weiter laut Zielinski kommt es vor allem an der Front im Osten und Süden des Landes zu brutalen kämpfen wieder diese unterschiedlichen Interpretationen dieses Drohnenangriff wie wird das denn in der Ukraine also in der Ukraine gibt es vor allem dort Medienberichte die eben auch diesen Angriff noch mal aus ukrainischer Sicht gelegt haben und da wird gesprochen von einer spezial-operation vom SBU also dem ukrainischen Geheimdienst und der ukrainischen Marine mit zwei See Drohnen die eben gesprengstoff an Bord hatten und wir wissen dass die Ukraine über solche See Drohnen verfügt grundsätzlich auch beim Angriff auf die krimbrücke dem letzten Angriff vor und zweieinhalb Wochen sind solche 10 Drohnen offenbar beteiligt gewesen einen US-Nachrichtensender hatte auch die Möglichkeit solche Drohnen einmal zu filmen also es gibt Aufnahmen davon wie diese Drohnen operieren und auch die Bestätigung dass diese drohen viele Kilogramm Sprengstoff mit an Bord haben können und die Russen haben natürlich jetzt einmal mehr gesagt dass im Schiff sei ja nicht richtig getroffen worden und die Bilder zeigen etwas anderes dieses Schiff ist tatsächlich in Schieflage geraten aber die Russen haben schon ähnliches behauptet bei dem Kreuz am mosquad in die Ukraine ja auch angegriffen hatten und da hieß es dann auch erst dieses Schiff sein nicht schwer beschädigt worden sondern nur getroffen worden im Nachhinein ist es gesunken ja dieser Krieg auch um die Worte und die Interpretation den kennen wir ja inzwischen auch schon Max vielen dank erstmal unsere reporterkollegin laura kipfelsberger ist zu uns gekommen ins Studio Laura die Gegenoffensive der Ukraine die läuft weiter die geht weiter voran heißt es nun soll es eine Attacke mit einer See Drohne gegeben haben wenn wir uns die Situation genau anschauen vielleicht auch an Marine Stützpunkt was ist da genau passiert was sind da die neuesten Erkenntnisse und auch Entwicklung ja tatsächlich muss man ja sagen dass schon wieder eine drohnenattacke auf russischem Territorium ist das sehen wir in den letzten Tagen in den letzten Wochen immer wieder schauen wir mal hier auf die Details schauen wir zunächst einmal auf den aktuellen Frontverlauf in der Ukraine es gibt ja eine alle abendliche Ansprache von Präsident selensky und da hat er gestern von verschiedenen Städten gesprochen in denen aktuell starke Kämpfe stattfinden beispielsweise rund um bachmut aber auch gestern in der Hafenstadt bergjans beispielsweise gab es Explosion die Ukraine die schlagen zurück immer wieder gestern beispielsweise auch auf der Krim auch darüber sprechen in den letzten Wochen immer wieder mit Drohnen die russische Luftabwehr konnte diese donattacken allerdings abwehren und dann müssen wir aber ganz dringend über diesen russischen Hafen eben auf russischem Territorium sprechen denn dort gab es gestern wohl eine Attacke mit einer ukraineischen See Drone auf ein Marineschiff der Russen hier sehen wer so sah von Land aus und diese seht Drohne die hat es geschafft dass dieser Marine Frachter total in Schräglage geraten ist also scheint ein sehr effizientes Krie Messgerät zu sein und deswegen will ich hier noch mal auf die genauen Kennzahlen dieser See Drohne schauen die hat eine Reichweite von 800 Kilometern ein Gewicht bis zu 1.000 Kilogramm Geschwindigkeiten von 80 km/h kann sie aufnehmen der Antrieb der erfolgte bei einem wasserstrahlantrieb und die Zielerfassung über ein elektrooptisches Gerät plus Infrarot was quasi oben drauf ist und das Material besteht aus einem an der Rumpf besteht aus einem Aluminium rum wir sehen also die ukrainische gegen Offensive die läuft immer weiter und dafür braucht es natürlich mehr Soldaten zu Land und zu Wasser wir können mal uns anschauen wie sich die Zahlen da entwickelt haben zu Anfang des Krieges da konnte die Ukraine im Februar 2022 auf 260.000 Soldaten 900.000 Reservisten und 20.000 fremden Legionäre zugreifen aber natürlich hat die Ukraine viele Verluste zu verzeichnen genauso natürlich wie die russische Seite es gibt Dokumente aus dem Hintergrund von März 2023 das zu diesem Zeitpunkt ist auf ukrainischer Seite wohl 17.500 Tote gab und über 113.000 Verwundete und diese Verwundeten die können natürlich nicht kämpfen und deswegen rekrutiert die Ukraine beispielsweise im Ausland beispielsweise über dieser Homepage hier die instagram-seite die gibt es schon seit Beginn des Krieges da werden Freiwillige aus dem Ausland abgeworben beispielsweise mit solchen Posts von vor vier Tagen mit der Frage ob man nicht selbst auch Scharfschütze werden möchte und auch inländisch in der Ukraine wird um Soldaten geworben beispielsweise mit solchen rekrutierungsvideos sehr emotional sehr martialisch ich habe mir das angesehen und damit sollen eben auch noch mal Menschen motiviert werden an der Front zu kämpfen viele der Ukrainer die wollen das aber nicht mehr die sind natürlich nach vielen Monaten im Krieg auch Kriegs müde und deswegen gibt es beispielsweise solche telegram-gruppen in Kiew und damit warnen sich die Bürger in Kiew gegenseitig wo rekrutierungsoff fixiere auf den Straßen unterwegs sind denn viele Ukraine haben Angst dass sie beispielsweise beim Spazierengehen oder beim Einkaufen einfach von der Straße weg rekrutiert werden wenn man diesem Video hier glauben schenken darf dann läuft das teilweise auch relativ brutal ab ein Mann wird von ukrainischen rekrutierungsoffizieren in ein Auto gezerrt es gibt immer noch genügend Freiwillige hier sehen wir Bilder die wir selbst gedreht haben im Frühjahr in der Ukraine Freiwillige die sich an die Front melden und dann quasi eine Art blitztraining durchlaufen lernen wie verhält man sich als Soldat Soldat beispielsweise auch wenn man verletzt wird wie legt man ein sogenanntes törni key an um Blutungen zu stoppen also die Ukraine generell in einer schwierigen Lage die gegen Offensive ist in vollem Gange zu Wasser wie wir hier sehen aber auch zu Land aber natürlich wird die Bevölkerung auch kriegsmüde und deswegen wird es schwieriger Soldaten zu rekrutieren also wir sehen uns wieder massive Schläge natürlich im Südosten der Ukraine wie wir so oft besprochen haben in den letzten Wochen und jetzt sogar Gegenschläge auf russischem Territorium mit diesen See drum ja und diese Rekrutierung für die du auch gezeigt hast natürlich auch für viele ja russische telegram-gruppen kriegsberger ein gefundenes Fressen weil die sagen guck mal nach all den Kriegsmonaten sind die inzwischen auch echt müde also so oder so ist das wieder ein Spiel bei der Propaganda danke schön zugeschaltet ist uns jetzt Wolfgang Richter er ist Oberst ade und als solcher natürlich Militärexperte ein schönen guten Tag begrüßen sie aus Berlin hallo Herr Richter Halloween hallo Frau Droste guten Tag ein russisches Landungsschiff ist offenbar bei einem Angriff mit einer seerone schwer beschädigt worden bei einer Attacke auf der krimbrücke sollen ja auch schon mal Marine Drohnen zum Einsatz gekommen sein eine Technik der Ukraine gegen die Russen kaum Abwehrmöglichkeiten haben kann man diesen Schluss ziehen kann man den zu lassen also ich glaube nicht dass man ihn generell so ziehen kann denn es ist natürlich schon möglich auch seedronen abzuwehren die Frage ist immer nur die kann man sie rechtzeitig aufklären ist man überhaupt in einem reaktionsbereiten Modus ob das auf diesen Kriegsschiff der Fall war kann ich nichts sagen normalerweise müsste eigentlich ein Hafen wieder groß ist der ja sehr wichtig ist nach den Creme helfen natürlich nach Silvesterball für die russische kämpflotte oder schwarzwälte in ausreichendem Alarmzustand sein aber offenbar gelingt es dann gelegentlich eben doch das einzelne Brunnen in dem Fall durchkommt alles das was wir jetzt gesehen haben an Bildern spricht schon dafür dass dieses landungsgeschäft beschädigt worden ist möglicherweise schwer wie viel Verluste entstanden sind können wir nicht sagen aber generell kann man schon sagen das ist Abwehrmöglichkeiten gibt vielleicht haben die Russen auch nicht wirklich dran geglaubt dass über eine solche Entfernung ein erfolgreicher Angriff stattfinden kann also wieder sozusagen auf russischem Territorium ein solcher Angriff ist da kann man sagen ist der Ukraine eine klare Strategie dahinter zu stehen es zu stecken oder ist das einfach wirklich die vielen kleinen Nadelstiche immer wieder an anderer Stelle auf russischen Gebiet um zu zeigen ihr seid vor uns auch überhaupt nicht sicher also es gibt zwei Aspekte die man hier berücksichtigen muss zum einen sind es wirklich Nadelstiche die zeigen der Krieg kann nicht nur auf die Ukraine begrenzt werden er kehrt erklärt auch zurück in das Land das diesen Angriff gestartet hat und der Anspruch Russlands war ja dass das eine Spezialität Operation ist die eigentlich nur die Profis betrifft aber nicht die Bevölkerung und insofern hat das natürlich ein psychologischen Effekt dass sowohl in Moskau oder auch auf anderen in anderen Gebieten und drohneneinschläge passieren oder hier das hat ja auch militärischen Effekt gegen den Hafen von System und auf den verschiedenen Plätzen Flugplätzen munitionslagern aber auch sehr helfen auf der Krems das ist das eine das andere ist aber man muss das im Vergleich setzen zu dem Anspruch den die Ukraine hat das heißt das Ziel der Rituale Integrität wieder zu gewinnen und dieser Anspruch ist ja verbunden mit der Gegend Offensive und diese gegen Offensive scheint im Moment sich etwas zu verzetteln auf breiterer Front zwar kleinere Raumgewinne zu machen aber das sind oft nur taktische Gewinne die auch etwas zu tun haben mit der beweglichen Kriegsführung auf der russischen Seite die ja gut vorbereitet ist auf so eine auch gegen Offensive mit verschiedensten Verteidigungslinien die befestigt sind die vielfach gestaffelt sind etc und mir scheint jetzt dass die Ukraine jetzt darauf setzt diese diesen Krieg als abnutzungskrieg auch in das russische Hinterland zu tragen ich habe persönlich allerdings große Zweifel dass das am Ende zu dem Erfolg führt gemessen an der strategischen Zielsetzung der die Ukraine hat mal gemeinsam auf Befestigungen schauen denn Polen befestigt weiter seine Grenze zu Belarus damit reagiert ist auf neue Provokationen polnische Soldaten legen hier auf diesen Bildern auch zunächst Rasierklingen Draht aus später soll an der Grenze dann eine richtiger Zaun entstehen zweieinhalb Meter hoch hier sind auch die Bilder die ich gerade schon angesprochen habe Belarus ist engstens mit Russland verbunden und Polen wirft jetzt beiden Ländern vor sie wollten an der NATO Grenze produzieren und destabilisieren gerade erst letzten zwei Bilder russische Hubschrauber polnischen Luftraum Belarus läuft auch wieder zunehmend Flüchtlinge über die Grenze die dann oft nach Deutschland gelangen ja Herr Richter diese sorgen die man da hat vor allem in Polen sind die berechtigt oder anders gefragt welche Rolle spielt Belarus was entwickelt sich da möglicherweise natürlich ein Bündnispartner Russlands ein unionstab wie man dort auch sagt der verfassungsmäßig eng miteinander verknüpft sind man kann das natürlich auch anders formulieren und sagen im Grunde genommen ist der Staatspräsident von Belarus Lukaschenko doch sehr abhängig von dem was der russische Präsident entscheidet das ist der erste Aspekt der zweite Aspekt der ja für alle etwas überraschen kann war das Wagner trocken oder in fast alle davon nach Belarus nun quasi immigriert sind um dort die weißrussischen Streitkräfte auszubilden und das nachdem man ja dem Chef der Wagner Truppen vorgeworfen hat einen Staatsstreich oder zumindest ein Militär Busch vornehmen zu wollen das ist schon eine erstaunliche Entwicklung jetzt mal aus russischer Sicht das Wetter ist das wegen dieser Wagner Truppen Polen reagiert hat und seine Kräfte verstärkt hat an der östlichen Grenze und Weißrussland wiederum darauf reagiert und nun offenbar Manöver abhält in der Nähe dieser Grenze beides ist hoch eskalatorisch wir sehen hier das solche Dinge aus dem Ruder laufen können es ist nicht so dass man von einem beabsichtigten Angriff ausgeben muss dafür sind die Kräfte auch zu stark wir reden hier von 100 Wagner Soldaten ich meine die Kräfte sind zu schwach Entschuldigung wir reden hier von 100 Wagner Soldaten in der Nähe der Grenze aber dennoch diese grenzprovokationen können sich natürlich entwickeln sie können eskalieren und darin liegt die eigentliche Gefahr nämlich die Gefahr von Überreaktion der eine oder der anderen Seite das also ein Zwischenfall der vielleicht ungeplant ist aber eben passieren kann dann weiter eskaliert und ich glaube ganz wichtig wäre es hier nicht nur kühlen Kopf zu bewahren sondern vor allem auch die Kommunikation wieder zu pflegen um sofort die eskalieren zu können leider haben wir die entsprechenden vertrauensbildenden Maßnahmen allesamt verloren bereits vor dem Krieg so dass hier wenig Kontakte bestehen aber sie werden jetzt absolut nötig um eine Eskalation zu vermeiden Einschätzungen von oberster.de Wolfgang Richter wird danken Ihnen für dieses Gespräch vielen Dank danke Ihnen alles Gute ja die Probleme in der Offensive der Ukraine haben wir auch gerade schon kurz angesprochen und so guckt mal natürlich auch rund um den Globus auf das Geschehen im Krieg und da gibt es auch Kritik wir haben letztens schon Papier gehört aus dem Rahmen der Bundeswehr und nun kommen ähnliche Stimmen aus den Vereinigten Staaten die sagen na ja die Ukraine gehen auch nicht unbedingt sinnvoll enthalten mit den westlichen Waffen um deswegen haben wir mal bei Christoph Wanner unserem russland-korrespondenten gefragt wie man in Moskau darauf schaut es kommt da diesbezüglich jetzt vor allem Kritik aus den USA und das ganze wird gespielt über einflussreiche US-Zeitungen wie die Washington Post oder auch die New York Times und da kommt jetzt die Kritik an der Ukraine dass die Streitkräfte nicht das anwenden würden voll umfänglich was sie vom Westen beigebracht bekommen haben und damit meinen die USA das Gefecht der verbundenen Waffen dass man versucht hat den Ukrainern beizubringen das heißt dass man die verschiedenen Waffengattungen parallel agieren lässt das Ganze koordiniert und damit eine größere Durchschlagskraft der Angriffe erreicht also mit anderen Worten dass man jetzt nicht die Artillerie einen Angriff vorbereiten lässt und dann einfach die Infanterie und die Panzer hinterher schickt der Reihe nach sondern das ist alles koordiniert läuft parallel Artillerie Luftwaffe Panzer Infanterie und und das scheinen die Ukraine eben nicht umzusetzen sondern wieder auf ihre guten Service Taktiken zurückzugreifen die sie eben kennen das heißt zermürbungskampf zermalmungstaktik Artillerie und dann die Infanterie die Panzer hinterher und das Ganze eben nicht parallel sondern hintereinander und das ist eben eine große Materialschlacht und da haben die USA wohl bedenken das sind Ukrainern die Munition ausgehen könnte und das zu weiteren Problemen führen könnte jetzt muss man aber dazu sagen dass es für die Ukraine nicht einfach ist das Gefecht der verbundenen Waffen zu fahren weil dazu braucht man eine Luftwaffe die funktioniert und die ukrainische Luftwaffe ist eben extrem klein und sie haben nicht die rückenwirkung durch die Kampfjets und deswegen ist diese westliche Strategie im Augenblick für die Ukraine fast nicht realisierbar da fragen wir direkt in der Ukraine mal nach max hermes ist ja für uns kiffka aktuell diese Kritik ist die berechtigt was hörst du dazu in der Ukraine also ich kann da zum Beispiel von einem Einzelfall sprechen wir haben das ein Bataillon begleitet was ein französischen spätpanzer benutzt hat und normalerweise dauert die Ausbildung an dem spätpanzer dreieinhalb Monate für die Ukraine wurde sie in Frankreich durchgeführt und auf einen Monat verkürzt und als wir dann das Training begleitet haben haben wir festgestellt beim Training während dieses Trainings ist der Motor ausgegangen von dem Panzer für unter anderthalb Minuten und das kann natürlich auf dem Schlachtfeld dann böse enden also die Ukraine haben ja auch gesagt sie brauchen Training Training Training das ist in dem Fall offenbar verkürzt worden also da braucht es offenbar dann doch einiges mehr ich fahre einen anderen Bericht bin ich jetzt unterwegs gewesen in einer ukrainischen Kohlemine und dort haben wir uns mal angeguckt wie funktioniert die Energieversorgung für die Ukraine unter Tage während oben der kriegt schauen wenn man den Bericht rein mein Besuch eine ukrainischen Miene beginnt mit einer Sicherheitseinweisung Chefingenieur olexander bereitet mich auf den Extremfall vor Luft Knappheit unter Tage ihr müsst vorher einmal tief Luft holen dann die Schutzklappe abziehen und einmal in die Sauerstoffflasche pusten und ganz wichtig nicht mehr durch die Nase atmen kurz darauf wird es Ernst in spezieller Schutzkleidung führt mich der minenchef Richtung Eingang in den Untergrund wie wir sehen hat sich der Reporter Max jetzt in den bergbauarbeiter Max verwandelt und jetzt geht es unter Tage der grubenlift bringt uns hinab in bis zu 340 Meter Tiefe mit an Bord die Bergleute seit Kriegsbeginn und Mobilisierung sind immer mehr von ihnen weiblich und halten den Betrieb am Laufen in einer von insgesamt drei Bergbahnen die uns ans Ziel bringen will ich von Alexander wissen was ihn antreibt auch in schweren Zeiten Tag für Tag das Maximum rauszuholen was mich stolz macht ist dass wir in einer so komplexen Zeit mitten im Krieg ein wichtigen Beitrag zur Energieversorgung für unser Land leisten ist 80 cm pro Einsatz fräst die Bohrmaschine aus dem Massiv so wird neue Steinkohle gewonnen Kumpel wie andre Schaufeln ihr den Weg frei erwähnt sich vor dem Krieg da oben in sicherer Entfernung hier sind wir sogar besser aufgehoben als oben wenn etwas einschlägt ist der Tagebau unser Bunker Schichtleiter Jan erzählt wie sie hier unten einen mehrstündigen Stromausfall überstanden haben November letzten Jahres als die Russen unsere Energieinfrastruktur angegriffen haben gab es hier unten ein Blackout wir haben uns dann alle an einem Punkt gesammelt und sind dann Schulter an Schulter zu einem höheren Punkt gelaufen dort wurden wir evakuiert bis 2035 soll diese Mine in Betrieb bleiben mindestens danach wollen sie einen neuen Plan schmieden der Krieg so hoffen sie wird in diesem Zeitstrahl kein allzu großen Platz einnehmen und vielleicht noch kurz das wir haben Kritik bekommen zu einem Bericht den wir gemacht haben über ukrainische Soldaten in Russland in Kriegs Gefangenschaft sind da hat das Bataillon mit uns gesprochen und die haben jetzt noch einmal nachgelegt die haben gesagt die internationale Gemeinschaft hat uns im Stich gelassen und keine Information gegeben wie wir unsere Angehörigen zurück bekommen speziell das Rote Kreuz haben sie da noch einmal genannt also viel Kritik er dort auch nach dem Bericht den wir gebracht haben und das zeigt auch das russische kriegsgefangen oder Ukraine die in russischer Kriegs Gefangenschaft sind natürlich die Angehörigen dort keine Information haben zum Teil wie es mit ihnen weitergeht nice vielen Dank für Dein Bericht und eben auch noch den Hinweis zum Nachbesprechung von dem letzten Thema vielen Dank,OK
x68t3aDdZDo,"wir haben Bundeskanzler Olaf Scholz beim Lügen ertappt oh ja auch wenn er sich vermutlich nicht mehr dran erinnern kann Bundeskanzler Olaf Scholz behauptet der Strompreis würde schon bald unter 10 Cent liegen aber seine eigene Regierung sagt oh nein oh nein es werden über 30 Olaf Scholz lügt über den Strompreis und wir haben den Videobeweis schauen Sie dieses Video bis zum Ende an teilen Sie es mit all den Menschen die sie kennen und vor allem abonnieren Sie Achtung Reichelt los geht's [Musik] herzlich willkommen bei achtung Reichelt einer der häufigsten und leider bittersten Sätze die sie jeden Tag und überall in unserem Land hören lautet für alles ist Geld da nur für uns nicht für alles ist Geld da nur für uns nicht dieser Satz ist so bitter weil er so war ist wir sind immer noch noch ein sagenhaft reiches Land aber die Menschen die diesen Wohlstand Jahrzehnte lang erarbeitet und geschaffen haben profitieren davon heute am allerwenigsten es gibt keine Innenstadt keine Fußgängerzone mehr in diesem Land in dem man nicht Rentner Pfandflaschen sammeln sieht während junge kräftige Männer die sich in unseren Sozialstaat geflüchtet haben und tätig den Tag in Shisha Bars genießen das ist nicht rechts das ist nicht rassistisch das ist die Realität und jeder sieht es das ist ein unerträglicher Missstand niemand würde dem widersprechen die Realität kann niemals rassistisch sein während Menschen zu uns strömen um ohne Arbeit hervorragend leben zu können müssen die weiterarbeiten die all das erst ermöglicht haben fast die Hälfte der Menschen die in diesem Land das sogenannte Bürgergeld beziehen sind nicht Bürger dieses Landes 2,6 von 5,5 Millionen Bürgergeld Empfängern sind nicht Bürger sondern Bürger anderer Länder Ausländer und es werden jeden Tag mehr wir sind ein unendlich hilfsbereites großherziges Land aber inzwischen hat jeder Mensch verstanden dass wir das nicht mehr lange stemmen können hier klagt ein Rentnerin aus Thüringen Bundeskanzler Olaf Scholz ihr Leid schauen Sie ich konnte durch Krankheit mit 63 in Rente gehen ich muss weiter arbeiten ich habe eine kleine Gaststätten Eisenach weil meine Rente vorne und hinten nicht reicht ich habe zu DDR-Zeiten 77 angefangen zu lernen habe immer nur Gastronomie gearbeitet jedes Wochenende Weihnachten Silvester wenn alle anderen gefeiert haben ich habe heute keine 900 € Rente ich bin jetzt 20 Jahre selbstständig gewesen und bin auch immer noch da bezahle ich alleine Krankenkasse 55 bei trag und ich wäre jetzt nicht mehr wie es weitergehen soll mein Mann ist private Taxifahrer der ist auch Renten und fährt auch trotzdem weiter weil sonst kann man sich gar nichts mehr gönnen das kann ja eigentlich nicht sein wenn ich dann auf der anderen Seite die Leute am Bahnhof rum stehen sehe mit nur Büchse Bier die nicht arbeiten Burger Geld ist doch ehrlich kann ich da langsam nicht mehr mitkommen [Musik] sehr gut dass sie so fleißig sind das haben sehr ihr Leben lang durchgehalten das finde ich ist auch etwas was ich wirklich immer sehr beeindruckend finde sehr gut dass sie so fleißig sind das haben sie ihr Leben lang durchgehalten eine Rentnerin erklärt Olaf Scholz dass sie und ihr Mann weiter arbeiten müssen weil sie sich ihr Leben sonst nicht mehr leisten können und der respektkanzler antwortet spöttisch sehr gut dass sie so fleißig sind man glaubt es kaum deswegen gucken wir uns noch mal kurz an und ich wäre es nicht mehr wie es weitergehen soll mein Mann ist privater Taxifahrer der ist auch Renten und fährt auch trotzdem weiter weil sonst kann man sich gar nichts mehr gönnen das kann es ja eigentlich nicht sein wenn ich dann auf der anderen Seite die Leute am Bahnhof rum stehen sehe mit einer Büchse Bier die nicht arbeiten Burger Geld ist doch herrlich kann ich ja langsam nicht mehr mitkommen [Musik] sehr gut dass sie so fleißig sind das haben sehr ihr Leben lang durchgehalten das finde ich ist auch etwas was ich wirklich immer sehr beeindruckend finde sehr gut dass sie so fleißig sind Olaf Scholz sagt das wirklich und das ist ungeschnitten seine direkte Antwort und nicht aus dem Kontext gerissen was wir erleben ist dies der Bundeskanzler und seine Regierung verstehen nicht mal mehr ansatzweise was in diesem Land los ist sie haben den emotionalen Kontakt zum Land und seinen Bürgern und der Realität dieser Menschen komplett verloren sie verstehen nicht mehr wie Sorgen wie Ängste wie wute entsteht kein Mensch kein Mensch würde zu einer verzweifelten Rentnerin sagen gut dass sie so fleißig sind weil das herzlos ist und herablassend kein Mensch würde das sagen nur unser Bundeskanzler sagt das ganz nebenbei macht sich der respektkanzler übrigens auch noch über den katastrophenschutzbeauftragten von Thüringen lustig weil dieser ein rosa Hemd trägt glauben Sie nicht wir haben so ein Video ja und wir kommen mal zu dem Mann hier vorne mit rosa Hemd wir werden jetzt immer Männer mit rosa Hemd und sowas ne ja okay gut wenn ich kann damit leben ich bin seit vielen Jahren ehrenamtlich beim DRK aktuell der landeskatastrophenschutzbeauftragten wir wissen nicht was uns kicher Kanzler Olaf Scholz mit seinem kindischen gegluckte sagen will aber mit Respekt gegenüber den Bürgern hat es offenkundig nichts zu tun für alles ist Geld da nur für uns nicht wie war dieser Satz ist zeigt eine Meldung aus den vergangenen Tagen seit der erneuten Machtübernahme der Taliban in Afghanistan vor fast genau zwei Jahren hat die Bundesregierung von Olaf Scholz und der Erfinderin der feministischen Außenpolitik Annalena baerbock Achtung 371 Millionen Euro Steuergeld als Entwicklungshilfe in das Regime der Steinzeit Islamisten überwiesen 371 Millionen Euro Steuergeld für das Land und 49 Bundeswehrsoldaten im Kampf gegen die Taliban ihr Leben gelassen haben natürlich erzählt man uns das Geld fließe nicht direkt an die Taliban aber wer dieses Schrecken zwischen kennt und einmal erlebt hat der weiß dass diese gewaltherrschergängen absolut alles in Afghanistan kontrolliert vor allem jeden Euro der ins Land fließt 371 Millionen Euro für ein Land für ein Regime das so gut wie nichts dafür tut seine Staats über die illegal über unsere Grenze zu uns kommen zurückzunehmen insgesamt 400.000 Afghanen leben inzwischen in Deutschland 2013 waren es noch 67.000 allein in diesem Jahr stellten bis Ende Juli 31.000 Afghanen einen Asylantrag in Deutschland die Hälfte der Afghanen in Deutschland bezieht Bürgergeld also arbeitet nicht hinzu kommen noch mal all jene die asylbewerberleistungen beziehen Aufgaben werden in Deutschland viermal so häufig straffällig wie deutsche Staatsbürger das steinzeitlich islamistische Weltbild ihrer Heimat bringen viele von ihnen mit zu uns zusammenfassen kann man also sagen Afghanistan bekommt immer mehr von unserem Geld wir bekommen dafür immer mehr Afghanistan jeder im Land sieht es inzwischen wir stecken tief in einer migrationskrise die das Potenzial hat den gesellschaftlichen Frieden in Deutschland in die Luft zu jagen es kommen viel mehr Menschen als wir verkraften können wir Migration nicht kontrolliert tut nichts anderes als den Bürgern dieses Landes ihr Geld wegzunehmen denn die Bürger sind es die für unkontrollierte Migration in unserer Sozialsysteme am Ende bezahlen es braucht eine sofortige politikwände an unseren Grenzen 371 Millionen Euro Steuergeld für die Taliban wären Rentner in Deutschland Pfandflaschen sammeln und die Hälfte der Afghanen in Deutschland nicht arbeitet es ist nicht rassistisch dass einfach nicht mehr begreifen zu können und hier ist noch ein absurdes Beispiel für Entwicklungshilfe vor wenigen Tagen hat es die großartige und stolze Nation Indien vollbracht eine sonder auf dem Mond zu landen als Fan der Raumfahrt beeindruckt und berührt mich das zutiefst gratulation Indien was für eine Leistung was für ein grandioses fleißiges Land aber jetzt kommt's die Inder landen auf dem Mond Deutschland ist noch nie auf dem Mond gelandet und kann auch nicht auf dem Mond landen Deutschland zahlt Indien eine Milliarde euroentwicklungshilfe eine Milliarde Euro Steuergeld man kann nicht entwickelter sein als auf dem Mond zu landen wer so entwickelt ist braucht sicher keine Entwicklungshilfe mehr aber es wird noch besser von dem Geld kauft Indien Öl aus Russland verarbeitet das russische Öl zu Diesel und verkauft in Diesel zurück an uns nach Europa 365.000 Fässer russischen Diesel kauft Europa jeden Tag aus Indien weil wir ihn direkt aus Russland nicht mehr kaufen wollen wir verhängen also Sanktionen und bezahlen dann Indien mit deutschem Steuergeld um diese Sanktion zu umgehen die Bundesregierung fragt sich warum so wenig hervorragend ausgebildete hochqualifizierte hochintelligente Inder als Fachkräfte nach Deutschland kommen wollen die Antwort lautet vermutlich weil sie uns für verrückt halten müssen die indischen Fachkräfte in deren Land wir Entwicklungshilfe senden sind übrigens von Beruf folgendes CEO von Google CEO von Microsoft CEO von Youtube CEO von IBM CEO von Starbucks CEO von Chanel und ich könnte die Liste unendlich weitererzählen das ist die indergrundsicherung das sind klügste und smarteste Manager der Welt die brauchen unsere Hilfe ganz sicher nicht immer mehr Deutsche spüren jeden Tag Rezessionen und Inflationen die von verheerenden hohen Energiepreisen befeuert und getrieben werden von immer weniger Geld wird immer mehr aufgefressen für die dramatische und Strompreise ist direkt unsere Regierung verantwortlich die in einer historischen Energiekrise die letzten Atomkraftwerke im Land abgeschaltet hat eine Entscheidung die man als Definition von Wahnsinn bezeichnen könnte wie gescheitert eine Politik ist erkennt man immer daran wie skrupellos gelogen wird je mehr Politik scheitert desto mehr wird gelogen hier erklärt Olaf Scholz der respektkanzler das Strom bald unter 10 Cent kosten soll ich bin ganz froh dass wir uns in Deutschland für die billigere stromproduktionsvariante entschieden haben denn wenn sich jetzt jemand entscheidet er möchte ein neues Atomkraftwerk bauen dann trifft er eine Entscheidung die wenn ich die Preise von heute zur Grunde liegt mindestens 15 Milliarden pro Stück kostet wahrscheinlich 20 und da kriegt man dann Strompreise weit über 20 Cent in der gestehung hin wenn wir bei Windstrom in Preisen sind wo wir die Chance haben dass das unter 10 Cent kommt und das ist glaube ich der Grund warum wir mit der Ausbau der erneuerbaren Energien der Windkraft der Solarenergie und unsere Stromnetzes die billigere langfristige Variante getroffen haben unter 10 Cent sie haben es selbst gehört doch das ist man muss es so klar sagen nach Angaben seiner eigenen Regierung schlicht gelogen von Olaf Scholz hier sehen Sie die preisprognose des Wirtschaftsministeriums für Strom in Deutschland heute steht der Preis zwischen ruinösen 33 und 42 Cent pro Kilowattstunde ein Preis so dramatisch hoch dass er unsere Industrie unsere Wirtschaft in Trümmer legt blicken wir nun in der Tabelle auf das Jahr 2035 wenn unser Strom nahezu ausschließlich aus den günstigen erneuerbaren Energien kommen soll da steht der Preis immer noch zwischen 31 und 39 Cent pro Kilowattstunde was Olaf Scholz dem Fragenden Bürger da ins Gesicht erzählt ist nichts anderes als eine gewaltige stromlüge wenn man die Zahlen und Prognosen seine eigenen Regierung zugrunde liegt warum belügt der Kanzler den Bürger ganz einfach weil er nicht anders kann würde er die Wahrheit sagen dann würde er zugeben was ihr jeder weiß seine Energiepolitik ist gescheitert fulminant gescheitert und wir alle zahlen den Preis dafür für alles ist Geld da nur nicht mehr für uns nichts steht so sehr für die bittere Wahrheit dieses Satzes wie der absurde Streit der Bundesregierung um die Kindergrundsicherung die grüne ideologin und Familienministerin Lisa Paus hat ein Gesetz zur Förderung der deutschen Wirtschaft zunächst verhindert weil sie so mehr Geld gegen Kinderarmut von Finanzminister Christian Lindner erpressen wollte wir haben Christian Lindner und die FDP hier in den letzten Monaten oft und scharf kritisiert zurecht glauben wir aber wir fanden das Lindner zu diesem Thema eine bemerkenswert ehrliche Rede gehalten hat diese kennen sollten hier ist und hier wünsche ich mir eine Diskussion über die man jetzt die man jetzt sehr nüchtern miteinander führen muss in Deutschland ist die Kinderarmut deutlich zurückgegangen ganz ganz deutlich spürbar zurückgegangen bei den ursprünglich deutschen Familien schon länger hier sind insgesamt ist in Deutschland die Kinderarmut aber noch vergleichsweise und wie ich finde ihn diskutabel hoch wegen der Familien die seit 2015 neu nach Deutschland eingewandert sind als geflüchtete oder aus anderen Gründen es gibt also ein ganz klaren statistischen Zusammenhang zwischen Zuwanderung und Kinderarmut und jetzt möchte ich gerne diskutieren mit Ihnen mit der geschätzten Kollegin mit der Öffentlichkeit der Wissenschaft wie helfe ich am besten den Kindern und Jugendlichen hilft man Ihnen am besten dadurch dass man den Eltern mehr Geld aufs Konto überweist oder ist nicht vielleicht mindestens diskussionswürdig in die Sprachförderung Integration Beschäftigungsfähigkeit der Eltern zu investieren und die Kitas und Schulen für die Kinder so auszustatten dass sie vielleicht das Aufholen können was die Eltern nicht leisten können [Applaus] das sind die Fakten mit unkontrollierter Migration importieren wir Kinderarmut weil Menschen zu uns kommen nicht weil sie arbeiten wollen sondern weil sie nicht arbeiten wollen dieser Paus möchte mit Milliarden Steuergeld ein Problem bekämpfen dass wir uns an unseren offenen Grenzen jeden Tag erst neu schaffen kein Mensch in diesem Land glaubt ernsthaft dass wir Kinderarmut bekämpfen können indem wir es noch attraktiver machen zu uns zukommen und möglichst viele arme Kinder zu haben wir sind wie gesagt ein großherziges wunderbares und hilfsbereites Land wir können stolz darauf sein es ist eine Frage des Anstands dass jedes Kind die Chance bekommt sein Leben frei und selbstbestimmt zu gestalten kein Mensch in diesem Land will Kinderarmut aber jeder Mensch versteht dass man mehr Kinderarmut schafft nicht weniger wenn man Kinderarmut attraktiver macht indem man den Eltern noch mehr Geld direkt aufs Konto überweist monatliche Summen die bei diesen Menschen zu Hause ein Jahreseinkommen wären in unserer Regierung sitzen Menschen die allen Ernstes die Bürger dieses Landes als wirtschaftsgeiseln nehmen die den arbeitenden Menschen Geld vorenthalten wenn sie nicht ihren Willen bekommen und Geld an die verteilen dürfen die nicht arbeiten wollen und genau deswegen nach Deutschland kommen für alles ist Geld da nur nicht für uns das ist die wahre Politik von Bundeskanzler Olaf Scholz das war 38 der härteste Gegner von Scheinheiligkeit Propaganda und Heuchelei in der Politik so froh wieder aus dem Urlaub bei Ihnen zu sein vergessen Sie nicht dieses Video zu teilen und vor allem entschuldigen Sie sich niemals für das was sie sind oder woran sie glauben und haben Sie keine Angst sie sind nicht allein mit ihrer Meinung",OK
ASr8tOLtQP4,an der Rotwand auf 1800 Metern Höhe nistet gerade das Birkhuhn in Bayern vom Aussterben bedroht die Brutgebiete sind streng geschützt Wanderer müssen dort auf den Wegen bleiben die beiden Ranger Alexander Römer und Andreas köpferl Arbeiten für den Landkreis Miesbach sie führen einen Monitoring geschützter Tiere und Pflanzen durch und schauen wie sich Natur und Wanderer vertragen der Zeitraum ist momentan total wichtig weil vor kurzem eine Woche sind die Bibel geschlüpft da brauchen sie besonders viel Ruhe wenn wenn sehr viele Besucher dann durch die Gebiete durchlaufen würden womöglich noch mit nicht angeleinten Hunden dann gibt es denn da den Rest die beiden Ranger sehen sich nicht dass Naturschutz Sheriffs sie hat schon ein bisschen mit vorbeikommenden Wanderern geben Tipps für Routen und weisen nebenher auf die Schutzgebiete hin ein Großteil kennt die geschützten Zonen auch ein Erfolg der Ranger Arbeit wenn man erkennt diese Kinder in gewissen Gebieten oder ist der Besuch jetzt ein bisschen zu groß wenn die letzten paar Jahre und die Populationsdichte hat abgenommen von eben der jeweiligen Wildart dann muss man heute strengere Schutzmaßnahmen auf das Gebiet legen wenn man so erklärt ganz sachlich dann ist Johanna eigentlich fast alle Bereiche dieser umzusetzen und auch zu leben Touristen die sich richtig verhalten auch bei der Anfahrt an den Urlaubsort Forscher der Hochschule Kempten Arbeiten an technischen Lösungen zum Beispiel an Apps die vorhersagen wie voll ein Ziel im Laufe des Tages wird und sie testen mit einem flexiblen erlebnisbus was Ausflügler zum Umsteigen auf dem Bus bewegt das sind so Dinge die dann so eine Reise attraktiv machen wenn ich Rahmenprogramm habe wie beispielsweise dann irgendwie eine Führung oder sonstiges was dann einfach verbunden wird mit der Reise oder wenn ich schon ganz genau weiß an dem Zielort wo ich hin will da ist einfach die parksituationen so dass ich sehr wahrscheinlich keinen Parkplatz bekommen weiten Fuß Anreiseweg haben im Oberallgäu sind sehr kurzen Parkleitsysteme installiert mit Förderung vom Freistadt Sensoren an den Parkplätzen melden die Belegungszahlen so dass sie im Netz abrufbar sind ist der Parkplatz voll können Gäste weit vor dem Ziel Umsteuern Ausflügler sollen frühzeitig wissen wie Sie sich richtig verhalten uns ist wichtig dass die Leute sich so verhalten dass sie keine Spuren hinterlassen dass sie wenn es irgendwie geht die Dämmerungsstunden meiden also tagsüber auch unterwegs sind weil die dämmungsstunden sind meistens für die Tierarten sehr sensibel und ganz wichtig auch dass sie andere Menschen die draußen aktiv sind respektieren Gäste die sich richtig verhalten bedeuten weniger Stress für Natur und Einheimische der ideale Gast ist tatsächlich ein Gast der sich vorher informiert wohin fährt vielleicht auch mal schaut was sind denn Landschaftsschutzgebiete hier in der Region oder Naturschutzgebiete der wenn er ankommt mit seinem Gastgeber mit seinem Hotel ins Gespräch geht und auch nachfragt weniger Autos in den Urlaubsregionen das geht auch über mehr öffentlichen Nahverkehr wie das funktioniert kann zeigt der bergbus des Alpenvereins heuer ist er das dritte Jahr unterwegs und fährt von München aus alle zwei Wochen zu ziehen in den Bergen woanders oder sonst nicht öffentlich hinkommen das Projekt ist der erfolgreich heuer ist der Bus schon ausgebucht im Moment laufen gerade Verhandlungen wie der bergbus im Rahmen des ÖPNV weiterfahren kann,OK
pR0usp1PCO4,[Musik] so Dingden bedrohlich ist dass diese Konzerne die Entscheidungen nicht wie oligarchische Despoten allein treffen sondern dass sie Befehle der US-Regierung entgegennehmen da diese extrem viel Macht über sie ausübt die US-Regierung kann diese großen Technologiekonzerne auf vielfältige Weise sanktionieren und hat dies wiederholt für den Fall einer Nichtbefolgung angedroht so auch bezüglich der Twitter falls aus diesem Grund instruierten die Konzern Medien die Twitter falls zu ignorieren und nannten sie auch heiße Luft es handelt sich um das schmutzige Geheimnis der macht das ist applishmens die zunehmende Kontrolle und Zensur des Internets wenn man die Literatur aus der Mitte der 1990er Jahre über die Gründe für die Begeisterung der Menschen über das Internet und seine Einführung liest so wird es als eine befreiende Technologie angesehen als etwas das den einzelnen von der Notwendigkeit befreit sich auf die zentrale Kontrolle durch Konzerne und Staat zur Kommunikation und zu Organisation zu verlassen es wird im einzeln Ihnen die Freiheit zur Verbreitung von Informationen gegeben ohne dass man sich dabei auf Konzerne oder staatliche Macht verlassen muss diese Technologie hatte das Potenzial die mächtigste technologische Innovation der Geschichte zu werden so wurde sie von den Befürwortern angekündigt doch stattdessen wurde sie in sein genaues Gegenteil degradiert indem man der US-Regierung erlaubte sie in ein Instrument der massenüberwachung zu verwandeln wurde sie zum größten zwangs- und Überwachungsinstrument der Menschheitsgeschichte und jetzt ist es eines der geschlossensten Informationssysteme und eines der mächtigsten propagandasysteme der Welt unter der Kontrolle des us-sicherheitsstaates also der US-Regierung die US-Regierung übt ihre Macht mit Hilfe von Big Tech aus mit der Fähigkeit alle abweichenden Meinungen und alle Dissidenten zu unterbinden und verschwinden zu lassen und genau das ist passiert und je häufiger dies geschieht desto mehr wird ein Gefängnis in den Köpfen errichtet so funktioniert wahrhafter Despotismus George Orwell hat ein Vorwort eine Einleitung zu 1984 geschrieben die schließlich verboten wurde es war 1984 vielleicht sein Esser über Katalonien wir werden das nachprüfen aber der Aufsatz wurde nicht veröffentlicht weil Orwells Argumente für den besten unmittelbar nach dem Zweiten Weltkrieg zu bedrohlich Schienen was er im Wesentlichen zum Ausdruck bringen wollte war dass uns beigebracht wird dass das Buddhismus die Anwendung von Gewalt bedeutet das bei Kritik an der Regierung Todesschwadronen in schwarzen Kostümen vor der Haustür auftauchen Gewehre auf einen Zielen einen in ein Gulag verschleppen und ins Gefängnis bringen das ist eine Form des Despotismus aber die weitaus effektivere Form der Kontrolle besteht darin die Öffentlichkeit so mit Propaganda zu behandeln das abweichende Meinungen in den Köpfen der Menschen schwinden das Gefängnis existiert in den Köpfen der Menschen man braucht daher abweichende Meinungen nicht zu sanktionieren weil es keine abweichenden Meinungen gibt oder so wenig abweichende Meinungen dass sie leicht zu verdrängen sind und schon hat man die Bevölkerung zu Konformisten gemacht die all den Aussagen der Regierung glauben das ist eine viel effektivere Form des Despotismus sie ruft keine Gegenreaktion hervor sie schafft die Illusion von Freiheit und das ist es wozu das Internet dient um die Illusion zu erzeugen dass man Freiheit und Wahlmöglichkeiten hat während man in Wirklichkeit weiß dass es nur einen winzigen Bereich der Freiheit gibt indem man sich bewegen kann und das alles über diese Linie hinausgehende egal wer man ist selbst wenn man ein Erbe einer der angesehensten und mächtigsten und beliebtesten politischen Familien Amerikas ist wie AFK Junior wenn man also über diese von der US-Regierung in Zusammenarbeit mit Big Tech gesetzte Linie hinausgeht wird man zum Schweigen gebracht zensiert und schließlich unterdrückt nur um ihnen zu zeigen wie perfide das ist erschien heute eine Eilmeldung es handelt sich um einen Bericht des Justizministeriums sie untersuchen die Instrumentalisierung des FBI was eigentlich die Aufgabe des Kongresses ist es ist die erste wirkliche Untersuchung des us-sicherheitsstaates seit dem Sonderausschuss des US Senats zu untersuchen des Regierungs Handelns mit Bezug zu Aktivitäten der Nachrichtendienste Mitte der 1970er Jahre der alle möglichen Missbräuche des FBI aufdeckte die Infiltrierung politischer Gruppen die Überwachung politischer Dissidenten und ähnliches sowohl auf der linken als auch auf der rechten Seite und hier sehen Sie den neuen Bericht sie sehen den Titel auf dem Bildschirm gerade heute erschienen die Zusammenarbeit des FBI mit einem kompromittierten ukrainischen Geheimdienst zur Zensur der amerikanischen Sprache der Bericht besagt folgendes Zitat am 15 Februar 2023 erließ der Justizausschuss im Rahmen seiner Untersuchung der Rolle der Bundesregierung bei der Zensur rechtmäßiger Äußerungen auf Social Media Plattformen ich wiederhole es handelt sich um eine Untersuchung der Rolle der Bundesregierung bei der Zensur rechtmäßige Äußerungen auf Social Media Plattformen eine Vorladung an Meter die Muttergesellschaft von Facebook und Instagram und Alphabet die Muttergesellschaft von Google sowie Youtube Dokumente die als Reaktion auf diese Vorladungen erhalten wurden enthüllten dass das FBI im Auftrag eines kompromittierten ukrainischen Geheimdienstes die weltweit größten Social Media Plattformen aufgefordert und in einigen Fällen sogar angewiesen hat Amerikaner zu zensieren die sich online verfassungsmäßig geschützten die Untersuchung des Ausschusses hat ergeben dass das FBI die für die Unterbindung ausländische Einflussnahme zuständige Strafverfolgungsbehörde auf Bundesebene im Auftrag des von russischen Akteuren infiltrierten ukrainischen Geheimdienstes zensur-anfragen an amerikanische Social Media Firmen unterstützt ungeachtet des beabsichtigten Zwecks und der Befürwortung des Ersuchens der SPU das ist der Sicherheitsdienst der Ukraine hatte das FBI keine rechtliche Rechtfertigung für die Förderung der Zensur geschützt der Äußerungen von Amerikanern in sozialen Medien das FBI und der SPU schickten Meter umfangreiche Tabellen mit tausenden von zu löschenden konnten darunter auch authentische amerikanische Konten am ersten März 2022 eine Woche nach der russischen Invasion schickte FBI Spezialagent cobsonats eine E-Mail an einen Meter Mitarbeiter mit dem Betreff zusätzliche desinformations-netz Zitat ich habe ein paar weitere Instagram und Facebook konnten wie laut SBU russische Desinformationen verbreiten zu ihrer Überprüfung und für Maßnahmen die sie für angemessen halten laut seiner E-Mail-Signatur war Agent cops and als damals als Assistant legal atashi für die Ukraine und Belarus tätig Agent kommt seinen fügte seiner E-Mail an Meter zwei Tabellenkalkulationen bei die eine Tabelle enthielt einen Katalog mit dem Zeitstempel dem Text und der URL für 15.865 einzelne Inhalte auf Instagram darunter Posts Stories und reads die andere Tabelle enthielt ein detailliertes Verzeichnis von 5.165 Facebook-Konten die angeblich im Verdacht stehen russische Desinformationen zu verbreiten man schlug vor einen twenty four seven Kanal einzurichten um auf die Anfragen des SPU zu reagieren obwohl die Liste des SPU amerikanische Konten enthielt Schienen weder das FBI noch Meter Bedenken hinsichtlich der Herkunft der desinformationsregister des SPU zu haben stattdessen zeigte das FBI Bereitschaft der ukrainischen Aufforderung nachzukommen und bestimmte Konten zu löschen obwohl die Aufforderungen auch konnten mit Sitz in den USA umfassen d betrachten wir diese Grafik hier nur um eine Vorstellung der Ereignisse zu bekommen laut dieser Untersuchung des Justizministeriums sie besagen im Wesentlichen dass viele dieser ukrainischen Agenturen von russischen Agenten infiltriert wurden infolgedessen haben ukrainische Agenturen das FBI aufgefordert sie erinnern sich es handelt sich um die ukrainische Regierung diese Beiträge aus dem Internet zu entfernen sie fordern Facebook und Google zu Entfernung dieser Posts auf und viele dieser Beiträge wurden von amerikanischen Bürgern geschrieben und veröffentlicht die damit ihr Recht auf freie Meinungsäußerung zum Ausdruck brachten dabei erklärt die ukrainische Regierung die in Kiew sitzt dem FBI nimmt diese Informationen aus dem Netz teilt Facebook und Instagram mit dass sie gelöscht werden müssen Facebook und Google hier sehen Sie also wie die SPU also die Ukraine einen Antrag auf Löschung man das FBI sendet das wiederum unseren inländischen Antrag auf Löschung an Facebook Instagram Google und YouTube weiterleitet ich möchte dass sie einen Moment darüber nachdenken sie als amerikanischer Bürger finanzieren den Krieg in der Ukraine sie überweisen Hunderte von Milliarden von Dollar mehr als 100 Milliarden Dollar an die ukrainische Regierung für alle Arten von Militärhilfe und andere Arten von Unterstützung die ukrainische Regierung wendet sich dann an das FBI und fördert die Löschung Ihrer Beiträge weil ihre Äußerungen die Grenzen dessen überschreiten was die ukrainische Regierung über den Krieg den sie über ihre Regierung finanzieren zulassen will und das FBI kommt der Aufforderung des ukrainischen Agenten Pflicht bewusst nach indem es Facebook und Google unter Druck setzt verfassungsrechtlich geschützte Äußerungen zu entfernen laut diesem Ausschuss sind diese Agenturen teilweise von Russen infiltriert so dass einige Ihre Anfragen tatsächlich pro ukrainische Inhalte betreffen aber wen interessiert dies schon ob sie nun von Russland infiltriert sind oder nicht ist unwichtig die Ukraine haben kein Recht zu versuchen die Äußerungen amerikanischer Bürger über einen Krieg den amerikanische Bürger finanzieren aus dem Internet zu zensieren und das FBI hat davon unabhängig keinen Grund diese großen Technologieplattformen unter Druck zu setzen damit sie verfassungsrechtlich geschützte Äußerungen unterbinden genau das wurde vom Bundesgericht untersagt nachdem die Beweise für dieses Vorgehen vorgelegt wurden nur um Ihnen ein Gefühl zu geben wie häufig dies geschieht hier im März 2022 also dem Monat nach der russischen Invasion diese kleinen Firmenlogos zeigen wie oft das FBI Anfragen an große tagagenturen geschickt hat hier am Dienstag wurden sie an Facebook Google und Instagram geschickt am Mittwoch an Instagram am Samstag an Facebook Instagram und Google am Sonntag an Facebook am Montag an Instagram am Dienstag an Facebook und so weiter am Freitag ein Youtube und so weiter und so fort dies ist das Regime der Zensur welches die US- Verfügung geschaffen hat dies und keine autonomen Entscheidungen von Big Tech es handelt sich um druckkampagnen der US-Regierung die in diesem Fall mit den ukrainischen Geheimdiensten zusammenarbeitet um zu bestimmen welche Äußerungen im Internet erlaubt sind dies ist ein direkter Angriff auf den ersten Verfassungszusatz und in diesem Fall ist es sogar noch anstößiger weil es nicht von der amerikanischen Regierung ausgeht was bereits furchtbar und verfassungswidrig genug wäre sondern von einer ausländischen Regierung auf die sie keinen Einfluss haben keine Kontrolle keine demokratische Rechenschaftspflicht die sie aber in hohem Maße finanzieren und während sie ihnen ihr Geld überweisen versuchen sie im Gegenzug ihre Äußerungen zu zensieren wenn das so ist sind sie ein Dissident der amerikanischen Establishment Orthodoxie wenn Sie ein Anhänger der Demokratischen Partei sind wenn sie ein Unterstützer von Bernie Sanders und von a.o.c sind wenn sie Lindsey Graham und Marco Rubio unterstützen müssen Sie sich keine Sorgen machen sie sind fein raus es handelt sich um zensurkampagnen die auf tatsächlich Andersdenkende abzielen für die amerikanischen machtinstitutionen sind es genau diejenigen die zensiert werden das ist die perfekt angelegte zensurkampagne es war schon bedrohlich genug das Big Tack so handelte noch bedrohlicher war es dass die US-Regierung diese Entscheidungen beeinflusste und jetzt erfahren wir dass die ukrainische Regierung die in der Vergangenheit bereits schwarze Listen von amerikanischen Journalisten und amerikanischen Aktivisten herausgegeben hat diese Beschuldigte Creme Propagandisten zu sein ich war schon einmal auf diesen Listen der ukrainischen Regierung während meine Steuergelder zu Finanzierung ihres Krieges verwendet werden sie können die E-Mails in diesem Bericht sehen wir hoffen dass jemand vom Justizausschuss diese Woche über diese Untersuchung sprechen wird ein Teil dieses Berichts enthält die E-Mails die das FBI ein große Technologiekonzerne geschickt hat in denen speziell die Berichte und die Forderungen der ukrainischen Geheimdienste zu Überwachung von E-Mails und diesen Strom von zensurförderungen zitiert werden und wie das funktioniert ist wirklich bemerkenswert wir müssen verstehen dass dies ein Krieg gegen Andersdenkende ist dies ist ein Krieg um das Internet von jedem zu säubern der die us-orthodoxie in Frage stellt und um zu gewährleisten dass das Internet von dem was es eigentlich sein sollte nämlich eine Quelle freier Information und freier Meinungsäußerung in die stärkste und unausweichlichste Propagandawaffe umgewandelt wird die je entwickelt wurde sie zielt direkt auf die menschlichen Gehirne und man will erreichen dass die einzigen Informationen der die Menschen ausgesetzt sind diejenigen sind die die amerikanischen Machtzentren ihnen zu vermitteln wünschen und die sie erhalten sollen und deshalb sehe ich die Erhaltung der wenigen verbliebenen Orte im Internet die der freien Meinungsäußerung gewidmet sind wirklich als übergeordnetes Ziel an erinnern Sie sich Elon Musk wurde zum Staatsfeind Nummer eins er wurde von der Weltöffentlichkeit geliebt er war die Person die uns Elektroautos bringen den Planeten vor der Klimakatastrophe retten sollte und der uns zum Mars bringen würde jemand der in allem was er anfasste erfolgreich war über Nacht wurde er zum Staatsfeind Nummer eins weil er Twitter mit dem Versprechen kaufte ein bisschen mehr freie Meinungsäußerung zuzulassen und Ihnen diese Waffe wegzunehmen so wertvoll ist das Zensur Regime für Sie jetzt hat der gesamte us-sicherheitsstaat riesige Tentakel zur Gewährleistung dieses Ziels geschaffen es gibt nur noch wenige Orte im Internet die wirklich freie Meinungsäußerung zulassen offensichtlich ist Rumble einer von ihnen AFK Junior hat seinen Kanal auf Rumble eingerichtet weil dies einer der wenigen Orte ist an denen er nicht zensiert zu werden droht das sind so etwas wie Vorposten des disenses und offensichtlich führen die machzentren einen Krieg gegen sie die französische Regierung Rumble ist in Frankreich bereits nicht mehr verfügbar weil Frankreich die Entfernung von RT aus der Plattform verlangt hat die französische Regierung hat sich einfach an dieses amerikanische Unternehmen gewandt und gesagt wir verlangen dass ihr unseren zensurbefehl befolgt und diesen Nachrichtensender den wir nicht mögen und zum Schweigen bringen wollen von der Plattform nehmt und als Rumble dies ablehnte wurde das Unternehmen gezwungen sich selbst aus Frankreich zu entfernen da ein Gerichtsverfahren drohte diese Angriffe werden immer häufiger auf jede Plattform zukommen die sich der freien Meinungsäußerung verschrieben hat und das ist der Grund warum es sich lohnt für diese Plattformen zu kämpfen denn bis wir diese Art von dezentralisiertem Protokoll Erreichen von dem Jack Doris sie glaubt dass es die ultimative Lösung ist das Internet zu dezentralisieren Protokolle in die Hände jeder Person zu legen und keine Zentralisierung zuzulassen bis dahin werden Seiten wie Rumble der einzige Vorposten für die Meinungsfreiheit sein oder jeder Ort der sich dem Schutz der Meinungsfreiheit verschrieben hat sollte diese verloren gehen werden wir in einer Welt leben die von der zensurindustrie beherrscht wird als guter liberaler braucht man sich aber keine Sorgen zu machen und deshalb sind diese auch nicht beunruhigt sie sind sogar froh darüber denn sie sind nie die Zielgruppe der Zensur nur wirkliche Dissidenten Menschen die die Orthodoxie das ist der plismens ablehnen und sich der macht das ist establishmens widersetzen fühlen sich dadurch bedroht und geraten ins Visier der Zensur und daran kann man erkennen wer Sie sind [Musik],OK
bwctuqdk-XI,[Musik] denkst du gern von Johnny yes today danke für Ihr Interesse und willkommen zu einer weiteren Folge von die Quelle ich bin die Gastgeber sein Raser und heute sprechen wir mit professor Peter kasnik über die neuesten Entwicklungen im Zusammenhang mit dem Krieg in der Ukraine peter kasernick ist Professor für Geschichte und Direktor des nuklear studies Institute an der American University er ist auch Autor mehrere Bücher darunter die unerzählte Geschichte der Vereinigten Staaten welches er zusammen mit dem Filmproduzenten und Regisseur Oliver Stone geschrieben hat Peter Kasten herzlich willkommen zurück hallo senden Sie wiederzusehen ich möchte dieses Interview mit einigen aktuellen militärischen Entwicklungen im Zusammenhang mit dem Krieg in der Ukraine beginnen der deutsche Finanzminister Christian Lindner stattete der Ukraine vor kurzem seinen ersten Besuch ab bei dem er weitere 12 Milliarden Euro an Militärhilfe für die Ukraine ankündigte in Bezug auf den Krieg erklärte er Zitat hier geht es um die Zukunft der europäischen Friedens und freiheitsordnung Zitat Ende außerdem erklärte er kühn Zitat die Ukraine darf diesen Krieg nicht verlieren Zitat Ende darüber hinaus erweckt die deutsche Regierung den Taurus die Ukraine zu schicken der Taurus ist ein fortschrittlicher schwedischer Marschflugkörper aus deutscher Produktion mit einer Reichweite von 500 Kilometern bei selbigen Besuch äußerte sich der deutsche Finanzminister in Bezug auf den Taurus und ich möchte Ihnen hier noch einmal zitieren in dem Wissen dass viele einer solchen Unterstützung wohlwollend gegenüberstehen wie ich hoffe ich dass diese Frage sehr bald gelöst wird Zitat Ende würden ihre Einschätzung nach die Taurus Marschflugkörper das Stimmungsbild zugunsten der Ukraine verändern und warum glauben Sie dass die Forderung der Ukraine nach fortschrittlicheren Waffen weiter zunehmen könnte diesen Hinweis darauf sein dass die gegen Offensive im Sommer gescheitert ist die Ukraine ist im Kampfeinsatz nicht wirklich erfolgreich sie macht nur geringe Fortschritte es wird behauptet dass die Gewinne größer sind weil der Druck des Westens in Richtung Verhandlungen wächst der globale Süden trinkt bekanntlich schon seit geraumer Zeit auf Verhandlungen ich komme gerade von einer Konferenz in Italien zurück an der mehrere hochrangige Vertreter des Vatikans teilgenommen haben und der Vatikan Papst franziskus hat die Notwendigkeit der Diplomatie sehr deutlich gemacht auch die Chinesen haben sich klar geäußert lulein Brasilien hat sich deutlich geäußert auch gut herrscht die Vereinten Nationen mindestens sieben oder mehr afrikanische Länder insgesamt betrachtet der globale Süden diese Krise als eine in vielerlei Hinsicht von der westlichen NATO geschürte Krise die die Weltwirtschaft beeinträchtigt und in der Ukraine große Verwüstung und Zerstörung anrichtet [Musik] es gibt jedoch bestimmte Kräfte die sie die jüngste Erklärung eines hochrangigen Nate Beamten der einräumte das Verhandlungen notwendig sein und dass die Ukraine sehr wahrscheinlich Territorium abgeben müsste Nato-Generalsekretär Stoltenberg wie es dies umgehen zurück und erklärte es sei allein Sache der Ukraine zu entscheiden wann und zu welchen Bedingungen sie verhandeln wollen wir wissen jedoch dass die Ukraine im Moment ziemlich verzweifelt ist sie ist militärisch völlig abhängig finanziell ist sie völlig abhängig von westlicher Hilfe und westlichen Waffen sie befinden sich also in einer sehr schwierigen Lage denn selensky hat seinen Anspruch auf die Präsidentschaft zu einem großen Teil auf die Idee gestützt dass man keinen Zentimeter des ukrainischen Territoriums aufgeben wird man werde Russland aus der gesamten Ukraine vertreiben einschließlich der Krim fast niemand glaubt das militärische offizielle im Westen haben zugegeben dass das sehr unwahrscheinlich ist Milli sagt schon seit langem dass es am Ende zu Verhandlungen kommen wird der Druck wird also immer größer zumal die gegen Offensive ins Stocken geraten ist die Gegenoffensive bei der sie etwa 100 Quadratmeilen zurückgewonnen haben und auch in anderen Gebieten macht Russland Fortschritte sie versuchen also im Süden vorzudringen aber Russland hat sich verschanzt sie haben sich eingegraben sie haben eine Menge gelernt der dagegen und außerdem ist es viel einfacher in der Defensive zu sein als in der Offensive die Russen sind verschanzt wir haben die Überlegenheit in der Luft und die Debatte im Westen lautet Okay geben wir Ihnen Raketen mit größerer Reichweite damit sie Russland hinter den Linien treffen können geben wir Ihnen F16 damit sie versuchen können das Ungleichgewicht in der Luft auszugleichen aber die Ausbildung die dafür nötig wäre würde Monate und Monate dauern bevor diese Waffen überhaupt einsatzfähig wären die Ukraine befindet sich also in einer schwierigen Lage und viele Menschen befürchten dass es in einem Jahr auf beiden Seiten eine viertel bis eine halbe Million mehr Tote geben wird und es wäre genau die gleiche Position oder ungefähr die gleiche Position wir hören also aus immer mehr Quellen dass der westliche Druck für Verhandlungen mit der Ukraine in diesem Herbst oder Winter enorm sein wird das könnte das Ende von silenskys Präsidentschaft bedeuten denn wir wissen dass es Anfang 2022 im März 2022 als er zu Verhandlungen bereit war Drohungen mit seiner Ermordung gab innerhalb der Ukraine gibt es ein starkes nationalistisches Element das keinen Kompromiss eingehen möchte und Russland besiegen will und wir vernehmen jetzt diese Stimmen von Spitzenbeamten des ukrainischen Verteidigungsministeriums und der Regierung die behaupten dass man diesen Krieg gewinnen wird vielleicht wäre es gerecht wenn sie es könnten aber das ist nicht der Fall und das Gesamtbild der NATO und des nato-übergriffs und die Position in die sie Russland gebracht hat bedeutet dass beide Seiten in diesem Fall berechtigte Ansprüche auf moralische Überlegenheit erheben natürlich gibt es keine endgültige Entschuldigung für Putins Invasion und diese Art von Militäraktion ist zu verurteilen aber Russland kontrolliert jetzt zwischen 20 und 23% des ukrainischen Territoriums als die Kämpfe begannen hatten sie 7% jetzt haben sie diesen Anteil verdreifacht wird Putin das also aufgeben nein wird selenski verhandeln er sagt nein wir befinden uns also in einer partsituation einem Fleischwolf und ich sehe diese schrecklichen Berichte über ukrainische amputierte während die westlichen Medien darüber berichten das Ukrainer durch Bestechung versuchen sich aus den Kämpfen herauszuhalten dass sich Ukraine verstecken junge Ukrainer tun alles was sie können um nicht zu kämpfen es ist ein erbärmlicher Krieg ein blutiger Krieg in vielerlei Hinsicht erinnert er an das was im Ersten Weltkrieg mit den Graben kämpfen geschah ich mache also den Ukrainern die nicht kämpfen wollen keinen Vorwurf den Ukrainern die kämpfen wollen mache ich auch keinen Vorwurf aber es ist eine unhaltbare Situation der Westen will sich nicht militärisch engagieren sie haben bereits Finnland und Schweden wahrscheinlich Schweden und die NATO die Nato hat sich erweitert in dieser Hinsicht ist es eine strategische Niederlage für Putin militärisch betrachtet lief es für die Russen nicht gut sie haben viel gelernt aber ihr Ansehen in der Welt hat sich nicht verbessert aber wir müssen dies wieder in einen größeren Zusammenhang stellen und der globale Süden mobilisiert sich sie wollen diesen Krieg nicht am 22 august bis zum 24 August findet in Südafrika das brix-treffen statt und Brix stellt eine Alternative zu den G7 und der westlichen Vorherrschaft der us-vorherrschaft der Nachkriegswelt der US hegemonita Brix hat jetzt fünf offizielle Mitglieder aber 22 weitere Länder haben einen Antrag auf Mitgliedschaft gestellt und mehr als 40 Länder möchten Mitglied werden wir sehen also dass sich eine Alternative mehr von den USA dominierten Welt und ihrer heigemonialen Position entwickelt und bricks spricht über alternative Währungen sie sprechen über Handelsbeziehungen sie wissen schon Brasilien Russland Indien China und Südafrika aber es gibt so viele Länder Sau die Arabien Welt beitreten Argentinien wenn wir die Liste durchgehen stellt sie wirklich einen größeren Wirtschaftsblock da als die G7 die Menschen sind also mit der Weltordnung nicht einverstanden sie mögen den Neoliberalismus nicht sie mögen den Neokolonialismus nicht in Afrika wir sehen China wissen Sie die Afrikaner die Situation in Afrika die neokolonialen Regime die in vielerlei Hinsicht den Vereinigten Staaten und Frankreich den westlichen Mächten loyal sind werden gestürzt wir erleben eine Veränderung der weltpolitischen Lage und in diesem Zusammenhang ist die Unterstützung der Ukraine wie sie Deutschland weiterhin betreibt nicht nur ein aussichtsloses Unterfangen sondern es widerspricht auch dem internationalen Wandel change aber die Grünen bestimmen in vielerlei Hinsicht die deutsche Außenpolitik und bärbox Flugzeug steht im Moment vielleicht nicht sehr gut da aber Deutschland ist ein sehr wohlhabendes Land das unter dem Krieg in der Ukraine leidet aber trotzdem mehr Geld in die Ukraine investieren will die Vereinigten Staaten haben viel mehr Geld zugesagt der jüngste Betrag beläuft sich auf 345 Millionen Euro und das Besondere an dieser jüngsten Vereinbarung der USA ist dass sie das Geld nicht aus der künftigen Produktion des verteidigungssektors abziehen sie nehmen es aus den us-lagebeständen heraus diese jüngste Militärhilfe für die Ukraine in Höhe von 345 Millionen Dollar und die Zusagen der USA an die Ukraine sind im Moment wirklich in Verzug Rant hat einen Bericht mit dem Titel avoiding a long war die Vermeidung eines langen Krieges veröffentlicht indem es heißt dass Amerikas wirkliches Interesse nicht die Ukraine und Russland sondern China ist China stellt die eigentliche Bedrohung da aber die Vereinigten Staaten sind mit ihren militärischen Lieferungen an Taiwan vier Jahre im Rückstand wie gesagt der breitere Kontext und wir sehen wie es weitergeht wir haben zwei treffen die wirklich wichtig sind das eine ist das bricks Treffen in Südafrika das andere ist ein Treffen in Camp David hier in den Vereinigten Staaten wobei denn den japanischen premiermin in der kishida und den südkoreanischen Präsidenten Neon empfängt und dieses Militärbündnis zu festigen versucht die Schlagzeile der New York Times macht es deutlich worum geht es hier um den Kampf gegen China es geht also um Russland das in gewisser Weise an Ansehen verloren hat aber an Boden gewinnt und dann gibt es China das im Moment ebenfalls eine schwierige wirtschaftliche Situation durchmacht aber china baut seinen Einfluss weiter aus und deshalb wird Afrika so wichtig weil Russland und China in Afrika eine Alternative zu den USA Frankreich und Europa darstellen sie haben dort eine neokoloniale Tradition die von den Menschen in Afrika abgelehnt wird und so kommt es dass China dort aktiv wird Ausland hat gerade diesen großen Gipfel mit den afrikanischen Ländern sie bieten eine Alternative zur neoliberalen Wirtschaftspolitik und zu Neo kolonialen arrangements in Afrika an dies geschieht jetzt weltweit wir erleben also eine neue Weltordnung und ist das gefährlich in mancher Hinsicht ja in mancher Hinsicht stellt sie eine wachsende Bedrohung für Konflikte und möglicherweise militärisch Auseinandersetzungen dar dabeide Seiten sich zu verschanzen scheinen das Momentum liegt eindeutig beim globalen Süden und bei Russland und China Indien ist ein wichtiger Akteur denn Modi besuchte kürzlich die Vereinigten Staaten aber selbst dann kann bei den ihn nicht dazu bringen der Unterstützung der westlichen Militärbündnisse zuzustimmen wirtschaftlich gesehen will Indien natürlich auf beiden Seiten mitspielen Indien ist jetzt das bevölkerungsreichste Land der Welt ich glaube es hat China inzwischen überholt aber durch bricks gehört jetzt mehr als die Hälfte der Weltbevölkerung zu bringen und ihren Verbündeten wir sehen also dass sich viele Dinge ändern einen hochrangigen nato-beamten der ein mögliches Szenario für den Frieden erwähnte ich möchte das näher beleuchten Stirn Jensen der Stabschef des Nato-Generalsekretär Jens Stoltenberg hat in dieser Woche auf einer Podiums Veranstaltung in Norwegen gesagt als es um die Diskussion möglicher Wege zu Beendigung des Krieges ging und ich möchte ihn hier zitieren ich denke eine Lösung könnte in der Aufgabe von Territorium durch die Ukraine bestehen und im Gegenzug eine NATO Mitgliedschaft Zitat Ende auch dafür erhielt er wie sie bereits erwähnten sofort gegen Wind und wurde heftig kritisiert so sehr dass er sich einen Tag später entschuldigen musste indem er feststellte Zitat meine Äußerung war Teil einer größeren Diskussion über Zukunftsszenarien in der Ukraine und ich hätte sie nicht so formulieren sollen es war ein Fehler sie da Ende glauben sie dass Frieden überhaupt noch möglich ist welche Kompromisse müsste die Ukraine und Russland ihre Meinung nach eingehen und sind diese Kompromisse nicht politisch unmöglich denn sie haben erwähnt dass sie Lenski ermordet werden könnte und auf der anderen Seite steht Putin auch und großem politischen Druck ja das stimmt interessanterweise stehen beide unter dem Druck der rechten in Russland gibt es im Moment kaum eine Friedensbewegung die Stimmen der Linken wurden im Keim erstickt es ist eine sehr repressive Situation das bisschen Demokratie das russland hatte ist leider verschwunden es gibt eigentlich keine alternativen Medien ich meine ich trete in Russland immer noch auf und kritisiere Putin aber nicht mehr so wie früher und es gibt sehr wenig dezents was den Druck für den Frieden in Russland angeht die Verluste sind groß aber sie kommen nicht aus St petersburg und Moskau sondern aus den ländlichen Gebieten wo kein großer Druck ausgeübt wird der Druck auf Putin kommt von den Rechten von den Nationalisten den ultra-nationalisten die eine aggressive Militärpolitik fordern sie wollen eine um passende Mobilisierung einige von ihnen wollen taktische Atomwaffen einsetzen diese Idioten der Druck auf silensky kommt ebenfalls von den Rechten sie wissen schon es sind die asofleute die Neo Faschisten und die Rechten die keinen Zentimeter Territorium abtreten wollen in der Erklärung des nato-beamten war die Rede davon dass die Ukraine der NATO beitreten und entgegen zu Territorium abtreten würde ich glaube nicht dass Putin diesen Deal akzeptieren kann oder will die ursprünglichen Gespräche stützten die Minze zwei Vereinbarungen die vom Westen und von der Ukraine sabotiert wurden putin war damit einverstanden oder zumindest größten Teils aber Holland und Merkel waren bei den Verhandlungen darüber nicht aufrichtig im März 2022 sah es dann so aus als Seife lensky bereit erneut über die ukrainische Neutralität zu verhandeln das wäre fürchte ich einer der wesentlichen Punkte die Russland fordern wird die ukrainische Neutralität vielleicht werden sie den Beitritt der Ukraine zur EU zulassen oder zumindest nicht ablehnen aber was Militärbündnisse NATO Waffen und nato-ausbilder und Truppen angeht so wollen sie das nicht also reden sie immer noch von Entmilitarisierung und Entnazifizierung die Frage der Entnazifizierung wird meines Erachtens nach dem was ich gelesen habe übertrieben dargestellt aber das Thema Entmilitarisierung ist real daher glaube ich nicht dass der Beitritt der Ukraine zur NATO Teil dieser Diskussion sein wird aber sie wird Sicherheitsgarantien erhalten müssen russland hat nun in vier verschiedenen Provinz nach Referenten abgehalten also nicht mehr nur in Lohans und Donez sondern auch in saporische und Herren Putin erklärt sie nun zu einem Teil Russlands das ist der Punkt an dem man sich Sorgen über die mögliche Bedrohung durch den Einsatz von Atomwaffen macht denn wie definiert Russland jetzt eine existenzielle Bedrohung eines der Themen über die sie und ich heute sprechen wollten ist dan Elsberg er wollte mit mir zu Ihnen nach München reisen und einen Vortrag halten und ist vor kurzem leider verstorben aber dennisberg ist nicht nur ein Bekannter Whistleblower ein Bekannter Pazifist denn er ist Berg war die stärkste Stimme die vor der Gefahr eines Atomkrieges gewarnt hat er und nahm tomski in gewisser Weise weil sie beide verstehen und verstanden denn als Topf verteidigungsplaner und nuklearplaner sein Buch der dummes trägt Untertitel Confessions of en nuklear war Planner Bekenntnisse eines nuklearkriegsplanes denn war in den 60er Jahren einer der führenden Experten auf dem Gebiet der befehls- und Kontrollsystem er war sehr besorgt darüber dass selbst ein begrenzter Einsatz von Atomwaffen zu einem ausgewachsenen Atomkrieg führen könnte er warnte vor der Gefahr eines nuklearen Winters und denn war eine führende Stimme die vor der Gefahr eines nuklearen Winters warente weil er verstand dass die NATO und us-doktrin den Ersteinsatz von Atomwaffen vorsieht ich meine das ist die Grundlage des Ganzen und wie Sie wissen hat China den erst einen Satz abgelehnt offiziell tut Indien das aber niemand weiße recht was das für Indien bedeutet und die Vereinigten Staaten und Russland auch nicht das ist also erschreckend als beiden sein Amt antrat sagte er dass er einen Ersteinsatz nicht in Betracht ziehen würde aber seit er im Amt ist wird beiden von Tag zu Tag hockescher und wenn wir über die Krisen in der Welt sprechen stehen die Geschehnisse in den Vereinigten Staaten im Vordergrund denn die Vereinigten Staaten sind jetzt nach der vierten Anklage gegen Trump ein wirklich polarisiertes Land ich weiß nicht ob wir an der Schwelle zum Bürgerkrieg stehen aber die amerikanische Demokratie ist tatsächlich betont wir sprechen über die Bedrohung der Demokratie in anderen Teilen der Welt rechts gerichtete Regierungen in Italien und Schweden und anderswo und neonazistische Kräfte auf dem Vormarsch und ich bin froh dass sie bei der letzten Wahl in Deutschland einen Rückschlag erlitten haben aber die Situation mit diesen neo-populisten bei denen es sich in einigen bin um Neo faschistische Bewegungen handelt stellt wirklich eine Bedrohung dar wissen Sie ich denke Demokratie ist wichtig und in den Vereinigten Staaten stellen die Trump Kräfte eine ernsthafte Bedrohung dar aber wir beobachten in den Vereinigten Staaten dass je mehr Anklagen gegen Trump erhoben werden je mehr ihm tatsächlich eine Gefängnisstrafe droht desto verzweifelter wird er desto mehr verschanzen sich seine Anhänger aber desto mehr fliehen die unabhängigen vor ihm independence Trumps wahlkampfkraft ist also wirklich in einer immer schwächeren Position aber seine Fähigkeit zu Mobilisierung könnte immer noch eine echte Bedrohung für die Vereinigten Staaten dann seine Anhänger bedrohen Richter Zeugen und gewählte Vertreter und diese Leute sind bis an die Zähne bewaffnet wie Sie wissen haben wir in den Vereinigten Staaten eine Situation in der der rechte Flügel sehr sehr schwer bewaffnet ist und sich nicht wirklich für die Demokratie einsetzt aber die trump-kräfte repräsentieren eine blinde macht Gier Deutschland wusste wie die Räder der Macht einst aussahen und einige dieser Kräfte sind sicherlich auch in den Vereinigten Staaten auf dem Vormarsch und wir haben also überall auf der Welt ernste Probleme mit der Weltwirtschaft mit den Militärs mit dem Druck Japan ist ein gutes Beispiel dafür beide mit diesem Gipfel mit kishida und John in Südkorea wünschen sich 70 Prozent der Menschen die Entwicklung eigenen Atomwaffen es ist nicht wie ein Südkorea unter dem Mond Regierung die friedlich war und Nordkorea entgegenkam die südkoreanische Regierung das nicht kishida in Japan Japan verfügt über eine große Menge an Plutonium wir sagen es gerne vielleicht sagen wir es nicht gerne aber wir sagen dass Japan nur eine Schraubenzieher Drehung von der Entwicklung von Atomwaffen entfernt ist wie denn als Berg zu sagen pflegte und es gibt eine Menge Druck vom rechten Flügel in Japan eigene Atomwaffen zu entwickeln Japan war das atomwaffenfeindlichste Land der Welt jetzt verdoppeln Sie Ihre Militärausgaben sowohl Japan als auch Südkorea haben sich verpflichtet Taiwan militärisch zu unterstützen falls es zu einem militärischen Konfrontation mit China bezüglich Taiwan kommt die Position der Vereinigten Staaten ist nicht eindeutig aber bei den hat bei vier verschiedenen gelegen Seiten angekündigt dass die USA Taiwan militärisch zu Hilfe kommen werden insgesamt befinden wir uns als planetarische Zivilisation in einer prekären Situation es wird noch schlimmer und womit haben wir es wirklich zu tun schauen Sie sich an was in Maui auf Hawaii passiert überall auf der Welt sind die Inselstaaten von Bränden dem Anstieg des Meeresspiegels und der globalen Erwärmung bedroht wir spüren das überall auf der Welt ganz konkret Brände Rauch Ruß steigende Meeresspiegel schmelzende Eiskappen die Temperaturen zeigen ja für Jahr wieder das heißeste Jahr seit Beginn der Aufzeichnungen warum verstehen wir die Botschaften nicht und deshalb stehen wir vor wirklichen Problemen mit denen wir umgehen müssen und die Verdoppelung der Militärausgaben Japans oder Deutschlands welches immer mehr Waffen schickt oder der USA die immer mehr Waffen schicken um diesen Krieg am Laufen zu halten ist das Gegenteil von dem was die Menschheit jetzt braucht und wir erkennen das und die Menschen begreifen es und werden sich dessen bewusst aber vieles stößt auf taube Ohren da wir militarristen an der Macht haben Nation für Nation und wir haben 80-Jährige an der Macht wir benötigen die jüngere Generation wir brauchen frisches Blut wir brauchen eine neue Denkweise wir können Putin nicht ewig an der Macht lassen und er sollte nicht ewig an der Macht bleiben und beide nicht ewig und Modin nicht ewig Merkel ist schließlich zurückgetreten aber ich bin mir nicht sicher ob die Leute in die sie abgelöst haben auch eine annähernd so friedlich sind wie sie es war lassen Sie uns diese Diskussion unterbrechen und im nächsten Teil bezüglich Daniel ass bergford fahren vielen Dank dass Sie an diesem ersten Teil der Diskussion teilgenommen haben es war mir ein Vergnügen sein passen Sie auf sich auf und ich danke für Ihr Interesse an der heutigen Sendung bitte vergessen Sie nicht für unseren Kanal zu spenden wenn Sie sich unsere Videos regelmäßig ansehen obwohl wir 140.000 Abonnenten auf unserem Kanal haben Spenden nur ein paar Prozent regelmäßig für uns wenn Sie sich unsere Videos ansehen sollten Sie bedenken dass ein ganzes Team hinter den Kulissen arbeitet Kamera Licht Ton im Falle unserer deutschen Videos auch Übersetzung Korrektur und vertonen also stellen Sie sicher dass Sie regelmäßig spenden nur ein bis 5 € pro Monat wird PayPal oder Bankkonto ich bin der Gastgeber sein und wir sehen uns beim nächsten Mal [Musik],OK
ZQ6inX60tqQ,der Ärger in Russland über den enttäuschenden Verlauf des ukrainerkrieges wird immer größer sowohl in allen Sicherheitsdiensten als auch in den Eliten Sitz der Schock über putinsschwache Reaktion auf den Putschversuch von Wagner Boss drohen weitere Aufstände vor allem weil die wagnergruppe und andere Hardliner bis tief in den russischen Sicherheitsapparat gehören finden die Hauptkritik Putin führe den Krieg in der Ukraine nicht hart und konsequent genug nun stellen die Hardliner laut Blumberg vor allem zwei Forderungen die offenbar von wichtigen Mitgliedern russischer Geheimdienste und Militärbehörden befürwortet werden zum einen sollen Verteidigungsminister Sergej scheuburg und generalstaatschef weil der rassimov aus ihren Ämtern entfernt werden das hatte bereits Wagner Wurst hin bei seinem Aufstand am 24 Juni gefordert außerdem wird die Verhängung des Kriegsrechts samt kompletter Mobilisierung gefordert die hat einer dringend darauf so gut wie alle russischen Männer im werfähigen Alter in den Krieg zu schicken derzeit scheint Putin aber wieder etwas fester im Sattel zu setzen und liebsame Kritiker wie General sehr gesoru wie Kind und Oberst egorin brachte der russische Präsident zum Schweigen während ersterer seitdem Aufstand nicht mehr gesehen wurde Namen russische Behörden die erkennen im Juli 2023 fest,OK
_T9axTIB6B0,[Musik] ich bin Magix Ehrenhöfer ich bin Tobias Holub das ist Thema des Tages der nachrichten-podcast vom Standard [Musik] verrostete und heillos überfüllte Fischkutter die flüchtende Menschen über das Mittelmeer transportieren solche Bilder erreichen Europa bei einer täglich sehr oft kommt es zu Tragödien auf hoher See bei denen viele Menschen umkommen dem will die Europäische Union jetzt einen Riegel vorschieben und zwar mit Hilfe von Tunesien das nordafrikanische Land soll laut einem geplanten Abkommen geflüchtete an der Abfahrt hindern doch was stattdessen mit ihnen passiert dazu ist noch wenig bekannt wir sprechen heute darüber ob dieser Deal die Migration nach Europa in geregelte Bahnen lenken kann oder ob den abgewiesenen Menschen der sichere Tod in den Wüsten Tunesien Tod [Musik] Flora Mori du bist außenpolitikredakteurin beim Standard und Thomas Meyer du bist Europa Korrespondent beim Standard wir haben es eingangs schon gehört es gibt einen neuen Deal zwischen der EU und Tunesien Flora um was genau geht es denn hier genau also gestern war Ursula von der Leyen die europäische kommissionspräsidentin in Tunis und hat dort eine Absichtserklärung unterzeichnet mit dem tunesischen Machthaber Kai seit also kein Abkommen aber eine Absichtserklärung für ein Abkommen mit Tunesien und dabei geht es in erster Linie und Migration auch wenn die EU von einem umfassenderen Abkommen spricht dass da in Aussicht gestellt wird nämlich eines indem es auch darum geht Reformen in Tunesien anzustoßen aber in erster Linie geht es der EU darum die irreguläre Migration einzudämmen und Schlepperbanden zu bekämpfen wie gesagt das ist eine Absichtserklärung das heißt das Abkommen muss noch ausgehandelt werden deshalb gibt es auch noch nicht so alle Details eine Kritik die gestern gefallen ist vor Ort in Tunis war eben dass ich die EU-Vertreter neben dem machthaberkreis seit der zunehmend autoritär regiert sich dort nicht Fragen von Journalisten gestellt haben heute gab es aber ein paar weitere Informationen in einem Briefing in Brüssel was Kritik angeht können wir gleich noch ausführlicher sprechen aber Tom wenn ich das richtig mitbekommen habe warst du heute bei diesem Briefing in Brüssel wo es eben ein paar mehr Informationen gegeben hat und vielleicht kurz als Kontext diese Absichtserklärung hat jetzt hauptsächlich die EU-Kommission also von der Leyen ausgehandelt oder waren da auch europäische Mitgliedsländer involviert also zum Beispiel auch Österreich vielleicht also es ist grundsätzlich einmal so dass es die EU-Kommission ist die im Auftrag der EU-Mitgliedstaaten solche Abkommen mit Drittländern um das handelt es sich hier aushandelt was gestern liegen das heißt man verständigt sich gleichzeitig auf die wichtigsten Elemente die man eben vereinbart hat die man umsetzen möchte und in den kommenden Wochen es hat heute geheißen sehr rasch jetzt bis zum Herbst sollen dann die Details dieses understandings ausgehandelt werden es war eben nicht nur kommissionspräsidentin Ursula von der Leyen bei dieser Reise dabei sondern es war begleitet von der italienischen Ministerpräsidentin Meloni und vom niederländischen Premierminister Marc rütte jetzt wird man sich die Frage stellen warum ausgerechnet diese beiden das ist glaube ich relativ einfach erklärbar Italien ist in der derzeitigen Situation dass meist und hauptbetroffene Land der irregulären Migration über die Mittelmeerroute und hier konkret eben von Tunesien es kommen in lampaduz sein in diesen Tagen 500.000 Migranten täglich an und dadurch steigt natürlich der Druck auf Italien und deswegen ist sie sozusagen persönlichen Wert Mark rütte ist so wie übrigens der österreichische Bundeskanzler einer von denjenigen beim Europäischen Rat also bei diesen sprichwörtlichen die besonders dieses getränkt haben dass im migrationspaket also intern in der EU im Umgang mit der Migration etwas weitergeht und ich vermute dass die kommissionspräsidentin ihn auch deswegen eingeladen hat er vertritt hier sozusagen das Gewicht auch der 27 Regierungschefs die sich ja erinnern wir uns im vergangenen Dezember beim EU-Gipfel wo es um dieses migrationspaket gegangen ist auf einen restriktiveren Kurs geeinigt haben und jetzt sind wir in der Phase wo das eben Zug und Zug quasi abgearbeitet werden muss und dieses Memorandum das jetzt in Tunesien unterzeichnet worden ist ist sozusagen der erste Schritt zur Umsetzung dieser sagen wir mal neuen respektive einen Migrationspolitik der Europäischen Union insgesamt auch wenn die Details zu diesem Abkommen oder dieser Absichtserklärung erst ausverhandelt werden müssen kann man denn schon zumindest etwas zu den Grundzügen sagen was es gehen wird also was leistet die EU und was macht Tunesien dafür im Gegenzug das kann man schon sagen ich würde als erstes mal grundsätzlich sagen das ist nicht der Beginn einer Zusammenarbeit zwischen der EU und Tunesien das ganze ist eingebettet in ein Assoziationsabkommen in eine breitere Wirtschaft und Finanzhilfe die ohnehin schon läuft auch im Bereich Migration gibt es bereits eine Zusammenarbeit seit mehreren Jahren also nur ein Beispiel was heute erwähnt worden ist in Brüssel die EU hat 17 Boote finanziert ja die das mehr überwachen für die Küstenwache sie unterstützt die Polizei die Grenzbehörden jetzt hat von der leihen vereinbart das Tunesien zusätzlich 115 Millionen Euro bekommt ausschließlich aus diesem Titel Migration und damit werden ungefähr die Mittel aus den vergangenen Jahren verdoppelt was konkret ist dabei vorgesehen Tunesien verpflichtet sich einerseits die schlepperten die organisierte Kriminalität im eigenen Land schärfer zu bekämpfen sie verpflichtet sich dass sie die Küste genau überwacht das sozusagen nicht so viele Menschen auf See aufbrechen können dann in Italien auf der anderen Seite ankommen und Tunesien verpflichtet sich dass es enger und besser kooperiert bei der ganzen Abwicklung sowohl im Migrationsbereich als auch im Visa Bereich man muss wissen dass es hier vor allem auch geht um tunesische Staatsbürger junge Männer und das ist der große Unterschied zu Kriegsflüchtlingen die in der Regel ja nicht aus einer Kriegssituation herausfliehen sondern die nach Europa kommen um hier so wie viele hunderttausende andere Tunesien Marokkaner auch ein anderes Leben führen zu können Arbeit zu suchen und so weiter und das ist ein Problem vor allem auf der EU-Seite weil sich das vermischt sozusagen mit der Migration von Flüchtlingen die nach Europa kommen und hier wird man versuchen ein bisschen dass auseinander zu halten und in dieser Bereich enger zu kooperieren weil das muss man auch wissen die meisten dieser Migranten kommen natürlich ohne ordentliches Visum nach Europa und dadurch entsteht bei den EU-Staaten das Problem dass die Leute nicht registriert sind dass man nicht genau weiß wer sie sind und dann ergibt sich automatisch das Problem was macht man mit ihnen sind alles das wird Teil sein des Abkommens dessen Details wie gesagt in den nächsten Wochen erst noch ausgehandelt werden müssen aber das ist sozusagen das Neue Flora du hast die Situation in Tunesien ein bisschen genauer angeschaut und warum ist denn eigentlich für dieses geplante Abkommen überhaupt Tunesien ausgewählt worden gibt es dort zu viele Menschen die nach Europa flüchten wollen also die Situation hat mehrere Seiten zum einen geht es darum ist Tunesien ein großer sorgenfaktor in den letzten Monaten für die EU gewesen und für einzelne Mitgliedstaaten insbesondere Italien Tom du hast das schon erwähnt weil die Situation in Tunesien selbst sehr prekär ist vor zwei Jahren gab es eine Machtübernahme des Präsidenten des Parlament wurde aufgelöst die Regierung ebenfalls und diese Präsident regiert nun zunehmend autoritär in einem Land in dem auch die Wirtschaftsleistung sehr schwach ist und die Schulden sehr hoch sind viele Menschen sind arbeitslos es herrscht wirklich seine Situation vor Ort und Meloni ist nicht umsonst schon mehrfach in diesem Jahr bzw ihre Vertreter nach Tunesien gereist weil man diese Situation dort eben mit Sorge betrachtet die Angst vor einem tunesischen Kollaps unter Anführungszeichen also vor einer Verschlechterung der wirtschaftlichen Lage ist enorm denn es zeigt sich in den Zahlen es kommen auch immer mehr Tunesier über das Mittelmeer nach Italien trotzdem ist es auch wichtig sich die Zahlen genauer anzuschauen die Menschen die über die Mittelmeerroute aus Tunesien nach Italien kommen sind nicht nur Tunesien sind eben auch sehr viele Menschen die zuerst nach Tunesien kommen um dann weiter zu reisen das sind zum Beispiel Menschen aus der Elfenbeinküste die meines Wissens nach relativ einfach nach Tunesien fliegen können dann unter den top-nationalitäten sozusagen die über Tunesien nach Europa kommen sind auch Menschen aus Bangladesch Pakistan Ägypten und Guinea das sind so die Top 5 Nationalitäten die mir aufgefallen sind was noch eine Neuerung ist auch die wirklich beachtlich ist ist das eben früher Libyen das haupttransitland war also in den letzten Jahren und jetzt ist es tatsächlich Tunesien geworden und ein Grund eben ist die angesprochene wirtschaftliche Situation aber sicher auch die Tatsache dass dieser zunehmend autoritäre regierende macht habe keine Zeit eben auch eine hetzerische Kampagne gegen Menschen aussuche Haare Afrika führt also er hat sie ja als Horde krimineller bezeichnet die eine umfolgung in Tunesien anstreben also ein klassisches verschwörungsnacherativ das wirklich zu einer hetzerischen Stimmung in diesem Land geführt hat und es in den letzten Monaten regelmäßig Berichte gab rassistische gewalttätige Übergriffe auf Menschen wegen ihrer Hautfarbe und das hat dazu geführt dass ich auch immer mehr Menschen die eigentlich nach Tunesien gekommen sind um dort zu arbeiten dass auch diese Menschen sich dort nicht mehr sicher fühlen und nun vermehrt eine Reise nach Europa überhaupt in Betracht ziehen auch wenn es anfangs nie ihr Ziel war die EU die einen Staat mit Geldern unterstützt und dieser dafür im Gegenzug Fluchtbewegung und Migrationsbewegungen besser bewerkstelligen soll so einen Deal hat doch Tom glaube ich schon einmal gegeben oder mit der Türkei man kann in gewisser Weise eine Parallele dazu ziehen wenn man sagt es geht darum dass die EU mit einem Drittland aushandelt wie man gemeinsam das Migrationsproblem bewältigt wie man mit Flüchtlingen umgeht wie die Finanzhilfe gibt und wie dann der Drittstaat gemeinsam mit EU Behörden die illegale Migration der schlepperwesen und so weiter handhabt aber das ist schon die einzige Parallele die ich sehe weil die Dimensionen eine ganz andere ist was meine ich damit wir müssen es zurück erinnern 2016 war das Jahr nach 2015 als hunderttausende vor allem syrische Kriegsflüchtlinge über die Ägäis über die Balkanroute nach Europa gekommen sind das waren also eindeutig Kriegsflüchtlinge und das ist glaube ich der Unterschied zur jetzigen Situation die Flora hat schon ein bisschen vorher geschildert wie sich die Migranten zusammensetzen die ja zum Teil eben Tunesier sind und zum Teil Migranten aus allen möglichen Ländern aber nicht unbedingt das Kriegsgebieten und das würde ich sagen ist der ganz große Unterschied der Türkei Deal hatte er auch eine ganz andere finanzielle Dimension die EU hat damals drei plus drei Milliarden Euro gespendet und da muss man dazu sagen ein sehr sehr großer Teil dieses Geld es war nicht dazu da Migranten an den Außengrenzen abzuwehren das natürlich auch sondern der größte Teil des Geldes ging direkt in die Türkei wo ja 3 Millionen syrische Kriegsflüchtlinge gelebt haben und dieses Geld wurde vor allem verwendet für medizinische Versorgung zum von Schulen und so weiter damit die Menschen in der Türkei ein lagern in erster Linie aber in gut befestigen Lagern ein ordentlich ausgebauten Lagern leben können davon ist jetzt natürlich beim Tunesien wenn man andere auch anders standing überhaupt keine Rede da geht es ausschließlich um Grenzsicherung eu-außengrenzsicherung um die Polizei Zusammenarbeit und die Zusammenarbeit der Küstenwache und darum dass man reguläre von irreguläre Migration nach Europa Trend aber es ist nicht vorgesehen dass in Tunesien selbst Flüchtlinge versorgt werden gleichwohl geht es natürlich das haben wir Anfang schon erwähnt und Wirtschaftshilfe für Tunesien Tunesien ist ein Land das nahe am bankrot steht es verhandelt ja gleichzeitig auch mit dem Internationalen Währungsfond es hat von der EU zusätzlich zu den genannten Hilfen für Migration fast eine Milliarde Euro in Aussicht gestellt bekommen im Gegenzug zur Reformen damit das Land überhaupt überleben kann auch da gibt es nicht einen längeren Zusammenhang die berühmte arabische Revolution vor 10 Jahren hat nicht seine Demokratie geführt wie damals alle gehofft haben genauso wenig wie in Libyen in Ägypten in anderen Ländern sondern Tunesien ist wie Flora anfangs schon erwähnt hat weggekippt und der Präsident ist autoritär regiert mit Notverordnungen mit Dekreten über das Parlament hinweg also da gibt es vielleicht auch eine gewisse Parallele zur Türkei aber ich würde nicht sagen dass man das vergleichen kann wir haben schon erwähnt jetzt glaube ich sehr genau worum es bei diesem Tunesien Deal der EU im Grunde eigentlich geht aber vielleicht trotzdem kurz zur Einordnung dieser Team mit der Türkei ist schon ein paar Jahre her hat in dieser Deal in der Zwischenzeit irgendwas gebracht kann man das schon einschätzen ob das funktioniert hat ich glaube man kann im Großen und Ganzen sagen dass es funktioniert hat aber es gab auch unterschiedliche Phasen also damals ging es vor allem darum dass man diesen gewaltigen Zustrom nach Europa abbremst ja es kam ja im Jahr 2015/2016 mehr als eine Million Flüchtlinge aus dem Land Osten Richtung Europa das hat vor allem Deutschland aufgefangen in Österreich dadurch und Schweden auch muss man sagen aber es ging vor allem darum dass man das in irgendeiner Weise in geordnete Bahnen bringt das hat zunächst funktioniert was dann allerdings passiert ist war nicht eingeplant im Jahr 2016 gab es natürlich keinen Putschversuch und das Regime von Präsident Erdogan wurde daraufhin noch autoritärer als es ohnehin schon war die Menschenrechtssituation hat sich verschlechtern und so weiter also seit ein paar Jahren ging das Hin und Her die EU hat dann finanziell nachgelegt so recht und schlecht konnte man das Türkei Abkommen dann weiterführen aber man kann es nicht sagen dass das einschränkungslos alles so funktioniert hat was man auch dazu sagen muss die geplante Übersiedlung von syrischen Flüchtlingen nach Europa also gezielt von der Türkei nach Europa die war sehr gering das waren überall die Jahre glaube ich nur so an die 35 40.000 Menschen also wenn man das in Beziehung setzt zu den 100000 Millionen über die wir seither sprechen war das eigentlich sehr gering das muss man dazu sagen aber es ist zumindest aus EU Sicht ja seit zehn dann mit einem ziemlich breiten und komplexen migrations- und flüchtlingsproblemen zu kämpfen hat es hat zumindest damals eine gewisse Beruhigung der Situation gebracht und auch das darf man nicht unterschätzen eine gewisse politische Entspannung in den EU-Staaten selbst wo ja dieses migrationsthema unter Umgang damit politisch äußerst umstritten ist und auch zu Radikalisierung und Polarisierung der politischen Parteien führt bis in die Regierungen hinein jetzt hast du vorhin gesagt dass einzige wo man Tunesien und die Türkei vielleicht etwas vergleichen könnte wäre das beide Staaten autoritär regiert werden ist denn diese Voraussetzung Garantie dafür dass Tunesien ein verlässlicher Partner für die EU ist da würde ich jetzt einfach sagen nein es gibt keine Garantie dafür das ist Teil des Problems man muss das realistisch sehen die EU kann sich nicht aussuchen welche Drittstaaten in ihrem Einflussbereich liegen bzw ihren Grenzen liegen wie sie mit diesem Drittstaaten umgeht die sind schlicht und einfach da und sie muss versuchen mit ihren verschiedenen Mitteln mit diesen Staaten umzugehen ob das jetzt Libyen ist Tunesien Marokko ob das die Türkei ist ob das Belarus ist um einen ganz andere Region zu nennen und die Ukraine wir müssen uns bewusst sein dass das gemeinsame Europa die Europäische Union umgeben ist von einem ganzen Ring von problematischen Staaten in denen zum Teil Bürgerkriege Kriege gehercht haben und das alles ist Teil dieses größeren Bildes Tunesien ist ein recht kleines Land eigentlich das ist wahrscheinlich ein Grund warum sich die Problematik jetzt dazu zuspitzt weil das alles eben von Tunesien Richtung Italien geht das Seeweg ist relativ kurz und deswegen ist dieses Problem jetzt wieder so aufgebaut vor ein paar Jahren war das noch ganz anders aber Tunesien überhaupt kein Problem also das kommt dann noch dazu dass diese Migrationsströme sich im Mittelmeer immer wieder von Westen nach Osten verlagern früher mal was Spanien mit der marokkanischen Küste und jetzt ist es eben Tunesien das muss man zur Relativierung des ganzen sagen man kann hier nicht erwarten defin positive Lösungen es wird keine definitiven Lösungen geben können es ist das ein Krisenmanagement das in ein paar Monaten in ein paar Jahren sowieso wieder vollkommen anders ausschauen könnte es ist der Versuch ein bisschen mehr Ordnung zu bringen in eine Unordnung die insgesamt die Mittelmeer da ist und das hat einfach mit Weltpolitik und mit unseren Nachbarn zu tun und vor allem auch damit dass die Europäische Union und ihre 27 Mitgliedstaaten völlig uneinig sind wie sie eine gemeinsame asyl- und Migrationspolitik eigentlich machen wollen und sollen [Musik] wir sind gleich zurück [Musik] wie können wir die erderhitzung stoppen wie verändert künstliche Intelligenz unser Leben und wann wird nachhaltiges Reisen endlich einfacher und diese und viele weitere Themen geht es im Podcast Edition Zukunft und Edition Zukunft Klimafragen [Musik] ich bin Alicia Frage und ich bin Julia wir sprechen über Lösungen für das Leben und die Welt von morgen jeden Freitag gibt es eine neue Folge überall wo es Podcast gibt jetzt haben wir schon gehört dass es bei diesen neuen Plänen vor allem darum geht zu verhindern dass Menschen von Tunesien nach Europa übersetzen können und trotzdem haben wir auch schon gehört dass es in Tunesien viele Menschen gibt die flüchten wollen oder viel besser gesagt die Fluchtgründe haben Flora was passiert dann mit diesen Menschen die in Tunesien bleiben müssen wie sind die Bedingungen dort ja die Bedingungen sind teilweise schwierig einzuschätzen man liest immer wieder dass wenn Menschen an der Überfahrt nach Europa gehindert werden dass sie dann in Internierungslager kommen dort ist der Zugang für NGOs Aktivisten Anwälte sehr begrenzt sehr schwierig es gibt immer wieder Videos und Berichte aus diesen detention Centers und dort dürfte die Situation furchtbar sein also mehrere Menschen zusammen gibt vielleicht auf engstem Raum ohne Ahnung wie es für sie weitergeht wann sie wieder rauskommen das ist die eine Seite dann gibt es ganz aktuell Berichte von Human Rice watch das auch Menschen die offenbar auf dem Weg nach Tunesien waren von der tunesischen Grenzpolizei quasi wieder in die Wüste zurückgedrängt worden sind nämlich auf die libysche Seite der Grenze ohne Wasser und ohne Schutz darunter auch Frauen also die Berichte sind erschütternd einen allgemeinen Überblick über die Situation vor Ort ist aber auch schwer zu geben weil der Zugang teilweise sehr schwierig ist auf Twitter habe ich von einer Nationalistin bei einem Beitrag gehört dass sie es quasi absurd findet Libyen geht ja de factor als wirklich ein Ort für Flüchtlinge und Migranten der extrem gefährlich ist und absurderweise waren es jetzt die libyschen Grenzschutzbeamten die hier Wasser Tunesien zurückgedrungen Flüchtlinge und Migranten gegeben haben also die Zustände sind zum Teil erschütternd und dürften sich auch in nächster Zeit nicht so schnell wenn man nun diese migrationsbewegung von Tunesien nach Europa stoppen oder eingrenzen möchte ist es dann eigentlich auch eine Option für die Betroffenen in Tunesien selbst zu bleiben und dort um Asyl anzusuchen ja also für Tunesien selbst ist es natürlich keine Option aber für Menschen die aus anderen Ländern nach Tunesien kommen ist es theoretisch eine Möglichkeit ich habe das schon erwähnt es gibt so etwas wie eine seit vielen Jahren bestehende Arbeitsmigration noch Tunesien wo Menschen eben in Tunesien teilweise im illegalen Sektor als Putzkräfte aber im schwarzen Sektor quasi nicht angestellt ein regelmäßiges Einkommen haben und davon leben können und damit ihre Familien zu Hause gut versorgen können dass Asylsystem Tunesiens an sich das ist natürlich gibt und dort gibt es auch Ohren hat er weiß aber massive Mängel auf und sehr wenige Menschen bekommen dort eigentlich einen regulären Schutzstatus und Tom ich glaube das hast du schon angesprochen dass man quasi von Tunesien aus Möglichkeiten schafft dass man in der EU immer viel ansucht das ist in diesen aktuellen Plänen gar nicht vorgesehen oder das kann ich so direkt nicht beantworten das ist immer eben Teil wie schon gesagt habe der Vereinbarung die man jetzt aushandeln muss es ist nicht so dass man nicht regulär von Tunesien oder auch von anderen Ländern nicht nach Europa gehen kann also was ich zum Beispiel weiß ist darauf haben Frankreich Deutschland und Belgien gedrängt dass man den Zugang für junge Tunesier die in Europa studieren wollen zum Beispiel absichert Europa hat kein Interesse daran das in Zukunft überhaupt keine Tunesier oder keine Marokkaner mehr zu uns kommen wir haben ja Millionen von Menschen aus diesen Ländern bei uns die ganz normal integriert sind arbeiten studieren was auch immer das soll es natürlich weiterhin geben was man versuchen wird ist dass man dieses Visa System die Abwicklung dieser Zuwanderung verbessert weil das eben zum Teil nicht funktioniert und weil eben viele Menschen weil sie eben nicht auf regulären wegen nach Europa kommen können dass auf illegale Weise versuchen dadurch entsteht dieses Problem aber ich glaube schon dass man auch daran reguläre Zuwanderung zu ermöglichen das Problem dass sich gleichzeitig kritisch dazu sagen möchte ist dass in der europäischen asyl- und Migrationspolitik seit mehr als zehn Jahren ja es nicht gelungen ist genau zu trennen das was man sich ursprünglich vor 20 Jahren eigentlich vorgenommen hat nämlich dass man unterscheidet zwischen der regulären Einwanderung Zuwanderung im Arbeitsbereich zum Beispiel oder um zu studieren zwischen Kriegsflüchtlingen und dem eindeutigen Recht auf Asyl wo Europa verpflichtet ist diese Menschen in jedem Fall aufzunehmen weil sie in Not sind und der dritte Teil auf dem wird oft vergessen Europa hat sich eigentlich vorgenommen Schlepperei Menschenhandel eines der größten Probleme der Welt das kann man in allen ununterbrechten nachlesen ein Milliardengeschäft dass man dagegen in aller Härte vorgeht das ist seit vielen Jahren miteinander vermischt und es wird viel zu wenig auseinandergehalten und erschweren kommt dazu dass sich die EU-Staaten eben nicht einigen können oder wollen manche wollen schlicht und einfach nicht wie man das gemeinsam besser macht dann könnte man nämlich auch natürlich gemeinsam mehr Druck ausüben im Rest der Welt um das einigermaßen besser zu steuern und da drinnen in diesem Dilemma in dieser Problematik stecken wir und so glaube ich muss man auch das Einordnen was gerade mit Tunesien passiert Flora wenn wir ein bisschen über Tunesien hinausschauen wie sieht es denn generell mit dem Asyl aufkommen in der EU aus wie viel Menschen flüchten derzeit also Italien wir erwähnt verzeichnet ein massiv erhöhtes ankommen von Flüchtlingen quasi die doppelten Zahlen seit dem Vorjahr und eine Steigerung zeichnet sich über die mittelmeerrote jetzt auch in verschiedenen Ländern also nicht nur Italien sondern auch über Griechenland und Spanien eine Steigerung zeichnet sich da überall ab heuer sind bereits laut der international organisation for Migration 100.000 Migranten angekommen im Feuer waren es 180.000 allerdings sind wir jetzt quasi schon bei der Hälfte des Jahres das heißt man kann erwarten dass die Zahlen bis Jahresende über denen von Vorjahr liegen werden allerdings möchte ich da auch dazu sagen und ein bisschen Perspektive reinzubringen wir sind dennoch recht weit weg entfernt von den Zahlen von 2015 und 2016 angesprochen dass es sehr schwierig ist einzuschätzen wie viel Wirkung dieses geplante Abkommen ist wirklich haben kann denkst du denn dass dieses geplante Abkommen die Zahlen der Menschen die nach Europa migrieren nachhaltig verbringen könnte ich glaube dass es dazu beiträgt die Zahlen zu verringern beim Begriff nachhaltig verringern hätte ich gewisse Zweifel ich denke wir müssen realistisch sein dieses Migrationsproblem wurde in zehn Jahren nicht gelöst und ich glaube dass ich mich nicht so weit vorwage wenn ich sage es wird auch in den nächsten fünf Jahren nicht gelöst sein im Sinne dessen wie sich das manche vorstellen sozusagen eine absolute Lösung kann es nicht geben wir müssen leben lernen mit dieser Problematik in einer ziemlich schwierigen und komplexen Weltlage also ich will damit sagen das was auf der einen Seite von der politischen Rechten ständige trommelt wird man braucht endlich eine Lösung die Grenzen müssen dich gemacht werden und so weiter das hört sich vielleicht alles gut an aber es ist keinerlei Lösung ja es sind eigentlich Lehre Worte es wird der Problematik überhaupt nicht gerecht auf der anderen Seite halte ich persönlich auch wenig von Banalisierung dieses Problems es ist einfach nicht realistisch und nicht angemessen also zu tun als mit der Europa hier die Probleme Afrikas oder in den Kriegsgebieten im Nahen Osten im Mittleren Osten lösen in der Ukraine das ist eine Überforderung die dieses ohnehin Schwierigkeiten befindliche Europa nicht schaffen würde wir müssen glaube ich realistisch damit umgehen wir müssen schauen dass die Menschenrechtssituation dabei so gut wie möglich behandelt wird und ich glaube auch dass man sagen kann dass die Europäische Union als Gemeinschaft dabei auch nicht so schlecht ist wie manche immer tun oder Glauben natürlich gibt es viele Probleme es gibt kriminelle Dinge die passieren es gibt gewaltige Menschenrechtsverletzungen in einzelnen Bereichen aber das sind immer nur so punktuelle Entwicklungen die natürlich das soziale Medien extrem verstärkt werden aber wenn man sich die Dokumente die Abkommen auch das über das wir heute reden genau anschaut dann kann man schon erkennen dass zumindest der Wille der Europäischen Union also aller Staaten in dem Fall besteht dass man auch immer humanitär vorgeht dass man immer auch die Hilfen beipackt gegen restriktive Maß kommen wenn sie denn gemacht werden ich glaube das ist einfach die Sicht die man im Moment haben muss man kommt sonst einfach nicht weiter und es führt sonst nur zu weiterer Polarisierung und Verhärtung und ich bin da wirklich ein Vertreter der Realpolitik es hat keinen Sinn hier Maximalforderungen aufzustellen die weder in die eine oder andere Richtung irgendwie erfüllbar sind also wenn man jetzt den Kritikpunkt anbringen würde die EU macht sich da besonders einfach und gibt die Verantwortung einfach mit den Geldern die sie an Tunesien zahlt ab würdest du sagen das ist nicht haltbar das würde ich so nicht formulieren richtig ist daran dass die Europäische Union kein Staat ist wir sind nicht die Vereinigten Staaten von Amerika zum Beispiel richtig ist das ist einzelne Staaten gibt die sich einer humanen geregelten ordentlichen vernünftigen asyl-politik in Europa oder durch Europa komplett entziehen und zwar radikal und Unmensch großen Teilen ziehen ja die Probleme abschieben auf andere Länder das ist unser Problem aber von der Zielsetzung her von dem was beschlossen ist was auch in der Kater der Grundrechte der Europäischen Union steht die eine Basis ist für unser gesamtes Rechtssystem das wird oft vergessen das kann man nicht so leicht beiseite wischen ja da gibt es eine Europäischen Gerichtshof und den kann man sich wenden also Europa ist ja ein funktionierendes demokratisches Gebilde in dem auch rechtfertige Prinzipien herrschen das wollte ich damit einfach sagen unser aller Problem ist die Uneinigkeit der Länder und dass die Länder die Probleme untereinander abschieben schon seit vielen Jahren jetzt gibt es zum ersten Mal seit langer Zeit im letzten innenministerrat im Juni glaube ich in Luxemburg beschlossen zumindest eine grundsätzliche Einigung dass man gemeinsam gegen das Problem Vorgehen wird man hat sogar Ungarn und Polen überstimmt ja die bewusst wieder einmal dagegen gestimmt haben aber und ich sag dazu zum Glück als Kommentator kein wetterrecht haben ja in diesem Bereich gibt es nämlich mittlerweile durch die EU-Verträge gestützt Mehrheitsentscheidungen und deswegen können einzelne Länder autoritäre Regierungen wie zum Beispiel die von Viktor Orban in Ungarn solche Beschlüsse im EU innenministerrat eben nicht blockieren also das ist ich will es mal so sagen ein kleiner hoffnungsschema dass wir da doch ein bisschen Weiterkommen in dieser Problematik so viel Leute so viel Millionen Menschen auslöst migrations- und Fluchtbewegungen werden uns also weiterhin und wahrscheinlich auch dauerhaft beschäftigen es gibt wie du vorhin angesprochen hast keine Lösung in diesem Sinne jetzt gibt es zumindest mal eine Absichtserklärung seitens der EU und Tunesien wie man hier weiter zusammenarbeiten möchte vielen Dank Thomas Meyer und Flora Mori für eure Einschätzungen dazu ja vielen Dank ja danke schöne Grüße aus Brüssel und wir machen jetzt dann gleich noch weiter mit unserer meldungsübersicht und sprechen über das gescheitete getreideabkommen zwischen der Ukraine und Russland wenn Ihnen diese Folge von Thema des Tages aber bisher schon gefallen hat dann lassen Sie uns das sehr gerne mit einer guten Bewertung oder einem netten Kommentar wissen und wenn sie keine weitere Folge von Thema des Tages mehr verpassen möchten dann abonnieren Sie diesen Podcast am besten gleich dort wo sie der Podcast eben am liebsten hören vielen Dank dafür und wir sind gleich zurück [Musik] wie viel Geld macht eigentlich glücklich werde ich mit Daytrading reich und ist jetzt der richtige Zeitpunkt um in China zu investieren das und mehr sehen wir uns in der neuen Staffel von Standard Podcast lohnt sich das an wir das sind Davina Brunbauer Alexander Ammon und Michael Wendisch und gemeinsam mit Expertinnen und Experten fragen wir uns wie ein Pyramidenspiel funktioniert was eigentlich ein Baby kostet und ob es sich lohnt in eine Steueroase auszuwandern lohnt sich das der Standard Podcast über Geld findet ihr jeden Dienstag auf allen gängigen podcast-plattformen und hier ist was sie heute sonst noch wissen müssen erstens in der Ukraine hat es in der Nacht auf heute Montag ein Explosion auf der krimbrücke gegeben die Russland mit der besetzten Halbinsel verbindet laut russischen Angaben wurde dabei ein ziviles Auto getroffen zwar Insassen sein ums Leben gekommen ein junges Mädchen habe überlebt Russland macht das ukrainische Militär für den Angriff verantwortlich und auch einige ukrainische Medien schreiben von Anzeichen dafür von offizieller Seite bestreitet die Ukraine den Angriff aber der Verkehr auf der krimbrücke wurde mittlerweile wieder aufgenommen auf politischer Ebene war in der Ukraine heute das getreideabkommen Thema in dem Russland bisher eine sichere Ausführung ukrainischen Getreide zugesichert hatte der Krämer hat jetzt aber angekündigt dass Abkommen nicht weiter zu verlängern weil russische Forderungen nach weniger Sanktionen nicht erfüllt worden wären die Ukraine produziert große Mengen an Getreide die für die weltweite Lebensmittelversorgung sehr wichtig sind ab morgen Dienstag dürften Export dieses Getreides dann nicht mehr möglich sein zweitens es gibt neue Vorwürfe gegen die Band Rammstein dieses Mal betreffen sie vorwiegend den Keyboarder der Band Christian Lorenz der auch unter seinem Künstlernamen Flake bekannt ist es geht um ein Erlebnis im Jahr 2002 von dem eine mutmaßlich betroffene Frau dem Norddeutschen Rundfunk und der Süddeutschen Zeitung erzählt hat sie sei im Alter von 17 Jahren von Rammstein Frontmann Zyl Lindemann und Keyboarder Lorenz in dessen Landhaus eingeladen worden dort hatten sie viel Alkohol getrunken und die Frau beschreibt wie Sie die Kontrolle über ihren Körper verloren hat schließlich habe Lorenz Sex mit ihr gehabt sie sei nicht in der Lage gewesen ihn davon abzuhalten die Frau hat ihre Aussagen eidesstattlich vor Gericht versichert Christian Lorenz hat die Vorwürfe über seinen Anwalt zurückweisen lassen die Vorwürfe könnten für die aktuellen strafrechtlichen Ermittlungen gegen Rammstein relevant sein wenn sie sich erhärten würden die Missbrauchsvorwürfe gegen die Band sich über mehrere Jahrzehnte aussehenen es gilt die Unschuldsvermutung und Details dazu lesen Sie auch auf der Standard drittens es gibt ein erstes Urteil im Zuge des VW dieselskandals in Österreich der Verein für Konsumentenschutz kurz VKI hat dem Namen von rund 9000 dieselautobesitzer:innen geklagt weil VW irreführende Angaben über den CO2-Ausstoß wieder seine Autos gemacht hat ein Gericht in St Pölten hat dafür nun Schadenersatz in Höhe von runden 9% des Kaufpreises der Betroffenen Autos zugesprochen im Vergleich zu ähnlichen Fällen in Deutschland ist dieser Wert aber niedrig dort gab es Schadenersatz zwischen 5 und 30% der VKI bezeichnet das Urteil deshalb als Enttäuschung und will im Berufung gehen und viertens wer in Thailand einen Cheeseburger bestellt die oder der könnte sich beim Anblick des servierten Sandwiches ein bisschen wundern denn dort gibt es unter dem offiziellen Namen der real Cheeseburger 2 Burger Brötchen die kein Fleisch enthalten dafür aber sage und schreibe 20 Scheiben Käse und sonst nichts was auf Hochglanz Werbeplakaten zumindest noch ganz ansprechend aussieht wurde in Social Media Postings seither als absurdes kiesiges Chaos kritisiert ob der real Cheeseburger auch in Österreich bald als vegetarische Alternative angeboten wird ist fraglich vielleicht wollte man damit doch nur einen viralen Hitze landen sehr beeindruckende Fotos vom real Cheeseburger können Sie auf der standard.at anschauen und dort dann auch gleich alles weitere zum aktuellen Weltgeschehen nachlesen wenn Sie jetzt noch nicht genug von Standard Podcasts haben dann habe ich einen hör-tipp für Sie bei unseren Schwester Podcast inside Austria geht's um den Immobilien Tycoon Rene Benko einen der reichsten Menschen Österreichs aber wie er sein Geld verdient hat darum ranken sich viele Mythen und offene Fragen die unsere Kolleginnen inside Austria schon vor einiger Zeit in einer Podcast-Reihe beantwortet haben aktuell können Sie diese podcastreihe noch mal anhören bevor es dann in einigen Wochen wieder neue Erkenntnisse über René Benko zu hören gibt ihn seit Austria finden Sie überall wo es Podcast gibt falls Sie jetzt noch Feedback oder Anmerkungen für uns haben dann schicken Sie diese gerne an Podcast address standard.at und wenn sie dir journalistische Arbeit die wir beim Standard machen unterstützen möchten dann geht es zum Beispiel indem sie ein standardabo abschließen das kann man machen für die Zeitung für die Website oder wenn sie Thema des Tages über Apple Podcast hören dann kann man dort ein paar wenige Euro für ein Premium Abo zahlen und in Zukunft ohne Werbung hören und vor allem sehr unterstützen also vielen Dank dafür ich bin Tobias Holub ich bin Markus Ehrenhöfer vielen Dank fürs zuhören und bis zum nächsten Mal [Musik] dass ich nicht nachvollziehen kann ist warum an jedem Unrecht immer ich schuld sein soll ein korruptionskandal jagt den anderen österreich hat in den letzten 30 Jahren viel über Klimaschutz gesprochen aber zu wenig getan die Politik verschläft die Klimakrise die Behörden haben alles richtig gemacht Fehler vergisst man statt daraus zu lernen so sind wir nicht so ist Österreich einfach nicht aber wie ist Österreich dann das wollen wir bei inside Austria herausfinden wir blicken auf die großen österreichischen Skandale von Ibiza bis Ischgl wir wollen wissen wer dafür in der Politik die Verantwortung trägt und wir schauen genau hin wo Österreich über seine Grenzen hinaus mitmischt vom wirecard-skandal bis zum Ukraine Krieg das ist inside Austria von Standard und Spiegel jeden Samstag eine neue Folge überall wo es Podcast gibt [Musik],OK
0jhTRcfvaTA,"ich bin Tobias Holub das ist Thema des Tages der Nachrichten podcast vom Standard [Musik] schaffe schaffe hüslebauer das ist der inoffizielle Leitspruch Vorarlbergs auch wenn man vorarlbergerisch ein bisschen eingerostet ist aber es ist auch für viele Menschen ein absoluter Lebenstraum nach der harten Arbeit wird ein Haus gebaut am besten mit viel Platz und eigenem Garten aber ist das heutzutage noch realistisch oder zeitgemäß meine Kollegin Marlene Lanzerstorfer hat sich mit der Frage beschäftigt warum Einfamilienhäuser durchaus problematisch sein können wie das Hausbau und dann zukunftsfit werden könnte das haben wir uns in jenem Bundesland angeschaut das für seine Architektur zu bekannt ist nämlich in Vorarlberg [Musik] Franziska Zoidl du bist Redakteurin im Standard immobilienresort und hast dich mehr mit dem Thema Einfamilienhaus beschäftigt ich habe ja generell den Eindruck dass viele Menschen von einem Einfamilienhaus träumen oder dass das so als das ideale zu Hause gesehen wird aber wie schaut das in der Realität aus wie viele Menschen in Österreich wohnen überhaupt in einem Einfamilienhaus da so sicher recht Umfragen ergeben immer wieder dass das der absolute Wohnraum der Österreicherinnen und Österreicher ist also ein Haus mit Garten das wünschen sich sehr sehr viele kein Wunder wir wachsen irgendwie mit diesem Idealbild auf wir kennen uns aus der Werbung wir kennen uns von Filmen Fernsehen und so weiter also es ist nicht weiter verwunderlich es gibt in Österreich rund 2,4 Millionen Einfamilienhäuser also schon eine schöne Menge in der jüngeren Generation und da ist mein Generation noch keine Ausnahme denke ich wird oft gewitzelt dass wir uns sowieso nie ein Einfamilienhaus leisten können werden während unserer Eltern schon so mit Mitte 20 Hauseigentümer in den waren aber stimmt es denn wird Hausbauen wirklich immer teurer es ist sicherlich schwieriger geworden ein Problem ist dass die Einkommen in den letzten Jahren nicht so stark gestiegen sind wie die Immobilienpreise in weiten Teilen des Landes diese hohen Preise die liegen auch an der starken Nachfrage an Häusern und Baugrundstücken Corona hat es noch einmal ordentlich angeheizt da wollten auf einmal alle raus ins Grüne und durch die Pandemie sind auch die Bau und Materialkosten noch einmal ordentlich in die Höhe geschneitzt das hat sich teilweise wie das ein bisschen beruhigt aber es ist immer noch sehr sehr teuer und ein Effekt von diesen hohen Preisen ist natürlich auch dass die kaufen Nebenkosten dadurch natürlich auch gestiegen sind und man insgesamt halt viel mehr Geld von der Bank braucht und noch ein Problem für viele Menschen aktuell ist dass es seit dem Vorjahr erschwerte Kreditvergaberichtlinien gibt man braucht 20 Prozent Eigenmitteln und an dieser Hürde scheitern viele man muss aber auch dazu sagen Häuser wurden früher einfach auch ganz anders gebaut die ganze Familie hat damit angepackt die Freunde da hat sich jeder gegenseitig geholfen das ist heute einfach nicht mehr so der Fall und wenn es Professionisten professionistinnen waren die bauen dann wird natürlich teurer ja ich glaube speziell meine Generation macht sich dann nicht nur Gedanken über die hohen Kosten sondern auch über den ökologischen Fußabdruck den man dahinter lässt wie nachhaltig ist denn eigentlich so ein Einfamilienhaus KritikerInnen sagen gerne das beste Einfamilienhaus ist dass das nicht gebaut wird also Einfamilienhäuser haben aufgrund von schlechter Raumplanung sie sind Österreich einfach ein Problem nicht nur zu sehr Siedlung des Landes beigetragen sondern sie fördern halt auch ein Mobilitätsverhalten bei dem man stark aufs Auto angewiesen ist und diese fixierte aufs Auto die hat wiederum viele Folgen zum Beispiel eben dass man dann eher zum Fachmarktzentrum in der Peripherie fährt und der Ortskern ausstirbt also das hängt alles ein bisschen zusammen und ist alles jetzt nicht unbedingt nachhaltig wenn man jetzt bei der Wohnform bleiben nachhaltiger werden natürlich sich für eine verdichtete Wohnform zu entscheiden also zum Beispiel ein Reihenhaus oder ein Atriumhaus oder allerbeste bestehende Häuser zu sanieren das ist manchmal aber halt ein bisschen komplizierter und viele Menschen trauen sich da dann halt auch nicht drüber du hast schon gesagt dass Einfamilienhaus wird also immer ein bisschen teurer und ist auch nicht gerade klimafreundlich und gerade hast du auch schon ein paar Richtungen angesprochen in die sich der Trend weiterentwickeln kann für das zu sagen baut die nächste Generation dann anders also wie gesagt es gibt eben derzeit durch diese veränderten Kreditvergabe Richtlinien durch die hohen Preise insgesamt zwar ein bisschen eine Verschnaufpause der große Bauboom ist jetzt mal vorbei für viele bleibt aber der Wohntraum und sie wohnen dann z.B mal in einer Mietwohnung ein bisschen länger und schauen dass sie irgendwie das Geld zusammenkratzen insgesamt muss man aber auch sagen dass ich halt auch die Lebensentwürfe viele jungen Menschen total verändert haben im Vergleich zu den Eltern also unsere Eltern haben von Studienabschluss oder Ausbildungsabschluss bis zur Pension beim gleichen Arbeitgeber gearbeitet das ist ja heute ganz oft nicht mehr der Fall also Baumpflanzen Haus bauen Kinder kriegen wie es ja vor ein paar Monaten die VP jugendstaatssekretärin black holen formuliert hat das entspricht ja für viele heute auch überhaupt nicht mehr Lebensrealität und das spiegelt sich dann halt auch irgendwie in der Wohn Realität wieder der Trends scheint da also in eine andere Richtung weiterzugehen danke dass du uns da heute ein paar Einblicke gegeben hast Franziska Säule danke das Bundesland der fleißigsten hüslebauer ist im Klischee nach Jahr Vorarlberg Doris prissing du warst für das standardprojekt vor Ort einige Zeit im Länder was ist da deine Erfahrung stimmt das also bauen die Vorarlberger wirklich mehr als der Rest Österreichs ja also man kann sagen es ist wahrscheinlich schon was dran es gibt zum Beispiel eine Studie von WWF aus dem Jahr 2021 wonach Vorberg nach Wien österreichweit die meisten produzierten Böden verbraucht da geht's um 79% von Wien und 30 %. hat davor Berg im Bregenzerwald wird gern gebaut das kann man schon wirklich so sagen wo ich war da beträgt der Versiegelungsgrad 2020 49% und das war damit schon höher als im gesamten Österreich also im schnittte woher kommt jetzt das ich nehme an es hat ein bisschen mit der DNA zu tun der Bregenzerwälder man kann sagen dass sie sie bauen einfach wahnsinnig gern ja besondere sind aber schon die kleinen Strukturen sie machen es sich nämlich selber das heißt wir haben 450 Handwerksbetriebe im Bregenzerwald ich finde es eine total beeindruckende Zahl das sind alles kleine Einheiten und der Hausbau bzw auch der Bau im öffentlichen Raum passiert quasi untereinander ja es gibt keine große Gruppe die alles dominiert sondern die existieren gut nebeneinander sind das dann auch schon die Gründe warum du dich dazu entschieden hast dir den Bregenzerwald näher anzuschauen also der Bregenzerwald ist zunächst einmal wirklich unfassbar schön man sagt mir auch das ist ein Klischee und es stimmt überhaupt nicht mehr so ich wollte es einfach mehr anschauen ist es so was steckt sozusagen unter dieser Decke gibt's da irgendwo andere Dinge die vielleicht sich jetzt gerade in die eine oder andere Richtung entwickeln was das Landschaftsbild betrifft kenne ich keine andere Regionen in Österreich in der die Bauwerke wirklich sich so perfekt direkt in die Landschaft eingliedern wo alt und neue Tradition und Innovation so gelungen ineinander greifen sozusagen als Wienerwald Geschädigte und Kleingarten traumatisierte vor Ort Reporterin hat nicht das wirklich sehr beeindruckt ich wollte halt wissen und wahrscheinlich auch ein bisschen aus missionarischen Zwecken wie machen die das und ist es wirklich alles so perfekt ja wie perfektes wirklich ist das schauen wir uns dann gleich noch an zuvor machen wir eine kurze Pause wir sind gleich zurück ich bin die Franziska ich bin der Martin und wir wollen besser leben lohnt sich 10.000 Schritt zu gehen jeden Tag ist das Großraumbüro wirklich so schlecht wie sein Ruf Spoiler ja bringt was Intervall zu fassen wir fragen die das wirklich wissen und probieren uns auch gleich selber aus wer besser leben jeden Donnerstag eine neue Folge [Musik] Doris der Bregenzerwald gilt ja auch als ein wichtiges Architektur historisches Zentrum woher kommt da dieser gute Ruf was hat es damit auf sich das finde ich nämlich besonders interessant wir haben vorhin von der DNA gesprochen und das ist wirklich nicht übertrieben der Bregenzerwald hat tatsächlich eine Jahrhunderte alte Bautradition genau waren es nämlich die Barockbaumeister die jedes Jahr mit hunderten Handwerkern auszogen um für die großen Bauwerke im Allgäu in Bayern zu arbeiten und die sind auch bis Niederösterreich gekommen das ist übrigens dann auch interessant weil die Frauen sind dann sozusagen zurückgeblieben und haben den Laden für sich geschubst und das ist auch eine Erklärung warum man sagt dass sie die Bregenzer Wälder Frau oder die Frauen sind besonders stark und durchsetzungsfähig und das alles erlebt man dort schon irgendwo direkt also sie sind wahnsinnige Persönlichkeiten den man da begegnet sie machen ihr Ding ohne jetzt irgendwie großen nach denken und aus dieser Tradition entwickelte sich dann später dieser innovative zweigt zwar vor ungefähr 30 Jahren der hat die Vorarlberger Bauschule um Dietmar Eberle Hermann Kaufmann und weitere sich betätigt und den Vorarlberger Stil nach außen getragen also wenn man heute von der berühmten vorarberger Architektur spricht dann nennt man eigentlich die Bregenzerwälder Architektur es gibt also eine große Kultur des Bauens nicht nur im privaten sondern auch im öffentlichen Raum der Bregenzerwald ist also auch in der Architekturgeschichte sehr relevant aber du hast vorher schon angedeutet dass es auch einige Baustellen dort gibt ja die gibt es natürlich wann immer man über Negativbeispiele spricht fällt der Name Schröcken im prägenzerwald ganz am Ende des Tages also der Bregenzerwald geht sozusagen von Sulzberg eine 60 km lange Straße die ist auch ein Thema da geht es um Mobilität und Verkehr und so weiter und so fort und diese Straße führt dann nach hinten nach Schröcken und bzw dann noch weiter nach wart wo es eben seit kurzem eine Verbindung gibt zum Skigebiet mit Lech und dadurch ist es natürlich interessant geworden und dadurch ist auch ein bisschen diese Kultur aufgebrochen wir machen uns unsere Sachen selber weil da oben hat man dann schon die Investoren ja die quasi da reingehen und ich war dann oben bevor ich zurückgefahren bin und natürlich ist es ein bisschen unheimlich weil es ist ein Projekt unser riesiges holzklotzing mehrere Häuser und die sind alle leer es ist natürlich schon so es ist zwar verlängertes Wochenende das dann niemand kommt wo in den Orten die Leute zum Wandern kommen und da ist schon ein bisschen was los aber da oben ist niemand jetzt muss ich aber ehrlicherweise auch dazu sagen in Lech war auch niemand ja also insofern ist es nicht weiter ungewöhnlich mir hat man versichert ein solches investorenprojekt das ist die Ausnahme es wird keine weiteren geben ich weiß aber schon auch bzw die Leute wissen es auch und man sagt es auch dass es ein weiteres gibt das soll mitten im Ort von wart entstehen ob das wirklich kommt ist glaube ich noch ein bisschen in Schwebe die Leute mit denen man redet dort sind sehr sehr skeptisch und finden das teilweise schlimm was sich da entwickelt andere sagen wieder ja okay also in diesem Ort oder in dieser Region gibt's nur mit den Tourismus der Bregenzerwald vorne lebt eben vom Handwerk von der Landwirtschaft und von anderen Dingen mehr und ist nicht so abhängig vom Tourismus da hinten hast aber wirklich nur mit den Tourismus ja und die Leute wollen halt auch von etwas Leben so und das ist die Argumentation und ich man muss auch wirklich dazu sagen wir sprechen von einer gästebettenzahl von 2000 das immer sehr sehr sehr sehr sehr weit entfernt noch von einem Ischgl ich glaube die haben über 10 oder 20.000 das ist immer noch im Anfangsstadium aber während den Anfängen man weiß nicht wie sich dieses Sachen weiterentwickeln mir wurde gesagt nein wird nichts mehr gemacht wird nichts mehr gebaut nichts mehr geplant aber das ist schon irgendwie so ein bisschen das Beispiel in die Richtung könnte es auch gehen und die Sorge haben die Leute schon auch dort du hast als negativ Beispiel jetzt unter anderem Schrecken genannt aber was gibt's da eigentlich fürs Strategien die angewendet werden damit solche Fehler vermieden werden können ja also ich finde wirklich besonders faszinierend eben diese Regularien die es gibt wie schafft man es eben diese Einheitlichkeit diese teilweise auch Nachhaltigkeit zu schaffen es gibt erstens einmal relativ strenge Bauvorschriften also es geht um einen Langbau diese Voraussetzung muss ein Haus erfüllen das muss ein Langbau sein weil das eben auch aus der Tradition entsteht es muss eine naturbelassene Holzfassade sein es muss ein Satteldach sein das sind einmal die Grundvoraussetzungen und dadurch hast du natürlich schon eine schöne Einheit ja da gibt's keine bunt angefabbelten fertigteilerhäuser von irgendwelchen Firmen sondern das ist das Minimum ja natürlich ist es auf der anderen Seite auch wieder so dass man sagt ja aber die großen kreativen Würfe werden dadurch auch verhindert das stimmt auch ja aber eben halt in dieser Einheit und das sagt beschaulich bedulich vielleicht auch ich finde es schön ehrlich gesagt hält sich dieser Bregenzer Wald gut was als Qualitätssicherung meiner Meinung nach unschlagbar ist ist dass es in jeder Gemeinde einen Gestaltungsbeirat gibt also das heißt der Bürgermeister ist nicht da alleine einige Entscheider der alleinige entscheiderin für das was gebaut wird wird sondern es muss immer in Abstimmung mit diesem Gestaltungsbeirat sein das sind Fachkräfte ExpertInnen ArchitektInnen Baukünstler aus anderen Gemeinden womit man dann natürlich abklärt oder absichert dass nicht sich hier eine Partie zusammen tut und sagt wir bauen uns das und das und das und das und lassen die anderen vor also es ist ein großes miteinander und ich glaube darin steckt schon sehr viel Verantwortungsbewusstsein auch in der ganzen Gestaltungsplanung ja was man vorhin noch gesagt hat das möchte ich noch dazu sagen dass Einfamilienhaus in Bregenzerwald wird von mehreren ArchitektInnen gesagt es ist tot es gibt nichts mehr sie haben keine Aufträge mehr für ein Familienhäuser es geht um verdichtetes wohnen es werden eben halt rein haussiedlungen die sind dann irgendwie so auch gestaltet wie vor Siedlungen also nämlich gruppiert mit sozialen Räumen und sowas dürfte die Architekten und ArchitektInnen im Moment sehr stark aber Einfamilienhaus nicht mehr leistbar du hast vorher gesagt dass Einfamilienhaus ist tot das ist eine sehr starke Aussage wie geht es dann da weiter was bedeutet das es ist also tatsächlich so dass die relativ einhellige Meinung von vorarberger architektur-instituts über Werkraum aber ArchitektInnen Handwerker auch gilt diese Phase des Einfamilienhauses ja war eine kurze in der Geschichte der Menschheit die wird vielleicht auch so auch wenn es ein Traum ist so wie Franziska zeudel das gerade gesagt hat vielleicht so wirklich nicht mehr kommen ja und darauf stellen wir uns ein es gibt die Lebensentwürfe von jungen Leuten die in eine ganz andere Richtung gehen haben wir auch schon gehört und auch im Bregenzerwald richtet man sich ein bisschen darauf ein was dort natürlich schon ein Thema ist es gibt total viele urschöne breite Häuser und die stehen leer und was ich jetzt so mit gefunden habe da gibt es jetzt nicht wirklich ein großes Konzept ja weil es im Privathäuser was machst du mit denen du kannst dir niemanden verordnen richte es jetzt her aber es sind ganz ganz schöne Häuser mit einer wunderbaren alten Baustruktur aber die stehen leer und es ist keine Nutzung vorgesehen auch da geht es natürlich ums Geld ja also das ist so ein bisschen die Aufgabe und die Herausforderung für die Zukunft wo ich sehe da wird man sie wahrscheinlich noch ein bisschen was überlegen müssen neues bauen das können Sie aber jetzt das alte sozusagen auch zu verwerten da bin ich gespannt was sich da in den nächsten Jahren tut du hast es schon kurz angesprochen vielleicht können wir dann noch ein bisschen genauer darauf eingehen wie bauen wir dann in Zukunft was sagen da die Architekten und ArchitektInnen ja also wie gesagt zum Beispiel ich war bei einem Architektenbüro das war der Markus inauer und es war ein matt die haben jetzt beispielsweise von eben Reihenhaussiedlung erzählt die haben erzählt von einer Art Vierkanthof da geht es um Mehrfamilienhäuser also damit rechnen sie ganz stark dass man künftig wieder zusammenrückte das klingt vielleicht für die einen gut für die anderen schrecklich aber so kann die Zukunft sein ja und wir wissen ja jetzt auch schon also dass junge Leute vielleicht teilweise später aussehen also das heißt diese Mehrfamilienhäuser sind ein Thema die werden recht kritisch auch gesehen und man nennt sie dort Blöcke etwas abschätzig das sind eben halt diese mehr parteienhäusern die schnell hochgezogen werden gibt's bei uns auch also sich beispielsweise im Wienerwald weil sie sich nicht wöchentlich wahrscheinlich werden solche gemacht der und das ist halt irgendwie schon so ein schneller Bau sondern schnelles hochziehen wo halt dann eben diese Wohnungen drinnen sind die nicht das Ideal der Bregenz der Welt sein werden aber wahrscheinlich ein bisschen auch zur Realität es ist schon so dass man sagen kann wie geht es den Leuten damit die ihr eben ich habe es gesagt also das Bauen das scharfer scharfer hüsebauer ist das große Ideal das wird sich aber halt ändern und dann müssen glaube ich sich auch die ästhetisch und innovativ so voranschreitenden Bregenzer Wälder einfach darauf einstellen wie gesagt ich bin gespannt was daraus wird wir sind 10 Jahren ausschaut was war da dein persönlicher Eindruck von Bregenzerwald ist diese Zukunft über die wir gerade gesprochen haben schon da also gibt's das schon vermehrt vor Ort sieht man das also wenn du dort bist ja dann wird's dir mal schnell nicht auffallen wenn man gewöhnt sich daran ja also an dieses Umfeld ja wenn man zurück ist dann sind man sich wieder dorthin weil du denkst es gibt ja alles miteinander nicht ne und was Innovationen betrifft also es gibt wirklich wahnsinnig viele kluge Köpfe ich habe zum Beispiel den Markus Feist getroffen den nennen sie Holzbau philosoph das ist einer der halt wirklich auch das Holz in einer Sorgfalt bearbeitet und auch versorgt Bretter lagern dort den riesigen holzlagern jahrelang bis er dann befindet dass sie jetzt sozusagen den richtigen Reifegrad haben um es zu verarbeiten dass ihre dann gibt es einen Lichtdesigner es gibt eben wie gesagt Architekturbüros es gibt ganz viel Sorgfalt in der Arbeit und in dem Handwerk das darin steckt und auch ein stolz mir hat man dann auch jemand gesagt also das was sie wirklich können ist eben dieses scharfer Schafe worin sie sich schwer tun ist eben auch sich mal in diesen Stuhl in diesen schönen Stuhl den man selbst gefertigt hat doch reinzusetzen und sich das auch mal anzuschauen ja das ist vielleicht irgendwo ein bisschen die Schwierigkeiten wir als zuschauende als BeobachterInnen profitieren natürlich davon weil es gibt schon noch immer wahnsinnig viel Innovationskraft und was mir auch aufgefallen ist das sagen sie natürlich aber ich glaube es auch das ist jetzt nicht so das Konkurrenzdenken gibt man lässt einander leben weil man weiß also man profitiert auch davon ja es ist hat jetzt kein Sinn wenn der kleinere den größeren schluckt sondern man schaut sich das an ja man nimmt es auf und man lässt praktisch den anderen Leben und man ist nicht bis zum bitteren Ende gewinnen orientiert vielleicht bin ich jetzt naiv dass ich das geglaubt habe ja was man mir da erzählt hat aber es war einfach für mich so schlüssig in dem Zusammenhang und vielleicht kann man sich da auch ein bisschen was nehmen ja die Zukunft des Einfamilienhauses und das Wohnraumes im allgemeinen bleibt auf jeden Fall spannend danke dir Doris pressing dass du heute deine Eindrücke mit uns geteilt hast vielen lieben Dank wir sind gleich zurück [Musik] ich bin Doris presching und ich bin Michael Steingruber und gemeinsam sind wir serienreif das ist das Standard Podcast über die spannende Welt der Serien genau bei uns erfahren Sie faszinierende Details über Haus of the Dragon und die Ringe der Macht und restlos alles über satanische Spiele in stranger things wir widmen uns Seriengrößen von Obi-Wan Kenobi bis zu rupaul und zerlegen die neueste marvel-serie wenn nötig serienreif euer Streaming Podcast jeden zweiten Donnerstag eine neue Folge [Musik] und von mir hören Sie jetzt noch was sie heute sonst noch wissen müssen erstens im Wiener Ernst-Happel-Stadion hat gestern am Mittwochabend das erste von zwei umstrittenen rammsteinkonzerten stattgefunden rund 50.000 Fans sollen den Auftritt besucht haben während vor dem Stadion zwischen 400 und 1.800 Menschen dagegen protestiert haben die Angaben zu den Zahlen sind unterschiedlich nach dem Konzert ist es vor dem Stadion zu einem gewalttätigen Angriff und antisemitischen Beschimpfungen gegen ein ORF Journalisten gekommen der ORF hat die Situation auf Video festgehalten noch eine Kamera Frau wurde täglich angegriffen die Polizei ermittelt deswegen das Konzert wurde von Missbrauchsvorwürfen gegen Rammstein Sänger Till Lindemann überschattet heute am Donnerstag findet ein zweiter Auftritt statt zweitens nach mehreren Wochen mit langsamen Fortschritten dürfte die ukrainische Armee nun in die Zentrale Phase ihrer großen Offensive übergehen die US-Zeitung New York Times berichtet das aktuell versucht wird im Süden der Ukraine in Richtung der russisch besetzten Stadt militopol vorzustoßen auch das renommierte Institut für kriegsstudien bestätigt dass die russischen Verteidigungsstellungen an einigen Stellen durchbrochen worden sein sollen gleichzeitig war das Institut aber vor zu hohen Erwartungen an die Offensive diese sein nicht realistisch und Fortschritte könnte man wohl erst in mehreren weiteren Wochen beobachten während in der Ukraine Hefte gekämpft wird hat den Russland konkret in St Petersburg heute am Donnerstag ein sogenannte Russland afrika-gipfel begonnen dabei versucht Präsident Putin mehrere afrikanische staatchefs enger sich zu binden das könnte nun aber erschwert werden weil das von Russland aufgekündigte getreideabkommen zu Lebensmittel Engpässen führen könnte und anderem auch in vielen amerikanischen Ländern 3 der US-Schauspieler Kevin Spacey wurde in einem Prozess um sexuelle Übergriffe freigesprochen das hat ein Geschworenengericht in London befunden weil zuvor ein Großbritannien Vorwürfe gegen space hier erhoben wurden vier Männer hatten ihm sexuelle Handlungen ohne Zustimmung vorgeworfen Spacey hat das abgestritten und nun vor Gericht Recht bekommen die Vorwürfe sind im Zuge der methodebatte an die Öffentlichkeit gekommen daraufhin hatte etwa Netflix Zusammenarbeit mit Spacey beendet Spacey selbst hat nun angekündigt seine Karriere fortsetzen zu wollen details dazu sind allerdings noch nicht bekannt und drittens hat die US-Regierung UFOs und Aliens sichergestellt darüber wird gerade im US-Kongress diskutiert ein ehemaliger Pentagon Mitarbeiter namens David grooge sagt ja die USA hätten sowohl Außerirdische Raumfahrzeuge geborgen als auch unbekannte Biologika wir sagt also Lebewesen sichergestellt in früheren Inter ganz konkret davon gesprochen dass die USA ein Fußballfeld großes UFO gefunden hätten im Kongress wollte er das unter alt aber nicht so genau wiedergeben darüber hinaus berichten aber auch zwei ehemalige Militärpiloten von UFO Sichtungen bei denen Flugobjekte physikalisch unmögliche Manöver durchgeführt hätten eine aktuelle Mitarbeiterin und Sprecherin des Verteidigungsministeriums Pentagon hat allerdings bestritten dass die USA an irgendeinem Außerirdischen Material experimentieren würden der Kongress will in Zukunft weitere Informationen darüber öffentlich verfügbar machen mehr Infos dazu und ein mutmaßliches Bild eines UFOs finden Sie auf der standard.at und dort können Sie auch alles weitere zum aktuellen Weltgeschehen nachlesen wenn Sie jetzt noch nicht genug von Standard Podcasts haben dann gibt es in unserem Schwester Podcast besser leben eine Wiederholung eine sehr spannenden Folge nämlich zu der Frage ob es sich besser lebt am Land oder in der Stadt das Erleben finden Sie überall wo es Podcast gibt wenn sie dem Standard podcast-team irgendetwas sagen möchten dann schicken Sie gerne eine Mail an Podcast addter standard.at wenn Ihnen diese Folge von Thema des Tages gefallen hat dann abonnieren Sie uns am besten auf Ihrer Liebsten podcast-plattform damit sie keine weitere Folge mehr verpassen und wenn Sie unsere Arbeit unterstützen möchten dann können Sie ein Abo für den Standard abschließen oder wenn Sie uns über Apple Podcast hören dort ein paar Euro für ein Premium Abo zahlen das hilft uns sehr also vielen Dank dafür ich bin Tobias Holub die Interviews für diese Folge hat Marlene lanzersdorfer geführt und sie und unsere Kollegin Antonia Rauth haben auch die inhaltliche Redaktion für diese Folge übernommen von uns allen vielen Dank fürs zuhören und bis zum nächsten Mal [Musik] wie können wir die erderhitzung stoppen wie verändert künstliche Intelligenz unser Leben und wann wird nachhaltiges Reisen endlich einfacher und diese und viele weitere Themen geht es im Podcast Edition Zukunft und Edition Zukunft Klimafragen [Musik] ich bin Alicia Frage und ich bin Julia wir sprechen über Lösungen für das Leben und die Welt von morgen jeden Freitag gibt's eine neue Folge überall wo es Podcast gibt",OK
ppQPM8Ea-94,hallo zusammen gibt es einen Gott oder ist die Frage falsch gestellt sollten wir besser fragen was bedeutet Gott für unser Leben doch was soll Gott noch bringen wenn alles im Leben Schritt für Schritt ohne Gott naturwissenschaftlich Erklärung findet Markus Gabriel der renommierte Philosoph und Bessler Autor hält diesen Naturwissenschaft Fetischismus für fatal und falsch wie lässt sich aber sonst unsere Wirklichkeit erklären [Musik] das einen Moment oder eine Erfahrung in ihrem Leben die ihre Sicht auf Gott verändert hat ich denke mal fundamental gibt es verschiedene Punkte in meinem eigenen Leben wo ich sagen würde ich habe den Eindruck gehabt dass die Wirklichkeit mir eine Bedeutung entgegenbringt die ich nicht gesetzt habe das ist die Geburt meiner Kinder das Kennenlernen meiner Frau oder auch Situationen wie der Tod des eigenen Vaters in meinem Fall wo man das Gefühl hat in Grenzsituationen wieder Philosoph karlias was das nannte dass man mit etwas zu tun hat das einen selbst überschreitet ja das heißt sie würden diese Momente als Gottes Momente bezeichnen ich glaube der Ursprung der religiösen Erfahrung und der Frage nach Gott oder dem Göttern oder dem Göttlichen der Ursprung liegt genau darin dass Menschen eine bestimmte Erfahrung machen mit der Wirklichkeit dass die Wirklichkeit nicht nur im allgemeinen unverfügbar ist also dass wir die Wirklichkeit letztlich nicht verändern ihr nicht in drinnen können sondern dass die unverfügbare Wirklichkeit das worüber wir keine Kontrolle haben uns Bedeutung entgegenbringt ich glaube das ist die eigentliche religiöse Erfahrung der Eindruck als ob die Wirklichkeit selber mit einem spricht eine tiefere Bedeutung hat als die Oberfläche des Alltäglichen Geschehens das würde ich noch gerne mit Ihnen noch in diesem Gespräch entziffern wollen dabei würden wir würde ich gerne mit Ihnen dieses Thema in vier Themenblöcke wenn es uns gelingt auch differenziert betrachten einmal am Anfang würde ich gerne mit Ihnen über den persönlichen Gott sprechen dann über einen philosophischen Gott wie man ihn nennt und dann über den religiösen Gott und am Ende über Gott und die gegenwartung nun er Gabriel in ihrem aktuellen Buch Sätze übersetze indem sie uns durch eine Art ABC des Wachen Denkens führen ähm fand ich den Eintrag zum Buchstaben G doch etwas überraschend und erklärungsbedürftig sie schreiben nämlich die wie Götter es gibt den wieder einen Gott oder keinen genauer Gott ist entweder einer oder keiner wie es dies zu erklären es gibt wenn man durch die gesamte Geschichte des philosophischen und religiösen Nachdenkens über Gott und die Götter schaut wird man in den letzten drei 4000 Jahren sagen auch andere Ideen Historiker bei mal wieder Momente finden in denen die Frage gestellt wurde unter politischistischen Bedingungen also Menschen glaubten es gibt viele Götter ob es nicht ein höchstem Gott gibt das war die erste Stufe ja schon in Ägypten ist man auf den Gedanken gekommen echt nadonnen das ist der Name der damit verbunden ist das ist ein höchsten Gott gibt das war dann oft auch ganz gerne mal die Sonne ja also ein Gegenstand in der Wirklichkeit als mächtigste Quelle von Sinn und Bedeutung und erleben die größte Macht und dann zieht sich eigentlich die Idee argumentativ durch die Geschichte der Philosophie ja spinosa ist da vielleicht der allergrößte Name aber das findet man auch schon in der Antike Platon Aristoteles und andere große Denker ganz zu schweigen natürlich von nicht westlichen Kontext wo das auch immer wieder auftaucht dass Gott eben nur einer sein kann warum stellen wir uns mal vor es gäbe viele allerhöchste Mächte nicht das ist die einfache Überlegung viele Quellen das Seins dann wäre es ja so dass aus jeder dieser Quellen des gesamten Seins alles gekommen sein muss das geht natürlich nicht ja also wenn die Wirklichkeit insgesamt organisiert ist so die Überlegung dann kann es nicht mehrere gleich gute Organisationen geben es kann letztlich nur eine Art und Weise geben in der die Dinge insgesamt optimal organisiert sind unter dem Kriterium eine Allmacht das war die Idee und deswegen sagen die großen Philosophen Xenophanes hat das formuliert etwa in der Antike und wie gesagt Platon Aristoteles und dann zieht sich das durch die Zeiten das ist entweder einen Gott gibt oder überhaupt keinen das heißt entweder sind die Dinge in einem riesigen Chaos befangen und es gibt keine Organisation es gibt wie man modern sagen würde keinen Sinn des Lebens oder es gibt genau eine Quelle der Organisation auf alles alles ist auf eines hin angeordnet sagt Aristoteles er hat das ist die uridee philosophische des Monotheismus und die monotheistischen Religionen argumentieren letztlich auch so ja also es ist völlig undenkbar dass in der Wüste mehrere Götter auftauchen auch wenn Gott im Hebräischen im Plural ja ursprünglich benannt wurde als Elohim was mich dabei interessiert ist wie Sie darauf gekommen sind unter dem Buchstaben G ausgerechnet Götter zu subsumieren und nicht Goofy oder sonst andere Themen die sie auch interessieren das heißt mit anderen Worten was für eine Stellenwert hat für das wache denken gerade der Begriff Gottes wir sollten nicht unterschätzen was unsere philosophischen und sonstigen Vorfahren uns gelehrt haben und wir reden hier nicht nur über tausende von Jahren sondern vielleicht über hunderttausende von Jahren ja die Frage nach Gott oder dem Göttlichen zunächst einmal noch neutraler ist die wichtigste Frage der Menschheit wir unterschätzen das im Grunde genommen heute weil wir glauben das sei so eine x-beliebige vertauschbare Frage ja man könnte über Gott reden oder über Goofy ja oder über Geld vielleicht sogar noch eher ähm warum also Gott und ich glaube dass die Frage nach Gott ganz einfach formuliert gibt es Gott diese gewichtige Frage eine der wichtigsten Fragen ist weil die Bedeutung der Wirklichkeit in der wir uns befinden davon abhängt wesentlich ob es Gott gibt oder nicht und die Philosophie hat eigentlich immer gesagt dass der würdigste Gegenstand das philosophischen Nachdenkens Gott sei und ich sehe nicht warum wir an dieser grundlegenden Spielregel der Philosophie etwas ändern sollten das heißt sie würden sagen dass nicht nur die Religionen Instanzen sind die den Gedanken Gottes wachhalten sondern das ist auch eine ein Inhalt der Philosophie sie bezeichnen das als den größten Inhalt noch aber nennen wir ihn überhaupt einen Inhalten in der heutigen das ist ein Geistesgegenwart scheint mir die Frage doch etwas ins Abseits geraten zu sein in der Tat aber das ist natürlich eine sehr junge Entwicklung ja es gibt keine bedeutende Philosophie an die sich noch jemand erinnert die nicht interessante Überlegungen um vorsichtig zu sagen zentrale Überlegung über Gott angestellt hat das gilt übrigens natürlich nicht nur viele Philosophie sondern etwa auch für die Naturwissenschaften ursprünglich also newton hat sich in seinem Leben mehr mit theologischen Studien beschäftigt also mit der Frage letztlich nach Gott als mit Physik das ist ja auch ein bemerkenswerter Befund das heißt nichts was philosophisch überhaupt von Bedeutung ist kommt eigentlich aus ohne eine beantwort zu der Frage wie man es mit der Religion hält da gibt es auch keine sinnvolle Ausnahme der Umstand dass wir jetzt seit einigen Jahrzehnten und mehr ist das nicht welthistorisch gesehen glauben dass Gott ein optionales Thema der Philosophie sei sozusagen in die Nische der Religionsphilosophie gehört die unterfinanziert ist und für die sich auch sehr wenige eigentlich interessieren das ist eine provinzielle welthistorisch gesehen Entwicklung der Menschheitsgeschichte und ich glaube auch nicht dass das nachhaltig ist ja wunderbar eigentlich wollte ich mit ihnen über den persönlichen aber ich merke dass wir schon über den philosophischen Gott reden und das ist gut so wir bleiben darin und holen den persönlichen Gott vielleicht später noch ein ähm wenn wir da bleiben ich meine sie haben es jetzt schon ähm ja direkt und indirekt jetzt auch benannt Seite Antike ist die Frage nach Gott und nach dem Göttlichen eine bleibende Frage der viele Sophie aber dennoch befinden wir uns heute in einer Zeit die man als ein Zeit der gottkrise vielleicht bezeichnen kann lassen Sie uns zunächst zwei gewichtige Stimmen dazu hören ich finde die Religion sollte kritisiert werden weil sie als Konkurrenz gegen die wissenschaftlichen Erklärungen für das Leben und das Universum ins Feld geführt wird das ist nicht gut für die Erziehung denn es erweckt den Eindruck man könne die Verantwortung Dinge zu verstehen umgehen und zwar mit einfachen Erklärungen wie das hat Gott gemacht bei postulating Easy explanation also oh Gott wie weiß ich ob es den Weihnachtsmann nicht gibt denn Osterhasen das Loch Ness Monster ich weiß es nicht vielleicht gibt es sie tatsächlich aber ich bin ziemlich sicher und sage wie Richard dockings wahrscheinlich gibt es Gott nicht und ich meine sehr wahrscheinlich wie die Existenz des Weihnachtsmanns ich gebe gerne zu dass die früher Religion bei der Bildung von Gruppen Identitäten eine wichtige Rolle spielte und den sozialen Zusammenhalt ermöglichte Rolle ist heute weniger notwendig ich sehe die Religion als sehr wichtige frühe Stütze als eine Prothese wenn Sie so wollen um die Zivilisationen mit Demokratie Wissenschaft freie Presse und all diesen guten Errungenschaften auszustatten sie war der Motor dafür aber jetzt können wir sie abschalten die Religion jetzt können die Religionen verschwinden bevor sich das zu verhalten noch eine eine kleine Anmerkung bei der Auswahl der der Stimmen weich auf der Suche nach einer weiblichen Stimme eine Stimme eine Atheistin die prominent sich auch genauso so ein artikuliert und ich bin nicht wirklich fündig geworden und dann dachte ich muss ja nicht gründlicher recherchieren dann habe ich gelassen und das war aus diesem Grunde dass ich mich gefragt habe die Frage gebe ich an Gabriel weiter warum muss ich überhaupt noch gründlich suchen um die Stimme zu finden wieso gibt es kaum Frauen die sich atheistisch artikulieren nun das ist sicher eine schwierige Frage wozu man zunächst einmal recherchieren müsste also das Verhältnis von Theologie und gender ist natürlich selber ein hochkomplexes dass man erforschen muss aber auch da wären jetzt nicht sicher auf beiden Seiten der Gemengelage Stimmen zu finden es gibt wichtige Mystikerinnen insbesondere die man vielleicht als Vorstufen jedenfalls eine bestimmten Form der Religion kategorisieren müsste aber wir müssen sehen natürlich das auch im theologischen denken ja nenne jetzt nur x-beliebig Hildegard von Dingen als großes Beispiel ähm oder im Angebot und so weiter die heilige Theresa und so weiter das heißt man wird immer wieder Figuren finden natürlich auf beiden Seiten das Nachdenken über Gott warum das atheistische Lager ja insbesondere die neoart ist die wir gerade gehört haben Daniel dennertalkins oder auch der Physiker Lorenz Kraus die sozusagen zur selben Gang gehört warum da der Atheismus eine vielleicht männliche Gestalt annimmt wäre eine interessante Frage der Geschlechterforschung aber nun zu der eigentlichen Frage die zwei widersprechen ihnen ja der mitral wo ist sozusagen der springende Punkt des Atheismus also ich glaube die Erklärungen die wir eben gehört haben von Daniel Dennert und Richard dockens sind ja zunächst einmal auf der elementaren religions philosophischen Ebene falsch wir haben ja Aussagen gehört die bei genauerer Betrachtung nachweislich falsch sind z.B die These von Richard darkens das Gott angeführt wird um Phänomene der naturwissenschaftlich mit einer schlechten Erklärung zu erklären also Gott hat das gemacht warum gibt es sozusagen zwei Geschlechter im Paradies gott hat das gemacht warum regnet es Gott hat das gemacht warum gibt es Krankheiten gott hat sie gesandt das aber ist nicht in der Religion zu finden es ist schon mal zunächst einmal eine religionsphilosophisch inakzeptable These dass der Begriff Gottes oder die Idee Gottes in der Menschheitsgeschichte eingeführt wurde um Naturerscheinungen zu klären das würde ich behaupten dass bei genauere Betrachtung eine der schlechtesten religionswissenschaftlichen Hypothesen die man formulieren kann das heißt unter wissenschaftlichen Gesichtspunkten halte ich die Aussage von Daniel damage und für disqualifiziert dito für Fondant Entschuldigung detour für die Aussage Dennis dass die Funktion der Religion Gottes darin besteht soziale Kohäsion zu stiften und das über die ja Gott für diese Funktion heute nicht mehr gebraucht wird sagen wir mal in demokratischen Staaten das widerspricht der Tat Sache das auch in liberalen demokratischen Rechtsstaaten sehr viele Menschen an Gott glauben dass widerspricht der Tatsache dass es organisierte Kirchen gibt mit Kirchensteuer etwa in der Schweiz oder in Deutschland das auch das widerspricht insgesamt den Tatsachen und es stimmt überhaupt gar nicht dass menschliche Gemeinschaften ja durch den Glauben an Gott immer zusammengehalten wurden und jetzt können wir das irgendwie ersetzen durch sagen wir mal die Naturwissenschaften das sind also kurz um die Erklärungen die wir hier gehört haben über den Ursprung und die Funktion der Religion sind unter wissenschaftlichen Gesichtspunkten und das beanspruchen ja Dennis und dockens selber nicht seriös da würde ich schon mal das erste Problem sehen ja aber dann kann es ja sein dass das alle anderen ehren die Kirchen können ja ihren und sozusagen das alte Argument von Feuerbach dass wir sozusagen aus seiner tiefgreifenden Sehnsucht nach dem was wir nicht sind und nach dem was wir gerne haben und sein wollten all das was ein projizieren es gebe einen Gott um die Schwäche der Menschheit zu füllen das heißt sie würden sagen Marxisten Neo Atheisten Naturalisten alle Ehren richtig das würde ich sogar ganz bestimmt so behaupten weil wir es ja hier langsamer zu tun haben nicht schon mit einer religiösen Frage wir befinden uns jetzt auf dem Feld vor der Beantwortung der Frage ob es Gott gibt jetzt stellen wir die Frage wie kommen Menschen auf die Idee Gottes und welche soziologische oder explanatorische Funktion spielt die Idee Gottes im menschlichen Leben so und auf diese Frage gibt es wissenschaftliche Antworten und diese wissenschaftlichen religionswissenschaftlichen theologischen religions philosophischen Antworten ja die wir hören aus diesem Lager Feuerbach und so weiter sind alles Thesen die nachweislich nicht tragfähig sind das stimmt eben alles so nicht was wir da hören da gibt es sehr viel bessere Alternativen ja äh in den letzten 200 Jahren wurde dazu gearbeitet und es sehr interessant dass diese ganze diskussionslage die wir aus den relevanten Disziplinen haben ob das nun die Ägyptologie ist die sich mit der Frage des Ursprungs des Mondes muss in Ägypten beschäftigt oder die Juda ist dick oder die Islam Wissenschaft ja um sozusagen mal Gebiete aufzurufen an die man bei Religion manchmal nicht denkt dort kriegen wir Antworten auf die Frage und diese Antworten sind schon mal alle im Wettbewerb mit dem was wir gehört haben aus meiner Sicht besser da da geht es schon los ja dann lass uns zum zweiten Themen komplex zu dem religiösen Gott langsam hineindringen zuvor vielleicht die Frage die auch dazu gehört nämlich wie würden Sie dann dennoch die den anderen für diese Sicht erklären warum haben Sie so einen eine Anziehungskraft also Naturalismus und vor allem Atheismus wir leben in den letzten 200 Jahren wenn man so will in einem Zeitalter dass sich auf dem Weg befindet zu dem was ich einfach nennen möchte den modernen nilismus der Moderne lihilismus ist die vielen von uns sehr einleuchtende Idee dass das Leben nach dem Tod genauso sein wird wie das Leben vor dem Tod also gar nicht ja und das unser individuelles Leben darin besteht dass wir in einem sehr kurzen Zeitfenster mit mit ein bisschen Glück 80 gesunden Jahren ja nach dem Augenblicks Glück streben und das ist mehr Sinn im Leben oder gar Sinn des Lebens gar nicht gibt es gibt ja so ganz ganz kurze Zeitfenster und was außerhalb dieses individuellen Zeitfensters meines Lebens geschieht erklärt die Naturwissenschaft wie die Dinge waren bevor es mich gab ja das kann die Physik erforschen ja da galten auch schon die Naturgesetze energieerhaltungssätze Strukturbildung die Evolution und so weiter und was nach mir kommt ist im Wesentlichen auch so wie es jetzt ist nur ohne mich ja das leuchtet uns ein der Moderne Nils muss das scheint gerade zu selbstverständlich zu sein und in diesem Bild ja kann Gott keine relevante Rolle spielen da würde man sagen na ja was soll Gott denn in dem Bild das wäre dann tatsächlich sozusagen eine unnötige Zusatz für Prothese Villa place gesagt hat als Napoleon sagte wie sieht das denn in ihrer Physik mit Gott aus wo es Gott sagte Laplace bekanntlich ich habe kein Bedürfnis für eine solche Hypothese ja das heißt wenn man glaubt dass die Wirklichkeit ungefähr so ist wie wir glauben dass die Physik sie beschreibt ja also 14 Milliarden Lichtjahre Entfaltung von Materie und Energiestrukturen in der Raumzeit und mehr gibt es nicht zu sagen wenn wir das glauben verschwindet Gott und der Sinn unseres Lebens wird reduziert auf eine mehr oder weniger egoistische Bedürfnisbefriedigung das ist der moderne Nils das ist nur egoistisch ist warum ist das schlecht so zu leben wer braucht denn noch Gott heute die Frage ist ja ob die Welt anschauen die ich gerade skizziert habe ob diese Weltanschauung richtig ist ich kann in dieser Welt anschauen Leben um den Preis den wir heute erleben einer Gefahr der selbst Ausrottung der Menschheit ja äh ein Teil würden sie zurückführen auf einen atheistischen Weltbild ja eindeutig ich zu behaupten dass die Kombination des modernen industriellen Kapitalismus mit all seinen Vorzügen die ich nicht in Frage stellen möchte mit dem Positivismus also dem Glauben dass die Naturwissenschaften allein erklären wie es um den Menschen steht und um seine Gesellschaft dass diese Kombination die im 19 Jahrhundert ja die große weltbildformation wird und das haben wir heute geerbt im Grunde genommen ein solches Weltbild dass diese Kombination die Quelle ist der derzeitigen ökologischen Krise das würde ich tatsächlich behaupten und damit sehen wir wohin es derzeit jedenfalls führt ja also eine ethische Reform auch für ein solches Weltbild ist ohnehin notwendig das heißt sie würden sagen dass die Welt mehr ist als die Summe der sagen wir Puzzleteilchen der Materie fraglos wir wissen ja alleine nicht wenn wir die Idee hätten dass die Wirklichkeit insgesamt nichts anderes ist als Verschiebungen sozusagen materiell energetischer Systeme ja also Materialismus mit moderner Physik erklärt dann ist es natürlich schwierig die Quantenphysik ist nicht ganz so materialistisch wie die komposkeln Theorien der frühen Neuzeit das ist ja alles klar ja aber dennoch hätte man dann so eine Idee des Jugendlichen Mosaiks wie das der Philosoph David Luis genannt hat ja also die Wirklichkeit ist ein Puzzleteilchen und dann noch eins und wenn man fertig ist dann hat man sie ja was man dabei aber von vornherein über sie sieht ist natürlich dass unsere naturwissenschaftlichen erfolgreichen beeindruckenden Erklärungen eben dieser Puzzle Struktur selber ja schon Dingen Anspruch nehmen die naturwissenschaftlich nicht erklärbar sind zum Beispiel warum ist die Natur mathematisch beschreibbar der große Physiker Nobelpreisträger hat einen tollen Aufsatz zu dem Thema geschrieben mit dem Titel die an reasonable effectivness of nathanatics also die unvernünftige Effizienz der Mathematik und die Frage ist bis heute nicht geklärt wie es sein kann dass unsere mathematischen also geistigen nichtmaterialistischen Erklärungen ja eine Differentialgleichung also was man braucht um Physik zu schreiben ist selber ja nicht Teil der materiellen energetischen Wirklichkeit und daran sehen wir von vornherein dass die Ressourcen logischen rationalen mathematischen Ressourcen dank derer wird das Universum physikalisch überhaupt entziffern können Indikator eines höheren sind deswegen geht es ja selbst bei Einstein noch um Gott wenn Einstein gegen die Quantenphysik das berühmte dictum ausspricht gott würfelt nicht dann sehen wir das sogar im Herzen der modernen Physik ja und das heißt bei Einstein Gott und sei es als Schiffe eine Rolle spielt wie würden Sie sich zu Existenz oder nicht Existenzen Gottes wenn wir über den religiösen Gott langsam sprechen verhalten indem Sie mir erklären was das mit Heidi und Einhorn zu tun hat Heidi und Einhörner da möchte ich übrigens auch Dennis dringend widersprechen und den Weihnachtsmann gibt es natürlich wirklich mindestens als Fiktionen ja die Dinge die über heidi war sind dass ihr Großvater der alpö ist der wenn ich mich richtig erinnere in Neapel im Militär gedient hat dass sie ein weisenmädchen ist dass sie in Graubünden liebt lebt und so weiter auf der Höhe das sind ja alles Wahrheiten über Heidi genauso gibt es Wahrheit über Einhörner dass sie Einhorn haben das im letzten Einhorn am Ende viele Einhörner Vorkommen in dem Film und so weiter es gibt viele Wahrheiten über diese fiktionalen Gegenstände daraus folgt natürlich auch dass es diese fiktionalen Gegenstände gibt und sei es in Akten unsere Einbildungskraft ja das heißt den Weihnachtsmann gibt es ja mindestens in Praktiken das Glaubens an ihn und endet unterschätzt dass es viele Gegenstände tatsächlich nur deswegen gibt weil wir an sie glauben das heißt aber dann nicht dass sie deswegen nicht gibt ja das heißt Dinge die es nur gibt weil wir an sie glauben Geld Demokratie freie Presse alle Beispiele die denn jetzt selber gebracht hat ja liebe die gibt es selbst nur weil sie abhängig davon sind wie wir uns zu ihnen Verhalten das heißt selbst wenn Gott im Reich der Einhörner und Heidis existiert und ich glaube darauf werden wir Gott nicht reduzieren können aber selbst dann wäre Gott immer noch die mächtigste Fiktion dann wäre seine Macht die die sozusagen die Bibel hat als Werk ja Bestseller aller Zeiten zu sein das wäre ja immer noch eine Macht die von dieser Fiktion ausgeht aber genau diese Erklärung eines Gottes als die sagen wir mächtigste Fiktion scheint mir für die für das religiöse Selbstverständnis noch nicht genügsam zu sein also das genügt noch nicht denn Religion scheinen ja so behaupten dass Gott mehr ist als die mächtigste Fixierung und mir scheint dass das gerade das Problem ist wo wir sozusagen auch da drin sind inwiefern kann man von einer Fixierung wenn sie sogar die mächtigste ist Bedeutung und Sinn kreieren da kommt in der Tat die Schnittstelle des religiösen und des philosophischen Gottes ins Spiel ja große Denker wie René de Kart der auch physikalisch nicht gerade ungebildet war ja man wir wissen alle kathesische Koordinatensysteme wir hätten auch keine moderne Physik und Mathematik ohne renedika der bezüglich des Universums ganz materialistischer argumentiert hat aber die Karte hat ein berühmten Gottesbeweis geführt der dann später von Immanuel Levinas im 20 Jahrhundert verfeinert wurde nämlich da war der Gedanke dass die Idee Gottes und sei sie eine Fiktion ja so argumentierten die das glaube ich nicht aber ich möchte nur darauf hinweisen da ist der Sprung ja die argumentierten so dass sie sagten diese Idee kann niemandem eingefallen sein man kann verstehen warum jemand Heidi oder Einhörner einfallen ja aber das ist eine Idee die so mächtig ist die so viel Inhalt hat ja nämlich den Inhalt der Unendlichkeit selbst so die Argumentation dass sie niemandem eingefallen sein kann ja so die Idee hat einen Inhalt der über alles hinausgeht was wir uns vorstellen können das ist übrigens auch wenig bekannt der wahre Sinn des berühmten ontologischen Gottes Beweises von Anselm von Canterbury der geht nicht so wie man gerne hört dass er sagt stell dir mal vor es gäbe ein allermächtigstes Wesen und dieses allmächtigste Wesen muss existieren sonst geht es ein noch mächtigeres Wesen nämlich das mächtigste Wesen das existiert ne das ist sozusagen die vereinfachte Version Anselm geht aber weiter genauso wie die Karte und Levinas indem sie sagen Gott ist mächtiger als alles größer noch als alles was wir denken können ja und dieser Überschuss also der Gedanke von etwas dass wir denken können dass aber größer ist als alles was wir denken können das ist der die Schnittstelle an der sich das reine philosophische Nachdenken über Gott und der Gott der Religion ja der Gott Abrahams Isaaks und Jakobs berühren und doch kann man von einem philosophischen Gott weder Musizieren noch tanzen lassen sie uns einige Eindrücke hier zu anschauen die die besondere Hingabe und Sehnsucht menschlicher Existenz dokumentieren die eben nach Gott und göttlichen hungert [Musik] [Musik] Gabriel fehlt Ihnen diese letzte Berührung die die Philosophie nicht bieten kann ich würde sogar sagen auf eine bestimmte Weise schon nicht Philosophie ist ja diejenige Disziplin die damit arbeiten muss das ist Dinge gibt die wir nicht wissen nicht erfassen und nicht erkennen können ich verstehe die Philosophie als die Wissenschaft der Grenzen ja der Grenzen das Sagbaren das denkbaren und der Grenzen auch unseres Wissens und was jenseits derjenigen Grenzen ist die wir philosophisch durch ordentliche Arbeit gerade noch ziehen können das ist etwas wo die Philosophie nicht weiterkommt daher auch das atheistische Bedürfnis in der Philosophie ja also sozusagen endlich mal ein Schlussstrich zu machen unter die philosophische Arbeit ja und Dogmatiker zu werden also zu glauben dass man doch Bescheid weiß die Dinge sind eben so wie die Physik sagt oder die Neurowissenschaft das wäre ja eine endgültige Erklärung dann haben wir zwei die Details noch nicht aber wir wissen ungefähr wie es aussieht und dazu hat Immanuel Kant glaube ich zurecht gesagt ich musste das Wissen aufheben um zum Glauben Platz zu bekommen und er sagt das darauf folgt direkt eine Kritik am docmatismus der Metaphysik heißt es dort ja den er für eine Quelle des Unglaubens hält was er damit meint ist glaube in der Philosophie beginnt damit dass wir verstehen hier ist eine Grenze diese Grenze verschiebt sich wir wissen oft gar nicht genau wo die Grenzen liegen die Grenzen des Denkbaren stehen nicht fest die sind selber beweglich weil die Menschheit sich bewegt durch wissenschaftlichen Fortschritt aber jenseits der Grenze des Wissbaren wo auch immer sie genau liegt dort liegt wenn überhaupt der Gott der Religion und das ist deswegen ein anderer Gott als der der philosophisch angepeilt werden kann ja wenn es den Gott der Religion gibt und dazu habe ich mich bisher ja heute hier noch gar nicht Verhalten ich habe nur gesagt was es heißen würde darüber nachzudenken dann wäre Gott eben ein persönlicher Gott also ein Gott der von der anderen Seite einer von uns gerade noch beschreibbaren Grenze her antwortet uns entgegenkommt das wäre der persönliche Gott und auch der Gott in dem es um denen es in der Religion geht und das ist eben kein Gottes Aberglaubens wie die neoartheisten meinen ja das ist derjenige Gott vor dem man niederkniet das ist der in derjenige Gott zu dem Menschen beten und das ist der Gott der Freude der Quelle des Tanzes der engste und so weiter also das ist eine Erfahrung und kein Spaghettimonster das Menschen einführen weil sie schlecht in Physik sind das heißt so gesehen würden sie das Verhältnis zwischen Philosophie und Religion als ein Verhältnis zwischen grenzt und Grenzüberschreitungen beschreiben wo steht Markus Gabriel innerhalb dieser Beschreibung na wenn man so will versuche ich in meiner philosophischen Arbeit immer wieder die Hand sozusagen über die Grenze zu strecken ja ich bin mit dem Kopf auch nicht durch die Grenze gekommen sonst werde ich auch kein Philosoph mehr ja aber vielleicht ist es so dass ich bereit bin wie viele Philosophen und Philosophen dann der Tradition ja um auch wie gesagt meine große Denkerin die sich mit unseren Themen beschäftigt hat das 20 Jahrhunderts hier aufzubauen rufen etwa Edith Stein ja die große Denkerin aus Freiburg eine berühmte Schülerin Haushalts ja die versucht auch sozusagen mit dem Kopf über die Grenzen wegzukommen aber ich habe jedenfalls meine Hände ausgestreckt in Richtung Transzendenz ich weiß nicht ob sie jemand entgegengenommen hat ja wenn ich das schon wüsste ja wenn ich also ein Wissen hätte wo ich derzeit gar nichts habe außer der Markierungen einer Grenze dann wäre ich als Philosoph religiös und vielleicht dann in dieser Funktion nicht mehr Philosoph Philosophen sind wenn ich so theologisch reden darf allenfalls wie Johannes der Täufer ja es muss jemand anderes kommen der antwortet das kann die Philosophie selbst nicht mehr tun und ich bin froh zufrieden mit der Rolle des Philosophen das unbefriedigende ist natürlich dass man nicht in die Transzendenz blicken kann kann sie aber schützen vor denjenigen die behaupten das gäbe sie nicht und das sehe ich schon als eine Funktion der Philosophie in unserer Zeit ist das auch ein Grund warum in allen ihren Büchern doch mindestens ein Kapitelchen entweder über Religion oder Gotte existiert und vielleicht auch dies eine Grund war warum ich mir gedacht habe ich hole doch den Philosophen der Sterne Stunde Religion um eben zu fragen welche Bedürfnis dahinter steckt ist das diese ausgestreckte Hand von der sie leben ja man könnte vielleicht um auch noch mal nicht so zum Beginn unseres Gesprächs zurückzukehren und einem gewissen Kreis zu drehen damit sagen ich glaube das ist von uns unabhängige Bedeutung gibt ja nicht nur sprachliche Bedeutung die ist uns erlaubt miteinander zu kommunizieren oder strukturelle Bedeutung die Wert seiner Form eleganter physikalischer Gleichungen erfassen können sondern menschliche existenzielle Bedeutung wir wissen alle dass unsere Freunde die Menschen die wir lieben oder die wichtigen Dinge die uns passieren die wir für verändern halten ja also die relevanten Erfahrungen die wir machen ja transformative erfahrung heißt das in der gegenwärtigen Philosophie nach einem schönen Buch von Laurie Paul ja dass diese Erfahrung die uns verändern die Geburt eines Kindes und so weiter das Verlieben dass wir in diesen Erfahrungen auf Bedeutung treffen die schon da ist auf eine Art des Schicksals wie würden Sie dann den Unterschied zwischen religiös und religiös ganz konkret definieren ganz konkret würde ich sagen jemand ist wirklich Atheist wenn er glaubt dass er die eigene Frau auch nicht hätte heiraten können ja die atheistische Einstellung ja wäre mein Kind bedeutet mir nur mehr als andere Kinder weil das evolutionär nützlich ist weil ich eben der privat bin der ich bin muss ich aus irgendwelchen endorphinenausschüttungsgründen und so weiter also hormonal scheint mir eben dieses kleine Tier wichtiger als jenes kleine hier das wäre eine atheistische Einstellung zu seinen eigenen Kindern oder eine atheistische eigene Einstellung zu eigenen Frau man hätte auch eine andere haben können ja und die religiöse Einstellung ist zu sagen ja die Dinge in meinem Leben die mir etwas bedeuten ja die Freundschaften mein Beruf ja das gelingen das schöne ja der See der Berg um Schweizer Beispiele für etwas aus meiner Sicht Objektiv schönes aufzurufen ja wenn man glaubt der Zürichsee oder der Genfersee es gibt jetzt beiden Seiten der Schweiz hier rechts ja sei Objektiv schön dann ist man eigentlich schon religiös wenn man glaubt das sieht nur schön aus für Tiere wie wir dann ist man nicht religiös das ist eigentlich die Wasserscheide ja wo man steht das heißt sie will noch sagen atheistisch lässt sich auch nicht romantisch sein richtig Atheisten müssen ja versuchen Neo Artistin alles im menschlichen Leben zu reduzieren auf dasjenige was ich naturwissenschaftlich mehr oder weniger einfach erklären lässt das heißt Liebe muss dann eine Funktion der Fortpflanzung sein zum Beispiel oder die Erfahrung des schönen muss eine Erfahrung der Sicherheit sein ja also hier hier fühle ich mich gut hier bin ich sicher und deswegen erscheint mir der Bergsee schön aber die Gabriel das Meer was sie sozusagen anführen warum ist das kein Wunschdenken dass Ihre Frau die einzige alternativlose Person ist diese Liebe das ihre Kinder wirklich diese Bedeutung auch Zukunft was ist wenn das nicht der Fall ist wir wissen das ja nicht deswegen sind wir frei ja also eine Antwort auf die Frage wie sich Gott wenn es ihnen gibt zum Menschen verhält es zu sagen das sagt sagen uns die Theologien auf der eindeutig dass Gott den Menschen als freigeschaffen hat wir wären nicht frei wenn wir die Frage ob wir es hier zu tun haben mit einer Projektion oder mit der Erfassung dessen wie die Dinge sind objektiv beantworten können deswegen sagt Hand ja ich musste das Wissen aufheben um zum Glauben Platz zu bekommen das ist keine Ausrede ja sondern das ist das Bewusstsein dafür dass sich diese Frage nur beantworten lässt indem man den Sprung in den Glauben wagt ja und im übrigen und das ist ganz wichtig ist es nicht so als hätte der Atheismus hier den Vorzug weniger naiv zu sein als die religiöse Einstellung denn der Atheismus ist auch ein Sprung in den Glauben nämlich in den Glauben dass wir alles im Grunde genommen naturwissenschaftliche erklären können obwohl das faktisch nicht so ist es ist nicht möglich naturwissenschaftlich auch nicht mit dem besten Computer dieser Welt zu erklären ja wie genau die Moleküle dieses Tisches hier so zusammenhängen dass wir sozusagen von der quantenmechanischen kleinste Ebene die wir gerade so erforschen kommen können bis zu dieser mesus-skala kommen das ist physikalisch nicht gelöst weil da viel zu viele Freiheitsgrade sind das heißt sie würden sagen dass es genau genommen man gar nicht atheistisch sein kann richtig der Atheismus ist selber eine Form des Glaubens nur eben ein glaube ohne Gott das der Atheismus ist der Glaube an die Bedeutungslosigkeit des eigenen Lebens das ist der Glaube und die Frage ist sozusagen auch mal unter psychotherapeutischen Gesichtspunkten warum möchte man denn lieber glauben und hält es für weniger naiv dass das eigene Leben eigentlich und das der Anderen der eigentlich Objektiv bedeutungslos ist warum möchte man das lieber Glauben als zu glauben dass die Dinge die uns bedeutungsvoll erscheinen bedeutungsvolle Begegnungen ist auch sind warum ist denn das naiv und nicht das andere und die Antwort aus existenzieller Perspektive die habe ich von den Atheisten bisher noch nicht erhalten wir haben über das das persönliche das individuelle gesprochen über das philosophisch religiöse verschränkt sein dass Menschen wie steht es um die Gesellschaft die Gemeinschaft welche Bedeutung hätte dann die Religion für eine säkulare Gesellschaft in der wir leben in einer säkularen Gesellschaft in deren Grundform der liberale demokratischen Rechtsstaat ist darf jeder wie es klassisch heißt nach seiner Fassung selig werden das heißt ganz entscheidend müssen wir sehen dass die metaphysischen theologischen religiösen und auf eine bestimmte Weise sogar die philosophischen Grundlagen ja unserer Gesellschaft unseren Liberalen Entscheidungsspielraum nicht übermäßig strukturieren das ist der Sinn des sekulan startet und das ist ein eine vernünftige Idee weil sie eben auf der Erkenntnis Liberalen Erkenntnis aufbaut dass wir Dinge nicht wissen ja der heute moderne alternativ Folge der Wissenschaft Bauer wissenschaftliche Grundlagen für den Staat ist ein wesentlich antiliberaler Imperativ und auch nicht mehr der säkulare Rechtsstaat weil wir eben eine bestimmte Form der versteckten Religiosität ja verwenden um andere Religionen auszuschließen der wahre liberale demokratische Rechtsstaat er trägt nicht nur sondern fördert ja die Pluralität der religiösen Erfahrungen der Wirklichkeit und was hat sie von der Religion diese säkulare Gesellschaft was für eine mehr Gewinn was für eine Mehrwert die Anerkennung des Umstandes das sehr viele Menschen und in vielen Staaten dieser Welt auch in Demokratien wie Indien zum Beispiel die absolute Mehrheit überwältigende Mehrheit im Falle von Indien religiös ist wir können doch keinen liberalen demokratischen Rechtsstaat haben der das Wesentliche Bedürfnis der Menschen und zwar in seiner Pluralität das schließt selbstverständlich den Atheismus mit ein dass ein solcher Staat ja einige Menschen und teilweise sogar Mehrheiten nicht in ihren fundamentalen Haltungen anerkennt das wäre ja so als könnte der Staat wissen ja das ist Gott nicht gibt und die Naturwissenschaften das Universum vollständig erklären das wäre für mich überraschend wenn Olaf Scholz diese relevante Erkenntnis hätte ja das heißt der Bundeskanzler in unserem Fall oder pluralistischer strukturiert in der Schweiz die bundesratsstruktur kann doch nicht darauf aufbauen dass man die relevanten weltanschaulichen Fragen zunächst einmal erklärt sondern der liberale demokratische Rechtsstaat ist weltanschaulich maximal offen und baut deswegen seine Gesetze natürlich so Religionsfreiheit Meinungsfreiheit und so weiter dass sie Raum geben für Religion ohne diesen Raum entweder zu entleeren oder selbst zu füllen ja der säkulare Rechtsstaat ist religionsfreundlich möchte ich damit sagen ja die Frage ist nur weil Religionen ja mehrere Seiten haben die sind ja auch nicht nur so sein positiv besetzt da die Bedeutungen generieren und Stützer in einer säkularen Gesellschaft sind sondern sie haben auch extreme Form es gibt genügend Missstände ob es sowas mit mir den Kirchen was zu tun hat oder mit mit anderen Formen der Religiosität zu Extremismus Fundamentalismus das sind Fragen und Krisen unserer Zeit die auch dafür sozusagen auch er die Neigung erzeugen dass man die Religion überhaupt dann in Frage stellt gibt es etwas Religiöses was ihm zu wider ist der Dogmatismus ja das heißt der glaube dass man Bescheid weiß eine Schwachstelle jeder organisierten Religionen ist dass sie Fundamentalismus generieren kann das heißt Glaube wird dann plötzlich doch durch Wissen ersetzt und aus wissen werden sogar sehr konkrete handlungsabweisungen angeleitet die für alle Menschen abgeleitet die für alle Menschen gelten sollen ja das ist gibt es nicht nur in der Form des islamistischen Terrorismus der uns zu Beginn insbesondere dieses Jahrhunderts ganz besonders beschäftigt hat sondern natürlich auch in der Form des christlichen Fundamentalismus ja etwa die Evangelikalen Form radikalen Christentums in den USA ja die dafür sorgen werden dass der verbrenner motor so schnell nicht verschwindet und viele andere Missstände generieren für unsere Gegenwart das sind ja eben auch alles Formen ja eines aus meiner Sicht religiösen aber Glaubens warum aber glaube weil aus der Erfahrung Gottes sicherlich nicht konkret abgeleitet werden kann ja wie alle Menschen zu leben haben das ist die Pointe ja also auch wenn wir in die heiligen Schriften schauen bleibt ja vieles offen die Dinge sind ja gar nicht so eindeutig das heißt die Gefahr der Religion ist natürlich dass sie umschlägt nicht mehr in ein persönliches Erleben ja von Bedeutsamkeit sondern in eine Anmaßung von Wissen dort wo wir keines haben ja das ist genau die Dialektik ist das nicht das religiöse also ist nicht das Problem der Religion dann die Religion selbst die sich irgendwann doch organisiert und danach macht die Struktur schafft vielleicht Durst der Menschen zu sagen dass sie Erklärungen suchen dass Sie wissen wollen was richtig und falsch ist woher sie nun Bedeutung kommen warum wir leben wo wir hingehen all das klärten gewisser Weise zumindest ein Leseart vorschlägt ja und da müssen wir uns hüten und zwar aus dem Grund das Religion das nicht leisten kann ja da wenn Religionen das versucht und das ist vielleicht die Art von organisierter Religion die vielleicht auch jemand wie Dennis und dockens angreifen wollen aus politischen Gründen da wo Religionen das versucht überschreitet sie ihre eigene Grenze ja das heißt Religion von Menschen organisiert kann nicht mehr sein als dasjenige was Menschen wissen und dann ist es nicht möglich dass wir auf der Basis sagen wir mal würde man das auch im übrigen genau tun ja entweder auf der Basis heiliger Schriften oder ihre Interpretation unter gegenwärtigen Bedingungen ja sozusagen konkrete ethische handlungsab Anweisung ableiten das ist überhaupt gar nicht machbar ja was wird was sagt uns das Neue Testament über die Ethik der künstlichen Intelligenz nicht weil keine Rede sein kann von der Ethik der künstlichen Intelligenz ja im Jahre 0 es war kein relevantes Thema und so ist es mit jedem anderen Thema auch ja moderne schwierig möchte ich kaum drüber reden aber ein modernes Phänomen wie medizinisch vertretbare Form der Abtreibung dazu können die heiligen Texte nicht sinnvoll sagen ja weil sie sich dazu noch nicht Verhalten konnten natürlich müssen wir in der Gegenwart deswegen ja bestenfalls dafür sorgen dass der Raum der Transzendenz geöffnet bleibt aber in diesem Raum einzudringen mit wissensansprüchen verletzt im Grunde genommen die Spielregeln der Religion sie würden dennoch plädieren dann für einen dialogische das System in dem Religion viele Philosophie Kulturwissenschaften gemeinsam sich an der Wirklichkeit abarbeiten ist das das was sie unter einem neuaufklärung fordern um im vierten Komplex hineinzugehen und die Frage nach Gott und Gegenwart ernst zu nehmen ja meine Idee einer neuen Aufklärung ist die Idee dass wir unsere ethischen Fragen also was schulden wir einander lediglich insofern wir Menschen sind also was sollen wir tun alle jede von uns nur dadurch beantworten können dass wir alle Sektoren der Gesellschaft in ein neuartiges Gespräch miteinander bringen und das schließt selbstverständlich mit ein dass wir die Religionen jetzt im Plural mit ihren verschiedenen Ansprüchen miteinander nicht nur in einen Dialog versetzen sondern auf die Frage los jagen wie die Wirklichkeit beschaffen ist ja das heißt es war ja einmal so es wurden früher Kriege für die Frage geführt ob Trinität ja oder nein und es werden auch heute faktisch noch Religionskriege geführt ja und wir wollen keine Religionskriege führen sondern die relig diesen Fragen ja auch die theologischen Fragen miteinander seriös bearbeiten natürlich muss und das ist ja auch faktisch etwa in den Ethikkommissionen häufig so die Theologie mit am Tisch sitzen aber es darf dann natürlich im liberalen demokratischen Rechtsstaat nicht nur die christliche Theologie sein auch in mehrheitlich christlich geprägten religiösen Kontexten ja natürlich müssen unsere hinduistischen MitbürgerInnen mit am Tisch sitzen wenn wir religiöse Fragen erörtern oder unsere Muslime im muslimischen MitbürgerInnen ja das wäre sozusagen die neue Aufklärung das ist keine antireligiöse Haltung sondern genau das was wir von Nathan der Weise gelernt haben ja die Religion hat genau den ethischen Anspruch den jede Ethik haben muss nämlich einen universalen und dort wo religiöse Erfahrung den universalen Anspruch einlösen kann gehört sie eben auch mit an den Tisch wo das nicht so ist ist sie für gesellschaftliche Fragen unerheblich das heißt unser Leben hat ein Sinn den wir ihm selbst nicht geben davon würde ich fest ausgehen ja wenn das Leben argumentieren wir mal andersrum wenn das Leben nur den Sinn hätte den wir im gäben ja dann wäre dieses also der dass sich selbst setzendes sind wäre ja selber etwas das schon da ist wir setzen das ja nicht noch mal also wer glaubt dass das Leben nur den Sinn hat den man ihm gibt glaubt ja an seine eigene absolute Schöpferkraft ja das heißt die Idee Gottes ist dort anwesend aber man hat sie von außen nach innen verlegt ja die Sonne sie war nicht eh ich sie schuf heißt das einmal ironisch bei Goethe da wird eine Figur auch vorgeführt die genau so eine Auffassung hat in Faust 2 ja der Moderne Nils muss eben und der Moderne nilismus glaubt letztlich dass er selber an die Stelle Gottes getreten ist und ist insofern auch nicht ansatzweise so atheistisch wie er gerne vorgibt demnach würde dann der Zauber Gottes daherkommen weil er abwesend ist richtig ein jüdischer Freund von mir hat mir jüngsten einem Gespräch gesagt das war mir nie so klar und das fast vieles zusammen was ich eigentlich für eine echte religiöse Wahrheit halte man kann Gott um vieles bitten das heißt aber noch lange nicht dass er zuhört ja das heißt Gott ist nicht Teil eines Algorithmus wer glaubt etwa Menschen die beten sie glauben wer glaubt dass er durch ein Gebet etwas erreichen kann sozusagen eine Wunschliste an Gott ja der wird immer wieder scheitern das wissen wir das heißt aber nicht das ist kein Gott gibt weil er unsere Wünsche nicht erfüllt sondern das bedeutet nur dass der Abstand zwischen Mensch und Gott darin besteht dass das was wir gerade für unseren Wunsch halten aus der angenommen Perspektive Gottes noch lange nicht relevant ist das heißt wenn es keinen Gott gäbe würden sie an Gott erfinden wenn es keinen Gott gäbe wurden Menschen ihn erfinden und da drin bin ich mir ja mit den Atheisten einig ja das heißt entweder es gibt einen Gott unabhängig von unseren Projektionen oder Gott ist mindestens unsere Projektion das war die Erkenntnis Hegels Georg Wilhelm Friedrich Hegels ja der teilweise sozusagen auf diese Debatte ja schon antwortet ja die Linkshänder Feuerbach und Marx haben dann von Hegel ja Hegel eine projektionsthese entnommen Hegel sagt aber genau genommen das ist für Gott sozusagen unerheblich ist ob er unabhängig von unserer Setzung existiert ja weil diese Setzung schon so mächtig ist dass man sagen kann ja vielleicht ist Gott der Umstand dass wir hier etwas setzen was wenn ich selbst gemacht haben können ja Gott wäre dann die Idee von etwas auf das wir nur stoßen können wenn wir es nicht selbst gemacht haben ja deswegen sagen die Tradition ja Gott und die Wirklichkeit sind letztlich dasselbe nur das Problem dass ich daraus sozusagen ergibt ist dass das was wir Gott nennen ja nicht eindeutig ist also wenn wir auf unsere Heidi noch mal zurückkommen ich denke dass Ihr Verständnis und ihr Sinn für Heidi doch ein anderes sein dürfte als viele andere dadurch gäbe es sozusagen den unterschiedliche Heidi Elfen Einhörner und alles was es in irgendeiner Weise gibt in irgendeinem sinnfeld wie würde sich darin dann Gott einfindet gäbe es dann doch mehrere Götter wenn Gott bloß ein fiktionaler Gegenstand wäre wie Heidi dann gäbe es dadurch natürlich viele Götter und genau das haben sie überhaupt eine Funktion nein ich habe gesagt Gott ist mindestens die mächtigste Fiktion und jetzt ist die Frage ob wir die mächtigste Fiktion wenn wir uns fragen wie die strukturiert ist so denken können dass eine Vielheit noch möglich ist ja also können wir Gott wenn wir Gott durchdenken ist es dann noch möglich dass jeder sich ein anderes Gottesbild macht ja ähm in der projektionsthese ist die Antwort ja deswegen sagt schon die projektionsthese die auch in der Antike entwickelt wurde dass die Götter komischerweise wenn man sie zeichnet oder über sie spricht immer so aussehen wie die Menschengruppe die sie erfunden hat ja der Gott der äthiopia sieht aus wie eine äthiopia sagt das ja so das war die Kritik daran und die römischen Götter sehen aus wie Römer ja so ähm aber der wahre Gott ja es Ihnen wie gesagt dann gibt sieht gar nicht mehr irgendwie aus das ist ja die Pointe des bilderverbotes ja das heißt Gott wenn er mehr ist als bloß die mächtigste Fiktion unterscheidet sich von Heidi in der Tat wesentlich dadurch dass es am Ende des Tages nicht einmal möglich wäre sich ihnen verschieden vorzustellen ja deswegen muss Gott immer eine Seite der Transzendenz haben wenn es ihnen denn wirklich gibt das heißt wenn Gott die mächtigste Fiktion ist dann ist der als diese mächtigste Funktion im alles aber keine Funktion richtig die möchte wenn Gott die mächtigste Fiktion ist und als solcher dann auch existiert und der Inhalt dieser Fiktion Gott ist und nicht Heidi ja ein weisen Mädchen das in Graubünden lebt und so weiter und so weiter ja dann muss Gott sozusagen in dieser Stelle im Reich der Fiktionen ja muss eine andere Seite haben die wir nicht sehen das berichten ja die interessanten Begegnungen Moses mit Gott ja einige der Höhepunkte für mich in den monatistischen Schriften sind diese Begegnungen ja Gott muss es sieht ja nur ein Teil Gottes und erblindet schon und die relevante Frage ist ja im Exodus 314 wo Gott sich vorstellt ja muss es fragt ja wer bist du eigentlich er sieht ja nur diesen merkwürdigen brennenden Dornbusch der sich der immer weiter brennt und sich nicht verzerrt das geht also gar nicht und irgendwann fragte den wer bist du eigentlich und dann sagt er nicht den berühmten Satz ja den Gottesnamen an ja echt je a Schere ja ich würde das Übersetzen wird viel darüber gestritten aber mit futur ich werde sein der ich sein werde ja auch gerne übersetzt ich bin der ich bin oder auch ich bin der ich sein werde ich will sein der ich sein will oder kurz um warte mal ab du wirst schon sehen so würde ich Exodus 314 übersetzen das heißt die Pointe ist das wenn es Gott gibt er uns nur ein Teil seiner selbstzeit und der Rest entzogen bleibt damit es eben diesen Unterschied gibt zwischen Gott als der mächtigsten Fiktion die ja mindestens als Fiktion in der Bibel existiert keine Lesart der Bibel der zufolge ist in der Bibel keinen Gott gibt ist wahr ja das heißt mindestens existiert Gott als die mächtigste Fiktion und die Frage ist ob Gott darüber hinaus existiert und diese Frage lässt sich eben genauso beantworten ja das wenn Gott wirklich existiert er anders als Heidi nicht im Plural legitimer Interpretation existiert ich komme zu meiner letzten Frage was müsste geschehen dass da viele so oft Markus Gabriel eins doch steht es gibt in einen Gott muss ein Prophet kommen oder was brauchen sie nein ich denke mal ich muss nur 85 werden und wenn wir uns dann Wiedersehen sollten und sie fragen mich dann sage ich Ihnen ob ich etwas gesehen habe darauf freue ich mich vielen Dank für das Gespräch danke so was denkt ihr sollen wir an Gott glauben oder hat er sie oder es jede Glaubwürdigkeit verloren schreibt es unten in die Kommentare und weitere Gedanken Anstöße findet ihr in diesem Sendungen,OK
gD7_n7ciPvc,"was geht ab meine Freunde salam alikum herzlich willkommen zu einem was machen wir heute heute drehen wir eine fotour das ist nicht üblich auf Maestro seinem Kanal aber heute ist ein besonderer Anlass das ist ein Tag vor unserem Event wo wir eist verteilen wir dachten uns wir sind in Hamburg wir drehen auf entspannt eine foodour also die Sache ist ich habe letztens ein Video gedreht wir haben ein Döner getestet mit jenge das kam sehr gut an und ich habe mir gedacht wie dreht man denn wirklich professionell eine fotour algemein was ist eine Foto das war ja keine Foto was ich gemacht ich einen Laden getestet und da kommen lo und da vorne Film mal oh mein Gott ist das J broke oh ist das Fadi willkommen zur foodour wir gehen jetzt s essen wir waren ja schon mal es ein sehr guter gemüseekbab mal gucken ob immer so schmeckt wie damals bin echt gespannt hab Bock auf den Döner ich bin auch dabei hi Stabilität unser erster Laden ist ein Dönerladen der heißt cell Kebabs und der gehört tatsächlich meinem Vater echt jetzt ja krass mein Vater holt jeden Morgen den Spieß mit seinen eigenen Händen hier krass jetzt gehen wir rein und bestellen ein gemüsedöner der verkauft nämlich gemüsedöners [Musik] schon mal hier halbes Jahr glaub ich [Musik] [Applaus] hamburgal das Fleisch oder wenn du in de Laden gehst und erfährst dass das Essen das ist das A und O das schmeckt umso besser und segensreicher so sieht's aus also Chef wir haben einmal gemischte Salat das kommt dann Grillgemüse Tomate Salat Rotkohl Zwiebel WST mir empfehlen ich würde dir Grillgemüse empfehlen und ganz nor mal Salat [Musik] dazu und für mich geht ein guter Döner nicht ohne eidern das ist sogar ein sehr guter eern ich mag vom Geschmack her zum Runterspülen das [Musik] [Applaus] Beste das ist ein topdöner für mich denselben Döner Brock hat Geschmack bra krass aussieht das sieht krass aus das hier das sieht sehr krass aus so gespannt ob es genauso wie damals schmeckt es ist schön frisch das Brot ist knusprig spürt man direkt Gemüse ist drinne mal gucken ist immer noch sehr gut wie damals sehr lecker bismill Bismillah was sagst du boah schmeckt eins zu ein wie damals sehr sehr geil und vor allem das Gemüse schmeckt sehr frisch das ist das wichtigste bei einem gemüsedönner man hat ja gesehen er hat das frisch auf der Pfanne gemacht weißt du den noch muss eine Sache gesagt sein es ist ein guter Gemüse mer in Hamburg ne die besten gemüsiner habe ich immer noch in Berlin gegessen so ist nicht aber wenn ich jetzt in Hamburg wäre und Bock auf n würde ich den schon sehr gerne essen von mir ich glaub dam habe ich so 8 ne geben aber heute von mir eine 7 von ze ist gut ist gut deine Bewertung keine 7 von ze man merkt der Junge rechts neben mir hat gar keine Ahnung ich würde sagen er ist eine 10 von ze Bruder eine 10 von ze ja ze von ze ich werde noch einmal beißen für mich ist das ein von ze es schmeckt sehr gut man merkt dass das Gemüse auf jeden Fall einen guten Einfluss hat Geschmackserlebnis aber es ist sehr nah dran Döner an normalen Döner s ich man mussag ich habe kaltfleisch normales Dönerfleisch Hähnchen vielleicht haut noch ganz anders rein was deine Meinung dieser Döner ist besser als jeed andereut schon Standard BR ich mus mit 10 von ze aber mit Kalb ist auch ze von den kann ich mich nur anschließen g g Gel g wir haben ein eiste auf dem Markt gebracht mit drei verschiedenen Geschmacksrichtungen wir haben von jeder Geschmacksrichtung eine mitgebracht aber wir möchten dass du Kirsche live auf der Kamera probierst wow echt toll schmeckt gut schmeckt gut das war nicht bezahlt kannst du für dein Laden auch bestellen ne den Kunden wir bestimmt auch schmecken dann schon mal ganz vielen lieben Dank an sels Döner und ich würde sagen wir machen weiter mit dem nächsten Spot oder aber bevor zum nächsten Spot geht guck mal bitte fadis Hand an bitte F zeig mal deine Hand oduder was hast du gemacht aber Bruder das war echt lecker Alter unglaublich was hast du gemacht ja Bruder was soll ich machen ich habe Hunger wo ist dein Döner ich weiß es nicht angekommen beim favorite Pizzaladen von uns hier in Hamburg und zwar heißt der Laden tatzi Pizza und das ist wirklich ehrlich eins der besten Pizzen die ich hier gegessen habe ich bin sehr gespannt ich bin zwar bisschen schon voll eine Frage wie macht ihr das dass ihr so viel istst Bruder ihr habt h 5 se s Spots boah jetzt ab jetzt bin ich auch satt wir müssen dann eine Pizza bestellen und die uns teilen damit kein Essen verschwendet wird wegen Istra und so ja ja genau super sehr vorbildlich macht ihr auch öfter wahrscheinlich so ne wennmer immer okay da ist der Laden wir gehen jetzt rein hallo hi kann an mich erinnern schon hier schon Youtube Video Gemach richtig und jetzt bin ich mit einem anderen Youtuber hier seh schön schön dass da seid hier was essen mitnehmen wir wollen uns draußen hinsetzen K einfach auf jeden Fall Margarita ganz klassis bualina mit wüffel Mozzarella statt normal Mozzarella Büffel Mozzarella schmeckt das büfflig das ist einfach nur ein bisschen besserer Mozzarella bessere Mozzarella okay wir nehmen eine kleine also dieing du bist normale ne wir nehmen kleine probieren und so wir machen alles gut alles gut eine kindermgarita ja Bo sit echt sehr gut aus das ist der tatofen also ist hier ehrlich sehr geil ohne Witz F mal die Produktion guck mal wie schön der Chef das zubereitet Chef wie lange machst du das5 Jahre 25 Jahre masah aber in Italien 20 Jahre Italien 5 Jahre du bist aus Italien hergekommen als als Meister und diese Öfen sind das auch italienische Öfen das sind steinöen aus Italien das sind die besten allerbesten Öfen einfach nur heftig guck mal was für ein Freiraum wir hier haben im [Musik] [Gelächter] [Musik] Ofen geisteskrankes Ambiente oder so richtig candelight mäßig fün Kanacken abends in den Straßen von Hamburg mit einer schönen Flasche Wasser soll ich dir ein Glas kristallklares Wasser einschenken gerne bit schön bittes schön Monsieur F danke schön probier das Waser das ist Hamburger Wasser frisch aus der Alster gefischt was ist hier in Hamburg los alles ist unglaublich ne heftig also ich bin auch unfassbar begeistert ich werde auch mal den Geschmackstest machen unglaublich schmeckt schmeckt geisteskr unglaublich jetzt probi ich mal er hat mich wirklich heiß gemacht schmeckt nach Fischkutter sehr sehr frisch sehr lecker wurde frisch aus der aler gefischt eine ze von ze Bo ich frage mich wie der FO Fisch hier schmeckt boah der gibt dir doppelte Power auf jeden Fall ja Omega 3 ne reichlich an Omega3 ja Bruder die haben ja sogar eigenes Basilikum du kannst einfach [Musik] pfücken quasilikum also joh befindet sich gerade auf dem Hotelzimmer er hat auf jeden Fall Bauchschmerzen ist gerade auf der Toilette also ich will jetzt nicht unappetitig klingen aber er lässt seine dicke Wurst raus ja aber er wird gleich wieder dazuoßen es gibt in Hamburg Geisteskranke dessertpezialitäten die sonst ngend so gibt die werden wir noch am Ende testen da wird Janda zustoßen wenn er seinen Termin im Porzellan Palast beendet hat also bleib bis zum Ende dran es wird nämlich sehr spannend kine Margarita und einmal die tonipola P B und oliv soll ich euch noch schneiden ich wollte V Video super einmal schneiden aber warte mal ganz kurz Bruder das war eine kinderpizza it welches Kind sollen Italiener definieren Größe anders Bruder kinderpizza normale Pizza Erwachsene Pizza das unterscheidet sich alles nur um ein mm Bruder aber eine Frage er willst du diese Pizza jetzt aufessen nicht ihr regt mich beide auf wieder für euch alleine ohne wi hinten diger ein normal ich hab einfach ja gesagt diger kommt so eine viel Spaß beim Essen Bruder das wird eine riesige Pizza ich würde sagen wir machen dieses dieses Öl hier [Musik] drauf wir haben hier ein scharfes pikantes Öl Olivenöl um genau zu sein und das muss einfach auf die Pizza drauf das ist wirklich oh ganz sachte weil das ist scharf das ist übrigens Büffel Mozzarella Büffel Mozarella das sind drei Silben Büffel Mozzarella sehr gut man man schmeckt den Büffel raus sehr lecker mal gucken ob ich den Büffel auch ausschmecke ich kann einfach nicht mit Messer und Gabel essen schmeckt bel wirklich raus ich sag doch ist das geil es schmeckt so leicht büffelig genau richtig ich würde sagen wir lassen diesen Messer weg lass mal mit der Hand weiteressen also was bei napolitanische Pizza immer wieder geil finde ist dass man den Rand mitessen kann man kann die komplette Pizza ohne Bedenken aufessen bei normalen Pizzen sind die Ränder normalerweise hart aber hier die sind so fluffig und so voll lecker weißt du also meiner Meinung nach nach wie vor eine 10 von ich fand das auch schon letztes Mal sehr geil dieses Mal auch wirklich saug geil ich war jetzt schon auf so vielen fen ich f mich langsam wie ein essenstester waschter schon sehr gut wirklich Büffel raus tatsächlich schmeckt sehr milchig aber die ist schon krass aber ich würde sagen nicht besser als die Manheim sogar eiskelt ich we die ist auch sehr gut die schon top aber die andere war ein bisschen würziger aber die ist krass also heftig auch eine sehr sehr krasse Piz ich find hier die die Konsistenz vom Teig sogar noch besser ja ja aber nur die Konsistenz nicht den Geschmack es ist einfach so sehr luftig Z geht auf der Zunge der Teig wurde wirklich perfekt gemacht macht das ja auch schon 20 Jahre lang Teig ist Bombe sehr weich sehr luftig den kannst Du essen wie so kannst auch nur Teig Essen gefühlt was WST du sagen von ze ne acht solide acht du hast Zeeh gegeben solide acht ich sag ist eine neun von ze ist wirklich eine sehr gute Pizza weißt du was ich nur mir wünschen würde bei dieser Pizza dass das ein bisschen weniger flüssig wäre der Käse guck mal hier der rutscht so direkt runter kennst du das ja stimmt das bisschen besser so verbacken wäre zusammen ich bin nur gespannt gerade die fah die es schaffen möchte nach all dem was wir schon gegessen haben diese Pizza aufzuessen ich ma dir noch bisschen Basilikum drauf also FI Geschmackstest let's go du hast eine Pizza tono mit tobasco und Oliven ich kann nicht mehr boah die ist schon sehr krass wie ist der Tunfisch auch sehr krass mer die frische auch ne auch von den Zwiebeln her sehr geile Kombi also ich wusste nicht dass Oliven dam mit drauf aber ist okay ist angenehm diese ich wür sagen 9 von ze ja dafür dass meine erste Pizza ist napolitanische Pizza sehr stark okay wir nehmen die Pizza mit für zum Mitnehmen okay okay auf zum nächsten Spot würde ich [Musik] sagen Bruder wo hast du uns gebracht S auf der rerbahn wollten wir jetzt hier in dieses ste Fischhaus nein wir gehen tatsächlich in ein anderes Fisch aus wie heißt der Laden der Laden he Underdogs und der ist sehr sehr [Musik] beliebt so Freunde wir sind hier bei dem nächsten Spot und den hat zur Ausnahme GL ausgesucht wir sind nämlich bei Underdogs hier gibt es den besten Fisch in ganz Hamburg der wird frisch vom Hafen gefischt Bruder lass nicht zu viel quatschen komm kom rein Leute wir wurden leider rausgeschickt Laden hat einfach zu ich glaub man sieht das auch die haben schon die Stühle auf die Tische gesetzt wir sind leider bisschen zu spät gekommen scheibenhonig ich hatte Lust auf Fisch ja Bruder was soll machen schade ja was machen wir jetzt Jun kommt in 5 Minuten der hat auch Lust auf Fisch gehabt so wir wollten noch das Finale drehen und so ja das ein filit Fisch ist da was drin ja et aber der ist angeknabbert [Gelächter] egal FIS Hamburg muss sein nein Spaß wir essen den nicht oder ich weiß nicht sollen wir den wirklich essen Bruder das also ich e Bock auf Fisch gerade Bruder Corona geht gerade rum ne okay ich teste mal ob da wirklich Corona drin ist Bruder warum aber an der Stelle wo schon abgebissen wurde ja na um zu testen ob da Corona drin ist der ist auch noch ultra kalt wie lange steht der hier schon irgendjemand hat den dein getan boah schmeckt echt saug geil ehrlich boah geil boah Hamburg hat drauf was Fisch angeht also der Filet Fisch ist wirklich sehr sehr frisch und sehr lecker Bo der Filet Fisch Hamburger coronaastyle ist Geistes krank Erich geil ich wiren den Rest auf okay wenn ihr auch diesen filetofisch essen wollt underdgs bester [Applaus] laden diese besoffenen auf jeden Fall kommt gerne vorbei bei underdgs vor der Tür wartet vielleicht der ein oder andere vi Fisch auf euch und ich würde sagen wir kommen jetzt zum großen Finale ich wür sagen wir kommen zum großen Finale du hast nämlich noch die besten und unbekanntesten Süßigkeiten hier in ganz Hamburg ja das stimmt euch erwarten sehr sehr geile Dinger bis [Musik] gleich [Musik] Jungs ich habe die krassesten Süßigkeiten in Hamburg die gibt bei uns nicht amerikanis besser Bruder besser Kinder Country und der ist auch noch so schön ZAT normalers nicht und ichet in hur ganz anders guck mal diese Struktur diese diese Maserung bei dir guck mal guck mal siehst du das muss schon zugeben der kinderkon in Hamburg ist richtig krass boah der schme ein stehen ein gesag Geld Schneid das sowas jetzt probi ich mal den bunti habe ich noch nie in meinem Leben gesehen das diese Süßspeise ist sehr krass ja es rie kusck Bo nach kokosn das so eine orientalische Frucht ich glaube es zwar nicht aber schreibt jetzt in die Kommentare wenn ihr schon mal die Ehre hattet ein Bounty zu finden und zu essen [Applaus] okay boah das ist sehr exotisch es schmeckt nach cokosnos boah hast du gesehen wie das sich so zT Karamell oder was ist das probier mal sehr nussig wow schmeckt ein bisschen wie Delfinfleisch das ist sehr sehr lecker ja was sagst du sieht sehr exotisch aus diesen Riegel lieben ja eine Geschmacksexplosion sag mal was gibst du Snickers diesem Dessert würde ich eine 8,5 von 10 geben l was ist deine Bewertung ich würde dem eine 10 von ze geben das habe ich noch nie in meinem Leben weder gesehen noch probiert dasrass as reinchuldigungchuldigungschuldigungchuldigung haben Sie Lust unsere geschmackskreation zu testen einfach [Musik] essen wie findest du es war mir eine riesen Ehre bei dieser F dabei gewesen zu sein danke schön auf jeden Fall dass stattfinden durfte danke schön dass du dabei warst dass ich deinen Namen für klick ausnutzenfte das war eine sehr vielfaltige futour und mit sehr vielen Süßspeisen die ich noch nie mein le GIS süpeise habe ich noch nie gesehen was gibt eigentlich de Kinder kinderc hat von mir eine 10 V bekommen",OK
9Lq2MaTxaXA,"[Musik] die Angst geht um in deutschen Medien eine ob zurecht oder zu Unrecht darüber wird noch gestritten aber was bringt es denn Panik zu verbreiten vor allem dann wenn auch eventuell mit falschen Zahlen operiert wird naja dann kriegen wir noch die Oberwasser die sowieso meinen alles wäre gar nicht so schlimm wir leben in komplizierten Zeiten Spanien Frankreich vor allem aber Griechenland und Italien Südeuropa steht ein extrem heißes Wochenende bevor bis zu 48 Grad werden etwa auf Sizilien erwartet es könnten die höchsten Temperaturen werden die in Europa jemals gemessen wurden ja Moment also zunächst mal gab es schon im Jahr 2021 auf Sizilien ein temperaturrekord von über 48 Grad und zudem ging hier wohl einiges durcheinander die 48 Grad waren lediglich eine Vorhersage herausgegeben von der Europäischen Weltraumorganisation Isa zunächst wurde behauptet die ESA beziehe sich lediglich auf die Bodentemperatur das wiederum stimmte aber auch nicht im Moment wird sehr heiß diskutiert wenn es um die Hitze geht das Hauptproblem ist sicherlich dass zwischen Wetter und Klima oft nicht unterschieden wird und dennoch das ist im Sommer gerade in Südeuropa richtig heiß werden kann auch kein neues Phänomen jetzt schon die Frage ob das etwa in der Tagesschau der Aufmacher sein muss oder ob da nicht auch ein bisschen Panik machen mitspielt dies zeigt sich auch in der Wetterkarte am 16 juli etwa wurde diese Karte gezeigt wo selbst ein Temperatur von 20 Grad bereits in beige angezeigt wird und normale hochsommerliche Werte von 27 28 Grad schon als feuerrot zum Vergleich hier eine Tagesschau Wetterkarte vom 5 juni 2003 20 Grad sind noch im grünen Bereich bestellen damals die Werte die heutzutage übertrieben rot angezeigt werden hier werden also Dinge dramatischer gemacht als sie sind die Ideologie dahinter ist das was toxisch wirkt und gerade den Klimaschutz torpediert dass die letzte Generation alles falsch macht was man in dem Zusammenhang falsch machen kann ist ja nichts Neues und das immer wieder mit Panikmache und ihre führenden Grafiken hantiert wird lässt das Ganze noch weiter eskalieren dies zum Beispiel ist die Sendung Deutschland 3000 in der Moderatorin Eva Schulz uns mal erklärt warum reiche Menschen deutlich mehr CO2 verbrauchen als arme eine ziemlich an den Haaren herbeigezogene these die obendrein von ihr falsch dargestellt wird dabei hat sie sich extra vorbereitet ja das habe ich auch hier immer mitgebracht denn das hier haben wir jetzt mal so zur bildlich um 10,2 Tonnen CO2 ist das was so ein Durchschnittsdeutscher oder deutsche ausstößt pro Jahr und verursacht die oberen zehn Prozent da sind es schon so viel und das steht im richtigen Verhältnis hier 29,6 Tonnen CO2 die obersten 10% dazu zählt man so ab einem Vermögen von 428000 € und das oberste ein Prozent das verursacht im Schnitt pro Person pro Jahr 94,2 Tonnen CO2 wenn die Ärmsten pro Jahr 10,2 Tonnen verbrauchen und die reichsten 94,2 Tonnen dann müsste das ja bedeuten dass der kleine Kreis der ganz kleine Kreis etwa 9 mal in den ganz großen passen würde der kleine Kreis passt dabei etwa 80 mal hinein genauso falsch ist das Verhältnis zum mittleren Kreis offensichtlich hat superhero Schulz hier Radius mit Flächeninhalt verwechselt und dieser Quatsch läuft dann auch noch auf dem offiziellen YouTube-Kanal der Tagesschau und dann auch noch dies selbst ein renommierter wissenschaftsexperte wie Harald Lesch verbreitet eine vollkommen irre Grafik in seiner Sendung löschst kostenlos seit Jahrzehnten steigen die Tage mit Temperaturen von über 30°c in Deutschland an besonders seit den 1990er Jahren das muss man sich mal vorstellen schon allein in den vergangenen 12 Jahren gab es 143 Hitze Tage okay also das ist jetzt wirklich peinlich für lash und man fragt sich ernsthaft ob er es nicht besser wusste denn Statista auf deren Zahlen diese Grafik beruht hat bis 1995 nur für alle vier Jahre exemplarisch die Zahl der Hitzetage aufgeführt im linken Balken wurden also nur die Tage der Jahre 1970 75 80 und 85 aufgezählt ja kein Wunder wenn man nur auf 13 kommt und der mittlere Balken zählt auch nur die Jahre 1990 95 und dann ab 2000 alle Jahre zusammen somit kommt man also auf 90 Tage hochgerechnet werden in Wahrheit links 89 Tage und in der Mitte 151 Tage korrekt sowas kann doch kein Versehen sein das ist doch absichtliche Panikmache mit verzerrten zahlen ganz kurz zwischendurch Massengeschmack TV geht auf Tour und zwar Anfang Oktober diese in fünf deutschen Städten in München Frankfurt Köln Berlin und Hamburg in Köln ist zum Beispiel Paddy dabei in Berlin sogar oliver Kalkofe also holt euch ein Ticket seid dabei wir würden uns freuen Link zum Ticketshop im Infotext und jetzt geht's weiter natürlich gibt es klimasynder und in Sachen Umweltschutz kann man gar nicht genug tun aber es fällt schon auf dass alles was möglicherweise melodisch nicht in diese Symphonie des panikorchesters passt auch gar nicht erst erwähnt wird es werden Weltbilder zementiert dies führt ja seinerzeit schon auf als das Schulmädchen Greta Thunberg in allen Nachrichten fast wie eine Art Gottheit des Klimaschutzes zelebriert wurde und mit dem extremistischen Nachfolger letzte Generation ist es eben nicht anders am 20 Juni lief im ZDF eine 37 Grad Reportage über die letzte Generation wohlgemerkt eine Gruppierung die im Anfangsverdacht steht eine kriminelle Vereinigung zu sein die Doku macht jedoch kein Hehl daraus dass sie voll auf der Seite der Gruppierung steht und inszeniert beispielsweise die Sprecherin Carla Hinrichs auch noch in betont romantischen Bildern carla ist Mitglied im Kernteam der letzten Generation ganz oben in der Hierarchie sie denkt über neue Strategien und größere Aktionen nach wenn wir uns angucken was in dieser Krisensituation gerade passieren muss dann ist es glaube ich ein wirkliches innehalten der Gesellschaft ein Stillstand und da führen viele viele Menschen auf Berlins Straßen ja führt kein Weg drumherum als dass wir irgendwie versuchen diese diese Stadt des Landes Erliegen zu bringen um einfach so sehr zu stören dass unsere Regierung sich überlegen muss ob sie das hinnimmt oder ob sie dann ins Handeln kommt endlich diese Dame spricht vor laufender Kamera eine unverhohlene Erpressung gegen den deutschen Staat aus und das ganze wird mit flackerndem Kaminfeuer ohne weitere Einordnung gesendet so geht das hier die ganze Zeit und im Grunde verdeutlicht die Doku vermutlich unabsichtlich dass es sich bei der letzten Generation tatsächlich um eine sektenartige Gruppierung handelt deren nächster Schritt in den Terrorismus nicht mehr weit entfernt ist es reicht ja schon sich historische Vorbilder in Erinnerung zu rufen Geburtstagsfeier in Magdeburg für die sechsköpfige Familie ist Klimaschutz selbstverständlich und eine Art Verpflichtung soll weg die Mutter und die älteste Tochter Lina gehören seit Monaten zu den sogenannten klimaklebern lina war bei der Besetzung des Berliner Flughafens dabei wir können in was für Situationen wir uns befinden und und immer selber entscheiden können wie wir handeln und dass ich auch entscheiden kann dass ich dagegen etwas tun will und dass ich dagegen alles tun werde was was mir möglich ist dann bin ich es allerdings da an sich das ist außerordentlich demokratisch ist wenn es Leute gibt die trotz all dieser Verbote die einzige Öffentlichkeit die dann für sie bleibt nämlich die Straße benutzen und davon öffentlich gebrauchbar machen die mediatheke jeden Samstag neu auf Massengeschmack TV und es gibt dort noch viele weitere Beiträge die gar nicht auf Youtube erscheinen also es lohnt sich ein Abo bei uns abzuschließen jetzt einfach mal 14 Tage kostenlos testen",OK
eCy_eEm8jgA,[Musik] 27 juli 1361 die Insel Gotland vor den festungsbauern einer großen Stadt erwartet ein volksherr den anrückenden Feind die Ringmauer entscheidet über Leben und Tod Tod durch die Hand eines übermächtigen Feindes gut ausgebildete Soldaten und Söldner [Musik] wir waren diese Menschen und warum kämpften sie gegeneinander [Applaus] über 600 Jahre später will ein internationales archäologen-team mehr darüber erfahren sie untersuchen Funde aus einem der größten Massengräber einer mittelalterlichen Schlacht das je gefunden wurde so eine Schlacht ist für jeden bedeutsam sie wollen mehr über diese Männer herausfinden die in dieser Schlacht kämpften ein abgeschlagener Fuß unglaublich über ihr letztes Gefecht indem sie den höchsten Preis zahlen das Mittelalter eine Zeitspanne vom 5 bis zum 15 Jahrhundert eine Gruppe von Archäologen erforscht das Leben im Mittelalter indem sie sich mit den Toten des Mittelalters beschäftigt wir haben eine klassische Ansicht vom Leben im Mittelalter aber wir wissen nicht wie die einfachen Leute ihre Familien ernährt haben in unserem Lager haben wir hunderte wenn nicht sogar tausende Skelette wir konzentrieren uns auf diese tote wir suchen in den Skeletten nach Anhaltspunkten man sieht praktisch mit ihren Augen und fragt sich was sahen sie wie sind sie gestorben trauernde Menschen mit dem Schwert niedergestreckt wie ein Hund hat er mit dem Schwert geplündert und Gotland wurde von den Dänen erobert solche Inschriften finden sich seit 1361 versteckt in Kirchen und Klöstern auf Gotland Bitte eines besiegten Volkes die schwedische Ostseeinsel Gotland war 200 Jahre lang von kriegerischen Auseinandersetzungen verschont geblieben doch in den Jahrhunderten zuvor war ihre Geschichte alles andere als friedlich verlaufen im Mittelalter war Gotland eine der reichsten Provinzen im Ostraum seit den Tagen der Wikinger Blüten Handel und Seefahrt hier wurde mehr Reichtum in Form von Münzen und schätzen angehäuft als irgendwo sonst Mitte des 14 jahrhunderts erlebte Gotland ein goldenes Zeitalter und vor allem seine strahlende Hauptstadt wiesbühl kein Wunder dass die wohlhabende Insel neidische Blicke aus dem gesamten Ostseeraum auf sich zog das Jahr 1361 wurde zum Schicksalsjahr für wiesbühl und für die gotlländer interessieren besonders Zeiten des Übergangs und nichts zeigt Übergänge besser als eine Schlacht oder ein Krieg denn das sind in der Regel einschneidende Ereignisse diese Zeiten des Übergangs dauern nicht lange manchmal nur Minuten Stunden oder Tage aber sicher nicht ja und findet man ein Massengrab mit Opfern einer Schlacht ist das perfekt denn in diesem Moment fand der Übergang statt man sieht was vorher und was hinterher geschah und genau danach suchen wir diese Schlacht war eine Art Katalysator es ging um eine Insel ein kleines isoliertes Gebiet aber es hatte Auswirkungen auf den gesamten Ostseeraum die Ereignisse von 1361 in Gotland Fesseln Historiker und Archäologen Berichte sind aus verschiedenen Quellen überliefert nur wenige Gotländer überlebten und konnten ihre Geschichte weitertragen König Waldemar der vierte von Dänemark landet mit einer großen Streitmacht aus deutschen und dänischen Söldnertruppen auf der Insel die gut Länder verfügen nicht über entstehendes her und bilden hasst dich eine Volksmiliz um den Feind aufzuhalten doch sie werden nach wiesbühl zurückgedrängt [Musik] es ist ein ungleicher Kampf obwohl die Miliz sich tapfer verteidigt die Gotländer werden von den dänischen und deutschen Truppen vernichtend geschlagen [Applaus] die Insel wird geplündert und kann nie wieder an ihre einstige Größe anknüpfen es ist das Ende des Goldenen Zeitalters dieses Kapitel wäre wohl in den Geschichtsbüchern verstaubt und längst vergessen hätte man nicht mehr als fünfeinhalb Jahrhunderte später eine Entdeckung gemacht im Jahr 1905 wird außerhalb der Altstadt von wiesby ein Massengrab gefunden es war bekannt dass dort die historische Schlacht stattgefunden hatte ein großes Stein Kreuz erinnerte daran [Musik] in dem Grab liegen hunderte von Skeletten im Jahr 1928 werden drei weitere Gräber gefunden und hunderte von weiteren Skeletten die Massengräber von Visby sind eine weltweite Sensation sie zählen zu den bedeutendsten Funden der Mittelalter Archäologie überhaupt die Funde selbst sind außergewöhnlich mehr als 1100 vollständiges Glätte man kann sagen dass Visby einmalig ist eine Ansammlung menschlicher Überreste die im frühen 20 Jahrhundert entdeckt wurde Menschen die in der Schlacht gefallen waren es ist überwältigend welche Hinweise man dort findet ich kenne kein anderes Beispiel wo Menschen in ihren Rüstungen begraben würden gefallene einer Schlacht mit ihren Waffen und Rüstungen in einem Massengrab zu finden ist praktisch einzigartig als ich zum ersten Mal von diesem Fund hörte dachte ich das ist nur wieder so ein Massengrab von einer Schlacht und dann erfuhr ich dass man dort im frühen 20 Jahrhundert bei den Skeletten selbst Plattenrüstungen gefunden hatte das ist unglaublich das ist in einem sofort Fragen durch den Kopf warum wurden sie so begraben was für Rüstungen sind das wie nützlich waren sie was für Menschen waren das diese Fotos ist ungeheuer bedeutsam und hilft dabei uns ein Bild davon zu machen was an diesem Tag vermutlich geschah die Ereignisse von 1361 haben tiefe Wunden gerissen deren Heilung Generationen dauerte und noch immer sind die Schatten der Vergangenheit zu spüren heute mehr als 80 Jahre nach der letzten Ausgrabung machen sich Wissenschaftler auf den Weg um die Geschichte noch einmal zu untersuchen [Musik] Tim Sutherland ist nach Gotland gekommen um seinen Beitrag zu Erforschung der Ereignisse von 1361 zu leisten als mittelalterexperte beschäftigt er sich vor allem mit der Archäologie von Schlachtfeldern im Jahr 1996 war er an der Ausgrabung des mittelalterlichen Massengrabes von tauten im Norden Englands beteiligt diese Erfahrungen möchte er hier einbringen [Musik] die Massengräber von wiesby liegen wenige hundert Meter außerhalb der Stadtmauern das Schlachtfeld selbst wurde längst überbaut diese Ort wurde vermutlich als Begräbnisplatz ausgewählt weil hier einst ein Kloster stand und weil er nah genug am Schlachtfeld lag um die vielen Toten hierher schaffen zu können untersucht das Gelände wo die Gruben entdeckt wurden um ihre genaue Lage herauszufinden nach den letzten Ausgrabungen wurden sie wieder zugeschüttet und seitdem nicht mehr geöffnet gut ist dass wir hier nicht nur das mittelalterliche Steinkreuz haben sondern auch ein modernes Holzkreuz dort wo die Kirche stand unter dem Gehweg unter der Fahrbahn unter dem Rasen und selbst unter dem Garten des Nachbarhauses die große Frage ist wie viel davon können wir überhaupt erkennen wir haben ein Raster ich erweitere es um ein zwei Meter dann können wir loslegen dr Herrn Gutschein von der Universität Jork arbeitet bezahlen zusammen sie ist Expertin für Fernerkundung dazu gehört auch die Arbeit mit einem Bodenradar mit Hilfe des Radars können die Grabstellen womöglich sichtbar gemacht werden allerdings lässt sich damit nicht feststellen ob sie in den letzten 80 Jahren irgendwelche Schäden davon getragen haben unter dem Gehweg finden wir hoffentlich Hinweise auf ein Massengrab dann nehmen wir uns den Rasen vor und gehen Richtung Kreuz in der Hoffnung auf ein zwei Gräber das ist die Herausforderung entdecken wir archäologische Hinweise auf die Überreste der Schlacht von wiesby 1928 hatte der schwedische Archäologe Bengt tordemann mit eigenen Untersuchungen in dem Gelände begonnen wo bereits 1905 Ausgrabungen stattgefunden hatten er fand nicht nur das ursprüngliche sondern noch drei weitere Massengräber die Grabung musste immens ausgeweitet werden um das gesamte Material zu bergen und nach fast einem Jahr war immer noch ein komplettes Grab übrig dieses Grab Nummer 4 soll am Rand der Fundstätte liegen bis heute unberührt sie stoppten die Ausgrabung weil sie einfach zu viele Tote hatten es gab drei Massengräber alle voll hart Kettenpanzer Schutzhandschuhe Hemden und sogar Plattenpanzer Notwendigkeit mehr es auszugraben zum Glück für uns ließen was wie eine Routineuntersuchung begonnen hat entpuppt sich bald als viel schwieriger denn unter dem Rasen liegen auch die Ruinen eines alten Klosters ich startete Dornenbüsche und jede Menge Unebenheiten im Boden wir hatten ein flaches Stück Rasen erwartet aber hier sind überall Höcker und Steinmauern so dass das Radar ständig abrallt war und wir nur ein kleines Stück geschafft haben sind die Ergebnisse sehr gut [Musik] nach diesen Erfahrungen zollt Tim Sutherland seinen Vorgängern vor mehr als 80 Jahren großen Respekt man muss diese Leute einfach bewundern sie hatten nur eine bescheidene Ausrüstung winkelmessinstrument Maßband Spaten und Kelle und trotzdem erhoben sie qualitativ hochwertige Daten wir können uns nur für ihn verneigen und sagen dass sie sehr sehr gut waren anschließend werden die Ergebnisse ausgewertet auf der Suche nach den alten Fundstellen hier ist noch Gras da ist das Haus wir wissen was sie gefunden haben und können unsere Daten entsprechend interpretieren befürchtet hatte gab es in der Zwischenzeit zahlreiche Eingriffe aus mehreren Jahrhunderten darunter auch ganz modernen wenn Sie all das Ausblenden können Sie das mittelalterliche Ensemble erkennen und alles andere was sie gefunden haben an den dunklen Stellen haben sie gegraben und obwohl hier Rasen ist das Haus und die Gärten wissen wir was sie gefunden haben die leeren Gruben die todemanns hinterließ sind deutlich zu erkennen Grab eins unter der Straße gab zwei halb unter der Straße gab drei teilweise unter der Umfriedung und sie haben das bisher unberührte Grab Nummer 4 identifiziert unter dem Gehweg das ist das Grab das nie ausgegraben wurde etwa einen Meter unter der Erde haben wir eine merkwürdige Unregelmäßigkeit da könnte noch eine grobe sein mit einer solchen Entdeckung hatte sarvalent nicht gerechnet könnte das von 1361 stammen allein Grab Nummer 4 könnte viele weitere Skelette und Rüstungen enthalten und nun haben die Forscher noch eine mögliche weitere Fundstelle entdeckt ihre Erkenntnisse könnten eine wichtige Vorarbeit für künftige Ausgrabungen sein am 22 juli 1361 landet König Waldemar mit seiner Streitmacht etwa 25 km südlich von wiesby in westergan dessen bucht einen natürlichen Hafen bildet dann ziehen sie nach Norden das Volk hier der Gotländer schlägt mindestens eine Schlacht um die erobere aufzuhalten aber es wird zurückgeschlagen die Kämpfer wollen sich in die einzige befestigte Stadt der Insel retten nach wiesby aber die Stadttore bleiben verschlossen die Bewohner von wiesby verweigern der Miliz den Schutz der Stadt trotz ihrer Proteste müssen sie draußen bleiben und sich dem Feind Stellen buchstäblich mit dem Rücken zur Wand [Musik] [Musik] die Festungsmauern von wiesby sind stark genug um den Angreifern Stand zu halten warum aber dürfen die Gotländer nicht hinein die Ringmauer ist ein Wahrzeichen der Stadt und gehört heute zum Weltkulturerbe der UNESCO aber für die Kämpfer vor den Toren macht die Mauer im Jahr 1361 den Unterschied aus zwischen Leben und Tod [Musik] seine Lage mitten in der Ostsee machte Gotland Reich denn man konnte von Ost nach West und von West nach Ost handeln und die gotlinde waren gute Händler Wisby ist eines der bedeutendsten Handelszentren im Ostseeraum mit seinen Lagerhäusern den weiß gekalkten Gebäuden und seinem sicheren Hafen ein mittelalterliches Manhattan mit hohen weißen Häusern es gab viele Kirchen und die Ringmauer Besucher die hierher kamen es ist eine Zeit des Wohlstands die blühende Handelsstadt zieht zahlreiche Menschen aus fernen Ländern an politisch hier lebten auch viele Menschen anderer Nationalität deutsche Russen und Engländer trieben Seite an Seite Handel mit den gotländern als die Invasoren kommen wir glauben dass die Gotländer die Hilfe der Stadtbewohner suchten aber die wollten lieber verhandeln und darum öffneten sie die Tore nicht vielleicht hatten sie Angst so viele bewaffnete in der Stadt zu haben und darum überließen sie die Männer draußen vor den Mauern ihrem Schicksal die große Ringmauer ist nicht nur zum Schutz vor Fremden Eroberern errichtet worden es gibt auch Spannungen zwischen den gotländischen Bauern und den Amtsträgern in wiesby die den Handel auf der Insel kontrollieren [Musik] die Mauer wurde auch gebaut damit die Bauern bezahlen mussten wenn sie ihre Ernte in wiesby verkaufen wollten die Stadtbewohner wollten auch an diesem Geschäft verdienen eine Stadtmauer die die einheimischen Bauern zwingt zu zahlen wenn sie ihre Waren auf dem Markt von Visby verkaufen wollen so sieht der Konflikt zwischen der Landbevölkerung und den Kaufleuten aus warum entschloss sich das Volk sehr an diesem Tag zum Kampf sie müssen gewusst haben dass sie vermutlich alle getötet werden sie standen da mit einer Festungsmauer im Rücken und von vorne rückte ein gut ausgebildetes Söldner her an es machte keinen Sinn gegen diese Armee zu kämpfen und trotzdem taten sie es im späten Frühjahr 1361 hat es erste Warnungen vor einer drohenden Invasion Gotlands gegeben die Insulaner müssen schnell sein es gibt kein stehendes Heer und ihnen bleiben nur wenige Wochen um eine Miliz zu rekrutieren auszubilden und zu bewaffnen die dänischen Truppen fügen den gotländern eine vernichtende Niederlage zu aber bis heute weiß man wenig darüber was während der entscheidenden Schlacht tatsächlich geschah doch dank der Ausgrabungen gibt es aufschlussreiche Fundstücke Wisby ist ein Glücksfall für die Archäologie weil so viele gefallene Kämpfer gleich in ihren Rüstungen begraben wurden um diese Rüstung zu sehen ist die britische Archäologin Karen Wats nach Stockholm gereist hier wird der Großteil der wisby-sammlung aufbewahrt Karen whats hat ihre ganze wissenschaftliche Arbeit dem Studium europäischer Waffen und Rüstungen gewidmet ihre Leidenschaft für das Thema wurde vor allem durch die Funde in wiesbügel geweckt die besten Rüstungen die ich je gesehen habe großartig zu den beeindruckendsten Objekten der Sammlung gehören die brustharnische mittelalterliche Rüstungen aus dieser Periode sind generell sehr selten doch findet sich hier eine breite Auswahl verschiedener Modelle alles Zeugnisse derselben Schlacht von derselben Fundstelle sie erlauben einzigartige Einblicke in die Art und Weise wie mittelalterliche Krieger in den Kampf zogen die hier gefundenen Stücke sind sogenannte plattenröcke und lamellenrüstungen dafür wurden einzelne individuell geschmiedete eisenelemente vernietet oder miteinander verdratet und auf einem Hemd aus Leder oder Leinen befestigt hier sind mehrere vollständige Exemplare versammelt und Karen Watts kann erkennen dass jedes Teil individuell angefertigt wurde ich kann es nicht glauben diese Größe das ist für einen Jungen mir war nicht klar dass sie verschiedene Größen haben Thomas Lehmann ist ein schwedischer armee-offizier er hat alle Rüstungen von 1361 untersucht und mit großer Sorgfalt rekonstruiert nachdem sie aus den Massengräbern geborgen wurden er konnte verschiedene Typen aus unterschiedlichen Perioden feststellen es gibt vier verschiedene Arten von harnischen man erkennt ihre Entwicklung anhand der Materialien die man in den groben fand hier sieht man einzelne Lagen Stoff die metallbeschichtet wurden jetzt ist es Metall es könnten noch mehr sein wir brauchen weitere Untersuchungen am verbreitetsten waren plattenröcke eine Art mittelalterlicher splitterschutzweste Gegenstände ohne irgendwelche Ornamente oder Verzierungen bis auf diese hier die hat messingplaketten das ist ein Beispiel für ein Wappenzeichen haben sie herausgefunden so wem es gehörte das ist eine interessante Sache es gibt verschiedene Theorien eine davon besagt es könnte einer bestimmten Familie in Flandern aber ein Mitglied dieser Familie wird vermisst manches Gelehrte Wiesen noch Reste von kettenrüstungen auf etwa solche Hauben [Musik] es ist schon selten dass einzelne Kettenglieder auf mittelalterlichen Schlachtfeldern gefunden werden komplette Kettenhemden oder solche Hauben sind deshalb extrem ungewöhnlich zu den großen Rätseln rund um wiesby gehört die Frage warum die Toten in ihren Rüstungen begraben und nicht vorher entkleidet wurden dazu gibt es verschiedene Erklärungen die große Hitze zur Zeit der Schlacht oder die Angst vor solchen oder es gab einfach nicht genug Überlebende um diese Arbeit zu erledigen im ersten Massengrab liegen die Toten noch ordentlich Seite an Seite aber am Ende wurden sie einfach in die Grube geworfen zusammen mit allem anderen man findet Münzen und Messer sogar wertvollere Dinge die Helfer müssen in großer Eile gewesen sein es war sicher eine grauenvolle Erfahrung diese ganzen Leichen in die Gruben zu schaffen warum wurden die Toten mit ihrer wertvollen Ausrüstung begraben dazu gibt es mehrere Theorien eine besagt dass die Zeit nicht reicht um sie zu entkleiden das klingt allerdings etwas vage das könnte aber auch sein dass man die Rüstungen nicht mehr abbekam es war heiß die Leichen lagen seit ein paar Tagen dort waren aufgedunsen man konnte ihnen die Kettenhemden nicht mehr ausziehen ganz einfach in ihren Rüstungen begräbt und die Stelle mit einem großen Kreuz markiert kann man ein paar Jahre später wiederkommen wenn die Körper skelettiert sind und sich die Sachen holen durchaus sinnvoll sie wollten wahrscheinlich zurückkommen haben es dann aber nie getan Metall war damals ein teurer Rohstoff aber vielleicht waren diese Rüstungen längst überholt und wurden deshalb zurückgelassen Rüstungen waren sehr wertvoll wir glauben dass sie wegen der Hitze mit ins Grab kamen man wollte die Toten schnell loswerden aber die Rüstung waren auch alt manche Rüstungen waren damals noch zeitgemäß andere stammten aus der Wikingerzeit und das war wirklich alt ein anderer Grund könnte sein dass der Zugang zu den Gräbern von den Eroberern eingeschränkt wurde man könnte sich vorstellen dass sie die Toten nicht entkleiden durften über die Sachen verfügen und die hatten vielleicht genügend eigene Ausrüstung und wollten sich nicht damit belasten all die Toten auszuziehen das war Kriegsgerät es waren ja auch Waffen dabei und vielleicht wollten sie dafür sorgen dass die Gotländer keinen Zugang zu Kriegsgerät bekam da war es eine gute Idee künftige Probleme zu vermeiden plattenröcke und lamellenrüstungen waren Auslaufmodelle um 1361 wurden sie durch die fortschrittlicheren Plattenpanzer ersetzt die meisten professionellen Soldaten wie die deutschen und dänischen Söldner den die Gotländer gegenüberstanden hatten sie bereits jeder hält diese Rüstungen für unglaublich archaisch und altmodisch doch das waren die Vorläufer der festen Brustplatten Menschen die solche Rüstungen trugen braucht man etwas flexibles mit dem man rennen und sich bewegen konnte aber ein fester Panzer hat natürlich Vorteile gegenüber Kettenhemden Ketten sind flexibel sie schützen gegen schwertiefe aber sie schützen nicht gegen Treffer mit schweren stumpfen Waffen die Vorteile der Ketten aber sie wollten Platten und sie verbrachten 150 Jahre mit der Entwicklung von Platten es war ein gewaltiger technischer Fortschritt als man große Platten herstellen konnte das bisher fehlende Glied in der Entwicklung der mittelalterlichen europäischen Rüstungen liefert auf die Technologie ist dies das wegweisende Modell daraus wird schließlich die klassische Rüstung entwickelt hier ist überall ein gewisser Erfindungsgeist zu erkennen der Wunsch die perfekte Rüstung zu schaffen die gut ausgestatteten dänischen Soldaten und die professionellen deutschen Söldner aus königswaldemas Armee sammelten wahrscheinlich die wertvollen Gegenstände vom Schlachtfeld ein vor allem kleinere die sich leicht transportieren ließen so wurde zum Beispiel in wiesby kein einziger Helm gefunden haben sie mit denn man kann zumindest das Material gebrauchen Eisen ist auch dann noch wertvoll wenn der Helm alt oder beschädigt ist [Musik] aber was ist mit den sterblichen Überresten der gutländer selbst welche Hinweise geben dieselette Marlon holst ist Osteo Archäologin und auf Knochenfunde spezialisiert sie ist nach Stockholm gekommen um die Funde aus Visby selbst in Augenschein zu nehmen sie möchte mehr über die Sammlung wissen wie die Knochen klassifiziert und konserviert wurden ich habe keinen gefühlsbetonten oder romantischen Blick auf das Mittelalter ich versuche ein wissenschaftlichen Zugang zu finden indem ich mir anschaue was da ist wie die Fakten sind und die dann interpretieren kann ich aus dem Knochen und dem Kontext in dem sie gefunden wurden Rückschlüsse auf das Alltagsleben der Person ziehen Mittelalter gab es normalerweise keine Grabbeigaben aber aus den Spuren auf den Knochen kann man Schlüsse ziehen auch Knochenbrüche oder die Abnutzung der Zähne geben uns Hinweise auf das Alltagsleben im Rahmen ihrer Arbeit hat Marlen holst auch das Massengrab im englischen tauten untersucht ebenfalls die Hinterlassenschaft einer mittelalterlichen Schlacht dort hatte man etwa 100 Skelette ausgegraben in den Magazinen des Historischen Museums in Stockholm Lagern mehr als 10 mal so vieles Skelette wie in tauten gefunden wurden analysieren die Skelette und bestimmen Alter Geschlecht Körpergröße und mögliche Krankheiten oder Verletzungen in der Regel ist es nicht möglich die Todesursache festzustellen arbeiten sehr eng mit Archäologen zusammen der Austausch ist für uns außerordentlich wichtig denn wenn ich ein Skelett untersuche erhalte ich nur sehr begrenzte Information das Umfeld und wenn ich weiß aus welcher Gegend die Person stammte dann verstehe ich viel mehr über sie much die Ausgrabungen wurden für die damalige Zeit sehr sorgfältig durchgeführt denn man hatte großes Interesse an militärhistorie und damit besonders an den Kampfspuren die die Knochen aufwiesen haben ein anderes Interesse wir wollen mehr über die Menschen erfahren Osteo Archäologie ist eine relativ junge Wissenschaft Peterson beschäftigt sich schon lange mit den Skeletten von Wisby vielleicht länger als jeder andere er untersucht wie sich die Analyse Methoden der 1930er Jahre von denen des 21 jahrhunderts unterscheiden berücksichtigt man die Fülle des Materials wurde seit dem Zeitpunkt der Ausgrabung vor fast einem Jahrhundert nur wenig damit gearbeitet seit damals haben sich die Methoden und Fragestellungen jedoch stark verändert vor allem aber die technischen Möglichkeiten dies ist ein Beispiel dafür wie Skelette vermischt wurden in diesem Karton sind Schädel und Schienbeinknochen und ein Oberschenkelknochen die Skelette wurden nicht im ganzen ausgegraben und gelagert zur Zeit von Tode Mann ging die Archäologen anders vor die Grabungsstätte wurde in Planquadrate eingeteilt und strickt Quadrat für Quadrat freigelegt die zum gleichen Skelett gehörten wurden entsprechend markiert die heuteübliche Methode ist jedes individuelle Skelett komplett auszugraben so dass alle entsprechenden Knochen zusammen bleiben was mit heutigen Methoden noch nicht untersucht werden kann könnte trotzdem für künftige Forscher interessant sein sofern das komplette Skelett vorhanden ist man alle Oberschenkelknochen zusammen in einem Karton und andere Knochen in anderen Kartons und wir mussten dann mühsam herausfinden welche Knochen zu welchem Skelett gehörten die große Anzahl der Skelette macht ihre Konservierung zu einer langwierigen Angelegenheit auch küssen und andere aus der Archäologen haben viele Stunden damit verbracht die whispieskelette wieder zusammenzusetzen einige wurden noch nie untersucht seit sie ins Magazin kamen die zeigen einen einzigartigen Querschnitt der Verletzungen die Kämpfer in einer mittelalterlichen Schlacht davon trugen praktisch jedes Skelett weist Spuren äußere Einwirkungen auf todemanns Untersuchungen waren ein erster Schritt mehr über die Menschen in den Massengräbern zu erfahren seine Arbeit ebnete den Weg für die moderne Osteologie die Indizien finden sich in den Knochen wir können Ihnen hoffentlich etwas zurückgeben nicht Ihren Namen aber wir können sagen diese Person hatte eine bestimmte Größe eine bestimmte Statur warum bist und so weiter und so wie er aussieht hat dieser Mensch schwer geschuftet und Unfälle erlitten ein gebrochenes Bein ein gebrochenen Finger all das kann man aus den skelettresten herauslesen haben eine Geschichte zu erzählen ich möchte ihre Stimme sein wir können sie ansehen und sagen so haben sie gelebt bis sie eines Tages gestorben sind durch welche genaue Ursache auch immer ob sie nun jung oder alt waren allein oder mit Familie und Freunden sie sind in der Schlacht gefallen und zusammen mit vielen anderen Menschen in ein massengrad geworfen worden und sie lieben total anonym das ist wichtig Soldaten haben mir erzählt dass sie große Angst haben anonym zu sterben anonym begraben zu werden ohne dass jemand weiß wo sie sind wer sie waren und wie sie gestorben sind bis zu einem gewissen Grade können Archäologen Menschen aus früheren Zeiten zum Sprechen bringen so war ich so habe ich gelebt und so bin ich am Ende gestorben die meisten Wunden stammen von Hieb und Stichwaffen vor allem von Schwertern untersuchte hunderte von Skeletten und fand viele Kerben die von klingen verursacht wurden man erkennt oft mehrere hebe auf einem Knochen ist 17 18 s warum sind da so viele Kerben auf dem Schienbein saß er vielleicht auf einem pferdländische Bauern den ich und die dänischen Soldaten wussten dass diese Leute gegen die sie da kämpften ihre Beine nicht besonders gut schützen konnten sie tief und schlugen immer wieder zu kampfunfähig zu machen genau das müssen sechs Hebel gewesen sein meistens haben sie sich auf die Unterschenkel konzentriert aber man findet auch Wunden an Oberschenkelknochen dann aber im unteren Bereich unglaublich hier wurden die unteren beiden Knochen durchtrennt buchstäblich in der Mitte durch es gibt viele Beispiele für abgeschlagene Füße gewesen zu sein auf die Beine einzuhacken hier ist wieder ein Schnitt ja und an den Rillen erkennt man dass das Schwert oder welche Waffe auch immer benutzt wurde schalte ich war hier sieht man Linien ich glaube schon sonst sind solche Schnitte immer ganz glatt aber hier erkennt man ein Muster hier gibt es noch eine Verletzung der Knochen wurde fast vollständig durchtrennt und der Rest brach an das ganze Bein wurde abgeschlagen hat bei vielen gotländern ähnliche Verletzungen entdeckt el der Schienbeinknochen zeigt solche Spuren oft mehr als eine in vielen Fällen haben die dänischen Soldaten den gotländischen Bauern mehrere schwertwunden an den Unterschenkeln zugefügt warum waren diese Verletzungen so häufig das weiß Thomas nemann fast alle Wunden betreffen die Unterschenkel ziemlich weit unten wie setzt man so einen Treffer e kann man leicht den unteren Teil des Knochens treffen ohne sich vorzubeugen aber jetzt könnte Peter dich mit seinen Schwert angreifen ohne Schild muss man ihn festhalten und dann die Unterschenkelknochen durchtrennen dazu braucht man aber Mut und Erfahrung so etwas wurde trainiert ein Bauer hatte vielleicht kein Schwert sondern einen Spieß dann versucht man erst den Spieß zu fassen zu kriegen bevor man ihn Hieb setzt das reicht dann meinte manchmal wurden beide Beine mit einem Schlag durchtrennt geht das mit einem Schwert ich denke schon probiert habe ich es nicht aber das Schwert ist so scharf dass man nicht allzu viel Kraft braucht aber bei diesem Fuß zum Beispiel wurde das Bein von der Innenseite durchtrennt hier an der Ferse sind ja viele Muskeln ja das ist wichtig wenn man den Hieb ausführt ohne zu treffen wenn man von oben kommt und dann den Arm streckt weicht man leicht aus und so kommt es zu dem Bogen wegen der Reichweite [Musik] schreien hört kämpft selbst auch nicht mehr gut viele Schädel weisen rampenförmige Verletzungen auf einige davon könnten durch Armbrustbolzen verursacht worden sein doch die meisten stammen von kriegshämmern die dänische Armee benutzte diese Waffe mit erschreckender Präzision um Männer zu töten die bereits durch schwertiebe verwundet waren manchmal muss man so einen Schädel mit einem großen Loch erstmal wieder zurücklegen und einen Kaffee trinken gehen und Pause machen es ist erschreckend der hier ist interessant mitten in die Stirn getroffen hat das war sicher tödlich im volksherr standen auch die Alten und Schwachen die Jungen und selbst die körperlich gehandicapten sie trugen veraltete Rüstungen die es nicht einmal wert waren nach ihrem Tod wiederverwendet zu werden warum wurden diese Menschen allein gelassen gegen eine dänische Streitmacht aus erfahrenen Kriegern und professionellen Söldnern sie kämpften gegen diese Armee ohne zu ahnen was sie erwartete sie wurden einfach abgeschlachtet die Knochen der Toten enthüllen entsetzliches leid aber es ist auch überliefert dass sich die Gotländer in ihrem letzten Gefecht tapfer schlugen Väter Brüder und Söhne starben bei dem Versuch ihre Familien und ihre Heimat zu schützen egal ob Sieger oder Verlierer so eine Schlacht ist für alle ein einschneidendes Erlebnis und sie zieht enorme Veränderungen im ganzen Land nach sich vielleicht sogar auf dem ganzen Kontinent dann Überreste dieser Schlacht findet kann man sich vorstellen was auf beiden Seiten geschah die Toten in den Gräbern waren meist auf Seiten der Verlierer verloren und die Dänen gesiegt hatten bedeutete einen Machtwechsel auf der ganzen Insel und die Gotländer die so unglaublich wohlhabend waren standen plötzlich unter fremde Herrschaft [Musik] die Überreste der Toten in Stockholm und whisby sind bleibende Erinnerungen an den Heldenmut und die Tragödie der Gotländer im Jahr 1361 und noch heute erinnert die graue Ringmauer von Visby an jenen Tag als ihnen die Zuflucht verwehrt wurde [Musik] Nordfrankreich die englische Armee ist erschöpft und schwach vor Hunger sie macht sich für den Rückzug bereit [Musik] doch die beste Armee die das mittelalterliche Frankreich je aufgestellt hat schneidet ihnen den Weg ab die französischen Edelmänner sind sich ihres Sieges sicher aber an diesem Oktobertag im Jahre 1415 wendet sich das Schicksal gegen sie [Applaus] sechs Jahrhunderte später analysieren Historiker und Archäologen was in einer der bedeutendsten militärischen Auseinandersetzung des Mittelalters wirklich passiert ist in der Schlacht von assonkur geht es um Mut und Ehre irgendwo hier liegen tausende gefallene dieser Schlacht sie wollen herausfinden wie der Tag zu einer der vernichtenden Niederlagen für den französischen Adel wurde in dem Moment wissen sie nicht dass sie um ihr Leben kämpfen das Mittelalter eine Zeitspanne vom 5 bis zum 15 Jahrhundert eine Gruppe von Archäologen erforscht das Leben im Mittelalter indem sie sich mit den Toten des Mittelalters beschäftigt wir haben eine klassische Ansicht vom Leben im Mittelalter aber wir wissen nicht wie die einfachen Leute ihre Familien ernährt haben in unserem Lager haben wir hunderte wenn nicht sogar tausende Skelette wir konzentrieren uns auf diese Toten sind wir suchen in den Skeletten nach Anhaltspunkten man sieht praktisch mit ihren Augen und fragt sich was sahen sie wie sind sie gestorben diese unglückliche Schlacht wurde nahe dem Dorf asankur geschlagen im Jahre des Herrn 1415 am Tag der heiligen christinus und krispianos die Schlacht am 25 Oktober 1415 ist vielleicht die bekannteste der englischen Geschichte also Kur im englischen Court genannt ist der spektakuläre Sieg Heinrich des fünften über die Franzosen der militärische Erfolg verhilft dem jungen König in politisch zum Durchbruch und verschafft England im Hundertjährigen Krieg gegen Frankreich einen wichtigen Sieg für kaum eine andere Schlacht gibt es so viele zeitgenössische Quellen sie berichten wie Heinrich der fünfte im August in der Normandie landet um Teile des Landes für England zurückzugewinnen es gelingt ihm die Hafenstadt auf Flirt zu erobern aber die Belagerung ist verlustreich und viele seiner Männer leiden an der Ruhe und sind geschwächt Heinrich beschließt sich mit den verbliebenen Truppen nach Norden ins Englisch besetzte schlagen ein riesiges französisches Heer wartet darauf Heinrichs Truppen den Rückzug abzuschneiden einige Chronisten sprechen von 40 bis 60.000 französischen Rittern und Soldaten im Kampf gegen 5 bis 6000 Engländer siegesgewiss rücken die Franzosen vor tausende schwergerüstete Soldaten marschieren über das schmale Schlachtfeld das englische hebe steht überwiegend aus Bogenschützen sie tragen lediglich Kettenhemden aber sie sind geübt im Umgang mit einer der tödlichsten Waffen des Mittelalters dem Langbogen die englischen Bogenschützen schießen einen Pfeilhagel nach dem anderen ab die französischen Ritter verfallen in Panik viele versinken in dem von anhaltendem Regen aufgeweichten Schlachtfeld und werden in großer Zahl entweder gefangen genommen oder getötet ein Stoff für Legenden und so werden die Ereignisse in England schnell zu einem Mythos verklärt der bis heute Teil der nationalen Identität ist ist für viele der Inbegriff einer mittelalterlichen Schlacht eine klassische Schlacht in der die zahlenmäßig unterlegenen die gegnerische Übermacht besiegen eine Schlacht die zu einem Mythos des alles ist möglich wird Heinrich dem fünften und seinen Männern ist es entgegen allen Erwartungen gelungen die französische Krieger Elite zu besiegen [Musik] ich denke also ist für die meisten die berühmteste Schlacht des Mittelalters besonders in England sie wurde dank William Shakespeare zu einem Mythos es ist die Schlacht schlechthin dem Underdog den Engländern gelingt es die scheußlichen Franzosen zu besiegend ins Englische selbst sind 315 gemacht so wurde die Schlacht viele Jahrhunderte lang gesehen erst in den letzten Jahren haben Historiker begonnen den Verlauf der Ereignisse zu hinterfragen professor and carry ist eine der profundesten Kennerin der Schlacht besonders was die zeitgenössischen Quellen betrifft Ausgangspunkt ihrer Forschung sind die Truppenstärken bei der Armeen über 600 Jahre waren sich die Historiker einig dass das französische Heer mit mehreren 10.000 Mann dem englischen haushoch überlegen war aber nur wenige haben sich die Mühe gemacht diese Annahme in den Quellen zu überprüfen ein Großteil der englischen Armee bestand aus den legendären Langbogenschützen Curry versuchte nun mehr über diese Soldaten herauszufinden man ging immer davon aus dass die Namen der Bogenschützen nirgendwo verzeichnet sind wir kennen nur die Namen der elitären sogenannten gewappneten aus der Agent courtrol eine Abschrift aus dem 17 Jahrhundert also bin ich im National Archiv alle verfügbaren Dokumente durchgegangen weil es ein Söldner her war wurde die Entlohnung der Männer in den Akten festgehalten ich wollte den Namen dieser Soldaten herausfinden die Quellen geben auch darüber Auskunft wie viele Männer Heinrich den fünften auf seinem Frankreich Feldzug begleiteten in England gab es zu diesem Zeitpunkt kein stehendes her aber es gab genügend militärische Auseinandersetzungen um als Berufssoldat sein Geld zu verdienen wir kennen die Namen von mindestens 7.500 Männer die nach Frankreich gingen das her war wahrscheinlich fast 12.000 Mann stark wie viele genau in der Schlacht vom 25 Oktober 1415 kämpften ist jedoch schwer zu sagen and Curry schätzt dass es zwischen 8 und 9000 waren also wesentlich mehr als die fünf bis sechs tausend von denen man bislang ausgegangen war außerdem schien die französische Armee längst nicht so groß wie immer behauptet wird es ist wesentlich schwieriger etwas über das französische hier herauszufinden wir haben ein paar Quellen aber nicht sehr viele die Franzosen waren in der Defensive und haben wahrscheinlich so viele Männer wie möglich rekrutiert ist die Summe die für diese Militäraktion benötigt wurde in einem wichtigen Dokument verlangt Karl der sechste genügend finanzielle Mittel für eine Armee von 9000 Soldaten 6000 gewappnete und 3000 Langbogen und Armbrust Schützen in der französischen Armee ist also zwei zu eins in der englischen Armee ist es genau umgekehrt ich glaube die französischen Truppen waren um die 9000 Mann stark vielleicht auch bis zu 12 aber bestimmt nicht sehr viel größer eine Zahl von 40 bis 60.000 Soldaten ist angesichts der heeresgröße dieser Zeit einfach unglaubwürdigern vor allem aus gewappneten aristokratischer Herkunft aber in der englischen Armee gab es auch viele Adlige es gab nicht wirklich einen Unterschied heute denken wir dass der einfache Mann gegen die Franzosen kämpfte während sich die französischen Truppen aus der aristokratischen Oberschicht zusammensetzen tatsächlich waren sich die beiden Heere sehr ähnlich was ihre soziale Herkunft und auch ihre Ausrüstung betraf man vergisst auch oft dass die Franzosen ebenfalls große Strecken zurücklegen mussten sie sind nicht einfach in Agent Curd eingeflogen sie hatten einen langen Weg hinter sich sie waren erschöpft ihn gegen die Vorräte aus mit Oktober 1415 liefern sich die fast ebenbürtigen englischen und französischen Truppen eine Verfolgungsjagd entlang des Flusses zum Heinrich ist auf dem Weg nach Calais der letzten englischen Bastion in Nordfrankreich heinrich hatte sich nach der Belagerung von Arthur dazu entschieden nach Calais zu ziehen darin sind sich alle Quellen einig er suchte keine Auseinandersetzung er dachte der Marsch würde acht Tage dauern aber es dauerte wesentlich länger weil er es nicht wagte die Song zu überqueren den Fluss zu überqueren würde Zeit beanspruchen und die Armee leicht angreifbar machen Heinrich will jedoch seine Gegner abschütteln die französische Armee folgte ihnen auf der anderen Seite des Ufers es dauerte lange bis die Engländer einen Vorsprung gewonnen hatten und den Fluss überqueren konnten heinrich war auf der Flucht und die Franzosen waren ihm dicht auf den Fersen er hatte Angst sich mit ihnen ein Gefecht zu lieferneries das Britische Museum für Waffen und Rüstungen sie ist Expertin für Armeen des 15 jahrhunderts die Franzosen haben eine völlig andere Einstellung zur bevorstehenden Schlacht sie denken Sie gehen zu einer Party einem großen Ritterturnier ist 15 Jahre zuvor hatte nur wenige Kilometer entfernt ein großes Turnier stattgefunden im Turnier von Santander und die Franzosen während einer Waffenruhe ihre Kräfte der französische Oberbefehlshaber von assunko hatte an diesem Spektakel sogar selbst teilgenommen die Franzosen sahen in der Schlacht also eher ein spannendes Kräftemessen zudem sie in ihren besten Rüstungen und der neuesten Ausrüstung antraten für viele französische Adlige ist es eine einmalige Gelegenheit aus ganz Nordfrankreich strömen sie nach asankur um die fliehenden Engländer aufzuhalten die Zusammensetzung des französischen Heeres unterscheidet sich maßgeblich von dem der Engländer die French antisuppy die Franzosen dachten dass die Schlacht im Nahkampf zwischen den gewappneten beiderseiten ausgetragen werden würde und weil sie mehr gewappnete hatten waren sie im Vorteil sie planten außerdem die Kavallerie einzusetzen um die englischen Bogenschützen niederzureiten waren Heinrichs großer Vorteil denn sie konnten die vorrückenden französischen Truppen ausschalten noch bevor sie angreifen oder die englischen Reihen erreichen konnten [Applaus] französische Kavallerie wesentlich kleiner war als geplant die meisten Ritter und Adeligen wollten lieber mitten im Kampfgeschehen sein es war einfach weniger ruhmreich Bogenschützen nieder zu reiten sie erwarteten einen Nahkampf mit den Engländern einen Zweikampf mit den englischen Adligen und insbesondere mit dem englischen König aber diese Schlacht ist eben alles andere als ein Turnier ihr in weniger als ein zwei Stunden ist die Elite des französischen Rittertums stark dezimiert das ist ein totaler Schock für die Franzosen Brüder und Väter sterben vor ihren Augen selbst Grafen Herzöge und fürstenfallen zu diesem Zeitpunkt halten sie noch an ihrem Ehrenkodex fest und bieten den Engländern ihren Handschuh als Zeichen der Kapitulation sie denken die Engländer würden sie gefangen nehmen wenn sie aufgeben durch Lösegeldzahlung würden sie schließlich wieder frei kommen und somit wären sie nicht wirklich hingefahren es würde ihn nichts passieren sie würden nicht sterben wenn sie sich stellten die Franzosen haben diese Schlacht völlig falsch eingeschätzt sie ahnen nicht dass sie tatsächlich um ihr Leben kämpfen da die Adligen vor allem in der Vorhut kämpfen sind viele der französischen gefallenen Aristokraten das war ungewöhnlich für eine Schlacht des Mittelalters normalerweise starben hauptsächlich gemeine Soldaten für die französische Geschichte weil es keine Erben mehr gibt das Land wird dadurch massiv geschwächt in den nächsten 50 bis 100 Jahren fehlt es an männlichen Erben diese eine Schlacht hatte Auswirkungen die noch ein ganzes Jahrhundert später spürbar sein sollten Oma glaubt dass auch die Zahl der Gefallenen zu hochgegriffen ist zur Zeit der Schlacht war Frankreich durch einen innenpolitischen Machtkampf zwischen den Burgundern und den armenjacken entzweit zeitgenössische Berichte bei der Seiten unterscheiden sich in den Zahlen der Toten stark wahrscheinlich aufgrund politischer Motive war besonders für die Burgunder eine Katastrophe es ist schwer zu sagen wie viele Burgunder damals ums Leben kamen ihre Chronisten sprechen von 5.800 Toten aber diese Zahl scheint mir genauso übertrieben wie schon die Größe der französischen Armee 1500 ist wahrscheinlicher auch die Engländer übertrieben eine englische Chronik spielt die Zahl der gefallenen auf zehn Tote herunter eine andere spricht von 400 die genauen Zahlen machen uns Probleme es scheint am schwierigsten die Zahl der Toten zu bestimmen auch wenn niemand weiß wie hoch die Verluste genau waren fest steht dass es eine verheerende Niederlage für die französische Armee war Heinrich behauptete Gott selbst müsse auf der Seite der Engländer gestanden haben um die Franzosen zu bestrafen in ganz England wird an die Veteranen der Schlacht mit Ehrengräbern und Denkmälern erinnert in Frankreich gibt es nur wenige Gedenkstätten auf dem Feld selbst erinnert nichts aus der Zeit der Schlacht an die Gefallenen französischen Soldaten bis heute weiß niemand wo sie ihre letzte Ruhestätte gefunden haben und genau das hat Tim Sutherlands Interesse geweckt erst Archäologe an der Universität Jork und Spezialist für schlachtfeldarchäologie bekannt ist der vor allem für die Erforschung eines anderen mittelalterlichen schlachtfels tauten im nordenglischen Yorkshire die Schlacht von asankur ist wesentlich besser dokumentiert als tauten und salament ging davon aus dass sich seine Forschung relativ unkompliziert gestalten würde das ist eine Schlacht über die wir bereits alles Wissen eine klassische Geschichte die schon Shakespeare erzählt hat jeder Militärhistoriker von Rang und Namen hat über sie geschrieben wir dachten das wird ein Kinderspiel Land hatte keine Ahnung dass dieses Projekt ihn mehr als die nächsten zehn Jahre beschäftigen sollte in tauten hatte er die Ausgrabung eines zufällig entdeckten Massengrabs geleitet er war sich sicher dass es solche Gräber auch in asankur gab aber bevor er sie ausgraben konnte musste er sie erst einmal finden 2002 führte er zusammen mit dem metalldetektor-spezialisten Simon Richardson eine groß angelegte Fernerkundung des Schlachtfelds durch sie fanden eine Reihe von Artefakten aber nichts was mit der Schlacht den Verbindung gebracht werden konnte Sutherland war frustriert aber sein Jagdfieber war geweckt 2007 kehrten er und Richardson nach asanco zurück diesmal konzentrierten sie sich auf ein Gebiet in der Mitte des Schlachtfelds auf dem sich ein Wegkreuz befand das Kreuz war im 19 Jahrhundert errichtet worden im Gedenken an eine ortsansässige Familie aber es befindet sich an einer Stelle von der es heißt dass dort 1415 viele französische Soldaten bestattet worden waren suchten wir das gesamte Gelände mit dem Metalldetektor ab dann konzentrierten wir uns auf das kleine Gehölz und das Kreuz herum wo wir jetzt stehen leider war es uns anfangs nicht erlaubt Probegrabungen innerhalb des Waldstücks durchzuführen unsere archäologische Fernerkundung brachte geologische Besonderheiten zu Tage genau vor dem Waldstück bekamen wir außerdem ein Signal für ein großes Metallobjekt das tief im Boden vergraben war wir fassen die Stelle sofort als einen potentiellen Ausgrabungsort ins Auge das Bodenradar deutete auf eine große Menge Eisen hin in Torten hatten die Archäologen nur kleinere Artefakte aber keine Rüstung gefunden in den Massengräbern im schwedischen wiesby waren dagegen viele Tote in ihren Rüstungen begraben worden könnte es also sein dass das in asamkur ebenfalls der Fall gewesen ist manche Quellen deuten an dass Heinrich der fünfte Waffen und Rüstungen vergraben ließ damit sie nicht in die Hände der Franzosen fühlen das Problem war wir wussten nicht was sich in der Erde verbarg auf unserem Bodenradar war es nur ein riesiger eisenklumpen der sehr tief unter der Oberfläche lag wir mussten das untersuchen denn es gibt Gerüchte das Heinrich der fünfte die Waffen und Rüstungen der Franzosen vergraben ließ wir fragten uns also ist das vielleicht eine dieser Gruben das Signal war sehr stark natürlich mussten wir das Ausgraben wir legten ein großes Loch frei und Gruben tiefer und tiefer bis wir bei einem Meter angelangt waren plötzlich schlug der Metalldetektor an etwa eine spatenlänge tiefer gab es einen eisenfund wir dachten das muss es sein was immer es ist eine Bombe ein Traktor es konnte alles sein wir legten es vorsichtig frei und entdeckten ein Rohr das von einer Bohranlage stammte direkt unter unseren Füßen absolut keinen Sinn ein Stahlrohr das vielleicht noch viele Meter tief in der Erde steckt hatte das Signal ausgelöst zum einen waren wir enttäuscht zum anderen hatten wir keine Ahnung was es war also sprach ich mit dem Mann dem das Feld gehört er erzählte mir dass hier in den 60er Jahren noch Öl gebohrt worden war das war völlig in Vergessenheit geraten aber es erklärt was wir da gefunden hatten und die Enttäuschung eröffnet den Archäologen neue Möglichkeiten es war ein Dominoeffekt weil wir den Leuten so leid taten erlaubte man uns neben dem Kreuz archäologische Grabungen durchzuführen diese Chance kannst du valent sich nicht entgehen lassen das Gehölz ist ein vielversprechender Ort das Kreuz war deshalb ja errichtet worden weil an dieser Stelle einst eine Kapelle stand vielleicht zum Andenken an die Toten von 1415 die Kapelle war während der französischen Revolution zerstört worden aber so Talent hofft dass eventuelle Überreste ihn vielleicht zu den Gräbern führen mitten im Sommer ist hier alles überwuchert als erstes mussten wir das Gelände Freiräumen beschnitten die Büsche zurück und begannen mit der Fernerkundung sofort fanden sie Hinweise auf eine Schlacht allerdings nicht die auf die sie gehofft hatten direkt unter der Oberfläche fanden wir Artefakte aus Metall es waren Geschosshülsen aus dem ersten und zweiten Weltkrieg sowie Orden Münzen und so weiter das gehört zwar in den letzten 50 bis 100 Jahren von vielen Menschen besucht worden während der Weltkriege aber auch später im Interesse und alles konzentrierte sich auf das Kreuz hier auch wir untersuchen dieses Gelände in dem Versuch zu verstehen was für eine Rolle es in der Schlacht gespielt hat der Ort hat eine Menge Geschichte gesehen aber nichts davon scheint auf das Jahr 1415 hinzuweisen trotzdem dokumentierten sie die Funde und fingen an zu graben einen großen Graben entlang der Vorderseite ausgehoben und zwar waren sofort ein paar Steine aufgefallen die aus der Erde herausragten wir fanden Ziegelsteine und Mauerwerk in dem einmal ein Geländer verankert gewesen sein musste es sah aus wie ein Eingang mit einem Eisentor später bekamen wir eine Postkarte in die Hände auf der man das Geländer sehen kann wir haben versucht das Alter dieser Umfriedung zu bestimmen aber das war schwierig dem Foto nach vermute ich dass sie im 19 Jahrhundert gebaut wurde aber die Ziege stammen aus dem 18 Jahrhundert aus der Zeit in der auch die Kapelle entstand wahrscheinlich würde einfach altes Baumaterial das man hier fand wiederverwendet und sein Team Graben weiter in der Hoffnung jeden Moment auf ein mittelalterliches massengrabzustoßen aber wieder werden Sie enttäuscht wo immer wir in diesem Waldstück eine Probegrabung durchführten gingen wir leer aus manchmal fanden wir ein paar ziegelstücke aber sonst nichts es gibt keine archäologischen Hinweise auf menschliche Überreste oder Massengräber das ist äußerst merkwürdig denn jeder dachte dass sie sich hier befinden würden wo also sind die französischen Toten von Asien Coach muss die Suche nach den Gräbern von einer anderen Seite angehen er beginnt sich mit der Heimatgeschichte der Gegend zu beschäftigen bei seiner Recherche findet er heraus dass er nicht der erste Archäologe hier war zuvorgekommen war ihm der vielleicht erste Schlachtfeld Archäologe der Welt 1818 war Lift Tennant Körner John Woodford ein britischer Offizier der Besatzungsmacht nach der Schlacht von Waterloo in Nordfrankreich stationiert er hatte sich Zeit seines Lebens für Geschichte interessiert und nutzte die Gelegenheit das berühmte Schlachtfeld von asankuren näher zu untersuchen [Musik] der einzige der in dieser Gegend archäologisch gearbeitet hat ist John George Woodford er kam 1818 mit einer Gruppe von 60 Mann nach asienkur und führte Grabungen durch dabei fand er tatsächlich massengräbermünzen Pfeilspitzen und Eisenstücke die er beschrieb und dokumentierte das waren die Toten von arsenko aber das Problem ist wir wissen nicht wo er gegraben hat die Fundstelle ist längst vergessen es gibt keine detaillierte Beschreibung oder Karte der Ausgrabung auch die Artefakte die gut fortgefunden hat scheinen für immer verloren zu sein zurück in England bleibt Tim Sutherland jedoch auf dieser Spur bis jetzt hat niemand versucht herauszufinden was mit den Toten in notfallsgräbern passiert ist im Landesarchiv der englischen Grafschaft Voyager befindet sich eine Briefsammlung aus dem Familienbesitz des Politikers Roger new degate in der Sammlung gibt es auch Briefe die John Woodford während der Ausgrabungen an seinen Bruder Alexander schrieb die nötige Geld Collection ist eine unserer größten Sammlungen eine sehr einflussreiche Familie und hatten offensichtlich großes Interesse an Geschichte Kunst und Kultur sie finden diese Briefe über die Ausgrabungen in asankur wahrscheinlich höchst interessant er hat seinen Bruder oft geschrieben sie müssen einander sehr nah gewesen sein und er wollte ihm seine aufregende Entdeckung mitteilen er nennt ihn mein lieber arm sein Name war Alexander und er schreibt ihm was er alles gefunden hat John George Woodford geschrieben am 19 Juni er schreibt seinem Bruder am Tag nach der Schlacht 400 Jahre nach der Schlacht von asamkur am 18 juni 1815 kämpfte lef Tennant Woodford in der Schlacht von Waterloo gegen die napoleonischen Truppen seine Familie sofort dass es ihm gut geht aber Land interessiert sich vor allem für die Briefe aus dem Jahr 1818 als wurde vor den asunken war sie stellen die einzige Dokumentation seiner Grabung auf dem Schlachtfeld da einen offiziellen Grabungsbericht hat man nie gefunden das ist einer von woodvollsten einer der mich ganz besonders interessiert denn hier hat George Woodford eine Münze gezeichnet die er bei seiner Ausgrabung in asyncour gefunden hat so this gold coin es ist die Goldmünze die Wohlfahrt in seinem Brief vom 20 Februar 1818 beschreibt der Brief ist an sein Bruder gerichtet und er hat eine schöne Zeichnung der Münze angefertigt ebenfalls in einer Privatsammlung verschwunden die einzigen Fundstücke die beschrieben wurden das macht diesen Brief zu einem archäologischen Dokument denn hier wird die genaue Form und Größe der attete beschrieben dieser Brief ist alles was wir heute über die Ausgrabung von 1818 wissen was noch gefunden wurde und wo ist für immer verloren stieß bei der einheimischen Bevölkerung auf Empörung die Franzosen warfen ihm Grab vor aber aus woodfords-briefen geht hervor dass er die Toten angemessen bestatten lassen wollte Name die Franzosen behaupten Wellington hätte Woodford befohlen als erkur zu verlassen aber wir wissen dass der Herzog ihn nur sehr höflich darum gebeten hat leider gibt es hier keinen Hinweis auf die Größenordnung dieser Bestattung ich habe einen Sarkophag aus Eiche für die Knochen bestellt [Musik] ich nehme ein letzteres denn der Begriff Sarkophag deutet auf einen richtigen Sarg und eine Bestattung hin [Musik] und die Maße beschreibt er woanders der Bürgermeister hat mir erlaubt die Knochen auf dem Kirchhof in asienkur zu beerdigen gesprochen und er darf die Knochen auf dem Friedhof beisetzenhaft französischen Quellen wissen wir dass die Knochen später tatsächlich in Woodford Sarkophag gelegt und auf dem Friedhof beerdigt werden an der vorgesehenen Stelle heute nicht erzählt es heißt er war ein grabheber ein Franzosen Hasser der die Knochen einfach in der Gegend verstreut hat aber das war alles französische Meinungsmache dank dieses Briefs wissen wir jedoch das wurde vor die Beisetzung initiiert hat und Franzosen behaupten immer sie werden es gewesen sofort wollte ein Gedenkstein aus Marmor mit dem Jahr 1415 etwas sehr einfach ist dass keine Seite globifiziert nur ein schlichtes Denkmal schreibt das alles seinen Bruder und der war sehr religiös ich glaube nicht dass er ihn ungeniert angelogen hätte er erzählt ihm was er mit den Knochen vor hatte dieser Brief ist ein wichtiges Dokument Absichten wurden in Frage gestellt und er wurde verleumdet da wurde vor tot ist kann er sich schlecht werden aber hier ist eine Primärquelle in der er seinem Bruder sein Vorhaben beschreibt das ist fantastisch mehr als nur Briefe hinterlassen hat es gibt ein Tagebuch in dem es eine Arbeit in asakur detailliert beschrieben hat wo er gegraben hat was er gefunden hat wo diese Fundstücke abgeblieben sind es enthielt auch weitere Zeichnungen leider ist diese ausgrabungsbericht verschwunden das Tagebuch ist nicht Teil der Sammlung weil es in seinem Besitz blieb oder im Familienbesitz hier beginnt also die Detektivarbeit und die macht mir besonders viel Spaß als Archäologe suche ich nach Fakten und fakt ist dass er eine schöne kleine Zeichnung von dieser Goldmünze und eine Pfeilspitze angefertigt er versucht alles anständig zu dokumentieren genau wie wir Archäologen das heute noch tun wir fotografieren unsere Funde bevor wir weiterarbeiten eine Primärquelle von 1818 zu sehen ist fasziniert aber sie hilft uns nicht das Tagebuch zu finden aber die Briefsammlung liefert Tim salalent doch noch einen Hinweis auf den eventuellen Verbleib des Tagebuchs [Musik] jemand hat hier zu einem späteren Zeitpunkt eine Notiz gemacht John Woodford betrefft Grabung als Enco alle Fundstücke verloren im Brand des pantechnikons Technical war ein großes Lagerhaus in London das 1876 abgebrannt ist nur ein Lagerhaus sondern auch ein Umschlagplatz zum Kauf und Verkauf von Möbeln Hausrat und anderen Dingen fast wie ein Antiquitätengeschäft aber die Briefe und eine der Goldmünzen gibt es heute noch nicht alles ist verloren kam waren die Briefe nicht dabei die wurden seinem Bruder aber das Tagebuch ist vielleicht dort verbrannt das würde erklären warum es fehlt stimmt also vielleicht nicht mehr genauso wie viele der Artefakte das würde ihr Fehlen erklären auch den der Goldringe die hier erwähnt werden [Musik] das Tagebuch und die Artefakte mögen für immer verloren sein aber Woodford hat auch eine Karte des Schlachtfelds angefertigt die die Jahre überdauert hat sie spiegelt das Gelände und die Straßen detailgetreu wieder und zeigt die truppenaufstellung der französischen und englischen Armee aber woher hat Woodford seine Informationen bezogen um diese Frage zu beantworten hat salent sich alle Quellen die Woodford zur Verfügung standen angesehen die Quellenlage ist verwirrt alent hofft dass ein Curry ihm weiterhelfen kann er macht sich auf den Weg nach Southampton die früheste Karte die die Schlacht von asanco zeigt ist die Cassini Karte aus dem 18 Jahrhundert die Cassini Karte beschreibt den Ort nur Waage die erste grafische Darstellung der Schlacht auf die Professor Curry während ihrer Forschungsarbeit gestoßen ist stammt aus dem 19 Jahrhundert das ist der erste Schlachtplan der in Druck erschienen ist er stammt aus Harris Nichols history of the battle of Agent Court die zweite Ausgabe von 1832 aber bei ihm liegt das Dorf rechts vom Schlachtfeld die Schlacht fand also westlich von asecur statt ist das falsch niemand hat das überprüft aber Elemente davon tauchen auch in anderen Karten auf auf allen Karten die zwischen 1850 und dem heutigen Tag erschienen sind befindet sich das Schlachtfeld irgendwo östlich von asamkur die Karten spiegeln wieder was die Menschen damals geglaubt haben es gibt nur wenige Karten die Nickels Folgen ab Mitte des 19 Jahrhunderts liegt asankur traditionell im Westen Tram kure im Osten des Schlachtfelds seine Informationen bezogen als er 1832 seine Karte erstellte neben der Cassini Karte gibt es nur eine Karte die noch älter ist als die von Nickels das ist die früheste und genaueste Karte der Schlacht Woodford hat sie 1818 angefertigt er hat hier seine Interpretation des schlachtverlaufs zu Papier gebracht heute ist es die gängige Darstellung des schlachtverlaufs in asselkochers Karte von 1832 beeinflusst hat das Problem für uns Historiker ist dass alle Details die Woodford hier vermerkt hat auf seiner persönlichen Meinung basieren die Karte ist nicht viel zuverlässiger als die Texte der Chronisten im frühen 19 Jahrhundert nur wenige Quellen Texte über die Schlacht zur Verfügung die meisten Chroniken die heute zu den Standard Texten gehören wurden erst in den 90er Jahren des 20 Jahrhunderts übersetzt aus dem 16 Jahrhundert war in vielen Bibliotheken zu finden die hat er bestimmt gelesence solange wir keine konkreten Beweise finden also Pfeilspitzen Artefakte Körper Knochen können wir den genauen Ort und in die Schlacht von aserkur ausgetragen wurde nicht bestimmen eigentlich nur in unserer Fantasie in Büchern und in Karten es existiert in unseren Köpfen bis wir es an etwas konkretem festmachen können man wird wohl nie genau herausfinden können wie viele französische Soldaten sterben die meisten von ihnen liegen wahrscheinlich noch irgendwo hier in der Nähe von asamkur [Musik] die französische Infanterie stellte ein perfektes Ziel für die englischen Bogenschützen da sie eröffneten die Schlacht mit einem regelrechten Pfeilhagel hunderte wenn nicht sogar tausende Pfeile fanden ihr Ziel der Langbogen war im Verlauf des Hundertjährigen Krieges eine der gefürchteten Waffen und die englischen schützen beherrschten ihn meisterhaft die Franzosen hatten keine Chance angesichts einer Armee die zu drei Viertel aus Bogenschützen bestand [Applaus] heute wissen wir wie nützlich diese Truppen waren Bogenschützen waren vielseitig einsetzbar sie konnten pfeilseifen abschießen wie in aserkur aber auch im Nahkampf Eingreifen nachdem sie ihre Pfeile auf die anrückenden französischen Fußtruppen abgefeuert hatten unterstützen die Bogenschützen ihre Kameraden im offenen Kampf gegen den Feind zurück in Frankreich versucht Tim Sutherland einige der Gefallenen zu finden seine Grabungen waren erfolglos aber er weiß jetzt dass John George Woodford einige der französischen Soldaten gefunden hat wie viele Skelette es genau waren ist unbekannt genauso wie der Verbleib ihrer Gebeine aber was ist mit den Skeletten die rotford gefunden hat geschehen zu sein Lebzeiten warfen ihm die Franzosen vor er wolle damit den englischen Sieg in asamkur glorifizieren aber das war nie der Fall die Tim Sarah Land herausfand ich muss diese Jahreszahl an der Kirchenmauer finden 1838 dort befindet sich laut eines Dokuments die Stelle an der die menschlichen Überreste aus dem Massengrab im Kirchhof bestattet worden das bringt unsere Untersuchung vielleicht zum Abschluss wir sind wohl schon so lange auf der Spur haben versucht alles über seine Ausgrabung ausfindig zu machen die sind die Knochen die wurden im Grab gefunden hat er holte sie vom Schlachtfeld ins Dorf wo er sie auf dem Kirchhof beerdigte Jahreszahl gesucht aber ich will versuchen Sie hier auf der Kirchenmauer zu finden 90 als er starb der letzte britische Offizier der in Waterloo gedient hatte wahrscheinlich wusste er was es heißt in der bedeutendsten Schlacht seiner Zeit gekämpft zu haben seine Absicht war es die Knochen der französischen Soldaten im Kirchhof beizusetzen nach rotford ist im Saarland der einzige Archäologe der nach den Gräben in asankur gesucht hat fast 200 Jahre später ist der kurz davor herauszufinden Soldaten gefunden hat in der Nähe eines Fensters müsste leicht zu finden sein aber hier ist es nicht hier auch nicht noch sondern ich denke die Zahl wurde in die Wand geritzt um die Grabstelle zu markieren 1838 interessant ich nehme an sie sind noch hier nach dieser langen Zeit am Massengrab werden die Knochen 1818 ans Licht geholt und hier in der geweihten Erde des Friedhofs im Dorf asenkur bestattet sie haben es nie in die gedenkapelle geschafft die einmal auf dem Schlachtfeld stand irgendwie traurig aber zumindest haben wir sie gefunden und das ist wichtig [Musik] [Musik] [Musik],OK
UCKi8pj2bEA,"[Musik] ein Trümmerfeld das war die Hinterlassenschaft des Krieges den Adolf Hitler über Europa gebracht hatte die Städte lagen in Schutt und Asche Ruinen wohin das Auge blickt die Städte haben ihr Gesicht verloren [Musik] das Kennzeichen unserer Zeit ist die Ruine sie umgibt unser Leben sie ist unsere Wirklichkeit so sah Hans Werner Richter Deutschland im Mai 1945 kaum vorstellbar dass in diesem Trümmern noch Menschen überlebt und den Kampf um ein Weiterleben aufgenommen haben [Musik] noch hausten sie in Ruinen in Kellern Verschlägen siebeneinhalb Millionen Menschen waren obdachlos fast 5 Millionen Wohnungen ganz oder teilweise zerstört [Musik] zerstört waren Straßen Wasser Gas und Stromleitungen vor Pumpen und Wasserstellen bildeten sich endlose Schlangen ein Eimer in zerbombten Häusern gefunden war Lebens erhalten Schlange stehen hieß das Gebot der Stunde [Musik] vor der brotausgabe Schlangen Schlangen wo immer es etwas Essbares gab das Angebot war so gering dass die letzten oft nach stundenlangem Warten leer ausgingen am nächsten Tag erneut anstehen mussten der Hunger wurde zum größten Problem zum Beispiel in der britischen Besatzungszone konnten nur 400 Kalorien pro Kopf pro Tag bereitgestellt werden [Musik] [Musik] die Orientierung Walter Ulbrichts an Moskau spiegelt sich in seiner Vorstellung vom Aufbau der Städte wieder [Musik] alte an vergangene Epochen erinnernde Bauten wurden nicht restauriert sondern gesprengt wie 1953 das Berliner Stadtschloss das einem Aufmarschplatz für die Hauptstadt der DDR weichen musste im Zentrum der Stadt sollten ein Hochhaus und eine prachtallee im Stile der Moskauer Bauweise entstehen die als erste gebaute Straße erhielt bei der feierlichen Grundsteinlegung im Januar 1949 den Namen des großen Vorbildes Stalin die Bauarbeiten erstreckten sich über viele Jahre die bei der Bevölkerung sehr begehrten Wohnungen wurden zuerst an Lilienthal genossen vergeben nach dem Motto Arbeiter in Paläste [Musik] 1961 wurde die Stalinallee in Karl-Marx-Allee umbenannt 1988 unter Denkmalschutz gestellt und Anfang der 90er Jahre restauriert [Musik] die Frühjahrsmesse in Leipzig 1946 zeigte die Fortschritte in der Industrie die Bevölkerung interessierte sich für Dinge des täglichen Lebens die laufmaschen-reparaturmaschine hatte große Anziehungskraft die Messe lockte Besucher aus ganz Deutschland an auch die Vertreter der westlichen Alliierten Leipzig war und blieb ein Schaufenster der DDR [Musik] doch die Entwicklung der Wirtschaft im Osten blieb weit hinter der des Westens zurück [Musik] der Westen machte schnelle Fortschritte dank des Marshallplans und der veränderten Haltung der Amerikaner Deutschland gegenüber im September 1946 hatte Außenminister burns gefordert [Musik] der Marshallplan das Wiederaufbauprogramm für Europa stellte von 1948 bis 1951 12,4 Milliarden Dollar für Europa zur Verfügung allein auf Deutschland in vielen zwischen 1947 und 1957 1,5 Milliarden Dollar für Investitionen im Wohnungsbau in der Industrie Landwirtschaft im Verkehrswesen und in der Forschung die Sowjetunion lehnte die Teilnahme an diesem Hilfsprojekt für die sowjetische Zone und alle osteuropäischen Staaten ab befürchtete den Einfluss Amerikas eine Ausstellung zeigte 1947 deutsche Produkte die mit amerikanischer Hilfe entstanden Anfänge von Konsum und Luxus wurden spürbar besonders beliebt machten sich die Amerikaner bei der Bevölkerung durch die Verteilung von care-paketen wie von Amerika beabsichtigt grenzte sich der Westen immer stärker vom Kommunismus ab [Musik] [Musik] die Reparationsforderungen der Sowjets waren hoch nach dem Zweiten Weltkrieg demontierten sie Fabriken Bauten Maschinen ab bezogen aus laufenden Produktionen Werte von über 7 Millionen Dollar insgesamt belief sich der Wert im Osten auf 2,6 Milliarden Dollar dem standen 0,6 Milliarden im Westen gegenüber somit hatte der Osten die Hauptlast des Krieges zu tragen und leidet unter den Folgen bis heute Junkers Land in bauernhand nach dieser Devise wurden Großgrundbesitzer enteignet man nahm ihnen Boden Gebäude Maschinen verteilte alles an Bauern die weniger als 0,5 Hektar Land besaßen nach der Wende hofften diese Großgrundbesitzer auf Rückgabe oder Entschädigung umsonst manch einer kaufte sein Eigentum für viel Geld zurück [Musik] in der DDR folgte nach dem 17 Juni 1953 eine Phase der Stabilisierung die Norm Erhöhungen wurden zurückgenommen die Versorgung mit Konsumartikeln verbesserte sich die Bevölkerung arrangierte sich mit dem System [Musik] statt Abriss wurde restauriert so der Zwinger in Dresden die Gemäldegalerie konnte wieder eröffnet werden nachdem die Sowjets die Gemälde zurückgegeben hatten [Applaus] der Wohnungsbau ging voran jetzt aber nicht mehr im sogenannten Zuckerbäckerstil Moskau sondern funktionell besser billiger schneller auf der grünen Wiese entstand eine Stadt nach Plan arbeite Siedlungen in einem neu geschaffenen Industriegebiet Stalinstadt war ein Vorzeigeprojekt der DDR sie wurde 1961 in Eisenhüttenstadt umbenannt [Musik] dank des Marshallplans entwickelten sich Westdeutschland und West- und bestaunten den wirtschaftlichen Fortschritt 1950 auf der ersten Industrieausstellung nach dem Krieg die von Bundespräsident Heuss eröffnet wurde technische Neuheiten hatten auch für den Verbraucher Auswirkungen schon drei Jahre später hatte fast jeder zehnte Haushalt einen Kühlschrank und ein Viertel der Hausfrauen einen Staubsauger nicht nur praktisches zeigte die Ausstellung sie weckte auch Lust auf Luxus die Industrie kam in Schwung mit der sozialen Marktwirtschaft begann das Wirtschaftswunder ein vordringliches Problem war der Wohnungsbau von 5 Millionen gebauten Neubauten waren 60% Sozialwohnungen 50 Quadratmeter standen an der vierköpfigen Familie zu sichtbares Zeichen des Wohlstands war die Steigerung der Autoproduktion VW baute den beliebten Käfer Häuslichkeit und Geselligkeit in Freundeskreis wurden anderen Vergnügungen vorgezogen die Buffets wurden üppiger die Bäuche dicker an die Diät dachte keiner Schaufenster lockten Kaufhäuser wie das KaDeWe öffneten wieder die Kaufkraft stieg Luxusartikel waren gefragt 1960 stand ein Fernseher in einem Viertel aller Haushalte Kleider wurden eleganter ausgefallener elegant gab man sich auf den Presseball oder Filmball Stars und Sternchen glänzen man könnte an einen Tanz auf dem Vulkan erinnert werden denn die Spannungen im ost-verhältnis Namen ständig zu [Musik] die Internationalen Filmfestspiele in Westberlin Gäste aus aller Welt kamen Berlin wurde wieder zum Anziehungspunkt [Applaus] [Musik] namhafte Architekten aus aller Welt zeigten 1957 auf der Internationalen Bauausstellung in Berlin ihre Vorstellungen von modernem Wohnungsbau lichtdurchflutet hell und funktionsgerecht Häuslichkeit und Geselligkeit im Freundeskreis wurden anderen Vergnügungen vorgezogen die Buffets wurden üppiger die Bäuche Schaufenster lockten Kaufhäuser wie das KaDeWe öffneten wieder die Kaufkraft stieg Luxusartikel waren gefragt 1960 stand ein Fernseher in einem Viertel aller Haushalte Kleider wurden eleganter ausgefallener elegant gibt man sich auf den Presseball oder Filmball man könnte an einen Tanz auf dem Vulkan erinnert werden denn die Spannungen im ost-west-verhältnis Nahmen ständig zu [Musik] Zwangs Evakuierungen entlang der deutsch-deutschen Grenze Häuser wurden abgerissen um den breiten Grenzstreifen Platz zu machen für Betonmauern Stacheldraht und Wachtürme kein Facharbeiter keine arbeitsfähigen Männer und Frauen sollten mir die DDR verlassen können es war eine Art selbst erhaltungsmaßnahme doch auch jetzt noch glückten Fluchtversuche schmerzhafte aber erfolgreicher [Musik] [Musik] beruhigend sollte der Besuch von Vizepräsident Johnson wirken Dankbarkeit spürte er bei der Bevölkerung und Hoffnung auf Hilfe er schickte Truppenverstärkung die mit Beifall begrüßt wurde das gab den Berlinern das Gefühl nicht allein gelassen zu werden zum [Musik] Ärger der Berliner ist einige Tage später sein Wahlkampf war ihm wichtiger gewesen bedrohlich wurde die Situation als amerikanische Panzer am Checkpoint Charlie aufhören es war die Antwort auf die Anordnung die Westberliner dürften sich nur im Abstand von 100 Meter der Grenze nähen ein Eingriff in alliiertes Recht der Osten gab nach die Gefahr war gebannt beim Besuch des amerikanischen Präsidenten John F Kennedy 1963 am Brandenburger Tor versperrten sich blenden den Blick in den Osten bei den Westberlinern kannte der Jubel keine Grenzen war seine Anwesenheit doch ein Zeichen für die enge Bindung Westberlins zu den Vereinigten Staaten Kennedys Worte am Schöneberger Rathaus ging in die Geschichte ein in the word ich bin ein Berliner [Applaus]",OK
1mv8GVl937s,"Ich wusste lange Zeit gar nicht, dass man 
queer sein kann oder queer sein darf. Es   hat sehr viel mich nach vorne gebracht, 
auch stolz drauf zu sein, schwul zu sein.  Berlin hat eine der größten queeren Communities in 
ganz Europa. Schätzungsweise 200.000 bis 300.000   queere Menschen leben hier. 80.000 davon sind 
Jugendliche und junge Erwachsene. Doch auch hier   - in der selbst ernannten Regenbogenhauptstadt 
Berlin - werden sie beschimpft, bedroht und   angegriffen. Brauchen deshalb gerade queere 
Jugendliche ihre eigenen Jugendclubs? Im Jugendclub Queerdom in 
Berlin-Mitte treffen wir Alex. Das riecht auf jeden Fall 
schon ein bisschen nach Essen. Da hinten auf dem Sofa sind wir auch sehr oft.   Sehr viele Kuscheltiere gibt es auch. 
Hier sind auf jeden Fall noch Sticker. Dadurch, dass es halt ein queerer Ort ist 
und auch die anderen meisten Menschen,   die hierher kommen queer sind, bedeutet dass 
der Ort hier schon automatisch für mich ein   Safe Space ist. Einfach ein Ort, an dem man sich 
sicher fühlen kann und oder sicherer fühlen kann,   und nicht dauerhaft Angst haben muss, irgendwie 
vielleicht gleich noch diskriminiert zu werden,   oder irgendwelche komischen 
Sprüche sich anhören zu müssen. In Berlin gibt es drei queere 
Jugendzentren: in Neukölln,   Prenzlauer Berg und Mitte und in Spandau 
soll auch noch bald eines eröffnen.  Wenn ihr auf der Suche nach solchen 
Angeboten seid, dann guckt gerne   mal in die Videobeschreibung, da haben 
wir ein paar Links für euch gesammelt. Willkommen zu unserem DIY Youtube-Video: how 
to make a Armband. Du bist aber nicht in Berlin   aufgewachsen oder? Nein, ich bin ich habe die 
meisten Zeit in Sachsen-Anhalt gewohnt. Als   ich ungefähr so 15 war, bin ich das erste Mal in 
Hessen in einem Jugendzentrum gewesen. Okay. Ich   wollte einfach einen Ort irgendwie haben, weil ich 
so in dem Alter angefangen habe, zu hinterfragen,   was irgendwie so los sein könnte. Hatte dann 
aber im Umfeld jetzt keine queeren Personen,   mit denen ich reden konnte, und wusste lange Zeit 
gar nicht, dass man queer sein kann oder sein   darf. Und genau dann habe ich quasi zum ersten Mal 
in meinem Leben überhaupt viele queere Leute an   einem Ort irgendwie gesehen, die auch offen waren.
Du hattest ja auch erst überlegt, ob du überhaupt   mitmachen willst. Was waren so deine Sorgen oder 
was sind sie vielleicht noch? Meine Sorgen waren   hauptsächlich irgendwie auch Hass zu bekommen, 
als Person, die quasi offen queer ist und   offen queer im Internet.
Was willst du so Leuten gerne sagen,   die irgendwelche blöden Kommentare zum Beispiel 
schreiben. Das sie einfach lassen sollen. Ich   nehme jetzt den nicht ihre Rechte weg, nur 
weil ich Rechte habe. In meiner Jugend hatte   ich hauptsächlich in der Schule negative 
Erfahrungen. Ich weiß nicht, z.B das einfach   mit Absicht so falsche Pronomen oder ein 
falscher Name benutzt wurden und so weiter. Das Queerdom hat schon Übergriffe erlebt, 
zum Beispiel wurden Jugendliche beleidig. Die   Regenbogenflaggen wurden mehrfach abgerissen, 
es wurden Sticker mit Hassbotschaften auf den   Briefkasten klebt, und es kam sogar 
schon Menschen bis in die Räume vor   die Beratungsstelle. Maneo sagt, dass sich 
im letzten Jahr die Übergriffe auf queere   Einrichtungen gehäuft haben. Im Oktober z.B haben 
drei Männer beim Jugendclub Qube geklopft und   dann die Jugendlichen bedroht und beleidigt. 
Und im Februar wurde sogar auf das schwule   Museum in Berlin geschossen. Auch die Polizei 
registriert mehr Übergriffe auf queere Menschen,   Beleidigungen und Körperverletzung. Habt ihr 
persönlich vielleicht schon mal mit Angriffen   zu tun gehabt oder habt ihr eine Situation 
beobachtet? Teilt das gerne in den Kommentaren. Wir waren jetzt in einem queren Jugendclub 
und jetzt sind wir in Lichtenberg und treffen   Lukas. Er arbeitet in einem Jugendzentrum und 
beschäftigt sich dort viel mit queeren Themen. Hallo, schön dass wir kommen dürfen. Schön, 
dass ihr da seid. Du kannst uns ja erstmal   so ein bisschen zeigen, was ihr hier für 
Räume habt und was genau ihr so macht. Hier sieht man schon mal einen Teil 
der Mitarbeitenden. Und wo bist du?   Ich bin ganz oben, natürlich. Das blu:box 
in Berlin-Lichtenberg gibt es seit 2009.   Lukas kam schon als Kind hierher, in anderen 
Jugendclubs hatte er sich nicht wohl gefühlt.  Erstmal natürlich die Leute, die da waren, die 
Jugendlichen, die da waren, da war ich so okay,   ich kann mich nicht verhalten, wie ich mag. 
Aber halt auch so die Angebote, die natürlich   da waren, da war ich so, das ist nicht das, wo 
ich mich präsentieren kann. Wo ich rauskomme aus   mir und das hat mir da hat gefehlt. Was hier hat 
natürlich dann wieder anders ist, weil ich konnte   ja auf der Bühne stehen seit klein an.
Also ich kann ja mal zeigen, so von der   Produktion, die wir mal hatten, wo ich wirklich 
immer noch, die mich halt sehr geprägt hat auf   jeden Fall. Wir müssen hier hinten durch. Das war 
2018, da gibt es auch ein schönes Portrait von   mir und zwar hier, da waren Admiralspalast und 
konnten dort Peter Pan performen. Und ich habe   eigentlich auch Spaß gesagt, ich hätte Bock 
auf Tinkerbell und dann war ich Tinkerbell.   Eigentlich Timberlake, dann in dem Sinne und war 
halt wirklich mit Flügeln und High Heels und so   alles dabei. Ja, das war so die erste Rolle, 
die so mit dem Thema queer zu tun hatte. Aber   das haben trotzdem alle Leute gefeiert und es 
war halt, das hat mir so einen Boost gegeben,   wenn da halt von diesen 500 Leute sitzen, die dich 
bejubeln und lachen, wenn du dann Witze machst.  Das hat sehr viel mich da vorne gebracht, 
auch in stolz darauf zu sein schwul zu sein.  Aber das ist hier ja jetzt kein exklusiv 
queerer Jugendclub oder? Wir haben natürlich   viele Jugendliche, wir haben heterosexuelle 
Jugendliche und Kinder hier und die verstehen   sich alle vollkommen und man merkt aber auch, 
die juckt das eigentlich gar nicht so sehr. Die   sind so, da sagt die eine, ja, ich bin mit einem 
Mädchen zusammen und die sind alle so ach cool,   wie heißt die denn. Und da merkt man einen 
totalen Wandeln in den ganzen Dingen einfach. Queere Menschen haben häufiger psychische 
Probleme, wie Depressionen oder Angststörungen,   als die restliche Bevölkerung. Das haben Studien 
herausgefunden. Das hat aber nichts damit zu tun,   dass sie quer sind, sondern dass sie 
einfach häufiger nicht akzeptiert und   diskriminiert werden. Und in diesen 
Studien steht auch, dass sich queere   Treffpunkte positiv auf die Gesundheit 
von queeren Menschen auswirken können. Und glaubst du, dass es queere Jugendclubs 
braucht? Ja, ich denke auf jeden Fall,   dass es queere Jugendclubs braucht, weil 
viele queere Jugendliche oder queere Kinder   haben einfach zu Hause oder ihrem näheren 
Umfeld keinen sicheren Ort für sich und   können nicht sie selbst sein. Und können 
dann in einem queeren Jugendzentrum das   erste Mal irgendwie erfahren, wie es ist, 
sich nicht verstellen zu müssen. Ich glaube,   die Menschen müssen einfach offener 
sein und netter zu queeren Menschen.  Ich merke halt immer wieder, zumindest bei den 
queeren Jugendlichen, das eine Verbindung auf   jeden Fall da ist. Das jemand da ist, der weiß was 
die durchmachen. Weil ich komme aus Lichtenberg,   ich weiß wie das hier war, wie das tickt und 
sowas und das hilft ihnen natürlich auch. Ich   weiß vielleicht wo Orte sind, wo sie hingehen 
können. Man merkt halt total, dass die sich bei   mir sich dann richtig öffnen und halt sich auch 
freuen, wenn jemand da sagt, du ich kenn das auch,   die Ecke ist wirklich beschissen.
Wir haben uns gefragt, braucht es   queere Jugendclubs für queere Jugendliche. Was 
bei der Recherche rausgestochen ist finde ich,   war, dass vor allem Jugendliche, die 
schon schlechte Erfahrungen gemacht haben,   dass die einen Raum brauchen, wo sie sich sicher 
fühlen und wo sie akzeptiert werden. Und dass das   eben auch oder vor allem queere Jugendclubs 
leisten können. Wenn ihr keine Videos von   uns verpassen wollt, dann abonniert auf jeden 
Fall unseren Channel. Und wenn ihr Themen habt,   die wir mal recherchieren sollen, dann schreibt 
uns auf jeden Fall auch gerne in die Kommentare.",OK
DjaRa1bn7iA,"guten Tag liebe Kolleginnen liebe Kollegen herzlich willkommen zur regierungspressekonferenz an diesem Freitag mit dem stellvertretenden Regierungssprecher Herrn Büchner und den Sprecherinnen und Sprechern der Ministerien [Musik] ich vermute mal dass er Büchner die öffentlichen Termine mitgebracht hat das ganze das dann fangen wir damit an und kommen dann zu ihren Fragen bitte so ist es der wochenausblick für die Termine des Bundeskanzlers vom 4 bis 10 September der Bundeskanzler wird am Montag den 14 september um 19 Uhr am St Michael Empfang der katholischen Kirche in Deutschland teilnehmen der Sankt Michael im Jahresempfang findet auf Einladung des Leiters ist Kommissariats der deutschen Bischöfe Bella dr Karl Jüchen in Berlin statt als gestern Vertreterinnen und Vertreter aus Politik Kultur Wirtschaft Wissenschaft und Kirchen und Religionsgemeinschaften erwartet am Dienstag den 5 September nimmt der Bundeskanzler am ab 14 Uhr an der Eröffnungsveranstaltung der Internationalen Automobilausstellung IAA mobility 2023 in München teil er wird dort um ca 14:30 Uhr eine Rede halten und anschließend an einem moderierten Gespräch mit der Präsidentin des Verbands der Automobilindustrie Hildegard Müller teilnehmen anschließend wird der Kanzler bis ca 17 Uhr einen messe-rundgang absolvieren und danach ein Präsident abgeben am Mittwoch dem 6 september wird Bundeskanzler Scholz im Rahmen der Generaldebatte um 9 Uhr im Bundestag eine Rede halten die nächste parlamentswoche steht wie sie wissen ganz im Zeichen des Bundeshaushalts 2024 am Donnerstag den 7 september wird der Bundeskanzler um 14 Uhr das neue Ausbildungszentrum der Berliner Verkehrsbetriebe BVG besuchen zunächst ist ein Rundgang geplant bei dem sich der Kanzler ein Überblick über einige technische Ausbildungsberufe bei der BVG verschaffen wird danach ist ein Austausch mit Auszubildenden Ausbilderin und Ausbildern vorgesehen gegen 15 Uhr 20 mit der Kanzlerin Präsident abgeben sein Besuch im BVG Ausbildungszentrum ist Teil der Initiative Sommer der Berufsausbildung dabei werden die Bundesregierung die Sozialpartner für die Attraktivität der dualen Ausbildung und die Vielfalt der Ausbildungsberufe von Freitag 8 September bis Sonntag 10 September wird der Bundeskanzler nach neu-deli Reisen und am G20 Gipfel teilnehmen die Staats- und Regierungschefs der G20 werden sich in mehreren Arbeitssitzungen insbesondere zu globalen Fragen austauschen der russische Angriff auf die Ukraine und auch seine globalen Folgen beispielsweise im Bereich der Wirtschaft Ernährung und Energiesicherheit bleiben auch in diesem Jahr ein beherrschendes Thema solange Russland diesen Krieg nicht beendet kann es kein business as usual geben danach wird sich wie immer bei solchen Gipfeln auch die Gelegenheit daneben wird sich wie immer bei solchen Gipfeln auch die Gelegenheit zu bilateralen Gesprächen ergeben der Bundeskanzler wird wie bei den vergangenen G20 Gipfeln auch vom Bundesfinanzminister begleitet werden ein Briefing unter zwei zum G20 Gipfel findet statt und zwar am Donnerstag den 7 september um 12:30 Uhr im Bundespresseamt teilnehmen werden der außenpolitische Berater des Bundeskanzlers blödner regensprecher Steffen Hebestreit und zugeschaltet von den schlussverhandlungen aus Indien statt Sekretär jörgis soweit zu den Termin des Bundeskanzlers vielen Dank Herr Büchner dann gibt es Fragen zu den Terminen und ich fange mal mit den eher sehr spezifischen an Bischofskonferenz IAA München ähm Ausbildungszentrum BVG da sehe ich jetzt nichts general Debatte da kommen wir dann ins Weitefeld schon spezifisches keine Fragen geht zwar mathematischen Fokus für die Rede für die Generaldebatte wenn sie da irgendwas schon zuzusagen haben wir würden uns freuen also ich kenne die rede jetzt noch nicht aber selbstverständlich wird es um die ganzen großen Themen gehen die jetzt auch in Meseberg eine Rolle gespielt haben und ich ohne dass ich jetzt wie gesagt bisher den Entwurf kenne können Sie davon ausgehen dass natürlich der Aspekt wie Wirtschaft und Wachstum in Deutschland vorangebracht werden kann dort auch eine wieder eine zentrale Rolle spielen wird die Ukraine eine Rolle spielen bei dieser rede ich gehe davon aus dass alle großen relevanten Themen bei dieser Rede eine Rolle spielen aber noch mal ich weiß es nicht ich habe Gerede noch nicht gesehen von daher ist es jetzt ein bisschen spekulativ so dann 20 Gipfel gibt's da spezifische Fragen die wird schon klären können vor dem Briefing nein das ist nicht der Fall dann der Seite fällt und sagen ist der Bundesregierung bekannt dass gestern die Staatspräsidentin von Georgien in Berlin war und ob das Auswärtige Amt damit was zu tun hatte ich müsste ihn dazu was nachreichen ich habe dazu jetzt hier nichts mitgebracht okay was die bewertet denn die Bundesregierung die Tatsache dass heute in giflies ein amtserhebung enthebungsverfahren gegen die staatspräsidentiniert wurde mit der Begründung dass sie ein geheimen wie eine geheime Mission oder eine nicht kommunizierte mit der Regierung besucht nach Deutschland unternommen hat und sich mit dem Bundespräsidenten getroffen hat da gut sogar schon Fotos dafür in georgen okay ich kenne leider diese georgischen Medienbericht jetzt nicht deshalb ich würde ihn dazu was nachliefern ja ich würde gerne Herr Wagner fragen ob sie denn überhaupt Kenntnis hatten von diesem Besuch also ich persönlich müsste das auch erklären ich kann das jetzt im Moment hier nicht spontan beantworten ich habe gesagt ich würde sowas nachhalten das müssen wir eben so tun also das heißt also keiner in der Bundesregierung weiß im Moment dass gestern eine Staatspräsidentin in Deutschland war das aber nicht gesagt ich kann nur aus meiner Vorbereitung hier Ihnen jetzt hier keine Auskunft darüber geben und das heißt aber nicht dass wir nicht etwas nachliefern können dem würde ich mich anschließen auch wenn wir den all-wissenden Eindruck hier manchmal vermitteln auch wenn jetzt der Sprecher des auswendigen Amtes äh diese dazu nichts vorliegen hat heißt das nicht dass das Haus das nicht kennt ich würde wir gehen gerade nach und dann bin ich was nachher manchmal passiert das ja noch dann während der Pressekonferenz das wäre schlauer werden so andere Themen dann hat man dann bei mir geht's auch um die auskunftspflich ich ah das hier das jetzt mal ein Büchner aber die Kolleginnen und Kollegen aus können sich ja da auch angesprochen fühlen der Journalistenverband hat gestern kritisiert das in mieseberg aber eben auch schon Mitte des Monats beim Statement von Frau Pause nach Statement zum Mitglieder der Bundesregierung keine Fragen zugelassen wurden habe können Sie dazu sagen dass der Journalisten eben auch von Einbahnstraßen Kommunikation spricht danke also ich sie meinen mit in Meseberg gab es jede Menge los Statement des Kanzlers am Ende am Anfang in der Pressemitteilung des Verbandes wird auch kritisiert Minister Buschmann Herr Lindner er Habeck dass der jeweils im Anschluss an Statements keine Frage Möglichkeit bestand bzw nicht zugelassen wurde danke also zum ich glaube das ist traditionell so dass der Bundeskanzler bei den kabinettsklausuren zu beginnen ein kurzes Statement abgibt um zu begrüßen und einzuleiten was die Presskonferenz von Justizminister Buschmann angeht war es einfach dem extrem engen Timing geschuldet in der in der Kabinettsklausur der während Buschmann das Thema Bürokratie abbauen und unsere Ziele dann noch mal erläutert hat begann mehr oder weniger zeitgleich schon die Kabinettssitzung deshalb war das absolute heilige geboten dass er da zurückgeht das hatten wir da auch schon vor Ort so gesagt und haben Zeit entschuldigt selbstverständlich hätte er Buschmann an müssen gerne Fragen beantwortet also was der Verband hier ja suggeriert ist ein Trend zu einbahnstraßenkommunikation das sehen sind ja das möchte ich ausdrücklich den durchaus reden widersprechen ich glaube dass ich alle Ministerinnen und Minister Bundesregierung größte Mühe geben wenn sie irgendwie die Gelegenheit haben und Zeit dafür haben dass auch dann ausführlicher zu erläutern was sie tun und auf alle Fragen einzugehen davon gibt es manchmal aus Timing Gründen Ausnahmen das ist aber überhaupt kein Trend und überhaupt keine Absicht in irgendeiner Form da keine Fragen zu lassen Danke dann würde ich gerne anfangen Verkehrsministerium sind das jetzt noch Fragen zu diesem Komplex Meseberg Öffentlichkeitsarbeit wie bitte dann ist das auch nochmal ein anderes Thema wir schließen das an aber dann ist jetzt an bitte genau danke schön dann würde ich vom Verkehrsministerium gerne was Wissen zum Thema 100 da sind morgen wieder Proteste geplant können Sie einmal in wenigen Worten vielleicht sagen warum es ähm für das BMV trotzdem wichtig ist dass da dieser Weiterbau stattfindet der ist angesprochen der Bau der A100 ist Teil des Bundesverkehrswegeplanes der ist vom Gesetzgeber beschlossen und bislang gibt es keine Initiative das zu ändern kurze Nachfrage ich gehe aber davon aus dass ihr Haus trotzdem auch inhaltlich dahinter steht diesen Weiterbau so wie geplant auch durchzuführen können Sie einmal skizzieren warum aus ihrer Sicht auch heute noch Stadtautobahnen sinnstiftend und notwendig sind aus Sicht ihres Hauses ganz allgemein kann ich sagen dass unsere wissenschaftlichen Untersuchungen zeigen dass der Bedarf an einer leistungsfähigen und guten Verkehrsinfrastruktur dauerhaft gegeben ist und kontinuierlich auch hergestellt werden muss also dieser Bedarf muss befriedigt werden wir brauchen exzellente Infrastrukturen schon allein um die Mobilität der Bevölkerung zu gewährleisten und auch die Mobilität der warnströme zu sichern vor diesem Hintergrund kümmern wir uns darum unsere Infrastrukturen zu erhalten und an den Punkten wo das erforderlich ist auch auszubauen um eben die in Zukunft steigenden Verkehrsströme auch beherrschen zu können und die befriedigen zu können danke daran vielen Dank ich habe eine Frage nach dem G20 ist ein Treffen vom Bundeskanzler mit Präsident Luder geplant vorgesehen in Hinblick dessen dass jetzt über die Erweiterung der Blick starten ich habe über die möglichen bei Naturals bisher keine Informationen aber ich das ist vielleicht eine Frage die man noch mal im Rahmen des Briefings das dann im Bundestag stattfindet so dann gehen wir nach hinten zu dem polnischen Kollegen ich habe jetzt ihren Namen dich präsent bitte mein Thema die grenzkonferenz zwischen Polen und Deutschland und Tschechien auch letzte Woche Bundesministerin VESA hat sich zu diesem Thema geäußert aber meine Frage ob der Bundeskanzler ist auch diese Meinung dass die mobile Grenze oder mobiler Kontrollen sind ausreichend besonders dass ganz klar der Ministerpräsident vom Sachsen und Innenminister von Brandenburg sagen ganz klar dass dieser stationäre Kontrollen sind notwendig auch die Gewerkschaften von Bundespolizei welcher Meinung hat sie dazu Bundeskanzler hat sich etwas seit Mai seitdem der Kanzler hat sich mit dem mit dem Ministerpräsidenten getroffen hat habe da den Äußerungen der Bundesminister zuzufügen seitens der Bundesregierung okay und zum Nachfrage zum Herrn gestern Sachsen hat eigene Polizisten in der grenzregierung geschickt ist das eine unabhängige Entscheidung vom von dem Land Sachsen oder das koordiniert mit Bundespolizei also Bundespolizei und Landespolizei koordinieren sich immer sehr eng und das ist etwas ganz übliches das findet zum Beispiel an den an der bayerisch-tschechischen Grenze genauso statt in enger Abstimmung mit der Bundespolizei die grenzpolizeilichen Maßnahmen sind und bleiben natürlich Aufgabe der Bundespolizei und dabei arbeitet die Bundespolizei sehr eng mit der Landespolizei zusammen in Sachsen ganz genauso ja vielen Dank Frau ganz auswendige Amt Herr Wagner in Ägypten sitzt der in Deutschland lebende Journalist elati seit ein paar Tagen in Haft inwieweit ist das Auswärtige Amt in den Fall involviert ja vielen Dank es ist tatsächlich so dass unsere Botschaft in Caro Kenntnis von dem genannten Fall hat und sich von Anfang an auch für Herrn Adli eingesetzt hat das Auswärtige Amt hat mehrfach dazu auch hochrangig bei den ägyptischen Behörden vorgesprochen stimmt daher lebt seit über 30 Jahren in Deutschland ist auch durch seine Familie eng mit Deutschland verbunden dadurch sind bestimmte Instrumente wie das konsularische Besuchsrecht weil er ihm die ägyptische Staatsangehörigkeit hat stehen uns diese Instrumente rechtlich und praktisch nicht zur Verfügung was aber nicht heißt dass wir uns nicht bestmöglich für ihn einsetzen so Herr Jessen hatte sich gemeldet ja es ist eine Frage ans Auswärtige Amt gegebenenfalls auch ans Entwicklungsministerium die Regierung von Niger hat jetzt den Einsatz internationaler Hilfsorganisationen in sogenannten einsatzzonen untersagt betrifft das in irgendeiner Weise auch die Mitarbeit deutscher Helfer oder Organisationen in diesen internationalen einsetzen wir haben diese Ankündigung zur Kenntnis genommen unsere Haltung ist da ja ganz klar dass sozusagen die der der also ist vielleicht nachvollziehbar ist wenn es dem Schutz von humanitären Helfern dient aber wenn es darum geht die Bevölkerung von dir wichtigen humanitären Hilfe abzuschneiden dann ist es natürlich nicht in Ordnung ich habe jetzt keine detaillierten Informationen welche Organisation da eventuell betroffen sind aber sie kennen ja unsere sehr grundsätzliche Haltung zu Niger und zu diesem Putsch ne wir haben die runter wiederholt darauf aufgefordert dazu aufgefordert zu verfassungsmäßigen Ordnung zurückzukehren und unterstützen da die Bemühungen der regionale Organisation Eco was sehr nachdrücklich das Thema war gestern auch noch mal Thema beim informellen Außenminister Treffen in Toledo wo ja auch ein Ego was Vertreter gegen war und auch der nigerische Außenminister ja ich frage von dem Hintergrund dass vor einigen Tagen weiß nicht genau wann hier in der Bundespressekonferenz die Bundesregierung gesagt hat dass momentan auch noch deutsche Helfer in humanitären un- und anderen einsetzen dabei wären vielleicht kann die Bundesregierung da einfach nachliefern danke ergänzung vom BMZ dann hatte ich ihre Frage notiert bitte ähm ja die Frage an Herrn Büchner es hat sich ja jetzt eine Allianz pro brückenstrompreis gebildet mit der Papierindustrie Glasindustrie Chemieindustrie Stahlindustrie Metallindustrie die Gewerkschaft chemiemetall unter DGB haben sich dem alles angeschlossen man könnte sagen der geballte Ladung Lobbyismus die sich dafür ausspricht und es ist aber auch die Fraktion des Bundeskanzlers die sich dafür ausspricht beeinflusst das jetzt möglicherweise die Sicht des Kanzlers auf dem rückenstrompreis Bundeskanzler hat sich ja gerade erst in Meseberg geäußert und der Bundeskanzler hat auch in den vergangenen Tagen immer wieder betont dass es das Ziel ist zu einem wettbewerbsfähigen Strompreis zu kommen dafür zu sorgen dass die Energiepreise strukturell sinken und Meseberg hat der Kanzler noch mal wörtlich gesagt dass die Bundesregierung seit bereits sehr viel Geld in die Hand genommen hat und das was an Preissteigerungen zwischendurch überall zu spüren war zu subventionieren dabei jung ist um viele Milliarden und so konnten die hohen Preissteigerungen für fossile Energie nach dem Beginn des Ukraine Kriegs abgefedert werden und nun geht es darum Strom nachhaltig die Strompreise für Strom nachhaltig zu senken und da können sie auch die Äußerung des Bundeskanzlers dass das ein Schulden finanziertes Strohofer oder Subventionen von Strompreisen mit der gießkannte es nicht geben wird und da gibt es auch keinen neuen Stand und deshalb kann ich Ihnen da heute auch nicht irgendwas Neues zu sagen hat der Kanzler denn Verständnis dass ich diese Allianz gebündelt gegründet hat oder ja ich glaube auch da haben sie gestern vom Bundeskanzler vorgestern genau genommen ja schon gehört dass das insgesamt das nun viele darüber nachdenken wie sozusagen die Bedingungen für Wachstum in Deutschland und für eine bessere Konjunktur wie die verbessert werden können das ist gut ist wenn da viele Menschen darüber nachdenken und wie hat er ich glaube er hat wörtlich gesagt er ist das ist der Schweiß der edlen wert dass er alle gemeinsam drüber nachdenken und auch das kann ich bestenfalls wiederholen das ist ja ganz aktuell die Aussagen zu dem Thema dann ist der Kollege hinten rechts dran ja Patrick Pehl deutsche Fachverlag agrarzeitung es war ja gestern der milchkongress mich würde dazu interessieren wieder jetzt die Roadmap mit der Milch aussieht gibt's Ideen für steueranpassung weitere und ja wie sieht's mit den Haltungsformen bei der Milch und Milchprodukten aus er wechseln können sie netterweise noch mal kurz zusammenfassen wenn ich ja also gestern war der milchkongress ja die Frage aus der Redaktion von mir ist wie sieht es mit steueränderungsplänen eventuell aus wie ist die Roadmap bei der Milch die Roadmap des bmail und sind gegebenenfalls Änderungen oder Anpassung bei den Haltungsformen Kennzeichnung bei Milch Milchprodukten geplant also zu den fiskalischen Fragen würde ich gerne im Zweifel an das BMF abgeben ich kann Ihnen jetzt was sagen zu zur tierhaltungskennzeichnung da planen wir ja auch das weitere Tierarten erstmal mit einbezogen werden ebenso dass es in Zukunft auch beispielsweise auf verpackte Produkte der Fall ist ich muss jetzt noch mal konkret nachschauen wie das mit den Milchprodukten dann im Zweifel ist das kann ich Ihnen aber nachreichen geht dabei nur um Kuhmilch oder andere Milch Erzeugnisse das müsste ich nachrechnen so bevor wir jetzt in der zweite Runde kommen gibt es ich würde sagen die Antwort vom Finanzamt ich könnte ihn jetzt allgemein was sagen zur Systematik der Mehrwertsteuer in Bezug auf Lebensmittel und auch auf auf Milchprodukte und zwar ist es so dass interessiert bitte sind Änderungen geplant offensichtlich gibt es es nicht geplant an der Systematik was zu Ende so dann noch in einer ersten Frage Runde Fragesteller die ich jetzt übersehen habe ja sie hatten glaube ich eine Frage Wunsch dann wäre jetzt die Gelegenheit meine Frage zum Thema arabische und auch Gebete also viele menschliche rechte Organisationen fordern die bundesligierung auf also Druck auf Abu Dhabi auch zu oben und politische Häftlingen Gebiete innerhalb von Mai bis Ende Juli über 200 Angriffe gegen die christliche Einrichtungen in besichtigen gibt es eigentlich Stille danke also zum ersten Teil Ihrer Frage muss ich noch mal Rückfragen wie beziehen sich auf politische Gefangene in den arabischen Emiraten können Sie das noch mal einmal präzisieren das war mir nicht ganz klar also ich kann vielleicht ganz grundsätzlich natürlich sagen dass auch in den in unseren Beziehungen zu den Vereinigten Arabischen Emiraten das Thema Menschenrechte natürlich eine wichtige Rolle spielt ich habe jetzt aber keine spezifischen wir liegen jetzt irgendwie keine spezifischen Fälle vor auf die ich jetzt hier eingehen könnte ansonsten zu ihrer zweiten Frage wir haben ja in dieser Stelle immer wieder uns eingelassen zur Situation im Nahen Osten und ähm zu der ja über die letzten Monate schon zu sehenden immer wieder aufflackernden und auch zunehmenden Gewalt und das ist natürlich auch so dass dass wir Gewaltakte die durch Siedler auf auf andere Einrichtungen vorgenommen werden natürlich auch verurteilen und das haben wir hier auch mehrfach getan Klimakonferenz sollte nicht in Dubai stattfinden solange also wegen dem Menschenrecht also sie beziehen sich auf die Kopf die er Ende des Jahres in Dubai stattfinden wird ich nehme das zur Kenntnis die wird halt in Dubai ausgerichtet so zweite Frage Runde Herr Scholl war und dann nach vorne ja ja eine weitere Frage zu Georgien jetzt unabhängig von dem Besuch in Meseberg wurde der beschlossen molder und Georgien so sicheren Herkunftsländern zu erklären Herr Karl zwei Fragen dazu georgien ist ja sechster Stelle nach der Zahl der Asylanträge noch vor Russland was erhoffen Sie sich durch diese Bezeichnung Georgiens als sicheres Herkunftsland und braucht man auch ein weiteres Abkommen jetzt mit Georgien um georgische Staatsbürger einfacher nach Georgien zu zurückzuführen danke ja also parallel zu der Einstufung als sicherer Herkunftsstaat verhandelt die Bundesregierung auch mit Georgien über ein migrationsabkommen diese Verhandlungen sind auch schon recht weit gediehen dazu hat sich ja unter anderem Herr stammt der sonderbevollmächtigt hat der Bundesregierung genau das tut auch geäußert ist auch zu der kabinettsentscheidung am Mittwoch das noch mal erneuert also es sind zwei Teile einerseits die Einstufung hat sich Herkunftsstaat andererseits das migrationsabkommen und das wird eben gerade auch rückführungs Aspekte mit Regeln nämlich die Verpflichtung dann auch Georgiens eigene Staatsangehörige wieder zurückzunehmen die anerkennungsquoten für asylentscheidung von georgischen Staatsbürgern sind ja sehr gering bei etwa 0,15%, das heißt gehen dort nicht von politischer Verfolgung von Repressalien aus kann es im Einzelfall geben also den Anträge werden auch weiter im Einzelfall geprüft aber in aller Regel gibt es die nicht deshalb sind die Anerkennung gefunden so gering und deshalb erfolgt auch die Einstufung als sicherer Herkunft kommt die eu-beitrittsperspektive Georgiens also Georgien möchte näher an die EU heranrücken in die EU eintreten und wie Sie wissen sind alle EU-Staaten per se auch sicherer Herkunft zwei Fragen zwei konkrete Fragen dazu in diesem migrationsabkommen dem zukünftigen wird das dort auch ein Punkt geben dass Migranten die auf einem Transitweg durch Georgien nach Deutschland kommen und das sind ja nicht wenige dass diese Staatsbürger auch wenn sie keine Georgier sind auch nach Georgien wieder zurückgeführt werden können was er die EU Änderungen vorsehen und Herr Büchner wirken dieses migrationsabkommen eventuell die Haltung der Bundesregierung verändern in Punkten Status Georgiens als beitrinskandidat er wurde ja zurückgestuft im Verhältnis zu Ukraine und mal laut also ich kann Ihre Frage schnell beantworten da geht es nicht um dran sind es geht um georgische Staatsangehörigkeit und ich finde ich ich gehe davon aus beide die beiden Dinge haben miteinander so nichts zu tun dann gehen wir mal bitte ja meine Frage geht ans bmuv und Herrn Zimmermann herr Özdemir hat sich ja gegenüber der genschere crispy Cusco geöffnet und hat gesagt das dürfte keine Denkverbote geben die genschere sei nicht gleichzusetzen mit der alten Gentechnik und die Technik sei nicht Teil des Teufels und im Prinzip die einzige Bedingung die er noch genannt hat ist die neue Gentechnik frei produzieren will soll das weiterhin können ohne in seine Existenz bedroht zu werden meine Frage an Sie wäre jetzt ähm das ist ja durchaus ein Unterschied so bisherigen Positionierung der Grünen Ministerien war das mit vor allem abgesprochen und teilt voll dem Kind diese Ansichten von der mir ähm ich fürchte ich muss es kurz machen ich muss die Antwort nachreichen dann ähm danach ans Finanzministerium und gegebenenfalls kann auch das Arbeits- und Sozialministerium oder auch das Familienministerium was beitragen es geht um die Erwerbsbeteiligung von Alleinerziehenden Herr Lindner hat hier am Montag bei einer anderen Pressekonferenz sinngemäß gesagt die Quote von der erwerben die Quote der Erwerbsbeteiligung von alleinerziehend sein zurückliegenden Jahrzehnt gesunken welche Zahl hat er sich da bezogen denn es gab da ja Widerspruch genau der Minister hat sich bei der Pressekonferenz am Montag zur Vorstellung von Eckpunkten für die Kinder Grundsicherung zu dem Thema geäußert er hat sich dabei auf personenbezogen die Sozialleistungen erhalten also nicht im Allgemeinen sondern Personen explizit die Sozialleistung erhalten und hat sich bezogen auf Daten der Bundesagentur für Arbeit [Musik] da Ergänzungen der angesprochene Ministerien sehe ich jetzt nicht wechseln aber Nachfrage ja ich würde gerne nachfragen weil weil es ja wohl eine Antwort aus ihrem Haus gegeben haben gegeben haben muss dass es sich nicht um alle Alleinerziehenden handelt sondern sondern um Alleinerziehende die die Leistungen beziehen das hat er so in der Pressekonferenz nicht gesagt meine Nachfrage ist ist aber halten Sie die Zahlen von heute mit den Zahlen von vor 10 11 12 Jahren für vergleichbar wirklich weil in diesem Zeitraum ja durchaus Alleinerziehende mit Kindern nach Deutschland gekommen sind aus der Ukraine aber auch in der Flüchtlingsbewegung schon seit 2015 also sind die Zahlen aus ihrer sich tatsächlich miteinander vergleichbar also noch mal ist deswegen habe ich es ja noch mal klargestellt deswegen hatte haben wir es auch als BMF noch mal klargestellt dass er sich auf die personenbezogen hat die Sozialleistung erhalten er ist war in einer Pressekonferenz zur Kindergrundsicherung deswegen möchte es nicht sagen sach logisch aber das ist es jetzt nicht ganz abwegig dass er sich auf diese Person bezogen hat ohne es jetzt explizit noch mal noch mal erwähnt deswegen haben wir es ja auch im Nachgang noch mal noch mal klargestellt er hat einen einen Zeitraum gewählt der das letzte der letzten Jahrzehnte ich würde jetzt ungern in in Erklärung und Exegese einziehen in inwiefern sich Zeiträume eignen natürlich gab es bestimmte Entwicklung in diesem in diesem Zeitraum aber wie gesagt er hat sich auf Daten der das oder Statistiken der Bundesagentur für Arbeit bezogen und hat in diesem in dieser Pressekonferenz diesen diesen Zeitraum gewählt da würde ich das Familienministerium war schon gerne noch mal dazu hören ob das WM gehört der Meinung ist dass diese diese Zeitpunkte so miteinander vergleichbar sind ob das zulässig ist so wie es der Finanzminister da am Montag gemacht hat also für das Familienministerium ist ganz klar Alleinerziehende stehen oft vor großen Herausforderungen und leisten dabei besonders viel die meisten jonglieren tagtäglich im Job mit Kinderbetreuung und Haushalt deshalb verdienen sie Respekt und besondere Unterstützung das ist nicht nur die Überzeugung von Ministerin Pause sondern breiter gesellschaftlicher Konsens sie sind Alleinerziehende sind sehr motiviert eigenes Einkommen zu erzielen und sich und ihre Kinder so aus eigener Kraft finanziell abzusichern sieht man sich die Erwerbsbeteiligung von alleinerziehenden Müttern an sehen wir dass sie von 2006 bis heute nahezu kontinuierlich von 62 auf 71% gestiegen ist ein leichter Rückgang der der Erwerbsquote ist nur im Zeitraum von 2019 bis 22 zu beobachten von 73 auf 71 Prozent dieser Rückgang kann mit der corona-pandemie erklärt werden Schließung von Schulen und Kitas konnten Alleinerziehende weniger gut kompensieren da eben der Partner fehlt dass der Rückgang während der Pandemie nur so gering ausgefallen ist unterstreicht die Erwerbsorientierung der Alleinerziehenden auch die durchschnittliche Wochenarbeitszeit hat sich seit 2006 fast stetig erhöht von 28,6 auf 31 Stunden und liegt damit stets über der durchschnittlichen Wochenarbeitszeit von Müttern in Paarfamilien [Musik] genau ich würde das gerne noch mal einmal noch mal einmal einordnen der Minister hat in keiner Form die Leistung von alleine ziehenden Erwerbstätigen klein geredet er hat es nicht getan und wollte es auch nicht tun er hat diese Aussage getroffen im Zusammenhang dass es gelingen muss die Anreize zu Erwerbstätigkeit zu verbessern und darum geht es Minister Lindner es geht darum die Bedingungen zu verbessern und um Anreize zu setzen für eine Steigerung der Erwerbstätigkeit und jede neue aufgenommene Arbeitsstelle ist dabei natürlich zu begrüßen ähm gerade auch bei Alleinerziehenden weil es natürlich so ist dass gerade Alleinerziehende neben der Arbeit noch viele zusätzliche Herausforderungen bei der Organisation des Alltags zu bewältigen haben und in diesem Zusammenhang ist die Aussage des Minister zu sehen und einzuordnen Frage geht ans Auswärtige Amt Thema ist Armenien Aserbaidschan nach internationalen Presseberichten ist die Situation in der armenischen Enklave Bergkarabach humanitär-katastrophal Lebensmittel werden rationiert Preise steigen immens an eine hauptgrund dafür ist dass die einzige versorgungsroute zwischen Armenien und der Enklave durch die aserbaidschanischen Truppen zunehmend eingeengt wird Transporte werden nicht mehr durchgelassen wie beurteilt die Bundesregierung diese Situation und wirkt sie in irgendeiner Weise einen auf den also bei dschanischen Präsidenten seine Zusage dass ungehindert Transporte möglich sein sollen auch eingehalten werden da würde ich da gerne mal anfangen die Bundesregierung ist besorgt angesichts der instabilen Lage an der armenisch aserbaidschanischen Grenze besonders die weiterhin ungelösten humanitären Fragen erfüllen uns mit Sorge die Bundesregierung appelliert deshalb weil alle Verantwortlichen den Menschen in Bergkarabach die benötigten Lieferung von Nahrungsmitteln Medikamenten sowie weitere Gütern zu kommen zu lassen hierfür ist es unerlässlich den latschinkorridor für den Güter und Personenverkehr zu öffnen die Museum ruft zudem Aserbaidschan und Vertreter aus deperner kehrt dazu auf sich über Art und Weise des Transports von Leben wichtigen Hilfsgüter zu einigen einschließlich zusätzlicher Versorgungsrouten und ihre Gespräche über weiter offene Fragen wieder aufzunehmen diese Dialog ist wichtig er muss in Gang kommen in dieser kritischen Situation steht die Bundesregierung sowohl mit Eriwan als auch mit bakuum in Kontakt und arbeitet auf eine Verbesserung der Lage hin im übrigen unterstützen wir mit Nachdruck die Bemühung des Präsidenten des Europäischen Rates Michael ich erinnere an das jüngste Treffen in China zwischen den Bundeskanzler Präsident macron Präsident alive und Ministerpräsident und Ratspräsident Michelle ein vollgetreffen ist am Rande des Treffens des der europäischen politischen Gemeinschaft in Kanada Anfang Oktober vorgesehen ja ich kann vielleicht nur ergänzen die Außenministerin hat sich ja gestern Toledo auch dazu eingelassen und wie habe ich nachher auch schon gesagt hat fordern wir die das möglich ist über den latschenkoidor wieder freier waren und Personenverkehr gewährleistet wird und da sind natürlich Aserbaidschan und auch Russland besonders in der Pflicht ja die Einschränkung der Transportmöglichkeiten über den Korridor ähm die ist ja sukzessive seit ich glaube Dezember des vergangenen Jahres zu beobachten hatte in der Zeit seitdem das ist ja fast ein dreiviertel Jahr hat in der Zeit seitdem schon ähm irgendein Einwirken der Bundesregierung vor allem auf die aserbaidschanische und dann eben auch russische das ist da vielleicht schwieriger aber vor allem auf die aserbaidschanische Regierung stattgefunden dieser Einschränkungen die eben kontinuierlich sukzessive erfolgen zurückzunehmen und gibt es irgendwelche Erklärungen seitens Aserbaidschans warum dieser Einschränkung der Transportmöglichkeiten überhaupt gemacht werden also jetzt nicht kann leider dem was Herr Büchner ausgeführt hat jetzt hier nicht viel hinzusetzen wir sind über die humanitäre Lage dort auch selbst sehr besorgt und wie gesagt es ist Teil von Gesprächen und wir stützen unterstützen ja eben auch die Initiativen die die EU in dem Bereich unternimmt die Gespräche die da unter der Präsidentschaft von Charlie Michelle stattfinden und natürlich ist auch die humanitäre Lage in bergkambach Teil dieser Thema bei diesem Gespräch dann ist der Po Kraker noch mit einem anderen Thema dran ja diesmal das Umweltministerium das sitzt er ja schon Herr Zimmermann entschuldigung ich wollte mich einmal nach dem nach dem Stand des Rückbaus der ja in den zurückliegenden Jahren noch im Einsatz befindlichen deutschen Kernkraftwerke erkundigen haben sie gibt es da eine Überblick den sie uns Überblick den Sie uns geben könnten also wie weit der Rückbau fortgeschritten ist ja den gibt es aber nachdem sie es doch um eine Vielzahl an Reaktoren handelt ist das glaube ich kein Thema dass ich das für ein Vortrag geeignet ist es gibt aber tatsächlich fortlaufende Veröffentlichungen des Bundesamt für die Sicherheit der nukleären Entsorgung die enthalten einen Überblick über die Reaktoren die sie in Stilllegung befinden kurz gesagt ähm über 30 Reaktoren gilt es noch noch zurückzubauen in Deutschland wobei bei einigen der Rückbau auch schon weit fortgeschritten ist also das sind unterschiedliche Stadien aber über 30 Atomkraftwerke sind eben noch zurückzubauen von den formalig im Betrieb gewesenen Atomkraftwerken sind bislang erst drei vollständig zurückgebaut meines Wissens sind das das Atomkraftwerk Karl groß Welzheim und Niederaichbach um ihnen zu sagen worauf ich hinaus will es geht mehr es geht mir letztlich darum wie schnell könnte man eigentlich noch habe jetzt wieder in Betrieb nehmen Theo rein theoretisch wenn der politische Wille da wäre wenn wir uns jetzt mal auf die drei Kraftwerke beschränken die jetzt zuletzt noch am Netz waren wo ich davon ausgehe glaube ich dass ein Rückbau noch gar nicht begonnen hat können Sie können sie rein technisch sagen wie schnell diese diese Atomkraftwerke wenn der wenn der Wille da wäre und wenn die wenn die was da für nötig wäre wann die wieder am Netz sein könnten wenn man das wollte ja vielleicht gestritten sie mir dass ich erstmal über das grundsätzlich ist zum Hintergrund Ihrer Frage oder zum Kontext ihrer Frage sage also aus Sicht des Bundesumweltministeriums ist diese stellt sich diese Frage eigentlich nicht denn die Debatte ist geführt es ist entschieden die Bundesregierung hat im letzten Jahr gemeinsam beschlossen dass es beim Atomausstieg mit streckbetrieb Ende bis Mitte April bleibt und das ist auch gut so es ist vielleicht nachvollziehbar das bisweilen in Vergessenheit geraten ist warum eigentlich dieser Atomausstieg gemeinsam parteiübergreifend beschlossen wurde geht ja auch jetzt stark auf den über ein paar teilübergreifen atomaranstiegsbeschluss von 2011 zurück der mit dem streckt Betrieb nur um gut 3 Monate verlängert wurde ein wesentlicher Grund vielleicht sogar der Zentrale Grund für den Atomausstieg ist dass die Risiken der Atomkraft letztlich unbeherrschbar sind das gilt für jedes Atomkraftwerk auf der Welt also auch die hiesigen und im Umkehrschluss kann man sagen der Thomas stieg macht unser Land sicherer das ist etwas sehr Gutes und insofern stellt sich auch nicht nur weil es eine gemeinsam getroffene Entscheidung der Bundesregierung sondern auch von der Sache her aus unserer Sicht diese Frage nicht so aber um jetzt doch noch auf ähm quasi wie die technischen Aspekte einzugehen das ist eine eine einzelfallsache also beispielsweise wurde für das Atomkraftwerk Neckarwestheim 2 schon sehr früh einen rückbauantrag gestellt und erteilt andere Atomkraftwerke sie wissen ja dass für die Genehmigung und Aufsichten erste Linie die Länder zuständig sind andere Atomkraftwerke die in Ländern sind deren ähm Landesregierung voll und ganz zum Atomkraft zum Beispiel stehen haben Reaktoren da wurde der der Rückbau der rückbauantrag noch nicht genehmigt das ist jetzt beispielsweise ich hoffe ich habe jetzt ja nicht den tagesaktuellen Stand aber Grunde in Niedersachsen ist da ein Beispiel insofern die die einzelnen Verfahren unterscheiden sich da aber natürlich ist es so Atomkraftwerke die abgeschaltet werden sind ja erstmal auch noch nicht Kernbrennstoff frei das sind noch hochadjektive abgebrannte Brennelemente drin insofern bestehen da auch weiterhin nukleare Risiken und es gilt durch aufwendige Maßnahmen für nukleare Sicherheit zu sorgen und insofern besteht aber auch ein Interesse eigentlich zügig voran zu streiten und es gibt durchaus Maßnahmen die man ergreifen kann noch bevor der bevor der rückbauantrag genehmigt wurde die beispielsweise auch dem Strahlenschutz dienen und im Einzelnen müssen sie sich da dann bei den Bundesländern erkundigen wie weit jetzt bei den zuletzt abgeschalteten Atomkraftwerken da der Stand ist [Musik] beginnt ja danke schön nichtsdestotrotz fordert die FDP-Fraktion aktuell auf den den Rückbau jetzt aktuell zu stoppen wegen der hohen Energiepreise da würde mich interessieren Herr Büchner wie steht der Kanzler zusammen solch einer Forderung das hat sich ja auch dazu in letzter Zeit schon häufiger geäußert in meselberg am Rande ja auch aber man kann das eigentlich in einem Satz zusammenfassen das Thema Kernenergie ist dass sich das Bundeskanzlers beendet bitte danke vielen Dank meine Frage an das Justizministerium und anschließend auch in das Auswärtige Amt weil es diplomatische Auswirkungen hat die Frage bei dem Thema jetzt ne Kernkraftwerke nee das war jetzt in das war jetzt und dann habe ich aber dazu noch eine Frage und die Stellen ich hatte mich aber vorher schon gemeldet das weiß ich wir arbeiten immer ein Thema nach dem anderen ab und ich habe ihr Handzeichen so verstanden dass sie zu diesem Thema fragen wollten aber das will wenn ich ihn nicht auch missverstehe jetzt zu tun ja Hintergrund der Fragen hier ist natürlich sowohl der ausgedrückte politische Wille der Unionsparteien als auch der FDP wieder in die ertrunkraft einzusteigen der Zimmermann dafür wäre ja Voraussetzung dass die Betreiber erneut Anträge stellen aus bisherigen Reaktionen hört man eigentlich eher das auch für die Betreiberseite z.B EnBW ähm diese Frage sich nicht stellt sondern sie den Ausstieg aus der kein in Deutschland als endgültig ansieht haben sie Kenntnisse darüber aus ihren direkten Kontakten mit den Energieversorgern dass dort ein Umdenken stattfindet unter dem Eindruck der politischen Diskussion wie sie seitens der Union der FDP geführt wird nein in der Hinsicht liegen wir keine Erkenntnisse vor um die Äußerungen seitens EnBW die sehr Ansprachen die haben wir auch zur Kenntnis genommen meines Wissens oder unseres wissensschreiten die Arbeiten am Rückbau auf der zuletzt abgeschalteten drei Meiler voran und im übrigen ich glaube das wurde hier auch schon gesagt aber erinnere ich auch gerne noch mal dran es ist ja auch gesetzliche Vorgabe mit dem Rückbau unverzüglich zu beginnen das hat eben auch um Gründe der nuklearen Sicherheit dient auch dem Strahlenschutz und ähm das ist eine gesetzliche Vorgabe im Paragraph 7 Atomgesetz die vor einigen Jahren auch gemeinsam bei der Novellierung und Neuordnung von Zuständigkeiten im Bereich der Atomkraft so beschlossen wurde so jetzt wechseln wir das Thema und ähm [Musik] brasilianische Presse und zwar meine Frage es geht um eine ein aufgesuch oder eine Anfrage von dem brasilianischen von der brasilianischen Bundespolizei es geht ja um die um den Auftragsmord und die parlamentare die Marielle Franco und diese Anfrage kann man am Ende März und endete dann am Ende Juli ergebnislos und da hat den der brasilianischen Öffentlichkeit sehr viel Unmut gesorgt die Kollegen von der intercep Brasilien haben rausgefunden oder recherchiert dass die deutsche Regierung nicht nur zögerlich in den Antworten aber auch sehr lächerlichen in den Kontext gewesen sind und sich geweigert haben mitzuhelfen als praktisch als Brücke zu der Firma Heckler und kocht das ist nämlich die Firma die Hersteller Firma die die Waffe die diese Waffen Modell das ist ein MP5 nennt sich das dann und das hatten wir so der gesucht der brasilianischen Bundespolizei waren insofern dass der recht das ist der gesamte von den von der deutschen Regierung in der Botschaft in Brasilia der beiden derjenigen der den Schiff Verkehr gemacht hat der kam immer wieder mit neuen Auflagen und nachher dann mit ganz abstrusen Erläuterungen langer Rede kurzer Sinn also warum tut sich die Bundesregierung so schwer in so eine Sache mitzuhelfen diese diese auftragsmodern die Marielle Franco hat ja Symbolkraft in der ganzen in der ganzen Welt erzeugt warum ist es so gelaufen und meine Fragen das Auswärtige Amt ob es dort dann weil ihm das Heft hat ja von diplomatischen Nebenwirkungen gesprochen wurde das im Auswärtigen Amt darüber gesprochen über diese aufsuche von der brasilianischen Bundespolizei da bitte ich leider um Verständnis dass wir uns zu Einzelfällen die Rechtshilfe international Zusammenarbeit was das alles angeht wie üblich nicht äußern aber das sind jetzt kommt das Auswärtige Amt und dann können Sie noch eine kurze Nachfragen Stellen ich kann mich da jetzt der Kollegin des BMI nur anschließen ich Nachfrage und zwar folgendes dass der Uwe recht eben zunächst einmal gesagt man sollte einen offiziellen gesucht an das Justizministerium in Deutschland stellen weil da sei durch die United Nations geschützt ihm im Rahmen von Bekämpfung von organisierter Kriminalität weil diese diese diese Kontakt direkt vor der Bundespolizei der Firma nicht möglich die Frage ja ich es ist eine Nachfrage dann in dem Zusammenhang weil gerade diese die United Nations schützt dann diese Maßnahme das Regierung und eben sich an Firmen sozusagen wenden kann wenn es darum geht die organisierte Kriminalität zu bekämpfen deswegen verstehe ich dann ihre Antwort nicht das ist aber egal wie der Fall ist dass wir uns hier öffentlich zu Einzelfällen was sie Rechtshilfe angeht nicht äußern das betrifft jetzt nicht nur den Fall sondern alle anderen Fälle und bleibt es auch dabei dass die Bundesregierung sich nicht damit die nicht unterstützt bei den bei den Aufklärungen in Bezug auf die Waffe dazu habe ich ja nichts gesagt ich habe nur gesagt dass ich mich hier als Sprecherin zu Einzelfällen in Rechtshilfe das habe ich schon verstanden werden dazu kann ich ja gesagt ich kann nicht sagen also sie haben einzeln wir äußern uns zu Recht Hilfe suchen das sind ja üblicherweise Fälle die über offizielle formelle Rechtshilfe suchen in Einzelfällen nicht und ähm dass die Linie und wir machen uns aber nicht ihre Interpretation zu eigen die die sie in der Frage vortragen dann welche Fragen waren noch im Raum sie hat noch eine Frage bitte ja ans BMF und zwar haben ja oder kam Stimmen aus den Fraktionen der SPD und der Grünen dass die Mehrwertsteuer auf mich Ersatzprodukte von 19 auf 7% gesenkt werden soll aus der FDP-Fraktion hieß es dann das wenn genug Geld da ist ja aber das ist eigentlich eine grundlegende Reform der Umsatzsteuer bräuchte wie sieht das BMF das eigentlich also ähm würden sie es wenn es der Haushaltsraum zulässt unterstützen dass die Mehrwertsteuer auf mich Ersatzprodukte auf 7% gesenkt wird wie sie mich im Moment ist wenn ich das richtig verstehe hatten wir die Frage vorhin schon im Zuge der Roadmap okay dann machen eine Frage ans Verkehrsministerium die knüpft in gewisser Weise an den Anfang der heutigen Sitzung anders ging es ja um den bundesverkehrswegeplant ihr Haus hat vor einigen Tagen sehr zustimmend eine Berechnung der Bundesanstalt für das Straßenwesen veröffentlicht der zufolge im vergangenen Jahr 8,5% weniger Pkw auf deutschen Autobahnen unterwegs sein Hintergrund ist vor allem die Auswirkungen von Homeoffice die auch dauerhaft anhält wenn wir also weniger Verkehr weniger Pkw auf den Autobahnen haben müsste sich das dann nicht eigentlich auch irgendwie in der Planung des Bundesverkehrswegeplans niederschlagen denn man bräuchte ja vielleicht dann auch weniger Autobahn wenn wir weniger Verkehr haben oder der aktuell geltende bundesverkehrswege planen wurde 2016 beschlossen und er geht bis 2030 selbstverständlich fließen alle wissenschaftlichen Erkenntnisse die wir im Rahmen unserer verkehrsuntersuchungen erheben ein in die künftige Verkehrsplanung vor dem mit Blick auf das was sie jetzt gerade angesprochen haben nehmen wir das zur Kenntnis und nun geht es natürlich auch um die Frage inwiefern es sich hier um Sondereffekte handelt wie langfristig die Effekte sind und das fließt wie ich gerade da gelegt habe auch in unsere langfristige Verkehrsplanung ein aber noch einmal der Bundesverkehrswegeplan geht bis 2030 und dann geht es in Zukunft darum neue verkehrswegepläne aufzustellen aber ich entnehme da ich nehme ihre Antwort dass die Logik dass wenn wir dauerhaft weniger Verkehr hätten oder haben zum Beispiel auch durch mehr Homeoffice dass sich das dann auch in veränderter verkehrswegeplanung ausdrücken müsste richtig ich möchte hier noch mal zurückkommen auf unsere gleitende langfrist Verkehrsprognose mit der zierrichtung 2051 da kommen die von uns beauftragten Wissenschaftlerinnen und Wissenschaftler zu dem Ergebnis dass wir in allen Verkehrsträgern bzw bei gerade im Güterverkehr in ein Verkehrsträgern zunehmenden Verkehr haben werden insbesondere auch auf der Straße und vor diesem Hintergrund ist es für uns von großer Bedeutung die Straßeninfrastruktur zum einen zu erhalten zu sichern und zum anderen auch auf diesen Bedarf auszurichten und auszubauen gut weiterfahren sehe ich nicht dann doch Herz bitte noch ein Thema die kausa ein langer Hörbücher hatte sich ja gestern noch mal versucht zu erklären wie weit hat er den Kanzler denn davon überzeugen können dass die Vorwürfe unhaltbar sind ich möchte gerne wirklich noch mal mit dem grundsätzlichen und sehr wichtigen Satz anfangen in Deutschland gibt es keinen Platz für Antisemitismus der Kampf gegen Antisemitismus in all seinen Formen ist eine zentrale Aufgabe unseres demokratischen rechtsstaatsante Gesellschaft für die Bundesregierung hat dieser Kampf höchste Priorität die Bundesregierung setzt sich mit aller Kraft dafür ein dass jüdisches Leben in Deutschland weiter zu stärken und zu fördern endet vergangenen Jahres das möchte ich bei der Gelegenheit auch noch mal erwähnen hat die Bundesregierung die nationale Strategie gegen Antisemitismus und für jedes Leben beschlossen es ist die erste Strategie der Bundesregierung die ausschließlich die Bekämpfung von Antisemitismus und die Förderung jüdischen Lebens behandelt ziel ist es Jüdinnen und Juden in Deutschland in Deutschland zu stärken und ihre Lebensrealitäten sichtbarer zu machen und zu der Causa selbst das ist schwerwiegende Vorwürfe im Raum und es bleibt bei dem was der Bundeskanzler übrigens auch der Vizekanzler und der Bundesfinanzminister in Meseberg gesagt haben die müssen aufgeklärt werden und hier geht's inzwischen auch und das Bild dass der Freistaat Bayern in der Welt abgibt damit sind wir am Ende dieser regierungspressekonferenz ich halte Erker er Wagen hat das Bundespräsident hat eben bestätigt dass Frauen so überschwiler gestern beim Präsidenten war bleiben sie bei ihrer Aussage dass sie das nachliefern oder können Sie jetzt was bestätigen also ich nehme zur Kenntnis dass das Bundespräsident das bestätigt hat sich liefer gern noch mal nach also ja das wäre nett also wenn ich einen Kommentar bekommen könnte also wie bewertet denn die Bundesregierung den Besuch der georgischen Staatspräsidentin in Deutschland der Yoga die Nachlieferung habe ich ihnen ja versprochen und es gibt keinen Zweifel daran zu zweifeln dass wir nachliefern werden Sie dann auf dem üblichen Weg wenn Sie eine Geschäftsstelle geht dann an alle verteilen so damit Ende dieser Pressekonferenz vielen Dank für Ihren Besuch vielen Dank [Musik] [Musik] [Musik]",OK
CTIcShw63cE,"die stärksten Geschichten sind die wahren von würde und Verletzbarkeit Licht und Dunkelheit wir sind weil du bist [Musik] alles Menschen im Gespräch mit Veit Lindau ihr Lieben ich bin heute in Baden-Baden und mit einem ganz besonderen Menschen zu sprechen den ich noch nicht so oft getroffen habe in meinem Leben vorher über den Bildschirm und jetzt zum ersten Mal und ich bin wahnsinnig froh über sein neues Buch heute zu sprechen dass ich schon lesen durfte [Musik] und über die Ideen die er hat wie wir gemeinsam sein können und ich habe tausend Fragen im Gepäck und ich sag einfach herzlich willkommen zeitländer hey grüß Dich die Frage aller Fragen wie geht es dir ist glaube ich die Frage die ich gerade im Augenblick am herausforderndsten für mich ist weil die meisten ja für mich gerade noch in der Auszeit und die komplette Amplitude also in der Tiefe geht's mir sehr sehr gut ich empfinde das als absolute Gnade also dass ich diese Auszeit jetzt nehmen darf und nicht viel viel später wenn irgendwas voll gegen die Wand gefahren ist sondern so ein Punkt wo ich das Gefühl habe ich kann dann darf das ja sanft machen ich ehre in dem Prozess der da stattfindet sehr also aber der kriegt mich auch tief um also ich bin so gefühlt so drei Jahrzehnte wie so ein D-Zug unterwegs gewesen und das weiße vollbremse ich weiß noch als ich dir von einem halben Jahr ungefähr pi mal Daumen eine Nachricht geschrieben habe wie es dir so geht und was du so machst hast du geantwortet schau dir mein aktuelles Youtube-Video an und das war ein Podcast den du aufgenommen hast wo du ein bisschen erklärt hast ja wie es dir so geht aktuell wie ist die so ging in den letzten Wochen Monaten und warum du alles anders machen musst nimm uns doch mal mit in diesen ja in diesen Prozess der da in die ablief wie hast du gemerkt ja dass du nicht mehr kannst also ich würde sagen hauptsächlich zwei Faktoren also muss ich sagen das waren so anderthalb Jahre was das klopft es so sanfter die Tür hinterher fight wirst du nicht mal anhalten willst du den nicht mal ein paar Fragen stellen und dann denken sie mir jetzt nicht das passt jetzt einfach jetzt gerade passt es wirklich gar nicht also es waren zwei Faktoren erstmal ich kenne eigentlich fast immer die Erfahrung dass ich die Dinge die ich mir vornehme gut klar erfolgreich manifestieren kann und nicht und es filmplatieren zu ruckeln an vielen Stellen also das gemerkt habe da funktioniert was nicht da bricht was ein dort gibt's Widerstände also ich habe so gemerkt dass das Leben von außen hat so gemacht so nee nee geht jetzt gar nicht weiter und das was mich aber am hellhörig gemacht hat war es ich plötzlich realisiert habe ich die vor der Kamera oder ich spreche zu Menschen und ich fühle die Freude nicht mehr so das war der Punkt wo wo bei mir die Alarmglocken angegangen sind weil ich gesagt habe da wollte ich nie lang also das habe ich mir mal gesprochen ich möchte niemand wären der ohne Nummer durchzieht weil sie erfolgreich ist oder weil sie hat sich einfach so eingespielt hat und das war so der Punkt wo ich gesagt habe jetzt muss ich raus wie ist dieses Gefühl wenn du weißt du kannst eigentlich so nicht weitermachen du aber zu gleichen Zeit all die Verpflichtungen hast und du bist CEO deiner Firma du hast Angestellte du hast Menschen die auf dich bauen du hast auch Menschen da draußen die auf dich bauen für die du da bist als Mentor als Lehrer als Podcaster als ja Mensch der ja eine Richtung vorgibt dazu sagen okay wie kriege ich hin [Musik] mit wem sprichst du da diesen zu die ersten Gespräche wie kann man sich das vorstellen bei dir also machst du dann morgens auf irgendwann und hast dir gedacht ich muss mit meiner Frau reden ich weiß eigentlich schon was zu tun ist wie bekomme ich hin mit meinen Mitarbeitern reden mit meinen Mitarbeiterinnen alle ins Boot holen Verantwortung verteilen also wie ist der Prozess weil ich kann mir vorstellen nicht so ganz einfach also erstmal was ich gelernt habe das ist nie der richtige Zeitpunkt also einfach nie der richtige Zeitpunkt irgendwas ist immer gerade irgendein großes Projekt oder etc und der Plan war eigentlich ursprünglich zu sagen okay ich bereite das jetzt alles richtig gut für 2024 vor und dann gehe ich gönne ich mir ein halbes Jahr im Sabbatjahr ne und es war tatsächlich nicht ich sondern es war Andrea die auf mich zukommen ist und gesagt hat wir müssen erstmal machen und also ich habe das große große Geschenk mit ihren Gefährten an meiner Seite zu haben also die mir in diesem Augenblick einfach voll das Signal gegeben hat du kannst du kannst loslassen Mann ich bin ich bin hier ja und was für mich eine mega befreiende Erfahrung war weil also rückwirklich ich sag jetzt mal 50% kam aus das ist definitiv wirklich zu viel war also wirklich echt zu viel Arbeit und 50% würde ich sagen waren ausgelöst durch die Situation es ist gefühlt haben quasi immer der verantwortliche zu sein so überall gebraucht zu werden das Gefühl haben nee ich kann nicht krank werden weil dann fällt die Sendung aus nee ich glaube und und die musst du dich irgendwann einfach stellen also der die für mich vielleicht heilsamste Erfahrung ist jetzt gerade zu sehen dass das Leben voll ohne mich weitergeht klar ruckelt das an manchen Stellen aber es geht einfach voll weiter hätte ich vorher gedacht dass es eine banksting eine Erfahrung aber tatsächlich war es eine Erfahrung oder ist eine Erfahrung die mich gerade ganz glücklich macht so am Rand zu stehen und sehen guck mal und was für mich ganz wichtig war um mich um mich um mich loslassen zu können war das Meeting was ich mit meinem Team hatte als ich denen das offenbart habe und die Reaktion von denen weil das war nicht oh mein Gott oh mein Gott sondern es war die absoluter Leistung im Raum endlich ist der Chef Weg hoffe ich nicht aber es war so wie also erstens klar wir sehen das ist total logisch bitte gönn dir das und was mich aber so glücklich gemacht hat war zu sehen wie in diesem ersten Meeting sofort alle Anfänger mal nachzudenken was kann ich tun wie kann ich machen ähm ich habe sie also die Energie die nicht runter sondern die Energie gegen total hoch im Raum und dann habe ich so gemerkt es ist total offensichtlich also ich bin so ein dominanter Platzhirsch ich muss auch dafür rausgehen damit diese wundervollen Menschen realisieren wie wundervoll sie sind und was für eine Power haben ja wie lange hat das dann gedauert also von diesem Meeting bis zum Abflug vier Wochen okay also das war wirklich sehr kurzfristig und das war so wirklich das Gefühl also wir werfen das Team auch so ein Stück ins kalte Wasser ich meine wir hatten nur noch vier Wochen Zeit wir haben ganz viel abgesettet aber wir haben auch vor allen Dingen darüber geredet okay wer übernimmt die Autorität immer in dem Bereich in dem Bereich und wir haben ihn ganz ganz viel Freiraum gelassen das in der Zeit zu gestalten und zwar also ich glaube das ist für alle eine super Erfahrung und ich glaube auch nicht dass ich mich zu sehr vermisst haben weil ich bin schon einfach den hier im naher company also der die sozusagen auch dann logischerweise immer für den Stress Wort weil ich mit einer neuen Idee komme ja wie viele Leute hast du in deiner company ähm Kernteam sind ungefähr zehn und dann also darum herum gibt es noch mal fast doppelt so viele Freelancer aber bin so das Team was mir wirklich den Rücken frei gehalten hat das sonst so ungefähr zehn Menschen ja dein Arbeitsalltag damals aus also wie kann man sich das vorstellen du bist aufgestanden morgens aufgestanden ich habe bisschen meditiert zu wenig meditiert habe das war mein ultimativer Luxus dann Kaffee oder ein Tee mit Andrea getrunken also das war Luxus so mit meiner Frau zusammenzusitzen und auch das war absolut klar in dieser Zeit ist Arbeit Tabu wir reden über Gott wir reden immer die Welt über die Liebe so und dann durchgearbeitet bis zum Abend ja ich muss dazu sagen ich also ganz klar jetzt gerade in der Auszeit sehe ich auch den Teil der workoholik ist ganz klar also den auf den ich auch wirklich nicht stolz bin und gleichzeitig bin ich auch jemand der ich ich liebe zutiefst was ich tue also für mich war war völlig selbstverständlich wie gesagt okay hier 14 Tage Zeit fahren Urlaub dann war für mich klar geil 14 Tage Zeit ein Buch zu schreiben lass uns lass uns loslegen ja das war einfach zu viel und wenn du über dich sagst du bist eigentlich ein workoholik oder du liebst eigentlich die Arbeit die du tust auf der einen Seite und dann fährst du ich weiß nicht wo Du warst aber Du warst auf jeden Fall irgendwo wo es sehr warm war und mit sehr viel Urwald habe ich gesehen auf Instagram wie es dann so der erste Tag also jahrelang durchgearbeitet mit all der Verantwortung und all den Erfolgen auch auf einmal bis zu einem Ort und du musst nicht mehr aufs Handy gucken du hast keine Termine mehr du hast keine deadlines mehr du hast einfach nur diesen Tag vor dir was hast ich glaube wir haben das sehr schlau gemacht dass ich nicht einfach so ins Nichts reingegangen bin sondern ich habe die erste Woche mit shipibus verbracht das ist indigener Stamm der ursprünglich aus Peru kommt und habe da viel schamanische Arbeit gemacht und das war so für mich so also das hat das gleich von hier oben aus diesem Speed Kanal ein ganz große Tiefe geholt also ich hatte in dieser ersten Woche nicht die Gelegenheit irgendwie groß zu telen Alter es ginge hier danach los dass ich gemerkt habe okay ich ich Ruder so ich tänzle zwischen Momenten ich habe worauf ich mich total gefreut habe ist nichts schlimmes sagen zu müssen das habe also keine Antworten haben zu müssen das auch immer noch so dass ich das Mega genieße also wirklich auch für meinen Instagram Kanal zu schauen deswegen nee nee ich will einfach nicht so das habe ich total genossen und dann gab es Momente von nichts tun also wirklich da sitzen da bin ich da war ich sehr erstaunt dass mir das gut gelungen ist also es war nicht so dass ich da voll ausgerastet bin aber ich muss mega aufpassen habe ich gemerkt dass ich nicht in der Stille dann schon wieder das nächste Ding Kriege also ich habe dann ja also wir waren unter anderem Costa Rica und ich habe mich plötzlich dabei tappt dass ich noch nicht verraten wer es ist weil müssen noch ein paar Sachen klären aber das sieht mit dem mit dem sehr sehr bekannten wunderschönen weißen Künstler zusammen gesessen haben in fünf Tage interviewt habe um Buchprojekt draus zu machen und ich habe es nicht mal gemerkt so Andreas noch bevor ich ihn ja Auszeit gegangen bin hat sie gesagt ich gehe eine Wette mit der Einfahrt so und alles war für mich so natürlich einfach weißt du so connecting so dots einfach zu zeigen cool ja wir sind jetzt zusammen lass uns die Zeit nutzen geiler Platz ich habe auch schon Ideen was war damit machen können und das hat mir auch viel Freude gemacht aber nach fünf Tagen nicht mehr Alter was machst du schon wieder im Modus schon wieder schon wieder Modus und das war so wie jetzt aber ist es unbedingt was Schlechtes weil ich bin auch so ich mache zum Beispiel bei mir keinen großen Unterschied diese Work-Life-Balance ist bei mir eigentlich eins ja also so ich mache keinen Unterschied zwischen Leben und Arbeiten für mich ist arbeiten leben und leben auch arbeiten also und ich denke auch immer in Geschichten also wenn ich irgendwo bin und ich nehme irgendwas auf dann denke ich oft daraus könnte man einen Film machen oder daraus könnte man ein Buch machen oder das ist eine coole Geschichte für ein Podcast oder daraus könnte man irgendwas anderes kreieren ich könnte den mit dem zusammenbringen oder so das heißt ich bin ständig ja so im Wahrnehmen und ich denke in ja schon Projekten ja ist das was schlimmes wenn du vom Charakter so angelegt bist nee ich glaube es war Paracelsus der gesagt hat alles kann Medizin und alles kein Gift sein das kommt auf die Dose dran und wir haben das vor dem Gespräch du hast gesagt du hast du entscheidest dich immer wieder bewusst auch dein Apparat nicht aufzuleben so und ich glaube was ich immer wieder unterschätzt habe ist also ich bringe eine Murmeln träumen was da alles dranhängt weißt du also wie die Dingen sich miteinander bedingen und das ist dann und dass die Murmel zwangsläufig irgendwann zu mir zurückkommt also ich bin voller begeistert dabei die Momos zu schicken und dann noch die Mama und die Mama und die Moment und ähm ich merke das jetzt in der Auszeit also obwohl ich sozusagen keine neuen Impulse rausgehe wie viele Impulse zurückkommen und nicht mehr ja das habe ich alles angezettelt also bei mir ist definitiv over the top gewesen und ich mache auch gerade viel wir haben ja vorhin über Tagebuch schreiben ich schreibe gerade die Tagebuch macht Biografiearbeit und da gibt's ein Part in dem was ich tue das ist pure Freude und das ist auch würde ich sagen das ist mein Drive das ist meine geistige Genetik so bin ich einfach und dann gibt es ein paar da bin ich gerade sehr verbunden mit dem mit dem kleinen fight der irgendwann einfach gesagt hat okay also wenn wenn wenn das die alte fähig die Aufmerksamkeit von meinem Bett kriege dann breche ich halt den Kopf nach und dann so und der später schon auch normal wenn du sagst dass du aufpassen musst dass du nicht wieder ins nächste Projekt gehst in deiner Auszeit bist ja doch wieder ins nächste Projekt gegangen oder dein neues Buch das war vorher schon fertig war vorher schon fertig das war Gott sei Dank das war eine Punktlandung okay also da muss ich dich jetzt mal als Autor fragen wie machst du das also du bist ja ähnlich fleißig wie ich was das Veröffentlichen von Büchern angeht also man kann ja schon sagen im Jahrestag kommt was von dir und was ist dein Geheimnis wie schreibst du also ich habe zwei schreibmodi das eine ist ich schreibe eigentlich fast jeden Tag so also wenn mich was bewegt jetzt gerade verbietet möchte ich außer Tagebuch schreiben außer Tagebuch schreiben immer ich sag jetzt mal 5 bis 10 hochprojekt im Kopf so und jetzt gerade also nein nein so und das funktioniert ganz gut bin ich sehr dankbar aber wenn ich wenn ich sozusagen eins durchlasse dann gibt's zwei schreibmodi wenn ich hier bin wenn ich arbeite dann schreibe ich jeden Tag so ein bis zwei Stunden und die Zeit nehme ich mir damals dann morgen wenn der Geist noch so richtig frei ist und dann und das ist dann für mich wirklich auch der Luxus und ich glaube da haben wir so eine Gemeinsamkeit denke ich für drei vier Wochen einfach raus wirklich entweder in die Berge oder auf eine ganz ganz kleine Insel und da traurig dann so richtig tief ein Ja also dein Buch gelesen habe habe ich mich so gefragt ist das eigentlich ein Einstellungskriterium wie du Menschen für deine company aussuchst oder wie sie dich vielleicht auch finden das Buch heißt co-kreation und da geht es im Prinzip darum wie man es schaffen kann auf den Punkt gebracht vielleicht kannst du es noch mal ein bisschen besser sagen wie man ein gutes gemeinsames Leben führen kann erklär uns das mal ja also ich würde sagen ein gutes gemeinsames Leben ist auch schon auf dem Level von Kooperation möglich also ich unterscheide quasi drei Entwicklungsebenen von Beziehung die wir alle relativ gut kennen also Ausbeutung war die erste Konkurrenz ist jetzt immer noch massiv verbreitet Kooperation schon ganz okay also Kooperation sage ich immer was wie eine gute solide er ich weiß wer du bist du weißt wer ich bin wir teilen uns die Rollen aber wir rütteln noch nicht groß dran so ja und das kann schon richtig gut funktionieren so gucke Kreation ist für mich interessanterweise eigentlich die Milch drüber nachdenke und Porsche also das das ursprünglich Prinzip wie Evolution funktioniert was im Grund hat der Mensch schon wie so ein Lob gemacht in dem Augenblick als sie unser Ego entwickelt hat sind wir so ein bisschen ausgestiegen also das für mich also nicht Sinn nicht vor Gott aber wir sind rausgegangen aus der unbewussten kogretation und haben jetzt so ein bisschen Schwierigkeiten wieder reinzukommen und also meine meine einfachste Definition ist also wenn du und ich zusammenkommen und wir finden ein gemeinsames Anliegen wofür wir wirklich brennen also kein Vernunft annehmen sondern es muss etwas sein wo wir beide spüren okay dafür lohnt sich auch durchs Feuer zu gehen ja und wir haben vielleicht sogar Schiss vor diesem Anliegen aber wir spüren wenn wenn das möglich wäre dann kriegen wir Gänsehaut so also wenn wir dies gemeinsam Anliegen finden und wenn wir dann die Größe und clever das Aufbringen unsere Verschiedenartigkeit nicht zu bekämpfen sondern zu sagen es ist super cool dass du anders bist dass ich es ist super cool dass meine Frau völlig anderen Bezug zum Teil hat zu Themen wie Geld oder Gefühlen als ich das ist nichts wo wir uns angleichen müssen sondern Gegenteil ist da in dieser Verschiedenartigkeit liegen wird dann werden wundert möglich und Wunder meine ich in dem Fall nichts esoterisches sondern Wunder ein Wunder für mich etwas was ich bis gestern nicht für Möglichkeiten habe also wenn ich wollte etwas erlebe weil krass dass das geht hätte ich nicht gedacht ist für mich wunder wenn du jetzt also ganz kurz zu deiner Frage Einstellungskriterium ja es ist tatsächlich so dass wir also wir haben extrem viel falsch gemacht in den letzten zehn Jahren beim einstellen weil wir unglaublich naiv idealistisch menschlich rangegangen sind und wenn ich zum Beispiel ich trainiere natürlich immer das Potenzial soll ich es ich sehe okay ja so bist du heute aber wenn wir uns bald richtig dann ist das möglich so und wir trainieren uns gerade dann viel viel nüchtern daran zu gehen und gleichzeitig suchen wir tatsächlich nach bestimmten Kriterien die oder Qualitäten die es braucht damit Menschen miteinander in diesem Chor kreationsmodus kommen können und ein eines der wichtigsten Kriterien ist der Switch also das ist sozusagen deine meine Fähigkeit also wenn wir einen Projekt arbeiten unser loszulassen und das hat nicht jeder noch nicht wie kann man das rausfinden in einem Bewerbungsgespräch also ich finde es erstaunlich die meisten Menschen schreiben das schon von ihr Bewerbung rein also es gibt einfach viele Bewerbungen da ist so richtig fett ich ich ich und da ging es überhaupt nichts einzuwenden ne ähm ich finde es auch wichtig ein starkes ich zu haben aber wenn so diese Souveränität fehlt dann schiebst du das halt so vorne weg und jemand der unsicher mit sich ist der der wird der wird im im Genesis wird er an seinem Ego festhalten und sich wichtig nehmen als zu entspannen so und also viele viele zeigt sich da schon und anderen ist ich will nicht zu viel verraten aber wir stellen einfach fragen so und eigentlich sind wir alle offene Bücher voneinander ja weil das so sagen wenn sich Menschen bei dir bewerben oder wenn Menschen mit dir arbeiten wollen das ist wichtiger ist dass Sie die richtige Antwort haben auf deine Frage oder ob sie dir gute Fragen stellen beides also ich sag mal Hälfte Hälfte des Gespräches ist ich dass ich mein Gegenüber einlade mir Fragen zu stellen macht mich immer skeptisch wenn jemand überlegt irgendwo arbeiten sollen keine Fragen hat und dann finde ich auch mal spannend okay welche Fragen stellst du mir also was interessiert dich was willst Du wissen genau interessanteste Frage die Du mal gestellt bekommen hast in einem Bewerbungsgespräch oder etwas wo du gesagt hast das habe ich noch nie gehört oder das hat mich total begeistert oder nachhaltig beeindruckt er muss dazu sagen ich fühle ich für so gut wie gar keinen Einstellungsgespräch auch das ein ist ein Learning aus aus dem letzten zehn Jahren ich bin einfach eine Produktionsfläche weil ich viel auf der Bühne stehe und die Leute haben also wir suchen keine Leute die sich bei uns bewerben weil sie viel Zeit mit verhindern verbringen wollen okay ja weil erstens werden sie zwangsläufig enttäuscht weil er auf der Insel bist und nein nein weil ich weil ich langweilig bin im Alltag ja ich bin so mal ich auf der Bühne ist fast ganz anders aber in meinem Alltag bin ich einfach für mich im Arbeitsmodus Tag oder oft zerstörter ist das 21 also wenn du jemand total Hipster dann wirst du im Arbeitsleben zwangsläufig enttäuscht ich sag ja mal wenn du jemanden hast entweder gegen eine Beziehung mit ihm ein oder Arbeit deinem Projekt weil dann ja es geht einfach ganz weg also ich führe keine Einstellungsgespräch oder kommt deswegen gucke Kreation wie bist Du drauf gekommen also was war das Anliegen für dich dieses Buch zu schreiben es ist ja so ein besonderes Buch weil es eigentlich ja wie so eine eine To-Do-Liste ist oder eine eine Beschreibung ist wie wir es schaffen könnten in den nächsten Entwicklungsschritt zu gehen der Menschheit im großen aber eben auch im Kleinen in der Firma in der Beziehung in der Familie in einem Freundeskreis in einem Miteinander war das etwas was du bemerkt hast in den letzten Jahren das ist eigentlich jetzt die Geschichte die jetzt erzählt werden muss um auch vielleicht in 20 Jahren mal zurückzuschauen um zu sagen Zeit spielt ja auch eine Rolle kannst du vielleicht auch mal wissen was erzählen was das bedeutet innerhalb der Kooperation ist es einfach das Thema jetzt für dich was wegweisend ist für die Zukunft ja ähm wie soll ich machen gerade biografierarbeit und dabei ist mir klar geworden also die Wunde die mich eigentlich antreibt in meiner Arbeit oder die die mich auch gerade bei diesem Buch sehr bewegt hat ist uralt ich kann mich erinnern dass ich als Kind ganz häufig in Begegnung war oder auch die Erwachsenen beobachtet habe und traurig war oder enttäuscht war oder also ich hatte den nicht sagen können was mir fehlt aber ich habe einfach gespült immer Stunden nicht und was fühlt sich nicht echt an um was fühlt sich nicht tiefer an um was fehlt mir und das hat mega lange gedauert bei mir also ich würde sagen es hat mit 25 erst angefangen dass ich mir überhaupt das Recht herausgenommen habe zu sagen wenn ein Gespräch mich nicht erfüllt habe ich das Recht das zu benennen ich muss es nicht aussetzen aus Freundlichkeit oder Höflichkeit und vor allen Dingen ich habe das Recht für mich herauszufinden was fehlt und das war der Punkt wo ich gemerkt habe mir fehlt in den meisten mit junge etwas mehr fehlt eine bestimmte Art von floh mir fehlt mir bestimmt Art von Tiefe eine Begeisterung näher aber auch Freiheit als mir vielen ganz viele Dinge und eigentlich habe ich so eine riesige unverschämte Wunschliste die selbst auch gar nicht erfüllt habe weil ich habe es gar nicht gelernt aber ich habe also das war der Punkt wo ich angefangen mich mit dem Thema Beziehung zu beschäftigen das gesagt hat was ist denn wenn ich dieser Sinn macht einfach mal Folge was ist denn wenn ich mich nicht zufrieden gebe mit dem langweiligen Gespräch und am Ende bin ich ehrlich bin denke gutes vorbei ist sondern sei ich will ich ich will beginnen und die rocken das muss nicht spektakulär sein das kann auch total still sein aber ansonsten kann ich auch ich kann richtig gut für mich alleine sein so also da gibt es quasi diese persönlichen Motivation und dann ich weiß nicht wie es Dir geht ich bin eigentlich immer ein großer großer Optimist gewesen aber so seit 30 Jahren schaue ich sehr vorsichtig ausgedrückt nachdenklich auf uns auf uns Menschen und guck mir so an was ich gerade zu entwickelt was ich zusammen Braut an verschiedenen [ __ ] also wir sind mit dem jetzt schon nicht gut cool umgegangen also für mich war Corona sowas wie der erste Stresstest den wir in unserer Generation erlebt haben und ich finde wir haben es nicht gut gemacht werden kann man sagen wir haben es nicht gut gemacht und ähm und das was kommt wird viel viel teuer ja und dann frage ich mich natürlich okay was kann ich beitragen wo sie meine Skills und die liegen neben dem Bereich und was ich einfach sehe ist also wann immer ich in meinem Leben gucke jetzt so und im privaten oder beruflichen Erfahrung Menschen miteinander durch die Decke also erstens sie sind sie halten viel mehr auf einem Gutachten Weise aus aber sie sind auch viel kreativer und leistungsfähiger und vor allen Dingen sie entwickeln sich schneller also ein Hauptproblem für mich ist der Entwicklung und viel zu langsam also wir haben die Learnings so vor der Nase aber wir machen so wenig draußen was ich beim Lesen immer wieder gemerkt habe war das die Idee der kuhkreation gibt ganz viele Raum eröffnet eine andere öffnet eine Tour eine Tür zu einem Raum wo eigentlich ultimative Möglichkeiten ja vorhanden sind und du liest das und denkst dir das macht alles total Sinn und es ist schön ja und dann sagst aber irgendwann die Gefahr besteht aber darin enttäuscht zu werden weil natürlich nicht jeder Mensch offen dafür ist bzw noch die wenigsten Menschen offen dafür sind das heißt und das ist ein bisschen so was so schade ist weil alles was neues wird ja erstmal belächelt oder bekämpft oder weggeschoben in manchen Teilen sogar also Kriege geführt damit das neue nicht entstehen kann das heißt die das alte System hat ein Interesse daran dass diese neue Idee nicht existiert weil man um was Neues entstehen zu lassen muss man das alte in dem Fall ja ersetzen und Menschen zu finden die da mitmachen würdest du sagen ist das für jeden Leser des Buches im ersten Schritt das wichtigste Menschen zu finden die sich darauf einlassen so ein Leben zu leben also der ich glaube dass das war der dritte Grund warum ich das Buch geschrieben habe dass ich selbst unglaublich frustrierende Erfahrung gemacht habe also ich habe es mehrfach in meinem Leben erlebt dass Menschen zusammenkommen hellauf begeistert sind was jedem jedem leuchtet um wie ein ja irgendwie es macht total Sinn und jeder von uns hat auch schon Moment erlebt wo guck Kreation einfach spontanschlag gefunden hat so das heißt es ist immer so wo auch immer Du das in wenn du das in Arbeitszimmer rein bringst als Konzept sagen alles geil macht total Sinn ja komm lass uns sofort anfangen und ich habe aber auch wirklich ein paar Mal erlebt also selbst Teil einer Gruppe zu sein die mega frustriert irgendwann einfach um so ein stecken bleibt und sich eingestehen muss wir schaffen es einfach nicht und dann habe ich mich gefragt woran liegt sondern das liegt auf der einen Seite dann dass wir es glaube ich noch nicht wirklich verstanden haben also gegen welche Widerstände wieder eigentlich ankämpfen weil letztens ist Cook Kreation kein Ego ist dann gucke Kreation interessiert das geht gar nicht und uns fehlt Zeug also ich habe dann angefangen zu suchen ich habe gemerkt es gibt ganz viele spannende Tendenz in der Welt in allen verschiedenen Bereiche also Wissenschaft Vorstand zu im Business und so weiter aber es gibt relativ wenige praktische Handlungsanleitung was mache ich denn wenn die Kacke am Dampfer ist was mache ich denn wenn sich niemand mehr im Raum an die Vision erinnert sondern werden wir alle nur noch im Recht haben verstrickt sind und ich wollte gerne quasi eine Handlungsanweisung schreiben also die ich an diesen Stellen gebraucht hätte ist es im Prinzip so wie eine Fußballmannschaft also wenn du 10 oder 11 Ronaldos hast wirst du kein Spiel gewinnen ja ja wenn du zehn Manuel neu oder 11 Manuel Neuer hast wirst du auch kein Spiel gewinnen du brauchst für jede Position einen anderen Charakter einen anderen Typ absolut der andere Fähigkeiten mitbringt um quasi das Spiel zu gewinnen das Spiel zu gewinnen ist die große Vision ja jeder Mitspieler jede Mitspielerin bringt eine andere Fähigkeit mit damit man das als Team schafft kann man das eigentlich so vereinfacht sagen ist im Prinzip der ja ein Bild für co-kreationen mag das Bild mit einem Fußball total weil ich glaube jeder der schon mal im Fußballspiel gesehen hat wo wo vielleicht nur für Minute plötzlich kokeration auf dem Rasen stattfindet und es ist das was ich gerade sehe kannst du nicht trainieren du kannst dich darauf vorbereiten im Training aber das was ich gerade sehe ist pure Magie und das hat immer etwas damit zu tun dass gerade alle in diesem Team komplett losgelassen haben und die co-kreation hört dann auf wenn es einen Star gibt in der Mannschaft der einfordert das nur er die Tore schießt exakt und dann vielleicht noch ein paar anderen teamdesigner ich bin ja nicht wichtig und ich weiß vielleicht gar nicht in welcher Funktion bin ich denn gerade am besten und es dann ein guter Trainer oder ein guter Lehrer der auch dem Auswechselspieler glaubhaft mitteilen kann warum er wichtig ist absolut also warum zum Beispiel der Zuschauer durch die Abwehr zuschaut das Ergebnis beeinflusst ja und das Gleichnis vom Fußball sind auch gut weil paradoxerweise brauchst du für kokrin du brauchst mega klar entwickelte Menschen also also das habe ich immer wieder festgestellt in Seminaren dass viele Leute in cucation so eine Art von symbiotischen Community schwobisch schwubbel also sozusagen ich für mich habe mein Leben nicht auf der Reihe ich habe bin noch nicht wirklich klar wer ich bin aber wenn wir zusammen gucken dann wird es cool nada sondern du brauchst auf dem Platz du brauchst Leute sagen ich weiß dass ich der Verteidiger bin ich weiß warum ich der Verteidiger bin und ich weiß warum der Verteidiger fucking wichtige für den ganzen Rest und ich weiß aber dass ich ohne euch aber nicht gewinnen kann und was machst du weil wir alle werden Tiere sind ja also der Mensch wir brauchen uns gegenseitig es sind ja nicht alle so erleuchtet also es sind ja nicht alle Menschen auf diesem auf diesem Weg der kuhkreation du wirst ständig auf Menschen treffen die vielleicht sogar das Gegenteil davon sind und jetzt deswegen versuche ich an dem Buch so ein Balance sagt weißt du auf der einen Seite total Lust zu machen auf der anderen Seite auszunüchtern weil der Prozess kann fucking öde sein ja und letzten Endes funktioniert nur wenn du zum Beispiel erkennst okay also wenn ich mit Menschen im Raum bin die noch nicht erleuchtet sind könnte es eventuell was mit mir zu tun haben also wir spiegeln uns das funktioniert nur wenn jeder für sich bereit ist Verantwortung dafür zu übernehmen dazu zu lernen könnte vielleicht so ein erster Schritt der sein und das hat mir in den letzten zwei Jahren haben wir das extrem gemerkt wie schwierig das ist in der Gesellschaft dem anderen zuzuhören [Musik] ohne eine Antwort schon parat haben zu müssen und ohne ihn vom Gegenteil überzeugen zu wollen also wir sind ja so gepolt ich muss jetzt dir oder ich muss versuchen Dich von meiner Meinung zu überzeugen anstatt dass ich sage okay ich höre dir erstmal zu einfach ohne eine Antwort haben zu müssen ohne zu bewerten ob das gut oder schlecht ist ich höre dir einfach mal zu bin ganz da ja und danach sehen wir weiter aber ich bin jetzt so erzähle das ist deine Bühne Rede und ich höre ganz zu ohne schon beim hören mir zu überlegen was könnte ich jetzt sagen es gibt diese schöne Szene von Helmut Schmidt der damals der alte Bundeskanzler der mal bei Sandra Maischberger saß der hat eine Frage gestellt bekommen und dann hat er sich genüsslich eine Zigarette angezündet als es noch ging er hat das gemacht was im Fernsehen total unüblich ist er hat nämlich geschwiegen und hat nachgedacht und hat dann so nach 20 Sekunden gesagt darüber muss ich noch länger nachdenken ich habe noch keine Antwort es war aber eine gute Frage und wie genial von der Moderatorin das auszuhalten und nicht irgendwie dazwischen zu cachen deswegen schaue ich mir zum Beispiel Talkshows fast nie an weil also ich finde es physisch schmerzhaft wenn Menschen eingeladen die Kriege freigestellt eine Frage ist immer eine erstmal nach einer Einladung von G auf zeig dich und dann geht jemand nach zehn Sekunden dazwischen also das ist definitiv das wie guck jetzt und nicht entstehen kann und ich gebe wärmer von über meine Auszeit gesprochen ne z.B also das ist eine Falle bei mir also ich bin sozusagen also erstmal von meinem Typus aber auch durch die Arbeit gewinnen okay ich komme im Raum rein und ich bin der der Division hat so ich sag jetzt wo es im Meeting lang geht und für mich war das super cool dass ich dann in unserem Team verkündet hat ich gehe jetzt raus in den kommenden Wochen überlasse ich euch die Teamstruktur und dazu sitzen reinzugehen zu wissen ich gebe jetzt nichts vor sondern ich ich darf euch zuschauen wie ihr das macht ich habe so viel über diese Menschen gelernt was ich davor einfach verpasst habe weil weil wir eingeschlafen waren in dem Rollenmuster also weil also ich sozusagen ich war im Räume muss da eingeschlafen okay ich bin der Stürmer und die anderen waren am Wochenende schlafen von naja das also derzeit wird sich schon was bei dem Meeting gedacht haben ja und in dem Moment wo ich raus viel quasi habe ich so richtig gemerkt wie das bei einer mega Entwicklungsschub kam der die die Verantwortung war bei dir und jetzt liegt die Verantwortung bei allen genau ja was würdest du sagen ist vielleicht so ein erstes Spiel für jemanden der das Buch liest oder diesen Podcast hörten sagt das interessiert mich ich möchte das mal ausprobieren zu Hause mit meiner Partnerin mit ich habe vielleicht ein freundskreis der irgendwie offen ist was würdest du sagen wie könnte man das mal ausprobieren um mal so ein Häppchen zu kriegen was für eine Magie oder was für eine Macht in Kooperation steckt ja Schritt eins finde für dich erstmal raus ist dir das wirklich wichtig also wenn du so rangeht klingt interessant die probier's mal aus es ist fast zwangsläufig ihr werdet auf eure Ego stoßen es wird öde werden dann sage ich lass lieber sein aber ganz kurz ist nicht alles was am Anfang neu ist erstmal so ich probiere es mal aus ja aber also ja aber du probierst zum Beispiel nicht aus meinem Marathon zu rennen sondern du denkst das schon drüber nach ob du ein Rennen willst und dann bereitet sich wirklich drauf vor und du brauchst Feuer so und du brauchst hier also entweder du brauchst das Feuer von ich habe echt die Schnauze voll wie es bis jetzt läuft das kann es nicht gewesen sein und ich glaube zum Beispiel dass wir besonders arbeitsmäßig fast alle an dem Punkt sind dass wir wissen es nicht gewesen sein sondern die Art und Weise wie dieses Team funktioniert wo ich meinen Genius jeden Tag 18 Stunden hinbringen das kann es nicht gewesen sein so also entweder du hast Leid oder das eine ganz tiefes sehen sollte das brauchst Du [Musik] was glaubst du wie lange wird es dauern bis die Menschheit das in ihre DNA aufgenommen hat dieser Prozess der jetzt ja so langsam beginnt wir nehmen großer Freund von da bin ich mir aber auch nicht so sicher ob ich das nutze mich zu trösten kann und Tipping Points also ich glaube schon dass es oft so ist dass es am Anfang wenn die ersten so los wurscht stellen sich Tee und schweren fühlt und umbaut aber das zum Punkt kommt und ich glaube es war eher Tristan Hawks vom Zukunftsinstitut der hat mal zu mir gesagt es gibt wohl Zukunftsforscher gehen davon was braucht 3%, also drei Prozent die die gekriegt haben das etwas Mainstream tauglich wird ja und wir haben ja heute auch Sachen die für uns selbstverständlich sind die vor 100 Jahren absolut und denkbar waren ja wir müssen gar nicht so so lange zurück wann wurde das Rauchen abgeschafft in Restaurants das ist 20 Jahre her vielleicht 15 Jahre ist noch nicht so lange her und wir könnten das uns heute gar nicht mehr vorstellen als ich zur Schule gefahren bin im Zug gab es rauchabteile im Flugzeug durfte man rauchen das kann man sich heute überhaupt nicht mehr vorstellen und das ist stimmt und das ist ein halbes Leben erst her ja das heißt manche Dinge oder sich anzuschnallen ich weiß noch das war glaube ich in den 70er Jahren als der Gurt eingeführt wurde da haben am Anfang Leute sich in ihrer Freiheit beschränkt gefühlt so nach dem Motto jetzt kommt die Regierung und will uns hier unsere Freiheit nehmen so das heißt ist was ich am Anfang mal gesagt habe ist nicht alles was neu ist erstmal so das wird kritisiert das wird bekämpft das wird versucht lächerlich zu machen einfach nur weil es neu ist weil wir es noch nicht kennen weil wir noch keine Gewohnheiten in etabliert haben mit diesem neuen das heißt wenn du jetzt einen Tag an der Macht wärst ein Tag Bundeskanzler oder sagen wir ein Jahr oder eine oder sagen wir vier Jahre damit du auch ein bisschen Zeit hast das zu etablieren was würdest du verändern ich weiß ganz genau erstmal nur da ist ich würde ich würde einen einen extra Fernseher Sender Einrichten der auf den neuesten kommunikativen norwissenschaftlichen verhaltenstherapeutischen Erkenntnisse aufbauen seit unserer Aufgabe ist es unser Volk auf eine einfache coole Sex ja und Weise zu lehren glücklich zu sein ohne die besten Experten aus der ganzen Welt dran und gleichzeitig die besten Leute was Medien betrifft dran etc wie man eine Story erzählt wie man es gut verpackte wir bringen den Kanal raus also der einfach der auch immer wieder Bezug nimmt auf die Krisen gerade stattfinden und anstatt sich in so einem Hacker zu verlieren wirklich Potenzialen faltet das wäre jetzt erste und das zweite ist ich weiß nicht wie aber ich also was was mir ganz ganz toll zu schaffen macht dass ich habe das Gefühl wir schauen alle so sehr oft auf die brennenden Feuer dass wir finde ich den bundes-punkt unserer Gesellschaft nämlich unsere Kids fast komplett vernachlässigen so und ich finde da müsste die gesamte Gesellschaft also nicht nur Lehrer sondern Eltern etc wir müssen einen anderen Seite während wir hier rumstreiten gibt es da diese kleinen Genies neben uns die die ein irrespotential für für konkreation mitbringen die also die die ich glaube die ist dann wir sind designt dazu und wir machen uns eher kaputt als es zu fördern jetzt wo du sagst mit den Kindern eigentlich bietet ja so ein Klassenzimmer die die also den idealen Raum für Cook Reaktion weil du bist in einer kleinen Gruppe absolut in der du genau das machen kannst du bist du musst nicht alle überzeugen du hast 15 20 Kinder die ja gemeinsam etwas erschaffen können und die auch also ich sag jetzt mal besonders am Anfang die ja voll Bock drauf hat schaffen aber die sich nicht kontrollieren lassen genau früher das wissen viele nicht haben Andrea und ich auch kidscamps gegeben also nur für Kids wenn ich seit die schönsten Seminar überhaupt und ich bin dann mal versucht die Fresse gefallen weil ich so mit meinem Erwachsenen Habitus reingegangen und gesagt ich bereite jetzt ein Seminar für euch vor und das sind jetzt die Übungen etc und ich habe nach meinem Tag gemerkt kann das alles in die Tonne klatschen also entweder ich werde zum nächsten Lehrer der heißt durch ein Programm durchführt und sagt was ihr zu tun hat oder ich es skippe das total und mit denen habe ich wirklich ganz ganz viel zauberhafte gucke Kreation erlebt war interessanterweise meine kids-gruppen da waren wirklich vom Baby bis zum 18 jährigen alle mit dabei und normalerweise denken würdest das geht gar nicht die haben so voll unterschiedlichen Interessen aber die haben sich in sich auf so eine zauberhafter also organisiert und da ist so eine Magie draus entstanden weil das merkst du ja wenn du auf dem Spielplatz gehst und du Stellst einfach 15 Kinder ab die sich vielleicht auch noch nie getroffen haben ja und die Erwachsenen ziehen sich zurück und lässt einfach die Kinder machen du siehst sofort wie die miteinander agieren wie die spielen oder auch nicht oder kämpfen also es passiert sofort was und in der Regel harmonisch mit all den kappeleien und so aber es passiert was [Musik] wie geht sowas in einer Beziehung also wenn man sagt ich möchte ich finde dieses dieses Prinzip Kooperation was ja für mich eher eine Lebenseinstellung ist es ist ja viel mehr als nur eine Idee weil ja eigentlich dein ganzes Leben dass wir das Schöne an dem Buch weil du so Hoffnung macht und so viele ja Ideen freisetzt weil du auf einmal das Gefühl hast ich will eigentlich ein Ja ich will anders leben ich will ich will neue Gespräche führen ich will ja einfach eine neue Energie in mein Leben führen und was so schön in der in der Theorie ist in der Umsetzung so wahnsinnig kompliziert weil natürlich dann die Egos der Menschen kommen unser und jeder hat eine andere Idee von seinem Leben in einem Team hat doch jeder eine andere Vorstellung wie schaffst du es alle abzuholen nicht alle Menschen aber so ja deine Frau dein Partner in deinem Team eine Begeisterung zu wecken was die Leute sagen ich mache damit [Musik] Begeisterung ich glaube du brauchst also mindestens immer einer aus diesem Team also egal ob es jetzt eine Liebesbeziehung in einer Familie ist so ein kleines Team mindestens einer muss die Fackel hochhalten und uns alle dran erinnern was ist die Vision wo wollen wir hin weil ich glaube das können wir alle weißt du du bist gerade frisch verknallt und dann plötzlich Land Situation [ __ ] wo bin ich hier gelandet macht alles überhaupt keinen Sinn mehr und ich glaube dass wir alle viel viel zu schnell aufgeben weil wir in diesem Moment die finde ich persönlich wirklich ganz menschlich normal sind weil wir Erwachsene wirklich alle auf dem verletztes Kind mitbringen in die Beziehung aus dem Auge gefunden verlieren wofür machen wir das ja und in dem Augenblick wenn dieses wofür fehlt also dieses größere Anliegen übernimmt und Ego also das brauchst und zweitens ist vielleicht die härteste Lektion wegzukommen von dem Punkt okay wir üben das jetzt mal fünf Wochen und dann haben wir es voll drauf sondern wirklich zu verstehen wie du schon sagst es sind Lebensweg es ist einfach ein Lebensweg ich trainiere jene einzelnen Tag mit dir meine Lieblingsstelle in dem Buch ist der Bereich wo du es gibt viele Lieblingsstellen aber das war so eine Stelle wo ich ganz langsam gelesen habe und noch mal gelesen habe und noch mal gelesen habe da geht es um umso Mythen unter anderem den Mythos der linearen Zeit das beschreibst du ganz schön auch mit vielen Beispielen erzähl mal was darüber also wie wie wir in der Krug Reaktion so die Idee vergessen müssen zwischen Vergangenheit gegen warten Zukunft sondern das das Problem was wir zu lösen haben egal wie groß wie klein ob es in der Familie ist Beziehung im Job es gibt ein Problem gelöstes und ja ständig Probleme vor uns das müssen ja nicht immer schlechte Probleme sein aber wir sind ja ständig damit konfrontiert eine Lösung zu finden für etwas und oftmals verzweifeln wir weil wir der Meinung sind ich komme nicht weiter wenn du dann aber darüber nachdenkst und das ist auch ein Konzept das zu beschreibst dieses Problem ist schon gelöst worden jetzt in der Zukunft erzähl mal ja ich finde also berlinia Zeit könnte ich jetzt liebend gerne Woche mit eins mein Lieblingsthema also es gibt ja verschiedene du kannst das Hotel sehen du kannst viele so verstehen jeder Physiker der Ahnung hat wird dir sagen okay wir wissen vielleicht nicht 100%ig wie Zeit wirklich funktioniert aber was wir ganz genau wissen so wie wir Zeit wahrnehmen dass es eine Illusion ja äh jeder Norbert Wissenschaftler wird dir sagen also wir nehmen Zeit als eine Illusion war er zu also wir sind darauf trainiert worden Zeit als diesen Dinger an ablaufen also wenn jetzt nur uns mal diese logisch pragmatische innen heraus gerade ja also für alle die vielleicht gerade zu hören also jeder oder die meisten von uns hat meistens immer gerade jetzt eben irgendein Problem und auf eine Frage ja so und was so ein Stress ist wir haben jetzt gerade nicht die Lösung genau ja wir haben nicht die Lösung und dann entsteht Angst oder auch gut Punkt aber der Witz ist wenn du mal zurückschauen also ich schaue gern zurück weil ich habe mir wirklich eine Menge Stress gemacht und dann schaue ich zurück denke [ __ ] Alter alles wirklich alles um was du dir Gedanken gemacht hast hatte ich irgendwann erledigt also entweder ist komplett weggefallen oder meint wegen manche ist es vielleicht sogar schief gelaufen so aber dann haben wir deine Sorgen eh auch nichts gemacht aber ist einfach mal 95% für alles hast du hast eine Lösung gefunden so das heißt alle Sorgen die ich mir damals gemacht haben waren umsonst die waren wirklich komplett umsonst das heißt wir können davon ausgehen dass wir alles was wir was uns jetzt gerade nervt ist haben wir die Lösung in der Zukunft gefunden so und selbst Menschen die sagen die immer noch selbst nach dem Lesen des Buches daran glauben dass die Zukunft irgendwo an dieser Linie da passiert den sage ich er macht es ja trotzdem sind dir zumindest mal vorzustellen wäre schon dort bei der bringt dich einfach in einen enorm kreativen auch entspannten Zustand ja das heißt gedanklich mal in die Zukunft zu gehen und zu wissen die Lösung ist dort gefunden worden ja alles was ich jetzt tun muss ist diesen Weg dahin zu gehen die Lösung wird kommen ja und aber und das finde ich erstaunlich ich habe ja diese Übung mit keine Ahnung mit ein paar tausend Menschen und Seminaren immer wieder gemacht wenn die Leute sich erlauben in ihrer Vorstellung in die Zukunft zu gehen sie empfangen die Lösung also sie ist plötzlich da sie wissen vielleicht noch nicht den Weg aber sie empfangen die Lösung also so ein Klassiker Paare kommt zu uns ich weiß nicht ob wir noch zusammen ob das etc für Sie in die Zukunft und manche paar kommen einfach zurück sind total traurig und sagen ich habe dich in der Zukunft nicht mehr gesehen und alle kommt so langsam Fakt wir sind gerade so verstritten aber ich habe gesehen wir sitzen wir sitzen später glücklich auf dieser Parkbank zusammen das heißt selbst wenn es jetzt gerade noch so verkost ist es muss den Weg dahin gehen ja und das spannende finde ich ist ich habe es irgendwo mal gelesen das kann meine sehr sehr große Untersuchung also Menschen gefragt worden was ist deine Zukunftsvision und dann hat man gesehen dass es so drei vier große Zukunftsszenarien gibt also von der absolut schlimmsten Dystopie bis zur Utopie ja die sind so wie angelegte und so manche tendieren hat mir da manche mehr da und ich glaube zum Beispiel wenn mein Lieblingsbeispiel ist immer der Bundestag ja wenn ich mal sehe wie die sich da wie Kinder streiten dann sich her komplett aus dem Auge verloren worum es gerade geht ja also das ist das anti-beispiel für co-kreation und was wäre denn wenn alle diese Leute in diesem Bundestag egal zu welcher Partei sie gehören die Größe aufbringen würden vor jeder Sitzung zusammen in die bestmögliche Zukunft für dieses Land zu gehen die reden würden anders verlaufen aber es können Politiker überhaupt ko-kreativ sein oder ist es quasi durch ihren Beruf schon unmöglich weil als Politiker der du ja in einer Partei bist bist du ja im Prinzip berufsbedingt automatisch gegen das was dein Konkurrenz sagt also nehmen wir mal ums vereinfacht zu sagen die CDU in Deutschland sagt a und die SPD sagt B einfach aus Prinzip als weil die etwas Gegenteiliges sagen müssen damit sie Gehör finden das heißt würden die beiden zusammenarbeiten um das Beste für das Land zu machen das Beste für die Menschen zu machen dann gäbe es ja keine Reibung mehr dann könnten die beiden auch gar nicht mehr sagen wer schuld ist ja klar also ist quasi müsste man nicht ein ganz anderes Konzept von ja Politik erfinden müsste man Parteien vielleicht sogar abschaffen müsste man eine ganz neue Idee finden wie wir zusammenleben ja und das ist das was mich angucken so anhören also wenn wir mal anfangen den Weg Konsequenz zu gehen da merken wir plötzlich an wie vielen Stellen zum Beispiel also zum Beispiel Politiker sind hier nicht mal auf dem Level von Kooperation von Konkurrenz wie kann ich für ein ganzes Land das bestmögliche empfangen wenn ich eigentlich hauptsächlich damit beschäftigt bin mit der anderen Partei zu konkurrieren es geht überhaupt nicht beziehungsweise wenn ich auch als Politiker als Politikerin ich glaube dass die Menschen die Wahrheit nicht vertragen deswegen möchte ich nicht der Vermittler dieser Wahrheit sein genau ehrlichkeit ist ganz wichtiges Grundprinzip im cookretation übrigens habe ich gerade ich habe gerade was gesehen hast es gibt auf Netflix eine Doku bei Arnold schwarzen ja habe ich gesehen ja aber weißt du wie am meisten berührt hat ist ich meine der hat ich ich du idealisieren überhaupt nicht ne also aber da gibt es eine Naturgewalt in die die finde ich geil so und was mir am meisten imponiert hat war als er zum Gorenje gewählt wurde das ist erstmal auf die Fresse gefallen weil das versucht hat auf seiner durchzuziehen als er sich vor voll die Leute vor das Volk gestellt haben gesagt hat ich habe es echt verkackt Leute gib mir noch eine Chance ich will von euch lernen und dann diesen coolen move in diesem regierungsgebäudenen Zelt auf also sozusagen komplett das genormte auszuheben und sozusagen nee ich lasse mich nicht in die Republikaner Kiste stecken sondern ich suche mir die besten aus aus beiden Parteien aus so also da sich Ansätze davon weißt du da also und da sehe ich schon auch ein in Deutschland immer mal wieder so jemand der es in diesem Politikgeschäft also sich das gewahrt hat aber was ich halt erlebe ist dass die ganz oft dann niedergemacht werden oder ist keine Ahnung als idealistisch Freaks abgetan werden ja in der Doku war auch ganz interessant wie er sich immer wieder es vorgestellt hat und da sagte er auch das was man als Manifestation vielleicht beschreiben könnte ich habe mir vorgestellt wie ich das schon geschafft habe egal was ob es euch mein das ist was er geleistet hat er hat ja alles geschafft was er sich vorgestellt hat zuerst wollte er kommt aus dem kleinen Dorf in den österreichischen Bergen wollte er einen ein Bodybuilding Star in Amerika sein was der damaligen Zeit unmöglich war hat er geschafft und dann siehst du wie er Originalaufnahme als Bodybuilder schon als zehnfacher Mister Universum oder so über die Golden Gate Bridge fährt mit dem Auto und Reporter hält die Kamera drauf der auf dem Beifahrer sitzt sitzt und fragt ihn und jetzt ja und dann sagt er und jetzt werde ich der größte Hollywood Star ja und dann ist er der größte Hollywood Star und dann sagt er denn jetzt werde ich Gouverneur das heißt also du siehst ihn immer wie er es sagt und es aber noch nicht ist ja und er wird dann aber genau und er sagt das ist alles und auch in der Biografie die ich gelesen habe sagte auch das ganze Leben spielt im Kopf ab du musst es dir vorstellen imagine verstellst dir vor und dann gibt es keinen Unterschied mehr zwischen deinen Gedanken und der echten Welt und dann du musst es dann noch machen ja übrigens ist er für mich persönlich ein gutes Beispiel wie du mit Menschen cookrieden kannst die du nicht mal persönlich kennst weil wenn du zum Beispiel die Doku von dem siehst kannst du sagen Essen Bodybuilder von dem Lernen nicht nix jeder war halt wirklich keiner von dem lerne ich nichts oder kann sein dass voll verschieden er ist vielleicht sogar ganz anderen Werten gefolgt hast ja hatte ganz andere Parameter für Erfolg aber er bringt eine Qualität rein die mich wiederum total inspirieren kann so das heißt und das ist zum Beispiel das was ich ähm wir haben ja vorher noch dabei spielen über diese bubbles was ich da vermisse wenn ihr nur noch mit Menschen sprechen also die und ja und Armen sagen dann wir entwickeln uns zu langsam gekommen einfach nicht voran das heißt wir müssen eigentlich das Unmögliche schaffen wir müssen Menschen zu uns einladen die vielleicht auch fremd sind ja im Denken ja um daraus etwas Neues zu kreieren ja das ist die Zukunft ich muss gerade lachen weil mir fällt gerade eine Situation eine ich habe mal das ist sehr lange her Mecklenburg-Vorpommern also wir waren relativ großes Team und wir haben ein großes Seminar Freiluft gegeben ja also mit feuertrommeln etc und äh Mädchen Vorpommern spricht sich sowas sehr schnell rum und ich war in einer Nacht weiß stuff also ich war nicht sozusagen begleiten im Prozess und ich war draußen und dann stand plötzchen Horde Neonazis vorne vom Tor draußen weil also die haben nur gehört also es ist gibt Drogen also gab keine Drogen aber das war das Gerücht Drogen sein wir wollen hier mit Menschen ne und ich hatte diese Situation okay wir haben da dieses Feuer mit 100 Leuten die dürfen nicht gestört werden ich habe hier die keine Ahnung von 20 Skins die echt drauf waren oder muss sie mit den Cook kreieren also weil wir hatten keine Wache etc und es geht nur wenn du in dem Augenblick also vergisst dass das deine Feinde sind sondern wenn du auf ein menschliches Level gehst und wenn du oft auf das Bedürfnis Level gehst sondern es war wirklich scary das war echt geil aber es war auch und richtig richtig schön aber Moment ja hast du dann gemerkt wenn du auf jemanden zugehst der ganz anders denkt als du auch ganz anders ist als du aber wertfrei das dann was ja ein Raum geöffnet wird wo man auch tatsächlich Lösungen finden kann ich kann das also ich sage das deswegen so weil ich das selbst auch erlebt habe in einem ganz anderen Kontext ich habe mal einen Musiker begleitet der in einer arabischen Großfamilie etabliert war und so arabische Großfamilien es ist ja auch so ein eigener Kosmos mit eigenen Regeln und mit ganz besonderen Charakteren aber ich kam da immer gut klar weil ich niemanden gewertet habe sondern ich habe einfach ich war da und habe jeden Menschen einfach so gesehen wie er ist ja ohne gute oder schlecht besser schlechter ich habe recht du nicht sondern einfach ich war einfach da und deswegen konnte ich da auch gut sein absolut also ich weiß nicht ob es immer gelingt aber also ich habe gelingt nicht immer natürlich also ich habe das Gefühl du brauchst ja gar nicht drüber zu reden aber die Menschen spüren einfach wenn du sie nicht bewährt hast und sie fangen an dir mehr zu zeigen und dann habe ich in solchen Situationen eigentlich gemeint ich kann wirklich von jedem was lernen und die Neonazis haben dann danach bei dir ein Kurs gebucht nee das haben das haben sie nicht aber es ist auf jeden Fall es ist sogar es ist lustig geworden in diesem Tor es ist lustig geworden und wir sind friedvoll auseinander gegangen mein Lieber was möchtest du noch am Ende vielleicht über kogreaktion sagen was wir noch nicht angesprochen haben was dir vielleicht wichtig ist zu diesem Thema zwei Sachen sind mir wichtig erstens ich glaube dass die meisten Menschen sich mit viel viel zu wenig zufrieden geben also einfach weil wir häufig als Andreas gemerkt wir haben wir haben gar keine Vorbilder also wir haben wirklich gesucht in unserem gesamten beziehungsumgebungen alle unsere Verwandtschaften wir haben kein Vorbild für eine Beziehung von der wir sagen okay dafür lohnt es sich so und ich glaube dass viele Menschen deswegen viel zu schnell ihre Sehnsucht im Wind schreiben [Musik] und das möchte ich jedem zurufen also wenn du in einer Beziehung bist kannst nee das kannst du jetzt noch nicht gewesen sein im vorch weiter damit meine ich nicht die überhaupt nicht dafür zu sagen der wechsel ich den Partner aus das Problem ist dich nimmst immer mit aber zu fahren was genau fehlt weil diese Sehnsucht ist ist ein Programm und uns die einfach seit nee wir sind noch nicht am Ende das ist nur lange nicht das was wir drauf haben dass das eine und das andere als ich will niemanden Angst machen aber ich glaube dass wir auf beschäftige mich zum Beispiel gerade viel mit KI ist ein ganz anderes Thema sprichst du auch an in dem Buch an manchen Stellen also wir gehen auf Zeiten zu wo wir echt zusammenhalten müssen und nicht zusammenhalten oh du bist mein best Buddy und mit dir halte ich zusammen sondern wir sitzen wirklich alle in einem Boot und wir müssen uns sehr sehr schnell entwickeln wir müssen uns sehr schnell anpassen können und da ist für mich Cook Reaktion der Schlüssel um mit wir meinst du nicht wir hier in Baden-Baden oder wir hier in Deutschland sind wir als Menschheit wir als Menschheit also wenn da diese Leute in dem Boot sitzen im Mittelmeer dann also solange ich nicht realisiere ich sitze mit in meinem Boot und mein Leben hat also die Gründe dafür warum die in diesem Boot sitzen haben auch was mit meinem Leben zu tun und die Wahlen die ich heute treffe haben auch etwas damit zu tun ob die überleben und wo sie lang und ob sie dieselbe Chance haben und rein egoistisch gesehen ist es mein absolutes Überlebensinteresse zu kapieren dass wir alle in einem Boot sitzen das hat nicht mal irgendwas mit alt das hat nicht mal was mit Altruismus zu tun das hat simpel das ist das ist so ich bin also für mich das beste Beispiel ist also stell dir einfach vor in deinem Gehirn würde ist einmal tausend Nervenzellen würden sich plötzlich abkapseln haben will geil wir haben es geschafft wir sind jetzt die Elite [ __ ] den Rest mit dem Rest wollen wir nichts mehr zu tun haben er dann hast die du hast einen Tumor ist das nicht wahnsinnig kompliziert weil die Lebensrealitäten von uns allen so unterschiedlich sind also wenn du in Berlin Mitte bist geht's dann wenn du in Somalia bist geht einfach nur darum wo bekomme ich Wasser ja ja wenn du im in Afghanistan bist geht es darum wie schaffe ich es als Mädchen nicht umgebracht zu werden wenn du in New York bist oder in einer anderen Stadt in Amerika zu Nordamerika denkst du vielleicht wie schaffe ich es als schwarzer nicht erschossen zu werden von der Polizei wenn du in Norwegen bist denkst du dir vielleicht wie kann ich mein Haus so lagerecht bauen also dass die Themen auf der ganzen Welt so unterschiedlich sind Herz einfach so kompliziert ist da den den Menschen klar zu machen so wie wir jetzt leben können wenn ich weiter leben auch wenn die Lebenssituation so unterschiedlich sind und die Tendenz also die die uns antrainierte ist erstmal sich zurückzuziehen solange ich Schotte mich ab ich konzentriere mich auf den kleinen Bereich was aber letztendlich dazu führt interessanterweise dass unsere Sehens geschwächt wird das heißt wir werden weniger anpassungsfähig Alter und natürlich geht's nicht darum dich vollkommen überfluten zu lassen mit all den Themen und dann durchzudrehen aber die berühren zu lassen und dir auch immer wieder die Frage zu stellen ja mein Hauptthema ist vielleicht gerade Gendern aber was hat die Art und Weise wie ich lebe mit dem Menschen zu tun die in so mal ja nichts zu essen haben und kann ich nicht 5% von meinen 100% Energie nicht normal sind stecke 5% abfließen lassen und und das ist wie ähm so also das einfach ja die die die Energie in diesem kollektiven Gehirn anfängt in alle Richtungen zu fließen ja könnte man nicht einfach im ersten Schritt ein Schulfach einführen das genauso heißt gucke Kreation man muss ja nicht immer sofort das ganze System ändern manchmal ist ja so ein erster kleiner Schritt schon ja besser als nichts ja also alle Pädagogen und Pädagoginnen die das jetzt gerade sehen bitte wartet nicht darauf dass der Schulfach eingeführt wird sondern führt einfach rein selbst seine vielleicht anders nennt viele wenn es deutsche Unterricht oder Mathematik heißt so aber ich glaube wenn du die Grundprinzip von kuhkreation verstanden hast und anfängt sie für dich zu praktizieren dann kannst du sie auf dem Marktplatz im Unterricht du fängst ja einfach du fängst an also deine Zelle fängt an in diesem großen System flexibler zu kommunizieren und dann noch mal dann glaube ich an die drei Prozent gemeinsam sind wir viele mein lieber du gehst auf Tour habe ich gesehen ja erzähl mal was in welche Stadt ist gehst du was machst du das kann ich dir ehrlich stand heute noch gar nicht sagen weil Andrea Kater weiß die Tour zusammenzustellen aber das wird dann gerne hier unten drunter stehen also für mich war es einfach wichtig für mich war klar okay ich werde so aus der Auszeit wieder meine U-Boot für zu Anfang Oktober wieder auftauchen und ich habe mich viel gerade in diesen letzten Wochen mit der Frage beschäftigt wo kann ich helfen [Musik] und dass das Thema co-kreation und deswegen gehe ich damit jetzt auf Tour und ich hoffe dass ich ganz vielen Leuten Lust machen kann Lust machen kann zu sagen ich will noch viel viel mehr ich habe Bock meine meine Beziehung auf dem völlig neues Level zu bringen mein Lieber tausend Dank danke dir hat das Gespräch und ich kann das Buch wirklich jedem ans Herz legen es heißt co-kreation kommt am 5 Oktober in dem Buchhandel kauft es euch verschenkt es und nur Liebe für euch danke dir Ciao tschüss danke dass du diese Folge im Podcast alles Menschen mit fight Lindau und gestern gehört hast wenn du die Folge gefallen hat freuen wir uns sehr über Deine Bewertung und wenn du Lust auf mehr hast dann kannst du diesen Podcast jetzt kostenlos abonnieren wir freuen uns dass wir hier mit dabei bist und wünschen dir eine wunderschöne Zeit bis gleich zur nächsten Folge [Musik]",OK
oUTz3-T9Ofw,Russlands Militärführung hat den Oberbefehlshaber der im Süden der Ukraine stationierten russischen 58 Armee Ivan Popov dessen Angaben zufolge entlassen Papa fand es sich in einer am Mittwoch auf dem telegram Kanal des Doomer Abgeordneten André gerollior verbreiteten Sprachnachricht an die Soldaten und erklärte er sei wegen Kritik an der ineffizienten Kriegsführung seines Postens enthoben worden er habe die Aufmerksamkeit auf die größte Tragödie des modernen Kriegs gelenkt auf das fehlende Artillerie Aufklärung und Bekämpfung und die vielfachen Toten und Verletzten durch die Streitkräfte der Ukraine danach hat er sich das Verteidigungsministerium seiner entledigt Papa auf das Armee im südukrainischen Gebiet saporizischer kämpfte der hatte Kritik an Verteidigungsminister Sergio und Generalstab Chef weil er die rassimov um ehrlich zu sein entstand eine schwierige Situation gegenüber den obersten Behörden die entweder schweigen oder gezwungen wurden eigene nachzuplappern was sie da oben hören wollen hat alles beim Namen zu nennen so Pop-Off zuvor hatten andere telegram-kanäle berichtet Generalstabschef Valerie gerasima Farbe Pop-Off als Panikmacher bezeichnet und ihn abgelöst die Entlassung und Kritik pop-offs fügt sich in das Bild das Militärexperten von der russischen Armee gut 16 Monate nach Beginn des von gremmelchef Wladimir Putin befohlenen angriffskriegs gegen die Ukraine zeichnen demnach herrschenden großen Teilen der russischen Streitkräfte Unzufriedenheit mit der eigenen Militärführung und deren geschönten Lage berichten zudem litten weite Teile der russischen Einheiten unter Müdigkeit was sich auf die Moral der Soldaten auswirke auch der am Ende missglückte Aufstand der lange von Moskau kämpfenden privat Armee Wagner richtete sich explizit gegen Verteidigungsminister sehr gescholko Chef in die Priorin Korruption und Unfähigkeit vor warf schon wieder sprach zuletzt Analysen westlicher Experten und Äußerungen aus Kiel über Erfolge der ukrainischen Gegend Offensive die Ukraine haben keinem Abschnitt der Front bisher ihr Ziel erreicht schon gut behauptete dass die Angriffe der Ukraine nicht nur an vielen Stellen abgewehrt worden sein viel mehr als die russische Armee im Gebiet Lohans bei gegen Attacken weiter vorgerückt dagegen hatte die Ukraine zuletzt über größere Geländegewinne berichtet unabhängig überprüfen ließen sich die Angaben aus Moskau und Kirchen nicht,OK
VPAvRQHTAcE,"[Musik] Ja, ganz herzlich willkommen bei uns im Studio. Hey, was für eine Message und was für ein Thema. Ich lieb's, dass du Leo noch da bist heute im Studio und mit uns ein bisschen das vertiefst. Das Thema Multiplikation ist eine Herzensmessage für dich, würde ich sagen. Kann man so sagen. Ja, weil es war immer so unsere Anfang e beginnt, dann sagen Leute, ja, ich habe keine Qualität, bin e kein guter Sänger, was immer gesagt musst du nicht, du musst deine fünf Brote in zwei Fische bringen, das was du kannst und dann wird sich das entwickeln und sonst war eigentlich immer so unsere Grundmessage seit Jahren, weil es auch unsere, ich sage jetzt mal den oder Atmosphäre man spit, wir sind in die Church nach vorne gerichtet. Ich glaube, das hat ja sehr viel auch mit dem zu tun. Du bist ja ein Apostel für mich, so ein jemand der wirklich unglaublich stark auch begabt ist, Dinge zu multiplizieren, nach vorne zu bringen, Innovation reinzubringen. Ähm und für mich so eine Frage zum Starten, ist das etwas für jeden? Also sollte jeder Christ Multiplikation leben? generell glaube ich, ich glaube generell, dass jede Person Multiplikation leben kann, aber es natürlich so jemand jetzt mit der Begabung von mir ist vielleicht ein bisschen mehr oder extremer wie so jemand ist ein Evangelist, bringt vielleicht mehr Leute zum Glauben, aber ein Evangelist ist in dem Sinne jede Person. Also, man kann das lernen und sag immer, wenn es einem auch schwer fällt vielleicht multiipieren, dann hängt dich an Leuten an, die diese äh Sache wie verkörpern, weil manchmal fehlen Leuten einfach die Idee oder auch den Mut oder auch die Strategie, gewisse Dinge zu tun. Mhm. Du hast ja auch über Hunger gesprochen oder dieser dieser Drang oder dieser Wunsch nach äh nach Multiplikation oder nach mehr von dem, was Gott will. Eben diese Bibelstelle, wo wo es steht, dass dass Gott so viel gibt, wie wir wollen. Ähm faszinierend und gleichzeitig vielleicht äh gibt's auch Leute, die schauen zu und denken: ""Ja, ich würde ja gerne, aber irgendwie kommt dieser Hunger nicht. Hast du so ein paar Ideen oder Strategien, wie du diesen Hunger für dich selber kultivierst?"" Also es natürlich viele viele viele Fragen auf einmal. Also generell ist finde ich das einfach so, wenn du nur schon eben deine fünf Broten zwei Fische bringst, wenn du ein Glaubens shit gehst, wenn du sag mal die Komfortzone nicht verlassen, das ist ja macht man an andauen ständig immer wieder was ich spreche jetzt nicht immer wie abraam man verliest alles sonst gibt ja immer jeden Tag pl sagt Gott spend 1000 € ist die Komfortzone zu verlassen oder macht das sind manchmal auch ganz kleine Dinge im Alltag wo man das machen muss und je mehr man das in meinen Augen macht und dann eben auch das man muss ja das auch wie ein bisschen durch äh äh durchbeten mit Gott ein biss meinen Augen auch wieder das Feuer. Es ist einfach so wie ein Feuer, das brennt, muss man Holz drauf legen. Also sonst wird es nicht wärmer. Es wird auch nicht besser. Zwei Boote, wenn man die nicht zusammenbindet, trifft automatisch. Das heißt, man muss immer wieder, also ja, ich sage muss, man muss gewisse Dinge machen, damit es bleibt und darum diese Komfortzonen zu verlassen wir für uns Jesus First Conference über Weihnachten Jahr, das ist einschneidend extrem, aber ich glaube das wird uns helfen viele Dinge wieder durchzudenken und man kann dann auch nicht mit dem gleichen Art weitergehen. Es wird auch Systeme wieder ändern und das ist eben wichtig. Mhm. Ganz viele spannende und hilfreiche Punkte. Ähm, jetzt wenn ich meine fünf Proten zwei Fische bringe und ich sehe aber irgendwie keine Multiplikation, was mache ich da? Was was läuft falsch? Also Multiplikation wird es in meinen Augen immer gehen. Es kann kann verzögert kommen. Also ist ja nicht immer so. Du hast auch Missionari. Gutes Beispiel, gehen irgendwo in den Dschungel, sehen sehen nie Bekehrung und sagen dann ja, es hat sich nicht gelohnt, kommen zurück und die haben ein Boden gesit wurden jemand kommt und erntet also darum muss man das auch immer ein bisschen breiter anschauen oder größer anschauen. nur jetzt jetzt s Gott denkt auch zusammenhängend Gott von Abraham, Isaak und Jakob von über Generationen und das sehen Beispiel ist eben auch etwas oft enden wir auch etwas, wir haben es gar nicht geseht äh und manchmal sehen wir etwas und wir enden auch nicht und darum würde ich nimmer nicht zu früh äh das definieren und auch was ist dann Multiplikation ist auch wieder total verschieden, weil ich habe dann vielleicht eine Erwartung und meine Erwartungen werden fast immer ähm entweder überrascht, dass Gott größte Dinge tut oder ich merke, ich habe ein falsches Bild, wie etwas sein muss. Sicher eine Herausforderung für unsere Instant Gesellschaft, wo alles immer jetzt sofort auch eintreffen soll. Ähm, also immer z.B. ich Gott hat gesagt, bist ein Evangelist, ich werde rumreisen auf der Welt. Habe ich gemacht meine Leidenschaft und sag wird per übernimmt Church und ich bin nicht mehr gereist fünf Jahre. Ich habe unter gelitten. Ich habe gedacht, ich habe Gott falsch gehört. Ich habe gedacht, Gott hat was in mir zerstört, weil ich mein Bild habe reisen gleich reine Bunke. Ich hab jeder hat ja, man hat ein Bild, man fühlt die Stad und so ist es. Und dann irgendwann haben wir Kirchen gegründet und dann hat Gott zu gesagt, es ist nicht mehr, dass du gehst, sondern andere gehen und die Multiplikation mit Menschen gewinnen ist größer als du alleine. Und nach 5 Jahren hab kam etwas zur Ruhe. Mhm. Also heißt, ich habe 5 Jahre mit einem Bild gelebt. Ich war das Problem, meine Vorstellung und Gott hat gedacht, ja, ich mache es größer. Und das ist immer das Problem, die wie man Dinge bewertet, versteh die Bewertung ist oft so auf eine linear, was man sieht, wird bewertet, aber Gott zieht die Zusammenhänge. Und es hat mich dann genervt, weil ich 5 Jahre das Gefühl hab gehabt, ich bin falsch und auch mein Wunsch und Hunger nach Reisen ist vorbei. Gott nimmt das jetzt einfach für immer weg. Mhm. Es ist spannend, weil ich denke, es kann ja auch gut sein, dass dieser Gedanke von Multiplikation, von Wachstum, von immer mehr äh Komfortzone verlassen. Es kann ja auch ein Stück weit ähm Druck auslösen, so das Gefühl von hey, ich muss immer mehr, ich muss immer Gas geben, ich muss immer so quasi rein. Wie wie lebst du das? Wann gibt es vielleicht auch Zeiten, wo man einfach sein kann oder also sein unbedingtum gibt's den Sabbat. Das ist ja genau der Punkt, Gott sagt ein Sabbat und der Sabbat ist ihn dazu zum Überlegen, was hast du erlebt in der letzten Woche, also du machst ein Feedback auch ein bisschen so äh und nimmst aus den dann deine Schlusszüge zum sagen, okay, das und das geht nicht mehr so. Also, es ist mega wichtig, dass man auf die emotionelle Belastbarkeit schaut, auf den körperlichen Blast und auf den Geist. Das ist mega mega wichtig. Also da das sage ich jeder Person, wenn man das nicht macht, dann gehst du einen Burnout, aber das ist nicht von Gott verursacht, weil man eben diese Stille, diese Ruhe, Reflektion ist ein absolut wichtiges Thema, wenn man schnell unterwegs ist in in dem Sinne. Äh genau, das ist das ist das eine. Und das andere habe ich schon gesagt, es bleibt nicht stehen. Man hat immer das Gefühl, es kann stehen bleiben. In Natur gibt es keinen Stillstand. Du hast es wächst etwas, das hat ein Preis oder schrumpft etwas, hat auch ein Preis. Und dieses Bild war für mich eine Offenbarung im Coaching zu Men, das stimmt, ich würde gerne stehen bleiben, dass er auch kultivieren und einfrieren gibt es nicht. Gibt es nicht. Das gibt es nicht und man muss wissen, das hat Preisen Preis, aber den Preis zu bezahlen, muss man Tools entwickeln, damit man nicht ausbrennt. Das ist ganz ganz wichtig. Hey Leo, ich danke dir für dieses Gespräch, für deine Gedanken und Ergänzungen zu dieser Message und ich wünsche dir, dass du äh diesen Sommer einfach wirklich auftanken darfst, so wie das Leo drüber gesprochen hat und wie du merken darfst, dass Gott etwas Neues und Frisches in dich hineinlegt, wo du Multiplikation erfahren wirst und ich freue mich, dass du nächsten Woche wieder am Start bist. Da geht's weiter hier mit Online Church und ich wünsche dir eine gesegnete Woche. Bis dann. Yes.",OK
mTMk4g0-loA,hallo und herzlich Willkommen heute zu talk and prayer schön bist du mit dabei mega cool mit mir zusammen im Studio ist freut mich dass ich das mit denen darf mega cool wir hatten letzten Sonntag die letzte Serie zu talk and prayer also nein nicht so toll Summer brechen genau celebration abgeschlossen zu einem brisanten Thema ja und sie haben darüber gepredigt dass wir im Leben eben oft zum Scheitern verurteilt sind stimmt das sind wir das wirklich es scheintopf ja und um das ähm ja ein bisschen aufzugreifen sage ich jetzt mal werden wir gleich zu Beginn in einen Clip ähm starten menschlichen Augen und Fertigkeiten dein Leben meistern willst du hast keine Chance es ist wie ein Wettrennen mit dem Pferden ich habe hier ein kleines Video gefunden nicht von mir ich reite aber die haben das in England tatsächlich ausprobiert wie das denn so ist fertigen Mensch und du siehst ja er rennt schon schnell aber keine Chance und wenn du dich so fühlst so ist unser Leben doch manchmal nicht lustig geklebt genau denn ja Dave hat ja gesagt wir haben keine Chance oder gegen ein Pferd und was bedeutet das wir haben keine Chance gegen ein Pferd was kann ich damit anfangen der braucht genau dieses Bild aber ich glaube das ist so dass das wo wir uns damit auch identifizieren können auch du zu Hause hallo München wo auch immer Du jetzt gerade zuschaust ich will schön bist Du dabei heute bei talkon pray und das ist das das krasse mann mann mann mann mann mann mann läuft im Leben und denkt ab und zu ich kriegs einfach nicht hin ich gebe mein Bestes und vielleicht kennst Du es auch zu Hause und du merkst ja ich boah ich gebe mein mein absolut bestes ich versuche es mit meiner Familie jemanden Gesundheit aber trotzdem versorge ich immer wieder und plötzlich kommen da Dinge auf mich zu und ich kriegs nicht auf die Reihe mega cool oder das ist schon krass ich meine gegen wer kommt schon auf die Idee gegen ein Pferd anzutreten ich meine wenn du das nur schon anschaust dann weißt du ja komm und er hat verloren bevor angefangen hat und Jeremy ist das gleichgegangen er hat geklagt er hat Gott geklagt und ich möchte dir diesen Vers Vorlesen hier steht Herr wenn ich dich anklagte dann würdest du am Ende ja doch recht behalten trotzdem will ich mit dir über deine Gerechtigkeit reden und das ist cool Jeremia will mit Gott sprechen warum geht es den Menschen die dich missachten so gut das ist eine legitime Frage warum leben alle die dir untreu sind in Ruhe und Frieden du sagst du hast sie eingepflanzt und sie haben Wurzeln geschlagen sie wachsen und bringen Frucht ständig führen sie deinen Namen im Mund aber ihr Herz ist weit von dir entfernt und das ist krass wie Jeremia hier so authentisch so ehrlich mit Gott spricht das ist ihm ein Anliegen dass er Gott sein Herz ausschütten kann und einfach seine ehrlichen Fragen auf die er eben keine Antwort hat am eine Antwort von Gott erwartet und hier geht es um um um um Ängste die Jeremia hat um Probleme die Jeremia hat und das finde ich mega stark und ich wünsche mir jetzt dass wir im Chat unsere Ängste unsere Probleme hineinschreiben nicht alles sondern überleg dir einfach ganz kurz hey was ist wirklich eine Frage die ich an Gott habe warum ist das so ja weil es mich beschäftigt und weil ich noch keine Antwort habe schreib einfach in Stichworte ganz kurz deine Klage deine Angst hinein und wir möchten wir möchten dafür beten genau und ich glaube sozusagen nächste Runde ich glaube ab und zum richtigen Moment hat sogar auch Platz das wird ehrlich zu Gott kommen und sagen dass das nervig das verstehe ich nicht und ich glaube der Jeremia was mir gefällt ist ja nicht so dass alle Gottlosen denen ging es gut es gab auch gottlose die ging es nicht gut aber halt in unserer Situation oft sehen wir nur das was wir nicht haben oder also drei Leute und sagen alle Leute geht's besser aus mir oder und das ist das ist das ist nicht muss nicht die Realität entsprechen sondern unserer aktuellen Situation wie wir es wahrnehmen und wir dürfen das Gott sagen ungefähr unbedingt und das ist so wichtig ich glaube auch denn dass das heilsam ist ich glaube das ist heilsam wenn wir ehrlich sind und ich glaube auch dass es heilsam ist wenn wir wenn wir einfach wissen dürfen hier auch wenn wir Christen sind oder es geht nicht darum auch wenn wir an Gott glauben es geht nicht darum dass wir dann einfach von Problemen verschont bleiben und es geht auch nicht darum dass wir eine eine Floskel aufsetzen müssen oder eine Maske ja es geht mir immer gut sondern dass ich das einfach benennen darf das ist Erleichterung pur vielleicht lass uns doch das wirklich jetzt gerade machen zu Hause du musst einfach nur Stichwort weil du weißt ja um was es geht also ganz einfach Stichwort reinschreiben und dann fangen wir das werden wir dann noch vorlesen und wir werden das vor Gott bringen sondern dass das da brauchen wir dich da das verstehe ich nicht was das kannst du sagen nicht verstehen nicht wieso das oder ich wünsche mir das das macht mir Sorgen XY macht mir das so ja also lass uns vielleicht einfach kurzen Moment und ich weiß dass sie vielleicht etwas jetzt schwierig aber ich glaube es kann auch mega hilfreich sein weil wir werden dort nicht stehen bleiben ja nein auf keinen Fall auf gar keinen Fall ja und ich danke dir Vater im Himmel dass du ein Gott bist der es liebt wenn wir authentisch sind wenn wir zu dir kommen ich danke dir dass wir die all unsere familiären Probleme geben können alle finanziellen Sorgen alle existenziellen Nöte Ängste alles was mit unserem Körper mit unserer Seele mit Krankheit zu tun hat alles was einfach suboptimal läuft in unserem Leben nicht danke dir das Video das bringen dürfen und ich danke dir dass du ein Gott bist der das aufnimmt der das aufgreift und der da ist eben Jeremia hat es gesagt du du siehst mich du hörst mich ey du weißt es ja eh schon wenn ich wenn ich zu dir Klage wie hat er es gesagt oben wenn ich dich anklagte dann würdest du am Ende ja doch recht behalten und ich danke dir dass das wir dir eben unsere klagen bringen dürfen aber du uns darauf antworten wirklich antwortest auf deine auf unsere Fragen auf eine göttliche Art und Weise wie uns Menschen nicht antworten können das erwarten wir heute Mittag dass du dass du antwortest wie eben nur du antworten kannst und zwar individuell für jede einzelne Person du du holst jede einzelne Person dort ab wo sie steht und dafür danke ich dir dafür geben wir dir die Ehre und Gott dich ich sehe jetzt gerade auch diese Dinge was die Leute da schreiben sie noch weiterhin rein und ich verstehe nicht ich mache mit der einzige wir verstehen nicht alles und Gott ist es nervt die Challenges bei der Arbeit zerbrochenheit in der Familie wir verstehen uns nicht Vater weiß nicht wie wie ja zeig mir den Weg mit den Kindern Kindeskinder ich weiß nicht wieso du nicht zu mir sprichst Gott es nervt dass ich das Gefühl habe dass du nicht zu mir sprichst Jesus ich lege dir einfach auch die Kraftlosigkeit hin ich weiß nicht wieso habe ich nicht mehr Kraft die Gesundheit und Familie Vater in all dem komm wir brauchen deine Hilfe komm und zeig uns auf ich weiß nicht wieso und es schmerzt und es macht mich traurig denn ich habe jetzt im Chat gelesen dass jemand geschrieben hat ich bete immer und immer wieder und es kommt aber noch schlimmer und das ist genau der Punkt ich spreche mit so vielen Leuten ich habe mit so vielen Menschen zu tun und das ist genau ein Punkt denn die Menschen immer wieder bringen ich bete ich bete und es geschieht nichts im Gegenteil und das finde ich schon das ist eine Herausforderung oder dann nicht einfach etwas einen religiösen Satz überzustülpen sondern meine ernste Frage oder unsere ernste Frage ist wirklich wie gehe ich mit Ängsten um wie kann ich mit Bedrängnis umgehen was ist die eben diese Tatsache dass es gefühlsmäßig immer schlimmer wird vielleicht auch sichtbar immer schlimmer wird wie kann ich mit dem umgehen wie gehst du mit dem um wenn du an deine Ängste oder Probleme denkst wie gehst du mit dem um die großen Frauen vom Leben also das ist schon das ist nicht das ist schon krass da gibt's nicht einfach eine banale Antwort oder habe ich auch ganz viele offene Fragen okay und ich merke auch vielschichtig ist in meinem Leben lass es mal von mir reden es gibt gebeten liegen die da bete ich seit Jahren dafür und ich habe jetzt mir für mich habe ich mir gesagt ich möchte mein Glaube nicht soll nicht definiert sein von dem was ich sehe sondern von dem was im Wort steht und in dieser und ich entscheide mich in dieser Spannung zu leben weil die Alternative finde ich schlechter gar nicht mehr glauben dass Gott gut und ich rechne auch nicht mehr mit der übernatürlichen Eingriffen Gott greifen Gottes und der der der Liebe und der Verheißungen von ihm weil ich habe schon Verheißungen gesehen die Erfüllung geworden ich habe schon Wunder gesehen ich habe schon etwas gesehen und für mich ist es das sind gewisse Momenten diese Fragen wo ich eben das das aushalte und dann merke ich auch ganz vieles verheißt uns haben ist Gefühl das verheißt uns Gott aber Gott verheißt uns nicht das und wissen was und ich habe musste mich wieder darauf fokussieren auf was kann ich ganz sicher sein also Frieden verheißte uns in jeder Situation wenn ich Leute in der Bibel anschauen während der Steinigung haben sie voll Freude und Freude im Gesicht gestrahlt was wir definitiv nicht nachvollziehen können aber es steht geschrieben sie wurden nicht befreit von der Steinigung das heißt sondern in der Steinigung weil Gott sagt wir sind nur Durchgänge auf dieser Erde also ich kann erst Urteilen über hört Gott meine Gebete ist Gott gut ist der treu in der Perspektive vom Himmel ja genau und das hilft mir ja genau und aber was ist wenn das heißt aber nicht dass du jetzt einfach wie so ein geschlachtetes Schaf sage ich jetzt mal da stehst den Kopf einziehst und sagst ja da muss ich jetzt halt durch oder weil es das ist genau auch so ein Punkt was denken wir müssen wir durch Dinge einfach müssen wir durch das Gute Frage also könnte gut mal im Chat kurz diskutieren was denkst du der Punkt ist so viele Menschen sagen wir ich muss jetzt halt diesen Rucksack tragen natürlich es gibt das was du jetzt angeteasert hast das geht um die ewigkeitsperspektive oder die wir haben sollten die wir haben müssen auch damit wir eben in diesem Spannungsfeld leben können von die Welt oder ich habe hier einen Bibelvers mitgebracht das noch noch viel besser als meine Worte nämlich hier steht in der Welt habt ihr Bedrängnis aber seid guten Mutes ich habe die Welt überwunden Bedrängnis bedeutet ja ich ich bin einem Druck ausgeliefert ich habe ein Gefühl von von auswechslosigkeit ich fühle mich eben eingeengt ich möchte raus aber ich kann es nicht und eben ja ich habe einen Rucksack in dem Sinne aber ich kann doch diesen Rucksack immer wieder deponieren oder ich ja ja ich glaube auch also das ist die Element wer Trauer trägt unser Leid genau wer trägt unsere Schmerz und was ja und da möchte wünsch ich mir dass du uns jetzt weil du bist ein bester und ich denke das ist doch genau das was wir hören müssen ja ja ich das ich finde da der Vers wer fährt alles sorgen auf den Herrn denn er sorgt für euch zeigt mir auf wir werden Sorgen haben aber die Frage ist halt dich an den sorgen fest oder werfe ich sie Gott zu weil er so sorgt sich für uns ja das ist aber für mich ich versuche eine Leichtigkeit wir hatten das gerade mit meiner Frau darüber gesprochen weil sie möchten fröhlich alt werden schön oder fröhlich alt werden aber fröhlich alt werden ist nicht ein no brainer weil das Leben ist schwierig und es sogar mit Gott nicht nur einfach und dann habe ich eben wie können wir das und dann für mich ist es heißt es drauf vertrauen ich werfe meine Sorgen auf den Herrn weil ich weiß es auch dich für mich das heißt ich wenn ich so ich sag's ich bin ehrlich und ich und ich erwarte seine in meinen Fragen und in meinem Zweifel suche ihn das suche ich Ihnen dass er meine sich das er mich mit seinem Frieden erfüllt also quasi quasi ähm macht doch keinen sorgen oder aber in allem dann Gott betet dafür und dann wird der Friede Gottes der jeden Verstand übersteigt eure Herzen bewahren dann merke ich das kann ich und das habe ich erlebt und ich habe es noch nie nicht erlebt aber warum kannst du es weißt du warum du es kannst das möchte ich euch jetzt erklären weil wenn ich dir zuhöre und das liebe ich eben ich liebe es den zuzuhören und darum ist auch die Kombination jetzt heute nämlich schon perfekt dass ich jetzt mal den interviewen darf so in dem Sinne ich liebe es weil ich merke dass du verheißungsorientiert liebst das heißt du denn überlässt sein Leben nicht einfach dem Zufall sondern du nimmst die Bibel und du glaubst dem Wort Gottes mehr als deinen Umständen und das ich glaube das ist ein Schlüssel oder egal ob sich unsere Situation zum Bessern bewegt oder nicht ganz egal wie du lebst verheißen orientiert und du hast vorhin gesagt du betest seit Jahren für gewisse Dinge ich glaube das tun wir alle und vielleicht ja ist es bei dir auch so dass du gewisse Rückschritte erleben musst obwohl Du das nicht möchtest es wird vielleicht noch so optimaler aber du lebst trotz allem verheißungsorientiert wie wie kannst du das was ist dein Geheimnis wie kannst du das verheißungsorientiert Leben auch wenn du im Problem bist und vielleicht auch mal auf Deutsch gesagt die Schnauze voll hast von dem vom beten vielleicht auch vom jahrelangen dasselbe beten für mich ist es wirklich sehr herauszufinden wo was kann ich mein Leben bauen also ich weiß Gott hat Menschen einen freien Willen geben ich kann ein Leben lang für jemand beten und der kann sich vielleicht ändert wird er sich nicht ändern oder nicht so entscheiden wie ich gebetet habe das wenn ich andere Menschen ist es nicht auch da irgendwo das finde ich die Dimensionen wo Gott alles kann oder trotzdem Menschen einfach Willen geben das heißt ich ich kann für mein Leben kann ich Verheißung also ich weiß nicht ob das ganz aufgeht aber er verstehst du doch ich verstehe meine Situation weil viele Leute haben die die Sachen gebeten für Kinder Frauen Freunde Familie und das krasse ist Gebet und aber trotzdem merke irgendwo der freiwillig ist krass Leute es gibt Leute die anderen gar nicht und das und da irgendwo lässt Gott auch das zu dass Leute nicht umkehren wollen sich nicht ändern wollen und und da und das sind ja Schmerzen die wir durchmachen und da merke ich das muss ich auch das muss ich meine Theologie stimmen aber ist für mich hat habe ich gemerkt ich ehrlich sein und sagen was kann ich wirklich bauen und dann merken das hey eines Tages und der Himmel nicht außer weil die Freude am Herrn ist auch die Freude am Himmel die meine Stärke ist ja aber lass uns vielleicht beten es ist sicher nicht ganz einfach grundsätzlich ist überhaupt nicht einfach und ich weigere mich ich weigere mich wirklich so Sätze rauszulassen wie ja du musst halt nur mehr glauben oder musst halt nur mehr beten da gehen dann geht gehen deine Probleme weg oder keine Ahnung was weil das ist einfach so lieblos das ist so so arrogant auch weil es ist ein Spannungsfeld und wie gesagt wie leben in einer Welt die einfach krass ist wenn man das so sagt aber sie ist auch mega schön und eben weil wir weil wir Gott haben stehen wir auf der Siegerseite stehen wir auf der sicheren Seite und vielleicht können wir gerade da danke was ich Spannung von innen in einem Psalmen wo David klagt oder wäre mir er erinnert immer mit einer verheißungsorientierter Sprache aber Gott du bist toll aber Gott du bist hier und vielleicht können wir das jetzt zusammen machen über unseren offenen klagen ja gut Vater all den Fragen all dem Schmerz all den offenen Herausforderungen sagen wir Gott wir vertrauen dir du bist ein guter Gott ein liebender Vater und wir wissen dass alle die ihr Vertrauen auf den Herrn setzen werden nicht zugrunde gehen und ich weiß dass so ein Vers auch das wieder in der wir haben eine ewige Hoffnung und ich warte dich später seine Freude an der ewigen Hoffnungen der Gemeinschaft mit dir unser Herz beworben kann in der Zwischenzeit wo wir auch durch schwierige Zeiten durchgehen und ich bete jetzt für alle Menschen die gerade das Leben war so ist so schwierig dass die Freude verloren gegangen ist und ich bete für eine übernatürliche Freude wie der stephanus in bei der Steinigung eine unerklärliche Freude und nicht Gleichgültigkeit nicht Blindheit nicht ich schaue das Problem nicht mehr in der Augen oder was auch immer sondern in der Mitte von allem dass du etwas in uns wieder anzündest und ich danke dir auch dass du unsere Tränen siehst dass du unsere Jahren Gebete sie ist dass du vielleicht auch nicht vielleicht dass du unsere Resignation siehst dass du unsere Mutlosigkeit siehst dass du unseren Fuß ziehst dass du unsere ja dass du einfach siehst wie wie es uns geht du weißt schon längst alles und an dir geht überhaupt nichts vorbei ich danke dir dass du uns liebst und dass du derjenige bist der uns auf erbauen möchte wir schauen auf deine Güte wir schauen auf Dich auf unseren Jesus und wir schauen und wir halten dir unsere Herzen hin wir halten dir unsere Herzen hin und wir bitten Dich dass Du alles was hart ist dass du das herausmassierst und das alles was was du hineinpflanzen willst so wie es denn vorhin gebeten gebetet hat diesen Frieden diesen göttlichen Frieden ich bitte dich dass du den in unsere Herzen hinein knetest so richtig hinein knetet so dass unsere dass unser ganzes Herz alles was damit verbunden ist diesen göttlichen Frieden aufsaugen kann weil den brauchen wir wir brauchen deinen göttlichen Frieden und wir brauchen deine göttliche Freude und ich danke dir dafür dass du dass du uns dabei hilfst und wir vertrauen dir und bringen Dir alles hin und wir legen dir aber auch unsere Scham hin dort wo wir Scham haben dort wo wir uns nicht getrauen dort wo wir das Gefühl haben wir sind schuld und wie wir haben etwas falsch gemacht dass unsere Situation so ist und auch wenn es so wäre auch wenn du verurteilst uns nicht sondern du nimmst die Chance massiere diese Scham aus unseren Herzen hinaus die haben nichts verloren in unseren Herzen Scham Anklage all das muss weichen danke Jesus danke Jesus lassen wir nicht zu wir schauen auf dich ja ich weiß nicht wie es Dir geht jetzt dabei eben wenn du daran denkst was was Ängste Nöte eben existenziell auch wirklich schon krass einschneidend sein können für unsere Leben weil das ja das ist einfach eine Tatsache und aber wir bleiben eben nicht hier stehen sondern wir leben verheißungsorientiert wir leben mit unserem Jesus wir leben mit dem Kreuz dass wir eben austauschen können und sagen können kaum Jesus wir bringen dir diesen Mist und wir nehmen etwas anderes und ich denke das ist die Kunst und auch wiederum ein Schlüssel damit wir eben ein Leben in dieser göttlichen Freude und in diesem göttlichen Frieden leben können und ein zentraler Schlüssel glaube ich ist wirklich unser Herz das fällt mir immer wieder auf weil da kommt mir jetzt derselmann in den Sinn dieser Bauer der Samen gesät hat und auf dem er hat es war immer derselbe Bauer es er hat immer dieselben Samen in der Hand aber zum einen hatte die Samen eben die vielen dann auf den auf den Boden wo die die Vögel kamen und die Körner weggepickt haben dann hat er die Samen auch sind auf dem Felsen aufgegangen oder respektive eben nicht aufgegangen unter den Dornen und aber auch auf dem guten Boden und ich glaube der Bauer der ist ja Gott und der Samen ist das Wort von Gott und ich glaube unser Herz hat verschiedene oder kann in Stadien von verschiedenen Beschaffenheiten sich befinden und ich muss darauf achten dass mein Herz in dieser Beschaffenheit des Bodens des Guten Bodens ist wo der Same eben aufgehen kann das Wort Gott und dann können wir eben so wie du vorhin gesagt hast diese Freude nehmen und daran glauben hey gott hat einen guten Plan mit mir auch wenn die Probleme halt noch immer Realität sind aber ich kann das Wort von Gott nehmen ich kann mich so mit auch selber auferbauen oder ja definitiv nichts mit positiven Denken zu tun und ich von der stark wie die tamara hat er gesagt du musst die Angst benennen oder und die Angst das interessant wenn Schwierigkeiten kommen löst das ja zum Beispiel du hast eh Schwierigkeiten du hast Angst was wenn dein Mann deine Frau dich verlässt was wenn du keine Geld mehr hast was sozial oder du hast Schwierigkeiten Job was wenn also Schwierigkeiten bringen gewisse Ängste existieren Ängste von soziale Ängste Scham Ängste minder Wert denkst Minderwert ja Schwierigkeit und ich glaube da das sagen okay diese Schwierigkeit die ich gerade durchmacht bringt diese Angst davor und dass ein Namen zu geben finde ich ein starker erster Schritt natürlich nicht der letzte aber ein erster Schritt oder hast du es auch schon erlebt so also die Ängste beim Namen zu nennen ja ich habe ich habe ja unbedingt die Ängste finanzielle Ängste ich habe jahrelang nicht gearbeitet ich bin jahrelang zu Hause gewesen bei meinen Kindern also finanziell da da kommt schon bei mir schon immer wieder eine Angst hoch aber da sage ich hey Jesus ich will diese Angst nicht die gehört nicht zu mir sondern dann proklamiere ich ganz klar einfach um es mir selber auch wieder zu sagen hey Gott versorgt mich ich schaue zuerst auf dich Jesus und alles andere wird mir zugefügt werden das heißt aber nicht dass ich blind und blöd bin und einfach denke ja irgendjemand wird mich dann schon versorgen ich schaue schon dass Finanzen reinkommen und dass wir in einem in einer finanziellen in unserer finanziellen Situation so leben dass wir nicht mehr ausgeben als reinkommt ja das ist meine Pflicht aber der Rest überlasse ich Gott und ich habe nicht geahnt nicht nicht gearbeitet weil ich zu faul war sondern falls ich einfach so ergeht nicht faul das ist auch wertvoll und ich finde das aber das ist ein guter Punkt ich glaube gerade finanziell das ist ein riesen also ich weiß nicht wie es jetzt bei bei dir zu Hause ist ob das eine Angst ist die auch gerade Du mit Dir nimmst ich glaube auch also wir haben viele Leute Zukunft Ängste was was passiert mit mir und ich glaube oder bei Ängsten die ist wichtig ist nicht jede Angst ist per Tour falsch also weil es gibt ja auch ein CD und schützen wenn du merkst ja ich mag nicht diesen 4000er Berg wäre hoch Bergsteigen weil ich Angst habe ich das nicht musst du nicht sagen da muss ich durch oder ob es gibt gewisse Dinge die wollte Angst kann dich lernen das Leben zu leben welches Gott für dich bereit hat oder vielleicht eben auch in dieser Leichtigkeit zu leben und da das zu nennen und ich glaube wenn du in einer Leichtigkeit leben kannst leben wenn diese eben diese Leichtigkeit dann glaube ich auch dann kann Gott auf ganz verschiedene Art und Weise zu uns sprechen und plötzlich nehmen wir auch Dinge in Anspruch die wir vorhin gar nicht wahrgenommen hätten oder weil wenn wir verkrampft sind dann fixieren wir uns auf das Problem haben wir aber diesen Frieden und diese Leichtigkeit dann sind wir frei und wir können auch gewisse Dinge anders entscheiden und anders sehen und die führen uns dann in die Freiheit und oft in Wege die wir selber so nicht gehen würden weil Gott denkt oft so anders als wir und das hilft mir auch immer wieder zu erkennen okay ich lasse die Angst wirklich los ich will die nicht haben und wenn sie mir so nahe vor dem Gesicht steht ich will sie nicht haben aber das gelingt mir natürlich nicht immer gleich ich glaube ich finde den Punkt den datumor gesagt hat oder ab und zu ist ja nicht wenn du nur die Angst sagst ich würde mich sie nicht haben aber dich nicht auf das richtige fokussierst dann dann hast du es trotzdem nicht aus der Augen also ich finde es eben ab und zu wie das ist stark das gesagt okay ähm du musst sie nicht leugnen Gott ich da ist meine Angst aber was macht Gott oder du so wieder der der der der Helfer vom vom Prophet was sagt ihr kommt wie wir werden umkämpft in unserer Stadt und sind tausende Kämpfer und und ich habe Angst oder sagt okay noch mal schauen und dann hat er die die Engel vorher Engel gesehen aber und und ich finde ihn in der Bibel sagt die die Wirken der Zeugen an euch herum sind die vor euch hergegangen sind und wenn und jeder sagt auch er hat er hat er hat das das er hat das gesehen was Gott tut und so ist er durch die Angst hindurch gegangen und wir brauchen doch einander das ist auch so ein Punkt wir brauchen einander um uns zu ermutigen und um uns daran zu erinnern hey es kommt gut wir sind noch nicht am Ziel aber wir sind jetzt am Ziel wir beten noch und dann wirklich ins beten ich glaube dass das wir sehen können was Gott tut ja ja die wird das mit die Wolken sehr für die Leute vor uns hergegangen sind die Engel sind die für uns kämpfen Gottes Gegenwart sehen der für uns den Weg bereitet vor Dich bete gerade jetzt hast du durch deinen Geist Augen öffnest und das in der Mitte der Angst wir sehen was du tust und nicht gelähmt werden durch die Angst sondern neuen Mut bekommen zur laufen ich segne dich im Namen Jesus mit einer Sicht was Gott tun möchte amen amen danke denn ja ich hoffe wir konnten dich ermutigen heute an diesem Mittag wenn du die Predigt die Message noch nicht gehört hast dann schau sie dir an sie wird dich auch nochmals pusten und ermutigen wirklich eben in dieser Wolke der Zeugen einfach zu stehen und zu wissen gott hat einen guten Plan mit dir wenn du Fragen hast oder wenn du dich connecten möchtest mit uns wenn du Gebetsanliegen hast kannst du gerne uns schreiben auf alles.ch/gebet oder iss.ch/connect ich möchte mich von ganzem Herzen bei Dir bedanken auch bei dir denn schön war dir dabei und ich wünsche euch von ganzem Herzen Gottes reichen Segen und seinen tiefen Frieden,OK
8Y4QyMhMvls,[Musik] herzlich willkommen in der Church Box heute Morgen mit einem spannenden Gast der Dave hoffe ist am Start schön bist du leitest bei uns in Zürich den ganzen Integrationsbereich die small groups und heute gucken wir zusammen behind the scenes in ein Thema das auch dich beschäftigt und wo wir jeden Sonntag drüber sprechen da sind wir sehr konstant genau coming home was ist coming home worum geht's da Angebot für Personen die neue im Meister sind einfach wie Leute kennenlernen wollen und das machen wir noch jedes celebration bieten wir das an im vorarl Leute kommen können zur Connect Lounge kommen und und dann ähm ja es geht wirklich darum Kirche besser kennen zu lernen organisiert aber auch Leute kennen lernen und so weiter also gleich draußen im Feuer gell ja ganz genau und muss ich da irgendwie vorbereiten kann muss ich da was mitnehmen oder wie wie muss ich dorthin kommen einfach kommen einfach kommen und was wir jetzt gerade eigentlich wie neu eingeführt haben ist dass wir wenn ich in eine Schokoladenfabrik gehe dann dann gehe ich gehe ich nicht in einen Seminarraum und und sehe da auf dem Video wie Sie Schokolade herstellen sonst gehe wirklich in die Produktion und ich kann da einfach das ist ja wirklich man riecht man richtig Schokolade und alles und so nehmen wir einfach Leute mit auf einen ein auf eine Tour wo wir verschiedene Positionen gehen und einfach über die Fragen sprechen die Leute haben die vielleicht neu machen also ganzer Kirche hinter den Kulissen bisschen erleben und das heißt so auch kennenlernen ja mega spannend wenn ich jetzt äh diese coming home Group oder dieses experience erlebt ist da erlebt habe was passiert da was kommt das nächste hey wir wir schauen dann eigentlich mit den Leuten individuell hey was ist was könnte der nächste Schritt sein so hey jetzt musst du das und das machen aber von unserer jüngerschaftskultur her mit entdecken vertiefen und weitergeben ist der logische nächste Schritt noch Coming Home ist entdecken also mit dem entdecken wo einfach wie noch mehr als mehr eintauchen noch mehr heraus wie ein hey was was glauben wir wirklich und Leute kennenlernen für 10 Wochen mit Menschen unterwegs sein sehr cool also wenn es morgen will Teil eines Team werden irgendwo Anschluss finden das ist mein Ort eigentlich ja ganz genau ganz genau und einfach alle Fragen stellen also wenn das für dich ist und du merkst du bist die du fühlst dich angesprochen bist vielleicht neue da dann wieder die ganze Zeit sich einfach vorbeizukommen du kannst auch online dich reinklicken da gibt's das Ganze auch online und du findest dort auch Möglichkeiten wie du connecten kannst mit Coming Home und heute Dave haben wir taufen hey die begeistert mich immer ich freue mich schon richtig ja wie viele Leute lassen sich taufen heute sind 14 14 wir haben bereits im Sommercamp 3000 ist eine Woche ich ich feier das so richtiger richtig cool wir haben von paar Wochen haben wir schon Clip aufgenommen wo wir ein bisschen gesprochen haben über die Tafeln lassen das mal zusammen angucken Joel astrologischer Sicht was bringt mir die Taufe also grundsätzlich ist es man Statement oder ich erlege ein Statement ab hey ich bin all in da bin ich dabei ich bin Teil von dieser Gemeinschaft von Christen ich bin Teil der Familie Gottes und es ist wie ein Steam dass ich dazu gehöre und ich glaube auch es bewegt etwas in in der sichtbaren und unsichtbaren Welt wenn ich mich taufen lasse weil es eben ein Zeichen ist es ist ein kraftvolles Statement und mit diesem Statement ähm setze ich ihn Zeichen das auch Auswirkungen hat auf mein Leben ganz praktisch und ich trete ein in diese in diesen Segen hinein der Gott auch ähm mit dieser neuen Schöpfung das ja auch ein Zeichen ist der Taufe eben auch versprochen hat muss ich mich taufen lassen als guter Christ oder bin ich dann dann ein guter Christ die Frage ist natürlich was ist ein gut ich glaube es ist so es ist wie wenn jetzt der Ronaldo Wechsel zu ManU oder und der kommt hin und das ist wie ein Trikot das jetzt anzieht das wäre irgendwie mega komisch wenn er ohne Trikot spielen würde es ist ein Zeichen es ist nicht ähm das Trikot das in Teil der Mannschaft macht sondern er hat einen Vertrag unterschrieben das war seine Entscheidung dort oder aber das Trikot besiegelt das und das zeigt ich bin Teil von dem und für mich ist das ähnliches es ist ein Zeichen dafür dass ich Teil von der Mannschaft bin dass die zwei die nächste Frage ist vielleicht schon ja geht in diese Richtung aber bin ich dann erst Geräte wenn ich getauft bin oder schon vorher nein absolut nicht also die Taufe selber ist nicht das was uns die Rettung bringt oder die Bibel sagt das wäre wird wir bekennen mit unserem Mund dass Jesus der Herr ist dann sind wir gerettet und die die Taufe ist eigentlich wie ein es ist wieder Abschluss es so das macht den Sack zu könnte man sagen oder von meinem Entscheid ist es nach zufolge seine logische Konsequenz sich taufen zu lassen ist eine Taufe hatte einen Ablaufdatum also wenn ich mehr plötzlich merke ich bin irgendwo falsche abhängige gekommen ist dann plötzlich die Taufe ungültig nein ist die Tafel läuft nicht ab sondern die hat die hat ewigen Charakter und es ist auch so wenn du vielleicht das Kind getauft wurdest von deinen Eltern ist es grundsätzlich nicht so dass die nicht gültig ist es ist aber so dass wir schon auch Menschen ermutigen möchten einfach als ein Zeichen eines bewusstens entscheiden sich vielleicht dann noch mal als Erwachsenen taufen zu lassen weil eben für uns wir sehen auch in der Bibel immer wieder das ist eine bewusste Entscheidung Jesus nachzufolgen und dann kommt gleich die Taufe und deswegen macht es Sinn dass das wie nahe beieinander ist die Taufe ist eine ein Symbol das ist ein Zeichen dafür dass ich mich jetzt entschieden habe für Jesus kurz nachzufragen aber wenn ich jetzt merke ich bin auf Abwege geraten früher hatte ich mich aber taufen lassen ich möchte wieder zurück soll ich mich da wieder taufen lassen also es spannend ist grundsätzlich dient auch das Abendmahl dazu uns zu erinnern an die Taufe das Abendmahl ist auch ein Statement dass ich das bekräftige dass ich mir das wieder eine Erinnerung suchen und wenn du jetzt äh dich entschieden hast für Jesus du bist mit ihm unterwegs was ich taufen lassen du hast dann irgendwie was unterwegs und hast gemerkt du bist weit weg von ihm dann mach ein stapen vielleicht für dich noch mal ganz bewusst dass du mit Jesus unterwegs bist nimm das Abendmahl und erinnere dich an deine Taufe das würde ich dir sagen Michi bekomme ich den Heiligen Geist vor der Taufe oder nach der Taufe während der Taufe der Heilige Geist ist mir persönlich jetzt schon vor der Taufe begegnen ich lebe das in der Kirche als unterschiedlich die einen Leute leben in Heiligen Geist bevor sie überhaupt glauben weil der Heilige Geist ihnen erscheint das ist nicht unbedingt geknüpft an die Taufe wieder Heilige Geist mit begegnet noch mal kurz auf der die Kinder oder als Jugendliche darauf zurückkommen wie thematisieren wir die Taufe bei uns und Teenager in der Kirche also wir segnen wir haben die Kindersegnung im Unterschied zu Taufe und haben dann in Teenageralter während des One eighty haben wir die graduation Kurse das sind eigentlich die der Vorbereitung auf die Taufe graduation ist so eigentlich die Feier wo wir feiern dass die Teenager den Glauben an Jesus persönlich erleben und während dieser letzten Jahre im oneti werden sie einfach herangeführt daran was bedeutet die Taufe was bedeutet es Gott persönlich zu lernen und die Taufe ist dann wie ein Highlighter drin beziehen wir dort im Eltern mit ein mit persönlichen Gesprächen also wenn ein Teenager im myself sich taufen lassen will suchen wir den Kontakt zu den Eltern und klären mit Ihnen zusammen wie wir das konkret dann machen yes heute taufen und wenn du noch nicht getauft bist ich lade Dich wirklich ein dir zu überlegen wann du vielleicht dass das nächstes machen kannst werden im November wieder Taufen haben also meld dich doch an und sei dort am Start wenn du noch nicht getauft bist weil das ist so kraftvoll und es wird in deinem Leben was bewegen davis hat in unserem Leben was bewegt ja absolut und ich danke dir vielmals dass du heute da warst und mit uns ein bisschen behalten hast hinter die kommen und dir wünsche ich jetzt ganzen coolen Sonntag gute Zeit [Musik] [Applaus],OK
