video_id,video_type,ideology_score,populism_score
MjOCJgJTEfY,Standard,9.0,9.5
YM-ztHSH1QU,Standard,-1.0,4.0
elPz-cdNBBo,Standard,-1.0,-1.0
aKzbBX3WHZM,Standard,5.0,0.0
jnpy0ECFAaA,Reaction,7.5,9.0
uCJu8Hxpr5I,Standard,7.5,8.5
ULfotONdTrE,Standard,5.0,2.0
CE_EvbG_5Yg,Standard,5.0,0.0
_D3G8z8v1-o,Standard,6.5,0.0
0-9HeWHyCVU,Reaction,8.5,9.0
mqSHru1MUpQ,Standard,5.0,0.0
igJHtsVOAiQ,Standard,7.5,8.5
ewYs0lP5TkQ,Standard,5.0,0.0
RPLNJCPzgWc,Standard,5.0,0.0
4JIiSiMru-I,Standard,5.0,0.0
QB7IHHzRR8I,Standard,5.0,0.0
Z58QtOCL5dg,Standard,4.0,8.5
bKHdxUQZgZA,Standard,6.0,0.0
NhG8g3d1_HU,Standard,5.0,0.0
HSWi6-XDxrY,Standard,5.0,0.0
uLghF7urr_E,Standard,5.0,0.0
-CIBLo7dVr4,Standard,-1.0,-1.0
dClDuMYfziw,Standard,7.5,0.0
w-PWNscrhzg,Standard,-1.0,3.0
aLeX7ef6SXo,Standard,-1.0,-1.0
bFeMhpb8dA0,Standard,-1.0,-1.0
LLjJ7IcruoI,Standard,5.0,4.0
em344kPQxdU,Standard,5.0,0.0
lqoEK4QI-NU,Standard,5.0,0.0
JCIFD45cbIY,Reaction,7.5,8.5
5rEAi5BeK7k,Standard,7.5,3.5
Ulp6IFNbF5Q,Standard,5.0,0.0
vUPbXMrm0aM,Standard,2.5,6.5
IxW_39yO_Ms,Standard,-1.0,-1.0
aycJiZgMGDs,Standard,2.5,7.5
p3kEWeKjkzs,Standard,-1.0,-1.0
cDrtQ4Y8VWk,Standard,5.0,0.0
u162fimnGbU,Reaction,7.5,7.5
xNiBztLfjms,Standard,7.5,8.5
utVaM5W24lc,Standard,-1.0,-1.0
l4Hhcywd5ow,Standard,-1.0,-1.0
hs5i6ewoUfU,Standard,-1.0,-1.0
sOPz7SPDcnc,Standard,-1.0,-1.0
vhfsF6Bo3VM,Standard,8.5,9.0
datQ8Xi-yjg,Standard,5.0,0.0
X3wq7xAd3Pk,Reaction,-1.0,6.5
z79qg_YTd2M,Standard,5.0,0.0
tXi6Ad--c-M,Standard,5.0,0.0
eVVUCdTOKQ0,Standard,-1.0,-1.0
LaFEOZszcn0,Standard,6.5,0.0
JnjnytkB8jM,Standard,-1.0,-1.0
BpZZe-sk_zI,Reaction,-1.0,0.0
1FTQwFurM3I,Standard,7.0,8.0
2DEoOaxVRZ0,Standard,5.0,0.0
6pk3UE_Ttms,Reaction,3.5,0.0
sz5hg7hwI6c,Standard,5.0,0.0
d5hPQj19xio,Standard,-1.0,-1.0
22BA8U9y--E,Standard,7.5,10.0
6kUvffOx0yM,Standard,5.0,0.0
J1Od_Zi2Vlk,Standard,-1.0,-1.0
szfHndI4_Ps,Standard,-1.0,-1.0
rZ-ykednksM,Standard,7.0,8.5
fEDqj8Y1QTA,Standard,7.5,8.5
px5TgUZ8m-Y,Standard,-1.0,-1.0
QPK4EA03Fnw,Standard,-1.0,-1.0
fYXlzbqGXrc,Standard,5.0,0.0
8c8JGgLxg_A,Standard,-1.0,-1.0
MY5N8OOf-WU,Standard,-1.0,-1.0
n_llwH53tns,Standard,7.5,1.5
KCXlvqlspbk,Standard,6.5,5.5
bqdhL9Az-4s,Standard,-1.0,-1.0
gtmuJtEkzX0,Reaction,-1.0,-1.0
mFC7uHpfI5U,Standard,8.5,7.5
D59tHB6zHKY,Standard,5.0,0.0
uSpsZ7hkrEo,Standard,4.0,8.0
gSQXw1tm5gc,Standard,-1.0,-1.0
3ZoXqcx3Rc8,Standard,7.5,8.5
6P01Ya3mYeM,Standard,-1.0,-1.0
hlRq5U3Ga90,Reaction,-1.0,-1.0
iLdTM2KROlM,Standard,7.5,8.5
vl8YrLvloag,Standard,5.0,0.0
QIFXLfegzkI,Standard,5.0,0.0
bUGia5wcv88,Standard,-1.0,-1.0
6DRtfp8tYUw,Standard,5.0,0.0
4skjlfLvidQ,Reaction,7.5,8.0
fjWpNIY9hnI,Standard,-1.0,-1.0
h1G2VbhudLA,Standard,-1.0,-1.0
QXyRarB1wDg,Standard,8.5,9.0
qigJUc3Qr6E,Standard,3.5,0.0
3uat5sPo0mE,Standard,-1.0,-1.0
eTCtXnF5TjI,Standard,5.0,7.5
9aVq4NpDhuQ,Standard,8.5,9.5
UTnuus99IHk,Standard,-1.0,-1.0
x0rMjwSRnk0,Standard,6.5,0.0
J4_b-QujhxI,Standard,7.0,8.0
FX_VdDQo9y0,Standard,5.0,0.0
KcbH262ZlG4,Standard,5.0,0.0
z4DRxghhMl0,Standard,5.0,0.0
88B9OsxgbMY,Standard,7.0,8.0
sMmSpm978f0,Standard,5.5,1.0
RzXRL2fZoLY,Standard,-1.0,-1.0
qf8KYkhWIyU,Standard,8.5,9.0
Jf_WrGaPbtE,Standard,3.0,0.0
JXdZSxHUsOI,Standard,5.0,0.0
ee7T5s5NUq8,Standard,7.0,8.5
DS72x7e80WM,Standard,8.5,7.5
U9CNcPvweAM,Standard,6.0,9.0
Qa7uXCz61yM,Reaction,7.5,8.5
YQU-qvz6PmM,Standard,5.0,0.0
WdgaA1y44qk,Standard,-1.0,-1.0
t-Tg28Pm1jA,Standard,-1.0,-1.0
5Rn6Hx-cjwo,Standard,-1.0,0.0
ExdJy21ss-Y,Standard,5.0,9.0
EMEKB8RlhpI,Standard,6.0,0.0
VKQZD3DQu0g,Reaction,7.5,8.5
r_XxoTFtJFY,Standard,-1.0,-1.0
Im1lOviZ1dk,Standard,5.0,0.0
mCMV17IU-BQ,Standard,3.5,0.0
qh0misb7WEs,Standard,7.5,7.0
-gl4RtDD8iY,Standard,5.0,0.0
CM5xUTH1_hg,Standard,-1.0,-1.0
DwkP97ifYdE,Standard,5.0,0.0
Z-EGsD5V8PM,Standard,-1.0,-1.0
zIanT4JkeP0,Standard,7.5,8.5
CQ_FZY7oKzQ,Standard,7.5,8.5
yI5ZB9W1-fw,Standard,8.5,9.5
ASOP3Be-sZI,Reaction,7.5,8.0
-857YWF90fU,Standard,6.5,5.5
kUjbk2cSF58,Standard,7.0,7.5
QDGEGYo4s_Q,Reaction,4.5,7.5
arfimEl4Kmk,Standard,7.0,7.5
T8EAgpNC0D4,Standard,5.0,7.5
NAPyCntKTKU,Standard,5.0,0.0
JNtl1zpvcbg,Standard,7.0,7.5
Ct-9X_0g45o,Standard,5.0,0.0
7bSiFWXeu5k,Standard,7.5,7.5
fTuiIwjXQJU,Standard,-1.0,-1.0
oQNEVp64T8k,Standard,9.5,9.5
tcA-GCLA4dQ,Standard,-1.0,-1.0
BTaZEBG8psg,Standard,8.5,8.5
zKIJrCDGN9M,Standard,7.5,7.5
Wh0jXM4tctg,Standard,-1.0,-1.0
E3sUOJm2XTA,Standard,9.0,9.5
mHFiG5pCIj4,Standard,6.0,4.5
SLytH9G_DLo,Standard,3.5,1.0
5WMyOtM-QIo,Reaction,-1.0,0.0
wkfCefIPkUY,Standard,-1.0,-1.0
V8nV6qKLRM8,Standard,7.0,0.0
NgVplxFvecs,Reaction,-1.0,7.5
FA1Fvx7fUmM,Standard,-1.0,-1.0
RwaQSLxSh28,Standard,7.5,6.5
YMmj7iMr3Iw,Standard,7.5,6.5
U-N_IxY0rYk,Standard,8.5,9.0
ndqr-KO9nPA,Standard,5.0,0.0
dWYgcWgSsnA,Reaction,5.0,7.0
Lpxxn0gCWV8,Standard,8.5,9.5
hB2_X11P_6U,Standard,3.0,7.5
i80xDiaztoY,Reaction,7.5,9.0
gQwiYQ3iOKM,Standard,5.0,0.0
MAKNvB0CIlw,Standard,-1.0,-1.0
_2cdoVPjo4c,Standard,3.5,0.0
I2nbns4NDYI,Standard,2.5,7.5
6ub_6xZ3kR0,Standard,7.5,9.0
fdVmzjXwCmw,Standard,-1.0,-1.0
e9g_yM3KLeA,Standard,6.0,3.0
u-CxidqSIgM,Standard,-1.0,-1.0
vuy5cPZJjIs,Standard,5.0,0.0
sZSipbbQZw4,Standard,3.5,7.5
_yn6y-OI9tA,Standard,9.5,8.5
C1mSwVK8l0E,Standard,7.0,7.5
DTZ9InyC7P8,Standard,3.5,0.0
31y5pQeFjks,Standard,2.5,6.5
xSHNAfWjvXI,Reaction,-1.0,-1.0
4G5WrEYjRgk,Standard,7.5,8.5
ta6QFop2MCA,Standard,4.0,0.0
3BBxQ2AqANs,Reaction,7.5,8.5
_OkEL8FLeQM,Standard,-1.0,-1.0
B-NDOTHmKtM,Standard,-1.0,-1.0
3siWiTckv90,Standard,8.0,9.0
jcOvLdQ505c,Standard,6.5,8.5
ZPXSRWFwgKg,Reaction,7.5,8.5
gJD1XN84ivk,Reaction,8.0,8.5
_u85jr1UOdk,Standard,-1.0,-1.0
BG5vIzgza4E,Standard,-1.0,-1.0
l3MRU6260Yo,Standard,5.0,0.0
9uwGX0BXA-o,Standard,-1.0,-1.0
AcMXaf6hxAg,Standard,5.0,0.0
Ug-3CbB8NUw,Standard,4.5,0.0
NABPzi2i0KE,Standard,-1.0,-1.0
oMSnNrAOn6E,Standard,5.0,0.0
J05j_tqbnS4,Standard,8.5,9.5
3Y1xWCCS3GA,Standard,-1.0,-1.0
TZL0aECQuhs,Standard,5.0,0.0
DWaBW5v215o,Standard,2.5,2.5
W8gpRe2ipUM,Standard,-1.0,-1.0
Ei1FzMv7K6Q,Standard,7.5,7.5
wtEVVOnyNJQ,Standard,-1.0,4.0
1i47h2ra5ZA,Standard,4.5,0.0
xXEQ0p6YHGg,Standard,7.5,9.0
K9GpobOXmYM,Standard,8.5,9.5
GEv6T3SNbtI,Standard,5.0,0.0
hW4dNs7Er5E,Standard,5.0,7.0
lNCxykJZSnc,Standard,7.5,8.5
YHNUcmA4FCo,Standard,8.5,9.0
zbl-wlTXyu4,Standard,7.5,6.5
rHnhUFDxcFE,Standard,-1.0,-1.0
8v9yOFBpTs4,Standard,5.0,0.0
QwtH_AAINgs,Standard,7.5,8.5
pgWTAb4nU_Q,Standard,-1.0,-1.0
enixm8Is0Vo,Standard,-1.0,-1.0
IuwbNAVn4qw,Standard,5.0,0.0
m0_rZDZP06c,Standard,3.5,7.5
6CgGVNJMCj0,Standard,5.0,0.0
wG10UdA_6IM,Standard,2.5,7.5
G97ZJU44vTY,Standard,3.5,0.0
T272tIpS3Gw,Standard,5.0,0.0
OUD-qJDICa4,Standard,8.0,9.0
2AyM8Ng_4Ws,Standard,8.0,9.5
L68Ceia6_As,Standard,5.0,0.0
UZV1DdRcfvg,Standard,7.5,6.5
emwXT2E7FrY,Reaction,8.5,9.0
1-yKiqFSqtE,Standard,-1.0,-1.0
FjgfZH_0FcI,Standard,5.0,0.0
kD8J99zRH38,Standard,5.0,0.0
CMoPdRN-5vs,Reaction,7.5,8.5
1tFj4KE3OsA,Standard,8.0,9.0
nKlXru0h2Wo,Standard,8.5,9.5
yQpqcrqN-gc,Standard,6.5,1.5
WE5QqsgFkBo,Standard,-1.0,-1.0
E_yYCPbUNLs,Standard,-1.0,-1.0
3RitL9uUE6M,Standard,5.0,0.0
SAQq_i8V0qs,Standard,-1.0,-1.0
RB8D33DfGYY,Reaction,6.5,7.5
zNGBFoQmMQs,Standard,5.0,3.5
5_o6FLW-WvA,Reaction,7.5,8.5
Y8eo3l38VT4,Standard,3.5,7.5
m_r7Hm7aU3Q,Standard,3.5,0.0
aMskNekYv64,Standard,3.5,0.0
kWuiNuMnBJ4,Reaction,7.5,7.5
xw5ZUqmUdAA,Standard,-1.0,-1.0
qjqNWKo_r6w,Standard,5.0,0.0
AsYztuWGCV0,Standard,5.0,0.0
XKRtkITy54Q,Reaction,3.5,7.0
ie65QZ7Gps0,Standard,8.0,7.5
eC2KxRrivZE,Reaction,9.0,9.5
dGW7hORWTxo,Standard,7.5,7.5
7pcH5hdGVEk,Reaction,7.5,8.5
pIaJKCg0klA,Standard,3.0,7.0
K1XBtOcZlNM,Reaction,8.5,9.5
XqUHSjR49dk,Standard,-1.0,-1.0
NoqaJcBcmps,Standard,-1.0,-1.0
mpBozRPcVHU,Standard,8.5,8.5
PHZKofox0fM,Standard,7.5,6.5
jIOGMl98KpQ,Standard,7.5,7.5
o5DwOh9vQyA,Reaction,-1.0,-1.0
AeM-qkDqKhU,Standard,4.0,0.0
3DgjAzeyfbw,Standard,5.0,0.0
1LDJK8CXMLo,Standard,5.0,0.0
tuo2UlWigEc,Standard,5.0,0.0
wPcPf1OloY0,Standard,8.5,9.0
qmer40ASlDM,Standard,5.0,0.0
c9I8jBFYZbI,Standard,5.0,0.0
1xnBhM0zTAI,Reaction,8.5,8.5
w0eAGZRN6H8,Standard,-1.0,-1.0
ll66knjdhOA,Standard,2.5,7.5
JNzNP24xzqk,Standard,5.0,0.0
vAV8w6gm3dE,Standard,5.0,0.0
n7HQqKY1HEI,Standard,-1.0,-1.0
VXVnxGt34wY,Standard,-1.0,-1.0
zUwNZpHXpKg,Standard,5.0,0.0
rizNpU09wuc,Standard,5.0,0.0
Wt-vh36yyUE,Standard,8.5,8.5
TFahvveqTBM,Standard,6.5,4.5
IqAjKcVnHl4,Standard,-1.0,-1.0
NpIBM-gNqCc,Reaction,8.5,8.5
xV6lnjRtORg,Standard,-1.0,-1.0
O64GglVm8ms,Standard,8.5,7.5
sP6PhEdPOxs,Standard,5.5,0.0
02IO8SWqorQ,Standard,5.0,0.0
qwvsucJ1X90,Standard,7.5,9.0
ZODRaabFMjc,Standard,7.5,8.5
EdI0rRmQ-pQ,Standard,-1.0,-1.0
kG6Qz9WexX8,Standard,4.0,0.0
de45kIKK3rk,Standard,7.0,9.0
kN0DrzStZDc,Standard,-1.0,-1.0
DLgeF5SaZTY,Standard,6.5,0.0
dxYFT91L_Ig,Standard,-1.0,-1.0
NFw4OZBnH2g,Standard,7.5,9.0
zQmTp4v3aGg,Standard,-1.0,-1.0
MezoGvb-EBI,Standard,7.0,7.0
6Mi8Gp4DrXw,Standard,6.5,7.0
4-LVN_B8Ov8,Standard,5.2,0.0
JZuQStP7-VU,Reaction,3.5,2.5
k11xH_a4Ado,Reaction,8.5,9.5
-b_rKalaLYc,Standard,7.5,8.5
Dc9LM8Z1uiE,Standard,5.0,0.0
joTxg9vWiFo,Standard,7.0,9.0
JaccARO3Idg,Standard,-1.0,-1.0
z-oQhilJm8Q,Standard,2.5,8.5
NWVRuf8eXB0,Standard,-1.0,-1.0
Qv-hM9aF-I8,Standard,-1.0,-1.0
w9Y9EXhe-cc,Standard,-1.0,-1.0
8VjoX9AdGZ0,Standard,5.0,0.0
MLaKmFxyW_E,Standard,3.0,0.5
rLOyt2A7JAg,Reaction,5.0,0.0
WOtlSSscS5Q,Standard,-1.0,-1.0
s77ytz4-uWQ,Standard,8.5,8.5
zloEeQ70c9Y,Standard,3.5,7.0
IibpPaE1d-o,Standard,5.0,0.0
zoG5WUeqf4Y,Standard,5.0,0.0
s_TtaIUcPb0,Standard,7.5,6.0
MALFwZ_FMis,Standard,5.0,0.0
LonOPnPwIrk,Standard,4.5,0.0
fdyHNkxbps8,Standard,4.8,0.0
w3RSQDkQWA4,Reaction,8.0,9.0
YGo9p-DQa7I,Standard,6.0,0.0
onXp7ub-EdE,Reaction,5.0,0.0
4hSCCa4wi_8,Standard,4.0,0.0
eRzs7_TV1qk,Standard,8.5,8.5
BftKA-5pFXY,Standard,1.5,6.5
J97FTTVNcTg,Standard,2.5,7.5
F4mTiXo8GGk,Standard,5.0,0.0
fdNWG8kSoCM,Standard,4.5,1.0
uSd3KaU69l8,Standard,-1.0,-1.0
-kumndDo1HM,Standard,5.0,0.0
xXqZEQNvZvI,Standard,-1.0,-1.0
YOTC08ib4HE,Reaction,5.0,1.5
sf6cjX7_PRc,Standard,-1.0,-1.0
pzQVgERKFJA,Standard,5.0,0.0
GRX3E1_VUqg,Standard,8.0,7.5
FRSrN1GxzVE,Standard,7.5,6.5
7OiTTbAer00,Standard,-1.0,-1.0
0xXq37RR8ps,Standard,5.0,0.0
Y3Ym1n2lr0w,Standard,9.5,9.0
S_jWY92rTmI,Reaction,5.0,0.0
u7lQdVnqRBQ,Standard,6.5,1.0
Gh82yzj3lk8,Standard,5.0,0.0
MqobFuVSW-U,Standard,8.5,8.5
ul5aLg1nHKY,Standard,-1.0,-1.0
7H6fyUNBueE,Standard,8.0,8.5
Us7bnmiEUmo,Standard,2.0,9.0
1PoXUs0Vf7c,Standard,4.0,0.0
Pur-REeUsag,Standard,4.0,0.0
K976WLrydDA,Standard,8.5,9.5
lTfF8vjC684,Standard,-1.0,-1.0
usdr5hRt50I,Standard,4.0,0.0
lLgilvq-sB4,Standard,5.0,0.0
6ixgtMXzq4s,Standard,7.5,8.5
cBcLRJaV9zs,Standard,-1.0,-1.0
acOrNH3btZI,Standard,5.0,8.0
qKC03msi418,Standard,7.5,9.0
E_ljDTRC0KE,Standard,3.5,6.5
qrjGVG6sm5U,Standard,8.5,8.5
pAHgl7BpKxA,Standard,6.5,0.0
Dq0xWuhhsLg,Standard,7.5,1.0
WuCDld2ygdA,Standard,7.5,9.0
_TBajhxwAaY,Standard,5.0,0.0
vTTZUk67DXI,Standard,7.5,8.5
sP97tXeEqSQ,Standard,5.0,0.0
U7Nxh56MVOo,Standard,-1.0,-1.0
xay0Mih6kec,Standard,5.0,0.0
RqzgkSyimRM,Standard,7.5,8.5
hecKCEKagCI,Standard,7.0,8.0
ZcmWYJSBnN8,Standard,5.0,0.0
87GrT1QCsyA,Standard,7.5,7.5
t8GgDdGRHQc,Standard,5.0,0.0
06MzeE14oiQ,Standard,7.0,0.0
hV7clAlDr1U,Standard,-1.0,-1.0
UTlbEC97dk8,Standard,5.0,0.0
FQ9hKVURejU,Standard,2.5,7.5
LbfWn-zZEr8,Reaction,7.5,9.0
krzdFuRYzYs,Standard,7.5,0.0
Z8bv59MnBkk,Standard,-1.0,-1.0
nOPz16wDKEo,Standard,5.0,0.0
9aUqc2SOAuM,Standard,5.0,0.0
YAzCiDzBpuA,Standard,7.0,6.5
dVyCX6UqUPM,Standard,8.5,9.0
GVkugcDzcd4,Standard,3.5,7.5
mirX8NcpHkQ,Standard,7.5,8.5
tX9KHOCf02U,Standard,7.5,7.5
2Hhs6daVedI,Standard,7.5,6.5
zGmML754wS8,Standard,7.5,9.0
jCwGRPSaTJE,Standard,7.5,7.5
PcvcpL59FOs,Reaction,7.5,9.0
w4oYNrQ6lps,Standard,6.0,0.5
uvsmBMNhs08,Standard,7.5,8.5
x68t3aDdZDo,Reaction,8.5,9.5
9iiEmjFbzzQ,Standard,8.0,9.0
-1crza10xvE,Standard,5.0,0.0
lE_27gs6tOE,Standard,8.0,7.5
k6qJo9F0h50,Standard,-1.0,-1.0
Uexp6WOrdyY,Standard,6.0,5.0
YcqJiRerIIQ,Reaction,5.0,6.0
-SqWBHIImmk,Standard,5.5,0.0
eJ69gpwsNlM,Standard,5.0,0.0
mLE1bRUsdYA,Standard,8.5,8.5
g6FtdMBR-e0,Standard,9.5,9.5
l0a_y4xYrAQ,Standard,8.5,9.5
vn-J4kUmoGQ,Standard,5.0,0.0
kScadBk8k78,Standard,5.0,0.0
NmvXu_QcKAE,Standard,5.0,0.0
BGnAJGXFydY,Standard,7.5,6.5
jKTK4nJgQ7M,Standard,8.8,9.2
5nZK1kBQksk,Standard,6.5,7.5
9S2DysPHsK4,Standard,-1.0,-1.0
QZ5OGTkeUOM,Standard,6.5,2.5
RWmQxTXpOpg,Standard,5.0,4.0
ixEiO9areW0,Standard,-1.0,-1.0
MOajVnMNRbM,Standard,8.0,9.0
TSCpeDioOX8,Standard,-1.0,7.5
b7dEat9GMVw,Standard,5.0,0.0
ctGESSrOQJE,Standard,-1.0,5.0
5Ov6qZ5YDX0,Standard,-1.0,-1.0
z5_TJc7okDQ,Reaction,3.0,8.5
YELirXnxDcQ,Standard,7.5,8.5
0MjYXSViva0,Standard,-1.0,-1.0
_Lrylq-w5dA,Standard,5.0,6.0
WYy8NdSUpyY,Reaction,8.5,8.5
XzcTNTUQDVo,Standard,5.0,0.0
Pm3PJ7bepYM,Standard,7.5,6.0
cmLEH0WAeic,Reaction,5.0,0.0
D0mMZ6BKEU8,Standard,-1.0,-1.0
VNlJB4GynJ4,Standard,-1.0,-1.0
_XmE1li118s,Standard,7.5,6.5
mRLZCZzHcg4,Standard,6.0,0.0
nTBP4dIOfuM,Reaction,8.5,9.0
WBTUBtN38g8,Standard,5.0,0.0
uTHmZfda4Ts,Standard,5.0,0.0
BICTi2qC0F8,Standard,-1.0,-1.0
SzmlSTwq87Y,Standard,-1.0,-1.0
jUSXYLADHPs,Standard,9.0,9.5
38gBzeJ52j4,Standard,6.5,4.0
f4MME2pQfFA,Standard,-1.0,-1.0
ZSHU0qwcTeQ,Standard,6.0,2.0
Nw6qnoXUtfI,Standard,-1.0,-1.0
05NOPK7aRCs,Standard,6.5,0.0
s-oSvACtuRQ,Standard,5.0,0.0
FNKbVHDatFc,Standard,7.5,4.5
as0iVpUgAao,Standard,5.0,0.0
dFt_hVQdxMI,Standard,-1.0,-1.0
rvO2q357nvg,Standard,-1.0,-1.0
aLIHVqyaz5E,Standard,5.0,0.0
p1--Gel2ZjU,Standard,7.5,8.5
KoBDB-N9gUQ,Standard,7.5,7.5
qPIhzSsJrNo,Standard,-1.0,-1.0
JhCyC8zdPOk,Standard,4.5,2.0
cLfF6-cVzCU,Standard,3.5,1.0
yOfVwdj3TFs,Standard,7.5,0.0
lzCnFp1GDjA,Standard,7.5,9.0
DxTY_6WiAMU,Standard,5.0,0.0
6_wJ6AcWbQk,Reaction,7.5,6.5
EplK1cEsaHE,Standard,-1.0,-1.0
qmcrkjHdSCg,Standard,2.5,7.5
X8gIsgSkNA4,Reaction,3.0,2.0
-4PFl3sIRpE,Standard,-1.0,-1.0
gZgAnOOAIzo,Standard,5.0,0.0
wS_wW-aMuFI,Standard,9.5,10.0
R8xNDNG21sI,Standard,-1.0,-1.0
nxTkxMpq1oU,Standard,5.0,0.0
otLspOQzyRY,Standard,5.0,0.0
VVLMY3oCwZI,Standard,5.0,0.0
ytNuueBMgoU,Standard,-1.0,-1.0
-Dc_H4nCFMk,Standard,5.0,0.0
uR_SmNEYU-c,Standard,5.0,0.0
N_DPdPkVtLU,Standard,-1.0,-1.0
YRaz05-_iPs,Standard,-1.0,-1.0
DTdudeRMnJ8,Reaction,8.5,9.0
a6QypyylCE0,Standard,5.0,0.0
n94-h4uQxgQ,Standard,7.5,8.5
jurT4bOWY5I,Standard,-1.0,-1.0
Ejmwph9TdyQ,Standard,-1.0,-1.0
d9bGqNQAMWA,Standard,7.5,9.0
vyl2yEBlAOQ,Standard,4.0,1.0
z37nf0UWdqM,Standard,1.5,7.0
y2cJBWWfHBc,Standard,-1.0,-1.0
0Bm6EHJAjKQ,Reaction,-1.0,6.5
ri-l1u2H-JY,Reaction,7.5,7.5
EK8Rg11L6bs,Standard,7.5,7.5
WNCdIXu-OBU,Standard,3.5,0.0
vf8mJk2tXhU,Standard,5.0,0.0
q9IZkDk6N0M,Standard,5.0,0.0
AZJthQK3WuM,Standard,-1.0,-1.0
gjgXcvcuZJs,Standard,5.0,0.0
q1Zeij_UWmA,Standard,9.0,9.0
iHwoXRIoBak,Standard,-1.0,-1.0
kAf3YCtJRtU,Standard,7.5,1.5
pGHIF4k4IdU,Standard,3.5,1.0
KsBOWbPEBlE,Standard,5.0,2.0
Ub3F6n4LyjM,Standard,7.5,1.0
vOTZWvmczj8,Standard,7.5,6.5
aEEizQ3EKi0,Standard,5.0,0.0
viUdbnRUdeo,Standard,9.5,9.5
CB7vFO9Ygzk,Standard,5.0,0.0
vO6aQHQUFoA,Standard,7.5,9.0
kTV0OzR2RYw,Standard,3.5,4.5
ni3YBG3raYI,Standard,5.5,0.0
KldJ4APflxs,Standard,-1.0,-1.0
4cH6ma3ct1s,Standard,8.5,9.5
6qKkSqe9bls,Standard,6.5,6.0
YIs1bWyXjiQ,Standard,7.0,7.0
9JBKgyhGqZ0,Standard,2.5,1.0
2_jbEnIGD3g,Standard,8.5,9.0
0AOMiIVaSTA,Standard,9.0,9.5
FiLkMPe--jc,Standard,5.0,0.0
pWtmBuUXjhQ,Standard,5.0,0.0
NqOozMzvZcU,Standard,-1.0,-1.0
4mekw4U1vDI,Reaction,7.5,6.5
p-eRtLirnfo,Standard,8.5,9.0
2j8MujGEAw4,Standard,5.0,0.0
C3TbEF2dVBQ,Standard,3.5,4.0
ub5EmYl0MKE,Standard,8.5,9.5
hivdxiCb2js,Standard,5.0,0.0
nz2ipjC9L9E,Standard,8.5,9.5
huQDpyVTrRk,Standard,6.5,4.5
rn1Dvmb4ZwI,Reaction,9.0,9.5
ONJw-fpGxgM,Standard,5.0,0.0
TtCHilm4yCg,Standard,-1.0,-1.0
Ss-iUEWY3do,Standard,5.0,0.0
NRHn1dqt864,Standard,-1.0,-1.0
TA3mNFPdKeM,Standard,5.0,0.0
T-0t7BTfoLI,Standard,3.5,0.0
vnHpx_F_7b8,Standard,-1.0,-1.0
9CE-8c2lWM8,Standard,7.0,6.5
QMHSZ6fWYIw,Standard,-1.0,6.5
3zcDCGuHP4I,Reaction,1.8,7.5
21DC0IubdEc,Standard,5.0,0.0
G-CFKL813Zo,Standard,7.8,7.2
DrsaB6rfiEg,Standard,5.0,0.0
hd9yc_8ILUY,Standard,9.0,9.5
l_s-nEVHugk,Standard,7.0,0.0
vGkyd9HXLNU,Standard,5.0,0.0
8Y9fjDhIpWA,Standard,5.0,9.5
9yenMPc_nE8,Standard,5.0,0.0
2YhQZuybLJo,Standard,5.0,0.0
sGX4VZHrrNI,Standard,5.0,0.0
ZeFWn6j8aMA,Standard,5.0,0.0
QMakp6i_xSo,Standard,7.0,7.0
2K51Jfu1P24,Reaction,5.0,0.0
yPt6h0UtOI8,Standard,-1.0,-1.0
h5-FYX7L7a8,Reaction,-1.0,-1.0
MiIbnaNMfjI,Standard,4.0,4.0
9-qniDJorrg,Standard,-1.0,-1.0
PB630M9wKDk,Standard,7.5,9.0
S_tG93V6c54,Standard,8.0,7.5
DhaZsgaZuLk,Reaction,-1.0,-1.0
ajP78C83f3E,Standard,7.5,7.5
kj6-AsZK1iw,Standard,8.5,9.5
HvQWbl400oI,Standard,8.5,8.0
kBsxFDkJ5lU,Standard,7.5,6.5
KKB1OqJXRIA,Standard,-1.0,-1.0
tqUD5X9GSLQ,Standard,8.5,8.5
aFa4u8-zRnI,Reaction,7.5,8.5
Ve3237dLaBk,Standard,7.5,8.5
wC7YhFoTPC0,Standard,-1.0,2.0
6uoDxRlLAJk,Standard,4.5,0.0
e93l7SL6lkg,Reaction,3.5,0.0
lfDMBAIfzJg,Standard,3.5,0.0
pSRBC3UhhUY,Standard,5.0,0.0
ow7cItNFEN4,Standard,-1.0,-1.0
haiBdRKdnmY,Standard,-1.0,-1.0
EjDbmPBNGcY,Standard,8.5,9.0
dN5iVXSa3tU,Standard,-1.0,0.0
EQ_SjcanahM,Standard,-1.0,-1.0
FYQelorzQI4,Standard,8.5,9.0
fyIG3oEV_tA,Standard,5.0,0.0
5_rq1peQ4ME,Standard,-1.0,-1.0
CT0z_AFcerQ,Standard,-1.0,1.0
WAjl0SzUUU4,Reaction,8.5,8.5
1zjI7Lkd6EE,Standard,5.0,0.0
VyVsvRl6X_w,Standard,3.5,8.5
YIQmFUDvcKA,Standard,1.5,7.0
dgqRHtYbRWA,Standard,-1.0,-1.0
UpFNNHwnkkQ,Reaction,-1.0,-1.0
jiT41HmBrOo,Standard,7.5,8.5
pCidxUMq8jc,Standard,7.5,9.0
I-KsYHZFZ6U,Standard,3.5,0.5
tutjS9ACbtM,Standard,8.5,9.0
32DEbE5mhcM,Standard,5.0,0.0
ANxDC8m_5WE,Standard,-1.0,-1.0
oh0NCZrysyk,Standard,-1.0,7.0
FAoG-T7jIgM,Standard,2.5,6.5
S1YDTN7giOo,Standard,5.0,0.0
xJlPjY0KTTs,Standard,3.5,0.0
Stpw4D9lqOM,Standard,-1.0,-1.0
WlYAcaJGOxk,Standard,5.0,7.0
a7zd7yt8HVg,Reaction,-1.0,-1.0
76oU998va7Y,Standard,-1.0,-1.0
olJ1VEiYz-w,Standard,8.5,9.0
qpkW_a7JAX0,Standard,7.0,5.0
HOPkvegg_8U,Standard,-1.0,-1.0
axjA9Og3UaU,Standard,6.5,7.0
FDgHSRn9KDA,Standard,1.5,0.0
W2g4NwAOfws,Standard,5.0,0.0
wwcKGNqXiJk,Standard,5.0,0.0
nrBqv61OSwo,Standard,7.5,8.0
abJ1mDJRGOE,Standard,7.5,7.0
qkj2OrI75EM,Standard,4.0,0.0
wg7p7Ssuikk,Standard,6.5,0.0
mTMk4g0-loA,Reaction,-1.0,-1.0
0IKmQkbMH8o,Standard,7.5,9.0
hZ-wnFc8S78,Standard,5.0,0.0
aKN4nP51fA4,Standard,-1.0,-1.0
bdw1lrClxFQ,Standard,5.0,0.0
H985Unw-5XE,Standard,-1.0,-1.0
oipt-fsIcLI,Standard,5.0,0.0
V1tb4lyi3-4,Standard,2.5,0.5
1aUrG3mUgKo,Standard,5.0,0.0
Cv-V24irbbQ,Standard,-1.0,-1.0
Num8IkyUOik,Standard,6.5,9.5
CQ2UbI-XsF8,Standard,5.0,2.5
0cSMCbszi1c,Reaction,-1.0,-1.0
V8CbUNJmi3U,Standard,5.0,0.0
5VPrfwletNY,Standard,5.0,0.0
RtSLzBZE9xs,Standard,-1.0,-1.0
WVLYh99-99E,Standard,5.0,0.0
5jW3JK4k0do,Standard,5.0,0.0
vj0CFeiXv60,Reaction,7.5,8.5
W2kxyyfp9tc,Reaction,-1.0,-1.0
hKo27QIn4sU,Standard,7.5,2.0
P5drv9c5WEc,Standard,9.5,9.5
QxsMGME9Prk,Standard,7.5,8.5
swsl78v8UDE,Standard,5.0,0.0
UkYPGz_M-pE,Standard,7.8,8.8
-QfiLtzKRwM,Standard,5.0,0.0
P1SzUN22UaE,Standard,5.0,0.0
cFk1XrGWFBU,Standard,-1.0,-1.0
HS9oHXqVv98,Standard,6.5,3.5
FlU7fYo0i5Y,Reaction,6.5,7.5
Ldde9gNUrzU,Standard,3.5,0.0
TWPMaex2e9E,Reaction,-1.0,9.0
cD75WRih66E,Standard,8.5,9.0
7cmwRDa-ako,Standard,-1.0,-1.0
fcuGmxjl99Q,Standard,2.5,9.5
vpR1A07sQPw,Standard,-1.0,-1.0
e8IXcEvTWFE,Standard,5.0,0.0
Q8rC9esHQhQ,Reaction,3.5,8.5
qGYHHzEupdQ,Standard,8.5,9.0
zTmsrpGtfSE,Standard,4.0,0.0
EDom2Cta9Yg,Standard,8.5,9.5
vbwrgYAbwIA,Standard,-1.0,-1.0
-JWVJw5F41M,Standard,9.5,10.0
rtsD5woBhdE,Standard,-1.0,-1.0
OO6SEYvhgkU,Standard,5.0,0.0
tz76TWJHH5Y,Standard,-1.0,-1.0
fes-YumElvI,Reaction,2.5,7.5
oFWtdM4gmLU,Standard,-1.0,-1.0
PsN5w-ofD7E,Standard,-1.0,-1.0
wNkQ1SMLo9U,Standard,-1.0,-1.0
7P_NyineH-Y,Standard,5.0,0.0
KH92x-s6Lcg,Standard,4.0,0.0
-PkaDFQz4lA,Reaction,5.0,0.0
eTwfEAQq_RA,Standard,4.0,0.0
4dRuut-ZDig,Standard,7.5,8.5
CrKPOfwi-is,Standard,7.0,9.0
zpvCZP1prnc,Reaction,6.0,0.0
oBfTNfIw-54,Standard,-1.0,-1.0
tIqjZRvlLzA,Standard,-1.0,-1.0
n9vtI5f71rI,Standard,5.0,0.0
gQkAUaGZ8iA,Standard,5.0,0.0
_Zmj6vuK5_c,Standard,5.0,0.0
Woo0OKhW6CA,Standard,-1.0,7.0
L01ph85gXqU,Standard,9.5,9.5
9-bn0ItYZJQ,Standard,-1.0,-1.0
z5COau2YwLU,Standard,8.5,8.5
m7yf2nEPRuw,Standard,-1.0,-1.0
vBoid5ygeQY,Standard,7.0,1.0
OmUzFAr4z6A,Standard,5.0,0.0
MgIfwc_esEg,Standard,2.5,7.0
t9EJcTZQzVA,Reaction,-1.0,-1.0
1UzDVItcQUg,Standard,3.5,0.0
HixDbtB2LZ8,Standard,5.0,0.0
JPnoVcnLL-o,Standard,-1.0,-1.0
eyuBxjb5xjc,Standard,8.5,9.0
Qdi2hJ0PhMA,Standard,7.0,8.5
ses4U2pb2l4,Standard,2.5,2.0
brxRZ_U9oqo,Standard,7.0,0.0
704sTp48fSM,Standard,-1.0,-1.0
bVgEuhN2mw4,Reaction,7.5,9.5
wGb5OVzVAcE,Standard,-1.0,-1.0
8cEMdvEWWoY,Standard,-1.0,-1.0
x3VA4ZrziOw,Standard,6.0,8.5
BTTvv0nJDeo,Standard,5.0,0.0
Uj9Ur7vqR8E,Standard,5.0,3.0
CAz3Y-a6jME,Standard,8.0,9.0
Jo3tHCkoxKE,Reaction,-1.0,-1.0
zh8sQSG5H6k,Standard,-1.0,-1.0
3MK6lBcss8k,Standard,3.5,0.5
VMSO_uJ_cuA,Standard,5.0,0.0
_SgJXRYEwQI,Standard,8.5,9.0
IJRNe8CqF7Y,Standard,8.5,8.8
dKhXiqTHX8w,Standard,-1.0,-1.0
aKbkyueaVy4,Standard,8.5,9.0
fjGXVmv1Uzc,Standard,6.5,8.5
ib15XPm7QvQ,Standard,3.5,4.5
2ldcD5CFwLI,Standard,5.0,0.0
arIySRxV6TI,Standard,5.0,0.0
7rB5VuVqMSc,Standard,-1.0,-1.0
rZwpx_a5j10,Standard,8.5,9.5
h0KhNy44gUc,Standard,5.0,0.0
t9Ts6JLthZ4,Standard,-1.0,-1.0
0ipsUlY4UaY,Reaction,5.0,0.0
Hwrd6sXifMQ,Reaction,7.5,8.5
GqYQe6u1ZXw,Standard,4.0,0.0
lDfPpn3u3og,Standard,5.0,0.0
Sw4JpRviGew,Standard,-1.0,-1.0
0KBfz3vWJFQ,Standard,-1.0,-1.0
fhbT5nEYtGw,Standard,5.0,0.0
_OtNSU5tI7k,Standard,7.0,2.5
FrOG3ysLT4s,Standard,-1.0,-1.0
8aTM8pw97iA,Standard,-1.0,-1.0
bhJAXd6sEPg,Standard,4.8,0.5
JFfvVy-N36o,Standard,8.5,9.5
cgxMq50JhQA,Standard,7.5,7.5
KNg9w975Djc,Standard,5.0,0.0
WzYd0-JAsXw,Standard,-1.0,-1.0
V841b7QFPD0,Standard,5.0,0.0
jPCc1fOvIWg,Standard,8.0,9.0
UvHK-5PfZFo,Standard,-1.0,-1.0
LawLLai614M,Standard,2.5,6.0
KTVNYWvQxdA,Standard,-1.0,3.0
VXUh5YTGAQI,Standard,7.5,7.0
GbeFgEY4_Us,Standard,-1.0,-1.0
A4SQekfKapE,Standard,5.0,0.0
1TIMM3BSF5Y,Standard,-1.0,-1.0
GZ1GiyV_1JI,Standard,6.0,8.0
jzse8Fk-CeI,Standard,5.0,0.0
btQwRHrsBVo,Standard,7.0,0.0
A_f-WseXzc0,Standard,8.5,9.0
7lIgOgWdrtM,Standard,8.5,9.0
3QWbyAAePgk,Standard,6.5,6.5
pGMCAYIru30,Standard,-1.0,-1.0
XFqbdTWXSEc,Standard,-1.0,2.5
u9xvQhztlbg,Reaction,8.5,9.0
8Vg3lEVBfUI,Standard,8.0,9.0
hACt2W1SLj0,Standard,3.5,0.0
eisuW3FKJzk,Reaction,8.5,9.0
qx9LuuwVthQ,Standard,-1.0,-1.0
Wqm1uBFYg-g,Standard,-1.0,-1.0
1-iI_hqeP6M,Standard,2.5,2.5
gYeoFQUUn4Y,Standard,8.5,9.5
WfkVDOcALPE,Standard,5.0,0.0
-5p4ib-GIbE,Standard,7.5,8.5
g3qCgO9_Vk8,Standard,2.5,0.0
TBjxseKUxP0,Standard,1.5,9.0
XAfxU6pG0mI,Reaction,-1.0,-1.0
T2mCW1MQttY,Reaction,8.0,9.0
yfJh3pUhtbQ,Standard,5.0,0.0
nhn_0-Eup8o,Standard,7.5,8.0
-RydwaP4r0g,Standard,5.0,0.0
1lP14rZfHHE,Standard,5.0,1.0
6MysNZGT3uc,Standard,7.0,0.0
-cqvfjWqYD8,Standard,8.0,8.5
v7IRWHY-1n4,Standard,5.0,0.0
9UDQai9UBbI,Reaction,8.5,9.0
qy8GaBTMJY8,Standard,2.5,0.0
QMwFhK-RqOM,Standard,-1.0,-1.0
VGgnnFk3jjQ,Reaction,-1.0,7.5
gjMdiCLamqs,Standard,7.5,8.0
wunQTZrxj4Y,Reaction,7.5,8.5
CPFyWSn265U,Standard,8.5,9.5
2ezsBxaspBs,Reaction,-1.0,3.0
Cg17rBDsWK8,Standard,7.5,0.5
thFxaAXP0g0,Reaction,6.5,6.0
pAbORlcPlo0,Reaction,1.5,6.5
dqfhxi_zP68,Reaction,5.0,0.0
vsWhvuqhf8g,Standard,5.0,0.0
KJxhjWmPOlY,Standard,5.0,0.0
PfQgoOw5HJo,Standard,2.5,1.5
mWyhS6zhdk8,Reaction,2.5,7.0
Bo0O1K1snJk,Standard,5.0,0.0
PMStKRxCZVI,Standard,8.0,9.0
jzkCnfGmJ4w,Standard,5.0,0.0
TerNM2Gu194,Standard,6.5,0.0
7a4eV049B0A,Standard,7.5,8.5
_JMpVGRRWlM,Standard,7.5,7.0
73BI-SRsi7c,Standard,1.5,7.5
2pwq2FZhsWM,Standard,8.5,9.5
oXprTsVJ7kY,Standard,7.0,0.0
c3XqzqsCF08,Standard,6.5,8.5
ZZ_f_MZywC8,Standard,-1.0,-1.0
7SyfRaRoz6M,Standard,7.5,7.5
qzNeTCZpoik,Standard,3.5,0.0
vhKIzcPywDI,Standard,5.0,0.0
PtWMolukUF8,Standard,3.5,0.0
vqM042nzWDs,Standard,7.5,7.5
eIuYmoTgLU4,Standard,7.0,7.5
6NGT-UP9Hj4,Standard,4.0,0.0
XjU4E7spzd8,Standard,-1.0,-1.0
pPQWW_bVkK4,Standard,-1.0,-1.0
W6dSciON5tU,Standard,8.5,9.5
TtA_ESVwlTQ,Standard,5.0,0.0
u6O9keavO1Y,Standard,5.0,6.0
4oxxZbJRh8E,Standard,5.0,0.0
UiSIhEIXQJ0,Standard,-1.0,-1.0
JdTI_6TgEnY,Standard,-1.0,-1.0
Bs3s9Mmv8Us,Standard,5.0,0.0
mJ5UEJ1Q00E,Standard,3.5,0.0
WEdXxnTSLFY,Standard,5.0,0.0
NkwkQWhTmmA,Standard,5.0,0.0
3DOCN9VKMc0,Standard,9.0,10.0
ZjQGLE_7J5c,Standard,4.0,0.0
0RJWjNfc-_o,Standard,5.0,0.0
PzzJQBT3pL0,Standard,5.0,0.0
qnT1lAnVm00,Standard,8.5,7.5
wBkRe9HhfCQ,Standard,5.0,0.0
UhWSVd0nyxQ,Standard,2.5,0.0
UtsvTB5VNEI,Standard,-1.0,-1.0
D0cKe3Yvc1E,Standard,-1.0,2.0
JGB0jiTx_1M,Standard,7.5,9.0
zlRh-pSCh14,Standard,6.5,6.0
2QqbGzFV1X4,Standard,8.5,9.5
qWcYEPzOjFE,Standard,-1.0,-1.0
f8Nu89d4sms,Standard,2.5,0.0
e1l4J5M1vBc,Standard,8.5,8.5
m-ptM3a6S54,Standard,-1.0,4.0
f_QCneF700U,Reaction,-1.0,-1.0
U5MpK3pGoZo,Standard,-1.0,-1.0
uoUhDYq7wJ4,Standard,7.5,6.0
-7ToY9d_pLA,Standard,-1.0,-1.0
wP2xakpiA_I,Standard,7.5,8.5
R5WrFVW4tmc,Standard,7.0,7.5
b918eJwrwsY,Standard,7.5,6.0
G6V__m3AIUw,Standard,6.0,1.0
EVxIkJxPdz8,Standard,6.5,0.0
M-jNj0TMP1E,Standard,5.0,0.0
aFHlR1MR3Io,Standard,8.5,9.0
xWlSdclxkO0,Standard,5.0,0.0
ehfKPooubfU,Standard,8.5,7.0
tKUzZYGn_is,Standard,8.5,8.5
98zPSP92ob0,Standard,-1.0,-1.0
4HPcpgjbBe4,Reaction,9.0,9.5
qSNjSuHSLlY,Standard,5.0,0.0
-W051xmBVsI,Standard,3.5,0.0
7k9gONjyp8Q,Standard,2.5,0.5
fUDB2J8DL2g,Standard,3.5,2.5
59rt7nnNUgE,Standard,5.0,0.0
iebqwqUxXOY,Standard,6.0,5.0
lVYJKEHcjas,Reaction,-1.0,8.5
aO_eDHs7nvs,Standard,5.0,7.0
euysQZXnGZU,Standard,7.5,8.5
ZCA2QMuT7m8,Standard,-1.0,-1.0
3wb5ujGNZVU,Standard,5.0,0.0
2Ch86L6g7WY,Standard,6.5,9.5
ZzWlIE3027c,Standard,-1.0,8.5
dJabC0t13-w,Standard,8.0,9.0
k9TQAWxXsoQ,Standard,5.0,8.0
1ikAzSZwoQY,Standard,9.5,9.5
WqLcX8_knH8,Reaction,7.5,7.5
ufHIbdCN7f0,Standard,2.5,0.0
dN9DAmokFdM,Standard,7.5,8.5
8GipOJ5ygPk,Standard,5.0,0.0
qbYjWSGplrE,Standard,2.5,8.5
t-r8cawaq4Y,Standard,1.5,1.0
CS1J5YHYpBs,Standard,8.0,9.5
M2YC4jmCeHs,Standard,3.5,0.0
NasAhLAkoEk,Standard,-1.0,-1.0
C93r1Q-4R2I,Standard,8.5,9.5
kNW46fqo2Co,Standard,9.0,9.0
Tu1fvQDecSg,Standard,8.5,8.5
V2VE4fPkoMQ,Standard,7.0,1.5
JGcNl8xdJPY,Standard,5.0,0.0
rJnQyQqRwPc,Standard,5.0,0.0
9bQ4RL6JAso,Standard,5.0,0.0
EfLZ75dNP9k,Standard,8.5,9.5
r1PzMhbsK4c,Standard,8.5,9.5
E7si4LGvf74,Standard,5.0,6.0
go4-2jZ5FTg,Reaction,-1.0,-1.0
N9dxNQ6NmZA,Standard,-1.0,-1.0
iDbZW1vfBBY,Standard,5.0,0.0
wyQwf7T1Y9Y,Reaction,9.0,10.0
tMQEp1y7mmE,Reaction,9.5,10.0
sumZNB_RY7E,Standard,5.0,0.0
JtoCcAr8nG8,Standard,5.0,0.0
veWQlenwZ_4,Standard,3.5,0.0
DdvGND5gdAQ,Standard,5.0,0.0
pj1lzPNIJSk,Standard,3.5,2.5
O7WSXhOjKvU,Standard,5.0,0.0
ivqDWEL9_uI,Standard,5.0,0.0
csEbASB4wB4,Standard,3.5,7.5
KAJWfmaVZ4E,Standard,-1.0,-1.0
t-ORrjHdHFk,Standard,-1.0,-1.0
PZ5cxuvsRdE,Reaction,-1.0,7.0
_ezOaxW3DY8,Standard,5.0,0.0
8vuTB7jQSik,Standard,6.0,0.0
_hE0GJ-PYQ8,Standard,3.5,0.0
16_uObGL_Xs,Standard,5.0,0.0
Q_n1I9gpHoQ,Reaction,7.0,8.5
VtzdN6ROh9I,Standard,7.5,6.5
vnP0sGkqKGA,Standard,5.0,0.0
0T3LqhC3QxQ,Standard,-1.0,-1.0
u6sSNKNrXSs,Standard,5.0,0.0
7MoGJ3WDPyQ,Standard,5.0,0.0
UQHh1HFtjYI,Reaction,8.0,9.5
pTiz5FiQ9UI,Standard,5.0,0.0
Nb8_32ijOj4,Standard,5.0,0.0
000-s-B1GEs,Standard,-1.0,-1.0
6tMnGvoGtfc,Standard,5.0,0.0
fAnh3rVS6ks,Standard,-1.0,-1.0
_hED4uN6j0Q,Standard,5.0,0.0
boSxgOBaxY0,Standard,-1.0,-1.0
qKGpIORUHSA,Standard,8.5,9.0
Wrp9X9ydyGQ,Standard,5.0,0.0
76VHo9L0t2Q,Standard,7.5,8.5
_0x8wnc7URg,Standard,7.5,6.0
-F7jelNl11g,Standard,7.5,8.0
XAzVmDf-674,Reaction,8.5,9.5
cqV0LbalkQU,Standard,5.0,0.0
1UOPHozMPmA,Reaction,6.5,6.5
-GG7DqN_O0I,Standard,9.0,9.5
itvuEN-ApQg,Standard,9.5,9.5
sefvI9XiYUU,Standard,2.5,0.0
fz_oCwMhCIU,Reaction,-1.0,-1.0
Qx-9JGsKPYA,Standard,5.0,0.0
vq_evHN9yJQ,Standard,-1.0,-1.0
r-lMd4YWf9E,Standard,5.0,0.0
xTi5_LeZ2vw,Standard,-1.0,-1.0
2Q-Jppfw6eY,Standard,8.5,9.5
agLMPCwWbms,Standard,7.5,7.5
6QMyUtEZKtU,Standard,6.0,6.5
5KuYojbhUDo,Standard,5.0,0.0
CNkXbYXebiI,Standard,7.0,6.5
BBzROxah3dI,Standard,5.0,8.0
XSuM3I5pDgY,Standard,5.0,6.5
o6f8a3v0JDI,Standard,-1.0,-1.0
LtQXZVDjeT4,Standard,1.5,1.0
_VyIUJwjjFQ,Standard,4.0,0.0
o8vt7ecOyiU,Standard,3.5,0.0
eZ3HK5UBEHo,Reaction,7.5,8.5
VN4cB_-6xMI,Standard,8.5,9.0
YJlevNuGxTE,Standard,-1.0,-1.0
gBUecUs5j14,Standard,7.5,0.0
9UytcN0Tl8k,Standard,-1.0,-1.0
JwiKYxwH82A,Standard,6.5,0.0
Bgdk7KOqvM8,Standard,-1.0,-1.0
bxnu5Z42ydI,Standard,-1.0,-1.0
cKWrSmZ3F4w,Standard,8.5,6.5
HA5fCw7QBPA,Standard,7.5,8.0
CvRX8qZ5l_Q,Standard,2.5,7.5
IK8zdMHp1Dg,Standard,-1.0,-1.0
yj8BXhayQuQ,Standard,5.0,0.0
gXMaBjM6xBQ,Standard,5.0,0.0
_yHbrsOXGnI,Standard,7.5,7.5
urYJE9HwX10,Standard,8.5,7.5
HVYyv43B0E0,Standard,5.0,0.0
eQuMannO42Y,Reaction,-1.0,8.0
tgmRBPlJNiU,Standard,5.0,0.0
KqAAz9-O4E0,Standard,3.0,6.5
eI3S4oyHI7M,Standard,5.0,0.0
RevY166CtHM,Standard,3.0,5.5
gEsaH0wpqKs,Standard,-1.0,-1.0
zGUr86YD2hc,Reaction,7.5,7.0
PDG5RHeKa14,Standard,3.5,6.5
j-vlACJqAYY,Standard,5.0,2.0
FysGdUrAQvo,Standard,-1.0,-1.0
AR5gVxsfpSU,Reaction,8.5,9.0
pVmoBviQu0k,Standard,-1.0,6.5
fTktSMg2ga8,Standard,5.0,0.0
chvEYpnlvhs,Reaction,8.5,8.5
MtJ9HimOiQE,Reaction,8.5,9.5
VDMWNXnPQiM,Standard,3.5,1.5
hPorQHuXwH8,Standard,9.0,9.5
nt-Yo1onLoU,Standard,7.5,9.5
H6_xqcO1Bw4,Standard,5.0,0.0
gA3pzcvX6q0,Standard,5.0,0.0
2A90Ex6Prnk,Standard,2.5,0.0
GgJ_35Z7ynQ,Standard,-1.0,1.0
z0lhiMAyNvk,Standard,-1.0,-1.0
r8mOD8GXNDQ,Standard,7.8,9.2
VwT1skoWYng,Standard,5.5,0.0
-n1YVLH5aTQ,Standard,-1.0,-1.0
0wPqhsPwcFI,Standard,5.0,0.0
66hndq1g2AQ,Standard,8.0,9.0
Qxh8LXNTOQk,Standard,7.5,8.0
afhWpfSfNcM,Standard,-1.0,-1.0
Op6k84Ju9Uo,Standard,-1.0,-1.0
uaHS-5ipW70,Standard,7.5,7.5
PNhO6Bg3z6c,Standard,3.5,0.0
zal0URuLYSg,Standard,6.5,7.0
6kerv3t4joo,Standard,4.5,6.5
nUW8M7KcjXs,Reaction,7.5,7.5
XxhXw43OKCw,Standard,5.0,0.0
GD77aWSkrJ0,Standard,3.5,1.5
vi-v28XHelQ,Standard,5.0,6.0
suEWE4jUD_A,Standard,2.5,7.5
SfT3r9ktzds,Standard,5.0,0.0
4Vh28sOHALA,Standard,5.0,0.0
Lrdou_N69Hg,Standard,5.0,0.0
FZbL9vAC6yk,Reaction,2.5,6.5
vpx4EFngPWs,Standard,3.5,0.0
PlpUCcpHD2E,Reaction,7.5,8.0
N7Zosrqy7eI,Standard,2.5,7.5
MkC8aGbJdLw,Standard,7.5,8.5
oNFgNJnxrdA,Standard,7.5,4.5
GRvWvk0UNQw,Standard,6.0,7.5
m3W5f_TDQ5w,Standard,7.0,8.5
yXEFnvtWACg,Standard,-1.0,-1.0
cdzB5DKYEgo,Reaction,-1.0,-1.0
LwMfyn4mhjE,Reaction,-1.0,0.0
0EAzau0U-TA,Reaction,7.5,9.0
H-LKudbtZh4,Standard,2.5,6.5
4dcce6LpzcY,Standard,7.5,8.5
Q-d3OGqiOQo,Standard,-1.0,-1.0
vk7AGx0T5mA,Standard,7.5,7.5
YvgjtRjG_Fg,Standard,2.5,6.5
9yvN0CVj3Cg,Reaction,8.5,9.5
W1-b1aqca6I,Standard,5.0,3.0
A4UiQ_eyD6U,Standard,-1.0,-1.0
0X_a4pygSw4,Standard,2.5,0.0
_tRiLD5wB4w,Standard,3.5,0.0
coKUtICwooQ,Standard,4.9,2.0
bN2h2feKJH8,Standard,5.0,6.5
01Bxj87HpvI,Standard,5.0,0.0
l2sjSGeFJaQ,Reaction,-1.0,-1.0
GzuwhVd2E-s,Standard,8.5,9.0
-V8CBhOZCQk,Standard,5.0,0.0
B1EeV7JtuSI,Standard,-1.0,-1.0
AwZQ_Eb8gHo,Reaction,7.5,9.5
lJtJZSM9z2c,Standard,-1.0,-1.0
_AEGuZ1juRQ,Standard,5.0,0.0
hNELRTtUbw4,Standard,8.5,9.0
ZP43p_m4hMc,Standard,4.0,7.0
2lRi9iIlzpE,Standard,3.5,0.0
wvoxL3gyOcU,Standard,-1.0,-1.0
w9AzmNwYxlg,Standard,5.0,0.0
NyYDYMQpnbI,Standard,-1.0,-1.0
78lYzm_sasA,Standard,5.0,0.0
iAoZFUhypok,Standard,5.0,7.5
KBrA6r2Cc1Q,Standard,3.5,0.0
i18S9MjY7Hc,Standard,5.0,0.0
sz-fOFBf_Pc,Reaction,8.0,9.0
kJDT1SydJMc,Standard,5.0,0.0
iN3jW4ZBFr4,Standard,5.0,0.0
mTs8JdOuamc,Standard,5.0,2.5
T_jtyHiJ1q0,Standard,7.0,7.0
Ab9mNaVNxsA,Standard,3.5,0.0
sAKqf-BAwtQ,Standard,-1.0,-1.0
q3U8jBUnjsA,Standard,-1.0,-1.0
YkJq0wtIPyw,Standard,5.0,0.0
CITyIgApgqU,Standard,7.0,3.5
liCIxb4quVM,Standard,4.0,0.0
xdRvXAiFQ-4,Reaction,8.5,9.5
O133PAS3-BI,Standard,5.0,0.0
x2TQJ6v20WU,Standard,5.0,0.0
aXxshsaM12I,Standard,8.5,9.5
16z1GcJoYqY,Standard,8.0,9.0
Dr83eAB9b_g,Reaction,-1.0,-1.0
KroUNc6hIyc,Standard,5.0,0.0
32Ysj54-jTc,Standard,8.5,9.5
B-UjzBceAVE,Standard,5.0,0.0
MrC2I_9Wp8A,Standard,5.0,0.0
MbJOQsK42iE,Standard,2.5,7.5
OiWfs12zmY4,Standard,2.5,0.0
Rm1ME9-S9pI,Standard,7.5,8.5
tv7X-pAnBpI,Reaction,7.5,9.0
5-wyjCiadwk,Standard,5.5,0.0
TDWZfVN0ZNs,Standard,5.0,2.0
a-2y7FxvoPo,Reaction,7.5,8.5
AZ3xEKxMiEI,Standard,-1.0,-1.0
gyhjbA-Xk7Y,Standard,8.5,8.5
_p9AyHJTzuw,Standard,8.5,9.0
FY2_IMxRnZo,Standard,-1.0,-1.0
KIxIUX3o8Zc,Standard,-1.0,-1.0
IManT4T5h8o,Standard,5.0,0.0
2xyb-N07abg,Standard,5.0,0.0
vo8U0WbEuoo,Standard,-1.0,-1.0
fJUuoKi4bgQ,Standard,-1.0,0.0
KXLMSnYDChE,Standard,-1.0,-1.0
dq9C4hek_9s,Standard,-1.0,-1.0
I2--OsMZVZk,Standard,-1.0,-1.0
84zkDnflNB0,Standard,5.0,0.0
OfuJeJMUpPY,Standard,-1.0,-1.0
JHJSJLNAnCY,Standard,-1.0,-1.0
snsaPLsoegg,Standard,3.5,0.0
kbJNz0K-KYs,Reaction,3.5,0.0
T0NI78jWgEc,Standard,7.5,7.0
LK1WQPT56nA,Standard,5.0,0.0
jTSi1meGwLQ,Standard,5.0,0.0
i9V3Z-b4A9o,Standard,7.5,7.5
r3dUIqaHib0,Standard,5.0,0.0
H7KbGcePTh4,Standard,8.0,7.5
TAgRBL-VF5U,Reaction,8.5,9.0
vO_TSFrecYE,Reaction,7.5,9.5
vT57VeVkRik,Reaction,7.5,8.5
FP8h6rzgOQ4,Standard,5.0,0.0
QegX9hBu1tw,Standard,-1.0,-1.0
OBoIXH_CSVs,Standard,-1.0,-1.0
hKlhkGW98is,Reaction,7.5,8.5
bHrZN8VJkAs,Standard,-1.0,-1.0
9_29rkPtThQ,Standard,5.0,0.0
XFlunjc1F4k,Standard,-1.0,-1.0
Zw0ihmWGX4U,Standard,-1.0,-1.0
thagKAJ0368,Reaction,7.5,9.0
hjeOswZnmdY,Standard,5.0,6.0
_lutrnFdTuo,Standard,5.0,0.0
u4cKTudYIxE,Reaction,7.5,8.5
gntgW3RrEsg,Standard,7.5,9.5
knsYuRQWllw,Reaction,-1.0,7.5
QF339Bh3uDs,Reaction,3.5,1.0
9IEbOFXhPTc,Standard,4.0,0.0
1C47i-OrZ_Y,Reaction,8.0,8.5
K694cGBqU40,Reaction,-1.0,7.5
Yfn8s5yv5bg,Standard,8.0,9.5
WbuspmYmh_c,Standard,5.0,0.0
-4-6mleId9E,Reaction,-1.0,7.0
To_RuoZsTVc,Standard,-1.0,-1.0
vbb__BAVDLE,Standard,5.0,0.0
KImQRPVtRyc,Standard,9.0,9.0
clGJQyyeivA,Standard,-1.0,-1.0
yPBH0t0HfyY,Standard,9.0,9.0
jpXuLkEFmGY,Reaction,8.0,8.5
FoomzOjz-nM,Standard,5.0,0.0
P5O2lZN9W5g,Standard,5.0,0.0
z3Ytf45mUvA,Standard,8.5,8.5
tOE8U9iYmO8,Standard,5.0,9.0
lXrRcNp7GG8,Standard,-1.0,-1.0
9tuaAD5RTPc,Standard,-1.0,-1.0
JOlUaVgDgio,Standard,7.5,8.5
SybR-aIqp-8,Reaction,-1.0,-1.0
ZyB0rmZyoCM,Standard,-1.0,-1.0
syhWJCkGR-0,Standard,-1.0,-1.0
XSuNQwrYEhg,Standard,2.5,6.0
nfKF1F1icec,Standard,-1.0,-1.0
I2N4Jbrc2R8,Standard,5.0,0.0
pmhiqZUkKBU,Standard,8.5,8.5
v135YaKAQyI,Standard,6.0,7.0
PsOvaU5cKu4,Standard,5.0,0.0
eh1Xxdgpj0k,Standard,-1.0,-1.0
zyBphLjP__w,Standard,8.5,9.0
J2v49IUiBJ8,Standard,4.0,0.0
GhyjQfLSeps,Standard,-1.0,-1.0
KFh5Gn4k6w0,Standard,-1.0,-1.0
KGkrBNM7SJ4,Standard,5.0,0.0
YNnag8ckG5o,Standard,8.5,9.5
Baa4we_sFzg,Standard,8.0,9.0
yA3Vuoux6Aw,Standard,5.0,0.0
fodHuZNb5Tg,Standard,-1.0,-1.0
Rdx0usARLlc,Standard,-1.0,-1.0
YouJzm0xcLw,Standard,3.5,1.0
PRDS3ZEj9O8,Standard,4.0,0.0
z17sb7zMCaA,Reaction,-1.0,8.5
hyksDvpPH6E,Standard,5.0,0.0
xB2cEp8LdqQ,Standard,-1.0,-1.0
LzfVnR_3rMY,Standard,8.5,9.5
kvJLs_mId8Y,Reaction,2.5,0.0
yhoXFuTyFes,Standard,8.5,9.5
-Ici0C-Ftt0,Standard,5.0,0.0
V8_DpocAEek,Standard,5.0,0.0
iXsuSxIa6EA,Standard,7.5,8.5
wieOlvN-ONU,Standard,8.0,9.0
U2mAzLJk7Fc,Standard,-1.0,0.0
IN7io0DF-R4,Standard,1.5,7.5
WQ2kHXeo1Sk,Standard,-1.0,-1.0
ZNFyyi3kp60,Standard,8.5,8.5
xJGhGFAGSk0,Standard,5.0,0.0
mZAlXgiF8Co,Standard,-1.0,-1.0
mTFc49sDLeM,Standard,-1.0,-1.0
BWTrfM3nHgc,Standard,-1.0,-1.0
f74EexcZqFY,Standard,-1.0,-1.0
Mbq1sxkV1R4,Standard,3.5,0.0
utbc9yHfPCk,Standard,8.5,9.0
e2ssOO71t2g,Standard,5.0,0.0
429sh60pB7o,Standard,5.0,0.0
B71c5T3JWyk,Standard,-1.0,-1.0
R2gQ0b7LxII,Standard,5.0,0.0
xm5ypNYYTMk,Standard,3.5,0.0
BPdBHOcFTlo,Standard,3.5,6.5
iHu5aEb8Ykw,Standard,7.5,4.5
N6DkjfngVHY,Standard,5.0,0.0
N_UQ4nbWx4U,Standard,-1.0,-1.0
uZv9gpon3S8,Standard,-1.0,-1.0
bP9gFHuYvcs,Standard,8.0,9.0
pOkNrvB63pc,Standard,5.0,0.0
f-YHZOjNHYM,Standard,5.0,0.0
LqJflmZNpkk,Standard,5.0,0.0
4fpU-TNzha0,Standard,5.0,0.0
Jbd2-GGQavA,Standard,-1.0,-1.0
shhZd_MET70,Standard,4.0,4.0
gLlrnvB-lCk,Standard,3.5,0.0
RlpuW0NFhBE,Reaction,2.5,0.0
uPMav0Hl-EQ,Standard,5.0,2.0
EHQ3E45IC0A,Standard,7.5,7.5
39IMkjbuWWQ,Standard,4.5,6.5
fyq-Pj8C6-A,Reaction,7.5,9.0
Q0NkasFiXzQ,Standard,-1.0,3.5
iXAiXWYlpXM,Reaction,-1.0,-1.0
M2JfiSVNj0s,Standard,5.0,7.0
5ANVDF8v6T8,Standard,7.5,6.5
tfE1j06YNUQ,Standard,5.0,0.0
tn5AJlV7pcY,Standard,5.0,0.0
AfVPRfiX-iM,Standard,-1.0,7.0
K4gC5CP-n34,Standard,-1.0,-1.0
ioLfSJCreT0,Standard,5.0,0.0
ydOsOOoKOO8,Reaction,6.5,5.0
lxdWe9BKlF8,Standard,5.0,0.0
oaenogk5wCk,Standard,8.0,9.0
BOnDXqGKceA,Standard,8.5,7.5
P0s1dcW3Y_w,Standard,4.0,8.5
ZfUCuk4fWoU,Standard,4.5,0.0
QqO9u7Dnwcs,Standard,-1.0,-1.0
0QlCCnhT1NY,Standard,8.0,7.0
TG_SR9I7YGE,Standard,-1.0,-1.0
0NXOorRc54o,Standard,5.0,0.0
8PJLD3zu1iY,Standard,-1.0,-1.0
PSV11sj_fVw,Standard,-1.0,-1.0
VbIu4GVjfq4,Standard,5.0,6.5
LsNGTE9xJLU,Standard,9.0,9.5
Mql-dy6Ju8k,Standard,7.5,8.5
xB5rL77woVc,Standard,-1.0,-1.0
2Hy8-mRUhRU,Standard,5.0,4.5
mAQYHAwEILQ,Standard,7.5,9.5
XcgS4gePW1Y,Standard,5.0,0.0
VuzdhI_iics,Standard,-1.0,-1.0
OGIANtluqcU,Standard,-1.0,-1.0
smMbc18I8bk,Standard,5.0,7.5
kOF-nlZ3Xu4,Standard,5.0,0.0
d-fFAAfWyQk,Reaction,7.5,7.0
gpuPSHyGW98,Standard,5.0,0.0
OObv1VCOCCs,Standard,4.0,8.5
Jt-mfWOJt-E,Standard,-1.0,7.5
x7QzoWhC7hU,Standard,9.0,9.5
92x3YL7ifUA,Standard,5.0,0.0
JJtxQ6iGgUc,Standard,2.5,7.5
Pj-SNG_4Bdc,Standard,5.0,0.0
LN9DchJofaY,Standard,4.0,0.0
tZ7kQ3uamic,Standard,5.0,0.0
DOxkr0toI4U,Standard,-1.0,-1.0
7huW7HLSgYc,Standard,5.0,0.0
3LaRA0SV_nc,Standard,8.5,9.5
TOZBxT6eCPY,Standard,7.5,8.5
-WXNE25f-U0,Standard,6.0,3.0
qTgn_B0zN1Y,Standard,8.5,8.5
vleLIIdMCyk,Standard,-1.0,-1.0
Gwj6M8nnMdo,Reaction,6.5,8.5
HAODb-dDWR8,Standard,7.5,7.5
NZ7J0xjifR0,Standard,-1.0,-1.0
FYODZYsjjJ8,Standard,8.5,9.5
H2vAbxPVNRc,Reaction,-1.0,5.0
JPsa1BjEEQQ,Standard,5.0,0.0
_JslpWl5Cvk,Standard,6.0,8.5
vw4yMcY9RZY,Standard,5.0,0.0
0CZ1oZRL3w8,Standard,-1.0,-1.0
GNeRIfI3cJU,Standard,-1.0,7.0
hzXYHbJ8aWE,Standard,5.5,0.0
FC9AjH5hre0,Standard,5.0,0.0
uWrzjZjGRpI,Standard,7.5,8.5
bVlApn_RXPI,Reaction,8.0,9.5
aEDcovUL_rs,Reaction,7.0,2.5
aTZaMD7aR-Y,Standard,6.5,7.5
9UZYzYPRNUs,Standard,8.5,9.0
DjaRa1bn7iA,Standard,5.0,0.0
YVWDBugPUu8,Standard,7.0,8.5
NBSV1k-Ttao,Standard,2.5,6.0
ch_78XUXA7I,Standard,3.5,0.0
NARTf7pyNic,Standard,9.0,9.5
ePGs3uBZzYg,Standard,1.5,8.0
ihQ85j-scVg,Standard,9.0,9.0
DsvO7JXq52g,Standard,6.5,3.5
Xx-eMeDB7C0,Standard,-1.0,-1.0
Sw8H_lS90z0,Standard,-1.0,-1.0
NKLbctXIx0k,Standard,5.0,0.0
4k8wzP2RKws,Standard,1.5,8.0
RHUenBjy3B0,Standard,7.5,8.5
rRVuRkDmTz4,Standard,7.0,0.0
drJALGbb-U8,Standard,8.0,5.5
QLbLMmcpAO4,Standard,5.0,0.0
ox7Ef0MqYZM,Standard,7.5,6.5
d9Glb8UH4ZQ,Standard,7.5,6.0
TIUs-MfgSE0,Standard,-1.0,-1.0
rqaRmiYR5co,Standard,5.0,0.0
7fWg9K7QU98,Standard,7.5,8.5
7UoH2znFAMI,Standard,2.5,0.0
29tYaJF1RC4,Standard,7.0,6.5
MW4t_VDg8-o,Standard,-1.0,6.0
cot_jBBivWU,Standard,5.0,0.0
jGN3WAvLtig,Standard,6.0,7.0
pSDIprPwzwc,Standard,5.5,0.0
LxBpCQ6Ox48,Standard,5.0,0.0
cZBowsZl5XI,Standard,3.0,0.0
zfp5ibFz78Y,Standard,7.5,9.0
5I5yECP8nzc,Standard,5.0,0.0
DStbEmZywfI,Standard,-1.0,-1.0
6eA4xSaYSos,Standard,-1.0,-1.0
C6xCtuEcPUA,Standard,6.5,1.5
Q-r1R8jsC7A,Standard,-1.0,-1.0
U1L_j4Nowuo,Standard,5.0,0.0
soVJyCEM4Ic,Standard,4.0,0.0
Rq5l_PqAL_g,Standard,3.5,7.5
zLPfZqZJCwY,Standard,7.5,6.5
kMrBmub4-k8,Standard,5.0,0.0
XJ2H1OE54D4,Standard,3.5,0.0
T0DT-4Vi080,Standard,5.0,0.0
amNo6D4tIDc,Standard,-1.0,-1.0
tjoSrfrzieM,Standard,5.0,0.0
gi9vzvkbOTo,Standard,5.0,0.0
AJBlkFzw5FQ,Standard,8.0,9.0
4XpmE8nuOT4,Standard,4.5,7.5
8nP5ys-QLZw,Standard,7.5,8.5
6r-Wl2gFZ58,Standard,8.0,9.0
-c-oK6Ep0tw,Standard,-1.0,-1.0
olwgjsfBGtQ,Standard,8.0,8.5
I0FhHcuw-8k,Standard,2.5,0.0
ZC81nIeuEuU,Standard,5.0,0.0
ejyF61dgLhQ,Standard,2.0,7.5
a10MoMASGu0,Reaction,8.0,8.5
-KcDsT-sX7s,Standard,3.5,1.0
4Turt1bFBgg,Reaction,2.5,0.0
WdBcZyNbIRQ,Standard,7.0,6.0
kWqHhHj8fzA,Reaction,8.5,9.0
zuWee_tPYTU,Standard,-1.0,-1.0
bB3XRvS0lwU,Standard,8.5,9.5
V_sgIMXhhc4,Standard,3.5,7.0
baHP3dg1CYs,Standard,8.5,8.0
PvmqdIxZ2W4,Standard,4.0,0.0
wBJWsmWpWUg,Standard,5.0,0.0
mtj4G0CCH1s,Reaction,-1.0,-1.0
efuU8YX5Ze4,Standard,5.0,0.0
WWklJN_9Ohs,Standard,7.5,6.5
sRL1CfIPO2Y,Standard,3.5,0.0
AzuwPMuhvrY,Reaction,6.0,8.5
bJtXgKMomRE,Standard,2.5,7.5
Yv2rR0y_kB8,Reaction,7.5,7.5
BMt3KUWecE8,Standard,7.5,9.0
UcUTnwqJsSk,Standard,6.5,4.0
BxCckDSrYDQ,Standard,7.5,6.5
m0-IlsWtdqc,Standard,8.0,9.0
zLKyOHfiNbQ,Standard,1.5,0.0
xlDqSHqAUgI,Reaction,-1.0,5.0
O6v8jv4CTM0,Standard,-1.0,-1.0
YGgIbHWaBLA,Standard,7.5,9.5
vHAsrODdlP0,Standard,-1.0,-1.0
HpMqq6y3GGg,Standard,-1.0,-1.0
_-2OxCh8j-w,Reaction,2.5,7.0
efyzdz6u7zk,Standard,-1.0,-1.0
MtGpg8T4SU0,Standard,5.0,0.0
jspiPLoHqac,Standard,-1.0,-1.0
IPjSAToUgls,Standard,3.5,1.5
0HVUsrJZC0w,Standard,5.0,0.0
EeggId5u8PQ,Standard,-1.0,-1.0
RSP3FvGhqn8,Standard,5.0,0.0
VbbSJSHky2A,Standard,5.0,0.0
GH31JZFfpss,Standard,9.0,9.0
_6J2-shT7OA,Reaction,-1.0,-1.0
LmjltLt-Z08,Standard,7.5,8.5
jGyzP3ndNnE,Reaction,5.0,7.5
xwn2cHApgQY,Standard,7.5,7.5
iqPSkRWeqkc,Standard,-1.0,-1.0
qnOFXmm_gKM,Standard,8.5,9.0
SM8wVnDWzA0,Standard,5.0,4.0
yA5H2P4ln-I,Standard,7.5,7.5
g03UUj8Qzt4,Standard,-1.0,-1.0
P1ipqpEtimw,Standard,7.5,0.0
_qOxsJ3GUSo,Reaction,3.0,8.5
rg2tC7jxN_Y,Standard,-1.0,-1.0
_XQ9LVVbvUQ,Standard,5.0,0.0
BVZX7E72KQE,Standard,6.0,0.0
wvX-psK3tpg,Standard,9.5,9.0
5yUFqq1K6Hs,Standard,7.5,6.5
q_8M7CLcRNQ,Standard,5.0,0.0
7V5i9SwLaNY,Standard,7.5,7.5
RecjKX_NT8s,Standard,-1.0,-1.0
GOTa1a4Vaq0,Standard,5.0,0.0
ysRTV8Hr6AQ,Standard,-1.0,-1.0
5VWHaG1jrmE,Standard,5.0,0.0
WyiY1ThXRP0,Reaction,-1.0,7.5
SridENiHAeM,Standard,3.0,8.5
ViMViNVL9EQ,Standard,5.0,0.0
vfFJ77mkFf8,Standard,-1.0,-1.0
6wLGqakY-fk,Standard,6.5,6.0
Jg1zv1-NyNo,Standard,8.0,9.5
tsC_XYUWUAg,Standard,1.5,6.5
3iFe_kmNsHY,Standard,6.5,7.0
fqFXD8PrFKU,Standard,5.0,0.0
i2SqWWq5Br8,Standard,8.5,9.0
YShqieZashQ,Standard,8.5,9.5
iNKVOwEQpfk,Reaction,5.0,4.0
8OS_gmv4Ml0,Reaction,-1.0,-1.0
bCa-SBHUT24,Standard,5.0,0.0
yjZAEN_Ld84,Standard,8.5,9.5
BM8qIp_t4mI,Standard,5.0,0.0
YcTJrkfvrEk,Standard,5.0,0.0
HkoGAQ4uagg,Standard,2.5,0.0
JU28tGzYnvA,Reaction,7.0,8.0
TXq5yNcjkcs,Standard,5.0,0.0
bFzdvf8hOI0,Reaction,-1.0,8.5
fg9mMm8aYO8,Standard,8.5,9.5
PJPBLF_521E,Standard,5.0,0.0
Pda-REILqjg,Standard,5.0,0.0
WXeeYZ9wY1Y,Standard,-1.0,-1.0
btqrirCERk4,Standard,-1.0,-1.0
zARIVD6dP8Y,Standard,-1.0,-1.0
AElVgXHiiqY,Standard,7.0,8.0
KAjljmu4mUc,Standard,4.0,8.0
-EKjEbn7FNo,Standard,-1.0,-1.0
-QDZZNmOdBw,Standard,5.0,2.0
Ykd1huuKzL4,Standard,5.0,0.0
2l9YyRBKlNQ,Standard,-1.0,-1.0
mbeYvjOxz30,Standard,-1.0,-1.0
-3qx-X_Q5Ow,Standard,7.5,7.5
AL6B7VaCGjI,Standard,-1.0,-1.0
tiCZsbEe-hI,Standard,8.0,9.0
4zTrK95Ar_w,Standard,5.0,0.0
5udLpjp5Ww0,Reaction,-1.0,-1.0
SFYMNns_2zg,Standard,5.0,0.0
zro6fT3Ih88,Standard,5.5,1.5
Yft6f8KbMMY,Reaction,-1.0,-1.0
ZTQCOUWibdo,Standard,5.0,0.0
-jgP7666fNM,Standard,5.0,0.0
0Q4d-YAx_1M,Standard,7.5,7.5
pOc_aj5KJxA,Standard,8.5,9.0
hVL6j55pp-4,Standard,-1.0,-1.0
H1Gz5qLQMcI,Standard,7.5,8.5
imHdPRb56_M,Standard,6.5,1.0
5_S1gc9U_Ww,Reaction,9.0,9.0
kXZkynAO2Iw,Standard,5.0,0.0
HtbjDkZiync,Standard,8.5,9.0
1mv8GVl937s,Standard,2.5,0.0
alvTJgYgafc,Standard,8.5,9.0
rj72FS8t1IM,Reaction,5.0,0.0
bVXCyBo4HGk,Standard,5.0,0.0
wLnrDzt8GvI,Standard,5.0,0.0
j6V0DvJU6Hg,Standard,2.5,5.5
j8tPYqDZ8cY,Standard,7.5,9.0
0JbQIvP_Ozo,Standard,9.5,9.5
bla4OtRSN38,Standard,7.5,8.5
ZzNxr2J0O-E,Standard,-1.0,-1.0
nRFmjskjUFo,Standard,5.0,0.0
RVzTDCQAaR4,Standard,-1.0,-1.0
i6GEWqgtlAA,Standard,7.0,6.0
pIbXPXhS5Os,Standard,3.5,0.0
JTJQQyaOTAI,Reaction,7.5,7.0
_dchUpTTC-Q,Reaction,1.5,6.0
LS-GeqzQyJ0,Standard,-1.0,-1.0
tTAShXbTQjk,Standard,-1.0,-1.0
gx7tF2-Pn00,Standard,6.5,9.5
O8WvkKAKDsc,Reaction,8.0,9.0
tGuJu1wSv3g,Standard,7.5,8.5
mdEZ4-DcSNs,Standard,-1.0,-1.0
mxj6yu0YPFE,Standard,-1.0,-1.0
wpJByIviXWU,Standard,7.5,8.5
p_zjQVdnkHo,Reaction,5.0,8.5
o5nHvdfzR2k,Reaction,-1.0,-1.0
bV7Yri4tmVY,Standard,-1.0,-1.0
W0ygfpfg4Z8,Standard,-1.0,-1.0
6ZO2E3E3Ygk,Standard,-1.0,-1.0
fp0SnJnKSH8,Standard,-1.0,-1.0
8H135AnkzC8,Standard,5.0,0.0
IWWZnosLzBo,Standard,3.5,6.0
GJjVXDzKShQ,Standard,2.0,6.5
SbFrOAUP2Qo,Standard,5.0,0.0
0Xl550ncFpE,Standard,5.0,0.0
h8AsgKOV60w,Reaction,2.5,3.5
Bg5YzWxi2tI,Standard,5.0,0.0
nKH1Z96jPR4,Reaction,2.5,0.0
NqxXA451xZE,Standard,-1.0,0.0
9ZflJJ_jYuA,Standard,-1.0,-1.0
hlMyRE5Ss7M,Standard,-1.0,-1.0
Vhb_TmOZ8tE,Standard,5.0,0.0
VhrfaSZlMLg,Standard,-1.0,-1.0
i_UhFqO6p5Q,Standard,3.5,7.5
JSt-0RLUiTY,Reaction,-1.0,-1.0
vm7KQf6Li1s,Standard,7.5,5.5
L1OSOtt18G0,Standard,2.5,1.5
f8Gvr57cLU0,Standard,-1.0,-1.0
Ot4a-r-Md6A,Standard,-1.0,-1.0
TvvDQM5z2Qk,Standard,5.0,0.0
-eJ10qPUewA,Standard,5.0,0.0
bzn58BZCz-Y,Standard,-1.0,-1.0
KSUDQrOYu5U,Reaction,6.5,5.5
x6_5JQ4yLbg,Standard,5.0,0.0
y11nPDn24fA,Standard,7.5,1.5
nKoANx4SRvg,Standard,7.5,6.5
hQL-eeWCrkw,Reaction,7.5,8.5
2ujWYocyDYk,Standard,7.0,1.0
k9uhVx472YE,Standard,-1.0,0.0
H9s3Na8C-5o,Standard,7.5,7.5
BlC3cp1NOqA,Standard,5.0,0.0
eU-NdJdzJNo,Standard,5.0,0.0
9RbcIiOLnLU,Reaction,1.5,0.0
LiacD26KdO4,Standard,7.5,3.5
G32oj7yiLW0,Reaction,2.5,7.0
7k6DE7DC0xM,Standard,4.0,8.0
pTdvGObsjFY,Standard,8.5,9.0
cFfV3y_zRuA,Standard,2.5,8.5
JAe0Ap2WTns,Standard,-1.0,-1.0
oWQAv-ZYvQo,Standard,-1.0,-1.0
r3p07JPQo6E,Reaction,7.5,9.0
SWz_W5oUAsA,Standard,3.0,0.0
s3OUkXUPrnA,Standard,8.0,8.0
KQ3Y4zix-tA,Reaction,7.5,9.0
hxEFaIIQGtU,Standard,5.0,0.0
fvefhQLqHb0,Standard,8.0,9.0
XDadA_b44w4,Standard,6.5,4.5
Docb6t1XF6k,Standard,5.0,0.0
ab3w-xXB8Ac,Standard,-1.0,-1.0
azJ_2FHkUYg,Standard,7.5,8.5
NyQ67K5Y8-g,Standard,7.5,8.5
MW-fOurlHDA,Standard,-1.0,-1.0
xlGTTlbgTGA,Standard,5.0,0.0
DmYJ-e3FhzU,Standard,5.0,0.0
Otu13myMitA,Standard,5.0,0.0
ZLI9wb5VFPQ,Standard,5.0,0.0
UouO-U81zCc,Reaction,-1.0,-1.0
xGBDjOoEnqQ,Standard,8.5,9.0
Q91NL9xwSYs,Standard,5.0,0.0
thfKfaOityM,Standard,8.5,9.0
Kn4FW6Uyl4E,Standard,3.5,7.5
GpAsp3kyQQY,Standard,-1.0,-1.0
xudHMA99H0o,Standard,5.0,0.0
TXFM5o_cdDQ,Standard,4.5,2.5
uY8v2qmIEPk,Standard,5.0,0.0
9UG1e7JZeH0,Standard,9.5,10.0
lBbSbCWqMDk,Standard,2.5,1.0
0gLaEhP5LCc,Standard,5.0,0.0
SpCWIRqDcNU,Standard,-1.0,-1.0
X1H2AGAS_jY,Standard,6.5,7.5
p6vjUl1-9us,Standard,5.0,7.0
3vDdllZorIY,Standard,5.0,0.0
LfK-cA8IMWY,Standard,6.0,7.0
wCS4Ix5-pG8,Standard,-1.0,-1.0
non3WVRQJCw,Standard,5.0,0.0
J4TBMW34Pg4,Standard,-1.0,-1.0
He1cG5XgacE,Standard,7.5,6.5
FOjy1x-_3ys,Standard,8.0,9.0
3Bjg8zvJGow,Standard,5.0,4.0
LM9Vf9LTEac,Standard,7.5,8.0
Hv7wnBQHbWw,Standard,5.0,0.0
zIwvyAwyRW0,Standard,8.5,9.5
IC3L4bESK6I,Standard,8.5,9.5
ID2wQaRO690,Standard,7.5,0.0
BhQhEWIw6Ww,Standard,-1.0,-1.0
ix7skfHNKeM,Standard,5.0,0.0
yf2odW1E7GE,Reaction,7.5,8.5
ERZJvdiWUPk,Standard,7.0,7.5
i3W9hi62Vps,Standard,5.0,0.0
CHw6UfZJi4M,Standard,5.0,0.0
Nx1_un8kaSk,Standard,-1.0,-1.0
PEau38OfqtM,Standard,7.5,8.5
dMh7E22V1ew,Standard,3.5,6.0
cThAYD1w4Fs,Standard,-1.0,-1.0
J6jfKXTBLg0,Standard,-1.0,-1.0
-UyOEOKMXnw,Standard,5.0,0.0
mkLDUMiUFxk,Standard,7.5,9.5
u4knoYxZAeE,Standard,8.5,9.5
DBWcakiP5Eo,Standard,-1.0,-1.0
JtvXiMn-Tx4,Standard,7.5,3.5
m1LQmjG6LyM,Standard,5.0,0.0
X1qbvoW8NqA,Reaction,7.5,7.5
dBKgj22cUbY,Standard,7.5,8.5
nWYhUBQRjh4,Reaction,-1.0,-1.0
JiWF6t2jlPg,Standard,2.5,3.5
APACJHTRhps,Standard,9.0,10.0
AC_X40pcawk,Standard,4.0,0.0
CSXVCuP05YQ,Reaction,-1.0,-1.0
QdtPShQgeEE,Standard,-1.0,-1.0
0Bpv5sBUbcI,Standard,9.0,9.5
UQNxXG8XK3c,Standard,5.0,0.0
e1704ajP4rQ,Standard,5.0,0.0
cX9hYZOcqd4,Standard,8.5,9.0
D9Tr2cQ4H38,Standard,8.5,9.5
nYqXr3F9EWk,Standard,5.0,0.0
9Rtp0z66i9M,Standard,7.0,6.5
1iiuQaqaL2M,Standard,-1.0,7.5
O7wAL8TYujI,Standard,4.5,0.0
gpre0coZgGE,Standard,-1.0,-1.0
BjaMjLI0dqg,Standard,5.0,0.0
6KvLyMjLb74,Standard,4.5,0.0
crRzvfSafmA,Standard,5.0,0.0
m5W4dd3da70,Standard,4.5,0.0
CetmWsFO7ms,Reaction,8.5,9.0
YkZxD0Dw7dk,Standard,5.0,9.0
E8V40qMuGsU,Standard,5.0,2.0
kA9lkt8UNqY,Standard,-1.0,-1.0
lUjdi9NPuBs,Standard,5.0,0.0
N9-Ip1f1jx0,Standard,5.0,0.0
OxDGgPvjLJo,Standard,8.5,9.5
0QFEsuy0P6A,Standard,-1.0,-1.0
Oq8E9_JKhVQ,Standard,5.0,0.0
mUW77StcLQk,Reaction,7.5,8.5
xJJXYLRZpvE,Standard,9.0,9.5
5kmeYM9BhvU,Standard,3.5,0.0
hYKx7UJb_lg,Standard,8.0,7.5
qhzinlUOUiA,Standard,-1.0,-1.0
oAVyoA5wzmA,Standard,-1.0,-1.0
oBMfy8THabA,Standard,5.0,0.0
SyDytyaUg4s,Standard,9.5,9.5
tZq4Si6g0aA,Standard,8.5,7.5
99ulTnqjoHg,Standard,-1.0,-1.0
lkfYIViHjjU,Standard,5.0,2.0
JxuO4Gb69gE,Standard,5.0,0.0
2YgYVg9yL0Y,Standard,6.0,8.0
23zfhcqtbjI,Reaction,8.0,6.0
WL_d1028jEg,Reaction,7.5,9.5
EY4fLD9G0Gk,Standard,5.0,0.0
UxMF0GSeeXU,Standard,5.0,0.0
h-CTL1PPXyE,Standard,7.5,8.0
zVva4bBUUk8,Standard,5.0,0.0
caPcqfuwKa8,Standard,-1.0,-1.0
jx10KZ4SJqo,Reaction,8.5,8.0
-Y2qp4TUk9M,Standard,-1.0,-1.0
czBj-ZkBaV8,Standard,-1.0,-1.0
K-F9NXCDSSA,Standard,5.0,0.0
5BNxHRBzlsU,Standard,9.0,9.0
oLPm93ivDzE,Standard,4.0,0.0
mve_qR0rMo4,Standard,5.0,0.0
y0gu4QXwDpc,Standard,7.5,6.5
4Ia1XqgEoLY,Standard,-1.0,-1.0
D2PExnmf_WA,Standard,5.0,0.0
hGVAs_AVQNw,Standard,2.5,8.5
HodvJPX8-SI,Standard,-1.0,-1.0
jKf_A4wFkL4,Standard,5.0,0.0
eGvAJooj2G8,Standard,5.0,0.0
Cg43Uim76os,Standard,7.5,8.5
67PrFuINw7s,Standard,-1.0,-1.0
kH-c1bS6jd0,Reaction,7.5,9.0
0sYFKSUPubA,Standard,6.5,8.5
YWfYSfDLtbE,Standard,7.5,8.5
G1om7OWuLBs,Standard,-1.0,-1.0
ulykaom7Tzs,Standard,8.0,9.0
aNk1gS_uZfk,Standard,-1.0,-1.0
KzLyB_XHEPg,Standard,5.5,7.0
7Z62l2KNaO0,Reaction,3.5,8.5
M3VdykMwR04,Standard,-1.0,-1.0
PQeSUZXAEbk,Standard,5.0,0.0
ehDUblHkq2s,Standard,-1.0,-1.0
WyTK0bxcBow,Standard,5.0,0.0
ORUen0CPFb4,Standard,-1.0,-1.0
hdsVlTAGDD8,Standard,5.0,0.0
rNTctUXrk0c,Standard,2.0,0.0
Tpiu07a6cyU,Standard,7.5,9.5
GHK13FJnYVc,Standard,7.5,9.5
HnJlWMWqvLo,Standard,6.0,0.0
vcr5pPJGhto,Standard,-1.0,0.0
oo_3bfwr51w,Standard,-1.0,-1.0
rjJhfwSNmxg,Standard,8.5,9.0
kGscfVs6GeY,Reaction,8.5,9.5
uy-F3BIcSxw,Reaction,8.5,6.5
25j324DiUSM,Standard,8.5,8.5
YPLpmVbDnYQ,Standard,-1.0,-1.0
gKcaYDD35NY,Standard,-1.0,-1.0
F6UTPPzJOR8,Standard,8.5,9.5
7jv6rJ69qbw,Standard,5.0,0.0
UcXF_VpAb2s,Reaction,3.5,0.0
leVJ5m68D2U,Reaction,8.0,8.5
SqBLk7j_jhM,Reaction,3.0,8.5
tPXDKJ8xaFY,Standard,6.5,6.0
fywdsAscHeU,Standard,5.0,0.0
e6go-wvCqCc,Standard,5.0,0.0
PdM6rq104MQ,Standard,3.5,0.0
AalhbV3ce5k,Standard,8.5,9.5
MyvY7EEB7ig,Standard,5.0,0.0
m9cDmhXJY5k,Standard,1.5,1.0
-4eMFdnSZjY,Reaction,8.5,9.0
9jW-KwUTC78,Standard,9.0,9.5
rYbW2awnrwc,Standard,5.0,0.0
ZwFAeKOnKys,Standard,5.0,0.0
TB9dG9luTr4,Standard,9.0,9.5
lp9wRZSyoHI,Standard,2.5,0.0
oPi6qTG_-Jo,Standard,7.0,7.5
59-dIAzq0YQ,Standard,9.5,9.0
Zue8MjULFCo,Standard,-1.0,-1.0
FjqjyQ7pJgs,Standard,-1.0,-1.0
CzTaL74U9mY,Standard,9.5,9.5
0tS3h7fFIlQ,Standard,5.0,1.0
r2mqPzmJhfc,Standard,9.5,10.0
AzwN7PBqBNc,Standard,3.5,1.0
2GFGQ77A8OY,Standard,2.5,6.0
0jhVXlgFCiM,Standard,-1.0,-1.0
Sxz_-ZJ6ttc,Standard,5.0,0.0
ftFXNOBfvlI,Standard,-1.0,-1.0
ez7TyaPXreE,Standard,7.5,6.5
9Qt4r03KOVc,Reaction,-1.0,-1.0
R0Bo8epn4n8,Standard,5.0,0.0
807DwFQIRJ4,Standard,4.5,0.0
DAELnlXS4yE,Standard,5.0,0.0
joKraNbULV4,Standard,1.5,5.0
opv6emFlefQ,Standard,-1.0,-1.0
wPWOBIOXPq8,Standard,8.5,8.0
VC21qzerlHk,Standard,3.5,4.5
adK5lJHFVbc,Standard,-1.0,-1.0
myDafb4GFqQ,Reaction,-1.0,7.0
MEQwoq7PhUM,Standard,-1.0,-1.0
k2PvnXKQTVA,Standard,4.5,0.0
NsZm-xyMnnA,Standard,-1.0,-1.0
58KFV1zQg4k,Standard,5.0,0.0
YUJjuLLUOPw,Reaction,5.0,0.0
x4lVyDv5_Vo,Standard,7.0,8.0
ayb9nzcLiOY,Standard,-1.0,-1.0
S46oCQUprXg,Standard,7.5,8.5
Ij1ny9lX_bE,Standard,-1.0,-1.0
95QZdcZBPZc,Standard,8.5,7.0
XSW-wydzsmw,Standard,4.5,0.0
gsLMx9gFyjM,Standard,-1.0,0.0
VN_kAHIT9bg,Standard,5.0,0.0
0uT4Xyng56k,Reaction,-1.0,-1.0
RtzO2BAhKYI,Standard,-1.0,-1.0
C8TorCpbwgo,Standard,6.0,9.0
Pvc16Jm6iqU,Standard,5.0,0.0
zG8lQgcxzvQ,Standard,6.5,8.0
T1KYZRMA4Aw,Standard,6.0,3.0
GX8hdaDBbZM,Standard,5.0,0.0
coOxK_DqhaU,Standard,3.5,0.0
Wn-ZdQ4NFYc,Standard,7.0,8.5
aL62f-4mBoc,Standard,8.5,9.5
jaY81wxdKko,Standard,7.5,9.5
LC9pjnxbjNw,Standard,7.5,8.5
fkeT-Bxuu6g,Standard,5.0,0.0
idCoOVj_0Qo,Standard,8.5,9.0
3j7THsBnvoA,Reaction,8.0,7.0
07oAxE9KuWA,Standard,5.0,0.0
8MGwOMkSbwc,Standard,9.5,8.0
UFWnd7S54oE,Standard,6.5,8.5
Lqcp9rq-0dE,Standard,5.0,0.0
cZ_Li2KeT-k,Standard,2.5,8.5
62Epak5ukT8,Reaction,-1.0,-1.0
HDrP7Ktyg_o,Standard,5.0,0.0
BrwPqBKsrI4,Standard,5.0,0.0
LNyNxhOphk8,Standard,3.0,0.0
Cu3_rydeNq0,Reaction,2.5,0.0
NLar74LNQoI,Standard,-1.0,-1.0
lFtb0TOzvF0,Standard,8.0,7.5
5FhGc-P_Vms,Standard,3.5,0.0
Q8DQg14t_Gk,Standard,6.0,0.0
H_e_ONIiAe8,Standard,5.0,0.0
J_Oeg7617EI,Standard,7.5,7.5
wS9DGwKhLDM,Reaction,4.0,7.0
L8XDlzctbbY,Standard,5.0,0.0
qZ_qMWi2aa0,Standard,4.0,0.0
upJRw9lTMNc,Standard,7.5,9.0
3Rhsky8Id8E,Standard,5.0,0.0
h0zJNz_-6YM,Standard,-1.0,-1.0
4MkR31wfDzU,Standard,7.0,6.0
vSdMKkXdnYA,Standard,-1.0,-1.0
UbWm913F1Qo,Standard,5.0,0.0
L244ewTaSJI,Standard,3.5,0.0
LpkfgfzJd3Q,Standard,8.5,9.5
a-hka6R27wU,Standard,5.0,0.0
YeitFlv8rSg,Standard,1.5,8.5
c9JZ6zZ8AUg,Standard,5.0,0.0
e8rV808RFcc,Standard,7.5,8.5
LjBapFrMe1g,Standard,7.5,9.0
4ODjmuU3sAs,Standard,4.5,0.0
aS4_NS0CrCY,Standard,-1.0,-1.0
f6oxESM7W4Q,Standard,-1.0,-1.0
mliAk7kUmXU,Standard,-1.0,-1.0
8od46s-Z5K4,Reaction,-1.0,9.0
i9WKU6gtIQI,Standard,-1.0,-1.0
cFfojDapDCg,Standard,7.5,8.5
aaPi_SEQYfA,Standard,6.5,8.5
b3VVTNXYtUQ,Standard,5.0,0.0
sw1Y3ZYq1KE,Reaction,-1.0,-1.0
UMW1P9wQkBs,Standard,-1.0,-1.0
MFMzdv5cdk8,Standard,3.5,1.5
BELMtu_9MqQ,Standard,-1.0,-1.0
n4MNiLjY9hA,Standard,-1.0,-1.0
NCnMoutv0YI,Standard,7.5,6.5
zODR-EC3V2s,Standard,7.0,2.5
PqN89DnI-4c,Standard,3.5,0.0
2nBL2P2iD1I,Standard,5.0,0.0
Uh92lj_5pvQ,Standard,5.0,0.0
niFpOQ-DITQ,Reaction,-1.0,-1.0
r9TTlfDOuiA,Standard,5.0,0.0
w-zYq1-c9oA,Standard,4.5,0.0
wWUV4OYSOKo,Standard,-1.0,0.0
cgw052_ZFYU,Standard,6.5,4.5
MwN24PaNFBk,Standard,2.5,3.5
B5QSHfBsxgM,Standard,8.5,9.0
Ho9DTHZ0s7M,Standard,5.0,0.0
eW4m76u6CHU,Standard,5.0,0.0
9a1NoOL2EtI,Standard,-1.0,7.0
wditD88mIck,Standard,9.5,9.5
2GR75Xi_BKE,Standard,7.5,0.0
12J_0Du8ZrY,Reaction,5.0,0.0
_MUzCSffMGQ,Reaction,2.5,6.5
fag9RmxoUHY,Standard,3.5,0.0
WkVuzPMXFj4,Standard,7.5,6.5
NoruL6pqZvA,Standard,5.0,0.0
F4paYOa65Ec,Standard,8.0,9.0
wMxUuHA6CLE,Standard,2.5,8.5
j2VXpMtAAVM,Standard,9.5,10.0
CPltfNuEgrc,Reaction,8.5,9.5
Oic1H6ZTQWY,Reaction,5.0,7.5
hOHbs9OwpMU,Reaction,4.5,0.0
sAZG9iGdeT0,Standard,5.0,0.0
cguBeXePqIA,Standard,7.0,2.5
0i2yQ7rylHE,Standard,7.0,6.0
MAuukHDr80M,Reaction,7.5,7.5
8w5Wcy7C39U,Reaction,-1.0,-1.0
HIZxhDSyGOo,Standard,4.5,0.0
bgXJC1qdRpo,Reaction,7.5,9.0
C8xabvViiY8,Standard,8.5,7.5
eC-ypZ2qhCw,Reaction,9.0,10.0
vfg8CK0kgjI,Standard,5.0,0.0
YfxX4dgnV20,Standard,5.0,0.0
lAHnBUieevs,Standard,7.5,7.5
XrEWoruo8VA,Standard,6.0,6.0
zNITvnzYzhQ,Reaction,-1.0,-1.0
Zu91UHfDTbw,Standard,7.5,6.5
Yvhnj4NSKeE,Standard,-1.0,-1.0
TCWMoKghmKQ,Standard,5.0,0.0
wbwnbWaGfFk,Standard,5.5,0.0
c5vZ-oZgys8,Standard,7.0,7.0
NDq410PrYJY,Standard,-1.0,-1.0
Pj6s8G3k3Eg,Standard,6.8,2.5
hpH6qM3otsg,Standard,8.5,9.0
Tba2MZDoPTQ,Standard,8.5,9.0
7Q5lFIkZzq0,Standard,5.5,3.5
tcXAZ3xnuqU,Standard,7.5,9.0
2yL41yDfeoA,Standard,2.5,1.0
iRc3zWRyfWY,Standard,5.0,0.0
rACKkwyMYhE,Standard,6.5,7.5
r5DKhlXweHE,Standard,7.0,8.5
aic8q21RznE,Standard,-1.0,-1.0
nhoYR2rC-_U,Standard,-1.0,-1.0
sJIObN54DVk,Reaction,7.5,9.5
JMVz_VjWO_Q,Standard,5.0,0.0
RNhK4v4IxTs,Standard,-1.0,-1.0
M4r6ehjxK8M,Standard,2.5,0.5
plAbCDTeLdc,Standard,5.0,0.0
qSPVItZUx2A,Standard,-1.0,-1.0
_ZZPGBQZ8JM,Standard,-1.0,-1.0
madtPUvP3_g,Standard,7.5,9.0
Ov8LiI9P-bU,Standard,5.0,0.0
-71Qo6g4SR8,Standard,3.5,3.5
7ytUs14wFWI,Standard,2.5,8.5
VdPFxu9X480,Standard,-1.0,-1.0
41siFvKVMGo,Standard,7.0,9.0
0HPMFEheG84,Standard,5.0,0.0
iAtgVDvZ3-A,Standard,-1.0,-1.0
4VW6IskbzYU,Reaction,-1.0,-1.0
o6WuRvmYL4g,Standard,5.0,6.5
u68Qb8aIYkY,Standard,5.0,7.0
KCLysw8Jyp4,Standard,5.0,0.0
LJmTEVUiNhg,Standard,2.5,1.5
tjrqTO0wSY4,Standard,5.0,0.0
2tfa6lh6u4U,Standard,9.5,7.5
1i4uQ1P56k8,Standard,6.5,7.5
-HWN9QfuPns,Standard,4.0,0.0
RGunD4eduxs,Standard,7.5,7.0
Gpf4IK90oEY,Standard,9.5,9.5
RxtfcRfNK0g,Standard,8.5,9.5
10DHvh41uWY,Reaction,5.0,0.0
esG0GSslWc4,Standard,5.0,8.0
BDM4AfmMFkQ,Reaction,-1.0,1.0
VMS7PvsH24U,Standard,-1.0,-1.0
xsLWj9PdywM,Standard,3.5,0.0
yLgZbGgTYWw,Standard,5.0,0.5
U4RI9MBnaVM,Standard,-1.0,0.0
uZnsI9loA70,Standard,5.0,0.0
Ou6Cf8Sveuc,Reaction,3.5,7.5
QtwtQkdE3Xk,Standard,7.5,9.0
ngCOLA497PU,Standard,2.5,0.0
tSBlWdfYpOo,Standard,5.0,0.0
RSBS2e0RXRA,Standard,8.0,9.0
odghCn9KLyw,Standard,8.0,9.0
OMvpng-E1cI,Standard,6.0,0.0
FPM1ODeOmpc,Reaction,-1.0,-1.0
Cf-OwoQtM9M,Reaction,6.5,6.0
Fkh9yC_opc0,Reaction,-1.0,-1.0
hwHk3OPI4Us,Standard,-1.0,-1.0
ev-s_6USDUo,Standard,8.5,8.5
sHB4KtF7HsM,Reaction,-1.0,-1.0
iMPaRnc4zyE,Standard,5.0,0.0
-6PCR3--NHc,Reaction,6.5,8.5
mAc_2Yhuxxc,Standard,4.5,6.5
6zfGiTsQVNQ,Standard,-1.0,-1.0
bs2l3D93Ya0,Standard,7.0,9.0
bTIy7_DI0vw,Standard,5.0,0.0
QNkF06nZYXU,Standard,8.5,9.5
K0YESn2Bo1Q,Standard,8.5,9.5
Bhe9ses_7Ns,Standard,8.0,6.5
4meO98Hf-78,Standard,2.5,1.0
Nxfm6CgXT20,Standard,2.5,4.5
QxvgIlzXJ8Q,Standard,5.0,0.0
4vNuHMiJZp0,Standard,5.0,0.0
K-ANDMzj5BE,Standard,7.5,7.5
A94ZNdUZANE,Standard,7.0,8.0
HxqOAGeSuTg,Standard,8.5,8.0
VRpYrusk7bU,Standard,6.5,9.0
X28CnxvDDD8,Standard,5.0,0.0
PYtfqeqKMto,Standard,5.0,1.0
jNl93VMIH1U,Standard,8.5,9.0
fjDpnlxMB_M,Standard,7.5,9.0
dZOn9tObaZ8,Standard,8.8,8.5
qaXvwLPZYy0,Standard,5.0,0.0
CB_Q01nhlrs,Standard,7.5,6.5
y52VC_C2tWc,Standard,8.5,7.5
LBIi2VGDSfI,Standard,5.0,0.0
3tVICPhawew,Standard,5.0,0.0
nEQmnIlckYA,Standard,8.5,9.0
XVGnSVw39eg,Reaction,7.0,8.5
d0TfB9tY4Ho,Standard,-1.0,-1.0
aacknllCSag,Reaction,-1.0,-1.0
piCBe6nAdbM,Standard,5.0,0.0
ToA1LG3VxeQ,Standard,3.5,1.5
ZfxK2ldTtlY,Standard,5.0,0.0
4fWc2C515YA,Reaction,8.0,9.0
0XRIjoo-vVs,Standard,7.5,8.0
lV9taVJkY-A,Standard,5.0,7.0
e4PCZHoNhFY,Reaction,2.5,6.5
pPI69taRBK4,Standard,5.0,0.0
lZfmuwxlbBw,Standard,5.0,0.0
eItwTUT4zj8,Standard,6.5,6.5
fxpqYNCwTPc,Standard,-1.0,-1.0
TPN09xGqrFc,Standard,-1.0,-1.0
dYgW10ZdIR4,Standard,7.5,7.0
kAk98Z1aFYw,Standard,7.5,6.5
ROGu9QDVFNs,Reaction,-1.0,8.5
6P5juJ_4Yxw,Reaction,-1.0,-1.0
uKfQNj81fH0,Standard,-1.0,-1.0
VyTce24F1Yc,Standard,5.0,0.0
6YNwIOFryJw,Standard,8.5,9.0
_rH8tBkCq0I,Standard,-1.0,-1.0
9coMH1XVFgA,Standard,5.0,7.5
PKFIXuY31XI,Standard,6.0,7.0
TZlHmpY0eIY,Standard,-1.0,5.0
QKyWzHddQAk,Standard,-1.0,-1.0
Q-zzo1s41S4,Standard,-1.0,-1.0
ChPMABl_PtE,Standard,8.0,9.0
EkV2rM04zQU,Standard,-1.0,6.0
bvoHNrUapwQ,Standard,5.0,0.0
VHnDcavKwqA,Standard,2.5,7.5
NwlSndTiGfk,Standard,-1.0,-1.0
NyDcIs5W-OQ,Standard,-1.0,-1.0
b2PnYHaRWWQ,Standard,8.5,9.5
-_YfXFTeuio,Standard,-1.0,-1.0
EKi0Q40hLWo,Reaction,7.5,8.5
w0HIVfGZXu8,Standard,5.0,6.5
UBvfq_EK8MM,Standard,7.0,8.0
Kp-idZP0v60,Standard,8.0,9.0
ZlHkIPp5FGQ,Standard,4.0,0.0
XDil40hWMpQ,Standard,-1.0,-1.0
IZID33nybxM,Standard,8.0,7.5
PbL_Vb8AZk0,Standard,3.0,0.0
Q5aGGsaCfu4,Standard,5.0,0.0
8FtboonzRIc,Standard,-1.0,-1.0
efYnXenJY7k,Standard,6.5,7.5
0765Er-sVvY,Standard,7.5,6.5
sVeb89EkGiQ,Standard,7.5,6.5
hJ-wHS4eNUk,Reaction,-1.0,-1.0
DduTnse92gM,Reaction,-1.0,8.5
rUDUyYB4UHQ,Reaction,7.5,8.0
BwfnSvDYkV0,Standard,-1.0,-1.0
1TeeFJHHB_g,Standard,8.5,8.0
s1WP22TDJxo,Standard,8.5,9.5
cUGjMCgR9FE,Standard,2.5,6.0
ZLtxqMqCOus,Standard,-1.0,0.0
eqE13pzok3I,Standard,7.0,6.5
Hq8zNCViTtU,Standard,9.0,9.5
vcU_D9ZkXy4,Standard,-1.0,-1.0
ZAedL9IW8jI,Standard,4.0,8.5
tKNYmMEukbo,Standard,8.5,9.5
QZcdnkLwbhw,Standard,3.5,0.0
EuWPeqva2N4,Reaction,7.5,8.5
X_TAZdV66TE,Standard,5.0,0.0
55Ix_jXQXUQ,Standard,6.0,7.0
kZMF3f4NTF8,Standard,-1.0,-1.0
NVCsSu_X9Lg,Standard,5.0,0.0
Ui1iuN5wtHo,Reaction,-1.0,-1.0
1YWR20wrOlg,Reaction,-1.0,-1.0
vg1YvbTs79M,Standard,5.0,6.0
f9ILT4jTTdM,Standard,7.5,8.0
ajoSeIIlKKQ,Standard,5.0,0.0
g_TcXtztcis,Standard,5.0,0.0
TaGIS2QHcqc,Standard,9.5,9.5
CBAMnNy0jwM,Standard,5.0,0.0
QpubQzHJDRo,Standard,9.0,9.5
7ywmNUf3gi8,Standard,-1.0,-1.0
pWr8NVyxGIk,Standard,2.5,0.0
4kbq_Z4Cpdo,Standard,-1.0,-1.0
9cjbWYOA69A,Reaction,6.5,7.0
RaSFF6GmYhs,Standard,7.5,7.5
MpZj39F67nQ,Reaction,-1.0,7.0
UYZPME9P4t0,Standard,-1.0,-1.0
hUHraE2F6q4,Standard,8.5,9.0
ZHGb6P_kQo8,Standard,5.0,0.0
k9cJBHJdTQo,Standard,6.5,7.5
kWzDBqYN8u4,Reaction,-1.0,8.0
Asz8MwmM77Q,Standard,8.5,8.5
2k--FD29TVI,Standard,-1.0,-1.0
XNGrm64xf2Y,Standard,-1.0,-1.0
SHFav5gDI88,Standard,5.0,0.0
Nkn9UCcUS0I,Standard,5.0,0.0
csUhkXou9u8,Standard,7.5,9.5
Srkh-e_cO8c,Standard,5.0,0.0
LvFDjunE6mg,Standard,7.5,8.5
2YTrdnKdOJA,Standard,5.0,2.0
NTLVmJd3vrk,Standard,5.0,0.0
MAt7mSJdIAI,Standard,-1.0,-1.0
LZ6Ms_zp3Vo,Standard,2.5,0.0
7AfIUbPy4b0,Standard,-1.0,-1.0
tqPA6ynqpNU,Standard,7.5,6.5
5hYt3FG3VG8,Reaction,9.0,9.5
NHi_HjgBPq0,Standard,5.0,0.0
vcR7DkUrJ98,Standard,-1.0,-1.0
MmcaUET9Mt8,Reaction,8.5,8.5
EqQdBdkkksI,Standard,5.0,0.0
HJxXFEg9fWg,Standard,5.0,0.0
qAycz0ZvXMw,Standard,3.5,1.0
1-a1WgFK44M,Standard,6.0,6.0
jlV97V-UxGQ,Reaction,7.5,9.0
Rod4eigQ7Bc,Standard,6.5,0.0
tO_S-9ckh5M,Standard,8.5,9.5
XXb_kd3jVnI,Reaction,7.5,9.0
YZWc5N-pLK8,Standard,6.5,7.0
JCPNoApNrSo,Standard,5.0,0.0
j70tc0CQads,Standard,5.0,0.0
EAPs3_yEfw8,Standard,-1.0,-1.0
lY0afGVdMqg,Standard,-1.0,-1.0
3H-0_Vv8RNA,Standard,4.0,0.0
oNxD3O6fy9c,Standard,7.5,4.5
G-3l1TUz_OQ,Standard,-1.0,-1.0
GKDGFffmnUA,Standard,8.5,9.5
SoJWWBAuyIw,Standard,5.0,0.0
Hxx_W534OS0,Standard,5.0,0.0
zR_302eL1kk,Standard,-1.0,-1.0
UigUCuGoWk4,Reaction,7.0,8.0
2_ZRTkgEmVk,Standard,-1.0,-1.0
AwEEiHUX5DQ,Standard,8.5,9.5
OpU2a-iAmZY,Standard,4.5,1.5
6ze_3i39PO4,Standard,-1.0,-1.0
uPR1KurHRvs,Standard,5.0,0.0
AazOEZWtmRM,Standard,5.0,2.0
mzkaWuLvs1M,Reaction,-1.0,-1.0
FMAskWYMkGI,Standard,-1.0,-1.0
SrfLtVvQ5C4,Standard,7.0,7.5
F4LNIaYZtN0,Reaction,7.5,9.0
dPR2819MlMM,Standard,5.0,0.0
-aeInQsjPm8,Standard,6.5,7.5
SyIGg8kh5B0,Standard,5.0,0.0
Zc-Ygz5FH_I,Standard,-1.0,-1.0
FhHgf_n59PI,Standard,2.5,8.5
ATY37QPo7U0,Reaction,1.0,8.0
t7SodprG9tw,Standard,-1.0,-1.0
YaxgcJTVMR0,Standard,5.0,0.0
-bWP6nIV79U,Standard,-1.0,-1.0
GNn0vCi9SC8,Standard,2.5,8.5
X9EWD2TQMxQ,Standard,8.5,8.5
EU6JWRq1En8,Standard,7.5,8.5
tJ7U7QWQfd8,Standard,8.0,0.0
V4mmNN8zTB0,Standard,-1.0,-1.0
fOxSyNzhADM,Standard,8.5,9.5
aZrJ8L1W7L4,Standard,7.5,8.5
88L_fRL_LjU,Standard,-1.0,-1.0
JcrtCo-US1c,Standard,7.5,8.5
i-1tKRHxhF0,Standard,5.0,6.0
yBLMMBfBe5A,Standard,7.5,9.0
sIiULSgJ_i4,Standard,3.5,1.0
5tmPs2qh0OY,Standard,5.0,0.0
qBrkWM4agFM,Reaction,7.0,7.5
Ti-I58P8atk,Standard,7.5,8.0
jT6YrUSJ6uI,Standard,5.0,0.0
HLtx5S1hLoI,Standard,5.0,0.0
_nZkGsRzaek,Standard,5.0,0.0
Sqpf2gOJDUE,Standard,-1.0,-1.0
hPqGXsFvikA,Standard,3.5,7.5
fB7_AgMvvRo,Standard,9.0,9.0
UzkEE-vmcOU,Reaction,3.5,0.0
kvNNJeQJZHQ,Reaction,7.5,8.5
OE6FYzVYUKI,Standard,5.0,6.5
rbsEQel5XEw,Reaction,-1.0,0.0
eeTOvsjJP_w,Standard,7.0,8.5
RrB0AfLmfNM,Standard,7.5,9.0
LduT5XIVt_U,Standard,5.0,0.0
GZSTTwaEHBQ,Standard,8.5,9.5
af1Ve9Wmebc,Standard,-1.0,-1.0
4pFyQLdytNw,Standard,5.0,0.0
NoCldKsPrXo,Standard,7.5,8.5
WY8MXiHbIAk,Standard,3.5,0.0
DPuzCrPYLM4,Standard,2.5,0.0
NFpmoYPAd5c,Standard,-1.0,-1.0
y4ARYgsfm1Q,Standard,3.0,6.5
1nvWH4iaRYI,Standard,-1.0,-1.0
WojYJSsgPEM,Reaction,7.5,8.0
wybgXl2kPDE,Standard,4.0,0.0
luX8uwa7qk0,Standard,6.5,8.5
7MuSCnbmFEE,Standard,-1.0,-1.0
uqNpRUhd9Y0,Standard,5.0,0.0
hWsVKyOD-HE,Standard,5.0,0.0
3KNI4IgMtFg,Reaction,3.5,7.5
fnlV6QnVTKo,Standard,5.0,4.0
JEaDpnaqmoE,Standard,5.0,0.0
2PKrXQZxk3o,Standard,1.5,0.0
AClFlcSNr2c,Reaction,7.0,8.0
Dxe8Y2qQ2Y8,Standard,5.0,0.0
OCXh_PNciQI,Standard,7.5,7.0
OKB1Zjr2axk,Standard,5.0,0.0
PGJ2jKU-YdU,Standard,-1.0,-1.0
GPnNg6E7USQ,Reaction,-1.0,6.0
4ghzzYuMs34,Standard,-1.0,-1.0
GBMeJ9FntEc,Standard,-1.0,-1.0
0YhPUswAxr0,Standard,7.5,4.5
3OCfAmjJ_eY,Reaction,7.5,6.5
HHOdxvZZy6k,Standard,7.5,7.5
knNKYvb94xI,Standard,-1.0,-1.0
krR3FKvwzs0,Standard,3.5,0.0
eV3YidxX_MM,Standard,8.5,9.5
09W1qdiBXXE,Standard,7.5,8.5
AnA3dQwDOIs,Standard,8.5,9.0
t-skgDIGmY0,Standard,5.0,0.0
cAk6kuID0E4,Standard,5.0,0.0
tD7UZCILydg,Standard,-1.0,-1.0
16ed6uIrfU0,Standard,5.0,5.0
RkD17EE3Wyo,Standard,5.0,0.0
0DDisu3CaTo,Standard,7.0,3.5
EuU2MtP_CBk,Standard,5.0,0.0
OezOM5tzjJI,Standard,5.0,0.0
JPrLTAVN0YE,Standard,2.5,1.5
r95sOAD3IyQ,Standard,-1.0,-1.0
901wcl6WDw4,Standard,-1.0,-1.0
HtqisCifAUE,Standard,8.5,9.0
Pcd67z8nq7A,Standard,7.5,9.0
UxI9ZSxyXBI,Standard,8.0,7.5
0EhDLmW402Q,Standard,4.5,0.0
Y9wGgMBFaEA,Standard,-1.0,0.0
GlPa8JV4Er0,Standard,6.5,9.0
-NeXAt7MgG8,Standard,-1.0,-1.0
DafAheT7n0Q,Standard,7.5,7.5
pR0usp1PCO4,Standard,7.5,9.0
NLgvvNqtp9k,Standard,5.0,0.0
TPfdxJ0upno,Standard,5.0,6.0
8hd1Uw4KwuU,Standard,9.0,9.5
1-912TY_rqw,Standard,4.0,0.0
OpvlQgxsZsQ,Reaction,9.5,9.5
PdVm44lvYwU,Standard,5.0,0.0
4qpB8q22Ihs,Standard,7.5,8.5
cNbFEAf30gc,Standard,8.0,8.5
ocNK8SwMkWE,Standard,3.5,1.0
cGRswQOh-co,Standard,5.0,0.0
exLkROvYvSc,Standard,5.0,0.0
AXNr3NQvWp0,Standard,5.0,0.0
8bus0WSuc-k,Standard,3.5,7.5
c9wcRfucsrg,Standard,-1.0,-1.0
2QH5dgNxZFI,Standard,5.0,0.0
gSGzQGcfZoo,Reaction,9.0,9.5
23Rhy7DO2EM,Standard,7.5,3.5
m0nSyh9U5sM,Standard,-1.0,-1.0
gsJXF-xwRbw,Standard,-1.0,-1.0
O3YQFSnRDIQ,Standard,-1.0,-1.0
4-bJfuvoOa8,Standard,-1.0,-1.0
3ztler3IOYw,Reaction,7.5,8.5
w1-v2ymLI30,Standard,-1.0,-1.0
7Zv1bjnFS3A,Standard,-1.0,-1.0
PkO4Os9i9As,Standard,-1.0,-1.0
k8wdcPrY16o,Standard,9.0,9.5
QEprDhGo7nQ,Standard,-1.0,-1.0
U4ABUB8Kst4,Standard,-1.0,-1.0
tjw-B7WnksM,Standard,-1.0,5.0
drI-jnspvCs,Reaction,3.5,0.0
NyJZ-UbCHqA,Standard,6.5,0.0
FiCdd6_QAQ8,Standard,-1.0,-1.0
C4XrqM_696A,Standard,5.0,0.0
WfNDjAHtnT0,Standard,5.0,1.0
cY7gtQLEIMs,Reaction,3.5,8.5
2AYUDI_eH5o,Standard,5.0,0.0
HGk0AbS1aAI,Standard,8.0,7.5
XQfZSX5fHM4,Standard,5.0,7.0
w6IB4_7iZOA,Standard,7.5,9.0
lUs-HfSjd0Y,Reaction,5.5,0.0
3rQIR4Gck2U,Reaction,7.0,7.5
HKebSJQWdqk,Standard,-1.0,7.0
1YjoQLdzwYw,Standard,8.5,9.5
wRhTttVSpdM,Standard,7.5,8.0
dUbAP6XTQKk,Standard,9.5,9.5
xsV-i1Anr9s,Standard,5.0,0.0
z3aMk6Lm3J8,Standard,-1.0,-1.0
LHfO7T6yZIs,Standard,3.5,0.0
M_ZEk3TC0xo,Standard,8.5,9.0
v5aj5vn7KU4,Reaction,-1.0,-1.0
lMak76sSp58,Standard,5.0,0.0
yBkRcgy6MVM,Reaction,8.5,9.0
InCLSLGm6lQ,Standard,-1.0,-1.0
9Ni14oYPySk,Standard,7.5,9.0
Ojf_3M7MfkQ,Standard,-1.0,-1.0
EKpSrqbIY5M,Reaction,8.5,9.0
0dcofL8iH4w,Standard,-1.0,-1.0
KV8eErX3pfw,Standard,2.5,6.0
9z9KI4jVVrw,Standard,6.5,0.0
VU8yK4nfd08,Standard,8.5,8.5
sgss1DvQYKo,Standard,4.0,7.5
XUm_exlVEFI,Standard,8.5,7.5
GHXfUTNAwVw,Reaction,7.5,8.5
qZnDF_PnIs8,Standard,8.5,8.5
ynahzdpC-fA,Standard,5.0,0.0
LF6hdVOdAJU,Standard,-1.0,-1.0
J-P7SVNHCGM,Standard,-1.0,-1.0
H00-gajVzbE,Standard,-1.0,-1.0
uhQdLtynFds,Standard,-1.0,-1.0
2xpuCQYWhfw,Standard,5.0,0.0
hXPlgEcxoy0,Standard,7.5,9.0
PXGsnXIlM7w,Reaction,5.0,9.0
qIqodykqGDs,Standard,5.0,0.0
mhXWRIgggZ8,Standard,2.5,7.5
rIKX6PkZ4Gs,Standard,-1.0,-1.0
HmzbYYTwEa8,Standard,7.0,9.0
rVj0Cg3W2Xc,Standard,7.0,9.0
-J4dxPfpBeE,Standard,3.5,0.0
RJIJM8m3jFU,Reaction,4.0,7.5
vOiHNY7pKUo,Reaction,-1.0,7.5
_okhAsU6vr8,Standard,8.5,9.5
sU8TMRr9DNo,Standard,9.0,9.5
IdlIKeVAg94,Standard,5.0,0.0
_BD7xwKDgmE,Standard,5.0,0.0
G8MJ-bAE7-U,Reaction,-1.0,8.5
rPdrQ_4F0wM,Standard,7.0,0.0
4ISb0Wq9cSk,Standard,-1.0,-1.0
yXfKNG1JWEo,Reaction,5.0,1.0
dRni61lx9As,Standard,-1.0,-1.0
HbfeASpDOuk,Standard,5.0,0.0
aH6LdZBYyTc,Reaction,5.0,7.0
pQj1vTEtRWc,Standard,5.0,0.0
aFnG1MH4vU8,Standard,5.0,0.0
XCh_3wNhwic,Standard,7.5,8.5
j3CE_zd_138,Standard,7.5,8.5
TLO3IylzdVA,Standard,8.5,9.5
oRjv5JD3yE0,Standard,-1.0,-1.0
R4Bj5k8biq8,Reaction,9.0,9.0
GxZ3U2UyVrQ,Standard,5.0,0.0
qTfnkD6d7-s,Standard,5.0,0.0
9USYlzzVHbA,Standard,5.0,0.0
8zbQf_ugd7o,Standard,4.5,2.0
uw_XbCISy6Q,Standard,7.5,7.5
zYeqkgHkoWg,Standard,7.5,8.0
4X4jJbZdPNk,Standard,7.0,6.5
w0uODXsKexY,Standard,5.0,0.0
Rt0tarS6LXA,Standard,5.0,0.0
e-9JHcUX080,Reaction,7.5,9.0
xBrIoXmugtk,Standard,-1.0,-1.0
xAmZGtWX734,Standard,-1.0,-1.0
j9J1Sc9idd4,Standard,-1.0,-1.0
ijUEUoZ5nJw,Reaction,7.5,9.0
G0Z4jkZu_Kw,Standard,8.0,7.5
2_H3e1RoRPg,Standard,5.0,0.0
U0XV8woZQT4,Standard,-1.0,-1.0
0LwpX5f0tP8,Reaction,8.5,9.5
Bx_-QHk6z2k,Reaction,8.0,9.0
FpUHRpYFbJo,Standard,7.5,7.5
jX0w6hMo8H0,Standard,2.5,0.5
h9IhwiDOTMU,Standard,5.0,8.0
Wteq9A3dgLU,Standard,5.0,0.0
tyFJHDoe43k,Reaction,7.5,0.0
9tMfoUIMv9w,Reaction,7.5,9.0
YbZW8M8hXvQ,Standard,-1.0,-1.0
E1J9IbYtXdc,Standard,-1.0,-1.0
_u6-5gHnzac,Standard,6.5,4.5
yii-KCKRTnM,Standard,5.0,0.0
DvtnN1cWwow,Standard,6.5,1.0
sl4z_ldlb60,Standard,7.5,2.5
vRw4Y-w9uYU,Reaction,8.5,8.5
vuo0R9gv71Y,Standard,3.5,0.0
GUONVt23wdQ,Reaction,8.5,9.5
eP9F3g9ryxE,Reaction,8.0,9.0
YT5vi8xWXxY,Standard,7.5,8.5
z9NP2otSF5Q,Standard,7.5,0.0
oPZcRFznWr4,Standard,5.0,0.0
HtsAMl59cYs,Standard,5.0,0.0
nyhJ5tnzrMA,Reaction,4.5,1.0
LEuUdNc8JIo,Standard,7.5,8.5
z7BCWqcMKa8,Reaction,7.5,6.0
zOi2Yy6jGZs,Standard,7.5,8.5
jD9nGXRz_vo,Standard,7.5,0.0
abn0w2UuaeA,Standard,5.0,0.0
1QxEO0wwDf8,Standard,9.5,9.5
RA-D6rVCZAM,Standard,5.0,0.0
dO5k9qvRKGw,Standard,5.0,0.0
Kk-UrveqAGM,Standard,7.5,0.0
uSIoLqH-D0E,Standard,7.5,6.5
zF8E3OZoQGU,Reaction,-1.0,0.0
mQArh9RuGLs,Standard,6.5,0.0
vMDVPsBHaZI,Standard,-1.0,8.0
FUXdWfzGq_c,Standard,6.5,8.0
oXXzVJ-SqnU,Standard,5.0,0.0
1905t9pCsUY,Standard,5.0,0.0
-isUHk3cu18,Reaction,5.0,0.0
Iw4K1aK1Md0,Standard,8.0,9.5
R37zr62cBOk,Standard,6.5,7.5
K1LLVw2saek,Standard,10.0,9.0
cufOzQi5HI8,Standard,9.0,9.0
fg-XMWb0SgM,Standard,5.0,0.0
dxL-p-RGTMo,Standard,5.0,0.0
ouajsqYMfk8,Standard,5.0,0.0
imWZDQH1el8,Standard,6.0,0.0
ZmelN7MYB_8,Standard,5.0,7.0
1wyeGA-ggQI,Standard,6.0,7.0
HeaNd21FFOc,Standard,5.0,0.0
ag5ZMLnN44Y,Standard,8.0,9.0
T28-9xaDxNs,Standard,5.0,0.0
yJyAsK5gRF0,Standard,6.5,9.5
r1e8qfAwYNo,Standard,-1.0,-1.0
fvdG5L2o_Q8,Standard,-1.0,-1.0
bULHInbM27w,Standard,7.5,7.5
WHgXQNTqjVc,Standard,-1.0,-1.0
b8MCEZOaYgo,Standard,9.0,9.5
WeIxvKwk4Ms,Standard,5.0,0.0
pcafjQNYe0o,Standard,-1.0,-1.0
Fpc71PoUXfg,Standard,6.5,8.5
zmw6Hj2kXIQ,Standard,5.5,9.0
2o3yqD1gJgo,Standard,5.0,0.0
gRBQRIEbQiA,Standard,7.5,7.5
QKAcB-pOjzg,Standard,-1.0,-1.0
BpNU2mLn5OI,Standard,5.0,0.0
R2DzQzhT04o,Reaction,4.5,0.0
Fw1CPUmvvDE,Standard,-1.0,-1.0
SqvuPlrFdHs,Standard,7.0,0.0
P-nGFnJFiY0,Standard,5.0,0.0
LDVI3alaxY4,Standard,-1.0,-1.0
2BWV2nZhjYo,Standard,6.0,4.0
Xl8olawsbeY,Standard,4.5,0.0
A0I5GOzo_W8,Reaction,5.0,8.5
0atGVV2ju34,Standard,8.5,9.0
s_8LO_DZ1qw,Standard,5.0,0.0
RaslD_1fbMQ,Reaction,-1.0,-1.0
8Y4QyMhMvls,Reaction,-1.0,-1.0
fDBykBaXFkw,Standard,5.0,0.0
WlXdt8asOXw,Reaction,3.5,7.5
DBN9ko5NaWA,Standard,1.5,7.5
_dG5wMhuB78,Standard,6.5,0.0
zschWMkMn9U,Standard,-1.0,1.0
3qeT2iCENWc,Standard,3.5,0.0
oMsAWVg3ouw,Standard,4.5,0.0
VwG8KpgMraE,Standard,8.5,0.0
-i2hMEoqG60,Standard,5.0,0.0
67hEi-0AVEE,Standard,3.5,0.0
nsSB4kw9_P4,Standard,5.0,0.0
QHH89mWggrM,Standard,8.0,8.5
c5vFGCXwANs,Reaction,9.0,9.0
CuD__vrCaIk,Standard,5.0,0.0
tiB8YR-ahQ4,Standard,6.5,3.5
LhtzbugCpbs,Standard,5.0,0.0
ukZ9KUuqMfM,Standard,-1.0,-1.0
8pfXx6Hpdcs,Standard,9.0,9.5
WCu-rX8JWQc,Standard,7.5,8.5
3zfkIxhwblQ,Standard,-1.0,-1.0
SxSdCuCukh0,Standard,5.0,0.0
-xybirQM3oc,Standard,5.0,1.0
YbtU8jN2C3U,Standard,-1.0,-1.0
5fr2J4u0hiQ,Standard,5.0,0.0
6Xwsw3jSnFM,Standard,5.0,0.0
hJbtwD_zJZg,Reaction,2.5,4.0
1KbMmOEql0s,Standard,5.0,0.0
ZQ6inX60tqQ,Standard,5.0,0.0
YzwAcl5Qp1k,Standard,-1.0,-1.0
eONd48JvMqY,Standard,4.0,0.0
nQ6AGDQ1faA,Standard,4.5,0.0
DFQ31MeRcEM,Standard,5.0,0.0
KeIsRzr1-B8,Reaction,5.0,7.0
22QyVow-hH0,Standard,-1.0,-1.0
FVqhbViTZxI,Standard,-1.0,-1.0
8-UVGyBHC7w,Standard,7.0,8.5
2y5iEnsFphg,Standard,5.0,0.0
pWS8JhuI1PU,Standard,-1.0,-1.0
y6CrNN5beqU,Standard,7.5,8.5
QwogIRCyyjw,Standard,5.0,0.0
tisrKVQS1ho,Standard,8.5,0.0
dwCTxoASnI4,Standard,-1.0,-1.0
mcRUM48CJds,Standard,7.5,1.5
LxD_IyLqkLg,Standard,-1.0,-1.0
K6S0hXAHAyc,Standard,7.5,9.0
yWYPCGN6jhQ,Standard,5.0,0.0
n2KgD_eToyE,Standard,8.5,8.5
2Pk7KC86Yxk,Standard,4.0,0.0
x4xOm7Xyqs4,Reaction,7.5,9.0
6RFXhqmSbjo,Standard,2.5,7.5
IKi-Uk34d4A,Standard,5.0,0.0
XgbULj0fZsY,Reaction,6.5,1.5
yciuri7FALk,Standard,-1.0,-1.0
v_PP53DF8kc,Standard,3.8,0.0
u-Lfb54wcJM,Standard,-1.0,-1.0
y3l1IXe2SUQ,Standard,-1.0,-1.0
WOD5gJTB1Eo,Standard,3.5,1.0
8K1qMc8zPpY,Standard,4.0,0.0
ukRWGDFpkgs,Standard,8.0,9.0
AN_opwh2m8E,Standard,8.5,9.0
x3i1xQXLJ8M,Standard,5.0,0.0
bVHHaptwavs,Standard,5.0,0.0
8wfB6z5PtXw,Standard,8.5,9.0
ccFIgn1acqo,Standard,5.0,0.0
dG-C6Vb1_6w,Standard,7.5,8.5
YLx21Csc8Lk,Standard,-1.0,-1.0
ZnQjvnKHdbk,Standard,2.5,0.0
7sykRfxofN0,Standard,-1.0,-1.0
kQVR2cxXbvY,Standard,5.0,0.0
RhNPtMRV6ms,Standard,5.0,0.0
v1MwWpPg4Kc,Standard,-1.0,-1.0
clma0XBKAWU,Standard,6.5,8.0
RnTvczuh9yc,Standard,6.5,7.5
CJ9fadeXCko,Standard,7.5,7.5
IzKtt4ubb_c,Standard,5.0,0.0
ugOyfdoQk1Q,Reaction,7.5,9.0
4Qg1qK4tu1U,Standard,-1.0,-1.0
2adHGJ8kTGc,Standard,5.0,0.0
QWcuPyUZFgk,Standard,2.5,1.0
69WMqkQ69_w,Standard,-1.0,-1.0
iOeI1QXLdJ0,Standard,5.0,0.0
uB7Rxoss7do,Standard,-1.0,-1.0
1sxjUTzZS1o,Standard,-1.0,-1.0
7oKypIofD10,Standard,7.5,2.5
65aEO1deFN4,Standard,2.5,8.5
Bw3I6-61mwA,Standard,4.5,6.5
k_RkQh2bVOI,Standard,5.0,0.0
NKOkGvnMJlQ,Standard,-1.0,-1.0
LGUhFqRT8pg,Standard,5.0,0.0
62v_9ZgPddU,Standard,-1.0,-1.0
H38clOQohow,Standard,6.0,6.5
Tv7gy0WTd7w,Standard,3.5,2.0
3W4DSNXz_LY,Standard,8.0,8.5
lBtd9ELdkh4,Standard,7.5,5.0
LnDHBVM1H_k,Standard,5.0,0.0
Q7OmilkgyCE,Standard,5.0,0.0
blURNAhHkm0,Standard,5.0,8.5
AkdX4kbl9VA,Reaction,8.5,7.5
w_xKYzup7pY,Standard,7.5,4.0
dfQxFUx-3-c,Standard,-1.0,-1.0
oHeh0l1uv4s,Reaction,6.5,0.0
G2Re9vRfGUs,Standard,4.0,0.0
E-RIqGck4ZM,Standard,7.5,8.5
wcbzr32oZ-U,Reaction,7.5,8.5
100Ob-T3Z5Y,Standard,3.5,0.0
uigxcjvgCXg,Standard,-1.0,-1.0
lzV_TGrYRso,Reaction,7.5,6.5
r5LSuPb0fPs,Standard,5.0,0.0
Z8SnaYXAAkA,Standard,7.5,9.0
Xn0ZUhRL-NM,Standard,8.0,9.0
81qCcCG9qIQ,Standard,7.5,8.5
gvXTLum8MCg,Reaction,7.0,7.0
pPQkVCggxRY,Standard,5.0,0.0
EGGr7KnhHJc,Standard,9.5,10.0
2qZekhwW2Fg,Standard,-1.0,-1.0
2DoNlGlvgWg,Standard,7.5,8.5
W8dsoWGywW0,Standard,5.0,0.0
9uDkgH5Qnuc,Standard,-1.0,0.0
JFtHVmxMw14,Standard,8.5,8.5
ROjGMHUdWLU,Standard,5.0,0.0
R6_LleoCjOw,Standard,9.0,9.5
I-2z1a0BOkE,Reaction,1.5,6.0
htp70snefyI,Standard,4.5,0.0
ayHsZ4olneE,Reaction,7.5,8.0
e3k63QSsWw4,Standard,-1.0,-1.0
4_WE7qYCMD0,Standard,-1.0,-1.0
aK5Pbp4QO3I,Standard,-1.0,-1.0
kIutx04c03Y,Standard,-1.0,-1.0
GMlQ_eh3WGA,Standard,8.5,8.5
GIG-X9s3teA,Standard,6.0,0.0
e1jYjQoRCgU,Standard,7.5,8.0
FAvpvpZIeMo,Standard,5.0,0.0
MdQT79Gt0Q0,Standard,8.5,9.0
xqm16SABCrE,Standard,5.0,0.0
ph0CeBCAuKM,Standard,7.0,7.5
kDri-98sWM0,Standard,7.5,1.0
4qt-oQXsZbU,Standard,-1.0,-1.0
V-3RKfV6ZAE,Standard,7.5,9.0
xejDTfwcXg8,Standard,5.0,6.5
BXFNy06UOeU,Standard,6.5,2.5
mfMQTY8V-UU,Standard,5.0,0.0
PBi1_Za_dCg,Reaction,9.0,9.5
RSkWcg8kSSE,Standard,-1.0,-1.0
hKGNM-yB3E4,Reaction,3.5,7.5
RgRA9AGQfxw,Reaction,7.5,9.5
Wz5f8jNUync,Standard,-1.0,-1.0
LTpoZpoDavQ,Reaction,-1.0,-1.0
bkJhF0VHMok,Standard,5.0,0.0
kPDFb0JmMlA,Standard,5.0,0.0
IeRob72dG_0,Standard,6.5,4.5
kgqvFuqpVAA,Standard,7.0,9.5
9GUqpdDQB20,Standard,-1.0,5.0
pwyUb920-GU,Standard,7.0,6.5
wkaOz8OO9po,Standard,-1.0,6.5
sz0xlVKKTrI,Standard,5.0,0.0
NTLLMziih80,Standard,5.0,0.0
YGY7fDNA9Ps,Standard,-1.0,0.0
PuSDi_EcqaY,Standard,7.5,0.0
oL-WdnZ3XR4,Reaction,1.5,7.0
xebc5VkW3vs,Standard,5.0,0.0
--I8kHFctX0,Standard,1.5,2.5
fDFsM-HzA_0,Standard,8.5,2.5
etc7uNXcpnE,Standard,7.5,7.5
afO-rZKImA4,Standard,-1.0,-1.0
BF_HMiMAuOE,Standard,2.5,7.5
Rt8WrzUj1A8,Standard,2.5,1.5
x0HupU14KQY,Standard,7.0,1.0
Qccoiyk7wa4,Standard,9.5,9.8
0oyoJMJtFZ4,Standard,-1.0,-1.0
rebSSy_SgA8,Standard,5.0,0.0
7mRipqaLuqI,Standard,3.5,0.0
22-b77YdWI8,Standard,7.5,2.5
1FgfHu3Rhcs,Standard,-1.0,-1.0
rjAagXX5UQQ,Standard,-1.0,5.0
7bb-Ru8VASM,Standard,5.0,0.0
Rf0s1CjRmCQ,Standard,5.0,0.0
m7WgfvjPND0,Standard,-1.0,-1.0
3WNy0mJXW-0,Standard,5.0,0.0
CaLbJUXipkc,Standard,5.0,0.0
-QzswYCmBII,Standard,8.5,9.5
bZ8zbImS4BI,Standard,8.0,7.5
FR7Y2CqcsNM,Reaction,7.5,8.5
GuEZ5XzE0Rs,Standard,8.5,9.5
HCD_EdjoQEQ,Standard,7.0,9.0
iKG1j74220A,Standard,8.5,9.5
nmE-JV54iig,Standard,5.0,0.0
TpRrsdxEN4E,Standard,8.5,9.0
AftIJSmN2Ro,Standard,7.5,6.5
sBRKF4Qyqzo,Standard,6.0,8.5
q9xN7EYCqtg,Standard,-1.0,-1.0
d4fGqEy3C8Y,Reaction,3.5,8.5
E7Ab-kATlU0,Reaction,-1.0,-1.0
TUC3GZnzHxs,Standard,-1.0,-1.0
fteuGmxDAhw,Reaction,3.5,0.0
Ohs1ZVrnyDs,Reaction,-1.0,-1.0
RaCe6xHZB-0,Standard,4.0,0.0
xBgN9HWY6_s,Standard,5.0,0.0
scNCHs4Nl08,Standard,7.5,7.0
L1y_b3b0LRc,Standard,0.5,9.0
9H55gNHMfEE,Standard,5.0,0.0
mxEVBEnpM8E,Standard,7.5,8.5
vFzIP3zK1Jo,Standard,5.0,0.0
3PsLmqFirjM,Standard,4.5,0.0
PIRKTm_MQb4,Standard,8.0,9.0
C_C3sYIHtGc,Standard,-1.0,-1.0
lWJvyoMYTks,Standard,7.0,6.5
OHNO8b-dias,Standard,7.5,9.5
WsyK60aBN1I,Standard,1.8,3.5
fDVEJoenS0Y,Standard,-1.0,-1.0
wChZncDqq8U,Standard,5.0,5.0
f32HCTWyPMM,Standard,6.5,8.5
-u4a7i83eSw,Standard,2.5,7.5
MFK-EQ3Wt_Q,Reaction,8.5,9.0
KnrwGgpHB00,Standard,2.5,1.5
WQbP51YsvjQ,Standard,5.0,0.0
GGOTHXKQRRw,Standard,5.0,1.0
jb3hucIh-gY,Standard,7.5,8.5
hJx7GZnjFVY,Standard,5.0,0.0
PUpXnSCQYwo,Standard,2.5,0.0
sbXobdhfj5Y,Reaction,-1.0,-1.0
yeIEybBlDUE,Standard,-1.0,-1.0
0C09kg_Lne0,Standard,6.8,6.5
C4WwYte5FZw,Standard,2.5,7.5
4QJXuLAWse0,Standard,7.5,0.0
csamvD8iv5Y,Standard,3.5,0.0
By8uoDfMQ48,Standard,5.0,0.0
VsmDToG1_z0,Standard,7.5,3.5
CssIu2CZGbw,Standard,7.5,7.5
bGojQi3Xe64,Standard,7.5,7.5
7X8LK-RgfFs,Standard,4.5,0.5
R0L6iCLlluc,Standard,8.5,8.5
tbG1GW9872w,Standard,5.0,0.0
BoLE7FoDDS0,Standard,8.5,8.5
TlomiZUGpMg,Standard,5.0,0.0
rr9nbY3W2ZM,Standard,-1.0,-1.0
grEyl2xnfUs,Standard,-1.0,-1.0
1V1Yfq-wKwc,Standard,5.0,0.0
0db4LfW_qiU,Standard,-1.0,-1.0
56nsRIQ3i0k,Standard,-1.0,-1.0
HmZELk4lExE,Standard,5.5,0.0
MhjRPD4Ps1c,Reaction,2.5,7.5
WuEaNhV0vQM,Reaction,-1.0,8.5
eCy_eEm8jgA,Standard,-1.0,-1.0
COlvRV6hfi0,Standard,5.0,4.0
auUtogCONUk,Standard,4.5,0.0
9_JCGuz73Aw,Standard,-1.0,-1.0
_H3GofJpVzI,Standard,8.5,9.5
M-AFshgHBsk,Standard,3.5,0.0
tJHvPLIWFb4,Standard,5.0,0.0
drd1TtG6rV8,Standard,4.0,0.0
XSAOqV8IxOw,Standard,5.0,0.0
uJxwhFeF-kM,Standard,5.5,6.5
F6xpZAwUJ6U,Standard,-1.0,-1.0
pgyUNEl91KI,Standard,3.5,0.0
FyZbYWWfEMw,Standard,4.5,6.5
_SWFqSL8k5g,Standard,7.5,8.5
vkYAPsSy9NA,Standard,-1.0,-1.0
EJNpjRr5FJ4,Standard,6.5,8.0
VwK_8d6ZypE,Standard,3.5,8.5
BzHjvqkqDuI,Standard,5.0,0.0
_Jfqm8QYbvo,Standard,5.0,0.0
4vMVsph2Wn0,Standard,5.0,0.0
KNCo_ivUCTA,Reaction,-1.0,-1.0
VhBhNmGJ3fM,Standard,8.5,7.5
MsuKQwaBv9w,Standard,-1.0,-1.0
v9STik8ZacM,Standard,7.5,8.5
TvAbZulM9ks,Reaction,7.5,8.5
-M0q0Le5Hsc,Standard,-1.0,-1.0
cxiCufThkXo,Standard,-1.0,-1.0
6-nST91QGws,Reaction,7.5,7.5
0bQceK5uGzI,Standard,5.0,3.0
Fecx7CJgjyY,Standard,5.0,0.0
OXDMnx5dxYg,Standard,5.0,0.0
uxNmFGh4r6A,Standard,4.0,1.0
-KLqs5nSITA,Standard,-1.0,-1.0
nCsNJt4sKfU,Standard,-1.0,-1.0
6rFYrL-jWIQ,Standard,-1.0,-1.0
9zIQhplU9Js,Standard,5.0,0.0
ri5CQE5xiac,Standard,-1.0,-1.0
G4lVkAEoq94,Standard,8.5,8.5
D3fWUT3vRLM,Standard,2.5,7.5
CAoh6lkZmwE,Standard,1.5,7.5
ojP-YCrNEPY,Standard,8.0,7.0
Lrv0sD6GChs,Standard,4.5,0.0
llK4M1BWNfQ,Standard,1.5,9.0
8IBJx0HqR74,Reaction,-1.0,-1.0
q-dzHldwBMI,Standard,2.5,0.0
D6x2jaMGnEc,Reaction,8.5,9.0
92s23oJbaaY,Standard,-1.0,-1.0
0fa0h3OifGQ,Standard,7.5,8.5
T7JIiShPlwk,Standard,6.5,0.0
lV-kkT_GND4,Standard,5.0,0.0
4N_wq-tqOJQ,Standard,-1.0,-1.0
cV6b5ix2lsE,Standard,8.0,6.5
bjBATL2QN0k,Standard,8.0,8.5
NF9pWcRv368,Standard,8.5,9.5
w4Y9SomH9Nc,Standard,2.0,8.0
koAFSsZt73c,Standard,8.5,9.5
yNHTXREAhhE,Standard,3.5,0.0
GpbFOkafROY,Standard,-1.0,-1.0
Q7lduMyUQe0,Standard,-1.0,-1.0
6JFZTow6_7I,Standard,5.0,0.0
VUa0LowsgXQ,Standard,7.5,9.0
zgQbsddrx3Q,Reaction,7.5,8.5
GaNBnPlKFmA,Standard,-1.0,-1.0
IZP_sBgwItc,Standard,3.5,0.0
EUVXRHbeJMc,Standard,5.0,0.0
wocd5BGtYTQ,Standard,8.5,9.5
ycmW8yrIOo0,Standard,-1.0,0.0
-8cTMHy7Xkw,Standard,-1.0,-1.0
JQSzTaiNpwg,Standard,8.5,9.0
OmbXsBUelXI,Standard,3.5,9.0
zIgSS_XAHUQ,Standard,2.0,1.0
tewp9GgpKkE,Standard,-1.0,-1.0
7ovTTXBtWqs,Standard,5.0,0.0
37i7iEWuz5Q,Standard,5.0,0.0
PNu4v7Y5_YA,Standard,7.5,8.5
reWlp9Dm9yA,Standard,-1.0,-1.0
FR9XFn3n810,Standard,6.5,6.0
CtzloSSQlKA,Standard,8.5,8.5
sCChp1yCLFM,Standard,-1.0,-1.0
IZwSkLNaOgM,Standard,-1.0,-1.0
uutloHI51Fo,Standard,5.0,0.0
7U4hCKyLPdM,Standard,7.0,7.5
Pvt6rH7NMzc,Standard,-1.0,-1.0
nEY-k_ognm4,Standard,5.0,0.0
QMN38arOYig,Standard,7.5,8.5
B0x0eiGUSt4,Standard,5.0,0.0
QZ7N_vmWjTU,Standard,-1.0,-1.0
HQqT_41RbQ4,Standard,-1.0,-1.0
2_dlPnOH7EM,Standard,5.0,0.0
uuveodcojeI,Standard,6.5,7.5
TKkr7ImZXPI,Standard,5.0,0.0
mIr5hQR8jDw,Standard,-1.0,-1.0
4Wd-I09zwwQ,Standard,-1.0,-1.0
egWNllnYhDE,Reaction,5.0,0.0
BX5rm3EX75A,Standard,7.5,9.0
2W5GrhRG3bI,Reaction,-1.0,-1.0
s_bhrW70EoQ,Standard,-1.0,-1.0
oB5uM2JTjiU,Standard,2.5,6.5
EW62t2hLS3Y,Standard,8.5,8.5
U6Sa-L3q5C8,Standard,-1.0,-1.0
_acMtEFs5X0,Standard,7.0,0.0
UZUuystGUzs,Standard,8.5,8.0
pXpMHI1Xr8s,Standard,5.0,0.0
gw2txEK6Oyc,Standard,-1.0,-1.0
c1eluwISmVw,Standard,-1.0,-1.0
mNrzt5py6_s,Standard,-1.0,6.5
TEZkOunCYJE,Reaction,7.5,8.5
e6bvN_zSb4k,Standard,7.5,8.5
CjmjwvevZAo,Standard,5.0,0.0
-qf-P4A3ER4,Standard,3.5,0.0
qtJo5QHBRXU,Reaction,6.5,7.5
15DAqgHz5eQ,Reaction,8.5,7.5
CJok9TxRPrg,Standard,7.5,7.5
kTTO53ATCvI,Standard,-1.0,-1.0
kBfWwYSKgbk,Standard,7.0,7.5
QsSHZ4xgOaU,Standard,7.5,7.5
LIrHuGUpKjE,Standard,7.5,9.5
TCmaoZYC3As,Standard,7.5,8.5
DOjwvRN0Nsc,Standard,4.5,7.0
G0KCWaT2Ilk,Reaction,8.5,9.5
wU94MvC_UDY,Standard,3.5,5.0
onbMWs_wvJg,Standard,-1.0,-1.0
ZZyfzDKhR_I,Reaction,7.0,9.0
Kv9N6UbnStw,Reaction,3.5,7.5
KwfGNy65OB8,Reaction,7.5,8.5
cIr7DmgcgAQ,Standard,2.5,0.0
7SLRBNpzXAI,Standard,-1.0,-1.0
b4rDxccIGzg,Standard,-1.0,-1.0
_FfyBmWs7Y0,Standard,3.5,7.5
WYMeW5NH7I8,Standard,5.0,8.0
NyeIvL-u6K4,Standard,6.0,7.5
pm6nq9nTPhQ,Standard,2.5,0.0
6BdRPQxiFdE,Standard,8.0,7.5
3gwkBafpcYE,Reaction,7.5,8.5
n-bK2BGRng8,Reaction,-1.0,-1.0
Hsgj8Ikk8ok,Standard,2.5,1.0
0AzHN1qjOpM,Standard,3.5,0.0
NUHjlM4SpR4,Standard,5.0,0.0
HR5ODG8R1Qc,Standard,5.0,0.0
8_E92NHTidk,Reaction,5.0,0.0
qs8Zqo4Bp8w,Standard,8.5,9.5
BPu-olt5g_s,Standard,-1.0,-1.0
oMUzzPlEc9Y,Standard,-1.0,-1.0
Jy3mwKJMBZ4,Standard,8.5,9.5
p1gD3mk8ThU,Standard,-1.0,-1.0
RG2NPlS5RZ4,Standard,8.5,9.0
oAYxCdTCU8k,Standard,1.5,6.5
EVsneyp7_Rk,Standard,-1.0,-1.0
f1ms7uwvoCQ,Reaction,8.5,9.5
tgUbvm1aZIw,Standard,-1.0,-1.0
_SgwDJsiXjw,Standard,7.0,8.5
bQdFhePLgRw,Reaction,-1.0,-1.0
W2AxTz7WGT8,Standard,8.5,9.5
466snXHjwr4,Standard,-1.0,-1.0
RuLtW1wbVyQ,Standard,8.5,9.0
0ZXeUdmYeIo,Standard,5.0,0.0
dvLmEzK6WQM,Standard,5.0,6.0
TsRwv_-2MO0,Reaction,9.0,9.5
J_RlGF1bsIA,Standard,5.0,0.0
tnsqyP3S-Gc,Standard,9.0,9.5
d68Jci0fMFk,Standard,5.0,7.0
EpBpLuCHQ8g,Reaction,7.5,8.5
DUKhFv4oelA,Standard,-1.0,0.0
uE6CWDBDnec,Standard,-1.0,0.0
D8vC6tLESoY,Standard,5.0,0.0
b3W0WbhqvjQ,Standard,5.0,0.0
-poSjLqE7NQ,Standard,5.0,0.0
u-dBC8qPs_8,Standard,5.0,6.0
Mb91xZNCYE8,Standard,7.0,7.0
Hhv_-1nUwVw,Standard,5.0,0.0
0tV-beR1GKI,Reaction,6.5,0.0
YC4QnFID7vo,Standard,8.5,9.5
F9M5SNyfmTg,Standard,8.5,8.5
_YLZPvamq2I,Standard,7.5,1.5
rZRyGqyWlu4,Standard,7.5,6.5
jQBqVrCbju4,Standard,4.0,8.5
_q7VaOzDdko,Standard,5.0,0.0
sRktBWhVfr4,Standard,5.0,0.0
LzRm2ApUfYI,Standard,4.5,0.0
Mq3vgiWYPIg,Standard,5.0,0.0
3QYB0EfCl8w,Reaction,4.0,3.5
rz5VA4ksQG0,Standard,-1.0,-1.0
ZNokloSilow,Standard,-1.0,-1.0
KIjwyN3nrwo,Standard,8.5,7.5
5KaDooV9vCw,Standard,8.5,8.0
EDbfBQNgXhg,Reaction,3.0,8.0
uG5ymoRfaX4,Reaction,8.5,9.0
ni60Sp_NiYE,Standard,5.0,3.5
7CkircMBMsc,Standard,-1.0,-1.0
-7iUK0TlIhk,Standard,5.0,0.0
nmImDibf-FQ,Standard,2.5,6.5
EytXXXUs69M,Standard,7.0,6.5
zYbhxgdD1Xs,Standard,8.5,8.5
kKIBhEscRJI,Standard,5.0,0.0
I9GF3mg5gKU,Standard,-1.0,-1.0
_-ltOL2yPDI,Standard,5.0,0.0
eaCSuVuOURg,Standard,-1.0,-1.0
h8ZaA76lbRI,Standard,2.5,0.0
DsDbF3Z7cd0,Standard,-1.0,-1.0
i3hJfUrwyCk,Standard,8.5,8.5
7i8NSiEUPA0,Reaction,7.5,8.5
LTSZ6RdA16E,Standard,7.5,9.0
0Qz-sRhfYZs,Standard,3.5,0.0
P04Ek4tFBv8,Standard,5.0,0.0
FGkBTLqXeBI,Standard,5.0,0.0
HGz2NS6aFHk,Standard,-1.0,-1.0
RmO-tgmHBlA,Standard,5.0,0.0
pZ8sqtnz7Lg,Standard,8.5,9.5
LCd51bspwbE,Standard,8.5,6.5
qRPL76vvocw,Standard,7.5,1.5
jojgkonzGeo,Reaction,7.5,7.5
5V91CDFkcI8,Standard,2.5,1.5
0rGiibTWnNM,Standard,4.5,0.0
CkaqXQTgUGY,Reaction,2.5,8.5
kSNLyQHBAU4,Standard,3.5,7.0
lMRu8hcDynY,Standard,2.5,0.0
lGrBP0wnFJM,Standard,7.5,8.5
p5ytzVcRWnw,Standard,3.5,0.0
S8QcmpweTfw,Standard,-1.0,-1.0
kaMz0e26XxE,Standard,-1.0,-1.0
BvILxlEtY3o,Standard,8.8,8.5
r-CIYXBa_dI,Standard,5.0,0.0
JLtsoUa4jJE,Reaction,8.5,7.5
pcg6vo4zD7I,Standard,-1.0,-1.0
Bgr6TUJ8AaY,Standard,5.0,0.0
kGaYuTyyyB8,Standard,4.5,0.0
n1_ivFGqUX0,Standard,-1.0,-1.0
8RgQGxv8J3Y,Standard,6.0,5.0
8NQaMGBLCec,Reaction,-1.0,-1.0
wUS8ovZgSzE,Standard,5.0,0.0
h_m_k5_GUVs,Standard,5.0,0.0
R7NoUSwinOQ,Standard,-1.0,-1.0
FYwE2fypBTs,Standard,-1.0,-1.0
s7Sdy9qn5cA,Standard,-1.0,-1.0
ZnATwbXcC8Y,Standard,2.5,7.5
RHeAIQVoH94,Standard,7.5,9.0
NbsZr44_Sag,Standard,3.5,0.0
ZLitplsUll4,Reaction,8.0,8.5
wcHr0vf48DI,Standard,5.0,0.0
ouaGiwAQMoc,Reaction,8.8,9.2
QAMPt-oqtqs,Standard,5.0,0.0
QcdL3ZyjhsI,Standard,5.0,0.0
tIlsY9k_iLc,Reaction,7.5,7.5
FiqS4rlKZFY,Standard,5.0,0.0
2BKkzcUhpMw,Reaction,8.5,8.5
50_l8N1bEo8,Standard,7.5,8.5
-fjdEdiyooY,Standard,5.0,0.0
R6CyJjChakU,Standard,-1.0,0.0
8pRbU12xTPM,Standard,7.5,6.5
Pywkw_xNXYA,Standard,5.0,0.0
aozNNh_ClBw,Standard,-1.0,-1.0
DkYsCdcJV0g,Standard,3.5,5.0
2M3y7veMKXU,Reaction,3.0,1.5
ZlVc-mxpbTs,Standard,5.0,0.0
5viYPUb96eY,Standard,8.5,9.5
PVVVqeyNIdk,Standard,7.5,7.5
h4F3YQu6Vrg,Standard,2.5,6.0
DRtQ6Sq5aPU,Standard,8.5,8.5
Akq44hc9D5M,Standard,7.5,8.5
zME2O410_Tg,Reaction,-1.0,-1.0
jAyWPLIclvQ,Standard,-1.0,-1.0
1wENkGYqDNU,Standard,5.0,0.0
QMVF6Ak4uac,Standard,5.0,0.0
2v9PoiVbWaI,Standard,-1.0,-1.0
HpOxW_o67kM,Reaction,2.5,1.5
3D70W3Zv6s4,Reaction,7.5,7.5
4g20ApWhY4A,Standard,5.0,0.0
dEPcCQrEEDA,Standard,3.5,8.0
Y7a4z9DeTGE,Standard,-1.0,-1.0
VGDg2OY8YWY,Standard,-1.0,-1.0
9eYzbVlDyW4,Standard,3.5,0.0
UKYBQr-Tpjk,Standard,5.0,7.5
JYMidDCvs0E,Standard,4.0,2.0
I9kzg5qAbJ4,Standard,7.0,6.5
3c6gNOjMFds,Standard,7.5,8.5
d1jAkEYJonE,Standard,2.5,1.5
1reK4xBZQ7I,Standard,7.5,8.5
lwX32D-i2jk,Reaction,9.5,10.0
wa2cvGRx8jQ,Standard,-1.0,-1.0
ALqS2GgqOA0,Standard,3.5,0.0
lKEIDe7DKgY,Standard,5.0,0.0
KKF5tGpMN2s,Standard,-1.0,-1.0
RnyCbTXDxSw,Standard,4.0,8.5
P2GvMhfAI0Y,Standard,5.0,0.0
cqXBk3WuFIg,Standard,7.0,0.0
MKpj6ZAi16Q,Reaction,-1.0,7.0
rOASu99_o8Y,Standard,-1.0,-1.0
Eh1iRklfsEE,Standard,7.5,9.5
-l03oVvoGbs,Standard,8.5,9.0
7lY1qYjyaqs,Standard,5.0,7.5
Cq4Kid4NnLQ,Reaction,8.5,9.0
ChuTIosmUec,Standard,2.5,6.5
Q_Ybymm6wt8,Standard,2.5,6.5
PhTT6h2GAE4,Standard,5.0,0.0
WQAoGo0ePUA,Standard,-1.0,-1.0
ljkNPGOERWc,Standard,5.0,0.0
lwxGiATa39s,Standard,8.5,9.5
iZdRs2W0KwU,Standard,5.0,0.0
103iksmq73c,Standard,-1.0,-1.0
AMfo015ABd4,Reaction,7.5,7.5
iELMYZaVXjg,Standard,5.0,0.0
cE7fiKJWvek,Standard,-1.0,-1.0
cjleVp6TjG4,Standard,-1.0,-1.0
f6DTa-JLvKM,Standard,8.5,9.0
oatEayKCDso,Standard,-1.0,-1.0
ScJ4dlnGIrs,Standard,5.0,0.0
A5PErJsYxYI,Standard,5.0,0.0
jlEibJ_MY2c,Reaction,5.0,7.0
qiRleDGNkK0,Standard,8.0,7.0
lEWw_S7I27U,Standard,8.0,9.0
ElBlEi_9QiI,Standard,7.5,7.5
ekjOrDOprng,Reaction,2.5,7.5
1COhGRTSkdo,Standard,5.0,0.0
5u_7O39k2mA,Standard,3.5,8.0
kn2kBRfdN_U,Standard,-1.0,-1.0
3g86zymEavg,Standard,5.0,0.0
QyxH9Vdhvrk,Standard,-1.0,-1.0
bIrnYCtlUp0,Standard,5.0,0.0
kcTGG0Jy_G0,Standard,6.0,7.0
Mhv4RDZLikU,Standard,5.0,0.0
5b0UBTmL_BI,Standard,5.0,0.0
7aXIiLSgdek,Standard,8.0,9.0
IlQkkP-WYP0,Standard,5.0,0.0
eh9Y41HPPNU,Standard,-1.0,7.5
I9CzWAj_7mI,Standard,3.5,0.0
xpeRNtCoXmU,Standard,7.5,8.5
yide2a7u1JY,Standard,-1.0,-1.0
J1wLTbPzhP4,Standard,5.0,0.0
X3UKXkxDmzk,Standard,3.5,0.0
KI6bhUIXVzM,Standard,5.0,4.0
Lv-vTvrEQc0,Standard,2.5,0.0
Sx15UIW3YdY,Standard,5.0,0.0
ybhQkuTGVdI,Standard,5.0,1.0
vTzP_6pKjI8,Standard,7.8,8.3
1DgKHS7D3dk,Standard,-1.0,-1.0
vzucaBWGtbQ,Standard,-1.0,-1.0
eQNr0t8f_YE,Standard,7.5,7.5
nTrv-PnBVoE,Reaction,-1.0,-1.0
HQfLNcU-MJ4,Standard,5.0,0.0
lnqbOPdz4xw,Standard,5.0,0.0
h5AJFNXP1uQ,Standard,-1.0,-1.0
cLlyDwVxxSs,Standard,-1.0,-1.0
TIGASkecBII,Standard,5.0,0.0
w0KNROV7qwk,Standard,7.5,6.5
TO5isWJcJIo,Standard,-1.0,-1.0
X60thdWsng8,Standard,8.0,9.5
vFW8dyDsUd0,Standard,8.5,6.5
inAZUbaFnuE,Standard,5.0,0.0
z6__4QMe7xw,Standard,-1.0,-1.0
M2KTYbNlzeM,Standard,7.5,1.5
VqEEB77aaSM,Reaction,7.0,8.0
E0cDIJdg9ac,Standard,8.5,8.5
mXWFUgtoYBM,Standard,8.5,9.5
r_eMsh31EiE,Standard,8.0,6.0
JQAf6LHl3aY,Standard,5.5,0.0
txymnQ7nezc,Standard,5.0,0.0
AkZ3YojbJwg,Standard,5.0,0.0
AjyMi1mkhYU,Standard,8.5,8.5
wlCMdHnXCrc,Standard,-1.0,2.5
navIkIQAkpg,Standard,5.0,0.0
1OltPAejvCE,Standard,4.5,7.5
njx3sogvoME,Standard,5.0,0.0
--z9PK9zuRE,Standard,2.5,3.5
05LdFsGEgSM,Standard,5.0,0.0
62Ne0mQAEzk,Reaction,3.5,4.0
hf12qquZyzg,Standard,7.5,6.5
5Rhm72950aE,Standard,-1.0,-1.0
DtQ59rRANcY,Reaction,7.5,8.5
3Pe7XxcVddM,Standard,5.0,0.0
rhnHaOMIxmY,Reaction,-1.0,-1.0
Dpqbykbe3VE,Standard,-1.0,-1.0
fJNWfe9-DnU,Standard,-1.0,-1.0
zqjDjiGOfG8,Standard,2.5,7.5
GAc7ltDXKGQ,Standard,-1.0,-1.0
zYPHmkVcV3A,Standard,8.0,9.0
2NC0wENTLsA,Standard,-1.0,7.5
0ze5HrGgUSg,Standard,5.0,0.0
d414BasrMt0,Standard,5.0,0.0
wYxM8HXqVRM,Standard,7.5,7.0
BH0EBED9-LM,Standard,7.5,8.0
lnkMjiqhTlE,Standard,-1.0,-1.0
TdLSkW0TCMU,Standard,3.5,0.0
suMJt-Ax21I,Standard,5.0,0.0
IEiFVBdkpmE,Standard,-1.0,-1.0
75GXoiUU6D8,Standard,7.0,1.5
VGIaLvvUn2Q,Standard,4.0,8.5
sxbBMs8w9BA,Standard,-1.0,-1.0
WQcT5eLV4GY,Standard,5.0,0.0
gwhTWhIvP00,Standard,8.5,7.5
6xKPHNgytcU,Standard,9.0,9.5
M2ePD9vAD7w,Standard,-1.0,-1.0
XAgznYWtg20,Standard,-1.0,-1.0
tbKyDdQarhw,Standard,-1.0,-1.0
9Qh77zQNe_g,Standard,5.0,0.0
WDKngnUoRSo,Standard,-1.0,-1.0
qwT9U6eFxAQ,Standard,7.0,7.0
e-mgvmL-_rg,Standard,5.0,0.0
c6VmBKZ0D00,Standard,-1.0,-1.0
yPhOdhCQVHU,Standard,5.0,0.0
7d-5mIdXevk,Reaction,8.5,9.5
vh8MpyGJ4R8,Standard,6.5,4.5
zSmJ9D8EZmo,Reaction,8.5,9.5
q03KDhizVnY,Standard,5.0,0.0
2_Bj1YHHy5E,Standard,8.0,9.0
2-ejKOH8Cpc,Standard,7.5,9.5
-JM00yOYmsU,Standard,-1.0,-1.0
MPilwEaUT88,Standard,-1.0,-1.0
WcgqiMb8IQg,Reaction,8.0,9.5
n7Mo1sq-wM0,Standard,4.5,6.5
WIvYk6gCP6Q,Standard,9.0,9.0
9XVLg_O2rlY,Standard,5.0,0.0
hG4ccPU4ytU,Standard,5.0,0.0
5yhRNgGxb0U,Standard,7.5,9.0
3W7nAYd3Bgg,Standard,3.5,2.0
qEaWN7p5M-0,Standard,7.5,6.5
9WmavrkSmsU,Standard,2.5,0.0
BfnZ4i3oHb4,Standard,-1.0,-1.0
hwZQVM7Q4Os,Standard,5.0,0.0
8hGc1JkjcxE,Standard,5.0,0.0
F2tuf7tyYUk,Standard,7.5,7.0
_T9axTIB6B0,Standard,5.0,0.0
fXCRHRATDGI,Standard,8.5,7.5
jZVI0UxVpaw,Standard,5.0,0.0
ka68Riyqt3g,Standard,3.5,0.0
rgNWKXGtB48,Reaction,8.5,9.5
2-lrzglYlWE,Reaction,5.0,7.5
YbASAfl6qUo,Reaction,2.5,6.5
LRtvS3uFVHI,Standard,7.5,6.5
uQbIUPZ8DPI,Standard,4.5,4.0
sJe3BzyjeAU,Standard,5.0,0.0
l6P608PFpi4,Standard,8.5,9.5
MgyzC6ZmHHE,Standard,10.0,10.0
qkVaaIpQz-c,Standard,-1.0,-1.0
Qmjsl8jGYmk,Standard,8.5,8.5
HEtXEouikHc,Standard,5.0,0.0
lbmVMZotp4Y,Standard,8.5,9.0
wItFw10JYjw,Standard,-1.0,-1.0
qrKsVwfuTfA,Standard,-1.0,3.0
Oxz3gWTvdVM,Standard,7.0,0.0
qxcBN1Z4wDo,Reaction,9.0,9.5
QSS_mvkd2HM,Standard,5.0,0.0
ckjuMg0xoN8,Standard,5.0,0.0
cEa6CmCESIo,Standard,-1.0,-1.0
pAIjWerunj8,Standard,5.0,0.0
4c_eBct5I7I,Standard,7.5,8.5
klrzmHkKNvg,Standard,5.0,0.0
zeffW3jGhUA,Standard,6.5,4.5
2IBMVh4YQHY,Standard,-1.0,-1.0
pkXgmn4QOpg,Reaction,7.5,9.0
lrdt9vI3F8E,Standard,7.5,6.0
gyaUrF1YMDc,Standard,3.5,6.5
Lhn368-alJE,Reaction,2.5,6.5
tSVkKD963Gw,Standard,5.0,0.0
5Di5KTaaZQs,Standard,7.5,8.5
gMgB2NW5Asc,Standard,-1.0,-1.0
M3H1tfQjib8,Standard,5.0,0.0
IAs9JHpMueQ,Standard,7.0,6.5
7Kiwn9R6QyI,Standard,-1.0,-1.0
sph59JCvI5s,Standard,-1.0,-1.0
26FgGATWtLU,Standard,5.0,0.0
cIaIPdk7OeY,Standard,7.5,6.5
x8gSjkgdcrI,Standard,5.0,0.0
zF4BmLhXt9M,Standard,7.5,9.0
3opXeJmePHg,Standard,7.5,7.5
RMV9UCl3yHk,Standard,2.5,0.0
h6Sms07gdRw,Standard,5.0,0.0
BAXES_QV8ZU,Standard,2.5,1.5
0Jj1XYhb_a4,Standard,3.5,0.0
pvrKVihavrs,Standard,-1.0,-1.0
U4hMLV0hzXY,Reaction,9.0,9.5
KZ9kLGpD4Ik,Standard,2.5,1.0
jltUAR4Gbck,Standard,8.0,8.5
ImgjhSCkp2M,Standard,3.5,8.5
zgBx5pjlQN4,Standard,7.5,7.5
5bFYZK9Wi58,Standard,5.0,0.0
Gx6jKM9xtRs,Standard,-1.0,-1.0
F-Ccxo0zJm0,Standard,-1.0,-1.0
XLUSCoEOv5I,Standard,-1.0,-1.0
uNQns_bioIQ,Standard,-1.0,-1.0
D-WZqzCgHeQ,Reaction,7.5,0.0
eRn2WDVdSJA,Standard,8.0,7.5
eDLHIxEntW4,Standard,-1.0,0.0
h80jJS0_5is,Standard,-1.0,-1.0
Y9L1rBbOo_Q,Standard,8.5,9.0
XbKemARz8vo,Standard,5.5,0.0
tah3Ne3wxHc,Standard,6.5,7.5
VmeCI_WCReg,Standard,7.5,8.5
GKX_VU1Xhns,Standard,4.0,7.5
yVgAlK5R5co,Standard,7.5,8.5
5jiUKuzwEbI,Standard,8.5,7.5
cQKUxRW8JzA,Standard,5.0,0.0
nr8cWHgNxII,Standard,-1.0,-1.0
g-6GI33w3iw,Standard,8.0,7.5
ssSQ4Uv_dAA,Standard,7.0,0.0
iHeeFVsmvkE,Standard,5.0,0.0
mprERPGLJwE,Standard,5.0,0.0
e0G-0xKRPzI,Standard,8.0,8.5
cNSYj34Tkwg,Standard,-1.0,0.0
GyFH1hT0op8,Standard,2.5,0.0
yYTRdxL8ezo,Reaction,8.0,9.0
xzvDqPlTGHk,Standard,5.0,0.0
IOuwRM59QG4,Standard,5.0,0.0
uAeGeYip2CY,Standard,-1.0,-1.0
ZpXGaMeptxA,Standard,5.0,0.0
LNSvalIAyDM,Standard,1.5,8.5
b6uEF5IpZ-U,Standard,7.5,9.5
9wujltQfeRw,Standard,9.0,9.0
1JWUJ0uKRjA,Standard,7.5,8.5
GY1m8K6ESxE,Reaction,8.5,9.0
_rZ7niD0k2Y,Reaction,4.0,8.5
Lh_wJOiJ0dk,Reaction,6.5,8.5
zGTHOKn3pxs,Reaction,-1.0,-1.0
NPfHSJ9r5ak,Standard,5.0,0.0
7Vzzoe5dHqY,Standard,5.0,0.0
YebBza2Q9bE,Reaction,7.5,8.5
DZ3O2AT9mCM,Standard,5.0,0.0
3j9NPr1G3sA,Standard,-1.0,-1.0
WXCOoEuWMtg,Standard,-1.0,-1.0
n6csIe6f8Bc,Standard,-1.0,-1.0
z43iZCyC0vA,Standard,8.5,9.0
YJ4Cmz3loUo,Standard,6.0,0.0
cLiNYKAZg60,Standard,3.5,8.0
iX_Z1XSKrOs,Reaction,-1.0,-1.0
ve_niEpCZk4,Standard,6.0,8.5
2DwBIXT1Fv4,Standard,5.0,0.0
7HX8fAPUhwM,Standard,7.5,9.0
ONLXgb437R8,Standard,4.5,0.0
2h2tjiClzUM,Standard,7.5,8.0
o2uZSKs67f0,Reaction,7.5,8.5
Xcp0kju5oQI,Standard,5.0,0.0
5SY8mrkqMaE,Standard,8.5,9.5
bM5RctPMYLI,Standard,-1.0,-1.0
ETPwpVoiAVU,Standard,4.0,0.0
x27SFY2yjvo,Standard,5.0,3.5
bwctuqdk-XI,Standard,2.5,1.5
MEsgFDfju_8,Standard,5.0,0.0
a2-H8XdKLOI,Standard,-1.0,-1.0
cazkUOYHsLs,Standard,-1.0,-1.0
VPAvRQHTAcE,Standard,-1.0,-1.0
4Z9_QmZfb80,Standard,-1.0,-1.0
XTXZl2CG9aI,Standard,-1.0,-1.0
HQP7mS4NALM,Standard,5.0,0.0
QvFasiumflQ,Reaction,5.0,7.0
ApW9ProScmw,Standard,8.5,9.5
EQvTNC3XLtc,Standard,3.5,0.0
CQfC4fBDXYE,Standard,-1.0,-1.0
yj-SrY5BgJ0,Reaction,-1.0,-1.0
gLe40_RkVCo,Reaction,6.5,7.5
Dvy40cmli_E,Standard,5.0,0.0
JgcPQWHLekc,Standard,4.5,0.0
8EgW5N1DUnk,Standard,8.5,7.5
T_VDS6_hC-I,Standard,8.5,8.0
rl5mTD2AVdY,Standard,8.5,9.5
sFQTsan6IFc,Standard,5.0,0.0
-2Rh2-Ybk3Q,Standard,2.5,1.5
9GPDjNiSA9U,Reaction,-1.0,-1.0
ootGEi3eY5E,Standard,8.5,8.5
dSiTnOqK814,Standard,-1.0,-1.0
nsHE5A-WDvQ,Standard,8.5,9.0
q_7raDq5jZ8,Standard,4.5,7.0
OYh21RgMcZU,Standard,9.5,10.0
cJRsBR8dmV8,Standard,9.5,10.0
0Jz3sRyZP0E,Reaction,8.5,9.0
NfIhbvk_L3A,Standard,-1.0,-1.0
e2AJSXjvj5g,Standard,6.5,6.5
PF8EirZu1Z8,Standard,5.0,0.0
1c1QD_r0Kj4,Standard,7.8,9.2
zg_5-p3xpkM,Standard,8.5,9.5
bXRY9P_IQEU,Standard,7.5,7.5
WAfIJ7e470Q,Standard,5.0,0.0
pG3qAucmdoY,Standard,8.0,9.0
oUTz3-T9Ofw,Standard,5.0,0.0
seP4Csre5Go,Reaction,7.5,9.5
_Z69K_sYCXk,Standard,4.0,0.0
vKe2rVu1Lso,Standard,3.5,0.0
rmo8Ay22-_s,Standard,7.5,9.5
fyAMvHN5GbE,Standard,4.0,0.0
8qrNfDv9h-4,Standard,5.0,0.0
tAw0qGAzbCk,Standard,6.0,0.0
0wr5SzOVycg,Standard,6.5,8.5
fEAYI4q4beY,Standard,3.5,0.0
kT7SqH_DdvI,Standard,5.0,0.0
2BVBZImHTHo,Standard,-1.0,-1.0
nJJHj66uruw,Standard,3.5,1.5
ouoep7S2y50,Standard,8.5,9.5
_MTcL1vmicc,Standard,5.0,0.0
0TlicvzLoRI,Standard,7.5,7.5
zlwXuvCqfwg,Standard,7.5,0.0
FsKUOpSbBlM,Standard,9.5,9.5
wiKUZaXgc84,Standard,5.0,0.0
NJ7LWl31DEQ,Standard,-1.0,-1.0
0kZYg0KeP3c,Standard,7.5,8.5
xG0k865Cuiw,Standard,7.0,0.0
T5zttyzcCSw,Standard,3.0,0.0
MpKf1w0c6sE,Standard,7.5,8.5
A1Blo3m_G80,Standard,5.0,0.0
A4JGGPOoOFw,Standard,5.0,0.0
awty0WscXn0,Standard,8.5,9.0
EzAcgtPdb_I,Reaction,-1.0,-1.0
TQoUugIsd00,Standard,7.5,6.5
tXSs5cNj5G4,Standard,-1.0,-1.0
FGWC7n8rJvs,Standard,5.0,0.0
1jw586Jepkc,Standard,5.0,0.0
0ygKRJkuVDY,Standard,7.0,7.5
CTpTf7i0JZo,Standard,5.0,7.5
Yce5ku58kNg,Standard,-1.0,-1.0
9vL2lnEmiQE,Standard,7.5,8.5
TxiZHsatgW8,Standard,-1.0,-1.0
dEDdOA2QIis,Standard,-1.0,-1.0
XJS21oCs3NA,Standard,5.0,0.0
CoAUQ-kQGbo,Standard,-1.0,-1.0
R2byYLY9caU,Reaction,7.0,8.5
z4NsfVe2RIQ,Reaction,6.0,7.0
IuQzHkE5bkQ,Standard,5.0,0.0
be8UY7sg3wU,Standard,5.0,0.0
Rr7KO6-6Oso,Standard,-1.0,-1.0
IF7FQNfm5sM,Standard,6.0,0.5
YVGsEsxpC4Y,Reaction,7.5,9.0
QSrhlDSBjqQ,Standard,-1.0,-1.0
OGWIuaTYMDU,Standard,4.0,0.0
J8jqBbO6OU8,Standard,-1.0,-1.0
p2GU_0lTSRI,Standard,-1.0,-1.0
RNCiyMo7RTE,Standard,5.0,0.0
I5jutgyEGFg,Standard,8.0,7.5
ZTNEdJg1Fmg,Standard,-1.0,-1.0
USXbzaB4Ya4,Reaction,7.5,8.5
YGnNN_Vls-A,Standard,5.0,0.0
2-f8WWwE5jw,Standard,4.5,3.0
sFAC5OmVgPY,Standard,3.5,8.5
hUpde6GgRwk,Standard,-1.0,-1.0
QGUkaW3Tvwk,Reaction,-1.0,9.0
17RCCYOvMVA,Standard,-1.0,-1.0
ZXRaUZAhbT0,Standard,7.5,1.0
iwWihIQMdzU,Reaction,2.0,8.5
XVaC7Mubs0Y,Standard,-1.0,-1.0
ys2zk0TZVF4,Standard,-1.0,-1.0
q_7cZxuqArY,Standard,5.0,0.0
LJw9n5geTmc,Standard,-1.0,0.0
xlPietqxArQ,Standard,9.5,9.5
w6gPBLJsfHM,Standard,3.5,2.0
eBc4rqs5V1I,Standard,5.0,0.0
kQCqv1klb-Q,Standard,5.0,0.0
5OJM9CBPJkY,Standard,1.5,1.0
lkPUJORP7Kc,Standard,-1.0,-1.0
nCK8ZIQlETY,Standard,5.0,0.0
Dkznei199iY,Standard,5.0,0.0
VAUI8KS2mZI,Reaction,5.0,0.0
ZMf6BLYgytw,Standard,2.5,7.0
4IYwLZZHTwI,Standard,-1.0,-1.0
jxZqG10vsjk,Standard,5.0,0.0
YMKMRZSIquI,Standard,8.0,9.0
SM7fU9ztWWY,Standard,5.0,0.0
B01863SmYdY,Standard,8.5,7.5
tYG6XK5jhvw,Standard,5.0,0.0
O1l_AHa0w1w,Reaction,-1.0,-1.0
kkk-gxruhrU,Standard,-1.0,-1.0
sAtrIw92x9w,Standard,4.5,0.0
2TR-bo0APyk,Reaction,5.0,0.0
k2qNeaw5EyE,Standard,-1.0,-1.0
gOgu9rFUttE,Standard,7.5,8.5
rdDtlmsweiw,Standard,-1.0,9.0
AR4wf0KRFOI,Reaction,-1.0,-1.0
lpk_v8bbW18,Standard,7.0,6.5
6StYs4xB_bc,Standard,8.8,9.2
mDJFP58ock0,Reaction,2.5,0.0
Se7UVa_8amQ,Standard,5.0,0.0
MgUE51wRZsw,Standard,5.0,0.0
8alpyuCszBE,Standard,9.0,9.5
Wz3EllGDkjY,Reaction,5.0,0.0
Gzlkq359sj8,Standard,5.0,0.0
7aranjqnIgo,Standard,-1.0,-1.0
6rVvVB8QUGM,Reaction,8.5,9.5
weq5zdWDqsQ,Standard,8.5,9.5
hBjD8cfAmCk,Standard,5.0,0.0
7FRIuCSTlNs,Standard,-1.0,-1.0
OKpLOdgEM8g,Standard,-1.0,-1.0
GfyDZOHaXEA,Standard,5.0,0.0
xlrRcMtpuls,Standard,-1.0,-1.0
E09YSc5Py-E,Standard,5.0,6.5
I9NqXrwZ-CM,Standard,-1.0,-1.0
haxbwqr7Ago,Standard,3.5,7.0
POVB2GVbPIs,Standard,-1.0,-1.0
KMVZOQZ6HXw,Standard,5.0,0.0
xrnwxkph7Mc,Standard,8.0,8.5
fmHUBaj7SXc,Standard,7.5,0.0
UnhZntS_ewA,Standard,-1.0,-1.0
jhHgG6Qcrig,Standard,5.0,0.0
e7PxLLf_0XQ,Standard,2.5,1.0
Zdrlu-NT8zY,Reaction,8.0,9.0
CmhxUw-r6gM,Standard,-1.0,-1.0
hzGGm1HCXGo,Standard,5.0,0.0
s9I6cg29RkI,Standard,3.5,0.0
vW4f2gbRIfo,Standard,5.0,0.0
qpXFus7LNoQ,Standard,4.0,0.0
PzsfJ2A3Wn0,Standard,3.5,0.0
SP_JxRTMGx8,Standard,3.5,0.0
cqlSoCZ8-PI,Standard,5.0,0.0
4u84tsOvpa8,Standard,5.0,0.0
ZYInHxBZuJQ,Standard,8.5,8.5
nv1Wsl90I3c,Standard,-1.0,-1.0
F6bZKnCr22s,Standard,5.0,0.0
-_E07f2j1J8,Standard,4.5,0.0
JSO3vszLgic,Standard,6.0,4.5
RAziO-Vmvfk,Standard,8.5,7.5
-OYREHZXvxs,Standard,-1.0,-1.0
Obs8Xk7JXY8,Standard,-1.0,-1.0
CZ9tDNhKp5c,Standard,5.5,5.0
hFb2eKJAvhA,Standard,5.0,0.0
GBO-8JAGiWs,Standard,5.0,1.0
Pf-wa3V_nPE,Reaction,4.0,0.0
3T9tctbexXw,Standard,-1.0,-1.0
hMZ0OTZr3NQ,Standard,8.5,8.5
ayPZXq8IdGc,Standard,-1.0,-1.0
gstY8zQpe2Y,Standard,-1.0,-1.0
pib8tdj9r94,Reaction,-1.0,1.0
4dfaHmC5l8w,Standard,4.0,7.5
ENjTFWdLMHI,Standard,1.5,7.5
8t4vnX32sLU,Standard,8.0,9.0
eQMl0f6mJyU,Standard,5.0,0.0
MLLv2e-un08,Standard,7.0,8.0
wmxhgEA1JMk,Standard,7.5,7.0
LhcW4ri4Bu4,Standard,-1.0,-1.0
Gxj_Yv8JgA8,Reaction,7.5,9.0
TE6Y1epm2io,Standard,5.0,0.0
SFNWcqivrFs,Standard,5.0,0.0
bFoNubme63M,Standard,5.0,0.0
1v_kIUgHa8U,Standard,-1.0,5.0
N0muOXytlJw,Standard,7.0,6.0
CfEXcWxwhf8,Standard,5.0,0.0
aHvSgwWc_GA,Reaction,-1.0,-1.0
CDkW9lbEV6E,Standard,-1.0,-1.0
vWAurFpH3XY,Reaction,-1.0,-1.0
O6aaGaNcVpY,Standard,5.0,0.0
wR9wR1a2Z7Y,Standard,-1.0,-1.0
j4Y1JPdjedQ,Standard,5.0,0.0
roO_FfpFCvE,Standard,7.5,9.0
dUVeZzj9p3Q,Standard,9.0,8.0
OKG4MJiA_5Y,Standard,5.0,0.0
D5bJY8ht75E,Standard,3.5,0.0
obzMDrqC0mw,Standard,5.0,0.0
ZL-BMFEogLs,Standard,7.5,9.0
M7z30zVcH_Y,Standard,8.5,9.5
c6Kwt2nhKOE,Standard,-1.0,-1.0
SXw8Q4D_z9I,Standard,7.5,0.0
0DWjEpeGjIM,Standard,2.5,8.5
LMb1b3n0Wnc,Reaction,8.5,9.5
DlzJ5i5nsAM,Standard,4.0,5.0
sZJWmAHlQlw,Standard,-1.0,0.0
DnnjUpJUhs8,Standard,9.0,9.5
STj2CydNNyU,Reaction,-1.0,-1.0
HKgTRAJdk8g,Standard,6.5,6.0
rz_-NnHBJb8,Standard,4.0,6.0
LzHTAbisAv0,Standard,7.0,8.5
bElxD2ISsSM,Standard,-1.0,-1.0
E5Og5EQg4V4,Standard,-1.0,-1.0
uBN_pWdvqcE,Standard,-1.0,-1.0
4BU3roSQL_A,Standard,5.0,0.0
AS-RAWDgmdg,Standard,5.0,0.0
SJboToEWgGw,Reaction,8.0,9.0
eByuHfuVnEc,Standard,3.5,0.0
o7i6pYdnZv8,Standard,5.0,0.0
btgOAP_elUY,Standard,8.5,8.5
BOgjx7f0IhA,Standard,2.5,7.0
evI7v50fxko,Standard,0.5,0.0
IL0zmQJc7ik,Standard,7.5,8.5
pAovVwh_2Cs,Standard,5.0,0.0
B2u_lWQ7mOE,Reaction,7.5,0.0
1EnvrsicoOA,Reaction,7.5,6.5
a7UWEEJbLzg,Standard,6.5,6.0
7P81dFI6MqM,Reaction,-1.0,7.5
AenCzCYK0A4,Standard,8.5,7.5
iJV0ndrrAlY,Standard,3.5,0.0
5tAt2PhvC0M,Standard,5.0,0.0
kCu6Tcxj0bw,Standard,4.5,2.5
Z9jx9PgB-Cs,Standard,8.5,8.5
2IybYShtiiY,Reaction,-1.0,-1.0
AyMirtP5HPA,Standard,-1.0,-1.0
GmcqKUY7o3w,Standard,7.5,2.5
iUVUiJ_6wAc,Standard,3.5,5.0
CCjfqTdzIO8,Standard,8.0,8.0
3Mx3LMRFoJc,Standard,9.0,9.0
bLFpZ_OOb3A,Standard,5.0,0.0
4yErOQqZ_AQ,Standard,7.0,7.5
SD5shzu-izY,Standard,8.5,8.5
SB33HH-kD9M,Standard,6.5,4.5
R8TUHZBUdLM,Standard,5.0,0.0
klmQk-iICe4,Standard,5.0,0.0
jBALaqC82uo,Standard,5.0,0.0
PtHb_mjrwHU,Standard,-1.0,-1.0
AAhGf7ec-WY,Standard,2.5,8.0
TUUpYzjl4Rc,Standard,-1.0,-1.0
G1lWJSOX1Sk,Standard,7.5,9.5
JkvAssEggcs,Reaction,9.0,9.5
dGBeyLAsxeM,Standard,7.0,0.0
vswUuYkK-AU,Standard,-1.0,-1.0
5j7R4yvHk0g,Standard,8.5,8.0
GMX_oH1bAYQ,Standard,7.0,6.5
N-fEEJ1oQL8,Standard,5.0,0.0
z6V5AUYnzh0,Standard,7.5,9.5
8VdEXBdpc4w,Standard,2.5,8.0
V1qAk8XYxuY,Standard,5.0,0.0
UBam-Ymff2k,Standard,7.5,8.5
XrR1wnlDKq4,Standard,3.5,0.0
eRHGyB_zm5k,Standard,-1.0,-1.0
9rK27BkVURw,Reaction,4.0,7.5
FsM_qvY8gmU,Standard,8.0,9.0
14Ixl69aQWM,Standard,5.0,0.0
-rl75DcBxXE,Standard,5.0,0.0
hHbkM6psTBU,Standard,8.5,9.0
WIGXmK1w1cU,Standard,5.0,0.0
duvq1rFcHIc,Standard,-1.0,-1.0
ebo8ZbNTF-U,Standard,9.0,9.5
QwFt2-PzuP4,Standard,-1.0,-1.0
l9TsIXJOJPI,Standard,5.0,0.0
TGUaRrq_4kw,Standard,-1.0,-1.0
e66a_DXxFOw,Standard,8.5,9.0
XiTJSHiJSpU,Standard,-1.0,-1.0
CSrejIOsBR8,Standard,5.0,0.0
XJZtKOby6dY,Standard,8.0,4.5
CTIcShw63cE,Standard,4.0,1.0
EZSPhqfYVns,Standard,-1.0,-1.0
DOKBKG1KxRQ,Standard,5.0,0.0
gpoJq1c8UKQ,Standard,8.5,9.0
0ZY96zuuAkg,Standard,8.5,9.5
3bA2m-bn7XM,Reaction,7.5,8.0
ZRo1e3hCjP4,Standard,5.0,0.0
CC3b-BX4DwE,Reaction,7.5,8.5
vLbUSWTJQNo,Standard,5.0,0.0
NhyYvBSTR1Q,Standard,5.0,0.0
t92StM5xG9U,Standard,-1.0,-1.0
NcI8KGWRJFE,Standard,-1.0,-1.0
Kyj5fbicMxE,Reaction,6.0,5.0
NJz0qJs00zw,Standard,8.0,1.5
q5BLZS6fW9I,Reaction,-1.0,-1.0
J27_5FzaxYg,Reaction,6.0,0.0
1rNdzn9SBPs,Standard,8.0,8.0
Nl1q8XSP2NM,Standard,-1.0,-1.0
ZNW3C1krWPM,Reaction,7.5,9.0
rqx9b7vQzY4,Standard,2.0,8.0
U0gi9f-D73Y,Standard,5.0,0.0
uMgXQqrrqyc,Standard,8.5,8.5
f-aQhRdaWkQ,Standard,8.0,9.0
_Bw0Ykv__iM,Standard,5.0,0.0
u_BYgW-Va0I,Standard,5.0,0.0
4s7fUIgbSrY,Standard,5.0,8.0
Y8CXlU36sK4,Standard,6.5,0.0
8qb0Qp428c0,Standard,7.0,9.0
d1Q5ZgGJnrE,Standard,-1.0,-1.0
_S9e34iseJ4,Standard,3.5,0.0
bpZgfBwV8C8,Standard,-1.0,-1.0
p39LPNZy46w,Reaction,8.5,9.0
YJP5SuITrwQ,Standard,4.0,0.0
Pj38UZiNuyI,Standard,5.0,0.0
d8E4hHSiqEU,Standard,7.5,7.5
37lm_uLfnWQ,Standard,9.0,9.5
EB4VA_ci4xc,Standard,5.0,0.0
R3WDjEAAkJY,Standard,8.0,8.5
ufK3sF-CfFw,Standard,5.0,0.0
gCefnMBDjY0,Standard,5.0,0.0
nV4T1xN9snM,Standard,-1.0,-1.0
U1ESXyGbDX8,Standard,7.5,9.0
XSQnqj-Agtc,Standard,9.5,9.5
1RWo2CaMr44,Standard,8.0,9.5
yE1rmYrDHJU,Standard,7.5,8.5
g7q33ZGBXzg,Standard,3.5,6.0
lWZZG8SG-Yw,Standard,3.5,0.0
j3T3mfdnzbM,Reaction,6.5,0.0
riIEedzTB1c,Reaction,-1.0,8.5
8L5TW3ymm-I,Reaction,7.5,8.0
_mEMUcnGyB8,Standard,-1.0,-1.0
vvygWcshXRY,Standard,8.0,9.0
ysck4RjnBuA,Reaction,6.5,9.0
Q_8e1UJpPbo,Reaction,7.5,8.5
RnO8fKrET1Q,Standard,4.5,0.0
rgyxJGnYq1o,Standard,8.5,8.5
Mln3tkoDMSI,Standard,6.0,7.5
Afhwvw34JvY,Standard,5.0,0.0
PxQgOHu-vBc,Standard,5.0,0.0
dD2mudteZ9g,Standard,6.0,0.0
AZtgUwDS9mU,Standard,-1.0,0.0
jDQt25YAyn4,Standard,7.5,9.5
9jQlqTMgeOk,Standard,-1.0,-1.0
HJpbU_ZQPNw,Standard,-1.0,-1.0
7wgpcU2hyBg,Standard,4.0,0.0
wW0i1kz2kQE,Standard,5.0,0.0
D87iOvN_cYw,Standard,5.0,7.5
qGmswTqq5BU,Standard,-1.0,-1.0
xoxfapCGKDA,Standard,-1.0,-1.0
MhE2DuydEC0,Standard,-1.0,-1.0
x-ovger4H6I,Standard,5.0,0.0
9vNi0E1xUgI,Reaction,8.0,9.0
KNRrg7D-Uf4,Standard,8.0,9.0
bROxZl16IPo,Standard,6.0,0.0
6wFZu8QJieA,Standard,7.5,8.5
iQVuCWD1GIg,Reaction,8.5,9.0
VHAzF63klEk,Standard,6.5,1.0
-ip0P5gq6ho,Standard,5.0,0.0
UZ7NJPKog5M,Standard,7.5,8.5
C0W5LABL5pQ,Standard,-1.0,-1.0
XO-Y3KIhRIM,Standard,-1.0,-1.0
5mwNfTHI7us,Standard,7.5,8.5
3Fncx7Uo3gQ,Standard,5.0,0.0
l2XyCqk9GBQ,Standard,-1.0,-1.0
itfZkA4uCjk,Standard,-1.0,-1.0
DauOounDQj0,Standard,5.5,1.0
HP0C_UQFLYI,Standard,3.5,9.0
Daz1HsDF7hw,Standard,7.5,7.5
r-yx-C5JfUg,Standard,5.0,0.0
ioQWR3oS_2A,Standard,-1.0,5.0
yVKEGLgGUcA,Standard,5.0,3.0
PZs64UVsYFA,Standard,9.0,9.0
7e2s-fVCFOg,Standard,-1.0,3.5
wTW5pO6GusE,Standard,5.0,0.0
wsTxaooue3I,Standard,8.5,8.5
NsQaVhuNap0,Standard,5.0,0.0
UXTxQmOW1j4,Standard,-1.0,-1.0
qr-Bu6Lv7BA,Standard,6.5,7.0
988tyOvjXKI,Standard,5.0,0.0
7Lu3oEmMEGM,Standard,5.0,0.0
d2LN2BhzEdw,Standard,7.5,9.5
XRQHKp9KQQ8,Reaction,7.5,9.0
7DWhW_yKeSs,Standard,-1.0,-1.0
nM4u_KkhIhM,Standard,6.0,2.0
F2WfEaa2iRI,Reaction,8.0,9.5
ZqCWSPI3bJU,Standard,8.8,9.2
IKcK-YJrP3I,Standard,5.0,0.0
J-3Pca5-qp0,Standard,5.0,0.0
WP1vrRPuZB4,Standard,7.5,8.0
3p2j_fu3VdQ,Standard,5.0,0.0
blVsWHvqpYQ,Reaction,8.5,9.5
tpbQYPNSXys,Standard,3.5,7.0
HND_g5h4u8A,Reaction,7.5,1.0
4PVSoeFIq94,Reaction,-1.0,-1.0
SIIbEzmCgEc,Standard,7.5,6.5
h2g-aODBPtw,Standard,-1.0,-1.0
HGToYNYrGR8,Standard,-1.0,-1.0
UjVvexOWTuI,Reaction,9.5,9.5
DoSZ-8qvan8,Standard,3.5,0.0
GRHj4mHW03o,Standard,5.0,0.0
0VE5CIB_vJc,Standard,7.5,7.5
5ioeCclfDwA,Standard,8.5,9.5
xftcKGIUoyo,Standard,6.5,7.5
nZzQxz665Ns,Standard,-1.0,-1.0
xHCkgCrtrMo,Standard,5.0,0.0
J3vYKCqakhg,Standard,-1.0,-1.0
KJ1WDbHG14w,Standard,5.0,0.0
WfsRe7rf8FU,Standard,-1.0,-1.0
iIr46OlZeQc,Standard,5.5,0.0
wWKcsz4NZ3s,Standard,-1.0,-1.0
GeD80lKxonM,Standard,5.0,0.0
TeQPyAliOLA,Standard,5.0,0.0
TCfeAb8xJX0,Standard,-1.0,-1.0
uUFvwjKizbY,Reaction,7.0,8.0
9eUs8X5dtP0,Standard,8.0,9.0
sy9FTH6WxBw,Standard,-1.0,-1.0
JsUrQqkozQo,Standard,5.0,0.0
fkJfnzeW8J4,Standard,1.5,6.5
H0KJd2rYCFc,Standard,7.5,8.5
eSO8p40HEOo,Standard,7.5,0.0
rI2IGj9Sp5M,Standard,-1.0,-1.0
uhQxyOU4eow,Standard,5.0,8.0
Bunl1iOsx2k,Reaction,8.0,7.5
9EHR5tKGElc,Standard,-1.0,-1.0
ZIMQXqGTaXs,Standard,-1.0,-1.0
HpFBlvSgLZE,Standard,-1.0,-1.0
p-_YB0PXEFc,Standard,6.5,8.0
TbdQP3BWLTU,Standard,-1.0,-1.0
IMlG4-gX2Ho,Standard,-1.0,-1.0
w858rHJyNHg,Standard,4.5,7.5
h5IG9iMxB6Q,Reaction,-1.0,-1.0
y3KcYi57tNc,Standard,7.5,9.0
SZtFAbzmxT0,Standard,7.5,7.5
sTdgMnkPhOM,Standard,5.0,0.0
tUNt8utKFoY,Reaction,7.5,8.5
5Au2dwLkccM,Standard,5.0,0.0
BvYFDMSio7k,Standard,5.0,0.0
TDE3M3XJ8Ds,Standard,6.0,6.5
oJAFYvZ7d5w,Standard,8.0,7.0
6JLGzJf2pTw,Standard,5.0,0.0
WiesgdCuTTk,Standard,5.0,0.0
qkJspJhVo14,Standard,7.0,8.0
o2_n-eMILsA,Standard,5.0,0.0
AvaY4i5RdPo,Standard,-1.0,-1.0
NoXaJkhX7KI,Standard,5.0,0.0
M9-uiGn-y_k,Reaction,8.5,9.5
OfgTgEDcyR0,Standard,5.8,0.0
0JULuA5v51c,Standard,8.0,2.0
fQZsLg0LdK0,Standard,5.0,0.0
YSoBbuvhNNw,Standard,7.5,6.5
T1fPo6ZPx-o,Standard,5.0,0.0
netI6lwbPF4,Standard,5.0,0.0
R0Vzlqg6Lco,Standard,4.0,0.0
_dWn8z3b8Vw,Standard,-1.0,-1.0
1jh8OX-iIyw,Standard,5.0,0.0
G2MGYRUK2dc,Standard,-1.0,-1.0
QNfu9ecxX0g,Standard,5.0,0.0
meFjAw1CXfU,Standard,5.0,0.0
HfK5g6fAf5E,Standard,3.5,0.0
wLB2pScxcnY,Standard,5.0,6.5
jj3WyoeHiws,Standard,8.5,8.5
bvfoo1AAQyc,Standard,5.0,0.0
gs2_GdJPi7A,Reaction,8.5,9.5
9BXOPh-HTrA,Standard,5.0,0.0
ZmJr30nuAuI,Reaction,3.5,0.0
ZtzFWzRLtyQ,Standard,9.5,9.0
Mp34Vb3ZNy8,Standard,8.5,9.5
p7-Cj4r6L0Y,Standard,8.0,9.0
HBzIt4Hj4Zk,Standard,-1.0,-1.0
qyfnu0XfM-0,Standard,5.0,0.0
Fpn3cxEARvo,Standard,-1.0,-1.0
NksUzVrZ850,Reaction,-1.0,7.0
d-1yx9BZazU,Standard,7.5,4.5
pMgIQBZRPNM,Standard,8.5,8.5
i98LnPoy8nw,Standard,-1.0,-1.0
ITmck_mMb2E,Standard,-1.0,-1.0
lF9jPfrHV9Q,Standard,3.5,0.0
p05Emgv5pjs,Standard,5.0,0.0
MyLivEJQH_U,Standard,-1.0,-1.0
dxPx-UFo-ac,Standard,5.0,0.0
M4PjrC2wdTc,Reaction,-1.0,-1.0
fqeshYMR-Hk,Standard,5.0,4.0
YO08l26zeE8,Standard,7.5,9.5
xj_SwkwjW1A,Standard,5.0,0.0
Vq_GvYj1lks,Standard,5.0,0.0
CCYLfzYqYpQ,Standard,5.0,0.0
VVbtT04fk1o,Standard,-1.0,-1.0
9ncACb3bmjM,Standard,6.0,0.0
w9W6ffpNFdI,Standard,5.0,0.0
cjPVfoyZnN4,Standard,-1.0,6.5
gD7_n7ciPvc,Standard,-1.0,-1.0
IRVQCiKgVwU,Standard,6.5,7.5
0GYE5eSgiW0,Standard,6.0,0.0
cO4jCdFTqDA,Standard,-1.0,-1.0
OJtJFB-aZa0,Standard,-1.0,-1.0
3Nmu3wa0njA,Standard,7.5,1.5
pYpWariCK6s,Standard,5.0,8.0
QW4m4pQGyvs,Standard,7.5,8.0
PxHzN9fYqtI,Standard,-1.0,-1.0
PRtVKZFoz4o,Standard,5.0,2.0
Fh4lwlwlglM,Reaction,-1.0,-1.0
G8L6TuIT5eg,Standard,5.0,0.0
2ivC6wIakqk,Standard,-1.0,-1.0
NQUy5aJGiJY,Standard,8.0,8.0
go_ulS0XBAY,Standard,5.0,0.0
fO2syDbjIh0,Reaction,5.0,0.0
mjNt7M15fKM,Standard,8.5,9.0
uszbDjjGIGc,Standard,5.0,0.0
q6h8jtNz1EI,Standard,7.5,7.5
IYG1s1k4ZtI,Standard,7.5,6.0
dsLmak981TE,Standard,4.5,0.0
6xlJsRfA40g,Standard,5.0,0.0
F2DKPAz4Unw,Standard,5.0,0.0
cZ8SWnsCWw0,Standard,-1.0,-1.0
aEn_yQ7h6l0,Standard,-1.0,-1.0
N2VgT1Xp95A,Standard,5.0,0.0
ssbAwqXeuP0,Standard,5.0,0.0
2XgG6Iu48l8,Standard,-1.0,-1.0
VlJrwQGTimE,Standard,4.5,0.0
1iS5zP-JBw0,Standard,8.5,9.0
je-kMeY6hfw,Standard,6.5,7.5
R4KZrBgwrSw,Standard,5.0,0.0
81DzOtTUsfY,Standard,7.5,8.5
UxGq_Dj8kyE,Standard,-1.0,5.0
FxjA8ShEGE0,Standard,-1.0,-1.0
dIIYTu4X9Jw,Reaction,-1.0,-1.0
YguE-1c1k1E,Standard,7.5,8.5
HGUQSDKuLak,Standard,-1.0,0.0
rb8SsGtEBig,Standard,5.0,0.0
mk7qiF0oTyo,Reaction,5.0,0.0
oR8eLAEYcKk,Standard,5.0,0.0
3AA9rmYoHmo,Reaction,7.5,8.5
tUUehLtoxlQ,Standard,5.0,0.0
FdgKDoLljk8,Standard,2.5,0.0
xlNHNLCXfZI,Standard,1.5,7.0
zGZYtEbmC6w,Standard,6.0,7.5
9qSBCsn5uLU,Standard,-1.0,-1.0
3gu4Iqn3hzw,Standard,-1.0,-1.0
y2y21ZBxVvA,Standard,7.5,0.0
5EeBdQn1HpU,Standard,-1.0,7.5
ToyTbiGVwZ4,Standard,5.0,0.0
0WSb49a6usI,Standard,3.5,1.0
OlrihZZRUBU,Standard,8.0,9.0
QLMZixB0vII,Reaction,-1.0,7.5
SY1mcUV6D6Y,Standard,5.0,0.0
tP2wTSICFek,Standard,5.0,0.0
J_xRUmXtIGk,Standard,6.0,8.0
A8hVJalHoHA,Standard,2.5,7.5
MM3B9Obrj3w,Standard,5.0,0.0
s6mPtWj8kXI,Reaction,7.5,3.5
c-V6Cu5-L_4,Standard,1.0,7.5
D_W2DQ5Gi0g,Standard,-1.0,-1.0
P5vvMZskfoU,Standard,5.5,0.0
d2HSOf1P4qk,Standard,5.0,0.0
qBHhFQpFh08,Standard,7.5,8.5
j9fbYrfUejo,Standard,8.5,9.5
rmF-4_IecVo,Standard,-1.0,-1.0
LqmgLegfDcg,Standard,7.5,8.0
XTtUzA0n3-g,Standard,-1.0,-1.0
udAV74a8U9U,Standard,-1.0,-1.0
CGc0OyMvJaU,Standard,5.0,0.0
WNW56uh8lIM,Standard,5.0,0.0
YBx39XsLU4w,Reaction,-1.0,-1.0
qVzORl0knAU,Standard,5.0,4.5
qNzowimDvKA,Standard,5.0,0.0
Ph56dK--f8A,Standard,7.5,6.5
FZoxx5dRYOM,Standard,1.5,8.5
MGsRzQr63cU,Standard,8.0,7.5
5s-pCsw4Vk4,Standard,-1.0,-1.0
OC3a5UYIvug,Standard,-1.0,-1.0
L0HBiUjD8Ok,Standard,3.5,0.5
IoQcQisv1s4,Standard,5.0,0.0
poI7b9lYROQ,Reaction,7.5,8.5
7Z9Ue3_Ompo,Reaction,7.5,7.5
wghfGhvE8lE,Standard,5.0,0.0
7yYX8pTkheo,Standard,2.5,6.5
Z_Ex3ENbheo,Standard,-1.0,3.0
QM24k8DB5Xc,Standard,3.5,7.5
S9gpJQVlj_8,Standard,8.5,9.5
gO3JwDM_YwY,Standard,6.5,0.0
dWX8zw4OOUI,Standard,-1.0,-1.0
2xa-KlKLWWU,Standard,-1.0,6.5
W-EXfXAF6wQ,Standard,-1.0,-1.0
GBmvXlE90v8,Standard,5.0,0.0
ToBC5Fh1Sko,Standard,5.0,0.0
5RmLMersfbM,Reaction,6.0,0.0
RjOYmToeu_U,Standard,-1.0,6.0
pRpzZTn6sgA,Standard,5.0,0.0
2mBTP7c42HU,Standard,7.5,6.5
XtY0F39MI5c,Standard,6.8,5.5
30MSdwipAX8,Standard,8.5,8.5
mqmQi9-SJp0,Standard,5.0,0.0
oIDShqdh2PY,Reaction,5.0,6.5
6ssOveL7NK8,Standard,5.0,1.0
xttu_NCbyX8,Standard,7.0,7.5
unQVubDsuiM,Standard,8.5,8.5
YTlkswilK4k,Standard,-1.0,-1.0
onmCYPz_Zgk,Standard,5.0,0.0
yHaTkeW5MzQ,Standard,3.5,0.0
vvLWo777q1I,Standard,5.0,0.0
Sss_HnJJRSg,Standard,7.5,8.5
MiPkE4iPfGI,Standard,-1.0,-1.0
PbX1ewIEtVM,Standard,4.5,0.0
-WDrlD4KUvk,Standard,7.0,0.0
5egaroxoYvw,Standard,9.5,0.0
bSNDHe6Tr2A,Standard,7.5,9.0
7h2yP-LDHtY,Reaction,8.5,8.5
h81qyYCLK_s,Standard,5.0,0.0
2glIvlvdInE,Standard,-1.0,-1.0
z8_CBJ075aw,Standard,5.0,0.0
qZYlJsOCeSE,Standard,5.0,7.5
amwyKvOWOaQ,Standard,5.0,0.0
I6Eb6Wfa7wI,Reaction,2.5,0.0
jGwZOFsDW_I,Standard,3.5,0.5
NhbVtWYegXA,Standard,7.5,6.5
A331ERbxGSI,Standard,-1.0,-1.0
kemIkQntn4w,Standard,7.5,9.0
rgs1zgsfrZA,Reaction,5.0,0.0
jC3t6g7KL-Q,Standard,5.0,0.0
3um-uYQr7AI,Standard,-1.0,-1.0
HXKGu_Gb1ek,Standard,-1.0,-1.0
hfqolArsTvY,Reaction,8.5,9.5
1acz-MJEEMM,Standard,5.0,0.0
-qruqUlK8Gc,Standard,8.0,7.5
49tHtFpaPUI,Standard,8.0,9.0
TFOnSl6dw60,Standard,-1.0,-1.0
pYIfTTCZ2Zg,Standard,-1.0,-1.0
Zpxj6IiK_7s,Standard,5.0,0.0
cZbsebuEQZo,Standard,-1.0,-1.0
lb94mXivEu0,Standard,6.5,7.5
rYJz2eZ4v_0,Reaction,-1.0,-1.0
JvyU6yfouKY,Standard,-1.0,-1.0
y5Ladf9DNzA,Standard,6.5,6.0
GEsN1g2cLJU,Standard,7.5,8.5
SGJUTM5XWcE,Standard,8.5,9.0
33KYJCG2_0c,Standard,5.0,0.0
wg_6LXOXY2Q,Standard,-1.0,-1.0
MI5jmGpomEk,Standard,5.0,0.0
o6N6HEBufwc,Standard,5.0,0.0
YtXp8Ykvfyg,Standard,5.0,0.0
U-mw2KvsrQI,Standard,-1.0,-1.0
vVSL4ogmhVg,Standard,-1.0,-1.0
0SaZe8V7aeE,Standard,7.5,7.5
vshsd3V2Tc0,Standard,-1.0,-1.0
H8vnf1bW49M,Standard,5.0,0.0
qdwnQPttJSc,Standard,-1.0,1.0
GOYuzpHIWD0,Standard,5.0,0.0
oxz_84ZII8U,Standard,-1.0,-1.0
-LsrZ2IiusI,Standard,2.5,0.0
_RuviEYVVX4,Standard,7.5,8.5
XFnljCrJSCM,Standard,8.0,9.5
SAGiyg4tOI4,Standard,-1.0,-1.0
lau4gI-s7lk,Standard,7.5,7.5
NRsblieeaXA,Reaction,8.0,9.0
x0siOvTr-Hg,Standard,-1.0,1.0
zIGW9DzK0pA,Standard,6.5,0.0
cE3aM8hcW0E,Standard,8.5,9.5
iopaoSexDHs,Reaction,7.5,9.0
e_DUYGpeMBQ,Standard,8.5,9.0
fm1nUfn2Gb4,Standard,5.0,0.0
32vy7GoUfUw,Standard,6.0,1.0
4tkPejSZrgc,Standard,7.0,8.0
eCROKgICXL0,Standard,5.0,0.0
g6xsp2nkQ3c,Standard,6.0,4.0
2maSxUfSBE0,Standard,5.0,0.0
iHmqjKpqxpI,Standard,5.0,0.0
UcvjvGXfISM,Reaction,7.5,8.5
OLfhjSQW1Us,Standard,6.5,0.0
OA5efi0ZPYY,Reaction,8.5,9.0
GGcdBG6O9P8,Standard,5.0,0.0
7LLm4SnepG8,Standard,9.0,9.5
nJhuAWZVy_Q,Standard,2.5,1.5
CifPhn0LlU8,Reaction,7.0,9.0
ezSBi1FiL_4,Standard,-1.0,-1.0
CyQmD3VVV5Q,Reaction,-1.0,8.0
-on3dFoOmxk,Standard,-1.0,-1.0
Z2zDJsVtVQs,Standard,5.0,0.0
UXVo_ypLHOg,Standard,2.5,7.5
nxZNlivWBKw,Standard,2.5,6.5
YYzAW-pPX78,Standard,2.5,0.5
oT3hWojjAf4,Standard,2.5,0.0
BYiSby7H7mQ,Standard,2.5,8.5
yyhfuRb3Xgw,Standard,5.0,0.0
cHw54HWgpeA,Standard,5.0,0.0
tL8GZgvvurI,Standard,9.0,-1.0
VUZ1ifUPh0M,Standard,5.0,0.0
r4qwZTow1iY,Standard,-1.0,-1.0
MHorW5OEwv8,Standard,8.5,8.5
yyDDypy8B1Y,Standard,8.5,7.5
GoUXpcEhkmE,Standard,-1.0,-1.0
eA1k1VHk9go,Standard,7.5,9.0
VVvO6pl8XUM,Standard,-1.0,-1.0
PIXxpL_ZR-0,Standard,7.5,8.5
WrY8vK6s5ao,Standard,4.0,8.0
5zx6Ct6IL3o,Standard,-1.0,-1.0
NqUbSa_DQ-Q,Standard,7.5,8.5
b64uKe2ijn8,Reaction,5.0,8.5
wDMPq1GQPWU,Reaction,7.0,1.5
N94qnjbZKEk,Standard,8.0,9.5
NsdscsdRwn8,Standard,-1.0,-1.0
Uf6_6mF9GRA,Standard,6.0,8.0
YmNd678pJ8Y,Standard,7.0,9.0
6lz3t9luOVs,Reaction,2.5,1.0
pO3WHLmyTeY,Standard,7.0,8.0
3rT-DfMPQSU,Standard,7.5,6.5
sRgh0ZSv2CQ,Reaction,-1.0,-1.0
9lA5sfCWqNU,Reaction,-1.0,2.0
TR_138f6DDM,Standard,7.5,6.5
f95AhhWJW78,Standard,5.0,0.0
ZgKSN6jJuN0,Standard,5.0,8.0
kevxk8na05g,Standard,5.0,0.0
vWJdFx_mb5U,Standard,-1.0,-1.0
HL3-wmip8fk,Standard,7.5,9.0
tDp90upFDWI,Standard,5.0,0.0
ZyFIctU3Cy4,Standard,5.0,0.0
X-vBVUMhU8Y,Standard,8.5,9.5
vCTkWvS7JKQ,Standard,2.5,0.0
XrBc-gCs_pU,Standard,-1.0,-1.0
C6ghhnQuy30,Standard,7.0,7.5
QqKjxJZvlYc,Standard,5.5,0.0
ry5fNSso68I,Standard,8.0,8.5
XEnpZv8y3WQ,Standard,-1.0,0.0
wnTGDwpLDII,Standard,2.5,8.5
YXPr3obbAg0,Standard,5.0,6.5
IfNIxsueXDs,Standard,6.5,7.5
89-WO1ttkyY,Standard,-1.0,-1.0
sm1M706g_K8,Standard,7.5,9.0
urbs-shkynk,Standard,7.0,7.5
r3yvnptAhuk,Standard,-1.0,-1.0
LGPqbJiMQr8,Standard,-1.0,-1.0
2UgqwQgcFdU,Standard,-1.0,-1.0
rWPfaf9mneQ,Standard,6.0,9.0
CA_E_pkbqBo,Standard,3.5,7.0
UCKi8pj2bEA,Standard,5.0,0.0
ONKFHl_MCVo,Reaction,-1.0,-1.0
VdisLYSa5Mo,Standard,3.5,7.5
TNH-nVVtOns,Standard,2.5,7.5
h837syot4FA,Reaction,-1.0,-1.0
JK_giQr4f5s,Standard,5.0,0.0
dJBx6S5ZPm0,Standard,9.0,9.5
dsQT5Llj_xA,Standard,5.0,0.0
gGxAFin8kIU,Standard,7.5,8.5
6w6MBsZEgW4,Standard,7.5,8.5
x61SFC8iBZM,Reaction,7.5,7.5
HBqgNX8ZKZw,Standard,-1.0,-1.0
umFkeSZ0U3o,Standard,-1.0,-1.0
ve6_XiI_XX0,Reaction,7.5,7.0
AoTPWqhcnFk,Standard,7.5,8.5
DCHUVmuPziU,Standard,5.0,0.0
57f0jHvW5Tk,Standard,7.5,8.5
IftTaaerhqQ,Standard,5.0,0.0
J8_99VUL3qk,Standard,5.0,1.0
RJRRSr8LHwc,Standard,-1.0,-1.0
njYXZRDUzbg,Standard,7.0,0.0
m6qduZSPUYk,Standard,7.5,0.0
B7ipMZSnhzY,Standard,-1.0,2.5
_aifuW9AJMk,Standard,5.0,0.0
VMu5ujCXLEk,Standard,5.0,0.0
TsLocch55RI,Standard,8.5,9.0
9lHreZmhtew,Standard,8.5,9.0
cqF3GXpGzQE,Reaction,9.0,9.5
lbyzlIOfCpc,Standard,5.0,0.0
DuTtj0XJxE0,Standard,8.5,8.5
D208OEsnGV0,Standard,6.5,8.5
vcGvfW3zeFY,Standard,8.5,7.0
i0qYCVr1nFw,Standard,0.5,9.5
1pN_1oAg_Bo,Standard,-1.0,-1.0
dMerTX8NcGk,Standard,7.5,8.5
WRUVTvH3RAw,Standard,-1.0,-1.0
2cQMVJ919zE,Standard,-1.0,-1.0
ZtfDpKNcCfU,Standard,-1.0,-1.0
JCJsZ6frziA,Standard,5.0,0.0
a602yyBtErA,Standard,-1.0,-1.0
NOcGnSpy6H4,Standard,-1.0,-1.0
Kxf3Uz_TaWo,Standard,-1.0,-1.0
2YW8oytKgFc,Standard,3.5,6.0
tkxtyJzAxo4,Standard,7.5,9.5
OlT0Upssu54,Standard,7.5,8.5
5BDUjJpV2Oc,Standard,5.0,0.0
-Zcow00IDkQ,Standard,5.0,0.0
cNAqrJyvq38,Reaction,-1.0,3.0
-j2_Zu3gjrI,Standard,4.5,0.0
atQ4sx7aXNM,Reaction,5.0,0.0
cjhpNwsPA_w,Standard,1.5,6.5
T4k_lbbAWk8,Standard,-1.0,-1.0
u9MZgTHCh_k,Standard,7.5,7.5
NnTK__tz970,Standard,5.0,0.0
hsApy7nZUHA,Standard,-1.0,-1.0
TxYltvRZilE,Standard,-1.0,-1.0
o21hdYjJ79c,Standard,3.5,7.5
WxnaOSMzaVU,Standard,2.5,7.5
ppQPM8Ea-94,Standard,-1.0,-1.0
r1dFWX6LsTc,Standard,-1.0,-1.0
V9aBcBMO_vQ,Standard,5.0,0.0
qts3mOmZDxg,Standard,9.0,8.5
gpLpPNSiLOU,Standard,8.0,9.0
Ew9ZTJiFMqQ,Standard,5.0,0.0
5SFnSUQLK68,Standard,5.0,0.0
NakfRRv2TtY,Standard,2.5,0.0
PLV88PBDSNk,Standard,-1.0,-1.0
NutPl2sHJEI,Reaction,7.5,8.5
AA6jNhwZK6Y,Standard,3.5,0.5
cqycqOJmYZk,Standard,5.0,0.0
ARxi0IalfT4,Reaction,7.5,4.5
TYVSX8ORdn0,Standard,5.0,0.0
L0iQmAmIzf0,Standard,3.5,7.5
BitWw5lJzjg,Standard,-1.0,-1.0
jg8iX6P62UQ,Standard,-1.0,-1.0
ZjfHtWxZXjA,Reaction,7.5,8.5
UFpVJDb4f0A,Standard,9.5,10.0
PUsmkH-YYyo,Standard,5.0,0.0
GfAMHD4Nq1k,Standard,-1.0,-1.0
JtnCnvMs0h8,Standard,8.5,8.5
JN4_LDpK_X0,Standard,8.5,7.5
_YEUWBwBgJg,Standard,-1.0,-1.0
JFM4rfyMIIY,Standard,-1.0,-1.0
G6NjghiK5QA,Reaction,3.5,0.0
4TO524V5KKI,Standard,-1.0,-1.0
0UYMVkmsY-w,Standard,7.0,8.0
jFGiNC6ov7Q,Standard,-1.0,-1.0
pcBexnKNpd4,Reaction,3.5,0.0
kVGk8z8nRRE,Standard,-1.0,-1.0
GaUeBjh7Y1I,Standard,-1.0,-1.0
xxwl-hKzp0c,Standard,9.5,9.5
Kmff5X2jrlg,Standard,4.0,0.0
ozHKLnodX8I,Standard,5.0,0.0
Rb0okAQVfbc,Standard,7.5,8.5
v_9zoqOdWRA,Standard,6.0,7.0
dcXcMiad0IY,Standard,5.0,0.0
UrAguUprpdk,Standard,5.0,0.0
sOsI_hiSoWA,Standard,5.0,0.0
FQTNxDwRisk,Reaction,-1.0,3.0
aguH4p4O2II,Reaction,6.0,8.5
hmMFx4OfYOc,Standard,8.5,7.0
-zk6HOj1wkk,Standard,8.0,7.5
uIg5GYmJnlQ,Standard,5.0,0.0
u9LRPYX3Gtk,Reaction,7.5,8.5
20wtg7mdCDQ,Standard,-1.0,-1.0
zxHIMazRWRY,Standard,3.5,1.0
IOSZ-BAySlg,Standard,2.5,0.0
Vg2awzs9mJw,Standard,5.0,0.0
7tBs4ZWFIxk,Standard,5.0,0.0
RZmfszJesjY,Standard,7.5,6.5
IkyTlvWxugA,Standard,4.5,0.0
JBNYZdUf2qw,Standard,3.5,0.0
t_KbH3rcn34,Standard,-1.0,-1.0
g-Fa5nsF-yY,Standard,7.5,8.5
w2iS8cSxicA,Standard,6.5,7.5
qtRZm1-O7jw,Standard,2.5,7.5
Jc2TIGTlVUY,Standard,8.5,7.0
BSVnlccsjJk,Standard,7.5,8.5
w3oIp7B5bgk,Standard,5.0,0.0
OiOQf73rtYE,Standard,3.5,0.0
qzVwwvl6_8o,Reaction,9.0,9.5
sHRxDdoh7eo,Standard,8.5,8.5
XVqZHY1FRuI,Standard,-1.0,-1.0
of1_iafeGB4,Standard,-1.0,-1.0
BJI4Fkt_8os,Standard,5.0,0.0
d87b2qdTU5w,Standard,9.5,9.5
JY0D8TNUmB8,Standard,5.0,0.0
brZkiR5N9kg,Reaction,7.5,7.5
MmhlEHXSvnw,Standard,6.0,0.0
XqSQdgyfOAw,Standard,-1.0,-1.0
fKQ5GqWFjus,Reaction,8.5,9.0
eoq3id0MTpU,Standard,5.0,0.0
KIhaN8O4UqU,Standard,5.0,0.0
qW5ZGaGR2Ng,Reaction,7.5,8.5
nGuJB8Xk8jo,Standard,8.5,9.5
iS22xAOuj5Y,Standard,7.5,9.0
DElnsbtW_qY,Standard,-1.0,-1.0
Z5mkk9SaWic,Standard,2.5,7.5
nF4wUC2aHhc,Reaction,-1.0,-1.0
AHTpsP2qW5Y,Standard,6.5,7.0
sb4W7ewHw3I,Standard,3.5,0.0
ggSjxV2ptTw,Standard,3.5,4.5
DjCfqNW6EQs,Standard,-1.0,-1.0
V6Wj_Tp2sgE,Standard,-1.0,-1.0
BwW6a33Fldg,Standard,5.0,0.0
RVSCvyqfffk,Reaction,7.0,8.5
KWrA_sT8sYg,Standard,-1.0,-1.0
ifh9E5v71eI,Standard,5.0,0.0
e0WgXX8aCSQ,Standard,4.0,6.5
QdeSvv2HwRY,Standard,5.0,0.0
7NRASNH40LI,Standard,-1.0,-1.0
8-uECOUgik4,Standard,5.0,0.0
xD3TbZ1vdJI,Standard,5.0,6.0
9vWKxnVZO60,Standard,7.5,9.0
tUBEytoQSXI,Reaction,6.8,8.0
8Hwj2uiP3Dg,Standard,-1.0,0.0
fVxEOQH_094,Standard,5.0,0.0
2uTbVfmiVVk,Standard,7.5,8.5
SIgdeBRPdZo,Standard,2.5,1.5
6ciea9l8KY8,Standard,-1.0,-1.0
m95uaFlNK5c,Standard,5.5,0.0
EZom5ZzoTfI,Standard,-1.0,-1.0
mT7mDE34Zm0,Standard,2.5,7.5
p3_WpUloTaM,Standard,3.5,7.0
wy0yShQ5LNA,Standard,7.5,8.5
3fzAb00k0PE,Standard,8.5,9.0
hyG3F5OIEE0,Standard,5.0,0.0
1T2BrFdtueU,Standard,2.5,0.0
5rlD5UCFmEc,Standard,8.8,9.2
cBhiodAYsxo,Standard,8.5,9.5
4JkNoQXIcsE,Standard,5.0,0.0
R4LIc9GmRjs,Standard,3.5,1.0
AShe6JzDqRo,Standard,-1.0,-1.0
ferp3tHO2aU,Standard,-1.0,-1.0
VCu_wF2uTtY,Standard,-1.0,-1.0
NSXdQs_KJ9I,Standard,-1.0,-1.0
UCLNSrH9Udo,Standard,-1.0,-1.0
gStT0YR2igQ,Standard,-1.0,-1.0
AXRLMR52ByU,Standard,-1.0,-1.0
-GzwTWQvz-c,Standard,-1.0,-1.0
qfjrUtPfNFI,Standard,-1.0,-1.0
vu05TMvzQts,Standard,-1.0,-1.0
AWov8njGiTQ,Standard,-1.0,-1.0
FsmjoqvwRes,Standard,-1.0,-1.0
nlNdM_cgN3U,Standard,-1.0,-1.0
8JkXk8-5kUs,Standard,-1.0,-1.0
iw0qyHLFwB8,Standard,-1.0,-1.0
aXmLxFbiAFw,Standard,-1.0,-1.0
o0AoNw4ZLag,Standard,-1.0,-1.0
A9Y6eStU2PU,Standard,-1.0,-1.0
f3lT0dGgxPU,Standard,-1.0,-1.0
FWi-efaYRhc,Standard,-1.0,-1.0
QlWA0VsOyVY,Standard,-1.0,-1.0
UiF1dtjWBvo,Standard,-1.0,-1.0
xgQ4liPSI5Q,Standard,-1.0,-1.0
l_Eeb2yD37Y,Standard,-1.0,-1.0
Am1UY4miCR0,Standard,-1.0,-1.0
EVyl-sVVLuU,Standard,-1.0,-1.0
7-dBMKtmSpQ,Standard,-1.0,-1.0
atWtDNOhDfs,Standard,-1.0,-1.0
4kxkp8EUbGU,Standard,-1.0,-1.0
lnSc5l1KONE,Standard,-1.0,-1.0
8ecSsTLAwsI,Standard,-1.0,-1.0
u0K8F53MDmo,Standard,-1.0,-1.0
k4imP5lxwQc,Standard,-1.0,-1.0
OTjN14hjxLc,Standard,-1.0,-1.0
oMOrq-NuOK8,Standard,-1.0,-1.0
pmKVDlZEmc8,Standard,-1.0,-1.0
A0OrZXg8yY0,Standard,-1.0,-1.0
9lYxHIwjefg,Standard,-1.0,-1.0
g95H5Hk4ZEQ,Standard,-1.0,-1.0
elNHWqRe-Ss,Standard,-1.0,-1.0
G3Dfq-fH5Us,Standard,-1.0,-1.0
hckOe40bLQ0,Standard,-1.0,-1.0
F7uKsNa3OHw,Standard,-1.0,-1.0
HLrMz8-5UZw,Standard,-1.0,-1.0
UdrXqYf9RMc,Standard,-1.0,-1.0
3NEK2oKifUk,Standard,-1.0,-1.0
ckthTQs7aew,Standard,-1.0,-1.0
iaeRtpXErDY,Standard,-1.0,-1.0
l7CikM_WCIQ,Standard,-1.0,-1.0
QIOpW4pCtfQ,Standard,-1.0,-1.0
6nqu0gLARA8,Standard,-1.0,-1.0
JF-qFphswQg,Standard,-1.0,-1.0
o2dm6t-u2iQ,Standard,-1.0,-1.0
nhNJtE0pmvs,Standard,-1.0,-1.0
r17q1ghfdHU,Standard,-1.0,-1.0
flDJ5dNRPBY,Standard,-1.0,-1.0
A8MfdJH-K4c,Standard,-1.0,-1.0
-DPT93ts2e4,Standard,-1.0,-1.0
Zr87oAs_DHs,Standard,-1.0,-1.0
2lQs6l2tg5w,Standard,-1.0,-1.0
mGFRojLBa84,Standard,-1.0,-1.0
oaf8kOOct0A,Standard,-1.0,-1.0
gtrVA0HtVIk,Standard,-1.0,-1.0
40Esu5fnecs,Standard,-1.0,-1.0
yYk7ewzCpnw,Standard,-1.0,-1.0
FOlpmGT-z0k,Standard,-1.0,-1.0
FvDokQKj0Vs,Standard,-1.0,-1.0
PwCjlzezKHw,Standard,-1.0,-1.0
odtq1Pnp8vw,Standard,-1.0,-1.0
SieeXJ2Dr0g,Standard,-1.0,-1.0
INbRkYIkasg,Standard,-1.0,-1.0
pZp7TJYP0PI,Standard,-1.0,-1.0
3Gd5PdrKRKA,Standard,-1.0,-1.0
mODIfJOrQLM,Standard,-1.0,-1.0
_LscqGt_5AU,Standard,-1.0,-1.0
DKgt6_zuaD0,Standard,-1.0,-1.0
r927GSfOvVI,Standard,-1.0,-1.0
Lpj0FOAQ2Rw,Standard,-1.0,-1.0
rlPkizzXl14,Standard,-1.0,-1.0
GR3YsJpAYAw,Standard,-1.0,-1.0
I7qQP7vHS5c,Standard,-1.0,-1.0
uL5Dii8bysI,Standard,-1.0,-1.0
I_Eu6OeX8MI,Standard,-1.0,-1.0
oViCQLvnw5c,Standard,-1.0,-1.0
whPP5elcFWQ,Standard,-1.0,-1.0
sI-mGrl0wug,Standard,-1.0,-1.0
EbQOnOp-Olo,Standard,-1.0,-1.0
alfGTW4yoag,Standard,-1.0,-1.0
E8WdVeqmWBo,Standard,-1.0,-1.0
7qp5rBpDRr0,Standard,-1.0,-1.0
OeyO2ZClKZM,Standard,-1.0,-1.0
qGfojjZ_IkI,Standard,-1.0,-1.0
kjLosVw6tak,Standard,-1.0,-1.0
uJtHf-piX98,Standard,-1.0,-1.0
cfGIFU0mntI,Standard,-1.0,-1.0
29Rco-p0RvY,Standard,-1.0,-1.0
YbEIS2FLVTA,Standard,-1.0,-1.0
xWyb5asf7Rc,Standard,-1.0,-1.0
yhVocuLFU-Y,Standard,-1.0,-1.0
iZqViQdemY4,Standard,-1.0,-1.0
2nF4-4wxji0,Standard,-1.0,-1.0
8CUjsj7zV98,Standard,-1.0,-1.0
D1Bz7cS--3M,Standard,-1.0,-1.0
x5Xtx3cK_40,Standard,-1.0,-1.0
cqien2PZJjo,Standard,-1.0,-1.0
nOVi2RKZthM,Standard,-1.0,-1.0
yqqkIK3Jako,Standard,-1.0,-1.0
VsJZXTKu1og,Standard,-1.0,-1.0
xNbkrHiqg5w,Standard,-1.0,-1.0
8UNXJL9CWvs,Standard,-1.0,-1.0
vTR58I-YmZA,Standard,-1.0,-1.0
BaZMnr2g5vs,Standard,-1.0,-1.0
v1zffQf0H6A,Standard,-1.0,-1.0
gc2uJ2uAJ8M,Standard,-1.0,-1.0
8AmNUUQt7hY,Standard,-1.0,-1.0
OVEoxN7y95A,Standard,-1.0,-1.0
XCpicq7GxXw,Standard,-1.0,-1.0
Vq8Fau21OXk,Standard,-1.0,-1.0
7Zkag4vrAGM,Standard,-1.0,-1.0
d2AJ4wLWqxs,Standard,-1.0,-1.0
8H18MXmYDlE,Standard,-1.0,-1.0
Qa2kkVzVctQ,Standard,-1.0,-1.0
Jd-4JrQme8I,Standard,-1.0,-1.0
SJbnrUcnC-0,Standard,-1.0,-1.0
SeNo0txZ4oc,Standard,-1.0,-1.0
5LPTpb9ij9Q,Standard,-1.0,-1.0
zXVrLiZSt2k,Standard,-1.0,-1.0
C7Cu8YuQdU4,Standard,-1.0,-1.0
iauj-wiOGPQ,Standard,-1.0,-1.0
5qgRhDj2Shw,Standard,-1.0,-1.0
NF_jl56lBUA,Standard,-1.0,-1.0
nTxGaMB70s4,Standard,-1.0,-1.0
Gz3u2HsYagQ,Standard,-1.0,-1.0
NWdUXCFOWIw,Standard,-1.0,-1.0
C6eAMZCnUSs,Standard,-1.0,-1.0
oYOarwAE-18,Standard,-1.0,-1.0
dy8WAmEk7l0,Standard,-1.0,-1.0
aXDxyVsttuo,Standard,-1.0,-1.0
pVNDdC5ZKqo,Standard,-1.0,-1.0
sPAebfa2cZA,Standard,-1.0,-1.0
KKEGFBot6Bw,Standard,-1.0,-1.0
e8vCt9nqy-A,Standard,-1.0,-1.0
0poaU35ZtEM,Standard,-1.0,-1.0
M-4cpslrzA0,Standard,-1.0,-1.0
9MUihwKgoEA,Standard,-1.0,-1.0
DdRVOP8htyk,Standard,-1.0,-1.0
KO0s86iHmMg,Standard,-1.0,-1.0
iPfgZa5SopQ,Standard,-1.0,-1.0
fUUa_of0pfs,Standard,-1.0,-1.0
U5JqeRrvTfQ,Standard,-1.0,-1.0
0id1suFMAGU,Standard,-1.0,-1.0
EGT7wMz1znA,Standard,-1.0,-1.0
hJNYpi7ZrRc,Standard,-1.0,-1.0
a7tyuuJyvSk,Standard,-1.0,-1.0
lydOuWfOMSM,Standard,-1.0,-1.0
7Snpqpb7YJ8,Standard,-1.0,-1.0
VLrhq-MpLQI,Standard,-1.0,-1.0
fGeEJUG7ab8,Standard,-1.0,-1.0
3LKRyZPsBX4,Standard,-1.0,-1.0
jpe5S-Rc0Hs,Standard,-1.0,-1.0
y1IdrZERZlQ,Standard,-1.0,-1.0
6pawETch3AA,Standard,-1.0,-1.0
DhUHV2IlfRQ,Standard,-1.0,-1.0
knHK1rfBhig,Standard,-1.0,-1.0
81zRZLkizxw,Standard,-1.0,-1.0
i2U8XSaSedE,Standard,-1.0,-1.0
L_M4UXxC-YM,Standard,-1.0,-1.0
zNawdD9luNc,Standard,-1.0,-1.0
Ikb_73PqbyA,Standard,-1.0,-1.0
2JALihUJACM,Standard,-1.0,-1.0
z-i1sHmXynU,Standard,-1.0,-1.0
m0757ANciJo,Standard,-1.0,-1.0
81hv0mTzRas,Standard,-1.0,-1.0
3ga21AFMyhQ,Standard,-1.0,-1.0
CDjcfqaPtZU,Standard,-1.0,-1.0
Uz-htW9DTus,Standard,-1.0,-1.0
wp_4pPiKGyQ,Standard,-1.0,-1.0
_0jSZAlHo1Y,Standard,-1.0,-1.0
3ylBHvHB0zM,Standard,-1.0,-1.0
56exLLRPRnM,Standard,-1.0,-1.0
Tjvb5wrkJds,Standard,-1.0,-1.0
wXVPVga9LNc,Standard,-1.0,-1.0
g-zeLvyUGXw,Standard,-1.0,-1.0
_obaCIewl3o,Standard,-1.0,-1.0
d3gmV-pI0PQ,Standard,-1.0,-1.0
fyJwX-nuJJ4,Standard,-1.0,-1.0
C1S2LrdTiFQ,Standard,-1.0,-1.0
6wxzs-jDDBY,Standard,-1.0,-1.0
B3CZHEkIxUc,Standard,-1.0,-1.0
isttTJ6Hqsk,Standard,-1.0,-1.0
DQDX_zawTr8,Standard,-1.0,-1.0
OAf0wfg5FgA,Standard,-1.0,-1.0
GHlbtd5bT88,Standard,-1.0,-1.0
JVPHOK7UOkM,Standard,-1.0,-1.0
BjVklu15ZaE,Standard,-1.0,-1.0
TpwQfCil8Mg,Standard,-1.0,-1.0
QKrXAdBze0A,Standard,-1.0,-1.0
vNpvt4SniRc,Standard,-1.0,-1.0
ShubHF9zRVU,Standard,-1.0,-1.0
v-c97oB7Ka8,Standard,-1.0,-1.0
6bUyk0-MzzY,Standard,-1.0,-1.0
K02rnhMFt2A,Standard,-1.0,-1.0
hF1M6buT0S8,Standard,-1.0,-1.0
R3fgIe2nDsU,Standard,-1.0,-1.0
0u0CXoPskIQ,Standard,-1.0,-1.0
y6YcHE24-1I,Standard,-1.0,-1.0
VC2P8MC7nGA,Standard,-1.0,-1.0
0XUkpguJ5IE,Standard,-1.0,-1.0
4BiFGAg0Yeg,Standard,-1.0,-1.0
LZQYDRrBuxY,Standard,-1.0,-1.0
rTt4l-9v6OQ,Standard,-1.0,-1.0
zCgC3Z2jxtE,Standard,-1.0,-1.0
rpz20FL9GAg,Standard,-1.0,-1.0
MX5MgBPWmSY,Standard,-1.0,-1.0
rAmkqOqdA4M,Standard,-1.0,-1.0
dK7dRxEPBUA,Standard,-1.0,-1.0
jXuo2V4hWjQ,Standard,-1.0,-1.0
zqgJOY41Oh8,Standard,-1.0,-1.0
oQy5WqDka3Y,Standard,-1.0,-1.0
O9uLN-5XpMg,Standard,-1.0,-1.0
5_Xal70cNVk,Standard,-1.0,-1.0
6XNSvE48v-o,Standard,-1.0,-1.0
lJ8BhJKgAUA,Standard,-1.0,-1.0
vAWk5PeraAg,Standard,-1.0,-1.0
3lcgh3lZ_Uk,Standard,-1.0,-1.0
d1Z8UM2WvzU,Standard,-1.0,-1.0
8MjtaXvBR4o,Standard,-1.0,-1.0
TgpBAwVMW0g,Standard,-1.0,-1.0
ARM--DqmUSw,Standard,-1.0,-1.0
WFzNXEkciCk,Standard,-1.0,-1.0
rYJ8Oz0V0mg,Standard,-1.0,-1.0
u7xRXAOLLvQ,Standard,-1.0,-1.0
TZENEK5nN1c,Standard,-1.0,-1.0
DcOn-ueZ3vg,Standard,-1.0,-1.0
evdhN8pMUyA,Standard,-1.0,-1.0
vAprO3_aScI,Standard,-1.0,-1.0
KMD5NuNNN14,Standard,-1.0,-1.0
SxKYgMfw_8Q,Standard,-1.0,-1.0
hCn522MXv3Y,Standard,-1.0,-1.0
V9QOqeJs9yA,Standard,-1.0,-1.0
aCQXUFEWRDw,Standard,-1.0,-1.0
RKBzkHRGJOM,Standard,-1.0,-1.0
WifEMFMTFBI,Standard,-1.0,-1.0
q61VYeDQwTw,Standard,-1.0,-1.0
royO65O3D-0,Standard,-1.0,-1.0
75-f00Dwf1M,Standard,-1.0,-1.0
p_mEad3PJFc,Standard,-1.0,-1.0
jTE51tC9wLw,Standard,-1.0,-1.0
NmBARLJ0JnU,Standard,-1.0,-1.0
d9LBGC6pspc,Standard,-1.0,-1.0
VX7qmLEcyu8,Standard,-1.0,-1.0
CKrnm6KA-GI,Standard,-1.0,-1.0
wAKE914CK98,Standard,-1.0,-1.0
k59FDHLc-Bk,Standard,-1.0,-1.0
x9Czik3Fqok,Standard,-1.0,-1.0
e01hvTuRD3Y,Standard,-1.0,-1.0
pAzTAxqelC4,Standard,-1.0,-1.0
_Z5cUeCsZKo,Standard,-1.0,-1.0
CLZjHlT9VUo,Standard,-1.0,-1.0
bPxk5lKayME,Standard,-1.0,-1.0
pPMnhB2UbZc,Standard,-1.0,-1.0
TbJ7TJ0Hl-c,Standard,-1.0,-1.0
YsyF5cMj2TU,Standard,-1.0,-1.0
wxWRYKbmGM4,Standard,-1.0,-1.0
-Loba9auWk4,Standard,-1.0,-1.0
ikvWdZMQQZk,Standard,-1.0,-1.0
BIjfDi3uSU4,Standard,-1.0,-1.0
mB4dpyVQI9o,Standard,-1.0,-1.0
U9LHB1EUkKA,Standard,-1.0,-1.0
86dJLruk0-s,Standard,-1.0,-1.0
zIU8p7_E3Yk,Standard,-1.0,-1.0
SWWPmhuJfG0,Standard,-1.0,-1.0
zO-SRZpWUnc,Standard,-1.0,-1.0
giZp9Hqtu0U,Standard,-1.0,-1.0
9JoZtZYzbrc,Standard,-1.0,-1.0
