video_id,transcript,status
caAut2xIL7U,,Kein Transkript
HrKcwR4bQAo,,Kein Transkript
iJRAqtAJxYQ,es ist eine von mehr als 180 Raketen die am Dienstagabend aus Iran Richtung Israel abgefeuert werden darunter laut iranischen Angaben auch erstmals hyperschallraketen die die israelische Luftabwehr durchbrechen im ganzen Land ertönt Luftalarm Millionen Menschen suchen Schutz am späten Abend dann die Entwarnung durch das israelische Militär es gehe keine Gefahr mehr vom Iran aus während die Menschen dort den Angriff feiern spricht Israel Vergeltung Iran hat heute einen großen Fehler begangen und wird dafür bezahlen das iranische Regime hat noch nicht verstanden mit welcher Entschlossenheit wir uns selbst verteidigen und gegen unsere Feinde zurückschlagen Unterstützung dafür kommt aus den USA mein Engagement für die Sicherheit Israels ist unerschütterlich und lassen sie uns klarstellen der Iran stellt nicht nur eine Bedrohung für Israel da sondern auch eine Bedrohung für das amerikanische Personal ische Interessen und unschuldige Zivilisten in der gesamten Region wie die israelische Antwort aussehen soll werde im Moment aktiv diskutiert so US-Präsident Joe Biden während der Iran bereits vor einer stärkeren Attacke warnt sollte Israel zurückschlagen,OK
Rpvhhmt2SS0,"14. Mai 1948. Jubel auf den Straßen Tel Avivs  Es ist ein Tag, der die Geschichte im Nahen Osten verändert.  Medinat Israel, Medinat Israel  Die Juden haben ihren ersehnten eigenen Staat – doch als der nächste Tag anbricht, jagen plötzlich ägyptische Kampfflugzeuge über Tel Aviv.  Sechs arabische Nachbarstaaten überfallen die junge Nation. Sofort nach Ausrufung des noch, vermeintlich, schwachen Staates greifen die Armeen nahezu gleichzeitig an.  Das jüdische Volk hat im Laufe der Geschichte viel Leid erfahren, was natürlich im zweiten Weltkrieg seinen Höhepunkt fand, und dann haben wir es geschafft,  aus der Katastrophe heraus einen funktionierenden Staat zu erschaffen, und auch dieser Staat wurde von Anfang an von feindlichen Kräften bedroht.  Sie haben versucht, uns zu vernichten. Die Frage des Überlebens ist also allgegenwärtig. Schon der Weg bis zur Gründung des Staates Israel war von Kämpfen geprägt.  Doch seit der Staatsgründung ist Israel ständig von außen durch Terror und Kriege bedroht.  Im Inneren drohen radikale Kräfte, das Land zu spalten. Die Nation kommt nicht zur Ruhe – bis heute Es ist ein Land, das es ohne ihn vielleicht nie gegeben hätte ... Theodor Herzl, ein Österreich-Ungarischer Journalist, erkennt Ende des 19.  Jahrhunderts, dass die Juden seit Jahrhunderten, nicht allein wegen ihrer Religion verfolgt werden, sondern eine bedrohte Nation sind. Eine Nation ohne eigenes Land. Theodor Herzl war einer jener assimilierten Juden aus dem Bürgertum, die zwar lange an diese Idee geglaubt haben, dass man sich integrieren könnte,  und dann aber auch in den 1870er Jahren, als durch die Rassenlehre der Antisemitismus aufkam, hat auch Theodor Herzl seine Ansichten nach und nach geändert und zu dem Schluss gekommen ist,  schlussendlich gibt es keine Hoffnung für eine wirkliche Integration, eine wirkliche Anerkennung. Wir brauchen unseren eigenen Staat. Wenn wir als Volk weiter bestehen wollen. 1897 gründet sich in Basel die Zionistische Weltorganisation mit Theodor Herzl als Vorsitzenden- benannt ist sie nach dem Berg Zion in Jerusalem. Das Ziel der Zionisten ist eine jüdische Besiedlung in der damals noch osmanischen Provinz Palästina. In Palästina leben um das Jahr 1900 etwa 500 000 Araber, die schon seit Jahrhunderten hier ihre Heimat haben.  Sie leben zu dieser Zeit in Frieden zusammen mit 10 000 Juden und anderen Religionsgruppen. Wir lebten hier in Frieden zusammen. Selbst wenn man in den frühen 20er-Jahren Land an einen Juden verkaufte, war das keine Bedrohung oder ein Verrat an dem Land. Sie waren Teil der Gemeinschaft. Wir hatten hier drei, vier jüdische Dörfer. Und niemand hat sie damals angegriffen.  Im Jahr 1905 fliehen russische Juden vor Pogromen im Zarenreich in das zionistische Palästina. Die erste von mehreren großen Einwanderungswellen. Um im Ersten Weltkrieg die zionistischen Juden in aller Welt für die englische Seite zu gewinnen, stellt der britische Außenminister Lord Balfour    1917 dem jüdischen Volk in einer Deklaration die ersehnte Heimat in Palästina in Aussicht. Für viele Juden scheint das wie ein Versprechen, als 1922 Briten und Franzosen den arabischen Teil des osmanischen Gebietes vorerst unter sich aufteilen.  Die Briten  sind nun die neuen Herren in Palästina. Die  Balfour-Declaration lockt neue Einwanderer ins Land.    Die zionistischen Siedler arbeiten in handwerklichen oder landwirtschaftlichen Gemeinschaften und kaufen nun immer mehr Land von den ansässigen Arabern.  Die Araber fühlten sich von Anfang an von den Juden bedroht, die in das Land kamen, obwohl diese noch eine Minderheit waren und keine wirkliche Bedrohung darstellten.  Aber die Menschen die hier ankamen, meinten, dass dies ihr Land war, und das weckte auf der anderen Seite natürlich den arabischen Widerstand.  1933. Die Nazis kommen an die Macht. Nun flüchten auch immer mehr deutsche Juden. Darunter viele Künstler, Architekten, Wissenschaftler. 30.000 gehen nach Palästina. Viele nach Tel Aviv. Die erst 1908 gegründete Stadt wächst in den 1930er Jahren zu einer Metropole mit 150000 Einwohnern heran.  1936 kommt es zu einem arabischen Aufstand gegen britische Besatzer und jüdische Siedler – überall greifen Araber jetzt Juden an. Die Briten reagieren und schicken Truppen nach Palästina.  Die Unruhen fordern auf arabischer Seite 3000 Tote – die Briten haben 600 und die Juden zweieinhalbtausend Opfer zu beklagen.  Die Briten versuchen nun erstmalig, die Einwanderung zu stoppen. Sie wollen Ruhe im Land und auch die arabischen Nachbarn nicht auf die Seite Nazideutschlands bringen.   Die einzige Möglichkeit für Juden war, in dieser Zeit auszuwandern..., aber niemand wollte die Juden wirklich. Also war der einzige Ort, wo man hingehen konnte, Palästina.   Aber in Palästina wollten die Briten die Juden auch nicht mehr,trotz der Balfour-Declaration, denn sie wussten, dass ein Krieg kommen würde und sie brauchen die Araber als Verbündete. Selbst im Zweiten Weltkrieg beschränken die Briten die Einreise. In einer Zeit, in der die Deutschen in ihrem Machbereich fast 6 Millionen europäische Juden ermorden.   Nur wenigen gelingt vorher noch die Flucht – so wie Ruth Westheimer. 1939 schicken ihre Eltern sie in die Schweiz.  Das war sehr traurig, weil ich nicht gewusst habe, aber ich habe geglaubt, dass ich meine Eltern wiedersehe. Ich habe nie geglaubt,  dass ich ein Waisenkind geworden bin. Am 5. Januar 1939, wie ich am Zug war in Frankfurt Main, um mit dem Kindertransport in die Schweiz zu fahren.  Ich hätte nie geglaubt, dass ich ein Waisenkind werde und die Eltern nie mehr sehen würde. Ruth Westheimers Eltern überleben den Holocaust nicht. Der 8. Mai 1945. Der zweite Weltkrieg ist vorbei. Die Menschen feiern den Sieg über die Nazi-Barbarei. Wir kamen im Sommer 47 in Palästina an. Der erste Eindruck war sehr bedrohlich. Ein britischer Fallschirmjäger nahm mir meine Puppe weg.  Ich hatte eine große Puppe, und sie suchten in ihrem Kopf nach irgendetwas, und meine Mutter sagte: Oh Gott, wo sind wir nur hingekommen? Das Klima war seltsam, die Menschen. Alles war seltsam. Die Neuankömmlinge aus Europa treten meistens in die Hagana ein – einer Untergrundmiliz.  Die jungen Männer und Frauen kämpfen nun nicht mehr allein gegen die Araber, sondern nun auch immer häufiger gegen die Briten.  Ich war Scharfschütze, ich war ein Sniper, ich war in der Hagana, das war der underground von der von der israelischen Armee.  Ich habe aber noch nie jemand getötet, Gott sei Dank, aber wenn es sein hätte müssen, hätte ich es gekonnt.  Jüdische Terroristen jagen 1946 das Hauptquartier der Briten in Jerusalem in die Luft. 91 Tote, zahlreiche Verletzte. Briten und Juden.  In Großbritannien zeigt der Kampf ums Heilige Land Wirkung – die Kolonialmacht will raus aus Palästina – möglichst schnell. Sie sagten sich „warum brauchen wir überhaupt diesen Ärger in Palästina?“ Und im Februar 47 entschloss sich das britische Kabinett, Palästina zu verlassen  Im April 1947 schieben die Briten das Problem Palästina der UN zu. Eine internationale Kommission empfiehlt, das Gebiet zu teilen in einen jüdischen und einen arabischen Staat.  Am 29. November 1947 kommt der Plan zur Abstimmung vor die UN. Juden in aller Welt und besonders in Palästina verfolgen die Bekanntgabe des Ergebnisses. Danach bricht Jubel aus: 33 Ja-Stimmen gegen 23 Nein-Stimmen und Enthaltungen. An diesem Tag steht fest: Die Juden bekommen ihren Staat.  Es war Freitagnacht und meine Mutter hat mich geweckt, damit ich mich später daran erinnere, dass in dieser Nacht der jüdische Staat entstand. Die jüdische Bevölkerung feiert im ganzen Land. Die Araber dagegen lehnen den Teilungsplan ab. Bis in die zwanziger Jahre hinein hatten die Juden nur 3 Prozent des Landes besessen. Den größten Teil des Landes an das jüdische Volk zu geben,  war also etwas, das man nicht akzeptieren wollte, aber einige sagen heute rückblickend, dass wir das vielleicht hätten akzeptieren sollen.  14. Mai 1948. Ben Gurion ruft den Staat Israel aus.  Alle waren so glücklich – denn in diesem Moment entstand nun wirklich der so lange ersehnte jüdische Staat. Die Antwort der Araber auf die Staatsgründung folgt am nächsten Tag. Eine Allianz von sechs Staaten greift an.  Sie wollten die Juden vertreiben. Sie sagten, sie wollten die Juden ins Meer werfen, aber das gelang ihnen nicht. Es gelingt es der zahlenmäßig unterlegenen israelischen Armee, ihre Feinde an fast allen Fronten zurückzuschlagen. Wie waren motivierte Kämpfer. Wir haben hier nun einmal eine kleine Gemeinschaft von Menschen, die an ihre Sache glaubt.  Sie kämpft dazu mit dem Rücken zur Wand und ist viel besser organisiert und ausgebildet.  Nur Jerusalem können die Israelis nicht erobern. Die Konfliktparteien beschließen 1949 einen Waffenstillstand. Das israelische Territorium hat sich im Vergleich zum UN Teilungsplan um ein Drittel vergrößert.  Das Westjordanland geht an das Königreich Jordanien, der Gaza an Ägypten, Palästina verschwindet von der Weltkarte.  Viele Palästinenser verlieren während des Krieges Besitz und Heimat. Bis heute nennen sie das die Nakba- die Katastrophe.  Die Nakba ist kein Mythos, sie ist Realität. Etwa 700 000 Palästinenser sind aus dem Land geflohen, einige von ihnen aus eigenem Antrieb,   weil sie Angst hatten. Andere wurden von jüdischen Truppen vertrieben.  Mein Onkel und meine Tante mussten mit einem Gewehr am Kopf ihr Haus verlassen.  Das große Trauma bis heute: die Israelis lassen die Geflüchteten nicht immer zurück.  Warum wollten wir zurückkehren? Weil unser Eigentum noch dort war und wir dort Verwandte hatten.   Jaffa war die Stadt meiner Familie, ich bin dort geboren, aber eine Rückkehr unmöglich. Für Juden dagegen stehen nun nach Gründung des Staates Israel endlich alle Grenzen offen. Und sie kommen in Strömen.  Die jüdischen Flüchtlinge, die aus Europa und aus dem Mittelmeerraum kamen, bekamen das Land der Araber, sie bekamen die Häuser, sie bekamen alles.  Tatsächlich hat eine Bevölkerung eine andere Bevölkerung ersetzt. Das ist, was passiert ist.  Frühjahr 1967. Nach wenigen Jahren des Friedens kommt es von den syrischen Golanhöhen aus zu Angriffen auf israelische Siedlungen in Nordisrael.  Der ägyptische Präsident und sein syrischer Amtskollege sprechen offen von einem bevorstehenden Krieg gegen Israel. Es herrschte große Angst, vor allem, weil die Erinnerung an den  Holocaust in der israelischen Psyche noch sehr präsent war,  und das Ergebnis war, dass die Angst vor der Vernichtung in der israelischen Bevölkerung sehr, sehr stark war.  Ich erinnere mich, wie mein Vater sagte, wir haben uns hier ein gutes Leben aufgebaut, und sie wollen alles zerstören.  Doch zur Überraschung der Welt und vor allem auch der Ägypter kommt es ganz anders.   Ohne die Zustimmung der Amerikaner einzuholen, beschließt Israel einen Überraschungsangriff seiner Luftstreitkräfte.  Am 5. Juni 1967 zerstört die israelische Luftwaffe innerhalb weniger Stunden mehr als 400 Flugzeuge der Ägypter bereits am Boden.  Danach rücken israelische Bodentruppen mit 70 000 Soldaten und 700 Panzern gegen die ägyptischen Stellungen vor.  Sie besetzen den Gaza-Streifen und den Sinai. Bereits am Ende des ersten Tages stehen die ägyptischen Truppen am Rande der Niederlage. Im Osten greift Israel Jordanien an und erobert die Altstadt von Jerusalem. Ich gehörte zu dieser Truppe in in Jerusalem. Für Menschen, die religiös sind, war es ein Wunder.  Es ist der erste Schritt zum Kommen des Messias. Sie sahen es plötzlich als ihre politische Aufgabe, den göttlichen Befehl auszuführen. Die beiden Befehlshaber Ytzak Rabin und Mosche Dajan besuchen noch in den Kriegstagen die Klagemauer. Nach 19 Jahren Teilung besitzen die Israelis wieder ganz Jerusalem. Moshe Dajan nimmt mit seinen Soldaten im Handstreich auch das ganze Westjordanland und die syrischen Golanhöhen ein.  Die Araber wurden vollständig besiegt. Israel expandierte um die neunfache Größe -  auf die Golanhöhen, in das Westjordanland, in den Gazastreifen und auf die Sinai-Halbinsel.  Wir wurden über Nacht zu einer Großmacht, aber ich denke manchmal, dass diese Euphorie, die auf den Sechstagekrieg folgte, ein sehr schädliches Element in der israelischen Psyche war, weil wir plötzlich das Gefühl hatten, dass wir in der Lage sind, alles zu tun, was wir wollen, und das war keine gute Sache! Ein Teil der Israelis befindet sich nach der Einnahme der heiligen Stätten in einem religiösen Taumel - einige werden zu politischen Rechtsnationalisten.  Unser größter Sieg. Der 67er Krieg ist zugleich unser größtes Unglück, weil die Besetzung Jerusalems,   die Besetzung des Westjordanlandes die schlafenden Teufel des jüdischen Messianismus geweckt hat.  Für die religiösen Nationalisten ist die Einnahme des antiken Israels der Vorväter von Gott gewollt.  Bereits ab März 1968 ziehen die ersten messianischen Zionisten ins gerade erst besetzte Westjordanland. Israel ist nun getragen vom sicheren Gefühl der militärischen Überlegenheit. Wir können jetzt alles schaffen, und wir sind ein starkes Volk, wir haben einen starken Staat. War man dann auch etwas vielleicht verblendet von dem Problem,  was man sich damit schafft, dass man das besetzte Land eben nicht sofort zurückgibt, und mit dem Problem, dass dann 1973 an Yom Kippur  direkt der nächste Überraschungsangriff erfolgt ist, und das war ein Krieg, der nicht so gut ausging für die Israelis.  Am höchsten jüdischen Feiertag Jom Kipur, überraschen ägyptische und Syrische Einheiten die israelische Armee vollständig. Es ist der Versuch, die Schande von 1967 auszugleichen.  Doch auch diesmal gelingt es den Israelis, die Ägypter und die Syrer zurückzuwerfen, allerdings unter hohen Verlusten. Aber dank dieses Krieges und der Gefahr, die wir spürten, schlossen wir Frieden mit den Ägyptern.  Das hat ihre Schmach getilgt, nachdem wir den Krieg gewonnen hatten. 26. März 1979. Es ist ein historischer Moment: Ägypter und Israelis schließen Frieden – unter Vermittlung von Israels-Schutzmacht, den USA.  Für den Staat Israel ist das das Ende einer Bedrohung. Und Ägypten erhält die Halbinsel Sinai zurück.    Die arabischen Staaten sind nicht länger eine Bedrohung. Wir haben Frieden mit Ägypten, mit Jordanien, mit den Golfstaaten, mit Marokko und so weiter.  Das Einzige, worauf es aber heute ankommt, ist der Frieden mit den Palästinensern - wir brauchen Frieden mit ihnen -   und um den Frieden mit den Palästinensern zu erreichen, muss man die Besetzung beenden. Doch die Besetzung und der illegale Siedlungsbau gehen weiter.  Heute leben fast 700 000 Israelis im Westjordanland - Tendenz steigend, die Palästinenser dagegen haben das Nachsehen. Die Israelis sehen überhaupt nicht, dass unsere Nakba, unsere Katastrophe immer noch andauert.  Zum Beispiel können wir überhaupt nicht reisen. Jeder Israeli hat einen oder sogar zwei Pässe. Sie können um die ganze Welt reisen, und sie brauchen meist kein Visum. Wir haben das nicht, und so können wir uns seit 1948 nirgendwo hinbewegen.  Zudem haben die Israelis Sperranlagen an der Grenze zum Palästinenser-Gebiet errichtet.  Unter anderem soll eine bis zu neun Meter hohe Mauer vor Terroranschlägen schützen, die in den 1990er Jahren noch hunderte Opfer im israelischen Kernland forderten, Trotz Mauer ist die terroristische Bedrohung auch heute noch allgegenwärtig. Immer wieder kommt es zu Anschlägen. Gleichzeitig ist Israel von terroristischen Gruppen jenseits seiner Grenzen bedroht. Von der schiitischen Hisbollah aus dem Libanon und der palästinensischen Hamas im Gaza-Streifen.  Beide radikalislamische Gruppen verfügen über Raketen, mit denen sie Angst und Schrecken in israelischen Städten verbreiten. Unterstützt und gefördert von Israels wohl größten und gefährlichstem Feind, der islamischen Republik Iran Iran hat eine Rüstungskooperation mit Russland, arbeitet an einem Atomprogramm und verfügt über weitreichende Raketen.  Trotz des Friedens mit einigen seiner Nachbarn: Noch immer ist Israel ein bedrohter Staat. Der Iran ist definitiv für Israel das größte Sicherheitsproblem im Moment also, seit der damalige Staatspräsident zur Zerstörung Israels aufgerufen hat.  Das ist auch in Israel sehr, sehr stark in den Medien diskutiert worden, damals steht das immer auf der Agenda dieses „werden wir durch den Iran angegriffen.“  Heute sehen allerdings viele Israelis die größte Bedrohung ihres Landes in ihrer eigenen Regierung. Die ultrarechtsnationale Koalition möchte den Siedlungsbau im Westjordanland weiter vorantreiben  und gleichzeitig das höchste Gericht als letzte Kontrollinstanz des Parlaments entmachten. Dagegen regt sich hunderttausendfacher Protest. Ich bin besorgt über die innere Lage. Was wir sehen, ist der Versuch einer Regierung, die Grundregeln der israelischen Demokratie zu ändern. Und aus diesem Grund hat sich eine sehr starke Bürgerbewegung gegen diese Gefahr formiert. Allein in Tel Aviv gehen jede Woche fast 200 000 Menschen auf die Straße,  und protestieren gegen die geplante Verfassungsänderung durch die ultra-religiösen Rechtsnationalen. Wenn ich meinen Großeltern gesagt hätte, dass es eines Tages einen Staat Isreal geben würde und wir eine Großmacht sein würden, hätten sie mir wahrscheinlich nicht geglaubt.  Auf der anderen Seite haben wir auch den religiösen Geist aus der Flasche gelassen. Denn wir haben den Fanatikern freien Lauf gelassen. Und das setzt ein großes Fragezeichen hinter die Zukunft dieses Landes. Ich denke, dass Israel weiter bestehen wird. Aber was für ein Israel muss es in Zukunft sein, damit Menschen wie ich hier noch leben können? Das ist die große Frage Israel, eine Heimat für heute unter anderem über 7 Millionen Juden. Gelobtes Land, bedrohter Staat, und das immer noch. Nach so vielen Jahren. Was denkt ihr? - Wird Israel jemals zur Ruhe kommen? Schreibt es gerne unten in die Kommentare. Und wenn Euch das Video gefallen hat, lasst ein Abo da.
 ",OK
EYITfWlRONU,erneut haben in Israel Zehntausende gegen die von Ministerpräsidenten Netanjahu geplante Justizreform protestiert an der hauptdemonstration in Tel Aviv nahm über 100.000 Menschen Teil in 150 weiteren Städten im Land wurde ebenfalls demonstriert unter anderem in Haifa und Jerusalem obwohl netanjahoo die Reform Ende März für einige Wochen verschoben hat und wie er sagte Platz für Dialog zu schaffen wurde die 15 Woche in Folge protestiert die Opposition ist nicht überzeugt dass die Regierung einen Kompromiss erzielen will [Musik],OK
CczY--Kwft4,"Gehen wir gleich weiter. Aus München zugeschaltet ist jetzt der Professor für Zeitgeschichte Michael Wolfson. Herr Wolfson, ich grüße Sie. Guten Tag. Inwiefern kann man denn von einem möglichen Kurswechsel sprechen, wenn die Bundesregierung bis auf weiteres keine Ausfuhren von Rüstungsgütern mehr nach Israel genehmigen will. Zumindest die, die im Gasstreifen zum Einsatz kommen könnten. Gegenfrage: Kann man das unterschreiben zwischen dem, was im Gasstreifen zum Einsatz kommt und dem, was nicht zum Einsatz kommt? Punkt 1. Punkt 2 darf man nicht die Größenordnungen vergessen. Die Zahl von 480 Millionen Euro, die ihr Korrespondent eben genannt hat, die deutschen Waffenlieferungen seit 2023 Oktober betreffend, sind im Vergleich zu all dem, was ausgegeben worden ist und doch ausgegeben wird, ein Klaxs. Mit anderen Worten, das ist mehr Symbolpolitik, zumal offenbar vergessen wird, dass auch die Bundesrepublik Deutschland in drei Bereichen von israelischem Militär oder Militärwissen betroffen ist, nämlich erstens Antiraketenraketen, zweitens Drohnen und drittens im Antiterrorkampf vor allem die Prävention. Also so zu tun, als ob es sich hier um eine Einbahnstraße handel. ist absolut falsch. Und an heutig Tag ist ja auch beschlossen worden, dass es den nationalen Sicherheitsrat in Deutschland geben wird. Der ist dringend notwendig, weil diese Entscheidung strategisch überhaupt keinen Sinn macht. Mhm. In wie Fall ist denn auch davon auszugehen, dass die Bundesregierung sich da dem öffentlichen Druck hier zulande beugt? Zuletzt hatte es ja auch einen offenen Brief von mehreren hundert Prominenten an den Bundeskanzler gegeben. Das ist eben die Frage, ob man äh dem Druck von nichtwissenden und nur empörten, was nicht gegen deren Menschlichkeit spricht, nachgibt oder strategische Interessen. Denn wenn es jetzt zu einem Waffenstillstand käme, würde das doch bedeuten, dass die Hamas im Gazastreifen wie vor dem 7. im Oktober 2023 den Gazastreifen beherrschen würde. Das wäre so als ob 1945 die Siegermächte mit Deutschland einen Frieden geschlossen hätten und nicht darauf bestanden hätten, dass die Nationalsozialisten von der Macht zurückzutreten hätten. Also kurz und wenn man sagt gegen das Vergessen, da muss man sich daran erinnern, wie man vernünftige Voraussetzungen schaffen kann. für das Erreichen der Freiheit, der Freiheit der Palästinenser und der Freiheit der Israelis vor der ständigen Bedrohung durch die Hamas, wie bereits gehabt im Oktober 2023 und eigentlich seit 2007, also dem ständigen Raketenbeschuss. Mit anderen Worten, es fehlt hier die absolute Fähigkeit strategisch zu denken in der Bundesrepublik. Mm. Könnte das deutsch-raische Verhältnis auch unter dieser Entscheidung leiden? Nach dem Motto auf der einen Seite sagt ihr, die Sicherheit des israelischen Staates ist Staatsraon in Deutschland und dann kommt so eine Entscheidung. Das war doch immer schon im Grunde genommen nur Phrasendrescherei, die durch nichts gedeckt worden ist. Was heißt hier Israels Existenz zu sichern durch die Bundeswehr, was im Grunde genommen die Bundeskanzlerin Angela Merkel im März 2008 formuliert hat, mit dieser maroden Bundeswehr geht es doch gar nicht. Das war alles im Grunde genommen nur für die Selbstdarstellung. Aber und wenn wir uns das Verhältnis zwischen Israel und Deutschland ansehen im Bezug auf die deutsche Öffentlichkeit ist das Verhältnis zu Israel seit Jahrzehnten katastrophal. Die jeweiligen Koalitionen haben noch aus äh Rationalität, nämlich den drei Gründen, die ich genannt habe, das Verhältnis zu Israel gekittet. Nicht zuletzt auch der deutschen Wirtschaft wegen, die auf israelisches IT-Wissen angewiesen ist und das entzieht sich dem Wissen der Öffentlichkeit, die Druck ausübt. Also beispielsweise Prominente, die von all diesen Dingen gar keine Ahnung haben. Druck ausüben. Druck ist natürlich in der Demokratie wichtig in Bezug auf die künftigen Wahlen, aber so kann man keine strategische Politik gestalten, sagt Professor Wolfsohn. Vielen Dank für dieses Gespräch. Danke schön.",OK
lNmThCa0khk,[Musik] Jubelstimmung am Straßenrand in Tyros am Mittwoch nach dem in krafttreten der Waffenruhe zwischen Israel und der radikal islamischen Hisbollah kehrten am Morgen zahlreiche Menschen in die historische Stadt im Süden des Libanons zurück auch Freudenschüsse waren am Vormittag in Tyros zu hören in den südlichen Vororten der Hauptstadt Beirut feierten Unterstützer der vom Iran unterstützten Hisbollah Miliz die Vereinbarung die von den USA und Frankreich vermittelte Waffenruhe hatte um 4 Uhr früh Ortszeit sie soll für 60 Tage gelten und zu einem dauerhaften Waffenstillstand führen an die Bewohner der Grenzdörfer im Süden appellierte die libanesische Armee am Mittwoch noch mit der Rückkehr zu warten laut US-Angaben wird Israel seine Truppen innerhalb von 60 Tagen schrittweise aus dem Südlibanon abziehen die libanesische Armee soll dann die Kontrolle über das Gebiet nahe der Grenze zu Israel übernehmen um sicherzustellen dass die hibollah ihre Infrastruktur dort nicht wieder aufbaue im Norden Israels wo Bewohner ebenfalls darauf warten in ihre Häuser zurückkehren zu können gab es Skepsis ob die Ruhe halten wird das ist wirklich sehr schlecht sie haben nichts getan und unsere Soldaten wurden für nichts vergeudet ich habe nicht darüber zu entscheiden ob der Waffenstillstand gut ist oder nicht was ich weiß ist dass die Kampagne irgendwann wieder aufgenommen werden wird es spielt keine Rolle ob das in Z Monaten Z Jahren oder 5 Jahren der Fall sein wird also können wir zumindest im Moment etwas Ruhe haben am Mittwoch schien die Waffenruhe weitgehend zu halten israel gab am Vormittag jedoch an Hisbollah Kräfte identifiziert zu haben die in grenznahe Gebiete zurückkehrten man habe das Feuer eröffnet um sie am näherkmen zu hindern,OK
SzxocYHh_OA,bei israelischen Angriffen im Gazastreifen und im Libanon sind offenbar dutzende Menschen getötet worden im Gazastreifen Staben am Sonntag morgen beim Angriff auf ein Haus in jabalia nach Meldungen der palästinensischen Nachrichtenagentur Wafa und hamasmien 32 Bewohner palästinensische Sanitäter berichteten dutzende Menschen seien bei dem Angriff getötet und verletzt worden Israel bekräftigte es habe Truppen nach jabaliaia und beanun im Norden des gazreif entsand um gegen hamaskämpfer vorzugehen hunderte Extremisten seien bislang getötet worden unabhängig überprüfen lassen sich die Angaben beider Seiten nicht die Bemühungen um eine Waffenruhe im Gazastreifen sind nach wie vor festgefahren die radikalislamische Hamas will ein Abkommen zur Beendigung des Krieges und erst dann Geiseln austauschen während der israelische Ministerpräsident Benjamin netanahu auf sein Kriegsziel behaart die Hamas zu vernichten ichts eines seit Monaten erfolglosen Werbens um einen Kompromiss hat Qatar angekündigt als Vermittler erst dann wieder zur Verfügung zu stehen wenn beide Seiten Bereitschaft und Ernsthaftigkeit zeigten um die Gespräche wieder aufzunehmen,OK
mWxqfwWNZPg,ach ja der umstritten Staat Südafrika bekannt für seine hohe Sterblichkeitsrate seine Kriminalität und auch sonst für wenig Menschenrechte meint eine antisemitische Show abziehen zu müssen und verklagt Israel vor dem un Gerichtshof ein symbolgericht was keine Sau interessiert aber alle Antisemiten der Welt freuen sich gen zeht in Gase es gibt dafür keinen Hinweis also es braucht ja eine eine gezielte Absicht dafür aber mit Fakten kann man diesen ganzen judenhassern Israel Hassern nicht beikommen und Hamas Unterstützern ich habe hier auch die Rede von Dr talbecker als Erwiderung aber wir schauen uns das Video von Rechtsanwalt Alexander Boos an der der Sache mal auf den Grund gegangen ist ist ich bin gespannt äh was er da so rausbekommen hat Israel muss ich vor dem Internationalen Gerichtshof einen Prozess stellen wegen dem Vorwurf des Völkermords damit befassen wir uns heute hi und willkommen zu diesem neuen Video ich bin Alex brß Rechtsanwalt aus Mainz willkommen was willkommen warum denn na ja die Anreden waren auch schon mal besser oder auf jeden Alter ja nein doch ja es läuft ein Prozess vor dem Internationalen Gerichtshof und zwar geht's um den Vorwurf des Völkermordes gegen Israel geht um den Gazakrieg und Südafrika hat das ganze angestrengt und hat auch ein Eilantrag eingereicht und wollen damit erreichen eine sofortigen Stopp der Kampfhandlungen im Gazastreifen ja und da dachte ich mir das schauen wir uns heute mal an es geht wie gesagt um den Vorwurf des völkerm also allein dass man sagt die Kampfhandlung in gaserastreifen zu stoppen das hat Israel ja angeboten die wollen dort ja gar nicht kämpfen aber es sind ja noch unzählige Geiseln im Gasastreifen darunter zwei Säuglinge ein Baby was gerade ein Jahr alt geworden ist und die werden nicht freielassen und man hat der MAS gesagt das die dass die Geiseln frei und es gibt ein Waffenstillstand genau qu und Ariel heißen die beiden Kinder aber die haben sag nee nee wir wollen weiterkrieg also die Hamas will ja deswegen tötet die Hamas ja auch ihre eigene Bevölkerung und klaut ihn die Hilfslieferung wird natürlich nicht auf diesen ganzen free Palestine Demos gesagt dann kann man ja keine Juden dafür in Haftung nehmen es da fahren wir uns erstmal was ist überhaupt ein Völkermord und da gibt es die sogenannte un völkermordkonvention und da heißt es in Artikel 2 ich lese das mal vor in dieser Konvention bedeutet Völkermord eine der folgenden Handlungen die in der Absicht begangen wird eine nationale e wichtig ist in der Absicht begangen wird ist der wichtigste Punkt solo speziales habe ich ja selbst schon auf dem Posting sehr ausführlich erklärt schon vor zwei Monaten und das hat schon belegt dass Völkermord halt nicht hier vorhanden ist und ja also es ist halt nur noch es halt nur propagande und prnische rassische oder religiöse Gruppe als solche ganz oder teilweise zu zerstören Tötung von Mitgliedern der Gruppe Verursachung von schwerem körperlichen oder seelischen Schaden an Mitgliedern der Gruppe vorsätzliche Auferlegung von Lebensbedingungen für die Gruppe die geeignet sind Ihre körperliche Zerstörung ganz oder teilweise herbeizuführen Verhängung von Maßnahmen die auf geburtenverhinderung innerhalb der Gruppe gerichtet sind oder die gewaltsame Überführung von Kindern der Gruppe in eine andere Gruppe das sind alles übrigens interessanterweise Punkte die zutreffen auf die Taten am 7 Oktober der 7 Oktober war der Beginn oder Versuch eines Völkermordes durch die ramas und die sie begleitende begleitenden Zivilisten aus Gaza so Gaza hat versucht einen Völkermord zu sten in Israel gegen Juden und das bestreitet keiner der ein wenig Ahnung von der Materie hat denn dort war ja die genozidabsicht vorhanden aber wir auch gerne verschwiegen denn wer Juden tötet ist ja anscheinend gut im Wesentlichen zusammengefasst ja wenn man eben zielgerichtet vorhat das ganz wichtig gewisse Vorsatz erforderlich eine bestimmte nationale ethnische rassische oder religiöse uppe zu töten ja dan danke schön genau und der Vorsatz der ist ja überhaupt nicht nachweisbar den wäre es ein Vorsatz dann hätte Israel ja nicht nur diese soen 20.000 tote die es aktuell gibt wovon wohl verifiziert in etwa 10000 hamasterroristen sind dann hätte Israel auch nicht diesen humanitären Korridor geschaffen hätte Israel auch nicht hil Lieferung reingebracht und hätte die Menschen geschützt die dort fliehen und hätte Israel nicht das dachklopfen gemacht drei Wochen haben sie gewartet hätte Israel nicht Angriffe abgebrochen wenn Zivilisten zu sehen sind das sind ja alles so Punkte wenn Sie also ein Völkermord betreiben wollen warum legen Sie kein Bombenteppich über Gasa haben sie nicht gemacht das ist ganz wichtig bei dieser Geschichte und Südafrika wirft eben genau das Israel vor nämlich Israel würde hier einen Völkermord an den Palästinensern im Gazastreifen begen und fordert ein sofortiges Ende dieser militärischen Operation wie gesagt das ganze in einem Eilverfahren ich stell mal meine Meinung vorne weg ich halte das Ganze hier nicht für ein Völkermord das ganze ist ein Krieg gegen die Hamas der hier geführt wird und nicht gegen die palästinensische Bevölkerung so ist es und es fehlt von Seiten Israels hier auch jeder Vorsatz hier überhaupt das palästinensische Volk oder eine bestimmte Volksgruppe hier auslöschen oder töten zu wollen das ist Jurist das ist es das ist der Dreh und Angelpunkt und jeder andere der das der das leugnet das ist das man man kann man kann diesen Völkermord nur unterstellen wenn man grenzenloser Israelhasser ist Israel bezogener Antisemitismus es ist per Definition kein Völkermord möglich nicht möglich ist einfach so deswegen wisst ihr jeder der euch erzählt ein Genozid in Gaza oder ein Völkermord in Gaza dann habt ihr entweder es mit einem richtigen Schwachkopf zu tun oder einem kenzenlosen Israel Hasser so einfach ist die ganze Kiste es ist reine PR und Südafrika macht hier n weil Südafrika auch ein freundschaftliche Beziehung zu Hamas hat so diese Show und ja Südafrika sind bekennen die Israel Hasser Südafrika hasst Israel Abgrund tief und hat enge freundschaftliche Beziehung zu chamas ja das ist ist überhaupt nicht das was da abläuft sondern israel führt im Prinzip einen Krieg gegen eine terroristische Vereinigung ja die Hamas als Reaktion und als quasi Selbstverteidigung auf die Attentate oder auf das Attentat vom 7 Oktober ja Südafrika hat am ersten Tag der Anhörung vor Gericht hier verschiedene Beispiele militärischer Gewalt und Äußerungen israelischer Politiker ins Feld geführt und üb alle irrelevant hat eben gesagt das sei mit der Absicht eines Völkermordes Geschehen wurden Fotos gezeigt Videos mit schlimmen Dingen natürlich ist ein Kriegsgebiet ja da finden natürlich auch auch sich schlimme Bilder und schlimme Schicksale passieren dort und das gibt ja und Israel wollte auch die Aufnahmen des 7 Oktobers zeigen das wurde ihn aber verwehrt weil es ja hieß man Klage jetzt hier nicht die Hamas an klar wenn man die Hamas Anklagen würde kann man gar nicht drum herum als zu sagen das war Völkermord ja auch Opfer in der Zivilbevölkerung es gibt auch tote Kinder wir dürfen auch nicht vergessen etwa 50% der Bevölkerung von Gaza sind sind unter 18 ja und die Zahl an Kindern ist mir gar nicht bekannt aber es ist eine ist eine sehr junge Bevölkerung die sich dort eben findet ja deshalb bringt das leider schon statistisch gesehen ein Krieg mit sich dass da auch entsprechend viele junge bzw Kinder sterben Zahlen kursieren man darf natürlich auch nicht vergessen dass ist teilweise ein bisschen schwierig ist Leute von der Hamas kämpfen teilweise in in Jeans oder in Straßenkleidung ja wenn sie dann was übrigens auch Kriegsverbrechen ist getötet werden wird da halt teilweise die Waffe weggenommen dann sieht das natürlich aus als wä es auch ein Zivilist also es ist alles nicht so einfach aber ich hatte ja viele Videos kämpfen auch Kinder oder Minderjährige Jugendliche für die Hamas oder den islamischen dihad zu dem Thema gemacht werd auch noch in Zukunft was drüber machen ja unter anderem hat Südafrika auch ein Video gezeigt von israelischen Soldaten die hier gesungen und getanzt haben und auch Parolen geschrienen haben als Beispiel etwa möge Gaza ausgelöscht werden es gibt keine unbeteiligten Zivilisten sollen die wohl gerufen haben kann es sicher auch gegeben haben ich habe dieses Video nicht ist aber auch kein Beleg es ist auch Schwachsinn sehen es ist halt wie in jeder Auseinandersetzung oder wie in jedem Krieg wo Menschen beteiligt sind und da sind eben Menschen die manchmal übers Ziel hinauss schießen auch mal irgendein Blödsinn brüllen ne das ist sicher auch so das jetzt pauschal Israel vorzuwerfen halte ich aber für falsch eingereicht hat die Klage Südafrika schon im Dezember 23 eine Entscheidung ist in wenigen Wochen zu erwarten Vorwurf fasse ich noch mal zusammen gegen Israel so sagt Südafrika ihr wollt hier die Zerstörung des palästinensischen Lebens herbeiführen ja man sprucht sich nur die Entwicklung Anschauen von 500.000 auf 5 Millionen oder des palästinensischen Volkes und die Verteidigung von Israel geht natürlich dann komplett in die andere Richtung es geht hier eben um Israels Recht auf Selbstverteidigung nach dem Angriff der Hamas vom 7 oktober bei dem ja auch haben wir uns ja auch schon mit befasst nicht nur tatsächlich Hamas Leute beteiligt waren sondern in vielen Gebieten auch eine Art Mob aus Zivilisten von Gaza da munter mitgemischt hat ja auch dafür gibt's Belege und Aufnahmen woll wir jetzt hier an dieser Stelle nicht drauf eingehen ist aber mittlerweile hinreichend belegt ja wird aber gerne geleugnet ich habe darüber ja auch geschrieben aber die ganzen Judenhasser verdenken immer wenn sie den Hass wiederholen dass dann irgendwann wahr wird dass da auch Zivilisten beteiligt waren wobei ich mich ein bisschen schwer tue jetzt von Zivilisten und der Hamas zu sprechen ja aber eben weil die Hamas im Prinzip ja auch keine keine bewaffnete Armee ist aber wenn man es jetzt mal rein vom Wortsinn sich vergegenwärtigt dann ist die Hamas eben die zuletzt gewählte Regierung hier von Gaza und dann sind die bewaffneten hamasleute eben auch die Armee von gaz ja so ist es das ist halt die Armee Gazas und Gaza hat Israel den Krieg erklärt und nur weil sie jetzt verlieren gibt man kurz gesagt den Juden die Schuld aber muss halt Ursache und Wirkung und hier war der Beginn eines Genozids am jüdischen Volk in Israel durch die Regierung oder durch Gaza gegeben man hat versucht t einen Genozid zu beginnen das hat Israel abgewehrt und verteidigt sich jetzt und vernichtet die Schuldigen Terroristen die den Völkermord begehen wollten D fragen Leute was für eine Folge hätte so ein Urteil erstmal das ist ein un-gericht das relativ irrelevant wir reden hier hier vom Internationalen Gerichtshof nicht vom Internationalen Strafgerichtshof das ist ein riesiger Unterschied sitzen zwar beide in den Hag das eines war halt eine unshow deswegen nimmt man das nicht so ernst aber es wird immer gerne verwechselt und und es wird hier überhaupt kein kriegstopp stattfinden ich gehe davon aus aber dass Israel hier freigesprochen wird denn da da muss man schon extremer Antisemit sein um diese juristischen Fakten zu missachten und wir sind ja nicht bei Freisler also das kann ich mir nicht vorstellen und Israel hat natürlich Interesse der an Selbstverteidigung und werden sich nicht von irgendeiner unintitution und die UN ist ja durchwg antisemitisch ich kenn es ja durch Menschenrechtsrat was ja eigentlich ein judenhasserclub ist wo der Holocaust als Ziel immer immer wieder mal gerne formuliert wird und Juden an allem schuld sind dass man sich von denen was sagen lässt das bezweifle ich sehr wä auch dumm al ja ich glaube das kann man durchaus so sagen und Israel sieht das Ganze eben ganz anders und die Haltung gehe ich unterm Strich auch mit die sagen nämlich wie gesagt Recht auf Selbstverteidigung hier durch die durch die schlimmen schlimmen attent hatte ja dass man die Hamas jetzt hier eben besiegen möchte dass man dass man da Ruhe haben möchte ja dass das in Zukunft nicht mehr passiert und die argumentieren auch korrekterweise eben so dass nicht Israel sondern die Hamas hier eigentlich eine völkermordsabsicht verfolgt hat und das ist auch tatsächlich so zu sehen wenn man sich mal die die gründungskarter hier der Hamas anguckt da war sehr deutlich damals geregelt die Juden müssen weg ja die Vernichtung aller Juden mittlerweile hat man glaube ich diese Karte ein bisschen abgeändert aber trotzdem ist das die Gesinnung die hinter dem Ganzen steckt ja absolut richtig und genau hier ist dieser doll speziales hier ist diese Vernichtungsabsicht dieser Vorsatz ist bei der Hamas vorhanden bei Israel nicht wenn Israel ein Vorsatz hätte Palästinenser zu töten warum haben sie dann über Jahre jeden Tag 500 bis 1000 LKW an Hilfsgüter nach Israel gebracht warum haben sie Wasserleitung gebaut warum haben sie neue neue Wassersysteme installiert und den Trinkwasser geliefert also bitte israel hat auch Fotos und Videos vorgelegt um sein Standpunkt zu untermauern man hat unter anderem hier eine Videoaufnahme bzw Statement von dem hochrangigen hamasmglied abgespielt der sagt zitiere wir müssen das Land entfernen also in Bezug auf Israel ist gemeint denn es bedeutet eine sicherheitspolitische militärische und politische Katastrophe für unsere arabische und islamische Nation und dieser Hamas Typ hat dann weitere Angriffe angekündigt und Israel stellt in Bezug auf solche Aussagen eben die Frage ob Israel hier das alles einfach über sich ergehen lassen soll oder ob man hier nicht so wie Israel ist eben seht ein Recht hat sich auch zu verteidigen und da muss ich tatsächlich sagen ja das hat man ja zumindest meine juristische Einschätzung in dieser Sache israel hat das alle Juristen mit einem klaren Sachverstand haben exakt diese Einschätzung das ist das Besondere weiterhin argumentiert es war sei nicht ihr Ziel hier den gaserstreifen dauerhaft zu besetzen oder gar die Zivilbevölkerung hier die Palästinenser zu vertreiben das wäre nicht das Ziel sondern man will schon in Zukunft eine bessere Zukunft für beide finden weil ich hier zuu sagen muss da fehlen mir noch ein bisschen die Ideen wie das dann tatsächlich aussehen muss und wie das gehen kann und ob das dann überhaupt auch beide Seiten insbesondere die palästinensische eben auch möchte wobei aus meiner Erfahrung da schon viele Leute sind die einfach nur in Frieden leben wollen deshalb sind wir vielleicht einfach mal zuversichtlich dass es hinhaut aber mir fehlt im Moment da ehrlich gesagt ein bisschen die Fantasie ja leider diese völkerrechtskonvention um die es hier geht die hat Israel auch mit unterzeichnet also sie sind rein rein völkerrechtlich daran schon gebunden die Frage ist Israel ist einer der Erstunterzeichner die volökerechtskonvention gerade im Bezug auf genozider Völkermord ist durch Israel und durch Juden überhaupt entstanden das ist ihr Produkt natürlich auch was passiert denn sollte das Gericht Wand ich tatsächlich juristisch nicht ausgehe hier wirklich zu einer Entscheidung zu lassen Israel m kurzim Pao danke schön kommen und vielleicht sogar jetzt hier ein Urteil dahingehend verkünden dass die Kampfhandlungen eingestellt werden würde das denn Israel davon abhalten hier die jetzige Operation da vtzusetzen ich denke das ehrlich gesagt nicht also diese Gerichtsbarkeit ist natürlich gut und schön aber wenn man sich dann als Land da dran nicht hält an einen solchen Richterspruch dann ist durch natürlich auch nichts gewonnen auf der anderen Seite ist natürlich Urteil da was irgendwie eine Rechtmäßigkeit oder Rechtswidrigkeit eben festlegen würde aber wie gesagt meine juristische Einschätzung ist tatsächlich dass diese Klage nicht durchgehen wird ich sehe die die Merkmale eines Völkermords hier nicht erfüllt und das ist auch nicht das Ziel Israels und damit würde es auch an einem erforderlichen Vorsatz bzw einer Absicht hier fehlen um das auch noch mal deutlich zu sagen ein Völkermord würde die strengste vorsatzform erfordern die wir im Strafrecht kennen ja sogenannter dolus direktus das oder Spezial ist ja genau der heißt im im österreichischen rechtpzialis also dolus direktus im im deutschen gerichtete wollen eines solchen Völkermordes und eben auch eine Absicht der Zerstörung einer bestimmten Gruppe ja also von daher umso mehr meine Einschätzung dass diese Klage wohl nicht von Erfolg gekrönt sein wird wie immer bei diesem Thema kann es natürlich sein dass wieder wilde Kommentare kommen also bitte sachlich bleib spätestens nach meiner reaction kommen da wilde Kommentare weil natürlich auch viele Antisemiten schauen was ich so mache und die gehen dann weil der Rechtsanwalt BOS da das schwächere Glied ist natürlich dann zu ihm und beschimpfen ihn diese ganzen judenhasse die ziehen dann ihre virtuelle SS Uniform an und marschieren dann dorthin los eben ja jeder kann seine Meinung haben aber nichts beleidigendes und nichts zu krasses bitte reinschreiben keine Lust da irgendwelche Sachen zu löschen demnächst kommt auch noch mal ein Video zur Israel Thematik da wollte ich länger schon mal ein Video gucken was ich auch noch mal um die Entstehung dieses ganzen Konflikts ein bisschen dreht und was ich gut fand das habe ich bisher immer noch nicht geschafft das werden wir dann noch machen ja soweit mal zum aktuellen Stand von dem Internationalen Gerichtshof wir werden sehen wie der Prozess hier endet ja danke fürs zuschauen Abo geben like geben komm ein gutes Video das ganz das relativ kurz abgehandelt und das kann man ja auch kurz abhandeln also es ist ja jetzt kein Hexenwerk und ähm schreibt jemand SS Uniform aus dem hitlhop in Gaza du meinst Hitler 2 nein Hitler 2 ist kaputt ähm der der hitlershop in Gaza ist mittlerweile ausgebrannt ich das Video noch mal verlinkt lasst da auf jeden Fall gerne ein Like da es ist einfach ist einfach juristisch kurz zusammengefasst und mehr braucht man nicht sagen ich habe ja hier die Verteidigungsschrift Israels ich vielleicht mache ich dazu noch was ich hat die ganze Zeit überlegt aber eigentlich darf man dem dem Schwachsinn den da Südafrika von sich gibt nicht so viel Raum geben sie wollen Israel dämonisieren sie wollen gegen Juden hetzen wollen Judenhass verbreiten und ich erwarte eigentlich dann auch von auch den europäischen Staaten dass sie Sanktionen in Richtung Südafrika in die Wege leiten oder folg dass es Folgen hat es kann nicht sein dass ein Staat solche Rechte missbraucht um weltweit den Judenhass voranzutreiben und eine Terrorgruppe wie die Hamas oder den Islamischen Jihad zu fördern also shame on you South Africa so einfach ist das abonniert gerne den Kanal abonniert die Glocke lasst ein Like da schreibt eure Meinung unten drunter bleibt aber anständig und Antisemiten werde ich natürlich löschen und Sperren denn ihr auf meinem Kanal heißt es alt bekannt nazis raus,OK
i61WXQ_-TlE,"Zwei Jahre nach der Terrorattacke des 7. Oktober eskaliert der Israel-Palästina Konflikt weiter. Wie, wenn überhaupt lässt sich ein schützender Ausweg denken für Israel, die Palästinenser, das humanitäre Völkerrecht? Das will ich heute besprechen mit José Bruna, in Israel lebender Politologe und Buchautor sowie Muriel Asseburg, na Oostexpertin und Forscherin der deutschen Stiftung Wissenschaft und Politik. [Musik] Herr Brunner, Krieg ist ja kein Abstraktum. Es ist eine alltäglich gelebte Realität für Sie. Sie leben in Israel, sie sind Jude. Wie würden Sie sagen, hat sich Ihr Alltag in den letzten zwei Jahren verändert? Ja, einerseits im Alltag äh ist man sich sonst in Israel nicht gewöhnt, dass man so oft in den Luftschutzkeller muss. Äh, das wird schon ein bisschen Routine. Also auch von vor zwei Tagen waren wir wieder im Luftschutzkeller einfach wegen diesen Raketen vom äh Jemen. Äh, das ist so das Alltägliche geworden, würde ich sagen, und macht einem auch nicht mehr so besonders Angst. Man, es ist interessant, wie rasch man sich daran gewöhnt, aber als Mitglied der israelischen Gesellschaft ist äh das Hauptgefühl eine totale Entfremdung, wenn man nicht mitmacht bei dieser emotionalen Gleichschaltung, dass wir jetzt alle zusammen gegen die Gefahr der Hamas sein müssen. Wenn man da sich nicht mit allen um einen herum einig fühlt, fühlt man sich sehr ausgeschlossen. Und es gibt zwar in der letzten Zeit in der israelischen Gesellschaft Spaltungen zwischen denen, denen es eher um die Geißeln geht und denen, die den Sieg wollen, wie die Regierung. Aber diese Spaltung ist innerhalb eines Konsensus, dass man die Hamas besiegen muss. Wenn man nicht an den Sieg über die Hamas glaubt, wenn man denkt, man muss mit den Palästinensern verhandeln, man muss ihnen Rechte ermöglichen, hat man im Moment im israelischen Diskurs nicht wirklich Platz. Diese Entfremdung ist ja für Sie auch biographisch eine besondere Erfahrung. Sie sind 1954 in Zürich geboren, sind orthodox hier aufgewachsen. Als 19-Jähriger sind sie als überzeugter Zionist nach Israel gegangen, wollten dort leben und das war natürlich auch das Projekt, genau diese Gemeinschaft, dieses Projekt Israel zu spüren, zu erfahren und mitzug gestalten und jetzt, wenn ich sie richtig verstehe, sind sie selbst in einer Form der Entfremdung in das Land, in das sie eigentlich zurückgekehrt sind. Ja, ich gehörte eigentlich immer zur Minderheit, zu einer relativ kleinen Minderheit. Schon als Student Mitte der 70er Jahre trat ich einer jüdisch-arabischen Studentenbewegung äh äh zu und und war immer in dieser Minderheit des Versuchs ein Verständnis w mit Palästinensern zu fördern. Das ist nicht das Außergewöhnliche. Das außergewöhnliche würde ich sagen sind zwei Elemente. Einerseits das Gefühl der des deiner total fehlenden Kommunikation mit der Umwelt, wenn man nicht gleich gesinnt ist wie die anderen. Und das andere ist dieses totale Empathieverbot, das jetzt die israelische Gesellschaft erfüllt, dass ich in diesem Ausmaß bis jetzt nicht erfahren habe. Sie sagten: ""Enfremdung mit den Menschen, die ich kenne, die in Israel leben oder dort öfters sind, würde ich das als mehrdimensionale Verzweiflung auch beschreiben. Es gibt eine Verzweiflung über den politischen Weg und die Zukunft der israelischen Demokratie als jüdischer Demokratie. Es gibt eine Verzweiflung über die Taten, die das israelische Militär in Gaza und anderswo begebt. Und es gibt auch eine gewisse Verzweiflung über das Bild, dass Israel derzeit global annimmt oder verkörpert. Ja, sehen Sie, ich glaube nicht, dass es eine Verzweiflung gibt über die Taten Israels in Gaza, in Israel. Das wird einfach ausgeklammert. Ich kann z.B. nicht mehr an Demonstrationen gehen, die am Samstagabend in Tel Aviv stattfinden, wo viele Tausende von Menschen demonstrieren und sie demonstrieren für die Rückkehr der Geiseln und für einen Waffenstillstand, damit die Geiseln zurückkehren können, aber nicht für die Menschen in Gasa. Nicht für die Menschen in Gaza. Das gibt kein besseres Mittel, eine Konversation abzubrechen, als zu sagen und was mit den Kindern in Gaza. In dem Moment ist normalerweise die Kommunikation vorbei. Mm. Das sind ja doch tiefe Veränderungen oder zumindest Zuspitzungen in einem langer währenden Prozess. Frau Asseburg zugeschaltet aus Berlin. Sie beschäftigen sich auch seit Jahrzehnten mit diesem Konflikt. Ich glaube, wir alle erinnern, wo wir am 7. Oktober 2023 waren und wie wir diese Bilder gesehen haben als Expertin haben Sie damals an diesem Tag oder in den Tagen danach auch nur annähernd absehen können, welche Eskalationen in den darauffolgenden zwei Jahren auf Israel, Palästina und die Welt warten würden? Für mich war sehr klar am 7. Oktober und noch mehr in den Tagen danach, als man überhaupt das ganze Grauen, was sich da abgespielt hat, begriffen hat, dass die Antwort Israels sehr sehr massiv sein würde und das vor allem aus zwei Gründen. Das eine ist und ich glaube Herr Brunner hat schon implizit angesprochen, die Unmöglichkeit Empathie zu haben mit der Bevölkerung im Gazastreifen, weil alles überdeckt wurde durch den Angriff der Hamas, der ja auch andere palästinensische Gruppen noch umfasst hat, bei dem auch Zivilisten aus dem Gazastreifen nach Israel eingedrungen sind. ein Angriff, der in der israelischen Gesellschaft sehr weitgehend als Progrom gegen Jüen und Juden gelesen worden ist, als ein Vernichtungsfeldzug und zugleich, und das ist der zweite Faktor, der wichtig ist, diese Demütigung des israelischen Militärs, der israelischen Regierung, des israelischen Geheimdienstes, weil es nicht gelungen ist, diesen Angriff zu verhindern und auch, weil es nicht gelungen ist, schnell und adäquat darauf zu reagieren. Das Chaos, das in den ersten Stunden geherrscht hat, aber das alles hat eigentlich klar gemacht, nur den Satz noch, das alles hat eigentlich klar gemacht, es wird eine ganz massive Antwort geben. Mhm. Und dennoch hätte ich mir damals nicht vorstellen können, dass das bedeutet, dass der ganze Gasstreifen vernichtet wird, dass alle Lebensgrundlagen vernichtet werden, dass es zu Hungersnot im Gasastreifen kommt. Tatsächlich war das, glaube ich, für niemand in diesem Moment so vorstellbar. Dieser kriegerische Konflikt als Gewaltkonflikt ist 80 Jahre lang. Manche sagen, er geht bis ins 19. Jahrhundert zurück zwischen Arabern, Palästinenser und Juden und Israelis dann später. Worin liegt denn für Sie, wenn Sie nur die letzten zwei Jahre betrachten, das Genuin neue, sofern es überhaupt etwas wirklich Neues gibt in der Entwicklung? Es ist tatsächlich schwierig, das genau zu verstehen, was ist das Neue? Also, es gibt sicher Elemente, die neu sind in diesem Krieg, wie der Einsatz von künstlicher Intelligenz, zur Zielauswahl. Es gibt äh diese enorme Zerstörung, die nichtunterscheidung von zivilen Zielen und Kombatanten. Es gibt diese nachhaltige Zerstörung, Vernichtung von Lebensgrundlagen. All das hat ein massives Ausmaß. Aber ist es wirklich neu? Das weiß ich nicht. Wir sehen das auch in anderen Kriegen. Äh und die Situation in Gaza ist natürlich auch eine ganz spezielle. Ähm die Abriegelung, die es Menschen im Gazastreifen nicht ermöglicht, tatsächlich zu fliehen aus dem Kampfgebiet, die Möglichkeit zu evakuieren, aber dennoch nicht an Orte zu kommen, wo man wirklich sicher sein kann. Und wenn wir das uns mal auf einer Karte anschauen, nur die Ziele, die Israel in den letzten zwei Jahren bombardiert hat oder in denen Israel kriegerisch aktiv war, Tunisien, die Golanhöhen, der Gazastreifen, Libanon, Syrien, Iran, Jemen, das Westjorderland und jüngst auch Qatar. Herr Brunner, das ist ja auch das Gefühl einer vollkommenen Einkreisung und eines Krieges mit fast allen denkbaren Nachbarn. Jetzt könnte man sagen, das ist gar nicht so neu, aber es ist doch noch mal eine Intensivierung der Erfahrung, oder? Ja, ich glaube, in Israel lebt man sehr stark in diesem Gefühl. Die äh Regierung und andere äh Politiker sprechen immer wieder davon, dass es eigentlich um sieben Kriegsschauplätze gibt oder manchmal werden auch acht erwähnt, an denen gekämpft wird. Also aus israelischer Sicht ist es nicht nur ein Gaza Krieg, sondern ein Nahostkrieg. äh auch der Fall des Assadregimes. Also äh es es verändert das Bild des Nahen Ostens. Jetzt das letzte Mal, wo Israel das versucht hat, den Nahen Osten so zu verändern, das war im äh Libanonkrieg in den 80er Jahren. Und das ist ziemlich schlecht ausgegangen für Israel letztenendes. Das hat eigentlich äh dann zur ersten in die Vater geführt, 87. Also das hat wirklich das Bild des Nahen Ostens verändert, aber nicht so wie Israel wollte. Mm. Und ich möchte noch was sagen zum Thema, dass Sie vorher angeschnitten haben, nämlich was ist das genuin Neue, nicht jetzt global gesehen, sondern für Israel und die besetzten Gebiete, die Besatzung äh des Gazastreifens und der des Westjordan durch Israel begann 67. Das war eigentlich das erste Mal, dass alle Palästinenser unter einer Regierung lebten, die in Israel, im Gaza Streifen und im Westjordan. die wohnt die die lebten ja vorher unter ägyptischer Herrschaft, jordanischer Herrschaft und israelischer Herrschaft. Plötz war waren die alle zusammen unter der gleichen Herrschaft und am Anfang hat zwar hatten sie keine Rechte, aber es hatte auch seine guten Seiten. Das Ganze veränderte sich mit dem Oslopprozess in den 90er Jahren. Die Checkpoints entstanden, die Angst vor dem Terrorismus und so weiter und die Unterdrückung wurde immer stärker. Aber jetzt äh seit Oktober 23 hat sich die Unterdrückung gewandelt in eine Vernichtung. Das kannten wir bisher nicht. Frau Asselburg hat das erwähnt. Es ist jetzt eigentlich nicht mehr ein Unterdrückungsregime. Man versucht den Gaserstreifen nicht zu unterdrücken. Man versucht ihn zu vernichten. Äh die ganze Infrastruktur wird zerstört. Herr Brunner, Frau Asseburg, das ist natürlich ein massiver Schritt. Israel und Netanaro, die Regierung würde bestreiten, dass es um Vernichtung geht. Man bestreitet das sehr vehement. Dennoch in der globalen Wahrnehmung setzt sich und vielleicht ist das kein zu starkes Wort, eine Wahrnehmung von Israel als Täterstaatfest, der auch dazu führt, dass Israel zunehmend isoliert in der Welt ist. Wir hören von Frankreich, von Kanada, von Australien, von England, dass sie die Palästinenser nun als Staat anerkennen. Man kann sehen z.B. wie der Ökonomist, ein weltweit führendes Margotin titelt How Israel is losing America und selbst in weicheren Bereichen wie z.B. dem Eurovischen Song Cortest oder im Fußball der UEFA sieht sich Israel zunehmend isoliert. Das ist doch auch eine Form der Existenz Gefährdung dieses Staates, sich derart isoliert zu fühlen. Frau Asburg. Ja, also ich würde sagen, es gibt zwei gegenläufige Tendenzen. Es gibt die zunehmende Empung in der Welt über das Vorgehen Israels, über die Kriegsführung Israels und in der Folge davon Sanktionen, in der Folge davon äh Bemühungen um Isolierung Israels. Und auf der anderen Seite, und ich finde, das ist auch sehr wichtig zu sehen, gibt es eben nicht einen Krieg Israels mit all seinen Nachbarn, sondern ganz im Gegenteil haben sich die arabischen Staaten ganz massiv jetzt engagiert, um zurückzukommen zu einem politischen Prozess, raus aus dem Blut vergießen hin zu einem politischen Prozess, um endlich diesen Konflikt nach so langer Zeit auf eine Art und Weise zu regeln, dass beide Völker damit leben können. Mm. Ich finde, das ist wichtig, das zu sehen, dass wir auch diese gegenläufige Tendenz haben und dass auch bei den Angriffen aus dem Iran z.B. arabische Staaten an Israels Seite gestanden sind, die Luftabwehr benutzt haben, um Raketen und Drohnen aus Iran abzufangen. Diese neuen Konstellationen oder Koalitionen, die zeichnen sich ab, aber sie sind ja jetzt nichts, was aus israelischer Wahrnehmung besonders Hoffnung machen würde oder eine Stärkung bedeutete. Netanahu spricht mittlerweile von Israel als Sparta, als einem isolierten kriegerischen Volk, das um sein nacktes Überleben kämpft. Ja, ich glaube Natano bereut diese diesen Ausdruck. Der hat ihm in Israel keine Freunde gemacht. So, also auch nicht unter den in der eigenen Koalition. glaube da das würde er gerne zurücknehmen. Ich bin da eigentlich eher mit Frau Asseburg einverstanden. Das heißt, es bahn sich hier eine sehr interessante Koalition an, die begann ja mit dem Abraham Abkommen unter Trump in der letzten Regierungsperiode. Und es ist ja interessant, dass dieser neue 20 Punkteplan von Trump von der Türkei und Qatar unterstützt wird. Das ist nicht selbstverständlich. Ich bin einverstanden, dass viele arabische Staaten genug haben vom Nahostkonflikt und einen politischen Prozess wollen. Das stimmt. Äh ob das jetzt dann so passieren wird, ich hoffe das sehr, aber ich glaube, im Nahen Osten haben wir auch gelernt, sehr skeptisch zu sein, was solcher Zukunftshoffnungen betrifft. Die Perspektive dieses 20 Punkteplans, die wirkt seltsam greifbar. Man meint dort eine Perspektive zu sehen, Frau Asburg. Wir haben aber den letzten zwei Jahren schon viele Momente der Hoffnung und Öffnung gehabt, die sich sehr schnell wieder verschlossen. Es gibt derzeit keine Perspektive, dass die Hamas diesen Plan zustimmen wird. Wir können davon derzeit nicht ausgehen. Und es gibt ja wohl auch in Israel politische Kräfte, die in der Regierung sind, die sich bereits jetzt gegen diesen Plan gewährt haben. Das ist richtig. Ich bin mir noch nicht sicher, ob wir nicht doch eine Zustimmung von Seiten der Herr Mass sehen werden in der Hoffnung, dass von anderer Seite dieser Plan letztlich wieder zu nichte gemacht werden wird. Also, wir haben ja in der Vergangenheit auch gesehen, dass es zu Waffenstillstandsabkommen gekommen ist, dass die Hamas sich darauf eingelassen hat. Ähm und wir sind jetzt tatsächlich an dem Punkt, der hoffentlich einmal mehr erst zu einem Waffenstillstand und dann zu einer mittelfristigen Lösung oder Regelung der Situation in Gaza und darüber hinaus zu einer umfassenderen Konfliktregelung führen könnte. Es ist ganz wichtig, dass die USA jetzt an Bord sind, dass der amerikanische Präsident tatsächlich das zur Chefsache macht. Auf der anderen Seite wissen wir, wie eratisch dieser Präsident ist. Wir wissen nicht, ob er morgen auch noch Interesse hat, der Chef der Gaza Behörde zu sein. Und ähm es gibt natürlich sehr, sehr viele Hürden noch auf dem Weg dann zu einer friedlichen Regelung. Vielleicht noch ein Punkt, den ich wichtig finde, wenn wir diesen Plan anschauen, er ist ganz bestimmt ein Riesenfortschritt gegenüber dem, was der amerikanische Präsident noch im Februar diesen Jahres gesagt hat, als er von einer Gaza Riviera fantasierte, den Gazastreifen als Real Estate Projekt letztlich begriffen hat und von einer sogenannten freiwilligen Auswanderung der Palästinenser fabulierte, davon ist er weg. Und dennoch ist der Plan, der jetzt auf dem Tisch liegt, in ganz vielen Punkten sehr, sehr Waage, insbesondere was die Konfliktregelung am Schluss angeht. Und das macht es natürlich schwierig, weil zwar von einem politischen Horizont die Rede ist, aber wir gar nicht wissen, wie dieser Horizont aussehen soll. Und da fällt er auch zurück hinter den Plan der arabischen Liga, hinter die Deklaration von New York, die vor kurzem in der UN-Generalversammlung mit sehr großer Mehrheit angenommen worden ist. Und was in diesem Plan und das betrifft ja auch die Empathieblockade, von der Sie sprachen, offenbar problematisch sein wird für Israel, ist die Idee, dass es keine Verpflichtung der Palästinenser geben wird, Gaza zu verlassen, dass das freiwillig geschehen soll und auch, dass Israel die politische Kontrolle über Gaza nicht eigenständig ausübt, sondern abgeben muss. Bisher, wenn ich es richtig wahrnehme, für die derzeitige Regierung eine Art rote Linie. Das wollte man eigentlich nicht so haben. Ja, das Interessante an diesem Plan ist ja, dass er aus meiner Sicht in vieler Hinsicht ein kluger Plan ist, äh aber beide Seiten dazu verpflichtet, über ihre roten Linien hinauszugehen. Also die Hamas müsste ihre Waffen niederlegen. Das will die Hamas ja auch nicht. Äh Israel müsste sich verpflichten, keine palæstinensischen Gebiete zu anxieren. Nicht nur nicht im Gasa, sondern keine Annextion. M das widerspricht dessen, was die Regierung immer wieder äh vorhat. Äh der Plan ist eigentlich relativ ausgewogen. Er ist Waage in vielen Punkten, das stimmt, aber hat z.B. auch einen Punkt, wo es darum geht, dass ein Dialog stattfinden muss, wo jede Seite die Narrative der anderen kennenlernen sollte und verstehen sollte. Also hat hier alle möglichen, es geht in alle möglichen Richtungen. Viele Türen viele Türen werden da aufgemacht. was die wirklich bedeuten, wird man erst rausfinden, wenn man denen wirklich auszuhandeln beginnt. Jetzt in der alten Form der Diplomatie hätte ich angenommen, da wurden vorher Fühler ausgestreckt zu Hamas, um zu sehen, ob die auch einverstanden sind. Aber in der neuen Form der Diplomatie macht man sowas nicht mehr. Man macht einen Deal, wie Trump das will. Das heißt, man ist möglichst aggressiv und bedrohend, wie Trump das jetzt getan hat. Take it or leave it. Ja. Und wenn ihr den nicht annimmt, dann unterstützt sich Israel in eurer totalen Vernichtung. Also das ist ein Ultimatum, das ist eine Bedrohung, das ist kein wirklicher Friedensplan in dem Sinn. Aber viele Elemente sind da sehr interessant. Und diese beidseitige Zumutung, die Sie festhalten in diesem Plan, die ist ja auch vor dem Hintergrund einer Situation, in der Israel wahrnehmen muss, dass es so nicht weitermachen kann, dass die internationale Isolierung zunimmt und dass sie eine kritische Grenze erreicht. Ich möchte noch mal, aber Israel verweigert sich das wahrzunehmen. Das ist ein Grundsatz der israelischen Politik im Moment. Man ist nicht bereit wahrzunehmen, was in Gaza passiert und man ist nicht bereit wahrzunehmen, was in der Welt passiert, außer zu sagen, das ist Antisemitismus. Stimmen Sie zu, Frau Asburg? Ja, ich fürchte, dass Herr Bon da recht hat, dass es da keine Bereitschaft gibt tatsächlich zu sehen, warum handeln Staaten, wie sie handeln. Warum erkennen jetzt z.B. europäische Länder den Staat Palästina an? Wie ist es dazu gekommen? Obwohl ja z.B. der britische Premierminister sehr deutlich gewarnt hat, dass er das tun würde, wenn es keine Fortschritte gibt in Bezug auf die humanitäre Situation im Gasastreifen, in Bezug auf einen Waffenstillstand. Ähm und da sieht man sich ähm selbst so stark im Recht und alle anderen im Unrecht ähm bzw. setzt die eigenen politischen innenpolitischen Prioritäten, muss man sagen, an erste Stelle und setzt die auch über letztlich die Geschicke Israels im Sinne der guten Beziehungen Israels zu anderen Staaten in dieser Welt. Wenn man darüber nachdenkt, wie die Wahrnehmung von Israel im Ausland ist, dann kann man dort eine sehr große Veränderung sehen. Ich bin selbst Deutscher. Ich kann die letzten zwei Jahre sehen, wie sich der Diskurs verändert. Er verändert sich in der Schweiz. Er ist in Spanien mittlerweile soweit, dass die Regierungschefs ganz unverblühend von Genozid sprechen. Wir werden hier nicht klären, dass ein rechtlicher Türm, ob es sich um ein Genozid handelt. Aber der Denker und Politologe äh und intellektuelle Pankat Schmischra, einer der wichtigsten Stimmen des globalen Südens, der hat vor wenigen Tagen auf einem Festival gesagt, für ihn liegt das Genuin neue darin, dass eine Demokratie, eine liberale Demokratie genozidale Verhaltensweisen gegenüber einem anderen Volk zeigt und dass das unter Tolerierung der westlichen Wertegemeinschaft geschieht. Für ihn ist das ein absoluter Tabubruch, nicht nur im Nahen Osten, sondern für die globale Idee eines humanitären Völkerrechts und die Idee von westlichen Werten, die man unbedingt aufrechterhalten soll. Würden Sie da zustimmen? Ja, sie haben jetzt so viele Themen aufgeworfen, da kann ich nicht einfach ja oder nein sagen. Das ist sehr sehr sehr komplexe Themen. Äh, ich glaube einerseits äh würde ich da gern einen Begriff verwenden, der von Aschil Membe, einem kameronischen Intellektuellen geprägt wurde, der Nekropolitik. Ich glaube, was Israel betreibt, ist Nekropolitik. Israel hat Todeszonen geschaffen, in denen jeder erschossen wird, der da reinkommt, gleich ob er oder sie jetzt Zivilisten sind oder äh oder Kämpfer. Das wird nicht unterschieden in diesen in diesen Zonen. Das ist etwas grauenhaftes. Ob man das jetzt Genozidal nennt oder nicht, ich glaube, der Begriff der Todeszone macht das auch viel konkreter als so ein abstrakter Begriff. und Gaza in großen Teilen ist heute in eine Todeszone umgewandelt worden. Und das hat ja ein Staat gemacht, der sich als westlich sieht, aber das haben andere westlichen Staaten schon in Vietnam und anderen Orten der Welt gemacht. Ich glaube nicht, dass Israel jetzt etwas macht, das absolut präzlos ist, sondern etwas, dass man im globalen Süden machen darf, wenn man ein Staat ist, der zum globalen Norden gehört. Und das Problem hier ist, dass Israel in einer Kontaktzone ist zwischen dem globalen Norden und dem globalen Süden. Israel ökonomisch, kulturell, wissenschaftlich gehört zum globalen Norden. Gazerstreifen das Westjordan zum globalen Süden. Das unterstützt dann diese kolonialen Erzählenmuster, die es auch gibt. Genau. Absolut. Absolut. Und das erlaubt Israel diese Politik und diese Gewalt auf diese Art auszuüben. Wir kennen die Namen der Toten im Gazastreifen nicht. Wir kennen jeden Namen der israelischen Geiseln. Die die die das Leben der Menschen im globalen Norden ist immer mehr wert als das Leben der Menschen aus dem globalen Süden. Wir leben an dieser Grenze in Israel und ich glaube das ist was im Gazastreichen passiert überhaupt ermöglicht und es ist eine Politik. Israel ist eine Demokratie. Diese Regierung ist demokratisch legitimiert, die offenbar auch in der Bevölkerung nicht auf solche Widerstände stößt, dass es die Regierung in ihrem Fortgehen behindern würde. Frau Asburg, das ist ja auch etwas, was man mit gewisser Befremdung wahrnehmen muss. Es gibt in Israel nicht die Gegenbewegung gegen die Vorgehensweise in Israel äh in Gaza, die man eigentlich erwarten könnte. Ja, die Umfragen zeigen eigentlich sehr deutlich, dass die Bevölkerung zu sehr großen Teilen die Kriegsziele, die die Regierung nach dem Angriff des 7. Oktober formuliert hat, unterstützt und dass die Kritik, die jetzt geäußert wird, vor allem daran kommt, dar darauf sich bezieht, dass äh der Premierminister die Geiseln nicht zur absoluten Priorität gemacht hat, also die Befreiung der Geiseln untergeordnet hat hinter, wir haben schon darüber gesprochen, ähm die Vernichtung der Hamas und die Zerstörung, die letztlich im Gazastreifen passiert, den Rachefeldzug, Die Vergeltung, die dort stattfindet, das ist die Kritik. Aber sie beruht nicht auf Empathie mit den Menschen im Gazastreifen und sie beruht nicht auf universellen Werten, die für alle gleich gelten würden. Ich glaube, es ist wichtig zu sehen, dass der Angriff der Hamas in Israel ein kollektives Trauma wiederbelebt hat, das kollektive Trauma der Schoa, der Judenvernichtung in Europa. Und das führt mit dazu, dass die israelische Gesellschaft gar nicht in der Lage ist, Empathie zu haben mit den Menschen im Gazastreifen, mit den Zivilisten und gar kein Interesse daran hat, die Namen der Toten im Gazastreifen zu kennen. Wie Herr Brunner das sagt, ich höre das sehr, aber es ist ja fast gleich bedeutend mit der These, Israel sei derzeit nicht zurechnungsfähig in seinem Handeln. sei nicht in der Lage, eine realistische Einschätzung seiner eigenen Situation zu formulieren. Und das ist ja ein ganz massives, eine massive Diagnose, wenn sie denn richtig wäre. Und es ist eine Diagnose, die man ihrem Buch Brutale Nachbarn, dass sie geschrieben haben, über die Emotionen, die der Nauskonflikt freisetzt eigentlich auch treffen. Ja, dazu möchte ich zwei Punkte sagen. Äh einer äh führt die Linie weiter, die Frau Asseburg begonnen hat. Ich glaube, beide Seiten üben ihre Gewalt aus in einem Selbstverständnis der existentiellen Angst und ich glaube, das versteht man im Ausland nicht immer. Damit möchte ich diese Gewalt nicht rechtfertigen, sondern nur erklären. Israel fühlt sich seit dem 7. Oktober in einer existentiellen Bedrohung. Ob das jetzt mit der Schoa verglichen werden soll, kann, das ist eine andere Frage. Aber ich glaube, Israel ist vereint in diesem Gefühl der existentiellen Bedrohung. die Palästinenser natürlich auch, die im Gazastreifen leben oder lebten hinter dieser Blockade, wo sie keine Zukunft hatten. Wenn man sich existenziell bedroht fühlt, dann im Selbstverständnis hat man das ja Recht, jede mögliche Gewalt auszuüben. Dann hat die Gewalt keine Grenzen und dann interessiert einen das internationale Recht nicht so besonders. Dann geht's ums Überleben und das ist das Selbstverständnis. Ich glaube nicht, dass das objektiv so ist. Die Armee hat ja gesagt, es gibt keine militärischen Ziele im Gaza Streifen mehr. Also die Sicherheitsorgane, die das objektiver versuchen zu verstehen, haben schon gesagt, sie hätten eigentlich keine weiteren Ziele. Und der zweite Punkt ist ja, der 7. Oktober hat eine Kränkung ausgelöst, die ich als narzisstische Kränkung verstehe und zu einer Wut geführt, in der der Israel diese Kränkung zugefügt hat, verschwinden muss. Das heißt, es geht um das Verschwinden des anderen, das ein Auslöschungsshnen. Ja, und das besteht auf beiden Seiten auch wiederum. Also auch die Palästinenser leben in einer oder jedenfalls die Hamas oder die Palästinenser, die die Hamas unterstützen in etwas, dass ich negative Utopie nenne, nämlich in einer utopischen Idee, dass der andere, die Israelis, verschwinden könnten, weil sie wie die Kreuzfahrer sind, weil sie gar nicht dahin gehören, weil auf die lange äh Dauer sie das nicht durchhalten können. Und die Israelist denken genau gleich. Die Palästinenser werden verschwinden, weil sie auswandern werden, weil man sie vertreiben kann, weil sie selbst nicht mehr dort sein wollen oder weil man sie einfach nicht mehr wahrnehmen muss. Es geht beiden Seiten darum, dass sie sich eine lebenswerte Zukunft nur vorstellen können, wenn der andere nicht mehr da ist. Aber ist das nicht gleichbedeutend, Frau Asseburg, mit der These, dass das überhaupt kein politisches Handeln im eigentlichen Sinn mehr ist? Ich meine damit, dass Politik damit bekennt, damit beginnt, dass man das Existenzrecht des anderen in gewisser minimaler Weise anerkennt und versucht Lösungen zu finden. Wenn das fehlt, ist es ja nur noch ein reines Gewalthandel. Aber Politik muss doch nicht konstruktiv sein. Also das ja keine Definition von politischem Handeln, dass es auf Kompromiss, auf ähm Lösung von Problemen ausgerichtet ist. politisches Handeln kann eben auch versuchen, extreme Utopien, negative Utopien umzusetzen. Ähm und das ist auch das politische Handeln, was wir von Teilen der israelischen Regierung heute sehen. Das ist das politische Handeln, das von Teilen des palästinensischen Spektrums, also von der Hamas und äh ihren Verbündeten unterstützt wird, würde ich schon immer noch als Politik auch bezeichnen. gepaart mit der Bereitschaft Gewalt einzusetzen. Was man aus der Außenperspektive nicht immer genug berücksichtet oder vielleicht auch nur begreifen kann, ist die Fokussierung auf diese Geiseln. Es waren 250 Geiseln, die genommen wurden, sind jetzt noch 48 Geiseln in äh Gewaltehammers, davon sind, sagt man, 20 am Leben. Und man hat ein bisschen das Gefühl, dass das der Fokus der israelischen Gesellschaft derzeit ist. Es ginge alles um die Geiseln, während man, wenn man einen Schritt zurücktritt, ja, sagen kann und selbst wenn die Geiseln zurückkämen, die ganzen Probleme wären ja alle noch da und die Dynamik gar nicht grundsätzlich verändert. Ja, ich gebe Ihnen völlig recht und ich glaube, die Tatsache, dass man Leichen als Geiseln bezeichnet, ist ein Symptom der Perversion des israelischen politischen Diskurses, dass man diese Unterscheidung nicht trifft, dass man sagt, wie Sie jetzt gerade gesagt haben, ja, 48 Geiseln dafür sind 20 noch am Leben. Seit wann bezeichnet man tote Menschen als Geiseln? Es ist völlig widersinnig, aber ich glaube, dieser Diskurs ist widersinnig. Das heißt nicht, und da bin ich mit Frau Asseburg einverstanden, das heißt nicht, dass er nicht politisch ist. Sie benutzen einen Politikbegriff, den ich mit dem von Hanner Arend identifizieren würde. Ja. Wo Gewalt jenseits der Politik ist, eine Raum des Menschlichen im weitesten Sinne. Genau. Also genau. Aber das ist, glaube ich, und das hat Frau Asseburg gesagt, das ist nicht unbedingt der Politikbegriff, den man annehmen muss und eine andere Unterscheidung, die weit verbreitet ist, ist zwischen Politik und Psychologie. Dann sagt man: ""Ja, aber wenn das eine narzisstische Wut ist, die dazu ausdruommt, ist das doch nicht mehr Politik."" Nein, es ist Politik, es ist narzisstische Politik, es ist gewalttätige Politik. Aber diese Unterscheidungen, diese analytischen Unterscheidungen, die man auf einem philosophischen Niveau treffen kann, äh glaube ich brechen im Nahen Osten zusammen. Und was dieser Zusammenbruch bedeutet, das spüren vor allem auch die Hilfsorganisationen, die im Namen des humanitären Völkerrechts im Gazastreifen aktiv sind. Wir haben einen Einspieler von Pier Krenbülle. Er ist Generaldirektor des internationalen Komitees des Rotenkreuzes und er beschreibt aus den Erfahrungen seiner Helfer die Lage derzeit folgendermaßen. Si pour nous toutes et tous c'est ça l'avenir de la guerre. Si ce que nous voyons dans la bande de Gaza est quelque chose que nous sommes prêts sur un plan humain à tolérer, alors il en va vraiment de notre humanité collective. Ça fond en fait. Frasurg, ich höre da zwei Thesen raus, die doch auch eine weitere Bedeutung haben, die über diesen sehr wichtigen Konflikt hinausgeht. Was wir in Gaza sehen, könnte eine Zukunft von Krieg überhaupt sein. Und das zweite, es ist eine letzte Grenze des humanitären Völkerrechts vor den Augen der Welt gefallen oder neu gefallen und zwar mit Auswirkungen, die für die ganze Welt wichtig sein werden. Ja, ich glaube, das ist zutreffend und es hat damit zu tun nicht, dass das erste Mal ist, dass so massiv Menschenrechte verletzt werden, dass das humanitäre Völkerrecht verletzt wird, das Völkerrecht insgesamt gebrochen wird, sondern es hat damit zu tun, dass die Welt so stark auf diesen Konflikt schaut, weil dieser Konflikt von vielen im sogenannten globalen Süden als ein Konflikt um Dekolonisierung gesehen wird, weil er die Ges Gesellschaften spaltet in Europa, in den USA, weil jeder eine Meinung hat zu diesem Konflikt und sich auf die eine oder andere Seite stellt. Das heißt, wir haben eine enorme Medienöffentlichkeit. Wir haben eine direkte Übertragung dessen, was passiert im Gazastreifen und das nicht von m internationalen Organisationen, die hier unabhängige Untersuchungen durchführen würden oder internationalen Journalisten, sondern im Wesentlichen eben von denjenigen, die on the sind. Das heißt nicht, dass ich das in Frage ziehe. Wir haben ja auch nach wie vor Hilfsorganisationen im Gazastreifen, die berichten über das, was passiert. Wir haben internationale Untersuchungen, aber wir haben eben einen Mangel an Zugang, einen Mangel an Zugang für unabhängige Untersuchungsorganisationen, äh unabhängige Untersuchungskomitees für unabhängige Journalisten. Das macht es schwierig und das verstärkt aber noch mehr den Eindruck, dass hier Greuultaten unter den Tisch unter den Teppich gekehrt werden sollen. Eine spezifisch sehende Transparenz würde Sie auch sagen. Ja, genau. Das ist ein sehr großes Problem, weil Verbrechen, die verübt werden, nicht ordentlich dokumentiert werden. Ähm und weil sie damit die Emotionalität international noch weiter befeuern. Ähm, Frau Fr, sie sagten es, das ist ja keine Zone wie jeder andere. Sie ist weltweit affektiv, speziell besetzt. Sie hat eine kulturelle Wichtigkeit, die unvergleichlich ist in den letzten 2500 Jahren, können wir sagen. Und was vielleicht speziell irritieren mag, und ich frage Sie das als Psychoanalytiker und auch als ehemaliger Zionist und orthodox aufgewachsener Jude. Man würde ja meinen, dass Religion dazu da ist, Empathie zunächst einmal zu stärken. Und gerade die jüdische Religion ist eine, die das Leben als Leben unbedingt feiert und schützt. Und doch hat man das Gefühl, dass im Namen der Religion gerade jetzt eine Art Umkehrung dieses Motivs entsteht und dass Menschen im Namen der Religion nicht mehr Menschen sein sollen. Ja. Äh erstens bin ich nicht Psychoanalytiker, aber Sie sind in Ihrer Arbeit von Sigm und Freud mitgeprägt. Mitgeprägt. Ja. Äh, zweitens finde ich ihre Aussage eigentlich erstaunlich, weil Religionen schon immer dazu gefügt geführt haben, dass Religionskriege geführt wurden. Und wenn Sie schon Psychoanalyse und Freud erwähnen, Freud hat irgendwann mal gesagt, äh das Christentum ist die Religion der Liebe, aber eben nur zu den anderen Christen und erlaubt durch diese Liebe viele andere Menschen zu töten. Im Islam, ganz sicher im fundamentalistischen Islam ist es genau gleich. Religionen führen immer dazu, dass man die Ungläubigen, die Freler oder einfach die, die nicht dazu gehören und wenn sie schon äh den Nahen Osten als äh Zentrum dieser eine emotional sehr besatzte Zone äh bezeichnen, die Kreuzzüge, ja, christliche Liebe äh Hunderttausende von Menschen fuhren im Mittelalter in den nahen Osten, um zu töten und zu sterben. Hunderttausende Leute kamen ums Leben. Also ich glaube, Religionen haben nicht dazu geführt, dass man sich gegenseitig liebt. Nun, man kann aber auch sagen, Religionen sind Empathie verstärker, wenn sie zu sich selbst komm eigenen Rahmen. Im eigenen Rahmen, nicht gegen die anderen. Das wäre zumindest eine Hoffnung, aber da werden wir uns jetzt nicht einig, Frau Fraseburg, das ist ja auch ein Aspekt für Politologen und Politikwissenschaftler, dass die zentrale Bedeutung der Religion oftmals so ist in der Selbstbeschreibung und Selbstwahrnehmung, dass man das Gefühl hat, selbst von dieser Seite aus sind rationale Handlungsweisen gar nicht zu erwarten. Ja, ich glaube, da fühle ich mich jetzt auch ein bisschen unwohl mit dem, wie Sie es formulieren. Ähm, rationale Handlungsweisen sind ja nicht nur solche, die wir rational finden, weil wir sie nachvollziehen können. Ich denke, dass die meisten der Handelnden im Nahen Osten sehr rational handeln, aber sie verfolgen eine andere Rationalität und die mag manchmal von messianistischen Vorstellungen geprägt sein, die mag von religiös inspirierten Zukunftsvisionen geprägt sein. Die mag von Gewaltfantasien geprägt sein, aber das heißt ja nicht, dass es irrational ist. Das heißt nur, dass sie nicht sich an die Regeln halten, wie wir denken, dass Politik begründet werden sollte und den Rahmen erfüllen sollte. Also z.B. diplomatische Geflogenheiten, Völkerrecht, internationale Beziehungen, das internationale humanitäre System, das errichtet worden ist. Ähm diese Konventionen werden dann verlassen und das ist problematisch für das Zusammenleben und natürlich auch problematisch, wenn es um Aushandlungsprozesse geht. Wenn wir einen Konflikt haben, in dem beide Seiten ihre Ansprüche, territoriale Ansprüche religiös begründen, beide Seiten sagen, das ist ein unveräußerliches und exklusiver Anspruch auf ein Territorium, kann man sehr schwächt darüber verhandeln. Und das ist eines der Probleme, dass wir hier haben. Und das würde ja auch mit der Siedlerbewegung, die von derzeitigen Regierung Israels in besonderer Weise geschützt und auch befördert wird übereinkommen. Und wir haben auch hierzu einen Einspieler von Siedlern, die sich ganz in der Nähe von Gaza derzeit aufhalten und darauf warten, in dieses Gebiet eindringen zu können. Diese radikalen Siedler haben alle dasselbe Ziel, den Gaserastreifen wieder zu besiedeln. Seit Wochen haren ganze Familien nahe des Grenzzauns aus, bereit jederzeit mit Sack und Pack loszuziehen. Aus Überzeugung, dass das Land dort den Juden gehört. Wann geht ihr nach Gaza? Wann immer Gott die Tür öffnet. Hinter der Aktion steht die radikale Siedlerorganisation Nachala. Gegründet hat diese Daniela Weiß. Die 79-jährige gilt als eine der prominentesten Stimmen der Siedlerbewegung und steht wegen ihrer Aktivitäten seit kurzem auf der Sanktionsliste Großbritanniens. Doch das hält sie nicht zurück. In diesem Lager, diesem Außenposten bereiten wir alles vor, um jederzeit nach Gaza vorrücken zu können. Unser Einfluss wird stärker. Das erhöht die Chancen, dass wir Gaza besiedeln können. Herr Bruner, jetzt könnte man einerseits sagen, das ist eine ganz extreme Splittergruppe, die in keiner Weise repräsentativ für die Stimmung im Land ist und andererseits könnte man auch den Eindruck entwickeln, das ist eine sehr repräsentative Gruppe, die den Diskurs in Israel derzeit mitbestimmt. Ja, äh in diesen zwei Alternativen ist es klar, was meine Meinung ist. Daniela weiß, die knapp 80-jährige, man sieht sie voller Energie, wenn man Gott auf seiner Seite weiß, äh gibt das einen offensichtlich viel Kraft. Daniela Weß war im November 24 im Gazastreifen, im Norden des Gazastreifens, um auszukundschaften, wo sie Siedlungen erstellen kann mit Hilfe der Armee. Das heißt, die Armee hätte eine Zivilistin nicht in den Gaza streifen lassen dürfen. Das widersprach allen Regelungen. Aber die Armee ist immer wieder bereit, Handlanger der Siedler zu sein. Und im Moment haben wir einen Minister, der äh für die Polizei verantwortlich ist, der total mit der Siedlerbewegung, mit den gewalttätigsten Gruppen der Siedlerbewegung identifiziert ist, der selbst ein Siedler ist. Wir haben jetzt seit neuestem, seit gestern, glaube ich, einen Geheimdienstchef, der total die messianistischen Siedler unterstützt. Wir haben einen Messianisten als Finanzminister, der zuglich auch zugleich auch Minister im Verteidigungsministerium ist. Rech von Herrn Gwenbier und Herr SM und Smutrid. Das heißt, die Siedler sind im Zentrum der Regierung und im Zentrum der Sicherheitskräfte. Das sind keine marginalen äh Leute, die eigenartige Zelte aufstellen irgendwo am Rande des Gazreifens und über die man lächeln kann. Das konnte man vielleicht vor 20 Jahren, das kann man heute ganz sicher nicht. Das sind sehr gefährliche und einflussreiche Gruppen in der israelischen Gesellschaft und im Moment, ich weiß jetzt nicht, ob das weitergehen wird nach dem neuen Plan von Trump, aber im Moment halten sie die Regierung absolut in ihrer Hand. Interessant, Frau Asburg, ist ja, dass an diesem neuen Plan, diesem 20 Punkteplan, die zwei Staatenlösungen nicht explizit erwähnt wird. Sie findet überhaupt keine Nennung und es ist sicher auch richtig zu sagen, dass die Regierung Netanaro über die letzten Jahre und vielleicht über das letzte Jahrzehnt eine zweistatenlösung strategisch verunmöglichen wollte durch die Siedlungspolitik. Ist denn für Sie überhaupt noch eine sinnvolle Rede von einer Zweistaatenlösung zu formulieren vor dem Hintergrund der Tatsache, dass diese Lösung in keiner der beiden Bevölkerungen eine Mehrheit oder auch nur eine schwache Mehrheit hätte? Ja, ich glaube, ich würde gerne anknüpfen an das, was Herr Brunner vorher gesagt hat, die Idee in in Teilen bei der Gesellschaften, dass die andere Gruppe schon verschwinden würde irgendwie und dass man dann das gesamte Territorium kontrollieren würde. Diese Idee muss etwas entgegengesetzt werden und die Idee der zwei Staatenregelung ist eine Möglichkeit dem was entgegenzusetzen, was als Erzählung als als Horizont. Genau. Als politischer Horizont, um das zu beschreiben, ja, um zu sagen, es geht ja letztlich darum, Selbstbestimmung für beide Völker in diesem Territorium zu haben, eine Regelung für die palästinensischen Flüchtlinge zu finden und Sicherheit für alle, die zwischen Jordan Fluss und Mittelmeer leben zu gewähren. Und die Vorstellung ist, durch eine Zweistaatenregelung kann man das umsetzen. Ist das realistisch, dieses Projekt? Ich würde sagen, es ist dann realistisch, wenn wir tatsächlich den politischen Willen auf der internationalen Ebene aufbringen, das umzusetzen und dadurch auch wieder Unterstützung generieren können in den Gesellschaften und in den politischen Führungen. Das ist nichts, was schnell gehen wird, das wird Zeit brauchen, aber ich glaube, es braucht tatsächlich sehr stark diesen Impuls von außen jetzt, weil beide Gesellschaften nicht in der Lage sind, derzeit über Koexistenz, Konfliktregelung, Kompromisse überhaupt auch nur nachzudenken. Jetzt könnte man und ich nehme das auf, was Sie gesagt haben, Herr Brun aber auch sagen, eine Geschichte, die wir uns erzählen, an die niemand mehr glaubt, ist eine schlechte Geschichte. die Höhlt unser eigenes Sprechen aus, immer nur zu wiederholen, dass es da ein zwei Staatenlösung gäbe, dass es auch toxisch in dem Sinne, dass es als lehere Rede wahrgenommen wird und man könnte die israelische Politik derzeit so deuten, dass sie sich von dieser lehren Rede verabschieden wird. Ja, ich glaube, die israelische Politik hat sich von dieser Rede schon lange verabschiedet. Äh, das gehört irgendwie der Vergangenheit der 90er Jahre an. 30 Jahre her seit dem seit Oslo. Ja, also das ist doch einige Zeit äh die da vergangen ist, in der eigentlich nicht mehr von einer zweistaaten Lösung die Rede ist auf israelischer Seite. Im Gegenteil, es wird immer wieder erklärt, warum sie nicht möglich ist. Und ich glaube, was Frau Asseburg anspricht und wo ich ihre Position völlig äh unterstützen würde, es geht nicht um äh irgendwelche administrativen Details auf diese Art oder die andere Art, wie man das genau lösen äh muss. Aus meiner Sicht geht's darum, dass beide Seiten verstehen müssen, dass eine Lösung einen Verzicht impliziert. Man wird zu keiner Lösung kommen, wenn man nicht auch bereit ist, auf irgendwas zu verzichten. Und im Moment sind beide Seiten dazu nicht bereit. Nicht nur sind sie nicht bereit, sondern ein Verzicht wird immer als Verrat dargestellt. Taboisiert auch absolut tabuisiert. Wer von Verzicht spricht, muss sehr aufpassen auf beiden Seiten. Er wird ausgeschlossen, er wird als nicht legitim deklariert oder er kann auch Gewalt erfahren. Verzicht ist Tabu. Verzicht heißt Verrat. Nur wenn wir aus dieser Position herauskommen, werden wir auf eine Lösung zugeben können. Deshalb gehe ich persönlich überhaupt nicht in diese Ecke von zu sagen ein Staatenlösung, zwei Staatenlösung, Konfraatation und so weiter. Das sind dann politische Formen, politische Schalen, in die man das Ganze gießt. Das ist für mich jetzt im Moment nicht so wichtig. Wir sind noch gar nicht so weit. Wir müssen zuerst mal einen Diskurs in die Richtung ändern, dass auf in beiden Gesellschaften Abuasen war dazu imstande. Ja, aber heute ist er wirklich eine unwichtige Person geworden in der palästinensischen Bevölkerung, oft als Witzfigur dargestellt, jemand, den man nicht ernst nehmt. Eine Gestalt der absoluten politischen Vergangenheit, könnte man sagen, der Vergangenheit. Und das Absolute, das sie erwähnt haben, das ist Teil der Gegenwart. Man will auf beiden Seiten das absolute und nicht den Verzicht. Und aus psychoanalytischer Sicht ist die eine Position, die wird als Paranoidzoid bezeichnet von Melan Klein. Man, alles Böse ist draußen, alles Gute ist drin, ich bin absolut gut, die anderen sind absolut böse und deshalb können wir nicht zusammenkommen. Wir werden, so hofft man aus Melanie Kleinsicht genug reif. Mel Klein ist eine amerikanische Psychoanalytikerin und ph eine österreichisch englische, Entschuldigung. Ja. Ja. ähm und werden genug erwachsen, dass wir in die sogenannt depressive Position kommen können, dass wir feststellen, wir haben in uns Gutes und Böses und die anderen haben in sich Gutes und Böses und man muss da Kompromisse schließen und das ist nicht so einfach und Völker und Staaten wachsen nicht einfach auf und auch Menschen nicht einfach so. Aber Herr Brunner, jetzt verstehe ich auch, wieso Sie am Anfang gesagt haben, es ist wichtig, dass dieser 20 Punkteplan für beide ein eine Zumutung darstellt, dass sie von ihrer Absolutposition runter als erstes Zeichen. Wir können uns aber vielleicht noch mal mit dem deutsch-raelischen Philosophen Omri Böm vor Augen halten, wie er die zwei Staatenlösung seht und unter welchen Voraussetzungen sie überhaupt denkbar wäre oder nicht denkbar wäre. Im heute von Israel kontrollierten Gebiet lebt eine palästinensische Mehrheit. Die Zahlen sind etwa 50 zu 50 mit einer kleinen Mehrheit für die Palästinenser. Selbstverständlich darf man die zwei Staatenlösung immer noch verteidigen. Wer das will, bitte sehr, wir können darüber diskutieren. Es leben etwa 7 Millionen Juden und 7 Millionen Palästinenser im selben Land. Wenn man ohne ein echtes Bekenntnis zur zwei Staatenlösung daraus einen jüdischen und demokratischen Staat machen will, führt das wie erwähnt zu Formen des totalen Kriegs und endloser Zerstörung. Fraseburg, was an dieser Beschreibung auch frappierend ist, dass es da ein ausgeglichenes Zahlenverhältnis gibt von 7 Millionen und 7 Millionen, dass die israelische Gesellschaft ja auch gar nicht funktionsfähig wäre, wenn es die Krankenpflegerinnen, wenn es die Kräfte in Supermärkten gäbe. Das heißt, man weiß sich aufeinander verwiesen, man erfährt sich aufeinander verwiesen und es gibt keine politische Umsetzung dieser Erkenntnis. Man kann das wirklich von außen gar nicht richtig verstehen. Ich glaube, was wichtig ist, ist zu sehen, dass dieser Konflikt zurückgefallen ist in etwas, was ich als existentiellen Konflikt bezeichnen würde. Die existentielle Bedrohung, über die wir geschrieben gesprochen haben seit dem 7. Oktober beruht ja auf eine Vorgeschichte und die Vorgeschichte ist das Scheitern des Oslopzesses, das Scheitern eines Prozesses, der auf eine friedliche Konfliktregelung, eine Teilung ausgerichtet war und der Rückfall eben in einen existentiellen Konflikt. Wenn Sie sich die Meinungsumfragen in Israel, in den palästinensischen Gebieten anschauen, deutlich vor dem 7. Oktober sehen Sie eben die Zunahme für eine Position in beiden Gesellschaften, die sagt, wir wollen eine Einstatenregelung mit ungleichen Rechten und natürlich denkt jede Seite, dass sie diejenige ist, die dann mehr Rechte hat als die andere. Da ist das Problem schon entstanden. die Enttäuschung über die Unmöglichkeit oder wahrgenommene Unmöglichkeit, eine Regelung, die tatsächlich beiden Seiten Fortschritte bringt, jeweils unterschiedlich interpretiert in beiden Gesellschaften, wer daran schuld ist, ähm aber mit dem Ergebnis, dass Verhandlungen eine zweistatenregelung diskreditiert worden sind und darüber haben sie auch ich denke nach wie vor, es gibt es gibt keine Alternative dazu, dass man in diesem Gebiet letztlich eine Regelung findet, wie man friedlich koexistieren kann. Ich denke aber nicht, dass das Modell von dem Omri Böm sonst gerne spricht, ja, was ja eher ein föderaler iner Staat ist. Genau. Ja, dass das ist, was Mehrheiten in beiden Gesellschaften heute gegenüber einer Zweistaatenregelung bevorzugen. Der 7. Oktober und der Krieg in Gaza führen doch dazu, dass die Menschen eher Trennung wollen, dass sie nicht gemeinsam leben wollen, dass sie nicht gemeinsam ihre Zukunft gestalten wollen, sondern sie wollen Selbstbestimmung haben. Und darüber haben Sie auch ein eigenes Buch geschrieben über den 7. Oktober und der Krieg in Gas. indem sie diese Situation auch noch mal analysieren und darlegen, dann schauen wir doch mal nach vorne. Es scheint ja so eine paradoxe Situation zu sein. Man kann nicht miteinander, man kann nicht ohneinander, man weiß sich aufeinander verwiesen, man will einander auslöschen. Ihr Buch, Ihr Einsatz ist das von psychologischer und emotionaler Seite zunächst einmal aufzuarbeiten. Was wären denn jetzt aus ihrer Sicht die wesentlichen Schritte und vielleicht auch die wesentlichen Erkenntnisprozesse aus dieser narzisstischen Einspinnung, die Sie formulieren, heraustreten zu können und zwar beiderseitig? Ja, ich habe keine einfache Antwort auf auf diese Frage. Äh ich sehe mehr Probleme als Lösungen. Ähm weil sie reden von zwei Staatenlösung oder Umri Böm von dieser Utopie. Das also er bezeichnet es ja selbst als eine Utopie, einer Einstatenlösung. Aber beide Seiten sehen sich als Einheimische und sehen die anderen als Eindringling. Eindringlinge. Also es ist ja auch nicht eine Lösung, wo jetzt irgendwie zwei Gesellschaften, die sich als gleichberechtig und gleichwertig ansehen, sagen, wir trennen uns und wir machen jetzt jeder von uns macht die sein eigenes Ding, sondern jeder sieht der andere als gar nicht wirklich hier reinpassend. Und aus dieser Situation rauszukommen ist wirklich nicht einfach. Es es verlangt nur ein Umdenken, sondern ich würde sagen, wenn man das Wort so verwenden kann, ein Umfühlen. Das heißt, man muss den anderen nicht nur anders ansehen äh rational, sondern auch anders empfinden, nämlich als gleich gleichwertigen Menschen, der auch hier lebt, der auch in diesen Landesstrich zwischen dem Jordan und dem Mittelmeer hierher gehört. Und das ist eine Art der Anerkennung, der Akzeptanz des anderen, die sowohl emotional als auch rational ist. Und was sind da für konkrete Formate, dass man einander begegnet, dass man miteinander Sport macht, z.B. so etwas? Das könnte sicher helfen, aber ich glaube, es braucht einerseits Basiserlebnisse, wie das in Israel von gewissen mittlerweile immer noch sehr marginalen Gruppen versucht wird. Ich bin äh immer wieder an den alternativen Gedenktagen für die gefallenen Soldaten, wo Israelis und Palästinenser gemeinsam ihre Opfer des Naostkonflikts betrauern. Gemeinsame Trauer, gemeinsame Trauer. Das wird aber als Verrat angesehen. Wir werden mit schmutzigen Windeln beworfen, mit Urinsäcken. Von wem? Von ITM Bengwer. Jetzt ist er Minister. Jetzt tut er das nicht mehr ab. Ich kann mich an ihn erinnern, wie er da draußen stand mit dem Megafon und seine Leute uns so bewarfen. Das wird als Schändung der nationalen des nationalen Stolzes angesehen. Aber ich glaube nur, wenn man versucht solche Tabos zu durchbrechen und zu sagen, die anderen sind Menschen, die ihre Toten betrauen. Wir betrauen unsere, wir sollten das gemeinsam tun und nicht uns immer gegeneinander stellen. Das ist das eine. andere ist und das geht wieder darauf, dass Politik eben nicht nur was rationales ist oder nicht nur rational in dem Sinn, wie sie es dargestellt haben. Politik ist auch Drama, Politik ist auch großes Theater. Mohammed bin Salman könnte nach Jerusalem kommen, wie das ist der Saudiarraabische der saudi-arabische Kronprinz, wie das 1977 Sadat getan hat. eine große Geste, eine große Geste im israelischen Parlament an die israelische Bevölkerung sich wenden, wie das Sadat damals getan hat. Jetzt gerade im Rahmen dieses Trump Plans und sagen, wir sind bereit euch Kooperation und Frieden anzubieten, aber ihr müsst verstehen, dass das nur geht mit einem palästinensischen Staat. Fraseburg, zwei Einsätze. Dieses Umfühlen, ein sehr schöner Begriff, die Politik einer sehr großen Geste. Gibt es denn im 20. Jahrhundert aus ihrer Sicht überhaupt Analogien eines Versöhnungsprozesses, die für diese Situation tragbar wären. Es gab ja sehr viele größere Versöhnungsprozesse, insbesondere auch deutsche Versöhnungspolitik, z.B. mit Frankreich oder mit Polen, der Kniefall von Willi Brand als sehr große Geste. Glauben Sie auch, dass da Gesten möglich werden oder ist diese Situation so speziell, dass man sagen kann, keine vorherige Erfahrung von Versöhnung taugt als Leitfaden? Doch es gibt ganz viele Prozesse, aus denen man Erkenntnisse generieren kann und die man umsetzen kann. Und das heißt ja nicht, dass die Prozesse oder die Situationen gleich sind wie das, was wir heute in Israel und den palästinensischen Gebieten erleben. Man kann auf jeden Fall Erkenntnisse ziehen, Lehren ziehen aus dem, was in Südafrika passiert ist. Und damit setze ich nicht die Situation in Südafrika unter dem Apartheitregime gleich mit dem, was wir in Israel heute sehen. Ähm, man kann die lehren ziehen, ja, die jetzt auch gerade gezogen sind, die großen Gesten, die wichtig sind in der Vergangenheit. Ähm, ich würde glaube ich gern einen Punkt noch hinzufügen. Es geht ganz bestimmt um das die kollektive Psychologie, um die Fragen von ähm wie kommen die Gesellschaften aus dieser Verkeilung, in der sie sind raus. Aber es geht natürlich schon auch um die Bearbeitung von Problemen durch Politik und das muss meiner Ansicht nach parallel gehen. Äh wir können nicht auf einen gesellschaftlichen Heilungsprozess hoffen und warten und gleichzeitig weiter zuschauen, wie z.B. der Gasastreifen weiter dezimiert wird, wie das Annexionsprojekt im Westjordan weiter vorangetrieben wird. Also wir brauchen eben auch neben den Gesten und neben dem einander verstehen, aufeinander zugehen auf der individuellen Ebene die Politik, die versucht Regeln, die es gibt für das Zusammenleben von Völkern und zwischen den Staaten umzusetzen und dafür politisches Kapital einzusetzen. Also sicher ein mehrdimensionales Vorgehen, ganz alltäglich. in Gesten und natürlich auch in politischen Maßnahmen und damit auch Druckverhältnissen. Meine letzte Frage an Sie beide in dieser sehr schwierigen Situation in unserem Sprechen über diesen Konflikt und es ist ein Sprechen, das in jedem Land schwierig ist und fast in jedem Land zu gewissen Streit und emotionalen Verwerfung führt. Worauf wären Frau Asseburg und dann Herr Brunner aus ihrer Sicht, worauf sollten wir am meisten achten, wenn wir über diese Thematik sprechen? Ganz kurz. Das Wichtigste für mich ist, diese Polarisierung zu vermeiden und sich ganz auf eine Seite zu stellen, sondern stattdessen eben immer zu versuchen, die unterschiedlichen Perspektiven der Gesellschaften, der unterschiedlichen Mitglieder der Gesellschaften auch zu verstehen und zu berücksichtigen, die Polarisierung vermeiden. Und aus ihrer Sicht, ja, ich bin erstmal völlig damit einverstanden, dass man sich nicht in eine Schwarz-Weißmalerei einspannen lassen sollte von den verschiedenen Seiten. Das wäre eben diese Spaltung, von der ich gesprochen habe, dass die anderen sind die schlechten, wir sind die guten. Aber ich glaube, heute sind wir in einem Moment, den ich Avion Moment neen würde. Äh 38, Sommer 38 hat Roosevelt eine internationale Tagung einberufen am Genfersehen Avion. Ja. um die Lage der Juden in Deutschland und Österreich zu besprechen nach dem Anschluss, weil es klar war, dass es schlimm werden wird. Es kamen nur leere Floskeln. 32 Länder nahmen teil, erklärten alle, warum alles schlimm ist, aber nichts getan wird. Das hat sich nicht, da dürfen wir nicht bleiben. Wenn wir darüber reden, müssen wir auch darüber reden, was für Verantwortung die Welt heute dafür hat, was in Gaza geschieht. Das heißt, der Avion Moment und ich hoffe, dass das mit dem Trump Plan jetzt zustande kommt, ist eine Hoffnung, nicht unbedingt eine reale Einschätzung. Wir dürfen nicht in diesem Evion Moment stehen bleiben, wo wir nur leere Floskeln von uns geben. Das haben wir heute versucht zu vermeiden. Ich denke, wir haben es auch nicht getan, Leere Flosken, sondern wir versucht diesen sehr, sehr wichtigen und sehr, sehr schmerzhaften Prozess von verschiedenen Seiten zu beleuchten. Ich danke Ihnen sehr, Frau Asseburg und Herr Brun, dass Sie heute in der Sternstunde waren. Vielen Dank. Und hier die Links zu weiteren Sendungen zum Thema Darunter auch jene mit dem deutsch-raelischen Philosophen Omri Böhemm und der Frage, wie ohne Hass über Israel und Palästina sprechen. Genau.",OK
ec0TLCgKPmo,"[Musik] Nachdenkseiten die kritische Website [Musik] Israel und die Drecksarbeit. Kanzler März erklimmt neuen Gipfel der Verrohung und der Doppelmoral. Ein Kommentar von Tobias Riegel. Die aktuellen Äußerungen von Friedrich März sind sprachlich und inhaltlich absolut inakzeptabel. Sie stellen eine Form der Schocktherapie dar, eine Überrumpelungsstrategie, eine aggressive Flucht nach vorne. Hinter der Aufregung darüber sollen mutmaßlich die unüberbrückbaren Widersprüche der deutschen Positionen zu Russland einerseits und Israel andererseits versteckt werden. Die gleichzeitig vertretenen offiziellen deutschen Positionen zu einerseits Russland, Ukraine und andererseits Israel, Gaza, Iran, offenbaren doppelte Standards in einem Maße, dass die politische Heuchelei gar nicht mehr gesteigert werden kann. Unter vielen anderen Bereichen bei den Themen Völkerrecht, unprovozierter Angriffskrieg und Desinformation. Die Positionen widersprechen sich in so fundamentaler Weise, daß den beteiligten Meinungsmachern in Medien und Politik bei dem Thema jetzt wohl nur ein Weg offen bleibt, die totale Flucht nach vorne, der Weg der offensiven und aggressiven verbalen Schocktherapie. Diesen Weg hat nun auch Friedrich März beschritten. Mit seinen Aussagen in einem aktuellen und in vielerlei Hinsicht in Farmen Interview geht er nicht nur sehr großzügig mit zahlreichen Fakten zum Krieg und zu den Atomverhandlungen um, erklärt zusätzlich indirekt das gegenüber Russland gebetsmühlenartig betonte Völkerrecht zum Wunschkonzert, das selektiv beschädigt werden darf. Die Äußerungen von Kanzler Friedrich März sind inhaltlich und stilistisch ein neuer Gipfel der Verrohrung in der internationalen Kommunikation. So ein Vorgehen schwächt die internationale Diplomatie zusätzlich massiv. Außerdem im Lichte des israelischen Vorgehens in Gaza und Iran und der solidarischen Haltung der deutschen Regierung zu diesen Verbrechen erscheinen die hysterischen Verweise auf das Völkerrecht im Zusammenhang mit dem Ukrainekrieg nur noch lächerlich. Wie Jensberger gerade in seinem Artikel ""Ich will nie wieder das Wort völkerrecht hören"" beschrieben hat. Zitat: ""Das sind doppelte Standards in ihrer skorilsten Form."" Mit der Sprache eines Mafiosses. Zusätzlich nutzt März nun die völlig unangemessene Sprache eines Mafiosses und leistet damit einen weiteren Beitrag zu einer vor allem von oben betriebenen ganz allgemeinen Verrohung der Sprache. Diese sprachliche Verrohung von oben wirkt prinzipiell auch weit über das konkrete Thema hinaus. Immerhin gibt es auch international einige Stimmen, die März entgegentreten. So äußerte sich etwa der US-amerikanische Spitzendiplomat Robert Mley, einer der Architekten des Atomabkommens mit dem Iran von 2015 laut Medien folgendermaßen zu den Äußerungen des deutschen Kanzlers. Zwar zeigte Mley Verständnis für Israels Sicherheitsbedenken, er kritisierte aber umso mehr die Unterstützung durch westliche Staaten. Zitat: ""Dass die USA und Europa dieser Logik des Präventivkriegs folgen, ohne die Gefahren oder die ektatanten Verstöße gegen das Völkerrecht zu bedenken, ist schlichtweg erschütternd."" Zitat Ende. Auch nach innen, also auf uns Bürger in Deutschland wirken solche enthemmten Äußerungen wie die von März erschütternd. und das ist mutmaßlich eines der Ziele des Vorgehens des Kanzlers, eine massive und totale Überrumpelung. kritische Bürger sollen vor Empörung oder vor Irritation gar nicht mehr die Nerven haben, die fundamentalen und inakzeptablen Widersprüche in den offiziellen deutschen Positionen zu Ukraine und Iran zu analysieren. Dieses Audio konnte nur entstehen, weil zahlreiche Leser und Leserinnen die Nachdenkseiten fördern und durch Spenden unterstützen. Wenn Sie auch etwas tun wollen, klicken Sie einfach den entsprechenden Button auf unserer Website an. Übrigens, Sie können uns auch bei iTunes, Soundcloud und YouTube hören und wenn Sie mögen, gerne unseren Kanal abonnieren und eine positive Bewertung für uns abgeben. Wir freuen uns über Ihre Unterstützung und die Weiterverbreitung unserer Inhalte.",OK
Xv2iv3SpqHI,"Israels Premier Benjamin Netanyahu attackiert Bundeskanzler Friedrich Merz und wirft ihm vor, sich medialem Druck gebeugt zu haben. Dabei ist es die Realität in Gaza, die für viele in Deutschland nicht mehr hinnehmbar ist. Über 60.000 Tote laut palästinensischem Gesundheitsministerium, eine humanitäre Krise ohne Ende. Netanahu behar auf seinem Kurs mit einem fünf Punkteplan. Gazitel. Das klingt weniger nach Frieden als nach militärischer Dauerlösung. März zieht erstmals eine rote Linie. Ein Schritt, der die CSU verärgert, zurücklässt. Sie fühlt sich übergangen und warnt vor einem Vertrauensbruch in der Außenpolitik. Doch womöglich war genau das ein notwendiges Signal. Was meint ihr? Hat Friedrich März verantwortungsvoll gehandelt oder Deutschlands außenpolitische Glaubwürdigkeit gefährdet? Diskutiert mit uns im Kommentarbereich und abonniert unseren Kanal.",OK
qe_e2ihgQos,"Herr Schömer, wir haben es gerade gesehen. Menschen, die feiern, die tanzen, die singen, sich in den Arm einlegen. Kann das jetzt wirklich der Anfang vom Ende des Kriegs in Gaza sein? Ja, für die Angehugender der Geiseln ist es natürlich ein großartiger Moment. Ich würde sagen, wir haben jetzt den Weg, den Pfad des Friedes beschritten, aber wir sind noch nicht angekommen. Also, es werden in den nächsten Tagen am Montag sollen die Geiseln tatsächlich freikommen. Äh, es werden jetzt drei von diesen 20 Punkten umgesetzt. Ob wir wirklich alle 20 kommen, man hofft es. Es wäre großartig für die Region. Es wäre, glaube ich, für die ganze Welt positiv, wenn diese Region Ruhe kommen würde. Aber auch mit Optimismus heißt es doch noch abwarten. Sie sagen es, einige Punkte sind tatsächlich noch strittig. Da geht's vor allem um die Entwaffnung der Herr Mast. Die Terroristen lehnen das ab. Es geht um eine künftige Regierungsstruktur. Es geht um die Frage eines palästinensischen Staates. Was würden Sie sagen, was sind die größten Hürden auf dem Weg zu dauerhaften Frieden? Ne, jetzt soll auch der Grenzübergang zu Ägypten geöffnet werden, dass Hilfsgüter noch Gaza gelangen können. Die Frage ist, wären da dann auch eine mögliche Wiederbewaffnung der Hamas durchgeführt. Also es müssen auch die arabischen Partner, die man ja alle an einen Tisch bekommen hat, die müssen jetzt auch langfristig mitspielen, also auch Qatar in der Finanzierung in der Ausrüstung, dass wirklich sagt, okay, es muss jetzt begonnen werden, da den zivilen Aufbau im Gaserstreifen zu fördern und nicht jetzt eine Verschnaufpause zu haben, wo sich dann die Hamas wieder aufrüsten kann. Mhm. Ähm 20 lebende Geiseln und 28 verstorbene Geiseln sollen am Montag übergeben werden. Und im Gegenzug dazu ähm muss Israel 2000 palästinensische Häftlinge entlassen. Darunter sind Gewalttäter, darunter sind Terroristen. Wie hoch ist der Preis für Israel? Wenn ganz kurz die Bemerkung erlauben darf, an manche Medien haben wir von einem Geiselaustausch gesprochen. Sie haben das jetzt völlig richtig gesagt. Also das s verhaftete inhaf die Terroristen, die jetzt gegen Geiseln ausgetauscht werden. Die Gefahr ist natürlich da, aber natürlich die Hamas hat dann kein Faustpfand mehr. Also jetzt, wenn die israelischen Geiseln tatsächlich freigelassen werden, diese 2000 inhaftierten Terroristen zwar zurückgehen und dann die Hamasis wieder ein bisschen als Keimzelle benutzen würde, um dann wieder gegen Israel tätig zu werden, ist anzunehmen, dass Israel wieder mit absoluter mit voller Brutalität auch in den Gazastreifen hineingehen würde. Also langfristig gesehen, wie es jetzt aussieht, hat Israel eigentlich in diesem Konflikt jetzt würde ich sagen, den längeren Arten bewiesen und sie ist auch am läinst, aber das wird sich in der nächsten Woche im Detail zeigen. Mhm. Wir haben es auch im Beitritt gesehen, viele feiern nicht Benjamin Netanyaho für diesen Durchbruch, sondern viele feiern US-Präsident Donald Trump. Er hat den Deal aufgesetzt, hat wesentlich auch vermittelt. Wäre eine Einigung ohne die USA möglich gewesen? Nein, und es ist ganz interessant. Der bissche Charakter von Donald Trump war glaube ich genau das, was nötig war, um in dieser Region etwas weiterzubringen. Das ist ja ganz interessant. Alle die klassischen Experten, die gesagt haben, die unorthodoxe Art von Trump ist die größte Gefahr, wie sie jetzt zeigt, wo diese in einer unorthodoxen Region braucht man noch unorthodoxe Methoden und er spricht eine Sprache, die man dort in der Region besser versteht und es ist die Sprache der Macht. Es ist eine Region, wo Zugeständnisse auf der Schwäche ausgelegt werden und Trump wurde auch im 12 Tageekrieg mit dem Iran gezeigt, dass man gewildt ist, den Wort auch Taten folgen zu lassen und die Drohen, die er gegenüber der Hamas ausgesprochen hat, war relativ eindeutig und deshalb offenbar ist es in der Region so Kenntnis genommen worden und wir haben ja von der Türkei, selbst der Iran hat sich jetzt positiv zu diesem Deal geäußert, nahe zu alle arabischen Staaten, sogar Indonesien hat sich positiv dazu geäußert. Also im Grunde genommen war es die letzten Tage so, dass sich die gesamte muslimische Welt eigentlich gegen die Hamas gestellt hat und das ist ein einzigartiges mus man also das ist wirklich eine Leistung, die da erbracht worden ist. Mhm. Es wird morgen bekannt gegeben, wer den Friedensnobelpreis bekommt. Das Komitee hat natürlich die Beratungen schon längst abgeschlossen. Äh würden Sie sagen, Trump hätte ihnen verdient? Also, wenn man sagt auch Dom schon 2016 mit den Abraham Accords und jetzt was das stattgefunden hat, ich kann mir nicht eine ich kann mir niemanden vorstellen, der es jetzt mehr verdient hätte als wie er. Ich kann mir vorstellen, manchen wird der der Kopf brennen und die die Haare brennen, aber eigentlich wenn es jetzt tatsächlich zu einem Frieden kommen sollte, also es sind schon Nobelpreise Friedensdobelpreise für geringere Leistungen vergeben worden. Also wir werden es morgen sehen. Jedenfalls haben die Amerikaner etwas geschafft, woran wir in Europa gescheitert sind. Gleichzeitig erleben wir sehr oft, dass die Trump Administration in Europa kritisiert wird, dass sie belächelt wird, auch mal verspottet wird. Sollte uns das in Europa jetzt zu denken geben? Und das soll man uns denk geben, ich glaube man muss in in jedem Konflikt her auf die Region eingehen und man vergisst es ganz gern z.B. im Gazastreifen ist dies Durchschnittsalter der Bevölkerung zwischen 18 und 21 Jahren und die verstehen die Sprache, die Trump spricht besser als wie die die irgendein 60 70-jähriger europäischer Diplomat spricht. Und anders muss man auch dazufügen, wir waren in dieser gesamten so Bewegung, die stattgefunden hat, wir waren nicht einmal vertreten als Europäer in Ordner und Weise. Also Benjamin hat gesagt, die Europäer waren ja nicht einmal anwesend und das ist natürlich schon in einem Konflikt, der in der europäischen Peripherie im Mittelraum stattfindet, da nicht einal eingeladen zu sein. Also das ist würde ich schon sagen schon sehr erschütternd. Vielen Dank für die Analyse und das Gesprächerschellammer TV, die Streamingplattform für Liveport, Dukus und mehr.",OK
qiotZ83yMnE,[Musik] treffen sich ein Palästinenser ein Israeli ein Iraner ein Syrer eigentlich so gut wie der gesamte naheosten in einem Restaurant in Berlin was tun sie richtig sie tanzen Galileo Reporter MTE will wissen wie dieses miteinander funktionieren kann hier im israelisch palästinensischen Restaurant Kanaan in Berlin das Motto K Geschäftsführer sind David und Israeli und Palästinenser für die beiden kein Widerspruch die sind sich wirklich ähnlicher als man denkt weißt du also wirklich sehr ähnlich delbe Weib dieselbe Musik dasselbe Essen und genau deshalb servieren sie gemeinsam essen aus dem Nahen Osten Jahren lernen Sie sich über Bekannte kennen und die Idee für das Restaurant entsteht doch beinah scheitert das Projekt noch bevor es richtig losgeht als ich Jalil Humus probiert habe dachte ich mir ich kenne diese Art von palästinensischenem Humus den will ich nicht ich will unseren israelischen verkaufen undal hat sofort gesagt okay warte lass uns doch das Beste aus meinem und deinem Familienrezept nehmen und gemeinsam was Neues kreieren und es war unglaublich der Plan das Humus Rezept von OS israelischer Großmutter mit dem von jalils palästinensischem Vater kombinieren doch die Idee mit dem Restaurant hat nicht nur Freunde seitdem greifen uns sowohl Rechte als auch linke Gruppen an und wie fanden es ihre Familien wächst im Westjordanland auf in einer siedlergegend seine Familie ist politisch eher Mitte rechts sein Vater arbeitet beim Militär und auch OS dient 5 Jahre lang in der israelischen Armee seine Familie ist nicht grundsätzlich gegen eine Zusammenarbeit mit einem Palästinenser aber sie raten OS vorsichtig zu sein Palästinenser Jalil wächst bei seiner Familie im israelischen Ort Ramla auf 30 Minuten von telaviv entfernt sein Vater hat ein Restaurant und arbeitet auch dort schon mit Israelis zusammen hat in Israel wenig Berührungspunkte mit palästinens ich sag immer dass es fast schon lustig ist dass ich den ganzen Weg nach Deutschland fliegen musste um mehr über Palästinenser zu erfahren und das obwohl ich gerade mal 300 m von einem palästinensischen Dorf entfernt aufgewachsen bin ihr Restaurant soll ein Ort für Verständigung verschiedener Kulturen sein deshalb auch der Name Kanaan erus derel zeichnet das Land von Abraham dem Vater der Christen Juden und Muslime nicht nur Israelis und Palästinenser arbeiten hier ein Mitarbeiter ist aus Syrien ein anderer aus dem Libanon und auch der Iran ist vertreten unser Reporter Mitte will auch mit ihnen reden aber die aktuelle Lage macht es schwierig manche von euren mitarbeiten haben etwas Angst vor der Kamera zu reden sie haben nicht nur ein bisschen Angst sondern richtig viel sie würden ihr Leben riskieren Ländern wie Iran oder Syrien würden sie ihre Familien gefährden sie könnten nicht mehr so einfach ein und ausreisen wie Sie es wollen deswegen ist es sehr schwer für sie vor der Kamera zu stehen warum ist das ein Problem für sie deren Regierungen erlauben diese Art von Zusammenarbeit mit Israelis nicht es ist einfach ein großes Risiko für Sie bei unserem Besuch spüren wir wie friedlich und familiär die gesamte Stimmung im Laden ist doch vor ein paar Wochen steht das alles vor dem Aus der 7 Oktober der Angriff der Hamas auf Israel OS ist in Deutschland und Jalil bei seiner palästinensischen Familie in Israel sie erzählen uns wie sie diesen Tag erlebt haben ich habe Hass und WD gefühlt ich konnte es mir nicht mehr vorstellen zurück ins Kanaan zu kommen mein Gedanke war das war's wir hören auf an dem selben Tage habe ich Jalil gesagt dass wir schließen all die Male als mir Personen gesagt haben trau den Palästinensern nicht wi bist du eigentlich und dann dachte ich mir mein Gott wie dumm sind wir dass wir glauben wir könnten etwas schaffen und damit alle Probleme hinter uns lassen ich habe wirklich den Verstand verloren ich habe realisiert dass es diesmal etwas anders ist nicht wie die Angriffe sonst nicht wieder einfach nur Raketenangriffe ich habe ein paar Stunden abgewartet und war nur geschockt ich habe geweint sorry aber bitte gib mir mal ein Moment alleine dass wir nur darüber reden ah ich glaube ich muss mich gleich übergeben ich muss irgendwas essen me wir brechen kurz ab machen die schlimmen Ereignisse immer noch sehr zu schaffen auf seinen Wunsch entschließen sich beide damals das Restaurant vorerst zu schließen zu groß ist der Schmerz Jalil ruft alle 10 Minuten bei OS an hat ein offenes Uhr für ihn für OS ist es eigentlich vorbei mit kan das war das schwierigste Gespräch das wir je geführt haben ich rief Jalil an und habe ihm gesagt ich kann einfach nicht mehr ich kann Kanaan nicht wieder öffnen das einzige was ich will ist zurück nach Israel zu der der der Armee genau es reicht ich trte der und plötzlich hieltal seinen kleinen Sohn an den Hörer und auf einmal habe ich gespürt wie alles aus mir floss meine ganze Wut alles war weg das ist der Moment als ich realisiert habe das sind auch Menschen auf der anderen Seite jetzt wollen die beiden erst recht für Frieden einstehen es ist wichtig sich nicht an die Angst sondern an die Hoffnung zu klammern als wir das taten und uns an der Hoffnung festhen hat man den Unterschied gemacht es gibt viel positivesed Präsident steinme lädt Sie zu einem runden Tisch zum Thema friedliches Zusammenleben ein der Krieg in Nahost hat auch das Leben hier in Deutschland verändert deswegen hat sich unser reportermer im Vorfeld eine persönliche Frage immer wieder gestellt als jemand der nicht direkt betroffen ist vom nuskonflikt ich bin kein Palästinenser bzw stamme auch nicht aus Israel wie soll ich reagieren was kann ich tun wie kann ich helfen soll ich protestieren und auf Demos gehen ich weiß aktuell einfach nicht was das Richtige sein könnte das Richtige was man tun kann ist für Frieden zu kämpfen ich denke wir müssen zeigen dass alle Menschen die Palästinenser und die Israelis Rechte haben sollten auch jeweils ihr eigenes Land und bis es nicht soweit ist wird es weiterhin Krieg geben und was du im Speziellen machen kannst zeig beide Perspektiven und die guten Sachen nicht nur das Schlechte nicht nur die Kämpfe mehr Menschen wie uns Projekte die versuchen Palästinenser und Israelis zusammenzubringen in ihrem Restaurant organisieren sie auch gemeinsame Kochkurse für muslimische und jüdische Frauen so kommen sich die Menschen näher entdecken Gemeinsamkeiten und bauen Vorurteile ab um die Gemeinsamkeiten geht es auch in ihrem Kochbuch neben den palästinensischen und israelischen Rezepten erzählen sie viele Geschichten aus ihrem Leben also kein Nahostkonflikt sondern eine nahostfusion kulinarisch und kulturell doch das klappt nur weil sie sich gegenseitig zuhören und auch versuchen die andere Perspektive zu verstehen der Erfolg gibt ihnen recht das Kanaan ist komplett ausgebucht als ich zum ersten Mal gehört habe dass wir hierher gehen und dass es ein Restaurant ist welches von einem Israeli und einem Palästinenser geführt wird habe ich mich einfach nur gefreut ich finde das also ausgezeichnet dass es sowas gibt gibt ja viel zu wenige Orte wo sowas stattfindet und außerdem ist das Essen auch noch gut ein Ort der Leute zusammenbringt bei dem Essen als total wertvoll und ich die den Weg um Menschen zueinander zu bringen so wie den israelios und den Palästinenser J ist mein bester Freund das kann ich heute sagen er ist nicht nur ein Freund mehr als ein Partner mehr als ein Bruder er ist alles für mich trotzdem bei einer Frage werden sich die beiden nie einig wer ist der bessere Koch wird mir sicherlich zustimmen ich koche besser weißt du wir lösen viele Probleme zwischen uns aber das das werden wir nicht ich meine wenn er Jerusalem will kann er Jerusalem haben von mir aus nimm die einfach alles aber ich bin der bessere [Musik] Koch,OK
xF4sjMlpKQ4,"Die Lage im Nahen Osten eskaliert weiter. Die israelische Armee hat nach eigenen Angaben Ziele im Jemen bombardiert, unter anderem den Hafen von Hudaida. Die Angriffe gelten der proiranischen Huthi-Miliz. Die soll über den Hafen iranische Waffen und militärische Vorräte transportiert haben,  erklärte die israelische Armee. Es ist schon die dritte Front, an der Israel angreift, denn gleichzeitig laufen die militärischen  Schläge im Gazastreifen weiter. Und im Libanon.  Dort erhöht Israel den Druck auf die Hisbollah, damit die ihre Angriffe stoppt und sich aus dem Südlibanon zurückzieht. Von dort fliegen weiter Raketen ins angrenzende Israel. Diese Bilder zeigen, wie Israels Luftabwehrsystem Iron Dome solche Angriffe abfängt. Gleichzeitig attackiert Israel auch Beirut. In der libanesischen Hauptstadt hatte die israelische Armee am Freitag den langjährigen Anführer der Miliz, Hassan Nasrallah, getötet. Diese Bilder sollen den Ort zeigen, an dem Nasrallah ums Leben gekommen ist. Gaza, Libanon, Jemen und im Hintergrund Iran, Schutzmacht von Hamas, Huthi und Hisbollah. In Teheran fand am Sonntag eine Trauerfeier für Nasrallah statt. Auch Vertreter der Hamas und hochrangige  iranische Politiker waren dabei. Die Sorge ist nun groß, dass sich der Krieg im Nahen Osten noch ausweitet und dass es zu einer direkten Konfrontation zwischen Israel und Iran kommt. Israels Premierminister Benjamin Netanyahu sprach bereits eine Warnung in Richtung Teheran aus. Auch die USA blicken mit großer Sorge  auf den eskalierenden Krieg. Aber die Tötung des Hisbollah Chefs und die Ausweitung der israelischen Angriffe auf den Jemen lassen aktuell nicht auf eine Beruhigung hoffen.",OK
IfBOzePpOhs,es ist ein Albtraum aus dem Joni Levi seit einem Jahr nicht aufwachen kann die Bilder dieses Albtraums wurden festgehalten in einem Video gefilmt von den Terroristen der Hamas Jonis Tochter Naama wie sie mit gefesselten Händen aus einem Auto gezerrt [Musik] wird die Bilder die den Albtraum des Vaters zeigen gingen um die Welt ein Jahr ist seit dem vergangen die junge Israelin ist noch immer in der Gefangenschaft der Terrororganisation ein Albtraum der nicht enden will ich vermisse sie sehr am Anfang war es Angst um ihr tägliches Leben wenn man von einem Leben sprechen kann und Wut aber in den letzten paar Wochen beginne ich die Zeit zu spüren es beginnt mir schwer zu fallallen sie mir [Musik] vorzustellen das bedeutet auf Hebräisch die angenehme erst wenige Wochen leistete sie ihren Wehrdienst bei der Armee ab als sie am 7 Oktober auf einem Militärstützpunkt in der Nähe des Gazastreifens gefangen genommen wurde bis heute habe ich das Video nicht gesehen ich sah ein paar Ausschnitte aber aber ich entschied mich es nicht zu tun ich ziehe es vorich auf zu koneren ich will das Blut und die Schürfungen und die angstfüllten Augen nicht sehen als die Hamas nach 51 Tagen die ersten Geiseln freiließ erfuhr die Familie dass Naama in den Tunneln der Hamas gesehen wurde sie lebte [Musik] immerhin ich Verse of ihr die enerie senden wir du wirst es schaffen du wirst überleben die Chancen dass der Vater seine Tochter bald wiedersieht stehen derzeit schlecht die letzten Gespräche zwischen der Terrororganisation Hamas und Israel wurden ergebnislos abgebrochen in meinen Träumen werde ich sie einfach nur umarmen und sen alles ist jetzt [Musik] okay das ist das Ende des Films wir wissen es wird dauern bis wir wieder ein normales Leben führen werden aber für uns wird das Kapitel abgeschlossen wenn wir sie wieder in unsere Arme schließen können [Musik],OK
UJcfWSopprI,diesen Moment fand ich persönlich sehr spannend achtet dabei mal auf die AFD und auf die linke im Bundestag Hass gegen Israel und gegen unsere jüdischen Mitbürgern und Mitbürger freien Lauf lassen das ist abscheulich das ist menschenverachtend das Wieders spricht allen Werten den wir als Land verpflichtet sind Hass und Hetze nehmen wir nicht tatenlos hin wir trauern und wir bangen mit euch mal klatschen sie mal aber nicht wenn Bundeskanzler Olaf Scholz über die Situation in Israel und im Gazastreifen spricht das hat mich tatsächlich zum Nachdenken gebracht und zugegeben meine politische Expertise journalistisch liegt jetzt wenige darin außenpolitische und auch historische gewachsene problemherde zu erklären dafür empfehle ich tatsächlich Mr wison to go sein Video zu Israel das findet ihr im i verlinkt aber was ich sehr wohl erklären kann ist wie deutsche Parteien eigentlich zu Israel stehen welche israelpitik verfolgen die einzelnen Parteien wie positionieren sich die großen deutschen Parteien die im Bundestag vertreten sind zu Israel heutzutage auch schon kurz vor dem Krieg und damit willkommen zurück zu einem neuen Video und übrigens abonniert gerne wenn ihr mehr Videos sehen wollt welchen ihr ja Politik einfach klärt bekommt und wir starten mit der Partei DIE LINKE so ein Blick in das Grundsatzprogramm gibt einen ersten Aufschluss darüber wie sie Israel betrachten sie sagen sie treten für das Existenzrechts Israels ein auf Grundlage der besonderen Verantwortung Deutschlands den ostkonflikt wollen sie mit einer Zweistaatenlösung beenden Zitat damit die völkerrechtliche Anerkennung eines eigenständigen und lebensfähigen palästinensischen Staates auf der Basis der Resolution der Vereinten Nation entsteht so Ende 2023 schreibt die Linke außerdem noch das hier die Linke steht für das Existenzrecht Israels und eine friedliche zwei staatenlösung in den Grenzen von 1967 mit Ostjerusalem als Hauptstadt ein souveränes sicheres Israel an der Seite eines souveränen sicheren Palästina einschließlich der Möglichkeit einvernehmlichen Gebietes gebietaustauschs auf Grundlage der UN-Resolution und dennoch ist es gar nicht mal so einfach die Position der Linken zu Israel unter einen Hut zu bringen und zu verallgemeinern denn innerhalb der Linken gibt es sehr viele verschiedene strömmungen auch eine propalästinerstümmung die sich deutlich kritischer gegenüber Israel äußert und solidarischer ist mit den Palästinensern auf der anderen Seite gibt es aber auch beide der Linken eine proisraelstümmung die eher an die vorhin erwähnte historische Verantwortung Deutschlands appelliert gegenüber dem jüdischen Volk und sie befürworten deshalb eben auch eine zwei staatenlösung neutrale gibt es in der Linken tatsächlich aber auch so lhnte die Linke in der Vergangenheit aber Waffenlieferung nach Israel ab dass die Linke sich vielleicht mehr als andere für Rechte von Palästinensern einsitetzt erklärt übrigens gorgisi der Linken so Zitat die Leute dort leben in ärmlichen und benachteiligten Verhältnissen und die Linken sind nun mal auf der Seite der Unterdrückten kommen wir zur AFD wie schon Anfang 2022 bezüglich des Krieges Russlands gegen die Ukraine wiederholt sich die Geschichte der AFD auch hier denn damals wie heute öffnet die aktuelle Situation einen innerparteilichen Streit der fast in Vergessenheit geraten ist oder zumindest bis jetzt öffentlich nicht ausgefochten wurde denn auch innerhalb der AFD gibt es verschiedene Strömungen auch wenn im offiziellen Grundsatzprogramm und Wahlprogramm von 2021 nichts konkretes darüber steht machen politikexerten seit Jahren schon aus dass die kritische Strömung gegenüber Israel innerhalb der AFD wo die Überhand gewonnen haben soll gegenüber nämlich einer proisraelischen strümmung die in Israel einen wichtigen Verbündeten im Nahen Osten sehen und die deshalb auch das Existenzrecht Israel zu unterstützen AFD parteichf Tino kopala äußerte sich übrigens zur aktuellen Situation in Israel so Zitat der Angriff deras auf Israel ist zu verurteilen ich trauer um alle Kriegstoten jetzt müssen Staaten der Region auf Deeskalation setzen um ein Flächenbrand abzuwenden diplomatie ist das Gebot der Stunde eine tragfähige Lösung für alle Seiten muss das Ziel sein so und diese Aussage von kopala löste innerhalb der AFD und auch außerhalb ziemlich viel Empörung aus warum Zitat die über 1000 Opfer der hamasterroristen setzt kupala hier mit den getöteten Terroristen gleich er schreibt Kriegstote obwohl es sich um einen mörderischen Terrorangriff handelte während die USA Flugzeugträger vor der Küste Israel beordert appelliert der AFD Vorsitzende vor allem an die Staaten der Region und spricht Israel indirekt das Recht auf Selbstverteidigung ab politische Beobachter sehen bei der AFD dass sie sich immer mehr von der Westbindung also den USA lösen will generell und eine gute Beziehung zum Iran oder auch zu Russland wolle das Konzept dahinter heißt multipolare Weltordnung also das zurückdringen der USA aber mehr Annäherung hin zu Russland China und beispielsweise auch dem Iran kommen wir zu den Grünen fangen wir bei den Grünen mal damit an was im Grundsatzprogramm steht und da heißt es Zitat die Existenz und die Sicherheit Israels als nationale Heimstätte des jüdischen Volkes mit gleichen Rechten für all seine BürgerInnen sind unverhandelbar für Frieden und Sicherheit braucht das eine zwei staatenregierung mit der Schaffung eines souveränen lebensfegen und demokratischen stat des Palästina auch forderten die Grünen in der jüngsten Vergangenheit dass Deutschland Israel unterstützen solle bei der Bewerbung um eine nicht ständige Mitgliedschaft im UNO Sicherheitsrat insgesamt betrachtet ist die Haltung der Grünen anders als bei der AFD oder bei den Linken eindeutig pro Israel wenn gleich auch innerhalb der Grünen ja in der Vergangenheit Israel oder israelische Siedlungsaktivitäten im Westjordanland kritisiert wurde Nummer Beispiel als die groko von 2018 die Bundesregierung einen Antrag im Bundestag gemeinsam mit den Stimmen von FDP und Grüne durchbringen wollte der laut der damaligen groko Regierung die Beziehung zwischen Deutschland und Israel würdigen sollte da sagte dann der kovorsitzende der Grünen nuripur zum Antrag auch dass sie übrigens die Grünen stimmt noch nicht mit dem Antrag mit also er sagte das hier Zitat ebenso blendet er also der Antrag der damaligen Bundesregierung die problematischen Aspekte der israelischen Politik aus besonders die seit über 50 Jahren andauter Besatzung sagte er eben zum Spiegel so Heß es unter anderem im neuen grünen Papier was die Grünen damals sozusagen auch zur Abstimmung im Bundestag Freigaben der Staat Israel sich behaupten doch dies bedeutete für Hunderttausende PalästinenserInnen und Palästinenser Flucht und Vertreibung die FDP die schreibt in ihrem Grundsatzprogramm Zitat das Existenzrecht Israels als jüdischer Staat ist für die FDP unverzichtbare konstante liberale Außenpolitik wir treten für dieses Recht in sicheren Grenzen ein und gleichzeitig für eine dauerhafte und gerechte Friedensordnung im Nahen Osten die FDP will eine Zweistaatenlösung sie sagen israel hat ein Recht auf Verteidigung der eigenen B völkerung des eigenen Staatsgebietes andererseits sind sie aber auch für die Schaffung eines ja souverän demokratischen und lebensfähigen Staates Palästina Zitat deshalb sehen wir mögliche Schritte Teile des westjordlands vökerrechtswidrig zu annektieren mit Sorge Zitat Ende auch bei der Union findet man ein paar ähnliche Punkte zwei staatenlösung Existenzrecht für Israel und letzteres als deutsche Staatsraison das besagt dass die Interessen übrigens des Staates über alle anderen Interessen gestellt wurden als eine staatsrant wenn die Staatsmacht der Ansicht war dass es dem Interesse des Staates dienen würde könnten beispielsweise Gesetze aufgehoben und sogar die Rechte der einzelnen Menschen missachtet werden der Staat stand also über allem das mal so als Einordnung was staatsreson eigentlich bedeutet aber das mit der staatsresor ist natürlich so eine Sache also wie weit geht ein Staat um das einzuhalten würde man beispielsweise im Falle von Israel auch militärisch helfen da sind die Parteien auch die CDU CSU sich nicht ganz schlüssig die Union betont übrigens auch wirtschaftliche Zusammenarbeit zwischen Deutschland und Israel und grundsätzlich ist es eher eine positive Haltung gegenüber dem Staat Israel geprägt ist aber die Israelpolitik der Union sicherlich auch von Angela Merkel durch sie sollte die CDU Israel als jüdischen Staat anerkennen und Zitat die von Merkel angestrebte weitere Vertiefung der Beziehungen mit Israel ging oftmals auch damit einher dass sie israelische Position übernahmen ohne diese mit den deutschen Interessen ihrer Bedeutung für den Friedensprozess auch abzugleichen und ohne sich zu vor mit ihren europäischen en abzusprechen der Friedensprozess rückte hingegen in den Hintergrund bei der SPD sieht man auch erstmal ähnliche Muster auch sie fordern das Existenzrecht Israels und eine zweist staatenlösung mit einem unabhängigen palästinensischen Staat die SPD will mit den USA und europäischen Partner Zitat neue Initiativen zur Wiederbelebung des nahostfriedensprozesses unterstützen aber sie sagen auch Pläne zur Annexion lehnen wir kategorisch ab es muss zu einem Stopp des völkerrechtswidrigen si Baus kommen das letzte Mal als die SPD an der Macht war also unter Gerhard Schröder und mit den grün als Koalitionspartner Ende der 90er Jahre Anfang der Nullerjahre der setzte Deutschland auf eine tiefergehende Zusammenarbeit im Bereich Wissenschaft Forschung Technik mit Israel aber damals Zitat konnte Israel insbesondere deutsche Rüstungsgüter immer wieder zu Vorzugspreisen oder unendgeltlich erhalten geral Schröder der damalige Bundeskanzler sagte damals dazu das hier Zitat Israel bekommt was es für die Aufrechterhaltung seiner Sicherheit braucht und bekommt es dann wenn es gebraucht wird übrigens in der Videobeschreibung findet ihr einen tollen langen Bericht über die Beziehung zwischen Deutschland und Israel und wie er sich über die Jahre inin Weg entwickelt hat also schaut da gerne mal vorbei die SPD hat aber zum Staat Israel ein grundsätzlich positives Verhältnis so das zu den deutschen Parteien gibt es etwas was euch überrascht hat oder was ihr vielleicht auch noch nicht wusste schreibt mir das gerne mal in die Kommentare wichtig ist mir nur dass wir echt respektvoll bleiben in den Kommentaren und dass wenn ihr euch austauscht das eben mit Anstand passiert dann so sonst muss ich Leute blockieren oder auch hier ghosten in den Kommentaren und übrigens ich spreche auch mit Gregor Gesi jetzt schon bald im Interview auch sicherlich über das Thema Israel das Interview findet ihr dann hier sobit online ist danke euch fürs zusehen und bis zum nächsten Mal euer Marvin und bis dann,OK
OmEvdpN6MkE,"Ja, herzlich willkommen auf der Pressekonferenz der Linken. Heute wird der Vorsitzende der Linken, Jan von Arken zu folgenden Themenstellung nehmen, dem Zukunftsentscheid in Hamburg, dem Erfolg gegen Mietwocher in Berlin und der Freilassung der Geiseln in Gaza. Danach ist wie immer Gelegenheit zu fragen. Ja, schönen guten Tag. Das ist ja ein richtig schöner Montag, der Montag der guten Nachrichten heute. Die Geiseln sind frei. Außerdem wurde in Hamburg ein Volksentscheid gewonnen und in Hamburg haben wir Mitwo in Berlin Mitwocherprozess gewonnen. Äh freut mich sehr mal zu so zu so einer Pressekonferenz auch einladen zu dürfen. Äh bevor wir zur Weltpolitik kommen, fange ich erstmal bei mir zu Hause an in Hamburg. Das hat mich persönlich natürlich besonders gefreut, dass dort dieser Volksentscheid äh für soziale Klimapolitik gewonnen wurde. Der Zukunftsentscheid, der ist schon ganz besonders ähm aus zwei Gründen. Zum einen, weil ich sag mal, die gesamte Geldite Hamburgs, alles was an der Elbstoffsee wohnt, alle Fraktionen der Hamburger Bürgerschaft außer der Linken, das Hamburger Abendlatt, alle waren gegen diesen Zukunftsentscheid und trotzdem haben wir das gewonnen. Ich glaube, das ist auch wirklich ein Sieg für die Demokratie. Äh, Geld kann sich nicht alles kaufen, sondern manchmal gewinnt eben auch die Mehrheit der Menschen. Das ist schon mal eine gute Nachricht. Und die zweite gute Nachricht ist, was wir daraus lernen, ist Klimaschutz ist dann mehrheitsfähig, wenn sozial gedacht wird. Das ist der Kern dieses äh Volksentscheids gewesen, dass man sagt, Klimaschutzmaßnahmen, es werden die Klimaziele vorgezogen um 5 Jahre in Hamburg, aber immer auch sozial gedacht. Z.B. natürlich müssen mehr Wohnung äh Wärme gedämmt werden in Hamburg. Das darf aber nicht zu Lasten der Mieter und Mieterin gehen. Solche Punkte waren da ganz zentral und ich glaube, dieser sozialgedachte Klimaschutz ähm der ist mehrheitsfähig. Das haben wir jetzt in Hamburg noch mal gesehen. Jetzt ähm schon die die regierende SPD Grünkoordung gleich schon wieder gesagt, Bürgermeister Chenschaff von der SPD sagt, na ja, in den nächsten zwei Jahren wird sich erstmal nichts ändern. Ähm, die grüne äh Senatorin Pflegebank sagt, jetzt erstmal kein kein kein Grund zur Hektik und so weiter. Ähm, das hört sich für mich so an, als ob die jetzt die nächsten Jahre wieder aussitzen wollen. Und ups, 19 2035 ist es denn zu spät, denn doch die Klimaneutralität bis 2040 durch umzusetzen. Das braucht richtig viel Arbeit und Kreativität jetzt das umzusetzen. Da muss man jetzt mit anfangen und nicht sagen, jetzt haben wir erstmal ein paar Jährchen Zeit. ähm denn würde diese rotgrüne Senat das genauso verb verpennen wie die anderen Regierungen. Ähm das ist so ein Moment, wo ich jetzt richtig froh bin, dass es die Linke gibt, so und dass die Linke auch in der Hamburger Bürgerschaft vertreten ist und dass wir da hervorragende Fachleute haben, die jetzt jeden Tag kontrollieren würden, dass dieser Volksentscheid auch wirklich umgesetzt wird. Die sind ja gesetzlich bindend in Hamburg und Volksentscheid. Das müssen die jetzt umsetzen. Die haben da überhaupt keine Wahl. Das war früher mal anders. Vielleicht erinnern Sie sich, da gab es mal ein Volksanscheid gegen die Privatisierung von Krankenhäusern. Da hat von Boss gesagt, mir doch egal, was die Mehrte der Hamburgerin sagt, hat's trotzdem verkauft. Seitdem sind sie aber bindend. Deswegen bleiben Chens und Fägerbank überhaupt nichts anderes übrig, als es jetzt umzusetzen. Und an dieser Stelle noch mal ein Dank an alle, die diesen Volksentscheid möglich gemacht haben, die ihn auf dem Weg gebracht haben. Es ging ja ursprünglich von Frid for Features aus. Haben sehr viele Menschen in Hamburg mitgeholfen. Auch die Linke war mit dabei. Danke an alle. Die zweite gute Nachricht kommt aus Berlin. Ähm, ich finde ja, wir brauchen endlich eine Mietcherpolizei. Es gibt so viele Mieten, die illegal hoch sind. Das gibt so viele richtig kriminelle Vermieter und niemand verfolgt das. Und da gibt es jetzt einen Schönfall in Berlin, der zeigt, wie es auch anders gehen kann. In Berlin gab es jetzt ein Urteil, dass eine Vermieterin wegen Mietwucher verurteilt wurde. Die muss jetzt 26 000 € Strafe zahlen, Bußgeld zahlen. Das finde ich super. völlig verdient. Ähm und die Mieterin, die kriegt 22 000 € zurück. Äh und ich finde das richtig toll. Das freut mich für die Mieterin. Die ist jahrelang ausgepresst worden. Jetzt kriegt sie das Geld zurück, was ja illegalerweise abgepresst worden ist. Ähm möglich wurde das Ganze in Berlin nur, weil unsere linke Stadtretin Regine Sommerwetter jemanden eingestellt hat, der Mietcher verfolgt hat, ne? Das heißt, wir haben da jetzt eine Mietprüfstelle in Friedrichsrehein Kreuzberg Aufdruck der linken Stadtretin ist das passiert. Das konnte deswegen verfolgt werden. Deswegen gab es jetzt diesen Prozess. Das ist gut und ich finde, wir brauchen jetzt eine Mietwucherpolizei überall in Deutschland oder um das mal im Formal Deutsch zu sagen, wir brauchen eine Flächen, wir brauchen flächendecken kommunale Mietprüfstellen in jeder Kommune und überall. Ähm, das geht doch nicht, dass die kriminellen Vermieter, das ja teilweise richtige Vermietermaffas, die es da gibt, irgendwie, dass die nicht verfolgt und bestraft werden. Das muss jetzt richtig überall auch passieren. Dafür müssen Leute eingestellt werden. In Thüringen hat die Linke so ein Antrag eingebracht und in Thüringen haben wir die besondere Situation, dass die Minderheitenkoalition dort auch auf Stemm der Linken angewiesen ist für ein Haushalt. Deswegen gibt's sogar die Möglichkeit, dass dieser Antracht durchkommt und wir dann zumindestens in Thüring schon mal eine Miet Mietwucherpolizei haben. Das finde ich gut. Für alle anderen, die nicht in Thüringen wohnen oder die nicht in Friedrichsheim Kreuzberg wohnen, ähm wir als Linke haben die Mietwucher App. Da können Sie zumindestens für Ihre Wohnung schon mal gucken, ob Sie bei der Lage in dieser Ausstattung und so weiter, ob Ihre Miete nicht so weit überhöht ist, dass Mietbucher vorliegt. Dann brauchen Sie aber immer noch jemand in der Verwaltung, der das mit verfolgt. Bei Mietwoche gibt's ja auch ein Problem, dass das juristische so schwer zu ahnen ist. Sie müssen im Grunde genommen nachweisen, dass die Vermieterin diese überteuerte Miete genommen hat und ihre Notlage ausgenutzt hat. Das ist immer relativ schwer zu erreichen. Manchmal klappt es wie jetzt in Berlin, das ist eine schöne Nachricht, aber wir wollen das Gesetz ändern. noch in diesem Jahr wird die Linke im Bundestag einen entsprechenden Gesetzentwurf einbringen, äh damit die Verfolgung von Mietbucher auch juristisch einfacher wird. Und das ist gar keine linke Idee. Auch die Bayern ähm äh verfolgen das so, also das äh gab auch schon, ich glaub beim Bundesrat Abstimmung, die genau in die gleiche Richtung ging. Also eigentlich müsste die Mehrheit dafür endlich da sein. Und da wir gerade über Berlin und Mieten reden, äh noch eine Gratulation hier an dieser Stelle. Der Berliner Landesverband hat ja letzte Woche 11 Erhalb als Spitzenkandidatin für die Wahl hier im nächsten Jahr zum Abgeordneten Haus nominiert und ich glaube, das wäre eine extrem gute Nachricht für alle Mieter und Mieterinnen in Berlin, wenn 11 Eralb Bürgermeisterin wird und wir spielen auf Sieg hier in Berlin. So, jetzt komme ich zu Gaza. Ich habe das heute morgen ja live verfolgt die ganze Zeit. Mittlerweile sind die letzten 20 noch lebenden Geiseln frei und das freut mich sehr. Ähm, ich bin vor fast zwei Jahren war ich auch in Tel Aviv in der Kapland Street mehrfach unterwegs. Habe mit Angehörigen gesprochen, die dort äh äh die Informationsstände aufgebaut haben bei den Demonstrationen, wo es um Waffenstillstand, Freilassung der Geiseln ging. Jetzt hat es zwei Jahre gedauert, über zwei Jahre, bis die letzten 20 freigekommen sind. Ich freue mich unendlich für die Männer und für ihre Familien ähm, dass jetzt das Leiden endlich vorbei ist. Ähm, ich habe ja ansonsten viele Fragen an den Friedensprozess, aber ich finde, dafür muss morgen Zeit sein. Heute ist erstmal nur ein Tag der Freude, dass es endlich gelungen ist, dass alle Geiseln freikommen. Das ist auch für das gesamte Israel eine unfassbar gute Nachricht. Ich kann das ungefähr nachempfinden, was da gerade für eine Stimmung herrscht. Freue mich sehr. Ähm, Kios Dam hat jetzt ja nach England eingeladen zu einer Wiederaufbaukonferenz zu Gaza. Finde ich auch sehr gut. Ähm, es muss klar sein, dass natürlich am Ende die Palästinenserinnen und Palästinenser entscheiden müssen, wie wann wo da wieder Aufbau stattfindet. Nicht, dass den irgendwer da plötzlich 20 Luxushotels am Strand baut, aber ähm das ist jetzt die wieder Aufbaukonferenz gibt, ist gut, dass Deutschland sich beteiligt an dieser Konferenz, ist auch gut. Äh möchte nur einen Satz noch kurz anmerken. Ausminister Wadefu hat in der aktuellen Stunde letzte Woche gesagt, dass sie sich jetzt für The Day After vorbereiten, also nach dem Friedenschluss. Das ist gut. muss Deutschland unbedingt machen, aber man darf den Tag davor auch nicht vergessen, denn dieser Friedensprozess ist noch sehr sehr fragil. Ob es wirklich hält, wissen wir nicht. Und ich glaube auch jetzt braucht es weiterhin Druck auf die Hamas und auf die israelische Regierung, damit es wirklich zu dem Friedensprozess kommt, dass er bis zum Ende auch fortgeschrieben wird. Und da hat auch die deutsche Bundesregierung eine Verantwortung weiterhin Druck auf die israelische Regierung auszuüben. Aber das kommt morgen. Heute ist erstmal nur ein Tag der Freude. Wie gesagt, das war der Tag der guten Nachrichten. Ich danke Ihnen. Ja, Herr Jah schon nach dem Morgen. Ähm, welche Rolle kann denn Deutschland ihrer Meinung nach beim weiteren Friedensprozess in Nahenosten spielen? Und die Entwicklungshilfeministerin hat ja einen dreistelligen Millionenbetrag zugesagt. Reicht das ihrer Meinung nach oder wo sehen Sie da die Prioritäten für eine deutsche Nahpolitik? Also ein dreistiger Millionenbetrag reicht wahrscheinlich nicht. Das kommt drauf an, inwi weit sich Israel selbst an den Reparationen beteiligt. Ich finde, da muss man auch die israelische Regierung ähm in in die Pflicht nehmen. Ähm und Deutschland muss weiter Druck auf die israelische Regierung ausüben, dass sie wirklich sich an diesem Vertrag hält. Wir dürfen nie vergessen, es gibt die zwei wasche Faschisten in der Ninja Regierung, die bis jetzt jeden Friedensprozess torpediert hatten. Wir hatten schon mal vor 6ch Monaten ja auch einen langfristig angelegten mehr Friedensprozess, der nach Phase 1 von der israelischen Regierung gebrochen wurde. Damit das nicht wieder passiert, wäre ich dafür, dass die Bundesregierung sich an den Europäischen Staaten anschließt und z.B. an der Aufhebung des Assoziierungsaltkommens weiterarbeitet. Ähm, weil der Druck muss aufrecht erhalten werden, auch der ökonomische Druck auf die israelische Regierung, weil sonst befürchte ich, setzen sich die Faschisten wieder durch, die beiden Faschisten in der israelischen Regierung. Ähm, ich habe noch mal eine Frage zum zur Einigung im neuen Wrdstmodell. Die Koalition hat sich ja drauf geeinigt, dass es ja vielleicht ein Losverfahren geben könnte eben, um die Leute zur Musterung einzuladen und wenn es nicht genug Freiwillig gibt, auch ein sechs monatiges Werpflicht einzuführen. Was halten Sie denn davon? Ich bin völlig gegen jede Art von Werrpflicht, egal ob gelost oder nicht gelost. Ähm ähm das darf nicht kommen. Und mir hat auch noch niemand in der Bundesregierung sagen äh können, warum jetzt genau diese Zahl von 200 irgendwas eine genaue Zahl hören wir auch nie, ne? ähm äh 1000 äh Menschen äh Dienst an der Waffe machen müssen. Jedes Mal, wenn wir im Bundestag nachfragen, auch in in Geheimsitzung, kommt nie eine konkrete Zahl und nie eine konkrete Begründung. Und wenn ich mir angucke, dass die europäischen Staaten tatsächlich 1,4 Millionen Menschen unterwaffen haben, Russland 1,2 Millionen Menschen, frage ich mich, warum muss es jetzt unbedingt in Aufru geben? Das hatten wir noch niemand mit Zahlen und Fakten belegen können. Deswegen bin ich auf jeden Fall gegen jede Art von Werpflicht und dieses Losmodell. Ich muss ja an die Tribute von Panem denken, ne? Vielleicht jeder Jugendliche, der in seinen ersten 18 Jahren mal Bürgergeld bezogen hat, kriegt dann noch ein Los mehr reingeworfen oder was ist hier jetzt die Wergerechtigkeit? Gibt es weitere Fragen? Herr Wutweg, letzte Woche fand ja im Kanzleramt ein erneuter Auto gefüllt statt. Am Tag zuvor wurde sich wohl auch in Koalitionskreisen über das Aus vom Verbrenner aus unterhalten. Einigen konnte man sich noch nicht. Ähm aus ihrer Sicht ähm macht die Koalition da gerade eine gute Figur bzw. macht sie genug, um diese ganze Unsicherheit, die ja in dieser Branche gerade steckt, irgendwie in den Griff zu kriegen und um die Branche auch zu unterstützen? Sie tut genug, um die Branche zu verunsichern. Also dieses ganze hin und Her geht doch nicht. Ich meine, in der Autoindustrie wissen alle, sprechen Sie mit Leuten, die bei VW am Band stehen oder sprechen Sie mit den Managern. Alle wissen, dass es Verbrenner auskommt. Und dieses ganze Hin und Her, das ist tot. Das ist wirklich der Tod für diese Branche, für die ganze Automobilindustrie. Da muss Klarheit her. Ich bin dagegen noch irgendein dieser Termine zu verschieben, das Verbrenner aus kommt und das muss kommen und da jetzt noch mal dran zu schrauben. Äh, das äh führt, glaube ich, in Disaster für die Autoindustrie. Eine Nachfrage? Äh, was halten Sie denn von dieser Variante mit dem Rage Range Extender? Also, sprich, dass dort eben jetzt noch mal ein zusätzliches kleine kleine Tür geöffnet wird, den Verbrenner doch noch ein bisschen länger ähm am Laufen am Leben zu halten? Na ja, das ist wie gesagt Teil dieser Verunsicherung, also mit allen egal ob sie das Range Extender nennen oder ob sie das Verbrenner aus dem ein Z oder 5 Jahre verschieben und so weiter, das schafft Unklarheit. Also vor allen schürt das vielleicht die Hoffnung, okay, wenn wir genug Druck machen, kriegen wir das noch mal hin, kriegen wir das noch mal hin. Die deutsche Autoindustrie verpasst den Anschluss und die rechtzeitige Umstellung. Am Ende kann das ins richtige Desaster führen. Dann hat man sich vielleicht z d Jahre kauft und mehr nicht. Ich finde das alles einen derartigen großen Fehler und das Irre ist ja, alle die heute noch am Verbrenner bauen, wissen, dass das Ende da ist. So, die wissen auch, dass man sich auf was anderes einstellen muss und die schütteln nur noch mit dem Kopf. Gibt's weitere Fragen? Das sehe ich nicht. Dann danke ich für ihre Aufmerksamkeit und wünsche eine gute Woche.",OK
gzfWA4L_LCs,"Das Midburn Festival ist die israelische Version des berühmten Burningman, das alljährlich in der Blackrock Wüste Nevadas gefeiert wird. Party, Rausch und Kunst. Mitten in der Negefwüste bei Erat laufen die Vorbereitungen für das Festival auf Hochtouren. Auch beim Mitburn ist das Wahrzeichen eine gigantische Holzstatue. Dieses Jahr vereint die Gestalt einen weiblichen und männlichen Körper. [musik] Highlight und Abschluss ist das Verbrennen der Statue. Das ist der Platz, wo man sitzen und dem Staub entkommen kann und Or feiert. Quatsch. Es ist verboten, Orgien im Zelt zu feiern oder scheiden sich die Geister. Na, nicht nackt. Sex kein Sex. Also macht was ihr wollt. Seid ihr selbst. Radikal bedeutet Full Power, dass niemand anderen sagt, wie er sich benehmen soll. [musik] Es gibt das Vorurteil über uns mitbner, dass es nur um Nacktheit und Sex geht. Das ist so, denn Israel ist ein relativ konservatives Land. Aber wenn Sie herkommen, merken Sie, dass es hier viel tiefgründigere Dinge gibt als nur Sex Drugs in Druck and Roll. Was sich im Mitbn abspielt ist, dass Menschen zusammenkommen, um von sich selbst etwas zu geben, um für eine Woche einen alternativen Ort zu erschaffen. Hier ist es möglich zu leben, es ist möglich zu tanzen und das alles auf Basis eines Regelwerks der radikalen Unabhängigkeit. [musik] Alles kann hier passieren. Im Prinzip ist es einfach eine Woche, um der Realität zu entfliehen. Kein Zweifel, du machst Menschen mit deinem Essen glücklich. Ich bring dir Basilikum. Kannst du es ins mexikanische Gericht geben? Okay. Ilona besucht gemeinsam mit ihren Freunden Maya und Rubi das Festival. Maja und Rubi sind frisch verlobt, beide führen ein säkulares Leben. Sie versuchen, die Vorstellungen ihrer Familien von einer traditionellen Hochzeit mit ihren eigenen Wünschen in Einklang zu bringen. Mir wäre es lieber, auf die ganze Hochzeitszeremonie zu verzichten und einfach unser Leben zusammen zu leben. Aber seine Familie ist religiös und deshalb müssen wir es nach traditionellen Vorschriften machen. Bis zu meinem 20. Lebensjahr war ich religiös und habe nach den Regeln der Torah geliebt. Meine ganze Familie ist immer noch religiös. Ich habe mich vor etwa 9 Jahren vom religiösen Lebensstil verabschiedet, aber da ist etwas in mir, das diesen Teil immer noch sehr mag. [musik] Die Vorbereitungen des Festivals sind geschafft. Am [musik] nächsten Tag kann das Event endlich starten. Maja und Ilona bereiten sich auf die Partys vor. Es wird getanzt, gefeiert und [musik] die Freiheit genossen. Das Mitbn folgt einem Regelwerk. Es beschreibt die Kultur und die Werte der feiernden Gemeinschaft. Dieses Regelwerk beinhaltet zehn Grundsätze. [musik] Neben der radikalen Selbstständigkeit gehören auch Leben ohne Spuren, Inklusion, Teilhabe, bürgerliche [musik] Verantwortung und radikaler Selbstausdruck zur Leitidee des Festivals mit dem Ziel, eine bessere Welt zu erschaffen. [musik] [musik] Auf dem Midburn gibt es über 100 unterschiedliche Camps. Jedes hat sein eigenes Thema. beispielsweise gibt es ein Schlafcamp, ein Wildwest, Kissenschlacht oder Karaoke Camp. Der Kreativität sind keine Grenzen gesetzt. Auch ein Free Love Camp gibt es auf dem Festival. Filmen dürfen wir drinnen leider nicht. Unser Geschenk für das Midburn Festival sind Workshops zum Thema Sexualität, Workshops für Anfänger, was bedeutet gegenseitiges Einverständnis und Workshops für Fortgeschrittene wie z.B. wie Halsorgasmen. Es gibt alles mögliche. Heute fand gemeinsame Masturbation statt. Wir reden davon, Scham, Schuld und Angst aus der Sexualität zu entfernen. Unsere Vision ist es, in die Festivalkultur etwas zu bringen, das sich Konsenskultur nennt. In Israel haben wir eine sehr militante Kultur. Sie ist sehr machohaft und das Thema der intimen Kommunikation, der Einwilligung ist etwas, über das nicht viel geredet wird. eben ein Festival der Kunst, der Fantasie, Selbsterfahrung und eines [musik] anderen Umgangs miteinander. Jerusalem gilt als eine der ältesten Städte der Welt. Mit beinahe einer Millionen Einwohnern ist sie die größte Stadt Israels. Für die drei Weltreligionen Islam, Christentum und Judentum ist sie als heilige Stadt [musik] von größter Bedeutung. In Israel sind etwa 74% der Bevölkerung jüdisch. Nur 13% der Israelis sind ultraorthodox. Jedoch liegt der Bevölkerungszuwachs innerhalb dieser Gruppe bei 4% und ist somit höher als in allen europäischen Ländern. wach mal [musik] bei ultraorthodoxen Jünen und Juden wird in Sachen Liebe nichts dem Zufall überlassen. Am Abend kann man in [musik] Hotellobbys und in öffentlichen Parks junge Paare beim Dating beobachten. Um den perfekten Ehepartner zu finden, gehen Sie zu sogenannten Schiduchs, arrangierten Heiratsvermittlungen. Diese werden organisiert und angeleitet von einer Matchmakerin. [musik] Hat sich ein paar gefunden, geht die Braut zu einer Frau wie Rani. Hi, wie geht? Komm rein. Han ist Sexualalaufklärerin für junge Bräute. Sie vermittelt, wie Sexualität und Judentum vereinbar sind. Sie lehrt die Hala. Hala ist eine Sammlung von Gesetzen. Das hier ist eine Sammlung von Büchern mit sehr vielen Hallachot. Man muss sich einfach hinsetzen und sie lernen. Wenn eine Frau zu mir kommt, lehre ich sie Gebote, die nur der Frau gegeben wurden. Im Judentum hat die Frau eine besondere Kraft. Es wurde geschrieben, Frau Weisheit hat ihr Haus gebaut. Ab dem Schulalter herrscht eine strenge Geschlechtertrennung. Jungen und Mädchen haben bis zur Ehe keinen Kontakt. Aufklärungsunterricht erhalten die jungen Bräuter also erstmals von Hani. Bis heute haben sie über dieses Thema nicht geredet. Es kann zwar sein, dass sie ein paar Sachen gehört haben, aber nichts eindeutiges. Und ich bin diejenige, die ihnen den Weg weist und sie zu dem richtigen Platz in ihrer Ehe führt. Auch in der Ehe gelten strenge Regeln. Zwei ganze Wochen im Monat, während und nach der Periode darf das Paar nicht miteinander schlafen. Selbst Berührungen sind tabu. So ist es verboten, sich etwas rüberzureichen. Es ist verboten, vom selben Teller zu essen, im selben Bett zu schlafen. Es gibt viele Gebote, die wir lernen müssen, damit die Trennung vorschriftsmäßig eingehalten wird. Ich sehe dich. Siehst du mich? Wie geht es dir? Wie schön dich zu sehen. K ist eine der Bräute, die Unterricht bei Hanny nimmt. Auch sie hat erst kürzlich ihren zukünftigen Ehemann durch Heiratsvermittlung kennengelernt. [musik] Für sie war es nicht die Liebe auf den ersten Blick. Mein zukünftiger Ehemann schon beim ersten zweiten Mal gewusst, dass ich die eine bin, dass er mit mir den ganzen Weg gehen will. Ich habe das beim ersten Treffen noch nicht gefühlt, beim dritten, vierten Treffen schon eher, dass es egal ist, was uns im Leben wieder fährt oder was wir im Leben haben oder nicht. Wir beide wollen zusammen sein, die ganze Zeit und wir wollen heiraten und eine Familie gründen. Während und nach der Periode dürfen ultraorthodoxe [musik] Paare keinen Sex haben, erst wenn die Frau wieder rein ist. Dazu muss sie sich 7 Tage lang morgens und abends prüfen. Han erklärt, wie das geht. Ich habe hier ein Prüftuch. Siehst du es? Fühl es mal. [musik] Man kauft das einfach im Supermarkt und hat es überall vorrätig, auch in der Handtasche. Wir falten und legen es uns so um den Finger. Einfach so. Wir führen es in die Vagina ein und ziehen es wieder heraus. Mal komm, versuch es selbst mal. Wir führen es ein und drehen es ein bisschen und ziehen es wieder heraus. In Ordnung. Wir müssen sieben Tage zählen, was in der Hallaha sieben saubere Tage heißt. Danach, wenn das Prüftuch sauber ist, ohne jegliches Blut, ohne Fleck, ohne alles, können wir in die Mique eintauchen. Die Mique ist ein rituelles Reinigungsbad, das jede verheiratete religiöse Frau einmal im Monat betritt. Sie hat eine spirituelle Bedeutung. [musik] Das ist die Mique. Wenn eine Frau 12 Tage gezählt hat, in denen sie sich von ihrem Mann ferhalten hat, ist die Zeit gekommen, um in die Mique einzutauchen. Die Mique ist lebendes Wasser, das heißt unberührtes Regenwasser. In dem Moment, in dem die Frau eintaucht, ist sie wieder rein. Nachdem die Frau das reinigende Bad genommen hat, macht sie sich im Schminkzimmer für das anstehende Date mit ihrem Ehemann zurecht. Jede betet hier für die Erfüllung ihrer Wünsche und anschließend geht sie nach Hause zu einem glücklichen Date, gesegnet. Rein und K. Sie geht zurück in ein Leben der Intimität und der körperlichen Berührung. Die Mique ist nicht das einzige Gebot, das religiöse Frauen einhalten müssen. Ein weiteres Gebot besagt nach der Eheschließung das Haar zu bedecken. Auch Hanni bedeckt ihr Haar mit einer Perücke. Je nach jüdischer Community gibt es unterschiedliche Regeln. Manche Frauen tragen Perücken, andere Kopftücher. Viele Frauen wünschen sich eine Perücke, die ihrem natürlichen Haar ähnelt. Nur darf es gern etwas voluminöser und länger sein. Selbst die eigenen Kinder dürfen das Haar ihrer Mutter nicht sehen. Das darf nur Ihr Ehemann. Jede Perücke ist hier eine Maßanfertigung. Im Schnitt dauert die Herstellung 6 Wochen und kostet zwischen 3500 und 15 000 €. Ein Leben nach streng religiösen Regeln hat Tomo hinter sich gelassen. Bereits im Alter von 17 Jahren beschließt er, seine ultraorthodoxe Community zu verlassen und ein Leben ohne religiöse Zwänge zu führen. Er zieht allein nach Tel Aviv und steht seitdem offen zu seiner Sexualität. Das war immer mein Albtraum. Die einzige Option waren schwarze Schuhe. Das hätte mein Leben sein können. Dieser Typ könnte ich sein. Jetzt bin ich nicht mehr im Kon. Jetzt bin ich ein Schmetterling. [musik] Tel Aviv [musik] ist bekannt als moderne Metropole und cooler freundliche Stadt. Jedes Jahr im Juni findet hier die Gay Week mit der Gay Pride als Höhepunkt statt. Die Gay Pride hat in Israel seit 1998 Tradition. Sie ist die größte ihrer Art im gesamten nahen Osten. Was auch deshalb so bemerkenswert ist, da in Israels Nachbarländern Homosexualität strafbar ist und zum Teil sogar unter Todesstrafe steht. 2022 feiern etwa 170.000 Pride davon etwa 10000 Touristen. [musik] Hey Tomo, schön dich zu sehen. Was ein Outfit. Du bist auch schul angezogen. Wir gehen im Partner oder Religion und Sekularität. Hier gibt es von allem etwas. Alles widerspricht sich da. Vielleicht ist doch etwas ganz besonderes an dieser Stadt. Aber für mich weißt du ja Tel Aviv. Tela Aviv. Nichts ist wie Tel Aviv. Israel. Hier liegen Lebenswelten so nah beieinander und sind sich doch so fern von [musik] der streng religiösen Community. Zur Leder Fetischparty scheinen nur wenige Schritte zu liegen und doch könnten die Unterschiede größer nicht sein. Im Land der Gegensätze mit seinen zahlreichen Religionen, Ethnien und Lebensentwürfen sind Themen wie Sex und Liebe komplex. Wer wen, wann und wie liebt oder heiratet, ist nicht immer Privatsache. Und die Antworten darauf, was richtig oder falsch ist, sind vielfältig.",OK
VArs-d1A9CA,,Kein Transkript
