,video_id,video_type,ideology_score,populism_score
0,lau4gI-s7lk,Standard,7.0,8.0
1,fyAMvHN5GbE,Standard,3.5,0.0
2,P0s1dcW3Y_w,Standard,-1.0,8.0
3,DvtnN1cWwow,Standard,-1.0,0.0
4,Rf0s1CjRmCQ,Standard,5.0,0.0
5,T5zttyzcCSw,Standard,3.5,0.0
6,RaslD_1fbMQ,Reaction,-1.0,0.0
7,IOSZ-BAySlg,Standard,2.5,0.0
8,0UYMVkmsY-w,Standard,6.0,6.0
9,1QxEO0wwDf8,Standard,9.0,10.0
10,jiT41HmBrOo,Standard,7.0,6.0
11,R4KZrBgwrSw,Standard,5.0,0.0
12,AazOEZWtmRM,Standard,5.0,0.0
13,lV9taVJkY-A,Standard,7.0,2.0
14,kH-c1bS6jd0,Reaction,7.5,8.0
15,z8_CBJ075aw,Standard,-1.0,0.0
16,JSt-0RLUiTY,Reaction,-1.0,0.0
17,k9uhVx472YE,Standard,-1.0,0.0
18,ONLXgb437R8,Standard,5.0,0.0
19,bjBATL2QN0k,Standard,7.0,7.0
20,2XgG6Iu48l8,Standard,-1.0,0.0
21,ocNK8SwMkWE,Standard,3.5,0.0
22,yjZAEN_Ld84,Reaction,9.0,9.5
23,NyQ67K5Y8-g,Standard,7.0,6.0
24,Bs3s9Mmv8Us,Standard,5.0,0.0
25,oIDShqdh2PY,Reaction,-1.0,0.0
26,7Z9Ue3_Ompo,Standard,7.5,7.5
27,arIySRxV6TI,Standard,5.0,0.0
28,0oyoJMJtFZ4,Standard,-1.0,0.0
29,t-ORrjHdHFk,Standard,-1.0,0.0
30,5tmPs2qh0OY,Standard,5.0,0.0
31,AHTpsP2qW5Y,Reaction,7.5,6.5
32,_MUzCSffMGQ,Reaction,3.5,7.5
33,kMrBmub4-k8,Standard,5.0,0.0
34,qKGpIORUHSA,Standard,8.0,8.0
35,2DoNlGlvgWg,Standard,3.0,7.5
36,lAHnBUieevs,Standard,6.5,6.0
37,3zcDCGuHP4I,Standard,1.5,7.5
38,fEAYI4q4beY,Standard,3.5,0.0
39,vMDVPsBHaZI,Standard,-1.0,6.0
40,8VdEXBdpc4w,Standard,2.0,6.0
41,-eJ10qPUewA,Standard,5.0,0.0
42,RtzO2BAhKYI,Standard,-1.0,0.0
43,uB7Rxoss7do,Standard,-1.0,0.0
44,DafAheT7n0Q,Standard,8.5,7.5
45,VuzdhI_iics,Standard,-1.0,0.0
46,eJ69gpwsNlM,Standard,5.0,0.0
47,SHFav5gDI88,Standard,5.0,0.0
48,6RFXhqmSbjo,Standard,2.0,0.0
49,JPsa1BjEEQQ,Standard,5.0,0.0
50,a-2y7FxvoPo,Standard,7.5,8.5
51,q5BLZS6fW9I,Standard,-1.0,0.0
52,v_PP53DF8kc,Standard,5.0,0.0
53,s_bhrW70EoQ,Reaction,-1.0,0.0
54,iRc3zWRyfWY,Standard,5.0,0.0
55,aic8q21RznE,Standard,-1.0,0.0
56,WIGXmK1w1cU,Standard,5.0,0.0
57,TsLocch55RI,Standard,8.0,8.0
58,704sTp48fSM,Standard,-1.0,0.0
59,PbX1ewIEtVM,Standard,5.0,0.0
60,fxpqYNCwTPc,Standard,-1.0,0.0
61,YHNUcmA4FCo,Reaction,8.5,9.0
62,NZ7J0xjifR0,Standard,-1.0,0.0
63,QHH89mWggrM,Standard,8.0,8.0
64,YkZxD0Dw7dk,Standard,6.0,7.0
65,e93l7SL6lkg,Reaction,5.0,0.0
66,5j7R4yvHk0g,Standard,9.0,7.5
67,I2--OsMZVZk,Standard,-1.0,0.0
68,2maSxUfSBE0,Standard,5.0,0.0
69,6w6MBsZEgW4,Standard,7.0,7.5
70,dJabC0t13-w,Standard,9.0,9.0
71,TvvDQM5z2Qk,Standard,5.0,0.0
72,TFOnSl6dw60,Standard,-1.0,0.0
73,ZjQGLE_7J5c,Standard,5.0,0.0
74,3WNy0mJXW-0,Standard,5.0,0.0
75,2_jbEnIGD3g,Standard,8.5,9.0
76,k6qJo9F0h50,Standard,-1.0,0.0
77,qAycz0ZvXMw,Standard,3.5,0.0
78,CtzloSSQlKA,Standard,8.5,8.5
79,fB7_AgMvvRo,Standard,8.5,7.5
80,nOPz16wDKEo,Standard,3.5,0.0
81,IqAjKcVnHl4,Standard,-1.0,0.0
82,Woo0OKhW6CA,Standard,-1.0,8.0
83,-EKjEbn7FNo,Standard,-1.0,0.0
84,kBsxFDkJ5lU,Standard,8.0,7.0
85,JJtxQ6iGgUc,Standard,3.5,0.0
86,ufHIbdCN7f0,Standard,4.0,0.0
87,QvFasiumflQ,Reaction,5.0,0.0
88,xsV-i1Anr9s,Standard,5.0,0.0
89,uxNmFGh4r6A,Standard,4.0,0.0
90,QW4m4pQGyvs,Standard,8.0,6.0
91,fOxSyNzhADM,Standard,7.5,9.0
92,yLgZbGgTYWw,Standard,5.0,0.0
93,2qZekhwW2Fg,Reaction,-1.0,0.0
94,-3qx-X_Q5Ow,Standard,7.0,7.5
95,FiLkMPe--jc,Standard,5.0,0.0
96,jUSXYLADHPs,Standard,7.5,8.0
97,uKfQNj81fH0,Standard,-1.0,0.0
98,Xl8olawsbeY,Standard,5.0,0.0
99,0dcofL8iH4w,Standard,-1.0,0.0
100,l2sjSGeFJaQ,Reaction,-1.0,0.0
101,ve6_XiI_XX0,Reaction,7.5,7.0
102,l6P608PFpi4,Standard,8.5,9.0
103,iDbZW1vfBBY,Standard,5.0,0.0
104,ZRo1e3hCjP4,Standard,5.0,0.0
105,alvTJgYgafc,Standard,8.5,8.5
106,N2VgT1Xp95A,Standard,5.0,0.0
107,wMxUuHA6CLE,Standard,7.5,8.0
108,sz5hg7hwI6c,Standard,5.0,0.0
109,YRaz05-_iPs,Standard,-1.0,0.0
110,Rb0okAQVfbc,Standard,-1.0,0.0
111,iNKVOwEQpfk,Reaction,-1.0,0.0
112,cazkUOYHsLs,Standard,-1.0,0.0
113,QwogIRCyyjw,Standard,5.0,0.0
114,dYgW10ZdIR4,Standard,3.0,0.0
115,lFtb0TOzvF0,Standard,7.5,8.0
116,e6bvN_zSb4k,Standard,7.0,8.0
117,TbdQP3BWLTU,Standard,-1.0,0.0
118,15DAqgHz5eQ,Reaction,8.0,8.0
119,duvq1rFcHIc,Standard,-1.0,0.0
120,oAYxCdTCU8k,Standard,1.5,0.0
121,CSXVCuP05YQ,Reaction,-1.0,0.0
122,TBjxseKUxP0,Standard,1.5,8.0
123,ZpXGaMeptxA,Standard,3.5,0.0
124,YMmj7iMr3Iw,Standard,8.5,7.0
125,hBjD8cfAmCk,Standard,5.0,0.0
126,sOsI_hiSoWA,Standard,5.0,0.0
127,qSPVItZUx2A,Standard,-1.0,0.0
128,NVCsSu_X9Lg,Standard,5.0,0.0
129,I9GF3mg5gKU,Standard,-1.0,0.0
130,eoq3id0MTpU,Standard,5.0,0.0
131,5jW3JK4k0do,Standard,5.0,0.0
132,rmF-4_IecVo,Standard,-1.0,0.0
133,ONKFHl_MCVo,Standard,-1.0,0.0
134,Bw3I6-61mwA,Standard,-1.0,0.0
135,3iFe_kmNsHY,Standard,5.0,0.0
136,1FTQwFurM3I,Standard,6.5,6.5
137,ZeFWn6j8aMA,Standard,-1.0,0.0
138,TxiZHsatgW8,Standard,-1.0,0.0
139,XrEWoruo8VA,Standard,5.0,0.0
140,_Jfqm8QYbvo,Standard,5.0,0.0
141,CQ2UbI-XsF8,Standard,5.0,0.0
142,k_RkQh2bVOI,Standard,5.0,0.0
143,ZzWlIE3027c,Standard,3.5,8.0
144,TlomiZUGpMg,Standard,5.0,0.0
145,KKB1OqJXRIA,Standard,-1.0,0.0
146,MpKf1w0c6sE,Standard,7.5,7.5
147,PMStKRxCZVI,Standard,8.5,7.5
148,1lP14rZfHHE,Standard,-1.0,0.0
149,uTHmZfda4Ts,Standard,5.0,0.0
150,VVLMY3oCwZI,Standard,5.0,0.0
151,hwHk3OPI4Us,Standard,-1.0,0.0
152,3Pe7XxcVddM,Standard,5.0,0.0
153,YGgIbHWaBLA,Standard,8.0,9.0
154,VPAvRQHTAcE,Standard,-1.0,0.0
155,IL0zmQJc7ik,Standard,8.5,8.0
156,BH0EBED9-LM,Standard,8.5,7.5
157,vzucaBWGtbQ,Standard,-1.0,0.0
158,ehDUblHkq2s,Standard,-1.0,0.0
159,xJlPjY0KTTs,Standard,4.0,0.0
160,DCHUVmuPziU,Standard,5.0,0.0
161,Fpn3cxEARvo,Standard,-1.0,0.0
162,qy8GaBTMJY8,Standard,3.5,0.0
163,76oU998va7Y,Standard,-1.0,0.0
164,4ODjmuU3sAs,Standard,5.0,0.0
165,FA1Fvx7fUmM,Standard,-1.0,0.0
166,0Bm6EHJAjKQ,Reaction,-1.0,0.0
167,eA1k1VHk9go,Standard,7.5,7.5
168,gw2txEK6Oyc,Standard,-1.0,0.0
169,-F7jelNl11g,Standard,8.5,8.0
170,mdEZ4-DcSNs,Standard,-1.0,0.0
171,G1om7OWuLBs,Standard,-1.0,0.0
172,LpkfgfzJd3Q,Standard,7.5,8.0
173,PxHzN9fYqtI,Standard,5.0,0.0
174,x6_5JQ4yLbg,Standard,3.5,0.0
175,W6dSciON5tU,Standard,7.5,8.0
176,ifh9E5v71eI,Standard,5.0,0.0
177,BftKA-5pFXY,Standard,2.0,6.0
178,xdRvXAiFQ-4,Standard,9.0,9.0
179,1PoXUs0Vf7c,Standard,3.5,0.0
180,X3UKXkxDmzk,Standard,3.5,0.0
181,O7WSXhOjKvU,Standard,5.0,0.0
182,a7UWEEJbLzg,Standard,6.0,2.0
183,bkJhF0VHMok,Standard,5.0,0.0
184,KImQRPVtRyc,Standard,9.0,8.0
185,KZ9kLGpD4Ik,Standard,3.5,0.0
186,umFkeSZ0U3o,Standard,-1.0,0.0
187,12J_0Du8ZrY,Standard,5.0,0.0
188,MkC8aGbJdLw,Standard,7.0,8.0
189,2yL41yDfeoA,Standard,2.0,0.0
190,ph0CeBCAuKM,Standard,6.0,7.0
191,WNW56uh8lIM,Standard,5.0,0.0
192,FoomzOjz-nM,Standard,5.0,0.0
193,01Bxj87HpvI,Standard,5.0,0.0
194,YbtU8jN2C3U,Standard,-1.0,0.0
195,P-nGFnJFiY0,Standard,5.0,0.0
196,HBzIt4Hj4Zk,Standard,-1.0,0.0
197,PXGsnXIlM7w,Reaction,6.5,7.5
198,4Wd-I09zwwQ,Standard,-1.0,0.0
199,s3OUkXUPrnA,Standard,8.0,7.5
200,0NXOorRc54o,Standard,5.0,0.0
201,cqlSoCZ8-PI,Standard,-1.0,0.0
202,4oxxZbJRh8E,Standard,5.0,0.0
203,GY1m8K6ESxE,Reaction,9.0,8.0
204,gKcaYDD35NY,Standard,-1.0,0.0
205,eV3YidxX_MM,Standard,9.0,9.0
206,JZuQStP7-VU,Reaction,3.5,0.0
207,uJxwhFeF-kM,Standard,5.0,0.0
208,LqmgLegfDcg,Standard,8.5,7.5
209,q_7cZxuqArY,Standard,5.0,0.0
210,D5bJY8ht75E,Standard,3.5,0.0
211,0AzHN1qjOpM,Standard,4.0,0.0
212,0wr5SzOVycg,Standard,5.0,7.0
213,UKYBQr-Tpjk,Standard,5.0,0.0
214,oh0NCZrysyk,Standard,-1.0,7.0
215,e1jYjQoRCgU,Standard,8.0,7.5
216,oMsAWVg3ouw,Standard,5.0,0.0
217,2_Bj1YHHy5E,Standard,7.5,8.0
218,-J4dxPfpBeE,Standard,3.5,0.0
219,WEdXxnTSLFY,Standard,5.0,0.0
220,PRDS3ZEj9O8,Standard,5.0,0.0
221,J2v49IUiBJ8,Standard,3.5,0.0
222,cFfojDapDCg,Standard,7.0,8.0
223,rl5mTD2AVdY,Standard,8.0,7.5
224,kDri-98sWM0,Standard,7.5,0.0
225,coOxK_DqhaU,Reaction,-1.0,0.0
226,nmImDibf-FQ,Standard,3.5,6.0
227,VdisLYSa5Mo,Standard,4.0,0.0
228,Ss-iUEWY3do,Standard,5.0,0.0
229,rgs1zgsfrZA,Standard,5.0,0.0
230,9RbcIiOLnLU,Standard,2.0,2.0
231,6JLGzJf2pTw,Standard,5.0,0.0
232,kGscfVs6GeY,Standard,8.0,7.5
233,v9STik8ZacM,Standard,7.5,7.5
234,E3sUOJm2XTA,Standard,9.0,8.5
235,Q-d3OGqiOQo,Standard,-1.0,0.0
236,3OCfAmjJ_eY,Reaction,7.0,0.0
237,bQdFhePLgRw,Reaction,-1.0,0.0
238,M2KTYbNlzeM,Standard,5.0,0.0
239,s77ytz4-uWQ,Standard,8.5,7.0
240,RGunD4eduxs,Reaction,8.0,7.0
241,NakfRRv2TtY,Standard,4.5,0.0
242,2j8MujGEAw4,Standard,5.0,0.0
243,KJxhjWmPOlY,Standard,5.0,0.0
244,xXEQ0p6YHGg,Standard,8.0,8.0
245,Dq0xWuhhsLg,Standard,-1.0,0.0
246,cV6b5ix2lsE,Standard,7.0,8.0
247,HXKGu_Gb1ek,Standard,-1.0,0.0
248,7h2yP-LDHtY,Reaction,7.5,7.0
249,VwT1skoWYng,Standard,5.0,0.0
250,eTCtXnF5TjI,Standard,5.0,0.0
251,JMVz_VjWO_Q,Standard,5.0,0.0
252,QAMPt-oqtqs,Standard,5.0,0.0
253,NJz0qJs00zw,Standard,5.0,0.0
254,Afhwvw34JvY,Standard,5.0,0.0
255,oRjv5JD3yE0,Standard,-1.0,0.0
256,DnnjUpJUhs8,Standard,9.0,9.0
257,ZlHkIPp5FGQ,Standard,6.0,0.0
258,x0siOvTr-Hg,Standard,-1.0,6.0
259,gstY8zQpe2Y,Standard,-1.0,0.0
260,x8gSjkgdcrI,Standard,5.0,0.0
261,GfAMHD4Nq1k,Standard,-1.0,0.0
262,x4lVyDv5_Vo,Standard,6.0,8.0
263,vh8MpyGJ4R8,Standard,-1.0,0.0
264,NhbVtWYegXA,Standard,8.0,0.0
265,y5Ladf9DNzA,Standard,6.0,2.0
266,E_ljDTRC0KE,Standard,4.0,6.0
267,Ykd1huuKzL4,Standard,3.5,0.0
268,hs5i6ewoUfU,Standard,-1.0,0.0
269,Cv-V24irbbQ,Standard,-1.0,0.0
270,DTdudeRMnJ8,Standard,8.5,9.0
271,9H55gNHMfEE,Standard,5.0,0.0
272,be8UY7sg3wU,Standard,5.0,0.0
273,EK8Rg11L6bs,Standard,7.0,6.0
274,oNFgNJnxrdA,Standard,-1.0,0.0
275,tO_S-9ckh5M,Standard,7.5,8.5
276,-4-6mleId9E,Reaction,-1.0,0.0
277,y52VC_C2tWc,Standard,7.5,7.0
278,Ab9mNaVNxsA,Standard,5.0,0.0
279,HJpbU_ZQPNw,Standard,-1.0,0.0
280,WOtlSSscS5Q,Standard,-1.0,0.0
281,g6FtdMBR-e0,Standard,9.0,9.0
282,lKEIDe7DKgY,Standard,5.0,0.0
283,kUjbk2cSF58,Standard,5.0,0.0
284,vyl2yEBlAOQ,Standard,5.0,0.0
285,bTIy7_DI0vw,Standard,5.0,0.0
286,dKhXiqTHX8w,Standard,-1.0,0.0
287,-bWP6nIV79U,Standard,-1.0,0.0
288,0Qz-sRhfYZs,Standard,5.0,0.0
289,22BA8U9y--E,Standard,8.0,8.0
290,POVB2GVbPIs,Standard,-1.0,0.0
291,ZwFAeKOnKys,Standard,5.0,0.0
292,23Rhy7DO2EM,Standard,6.5,0.0
293,32vy7GoUfUw,Standard,5.0,0.0
294,r-lMd4YWf9E,Standard,6.5,0.0
295,cNbFEAf30gc,Standard,8.5,7.5
296,ROGu9QDVFNs,Reaction,-1.0,7.0
297,FQ9hKVURejU,Reaction,3.5,7.5
298,fg9mMm8aYO8,Reaction,8.0,8.0
299,wUS8ovZgSzE,Standard,5.0,0.0
300,EW62t2hLS3Y,Standard,5.0,0.0
301,aHvSgwWc_GA,Standard,-1.0,0.0
302,FhHgf_n59PI,Standard,3.5,7.0
303,OKB1Zjr2axk,Standard,5.0,0.0
304,7MuSCnbmFEE,Standard,-1.0,0.0
305,HDrP7Ktyg_o,Standard,5.0,0.0
306,EytXXXUs69M,Standard,7.5,1.0
307,euysQZXnGZU,Standard,8.0,8.0
308,VHnDcavKwqA,Standard,3.0,0.0
309,tiCZsbEe-hI,Standard,8.5,8.0
310,xay0Mih6kec,Standard,5.0,0.0
311,DElnsbtW_qY,Standard,-1.0,0.0
312,SD5shzu-izY,Standard,8.5,7.5
313,Gx6jKM9xtRs,Standard,-1.0,0.0
314,EMEKB8RlhpI,Standard,5.0,0.0
315,CaLbJUXipkc,Standard,5.0,0.0
316,ctGESSrOQJE,Standard,-1.0,0.0
317,sJe3BzyjeAU,Standard,5.0,0.0
318,fg-XMWb0SgM,Standard,5.0,0.0
319,HEtXEouikHc,Standard,5.0,0.0
320,QZcdnkLwbhw,Standard,4.0,0.0
321,cIr7DmgcgAQ,Standard,3.0,0.0
322,efyzdz6u7zk,Standard,5.0,0.0
323,RWmQxTXpOpg,Standard,5.0,0.0
324,yA5H2P4ln-I,Standard,6.5,6.0
325,fm1nUfn2Gb4,Standard,5.0,0.0
326,AwEEiHUX5DQ,Reaction,9.0,9.0
327,w3oIp7B5bgk,Standard,5.0,0.0
328,q9xN7EYCqtg,Standard,-1.0,0.0
329,hyG3F5OIEE0,Standard,5.0,0.0
330,tfE1j06YNUQ,Standard,-1.0,0.0
331,WYy8NdSUpyY,Reaction,8.0,8.0
332,KTVNYWvQxdA,Standard,-1.0,0.0
333,U-N_IxY0rYk,Standard,8.0,8.0
334,6MysNZGT3uc,Standard,7.0,0.0
335,JCPNoApNrSo,Standard,5.0,0.0
336,yBkRcgy6MVM,Reaction,7.5,7.5
337,BXFNy06UOeU,Standard,6.5,0.0
338,y3l1IXe2SUQ,Standard,-1.0,0.0
339,3gwkBafpcYE,Reaction,7.5,8.0
340,u9xvQhztlbg,Reaction,8.0,8.0
341,kScadBk8k78,Standard,5.0,0.0
342,8IBJx0HqR74,Reaction,-1.0,0.0
343,u-dBC8qPs_8,Standard,5.0,6.0
344,0-9HeWHyCVU,Reaction,8.5,8.0
345,lMRu8hcDynY,Standard,6.0,0.0
346,sz-fOFBf_Pc,Standard,9.0,9.0
347,rZRyGqyWlu4,Standard,8.5,7.5
348,ZP43p_m4hMc,Standard,4.0,6.0
349,aEDcovUL_rs,Reaction,6.5,0.0
350,WXeeYZ9wY1Y,Standard,-1.0,0.0
351,n4MNiLjY9hA,Standard,-1.0,0.0
352,WyTK0bxcBow,Standard,5.0,0.0
353,UQHh1HFtjYI,Reaction,8.0,9.0
354,SZtFAbzmxT0,Standard,7.5,7.0
355,Z8SnaYXAAkA,Standard,7.0,8.0
356,wChZncDqq8U,Standard,5.0,0.0
357,5I5yECP8nzc,Standard,5.0,0.0
358,wS9DGwKhLDM,Reaction,6.5,6.5
359,oBMfy8THabA,Standard,5.0,0.0
360,EDbfBQNgXhg,Reaction,-1.0,2.0
361,smMbc18I8bk,Standard,5.0,0.0
362,jx10KZ4SJqo,Reaction,8.5,8.0
363,0DDisu3CaTo,Standard,-1.0,0.0
364,p39LPNZy46w,Reaction,8.0,8.0
365,GMlQ_eh3WGA,Standard,7.5,4.5
366,jj3WyoeHiws,Reaction,8.5,8.0
367,Hwrd6sXifMQ,Reaction,8.0,8.5
368,UYZPME9P4t0,Standard,-1.0,0.0
369,1aUrG3mUgKo,Standard,5.0,0.0
370,qkVaaIpQz-c,Standard,-1.0,0.0
371,9Qt4r03KOVc,Reaction,-1.0,0.0
372,lbmVMZotp4Y,Standard,8.0,8.0
373,4dRuut-ZDig,Standard,7.0,8.0
374,sVeb89EkGiQ,Standard,6.5,4.0
375,1tFj4KE3OsA,Standard,8.5,8.0
376,cZ8SWnsCWw0,Standard,5.0,0.0
377,e1l4J5M1vBc,Standard,9.0,7.5
378,ZmelN7MYB_8,Standard,5.0,7.0
379,m_r7Hm7aU3Q,Standard,3.5,0.0
380,BwfnSvDYkV0,Standard,5.0,0.0
381,eh9Y41HPPNU,Standard,-1.0,2.0
382,H_e_ONIiAe8,Standard,3.5,0.0
383,sHRxDdoh7eo,Standard,8.5,8.5
384,GmcqKUY7o3w,Standard,-1.0,0.0
385,bSNDHe6Tr2A,Standard,7.0,8.0
386,rLOyt2A7JAg,Standard,5.0,0.0
387,VwK_8d6ZypE,Standard,1.5,7.5
388,Mp34Vb3ZNy8,Reaction,9.0,8.0
389,ihQ85j-scVg,Standard,9.0,8.5
390,2ivC6wIakqk,Standard,-1.0,0.0
391,zfp5ibFz78Y,Standard,9.0,8.0
392,h-CTL1PPXyE,Standard,8.5,7.5
393,R3WDjEAAkJY,Standard,7.0,8.0
394,i-1tKRHxhF0,Standard,5.0,0.0
395,8vuTB7jQSik,Standard,-1.0,0.0
396,7yYX8pTkheo,Standard,3.5,7.0
397,HvQWbl400oI,Standard,8.0,6.0
398,YUJjuLLUOPw,Standard,5.0,4.0
399,nUW8M7KcjXs,Reaction,7.0,6.0
400,2k--FD29TVI,Standard,-1.0,0.0
401,tTAShXbTQjk,Standard,-1.0,0.0
402,z7BCWqcMKa8,Reaction,6.0,4.0
403,4u84tsOvpa8,Standard,5.0,0.0
404,0X_a4pygSw4,Standard,5.0,0.0
405,JdTI_6TgEnY,Standard,-1.0,0.0
406,pOkNrvB63pc,Standard,4.0,0.0
407,wGb5OVzVAcE,Standard,5.0,0.0
408,_ezOaxW3DY8,Standard,5.0,0.0
409,QMHSZ6fWYIw,Standard,-1.0,0.0
410,n9vtI5f71rI,Standard,5.0,0.0
411,JtvXiMn-Tx4,Standard,5.0,0.0
412,U1ESXyGbDX8,Standard,3.5,7.0
413,hfqolArsTvY,Reaction,9.0,8.0
414,zpvCZP1prnc,Reaction,-1.0,0.0
415,qBHhFQpFh08,Standard,6.0,7.0
416,-n1YVLH5aTQ,Standard,-1.0,0.0
417,hG4ccPU4ytU,Standard,5.0,0.0
418,2AYUDI_eH5o,Standard,5.0,0.0
419,5bFYZK9Wi58,Standard,5.0,0.0
420,RlpuW0NFhBE,Reaction,5.0,0.0
421,VbIu4GVjfq4,Standard,5.0,0.0
422,Nxfm6CgXT20,Standard,3.5,0.0
423,Mql-dy6Ju8k,Standard,8.0,8.0
424,CDkW9lbEV6E,Standard,-1.0,0.0
425,inAZUbaFnuE,Standard,5.0,0.0
426,viUdbnRUdeo,Standard,9.0,8.5
427,2_ZRTkgEmVk,Standard,-1.0,0.0
428,E-RIqGck4ZM,Standard,7.5,6.0
429,DsvO7JXq52g,Standard,6.5,6.0
430,_YEUWBwBgJg,Standard,-1.0,0.0
431,f6oxESM7W4Q,Standard,5.0,0.0
432,L68Ceia6_As,Standard,5.0,0.0
433,rJnQyQqRwPc,Standard,-1.0,0.0
434,QXyRarB1wDg,Standard,2.0,0.0
435,QDGEGYo4s_Q,Standard,3.5,0.0
436,cLiNYKAZg60,Standard,3.5,8.0
437,pO3WHLmyTeY,Standard,6.5,4.0
438,bUGia5wcv88,Standard,-1.0,0.0
439,EplK1cEsaHE,Standard,-1.0,0.0
440,QpubQzHJDRo,Standard,9.0,10.0
441,HS9oHXqVv98,Standard,6.5,0.0
442,GzuwhVd2E-s,Standard,7.5,8.0
443,MOajVnMNRbM,Standard,8.5,9.0
444,FPM1ODeOmpc,Standard,-1.0,0.0
445,TaGIS2QHcqc,Standard,9.0,8.0
446,unQVubDsuiM,Standard,9.0,9.0
447,3p2j_fu3VdQ,Standard,5.0,0.0
448,M_ZEk3TC0xo,Standard,7.5,7.5
449,NHi_HjgBPq0,Standard,5.0,0.0
450,Gwj6M8nnMdo,Reaction,7.5,7.5
451,Oq8E9_JKhVQ,Standard,-1.0,0.0
452,w6gPBLJsfHM,Standard,5.0,0.0
453,05NOPK7aRCs,Standard,-1.0,0.0
454,ERZJvdiWUPk,Standard,6.5,0.0
455,kgqvFuqpVAA,Standard,7.5,9.0
456,qs8Zqo4Bp8w,Standard,8.5,9.0
457,JNtl1zpvcbg,Standard,6.0,6.5
458,DOxkr0toI4U,Standard,-1.0,0.0
459,bM5RctPMYLI,Standard,-1.0,0.0
460,koAFSsZt73c,Standard,9.0,9.0
461,FNKbVHDatFc,Standard,-1.0,0.0
462,6KvLyMjLb74,Standard,5.0,0.0
463,Pvc16Jm6iqU,Standard,5.0,0.0
464,sGX4VZHrrNI,Standard,5.0,0.0
465,AA6jNhwZK6Y,Standard,3.5,0.0
466,FYwE2fypBTs,Standard,-1.0,0.0
467,XXb_kd3jVnI,Reaction,7.0,8.5
468,rWPfaf9mneQ,Standard,7.0,8.0
469,t_KbH3rcn34,Standard,-1.0,0.0
470,yyDDypy8B1Y,Standard,8.0,6.0
471,cguBeXePqIA,Standard,6.5,0.0
472,MbJOQsK42iE,Standard,3.0,0.0
473,kG6Qz9WexX8,Standard,5.0,0.0
474,_0x8wnc7URg,Standard,7.0,4.0
475,-Ici0C-Ftt0,Standard,5.0,0.0
476,iAtgVDvZ3-A,Standard,-1.0,0.0
477,zYbhxgdD1Xs,Standard,8.0,8.0
478,QZ5OGTkeUOM,Standard,5.0,0.0
479,DdvGND5gdAQ,Standard,-1.0,0.0
480,pG3qAucmdoY,Standard,7.5,7.5
481,vcR7DkUrJ98,Standard,-1.0,0.0
482,z3aMk6Lm3J8,Standard,-1.0,0.0
483,OpU2a-iAmZY,Standard,5.0,0.0
484,kbJNz0K-KYs,Standard,5.0,0.0
485,gvXTLum8MCg,Reaction,7.0,4.0
486,tbG1GW9872w,Standard,5.0,0.0
487,2uTbVfmiVVk,Standard,7.5,6.5
488,23zfhcqtbjI,Reaction,8.5,7.5
489,FAoG-T7jIgM,Standard,1.5,7.5
490,pGHIF4k4IdU,Standard,1.5,0.0
491,2pwq2FZhsWM,Standard,9.0,9.0
492,z4NsfVe2RIQ,Reaction,6.5,4.0
493,PdM6rq104MQ,Standard,5.0,0.0
494,GqYQe6u1ZXw,Standard,5.0,0.0
495,h0zJNz_-6YM,Standard,-1.0,0.0
496,R5WrFVW4tmc,Standard,6.0,0.0
497,xV6lnjRtORg,Standard,5.0,0.0
498,Tu1fvQDecSg,Standard,7.5,7.0
499,ZAedL9IW8jI,Standard,3.5,6.0
500,nM4u_KkhIhM,Standard,7.5,0.0
501,xB2cEp8LdqQ,Standard,-1.0,0.0
502,d1jAkEYJonE,Reaction,-1.0,0.0
503,9_JCGuz73Aw,Standard,-1.0,0.0
504,e66a_DXxFOw,Standard,5.0,0.0
505,fnlV6QnVTKo,Standard,5.0,0.0
506,C4XrqM_696A,Standard,5.0,0.0
507,B2u_lWQ7mOE,Standard,5.0,0.0
508,r1dFWX6LsTc,Standard,-1.0,0.0
509,6uoDxRlLAJk,Standard,5.0,0.0
510,NqOozMzvZcU,Standard,-1.0,0.0
511,SFNWcqivrFs,Standard,5.0,0.0
512,MtJ9HimOiQE,Standard,8.5,9.0
513,9IEbOFXhPTc,Standard,3.5,0.0
514,6ZO2E3E3Ygk,Standard,-1.0,0.0
515,0Jj1XYhb_a4,Standard,-1.0,0.0
516,AnA3dQwDOIs,Standard,7.5,7.5
517,T_VDS6_hC-I,Standard,8.0,8.0
518,BlC3cp1NOqA,Standard,5.0,0.0
519,aTZaMD7aR-Y,Standard,6.5,8.5
520,mxEVBEnpM8E,Standard,8.5,8.0
521,Jy3mwKJMBZ4,Standard,6.0,7.0
522,NARTf7pyNic,Standard,9.0,7.5
523,KCLysw8Jyp4,Standard,5.0,0.0
524,CTIcShw63cE,Standard,3.5,0.0
525,Q-zzo1s41S4,Standard,-1.0,0.0
526,t-skgDIGmY0,Standard,5.0,0.0
527,HodvJPX8-SI,Reaction,-1.0,0.0
528,ALqS2GgqOA0,Standard,5.0,0.0
529,5OJM9CBPJkY,Standard,3.0,0.0
530,w-PWNscrhzg,Standard,-1.0,0.0
531,jurT4bOWY5I,Standard,5.0,0.0
532,4HPcpgjbBe4,Reaction,9.0,8.0
533,odghCn9KLyw,Standard,7.0,8.0
534,I-2z1a0BOkE,Reaction,1.5,0.0
535,kevxk8na05g,Standard,5.0,0.0
536,5Di5KTaaZQs,Standard,9.0,8.5
537,-c-oK6Ep0tw,Standard,-1.0,0.0
538,meFjAw1CXfU,Standard,5.0,0.0
539,lEWw_S7I27U,Standard,8.5,8.5
540,FYODZYsjjJ8,Standard,8.5,9.0
541,NFpmoYPAd5c,Standard,-1.0,0.0
542,Lhn368-alJE,Reaction,3.0,7.5
543,KqAAz9-O4E0,Standard,5.0,6.0
544,PlpUCcpHD2E,Reaction,-1.0,0.0
545,sz0xlVKKTrI,Standard,5.0,0.0
546,-qf-P4A3ER4,Standard,3.5,0.0
547,pQj1vTEtRWc,Standard,5.0,0.0
548,BAXES_QV8ZU,Reaction,1.5,0.0
549,XDadA_b44w4,Standard,7.5,7.0
550,H7KbGcePTh4,Standard,7.0,8.0
551,S1YDTN7giOo,Standard,5.0,0.0
552,YtXp8Ykvfyg,Standard,-1.0,0.0
553,gBUecUs5j14,Standard,6.5,0.0
554,5Ov6qZ5YDX0,Standard,-1.0,0.0
555,y4ARYgsfm1Q,Reaction,3.5,4.0
556,M2JfiSVNj0s,Standard,-1.0,2.0
557,iN3jW4ZBFr4,Standard,5.0,0.0
558,syhWJCkGR-0,Standard,-1.0,0.0
559,zh8sQSG5H6k,Standard,-1.0,0.0
560,QxvgIlzXJ8Q,Standard,5.0,0.0
561,fes-YumElvI,Reaction,2.5,7.5
562,_T9axTIB6B0,Standard,5.0,0.0
563,X1H2AGAS_jY,Standard,6.5,6.0
564,fkJfnzeW8J4,Standard,3.5,0.0
565,V2VE4fPkoMQ,Standard,6.5,0.0
566,clma0XBKAWU,Standard,5.0,8.0
567,hlMyRE5Ss7M,Standard,-1.0,0.0
568,GhyjQfLSeps,Standard,-1.0,0.0
569,S_jWY92rTmI,Standard,5.0,0.0
570,3c6gNOjMFds,Standard,7.5,6.5
571,FrOG3ysLT4s,Standard,-1.0,0.0
572,jKf_A4wFkL4,Standard,5.0,0.0
573,TG_SR9I7YGE,Reaction,-1.0,0.0
574,FX_VdDQo9y0,Standard,4.0,0.0
575,GNeRIfI3cJU,Standard,-1.0,0.0
576,GoUXpcEhkmE,Standard,-1.0,0.0
577,5FhGc-P_Vms,Standard,3.5,0.0
578,H1Gz5qLQMcI,Standard,7.5,7.5
579,xAmZGtWX734,Standard,-1.0,0.0
580,VwG8KpgMraE,Standard,8.0,0.0
581,e4PCZHoNhFY,Reaction,1.5,0.0
582,TCmaoZYC3As,Standard,7.5,8.0
583,4meO98Hf-78,Standard,1.5,0.0
584,TIUs-MfgSE0,Standard,-1.0,0.0
585,X60thdWsng8,Standard,8.0,8.5
586,ID2wQaRO690,Standard,6.0,0.0
587,dFt_hVQdxMI,Standard,-1.0,0.0
588,c9wcRfucsrg,Standard,-1.0,0.0
589,TtCHilm4yCg,Standard,-1.0,0.0
590,PZs64UVsYFA,Standard,8.5,9.0
591,MezoGvb-EBI,Standard,6.5,7.0
592,Kmff5X2jrlg,Standard,5.0,0.0
593,XVqZHY1FRuI,Standard,-1.0,0.0
594,R4Bj5k8biq8,Standard,8.5,7.5
595,RB8D33DfGYY,Reaction,7.0,2.0
596,e-9JHcUX080,Reaction,7.5,8.0
597,9Rtp0z66i9M,Standard,6.5,7.0
598,A5PErJsYxYI,Standard,5.0,0.0
599,7oKypIofD10,Standard,-1.0,0.0
600,2ujWYocyDYk,Standard,6.5,0.0
601,Kyj5fbicMxE,Reaction,-1.0,0.0
602,uCJu8Hxpr5I,Standard,7.5,7.5
603,btQwRHrsBVo,Standard,5.0,0.0
604,Hq8zNCViTtU,Standard,9.0,8.5
605,n_llwH53tns,Standard,6.5,0.0
606,4vMVsph2Wn0,Standard,5.0,0.0
607,fQZsLg0LdK0,Standard,5.0,0.0
608,afO-rZKImA4,Standard,-1.0,0.0
609,59rt7nnNUgE,Standard,5.0,0.0
610,weq5zdWDqsQ,Standard,8.5,7.5
611,RhNPtMRV6ms,Standard,5.0,0.0
612,l4Hhcywd5ow,Standard,-1.0,0.0
613,cgw052_ZFYU,Standard,8.5,7.5
614,AXNr3NQvWp0,Standard,5.0,0.0
615,HxqOAGeSuTg,Standard,9.0,8.5
616,ANxDC8m_5WE,Standard,-1.0,0.0
617,GVkugcDzcd4,Standard,3.5,7.5
618,466snXHjwr4,Standard,-1.0,0.0
619,OmbXsBUelXI,Standard,2.0,8.0
620,f95AhhWJW78,Standard,5.0,0.0
621,VGgnnFk3jjQ,Reaction,-1.0,6.0
622,NRsblieeaXA,Reaction,6.5,8.0
623,hQL-eeWCrkw,Reaction,7.0,6.0
624,WuCDld2ygdA,Standard,9.0,8.5
625,tqPA6ynqpNU,Standard,7.5,0.0
626,fqeshYMR-Hk,Standard,5.0,0.0
627,px5TgUZ8m-Y,Standard,-1.0,0.0
628,nr8cWHgNxII,Standard,-1.0,8.0
629,WNCdIXu-OBU,Standard,3.5,0.0
630,vl8YrLvloag,Standard,5.0,0.0
631,mjNt7M15fKM,Standard,8.5,8.0
632,rmo8Ay22-_s,Standard,7.5,8.5
633,G6V__m3AIUw,Standard,6.0,0.0
634,tgUbvm1aZIw,Standard,-1.0,0.0
635,gO3JwDM_YwY,Standard,-1.0,0.0
636,JLtsoUa4jJE,Standard,7.5,6.5
637,-UyOEOKMXnw,Standard,5.0,0.0
638,bvoHNrUapwQ,Standard,5.0,0.0
639,6pk3UE_Ttms,Reaction,5.0,0.0
640,UcvjvGXfISM,Reaction,8.0,8.0
641,pgWTAb4nU_Q,Standard,-1.0,0.0
642,fAnh3rVS6ks,Standard,-1.0,0.0
643,Y9L1rBbOo_Q,Standard,8.5,8.5
644,pSDIprPwzwc,Standard,5.0,0.0
645,b3VVTNXYtUQ,Standard,4.0,0.0
646,LZ6Ms_zp3Vo,Standard,3.5,0.0
647,h2g-aODBPtw,Standard,-1.0,0.0
648,QSrhlDSBjqQ,Standard,-1.0,0.0
649,fmHUBaj7SXc,Standard,6.0,0.0
650,JtoCcAr8nG8,Standard,5.0,0.0
651,cZBowsZl5XI,Standard,3.5,0.0
652,2UgqwQgcFdU,Standard,5.0,0.0
653,D2PExnmf_WA,Standard,5.0,0.0
654,ez7TyaPXreE,Standard,6.5,0.0
655,-aeInQsjPm8,Standard,7.0,7.0
656,uPMav0Hl-EQ,Standard,5.0,0.0
657,bROxZl16IPo,Standard,6.0,0.0
658,5mwNfTHI7us,Standard,6.5,7.5
659,mkLDUMiUFxk,Standard,8.0,8.5
660,XJS21oCs3NA,Standard,5.0,0.0
661,YouJzm0xcLw,Standard,5.0,0.0
662,P1ipqpEtimw,Standard,8.0,0.0
663,I6Eb6Wfa7wI,Reaction,1.0,0.0
664,_nZkGsRzaek,Standard,5.0,0.0
665,KwfGNy65OB8,Reaction,6.5,6.0
666,hWsVKyOD-HE,Standard,5.0,0.0
667,hwZQVM7Q4Os,Standard,5.0,0.0
668,HpFBlvSgLZE,Standard,-1.0,0.0
669,z37nf0UWdqM,Standard,2.0,7.5
670,u-CxidqSIgM,Standard,-1.0,0.0
671,PIXxpL_ZR-0,Standard,7.5,7.5
672,9jW-KwUTC78,Reaction,9.0,9.0
673,Docb6t1XF6k,Standard,5.0,0.0
674,-71Qo6g4SR8,Standard,-1.0,0.0
675,wG10UdA_6IM,Standard,3.5,6.0
676,rjAagXX5UQQ,Standard,-1.0,4.0
677,JPrLTAVN0YE,Standard,4.0,0.0
678,InCLSLGm6lQ,Standard,-1.0,0.0
679,m0_rZDZP06c,Standard,2.5,8.0
680,U4ABUB8Kst4,Standard,-1.0,0.0
681,JnjnytkB8jM,Standard,-1.0,0.0
682,S46oCQUprXg,Standard,8.0,8.0
683,SIIbEzmCgEc,Standard,6.5,2.0
684,aycJiZgMGDs,Standard,1.5,6.0
685,-QfiLtzKRwM,Standard,5.0,0.0
686,PDG5RHeKa14,Standard,5.0,0.0
687,fVxEOQH_094,Standard,5.0,0.0
688,yJyAsK5gRF0,Standard,5.0,10.0
689,3vDdllZorIY,Standard,5.0,0.0
690,UcXF_VpAb2s,Reaction,5.0,0.0
691,nsHE5A-WDvQ,Standard,7.5,9.0
692,gSGzQGcfZoo,Standard,9.0,9.0
693,SfT3r9ktzds,Standard,5.0,0.0
694,Gpf4IK90oEY,Reaction,9.5,9.0
695,DLgeF5SaZTY,Standard,6.5,0.0
696,7NRASNH40LI,Standard,-1.0,0.0
697,wLB2pScxcnY,Standard,5.0,0.0
698,vk7AGx0T5mA,Standard,6.5,7.0
699,Lqcp9rq-0dE,Standard,5.0,0.0
700,Fpc71PoUXfg,Standard,-1.0,10.0
701,L244ewTaSJI,Reaction,5.0,0.0
702,31y5pQeFjks,Standard,1.5,0.0
703,HHOdxvZZy6k,Standard,8.5,7.5
704,6kerv3t4joo,Standard,4.0,0.0
705,3W4DSNXz_LY,Standard,8.5,7.0
706,XqSQdgyfOAw,Standard,-1.0,0.0
707,AyMirtP5HPA,Standard,5.0,0.0
708,eRn2WDVdSJA,Standard,6.5,7.5
709,TGUaRrq_4kw,Standard,-1.0,0.0
710,0Q4d-YAx_1M,Standard,6.5,2.0
711,aFnG1MH4vU8,Standard,5.0,0.0
712,tUUehLtoxlQ,Standard,5.0,0.0
713,Mq3vgiWYPIg,Standard,-1.0,0.0
714,rg2tC7jxN_Y,Standard,-1.0,0.0
715,gjMdiCLamqs,Standard,8.0,8.0
716,PkO4Os9i9As,Standard,5.0,0.0
717,oaenogk5wCk,Standard,8.5,7.5
718,Ejmwph9TdyQ,Standard,-1.0,0.0
719,pRpzZTn6sgA,Standard,5.0,0.0
720,iebqwqUxXOY,Standard,5.0,0.0
721,6CgGVNJMCj0,Standard,5.0,0.0
722,1TIMM3BSF5Y,Standard,-1.0,0.0
723,lnkMjiqhTlE,Standard,-1.0,0.0
724,pkXgmn4QOpg,Standard,8.5,8.0
725,YbZW8M8hXvQ,Standard,-1.0,0.0
726,Kn4FW6Uyl4E,Standard,2.5,7.0
727,IzKtt4ubb_c,Standard,5.0,0.0
728,A0I5GOzo_W8,Reaction,5.0,10.0
729,fcuGmxjl99Q,Standard,6.0,9.0
730,HGUQSDKuLak,Standard,-1.0,0.0
731,iKG1j74220A,Standard,9.0,8.0
732,vFzIP3zK1Jo,Standard,5.0,0.0
733,3tVICPhawew,Standard,5.0,0.0
734,IN7io0DF-R4,Reaction,1.5,6.0
735,w0uODXsKexY,Standard,5.0,0.0
736,ZTQCOUWibdo,Standard,5.0,0.0
737,8-UVGyBHC7w,Standard,7.0,7.5
738,tIqjZRvlLzA,Standard,-1.0,0.0
739,DBN9ko5NaWA,Standard,2.0,7.5
740,zLKyOHfiNbQ,Standard,1.5,0.0
741,bzn58BZCz-Y,Standard,-1.0,0.0
742,99ulTnqjoHg,Standard,-1.0,0.0
743,LN9DchJofaY,Standard,4.0,0.0
744,1JWUJ0uKRjA,Standard,7.5,7.0
745,0JbQIvP_Ozo,Standard,9.0,8.0
746,jBALaqC82uo,Standard,5.0,0.0
747,VC21qzerlHk,Standard,8.0,7.0
748,GMX_oH1bAYQ,Standard,6.0,3.0
749,Yvhnj4NSKeE,Standard,-1.0,0.0
750,YT5vi8xWXxY,Standard,9.0,7.5
751,e8rV808RFcc,Standard,8.0,7.5
752,qr-Bu6Lv7BA,Standard,7.0,6.0
753,AzuwPMuhvrY,Standard,7.0,7.5
754,YfxX4dgnV20,Standard,-1.0,0.0
755,Uh92lj_5pvQ,Standard,5.0,0.0
756,ZCA2QMuT7m8,Standard,-1.0,0.0
757,CkaqXQTgUGY,Standard,3.5,5.0
758,Pvt6rH7NMzc,Standard,-1.0,0.0
759,ToyTbiGVwZ4,Standard,-1.0,0.0
760,fJUuoKi4bgQ,Reaction,-1.0,0.0
761,ZfxK2ldTtlY,Standard,5.0,0.0
762,bZ8zbImS4BI,Standard,8.5,2.0
763,c9JZ6zZ8AUg,Standard,5.0,0.0
764,zGTHOKn3pxs,Reaction,-1.0,4.0
765,ZPXSRWFwgKg,Standard,7.0,9.0
766,R4LIc9GmRjs,Standard,4.0,0.0
767,AR4wf0KRFOI,Reaction,-1.0,0.0
768,KzLyB_XHEPg,Standard,5.0,0.0
769,p1--Gel2ZjU,Standard,8.5,7.5
770,m5W4dd3da70,Standard,3.5,0.0
771,EHQ3E45IC0A,Standard,7.0,7.0
772,b64uKe2ijn8,Reaction,5.0,7.5
773,kTTO53ATCvI,Standard,-1.0,0.0
774,FR7Y2CqcsNM,Reaction,7.5,9.0
775,qh0misb7WEs,Standard,6.5,5.5
776,V8_DpocAEek,Standard,5.0,0.0
777,zloEeQ70c9Y,Standard,4.5,0.0
778,UigUCuGoWk4,Reaction,7.5,7.5
779,OYh21RgMcZU,Standard,9.0,9.0
780,abn0w2UuaeA,Standard,5.0,0.0
781,RSkWcg8kSSE,Standard,-1.0,0.0
782,6ixgtMXzq4s,Standard,6.0,6.0
783,MwN24PaNFBk,Standard,3.5,0.0
784,FY2_IMxRnZo,Standard,-1.0,0.0
785,H9s3Na8C-5o,Standard,7.5,7.0
786,OKpLOdgEM8g,Standard,-1.0,0.0
787,0tS3h7fFIlQ,Standard,6.0,2.0
788,67PrFuINw7s,Standard,-1.0,0.0
789,XVGnSVw39eg,Reaction,8.0,8.0
790,JBNYZdUf2qw,Standard,3.5,0.0
791,dqfhxi_zP68,Reaction,5.0,0.0
792,7a4eV049B0A,Standard,7.5,8.0
793,mzkaWuLvs1M,Standard,-1.0,0.0
794,SXw8Q4D_z9I,Standard,-1.0,0.0
795,xlrRcMtpuls,Standard,-1.0,0.0
796,J4TBMW34Pg4,Standard,-1.0,0.0
797,wPcPf1OloY0,Standard,8.5,8.5
798,RVzTDCQAaR4,Standard,-1.0,0.0
799,tIlsY9k_iLc,Reaction,6.0,6.0
800,NABPzi2i0KE,Standard,-1.0,0.0
801,oo_3bfwr51w,Standard,-1.0,0.0
802,sm1M706g_K8,Standard,7.0,8.0
803,B5QSHfBsxgM,Standard,9.0,9.0
804,RNhK4v4IxTs,Standard,-1.0,0.0
805,DkYsCdcJV0g,Standard,4.0,0.0
806,l0a_y4xYrAQ,Standard,9.0,9.0
807,DmYJ-e3FhzU,Standard,5.0,0.0
808,DAELnlXS4yE,Standard,5.0,0.0
809,d2HSOf1P4qk,Standard,-1.0,0.0
810,U1L_j4Nowuo,Standard,5.0,0.0
811,0atGVV2ju34,Standard,8.5,8.0
812,3bA2m-bn7XM,Reaction,7.0,7.5
813,h0KhNy44gUc,Standard,5.0,0.0
814,lwxGiATa39s,Standard,9.0,8.5
815,gRBQRIEbQiA,Standard,7.0,6.0
816,nz2ipjC9L9E,Standard,8.0,9.0
817,VNlJB4GynJ4,Standard,-1.0,0.0
818,Pf-wa3V_nPE,Reaction,-1.0,0.0
819,8pfXx6Hpdcs,Standard,9.0,9.0
820,09W1qdiBXXE,Standard,7.5,7.0
821,Q7lduMyUQe0,Standard,-1.0,0.0
822,Yce5ku58kNg,Standard,-1.0,0.0
823,FdgKDoLljk8,Standard,3.5,0.0
824,WCu-rX8JWQc,Standard,8.0,8.0
825,nrBqv61OSwo,Standard,7.5,7.5
826,_rH8tBkCq0I,Standard,-1.0,0.0
827,y2cJBWWfHBc,Standard,-1.0,0.0
828,cFk1XrGWFBU,Standard,-1.0,0.0
829,N7Zosrqy7eI,Standard,1.5,2.5
830,KQ3Y4zix-tA,Reaction,8.5,9.0
831,RJIJM8m3jFU,Reaction,-1.0,8.0
832,SGJUTM5XWcE,Standard,8.5,8.5
833,TtA_ESVwlTQ,Standard,5.0,0.0
834,-WDrlD4KUvk,Standard,5.0,0.0
835,PNhO6Bg3z6c,Standard,5.0,0.0
836,6Mi8Gp4DrXw,Standard,6.5,6.0
837,NF9pWcRv368,Standard,7.5,8.5
838,1905t9pCsUY,Standard,5.0,0.0
839,IxW_39yO_Ms,Standard,-1.0,0.0
840,fvefhQLqHb0,Standard,7.5,7.0
841,YM-ztHSH1QU,Standard,-1.0,4.0
842,ootGEi3eY5E,Standard,7.5,8.5
843,8od46s-Z5K4,Reaction,-1.0,8.0
844,chvEYpnlvhs,Standard,8.0,8.5
845,jpXuLkEFmGY,Reaction,7.0,7.0
846,azJ_2FHkUYg,Standard,7.0,7.5
847,i80xDiaztoY,Reaction,7.5,7.5
848,z4DRxghhMl0,Standard,5.0,0.0
849,0EhDLmW402Q,Standard,5.0,0.0
850,Z5mkk9SaWic,Standard,3.5,0.0
851,3Mx3LMRFoJc,Standard,9.0,8.0
852,jZVI0UxVpaw,Standard,5.0,0.0
853,6rFYrL-jWIQ,Standard,-1.0,0.0
854,VbbSJSHky2A,Standard,5.0,0.0
855,mk7qiF0oTyo,Reaction,5.0,0.0
856,x4xOm7Xyqs4,Reaction,8.0,9.0
857,gCefnMBDjY0,Standard,5.0,0.0
858,JFM4rfyMIIY,Standard,-1.0,0.0
859,HCD_EdjoQEQ,Standard,7.5,8.5
860,vHAsrODdlP0,Standard,-1.0,0.0
861,MPilwEaUT88,Standard,-1.0,0.0
862,cjleVp6TjG4,Standard,-1.0,0.0
863,z3Ytf45mUvA,Standard,8.5,7.5
864,uE6CWDBDnec,Standard,-1.0,0.0
865,iHu5aEb8Ykw,Standard,6.5,6.0
866,eW4m76u6CHU,Standard,5.0,0.0
867,XCh_3wNhwic,Standard,6.5,8.0
868,H0KJd2rYCFc,Standard,8.5,8.0
869,DwkP97ifYdE,Standard,3.5,0.0
870,_MTcL1vmicc,Standard,5.0,0.0
871,BICTi2qC0F8,Standard,-1.0,0.0
872,dGBeyLAsxeM,Standard,6.0,0.0
873,PsOvaU5cKu4,Standard,5.0,0.0
874,Cg17rBDsWK8,Standard,-1.0,0.0
875,-V8CBhOZCQk,Standard,5.0,0.0
876,AS-RAWDgmdg,Standard,5.0,0.0
877,vpx4EFngPWs,Standard,2.5,0.0
878,ngCOLA497PU,Standard,3.0,0.0
879,-NeXAt7MgG8,Standard,-1.0,0.0
880,tyFJHDoe43k,Reaction,6.0,0.0
881,Y7a4z9DeTGE,Standard,-1.0,0.0
882,mTMk4g0-loA,Reaction,-1.0,0.0
883,dxL-p-RGTMo,Standard,5.0,0.0
884,h4F3YQu6Vrg,Standard,3.0,2.0
885,urYJE9HwX10,Standard,8.5,7.5
886,nRFmjskjUFo,Standard,5.0,0.0
887,ZC81nIeuEuU,Standard,5.0,0.0
888,QLMZixB0vII,Reaction,-1.0,0.0
889,HmZELk4lExE,Standard,6.0,0.0
890,onXp7ub-EdE,Standard,5.0,0.0
891,vi-v28XHelQ,Standard,5.0,0.0
892,f-aQhRdaWkQ,Standard,8.5,9.0
893,G6NjghiK5QA,Reaction,5.0,0.0
894,imWZDQH1el8,Standard,4.5,0.0
895,zro6fT3Ih88,Standard,-1.0,0.0
896,3MK6lBcss8k,Standard,3.5,0.0
897,TXFM5o_cdDQ,Standard,5.0,0.0
898,tZq4Si6g0aA,Standard,7.0,7.5
899,XSuM3I5pDgY,Standard,5.0,6.0
900,BM8qIp_t4mI,Standard,5.0,0.0
901,cqXBk3WuFIg,Standard,6.5,0.0
902,aH6LdZBYyTc,Standard,5.0,6.0
903,N6DkjfngVHY,Standard,5.0,0.0
904,R2gQ0b7LxII,Standard,5.0,0.0
905,VMu5ujCXLEk,Standard,5.0,0.0
906,BpZZe-sk_zI,Reaction,5.0,0.0
907,luX8uwa7qk0,Standard,7.5,8.0
908,Lrdou_N69Hg,Standard,5.0,0.0
909,YcqJiRerIIQ,Standard,7.0,0.0
910,HKebSJQWdqk,Standard,-1.0,8.0
911,YC4QnFID7vo,Standard,9.0,8.5
912,usdr5hRt50I,Standard,5.0,0.0
913,klmQk-iICe4,Standard,5.0,0.0
914,xHCkgCrtrMo,Standard,-1.0,0.0
915,bpZgfBwV8C8,Standard,-1.0,0.0
916,FAvpvpZIeMo,Standard,5.0,0.0
917,4-bJfuvoOa8,Standard,-1.0,0.0
918,5Rhm72950aE,Standard,-1.0,0.0
919,g-Fa5nsF-yY,Standard,7.0,7.0
920,vj0CFeiXv60,Reaction,7.5,6.5
921,e2ssOO71t2g,Standard,-1.0,0.0
922,mUW77StcLQk,Reaction,8.0,7.5
923,6wLGqakY-fk,Standard,6.0,4.0
924,SJboToEWgGw,Standard,9.0,9.0
925,1C47i-OrZ_Y,Reaction,7.5,6.5
926,SqBLk7j_jhM,Standard,5.0,0.0
927,bla4OtRSN38,Standard,8.5,7.5
928,Zpxj6IiK_7s,Standard,5.0,0.0
929,kcTGG0Jy_G0,Standard,4.0,4.0
930,rZwpx_a5j10,Standard,8.5,9.0
931,pWS8JhuI1PU,Standard,5.0,0.0
932,joKraNbULV4,Standard,2.0,6.0
933,PLV88PBDSNk,Standard,-1.0,0.0
934,r3p07JPQo6E,Reaction,7.0,9.0
935,FsKUOpSbBlM,Standard,9.0,10.0
936,-KLqs5nSITA,Standard,-1.0,0.0
937,G2MGYRUK2dc,Standard,5.0,0.0
938,_Lrylq-w5dA,Standard,5.0,0.0
939,8Vg3lEVBfUI,Standard,8.5,7.5
940,RmO-tgmHBlA,Standard,5.0,0.0
941,vuy5cPZJjIs,Standard,5.0,0.0
942,qwT9U6eFxAQ,Standard,-1.0,8.0
943,dwCTxoASnI4,Standard,-1.0,0.0
944,h6Sms07gdRw,Standard,5.0,0.0
945,cQKUxRW8JzA,Standard,5.0,0.0
946,lkPUJORP7Kc,Standard,-1.0,0.0
947,GeD80lKxonM,Standard,5.0,0.0
948,Y3Ym1n2lr0w,Standard,9.5,9.0
949,RecjKX_NT8s,Standard,6.0,0.0
950,piCBe6nAdbM,Standard,5.0,0.0
951,Nkn9UCcUS0I,Standard,5.0,0.0
952,8EgW5N1DUnk,Standard,7.5,7.0
953,4Vh28sOHALA,Standard,5.0,0.0
954,LEuUdNc8JIo,Standard,7.0,8.0
955,ijUEUoZ5nJw,Standard,7.5,8.0
956,qIqodykqGDs,Standard,5.0,0.0
957,eC2KxRrivZE,Reaction,8.5,8.0
958,F9M5SNyfmTg,Standard,7.5,7.0
959,4qpB8q22Ihs,Standard,8.0,8.0
960,ebo8ZbNTF-U,Standard,8.5,8.5
961,vVSL4ogmhVg,Standard,-1.0,0.0
962,zVva4bBUUk8,Standard,5.0,0.0
963,NwlSndTiGfk,Standard,-1.0,0.0
964,XcgS4gePW1Y,Standard,3.5,0.0
965,JN4_LDpK_X0,Standard,8.0,8.0
966,crRzvfSafmA,Standard,5.0,0.0
967,kT7SqH_DdvI,Standard,5.0,0.0
968,1iiuQaqaL2M,Standard,-1.0,6.0
969,bGojQi3Xe64,Standard,8.5,7.5
970,dO5k9qvRKGw,Standard,5.0,0.0
971,tJ7U7QWQfd8,Standard,7.5,6.0
972,7fWg9K7QU98,Standard,7.5,8.0
973,wNkQ1SMLo9U,Standard,-1.0,0.0
974,ydOsOOoKOO8,Reaction,6.5,2.0
975,TKkr7ImZXPI,Standard,5.0,0.0
976,vvygWcshXRY,Standard,7.5,7.5
977,oXprTsVJ7kY,Standard,5.0,0.0
978,eqE13pzok3I,Standard,6.5,2.0
979,O64GglVm8ms,Standard,8.0,8.0
980,CuD__vrCaIk,Standard,5.0,0.0
981,uSd3KaU69l8,Standard,-1.0,0.0
982,vKe2rVu1Lso,Standard,3.5,0.0
983,z5COau2YwLU,Standard,8.5,7.5
984,TXq5yNcjkcs,Standard,5.0,0.0
985,of1_iafeGB4,Standard,-1.0,0.0
986,2Hhs6daVedI,Standard,-1.0,0.0
987,KH92x-s6Lcg,Standard,5.0,0.0
988,Q8DQg14t_Gk,Standard,5.0,0.0
989,egWNllnYhDE,Reaction,5.0,0.0
990,X1qbvoW8NqA,Reaction,7.5,7.0
991,tjw-B7WnksM,Standard,-1.0,0.0
992,FUXdWfzGq_c,Standard,6.5,7.5
993,yI5ZB9W1-fw,Reaction,8.5,8.0
994,fDBykBaXFkw,Standard,5.0,0.0
995,pvrKVihavrs,Standard,-1.0,0.0
996,Sss_HnJJRSg,Standard,7.5,7.5
997,9uDkgH5Qnuc,Standard,5.0,0.0
998,AR5gVxsfpSU,Reaction,8.5,7.5
999,e0WgXX8aCSQ,Standard,5.0,6.0
1000,7mRipqaLuqI,Standard,2.5,0.0
1001,LIrHuGUpKjE,Standard,7.5,8.0
1002,EDom2Cta9Yg,Reaction,9.5,9.5
1003,nxTkxMpq1oU,Standard,-1.0,0.0
1004,OO6SEYvhgkU,Standard,5.0,0.0
1005,FRSrN1GxzVE,Standard,7.0,6.0
1006,reWlp9Dm9yA,Standard,5.0,0.0
1007,ekjOrDOprng,Reaction,3.0,7.0
1008,GyFH1hT0op8,Standard,4.0,0.0
1009,EqQdBdkkksI,Standard,5.0,0.0
1010,YBx39XsLU4w,Reaction,-1.0,0.0
1011,fqFXD8PrFKU,Standard,5.0,0.0
1012,ses4U2pb2l4,Standard,4.0,0.0
1013,GEv6T3SNbtI,Standard,5.0,0.0
1014,sFQTsan6IFc,Standard,5.0,0.0
1015,XVaC7Mubs0Y,Reaction,-1.0,0.0
1016,ExdJy21ss-Y,Standard,5.0,6.0
1017,bqdhL9Az-4s,Standard,-1.0,0.0
1018,X_TAZdV66TE,Standard,5.0,0.0
1019,gsJXF-xwRbw,Standard,-1.0,0.0
1020,mTFc49sDLeM,Reaction,-1.0,0.0
1021,sBRKF4Qyqzo,Standard,7.0,8.0
1022,sP6PhEdPOxs,Standard,5.0,0.0
1023,VVvO6pl8XUM,Standard,-1.0,0.0
1024,zTmsrpGtfSE,Standard,4.0,0.0
1025,Ti-I58P8atk,Standard,8.0,8.5
1026,cNAqrJyvq38,Standard,-1.0,0.0
1027,2_H3e1RoRPg,Standard,5.0,0.0
1028,BGnAJGXFydY,Standard,7.0,0.0
1029,cBhiodAYsxo,Standard,7.5,8.5
1030,PqN89DnI-4c,Standard,3.0,0.0
1031,DFQ31MeRcEM,Standard,5.0,0.0
1032,ZL-BMFEogLs,Standard,9.0,9.0
1033,-isUHk3cu18,Reaction,5.0,0.0
1034,7wgpcU2hyBg,Standard,-1.0,0.0
1035,r-yx-C5JfUg,Standard,5.0,0.0
1036,WAfIJ7e470Q,Standard,6.5,0.0
1037,ouajsqYMfk8,Standard,5.0,0.0
1038,vnHpx_F_7b8,Standard,-1.0,0.0
1039,yPhOdhCQVHU,Standard,5.0,0.0
1040,zgQbsddrx3Q,Reaction,8.0,8.0
1041,bxnu5Z42ydI,Standard,-1.0,0.0
1042,lZfmuwxlbBw,Standard,5.0,0.0
1043,B71c5T3JWyk,Standard,-1.0,0.0
1044,To_RuoZsTVc,Standard,-1.0,0.0
1045,yj8BXhayQuQ,Standard,5.0,0.0
1046,6eA4xSaYSos,Standard,-1.0,0.0
1047,Xn0ZUhRL-NM,Standard,7.5,8.0
1048,5ANVDF8v6T8,Standard,7.0,0.0
1049,hdsVlTAGDD8,Standard,5.0,0.0
1050,37lm_uLfnWQ,Standard,9.0,8.0
1051,MsuKQwaBv9w,Standard,-1.0,0.0
1052,caPcqfuwKa8,Standard,-1.0,0.0
1053,aK5Pbp4QO3I,Standard,-1.0,0.0
1054,o6WuRvmYL4g,Standard,5.0,0.0
1055,xlGTTlbgTGA,Standard,5.0,0.0
1056,utbc9yHfPCk,Standard,8.5,7.5
1057,tJHvPLIWFb4,Standard,5.0,0.0
1058,lF9jPfrHV9Q,Standard,5.0,0.0
1059,X9EWD2TQMxQ,Reaction,8.5,7.5
1060,YJlevNuGxTE,Standard,-1.0,0.0
1061,CyQmD3VVV5Q,Reaction,-1.0,8.0
1062,ugOyfdoQk1Q,Reaction,7.5,8.5
1063,L0HBiUjD8Ok,Standard,4.0,0.0
1064,VUZ1ifUPh0M,Standard,6.0,0.0
1065,zODR-EC3V2s,Standard,-1.0,0.0
1066,hKGNM-yB3E4,Reaction,3.5,2.0
1067,vkYAPsSy9NA,Standard,-1.0,0.0
1068,Wz3EllGDkjY,Standard,5.0,0.0
1069,vleLIIdMCyk,Standard,-1.0,0.0
1070,q6h8jtNz1EI,Standard,7.5,7.5
1071,6ciea9l8KY8,Standard,-1.0,0.0
1072,9S2DysPHsK4,Standard,-1.0,0.0
1073,u162fimnGbU,Standard,7.5,7.0
1074,7pcH5hdGVEk,Reaction,7.5,8.0
1075,EVxIkJxPdz8,Standard,-1.0,0.0
1076,WQbP51YsvjQ,Standard,5.0,0.0
1077,3H-0_Vv8RNA,Standard,5.0,0.0
1078,4c_eBct5I7I,Standard,8.0,8.0
1079,soVJyCEM4Ic,Standard,5.0,0.0
1080,IeRob72dG_0,Standard,5.0,2.0
1081,1jw586Jepkc,Standard,5.0,0.0
1082,GD77aWSkrJ0,Standard,5.0,0.0
1083,L8XDlzctbbY,Standard,-1.0,0.0
1084,kvNNJeQJZHQ,Reaction,7.5,7.5
1085,8NQaMGBLCec,Reaction,-1.0,0.0
1086,k2qNeaw5EyE,Standard,-1.0,0.0
1087,ev-s_6USDUo,Standard,8.5,7.5
1088,m7yf2nEPRuw,Standard,-1.0,0.0
1089,iMPaRnc4zyE,Standard,5.0,0.0
1090,9USYlzzVHbA,Standard,5.0,0.0
1091,GKDGFffmnUA,Standard,9.0,8.0
1092,YO08l26zeE8,Standard,6.0,2.0
1093,_lutrnFdTuo,Standard,5.0,0.0
1094,zmw6Hj2kXIQ,Standard,8.5,9.0
1095,pOc_aj5KJxA,Standard,8.0,8.0
1096,4zTrK95Ar_w,Standard,5.0,0.0
1097,itfZkA4uCjk,Standard,-1.0,0.0
1098,WAjl0SzUUU4,Standard,8.5,8.0
1099,uZv9gpon3S8,Standard,-1.0,0.0
1100,dUbAP6XTQKk,Standard,9.0,9.0
1101,1KbMmOEql0s,Standard,5.0,0.0
1102,-gl4RtDD8iY,Standard,5.0,0.0
1103,LBIi2VGDSfI,Standard,5.0,0.0
1104,92x3YL7ifUA,Standard,5.0,0.0
1105,KNCo_ivUCTA,Reaction,-1.0,0.0
1106,kAf3YCtJRtU,Standard,-1.0,0.0
1107,K1LLVw2saek,Standard,9.5,10.0
1108,zF4BmLhXt9M,Standard,8.5,8.0
1109,WYMeW5NH7I8,Standard,-1.0,8.0
1110,u68Qb8aIYkY,Standard,5.0,2.0
1111,ib15XPm7QvQ,Standard,3.5,0.0
1112,7jv6rJ69qbw,Standard,5.0,0.0
1113,oPZcRFznWr4,Standard,-1.0,0.0
1114,FOjy1x-_3ys,Standard,9.0,9.0
1115,MrC2I_9Wp8A,Standard,-1.0,0.0
1116,k8wdcPrY16o,Standard,9.0,9.0
1117,MKpj6ZAi16Q,Reaction,-1.0,8.0
1118,1FgfHu3Rhcs,Standard,-1.0,0.0
1119,h8ZaA76lbRI,Standard,2.5,0.0
1120,qdwnQPttJSc,Standard,-1.0,0.0
1121,8cEMdvEWWoY,Standard,-1.0,0.0
1122,utVaM5W24lc,Standard,-1.0,0.0
1123,6qKkSqe9bls,Standard,7.0,0.0
1124,jspiPLoHqac,Standard,-1.0,0.0
1125,7HX8fAPUhwM,Standard,8.0,8.0
1126,-qruqUlK8Gc,Standard,8.0,6.5
1127,HND_g5h4u8A,Reaction,-1.0,0.0
1128,QMwFhK-RqOM,Standard,-1.0,0.0
1129,mLE1bRUsdYA,Standard,9.0,8.0
1130,F2WfEaa2iRI,Reaction,8.5,8.5
1131,V1qAk8XYxuY,Standard,5.0,0.0
1132,eQNr0t8f_YE,Standard,8.0,7.0
1133,4qt-oQXsZbU,Standard,-1.0,0.0
1134,WVLYh99-99E,Standard,5.0,0.0
1135,d2LN2BhzEdw,Standard,8.5,8.0
1136,2NC0wENTLsA,Standard,6.0,7.5
1137,lb94mXivEu0,Standard,7.0,7.5
1138,NQUy5aJGiJY,Standard,8.5,7.0
1139,9JBKgyhGqZ0,Standard,3.5,0.0
1140,e8IXcEvTWFE,Standard,5.0,0.0
1141,baHP3dg1CYs,Standard,7.5,7.5
1142,7Zv1bjnFS3A,Standard,-1.0,0.0
1143,dZOn9tObaZ8,Standard,8.5,7.5
1144,0Bpv5sBUbcI,Standard,9.0,8.5
1145,upJRw9lTMNc,Reaction,8.0,7.0
1146,WQAoGo0ePUA,Standard,-1.0,0.0
1147,dPR2819MlMM,Standard,5.0,0.0
1148,dBKgj22cUbY,Standard,8.0,8.0
1149,5u_7O39k2mA,Standard,3.5,4.0
1150,CT0z_AFcerQ,Standard,-1.0,0.0
1151,f6DTa-JLvKM,Standard,8.5,9.0
1152,--I8kHFctX0,Standard,1.5,0.0
1153,XJ2H1OE54D4,Standard,3.5,0.0
1154,R7NoUSwinOQ,Standard,-1.0,0.0
1155,hf12qquZyzg,Standard,7.5,7.0
1156,YQU-qvz6PmM,Standard,-1.0,0.0
1157,L1OSOtt18G0,Standard,3.5,0.0
1158,HmzbYYTwEa8,Standard,7.0,7.5
1159,9bQ4RL6JAso,Standard,3.5,0.0
1160,GH31JZFfpss,Standard,8.5,7.5
1161,Tpiu07a6cyU,Standard,7.5,8.0
1162,FC9AjH5hre0,Standard,5.0,0.0
1163,_dG5wMhuB78,Standard,-1.0,0.0
1164,0cSMCbszi1c,Reaction,-1.0,0.0
1165,HLtx5S1hLoI,Standard,5.0,0.0
1166,n94-h4uQxgQ,Standard,8.5,7.5
1167,aLeX7ef6SXo,Standard,-1.0,0.0
1168,fO2syDbjIh0,Reaction,5.0,0.0
1169,uutloHI51Fo,Standard,5.0,0.0
1170,9cjbWYOA69A,Standard,6.5,6.0
1171,_u85jr1UOdk,Standard,-1.0,0.0
1172,lUs-HfSjd0Y,Reaction,6.5,0.0
1173,3KNI4IgMtFg,Reaction,7.0,7.0
1174,h9IhwiDOTMU,Standard,5.0,0.0
1175,OlrihZZRUBU,Reaction,7.5,8.0
1176,hW4dNs7Er5E,Standard,5.0,0.0
1177,lwX32D-i2jk,Standard,9.5,9.0
1178,5viYPUb96eY,Standard,8.0,8.0
1179,YPLpmVbDnYQ,Standard,-1.0,0.0
1180,U-mw2KvsrQI,Standard,-1.0,0.0
1181,JvyU6yfouKY,Standard,-1.0,0.0
1182,2Ch86L6g7WY,Standard,8.0,10.0
1183,PBi1_Za_dCg,Standard,8.5,9.0
1184,i3hJfUrwyCk,Standard,8.5,7.5
1185,UvHK-5PfZFo,Standard,-1.0,0.0
1186,_p9AyHJTzuw,Standard,8.5,7.5
1187,uG5ymoRfaX4,Reaction,8.5,9.0
1188,Bunl1iOsx2k,Reaction,8.5,8.0
1189,mcRUM48CJds,Standard,7.0,0.0
1190,hVL6j55pp-4,Standard,-1.0,0.0
1191,ioLfSJCreT0,Standard,5.0,0.0
1192,B7ipMZSnhzY,Standard,-1.0,0.0
1193,J6jfKXTBLg0,Standard,-1.0,0.0
1194,lkfYIViHjjU,Standard,5.0,0.0
1195,V1tb4lyi3-4,Standard,3.5,0.0
1196,LbfWn-zZEr8,Reaction,7.5,8.0
1197,tcXAZ3xnuqU,Standard,7.5,9.0
1198,O1l_AHa0w1w,Reaction,-1.0,0.0
1199,dSiTnOqK814,Standard,-1.0,0.0
1200,_tRiLD5wB4w,Standard,5.0,0.0
1201,0SaZe8V7aeE,Standard,7.5,6.5
1202,0LwpX5f0tP8,Reaction,8.5,9.0
1203,llK4M1BWNfQ,Standard,2.0,7.5
1204,pSRBC3UhhUY,Standard,5.0,0.0
1205,OiOQf73rtYE,Standard,5.0,0.0
1206,nhn_0-Eup8o,Standard,7.0,7.0
1207,0CZ1oZRL3w8,Standard,-1.0,0.0
1208,pWtmBuUXjhQ,Standard,5.0,0.0
1209,-QDZZNmOdBw,Standard,-1.0,0.0
1210,9yenMPc_nE8,Standard,5.0,0.0
1211,dGW7hORWTxo,Standard,7.0,8.0
1212,vLbUSWTJQNo,Standard,5.0,0.0
1213,Dkznei199iY,Standard,5.0,0.0
1214,9z9KI4jVVrw,Standard,-1.0,0.0
1215,HfK5g6fAf5E,Standard,6.0,0.0
1216,pPQkVCggxRY,Standard,5.0,0.0
1217,8t4vnX32sLU,Standard,7.5,8.0
1218,FVqhbViTZxI,Standard,-1.0,0.0
1219,nKH1Z96jPR4,Reaction,3.5,0.0
1220,fTktSMg2ga8,Standard,5.0,0.0
1221,TQoUugIsd00,Standard,7.0,2.0
1222,RnyCbTXDxSw,Standard,3.5,0.0
1223,-JM00yOYmsU,Standard,5.0,0.0
1224,lV-kkT_GND4,Standard,5.0,0.0
1225,shhZd_MET70,Standard,5.0,0.0
1226,SFYMNns_2zg,Standard,5.0,0.0
1227,pcafjQNYe0o,Standard,5.0,0.0
1228,oHeh0l1uv4s,Reaction,-1.0,0.0
1229,dcXcMiad0IY,Standard,5.0,0.0
1230,QIFXLfegzkI,Standard,5.0,0.0
1231,Uj9Ur7vqR8E,Standard,5.0,0.0
1232,uBN_pWdvqcE,Standard,-1.0,0.0
1233,vTTZUk67DXI,Standard,7.5,7.5
1234,ZgKSN6jJuN0,Standard,5.0,0.0
1235,t7SodprG9tw,Standard,-1.0,0.0
1236,uy-F3BIcSxw,Reaction,8.5,7.0
1237,ETPwpVoiAVU,Standard,5.0,0.0
1238,4QJXuLAWse0,Standard,6.5,0.0
1239,EuWPeqva2N4,Standard,8.0,7.0
1240,XxhXw43OKCw,Standard,5.0,0.0
1241,T1KYZRMA4Aw,Standard,5.0,0.0
1242,RjOYmToeu_U,Standard,-1.0,4.0
1243,6lz3t9luOVs,Standard,3.5,0.0
1244,C6xCtuEcPUA,Standard,5.0,0.0
1245,V4mmNN8zTB0,Standard,-1.0,0.0
1246,aNk1gS_uZfk,Standard,-1.0,0.0
1247,J8jqBbO6OU8,Standard,-1.0,0.0
1248,CvRX8qZ5l_Q,Standard,3.5,6.0
1249,ewYs0lP5TkQ,Standard,5.0,0.0
1250,EQvTNC3XLtc,Standard,3.5,0.0
1251,t9EJcTZQzVA,Reaction,-1.0,0.0
1252,A4JGGPOoOFw,Standard,5.0,0.0
1253,GEsN1g2cLJU,Standard,7.0,8.0
1254,88L_fRL_LjU,Standard,5.0,0.0
1255,jb3hucIh-gY,Standard,7.5,7.0
1256,DjCfqNW6EQs,Standard,-1.0,0.0
1257,MmhlEHXSvnw,Standard,6.5,0.0
1258,P5vvMZskfoU,Standard,5.0,0.0
1259,KNRrg7D-Uf4,Standard,8.5,8.5
1260,uLghF7urr_E,Reaction,-1.0,0.0
1261,k11xH_a4Ado,Standard,8.5,8.0
1262,ayHsZ4olneE,Standard,7.5,7.5
1263,_Bw0Ykv__iM,Standard,5.0,0.0
1264,AoTPWqhcnFk,Standard,9.0,8.5
1265,ab3w-xXB8Ac,Standard,-1.0,0.0
1266,dN5iVXSa3tU,Standard,-1.0,0.0
1267,2_dlPnOH7EM,Standard,5.0,0.0
1268,D8vC6tLESoY,Standard,5.0,0.0
1269,RuLtW1wbVyQ,Standard,8.5,8.5
1270,N0muOXytlJw,Standard,6.5,2.0
1271,q9IZkDk6N0M,Standard,5.0,0.0
1272,TAgRBL-VF5U,Reaction,7.5,8.5
1273,rgyxJGnYq1o,Reaction,8.5,8.0
1274,4vNuHMiJZp0,Standard,5.0,0.0
1275,HQfLNcU-MJ4,Standard,5.0,0.0
1276,w6IB4_7iZOA,Standard,7.5,7.5
1277,MI5jmGpomEk,Standard,5.0,0.0
1278,vswUuYkK-AU,Standard,-1.0,0.0
1279,OKG4MJiA_5Y,Standard,5.0,0.0
1280,Sw8H_lS90z0,Standard,-1.0,0.0
1281,yciuri7FALk,Standard,-1.0,0.0
1282,GaNBnPlKFmA,Standard,-1.0,0.0
1283,8zbQf_ugd7o,Standard,5.0,0.0
1284,4fWc2C515YA,Reaction,8.5,8.0
1285,Gzlkq359sj8,Standard,5.0,0.0
1286,p-eRtLirnfo,Standard,8.5,8.0
1287,E8V40qMuGsU,Standard,5.0,0.0
1288,lp9wRZSyoHI,Standard,3.5,0.0
1289,Qa7uXCz61yM,Reaction,7.0,7.0
1290,RNCiyMo7RTE,Standard,5.0,0.0
1291,8K1qMc8zPpY,Standard,5.0,0.0
1292,Z2zDJsVtVQs,Standard,5.0,0.0
1293,i18S9MjY7Hc,Standard,5.0,0.0
1294,mxj6yu0YPFE,Standard,-1.0,0.0
1295,kvJLs_mId8Y,Reaction,4.0,2.0
1296,bFeMhpb8dA0,Standard,-1.0,0.0
1297,r4qwZTow1iY,Standard,5.0,0.0
1298,j9fbYrfUejo,Standard,8.0,10.0
1299,YZWc5N-pLK8,Standard,-1.0,6.0
1300,hUpde6GgRwk,Standard,-1.0,0.0
1301,4Z9_QmZfb80,Standard,-1.0,0.0
1302,DtQ59rRANcY,Reaction,7.0,8.5
1303,jnpy0ECFAaA,Standard,8.5,8.5
1304,WIvYk6gCP6Q,Standard,7.5,7.5
1305,M2ePD9vAD7w,Standard,-1.0,0.0
1306,4mekw4U1vDI,Standard,7.5,7.0
1307,huQDpyVTrRk,Standard,7.5,0.0
1308,mZAlXgiF8Co,Standard,-1.0,0.0
1309,VGIaLvvUn2Q,Standard,7.0,8.0
1310,cBcLRJaV9zs,Standard,-1.0,0.0
1311,TsRwv_-2MO0,Reaction,8.5,8.0
1312,VyTce24F1Yc,Standard,5.0,0.0
1313,UXTxQmOW1j4,Standard,-1.0,0.0
1314,rtsD5woBhdE,Standard,-1.0,0.0
1315,O6aaGaNcVpY,Standard,5.0,0.0
1316,zYPHmkVcV3A,Standard,9.0,9.0
1317,1mv8GVl937s,Standard,3.5,0.0
1318,WlYAcaJGOxk,Standard,5.0,0.0
1319,EY4fLD9G0Gk,Standard,-1.0,0.0
1320,tXi6Ad--c-M,Standard,5.0,0.0
1321,N_UQ4nbWx4U,Standard,-1.0,0.0
1322,JgcPQWHLekc,Standard,5.0,0.0
1323,PuSDi_EcqaY,Reaction,6.5,0.0
1324,r3yvnptAhuk,Standard,-1.0,0.0
1325,TeQPyAliOLA,Standard,5.0,0.0
1326,2nBL2P2iD1I,Standard,5.0,0.0
1327,HpOxW_o67kM,Reaction,1.5,4.0
1328,CzTaL74U9mY,Standard,9.0,9.0
1329,KKF5tGpMN2s,Standard,-1.0,0.0
1330,WY8MXiHbIAk,Standard,3.5,0.0
1331,2YgYVg9yL0Y,Standard,6.5,4.0
1332,IOuwRM59QG4,Standard,5.0,0.0
1333,vf8mJk2tXhU,Standard,5.0,0.0
1334,eCy_eEm8jgA,Standard,-1.0,0.0
1335,AeM-qkDqKhU,Standard,5.0,0.0
1336,6ze_3i39PO4,Standard,-1.0,0.0
1337,M7z30zVcH_Y,Standard,7.5,7.5
1338,yXEFnvtWACg,Standard,-1.0,0.0
1339,lzV_TGrYRso,Reaction,7.5,0.0
1340,SbFrOAUP2Qo,Standard,5.0,0.0
1341,57f0jHvW5Tk,Standard,7.5,8.5
1342,WqLcX8_knH8,Standard,8.0,4.0
1343,xTi5_LeZ2vw,Standard,-1.0,0.0
1344,3DOCN9VKMc0,Standard,9.0,9.0
1345,HGz2NS6aFHk,Standard,-1.0,0.0
1346,sy9FTH6WxBw,Standard,-1.0,0.0
1347,Tba2MZDoPTQ,Standard,9.0,9.0
1348,QqO9u7Dnwcs,Standard,-1.0,0.0
1349,rRVuRkDmTz4,Standard,6.0,0.0
1350,nxZNlivWBKw,Standard,3.5,0.0
1351,CAz3Y-a6jME,Standard,7.5,7.5
1352,JcrtCo-US1c,Standard,8.5,8.0
1353,vg1YvbTs79M,Standard,5.0,0.0
1354,UtsvTB5VNEI,Standard,5.0,0.0
1355,CCYLfzYqYpQ,Standard,5.0,0.0
1356,qyfnu0XfM-0,Standard,5.0,0.0
1357,rebSSy_SgA8,Standard,5.0,0.0
1358,KMVZOQZ6HXw,Standard,5.0,0.0
1359,3j9NPr1G3sA,Standard,-1.0,0.0
1360,tgmRBPlJNiU,Standard,5.0,0.0
1361,wkaOz8OO9po,Standard,6.0,6.0
1362,CmhxUw-r6gM,Standard,-1.0,0.0
1363,d9bGqNQAMWA,Standard,8.5,8.5
1364,22QyVow-hH0,Standard,-1.0,0.0
1365,UcUTnwqJsSk,Standard,6.5,0.0
1366,_u6-5gHnzac,Standard,6.0,0.0
1367,tSBlWdfYpOo,Standard,5.0,0.0
1368,PGJ2jKU-YdU,Standard,-1.0,0.0
1369,RwaQSLxSh28,Standard,-1.0,0.0
1370,R0L6iCLlluc,Standard,8.5,7.5
1371,hKlhkGW98is,Reaction,6.5,7.5
1372,MALFwZ_FMis,Standard,5.0,0.0
1373,h1G2VbhudLA,Standard,-1.0,0.0
1374,eI3S4oyHI7M,Standard,-1.0,0.0
1375,XFnljCrJSCM,Standard,8.0,8.0
1376,rVj0Cg3W2Xc,Standard,5.0,8.0
1377,oatEayKCDso,Standard,-1.0,0.0
1378,pcBexnKNpd4,Reaction,5.0,0.0
1379,O3YQFSnRDIQ,Standard,-1.0,0.0
1380,7ytUs14wFWI,Standard,3.5,7.0
1381,VN4cB_-6xMI,Standard,8.5,7.5
1382,4ghzzYuMs34,Standard,-1.0,0.0
1383,nv1Wsl90I3c,Standard,-1.0,0.0
1384,5BNxHRBzlsU,Standard,9.0,8.0
1385,FGkBTLqXeBI,Standard,5.0,0.0
1386,pgyUNEl91KI,Standard,3.5,0.0
1387,uigxcjvgCXg,Standard,-1.0,0.0
1388,VKQZD3DQu0g,Reaction,8.5,8.0
1389,e7PxLLf_0XQ,Standard,3.5,0.0
1390,szfHndI4_Ps,Standard,-1.0,0.0
1391,SyDytyaUg4s,Standard,9.5,9.0
1392,RnO8fKrET1Q,Standard,5.0,0.0
1393,ZSHU0qwcTeQ,Standard,5.0,0.0
1394,Eh1iRklfsEE,Standard,8.5,9.5
1395,rYbW2awnrwc,Standard,5.0,0.0
1396,NqUbSa_DQ-Q,Standard,8.5,7.5
1397,olJ1VEiYz-w,Standard,8.5,9.0
1398,FlU7fYo0i5Y,Reaction,8.0,6.0
1399,-jgP7666fNM,Standard,5.0,0.0
1400,KIxIUX3o8Zc,Standard,-1.0,0.0
1401,zGUr86YD2hc,Reaction,8.5,6.5
1402,EZSPhqfYVns,Standard,5.0,0.0
1403,dUVeZzj9p3Q,Standard,9.0,8.0
1404,YVWDBugPUu8,Standard,7.0,7.0
1405,vBoid5ygeQY,Standard,6.5,0.0
1406,uQbIUPZ8DPI,Standard,5.0,0.0
1407,cE3aM8hcW0E,Standard,7.5,8.5
1408,qZYlJsOCeSE,Standard,5.0,8.0
1409,sFAC5OmVgPY,Standard,3.5,8.5
1410,9lHreZmhtew,Standard,8.0,8.0
1411,o2uZSKs67f0,Reaction,8.0,8.0
1412,qWcYEPzOjFE,Standard,-1.0,0.0
1413,He1cG5XgacE,Standard,-1.0,5.0
1414,i2SqWWq5Br8,Standard,9.0,8.5
1415,z5_TJc7okDQ,Reaction,3.0,6.0
1416,wWUV4OYSOKo,Standard,-1.0,0.0
1417,RevY166CtHM,Standard,3.5,0.0
1418,BitWw5lJzjg,Standard,-1.0,0.0
1419,p6vjUl1-9us,Standard,5.0,0.0
1420,qGYHHzEupdQ,Standard,8.5,8.5
1421,5hYt3FG3VG8,Standard,9.0,8.5
1422,RHUenBjy3B0,Standard,6.5,8.0
1423,R0Bo8epn4n8,Standard,5.0,0.0
1424,zxHIMazRWRY,Standard,3.5,0.0
1425,NWVRuf8eXB0,Standard,-1.0,0.0
1426,PhTT6h2GAE4,Standard,5.0,0.0
1427,GuEZ5XzE0Rs,Standard,8.5,8.5
1428,9iiEmjFbzzQ,Standard,8.5,8.5
1429,4skjlfLvidQ,Reaction,7.5,7.0
1430,UZ7NJPKog5M,Standard,9.0,9.0
1431,4XpmE8nuOT4,Standard,3.5,7.0
1432,vhKIzcPywDI,Standard,5.0,0.0
1433,gLlrnvB-lCk,Standard,3.5,0.0
1434,PNu4v7Y5_YA,Standard,7.5,8.0
1435,zNGBFoQmMQs,Standard,8.0,0.0
1436,xj_SwkwjW1A,Standard,5.0,0.0
1437,l9TsIXJOJPI,Standard,5.0,0.0
1438,_BD7xwKDgmE,Standard,5.0,0.0
1439,lJtJZSM9z2c,Standard,-1.0,0.0
1440,ftFXNOBfvlI,Standard,-1.0,0.0
1441,B-NDOTHmKtM,Standard,-1.0,0.0
1442,lpk_v8bbW18,Standard,7.0,6.0
1443,2BKkzcUhpMw,Reaction,8.0,7.5
1444,rb8SsGtEBig,Standard,5.0,0.0
1445,vO6aQHQUFoA,Standard,3.5,8.0
1446,bVXCyBo4HGk,Standard,5.0,0.0
1447,ysck4RjnBuA,Reaction,8.5,8.5
1448,0HPMFEheG84,Standard,5.0,0.0
1449,tiB8YR-ahQ4,Standard,6.0,0.0
1450,0EAzau0U-TA,Reaction,6.5,7.0
1451,Ug-3CbB8NUw,Standard,5.0,0.0
1452,adK5lJHFVbc,Standard,-1.0,0.0
1453,Dxe8Y2qQ2Y8,Standard,5.0,0.0
1454,KIjwyN3nrwo,Standard,8.5,8.0
1455,GBmvXlE90v8,Standard,5.0,0.0
1456,xw5ZUqmUdAA,Standard,-1.0,0.0
1457,ApW9ProScmw,Reaction,8.5,8.0
1458,zGmML754wS8,Standard,8.0,8.5
1459,0ZXeUdmYeIo,Standard,5.0,0.0
1460,c9I8jBFYZbI,Standard,5.0,0.0
1461,r2mqPzmJhfc,Standard,9.5,9.5
1462,UhWSVd0nyxQ,Standard,5.0,0.0
1463,fteuGmxDAhw,Reaction,2.5,0.0
1464,tutjS9ACbtM,Standard,8.5,8.5
1465,a602yyBtErA,Standard,-1.0,0.0
1466,V6Wj_Tp2sgE,Reaction,-1.0,0.0
1467,SpCWIRqDcNU,Standard,-1.0,0.0
1468,XqUHSjR49dk,Standard,-1.0,0.0
1469,TSCpeDioOX8,Standard,5.0,3.0
1470,XtY0F39MI5c,Standard,6.5,0.0
1471,QM24k8DB5Xc,Standard,3.5,6.5
1472,_q7VaOzDdko,Standard,4.0,0.0
1473,rizNpU09wuc,Standard,5.0,0.0
1474,DS72x7e80WM,Standard,7.5,2.0
1475,5KaDooV9vCw,Standard,8.5,7.5
1476,3wb5ujGNZVU,Standard,5.0,0.0
1477,xJJXYLRZpvE,Standard,9.0,8.0
1478,C1mSwVK8l0E,Standard,6.5,8.0
1479,CjmjwvevZAo,Standard,5.0,0.0
1480,MhjRPD4Ps1c,Reaction,3.5,7.0
1481,d4fGqEy3C8Y,Reaction,6.0,8.0
1482,62Ne0mQAEzk,Reaction,3.0,7.0
1483,u9MZgTHCh_k,Standard,8.5,7.0
1484,I9NqXrwZ-CM,Standard,-1.0,0.0
1485,y11nPDn24fA,Reaction,7.5,0.0
1486,3RitL9uUE6M,Standard,5.0,0.0
1487,FyZbYWWfEMw,Standard,-1.0,6.0
1488,Nw6qnoXUtfI,Standard,-1.0,0.0
1489,2W5GrhRG3bI,Standard,-1.0,0.0
1490,OGWIuaTYMDU,Standard,5.0,0.0
1491,oT3hWojjAf4,Standard,3.5,0.0
1492,go_ulS0XBAY,Standard,5.0,0.0
1493,nhoYR2rC-_U,Standard,-1.0,0.0
1494,jltUAR4Gbck,Standard,7.5,7.5
1495,65aEO1deFN4,Standard,3.5,7.5
1496,qmcrkjHdSCg,Standard,3.5,2.0
1497,H00-gajVzbE,Standard,-1.0,0.0
1498,_H3GofJpVzI,Standard,9.0,9.0
1499,jC3t6g7KL-Q,Standard,5.0,0.0
1500,LTpoZpoDavQ,Reaction,-1.0,0.0
1501,vW4f2gbRIfo,Standard,5.0,0.0
1502,ojP-YCrNEPY,Standard,7.5,3.5
1503,PSV11sj_fVw,Standard,-1.0,0.0
1504,v1MwWpPg4Kc,Standard,-1.0,0.0
1505,IPjSAToUgls,Standard,3.5,0.0
1506,uZnsI9loA70,Standard,5.0,0.0
1507,xftcKGIUoyo,Standard,5.0,4.0
1508,blVsWHvqpYQ,Standard,9.0,8.0
1509,0VE5CIB_vJc,Standard,7.0,4.0
1510,FQTNxDwRisk,Reaction,-1.0,2.0
1511,kOF-nlZ3Xu4,Standard,5.0,0.0
1512,YTlkswilK4k,Standard,-1.0,0.0
1513,VhrfaSZlMLg,Standard,5.0,0.0
1514,XgbULj0fZsY,Standard,5.0,0.0
1515,tZ7kQ3uamic,Standard,5.0,0.0
1516,UouO-U81zCc,Standard,-1.0,0.0
1517,lfDMBAIfzJg,Standard,-1.0,0.0
1518,sf6cjX7_PRc,Standard,-1.0,0.0
1519,UrAguUprpdk,Standard,5.0,0.0
1520,2GR75Xi_BKE,Standard,-1.0,0.0
1521,riIEedzTB1c,Reaction,7.0,7.0
1522,KJ1WDbHG14w,Standard,5.0,0.0
1523,DduTnse92gM,Reaction,-1.0,0.0
1524,jzkCnfGmJ4w,Standard,5.0,0.0
1525,SIgdeBRPdZo,Standard,3.5,0.0
1526,njx3sogvoME,Standard,5.0,0.0
1527,Yfn8s5yv5bg,Standard,8.0,9.0
1528,e_DUYGpeMBQ,Standard,8.5,8.0
1529,1v_kIUgHa8U,Standard,-1.0,2.0
1530,m9cDmhXJY5k,Standard,2.0,0.0
1531,21DC0IubdEc,Standard,5.0,0.0
1532,2QqbGzFV1X4,Standard,8.5,9.0
1533,dsQT5Llj_xA,Standard,5.0,0.0
1534,2AyM8Ng_4Ws,Standard,7.5,8.5
1535,p3_WpUloTaM,Standard,1.5,6.5
1536,oL-WdnZ3XR4,Reaction,2.0,0.0
1537,B01863SmYdY,Standard,8.5,8.0
1538,i0qYCVr1nFw,Standard,1.5,7.0
1539,iqPSkRWeqkc,Standard,-1.0,0.0
1540,S9gpJQVlj_8,Standard,9.0,9.0
1541,qaXvwLPZYy0,Standard,5.0,0.0
1542,hKo27QIn4sU,Standard,6.5,0.0
1543,YLx21Csc8Lk,Standard,-1.0,0.0
1544,HR5ODG8R1Qc,Standard,5.0,0.0
1545,62v_9ZgPddU,Standard,-1.0,0.0
1546,aLIHVqyaz5E,Standard,6.5,0.0
1547,BWTrfM3nHgc,Standard,-1.0,0.0
1548,HnJlWMWqvLo,Standard,-1.0,0.0
1549,2tfa6lh6u4U,Standard,9.0,7.0
1550,JNzNP24xzqk,Standard,5.0,0.0
1551,J-P7SVNHCGM,Standard,-1.0,0.0
1552,BELMtu_9MqQ,Standard,-1.0,0.0
1553,zLPfZqZJCwY,Standard,6.5,6.0
1554,GpAsp3kyQQY,Standard,-1.0,0.0
1555,9-qniDJorrg,Standard,-1.0,0.0
1556,TDE3M3XJ8Ds,Standard,6.5,4.0
1557,lGrBP0wnFJM,Standard,7.5,7.5
1558,MmcaUET9Mt8,Reaction,8.5,8.0
1559,6ssOveL7NK8,Standard,-1.0,0.0
1560,-SqWBHIImmk,Standard,5.0,0.0
1561,pj1lzPNIJSk,Standard,3.5,0.0
1562,krzdFuRYzYs,Standard,-1.0,0.0
1563,7Q5lFIkZzq0,Standard,-1.0,2.0
1564,GKX_VU1Xhns,Standard,3.5,8.0
1565,1c1QD_r0Kj4,Standard,8.5,8.5
1566,oR8eLAEYcKk,Standard,-1.0,0.0
1567,wItFw10JYjw,Standard,-1.0,0.0
1568,87GrT1QCsyA,Standard,6.0,6.0
1569,5BDUjJpV2Oc,Standard,5.0,0.0
1570,v7IRWHY-1n4,Standard,6.0,0.0
1571,Stpw4D9lqOM,Standard,-1.0,0.0
1572,h837syot4FA,Reaction,-1.0,0.0
1573,vo8U0WbEuoo,Standard,-1.0,0.0
1574,FiCdd6_QAQ8,Standard,-1.0,0.0
1575,RxtfcRfNK0g,Standard,9.0,9.0
1576,abJ1mDJRGOE,Standard,-1.0,4.0
1577,rr9nbY3W2ZM,Standard,-1.0,0.0
1578,5Au2dwLkccM,Standard,5.0,0.0
1579,kkk-gxruhrU,Standard,-1.0,0.0
1580,ni3YBG3raYI,Standard,5.0,0.0
1581,mWyhS6zhdk8,Reaction,3.5,0.0
1582,1OltPAejvCE,Standard,5.0,0.0
1583,JQAf6LHl3aY,Standard,5.0,0.0
1584,RHeAIQVoH94,Standard,9.0,8.0
1585,zNITvnzYzhQ,Reaction,-1.0,0.0
1586,LMb1b3n0Wnc,Reaction,9.0,9.0
1587,AZJthQK3WuM,Standard,-1.0,0.0
1588,UxGq_Dj8kyE,Standard,5.0,0.0
1589,84zkDnflNB0,Standard,5.0,0.0
1590,LLjJ7IcruoI,Standard,-1.0,0.0
1591,vO_TSFrecYE,Reaction,9.0,8.5
1592,A4SQekfKapE,Standard,5.0,0.0
1593,TLO3IylzdVA,Standard,8.5,9.0
1594,LNSvalIAyDM,Standard,1.5,4.0
1595,ZQ6inX60tqQ,Standard,5.0,0.0
1596,1nvWH4iaRYI,Standard,5.0,0.0
1597,GGcdBG6O9P8,Standard,5.0,0.0
1598,enixm8Is0Vo,Standard,-1.0,0.0
1599,Hsgj8Ikk8ok,Standard,2.5,0.0
1600,eaCSuVuOURg,Standard,-1.0,0.0
1601,WfkVDOcALPE,Standard,5.0,0.0
1602,TZlHmpY0eIY,Standard,5.0,0.0
1603,9jQlqTMgeOk,Standard,-1.0,0.0
1604,ITmck_mMb2E,Standard,-1.0,0.0
1605,ee7T5s5NUq8,Standard,6.5,7.5
1606,wunQTZrxj4Y,Reaction,8.0,8.0
1607,rHnhUFDxcFE,Standard,-1.0,0.0
1608,qx9LuuwVthQ,Standard,-1.0,0.0
1609,UxMF0GSeeXU,Standard,6.0,0.0
1610,SqvuPlrFdHs,Standard,7.0,2.0
1611,-b_rKalaLYc,Standard,8.0,8.0
1612,_dWn8z3b8Vw,Standard,-1.0,0.0
1613,G4lVkAEoq94,Standard,7.5,8.0
1614,H6_xqcO1Bw4,Standard,5.0,0.0
1615,Ldde9gNUrzU,Standard,3.5,0.0
1616,Mb91xZNCYE8,Standard,6.5,6.0
1617,nmE-JV54iig,Standard,5.0,0.0
1618,qTgn_B0zN1Y,Standard,9.0,8.0
1619,f-YHZOjNHYM,Standard,4.5,0.0
1620,0tV-beR1GKI,Reaction,6.5,0.0
1621,H2vAbxPVNRc,Standard,-1.0,6.0
1622,OiWfs12zmY4,Standard,1.5,0.0
1623,J_xRUmXtIGk,Standard,5.0,8.0
1624,iwWihIQMdzU,Reaction,3.0,8.0
1625,5_S1gc9U_Ww,Standard,8.0,8.0
1626,Pur-REeUsag,Reaction,3.5,0.0
1627,1zjI7Lkd6EE,Standard,-1.0,0.0
1628,UkYPGz_M-pE,Standard,8.5,7.5
1629,hYKx7UJb_lg,Standard,8.5,7.5
1630,NOcGnSpy6H4,Standard,5.0,0.0
1631,_hE0GJ-PYQ8,Standard,3.0,0.0
1632,4dcce6LpzcY,Standard,8.0,8.5
1633,fDFsM-HzA_0,Standard,7.5,3.0
1634,eCROKgICXL0,Standard,-1.0,0.0
1635,gLe40_RkVCo,Standard,6.0,0.0
1636,RtSLzBZE9xs,Standard,-1.0,0.0
1637,aZrJ8L1W7L4,Standard,7.5,8.0
1638,nEQmnIlckYA,Standard,9.0,8.0
1639,eTwfEAQq_RA,Standard,-1.0,0.0
1640,CoAUQ-kQGbo,Standard,-1.0,0.0
1641,aKzbBX3WHZM,Standard,5.0,0.0
1642,LzHTAbisAv0,Standard,7.0,8.0
1643,000-s-B1GEs,Standard,-1.0,0.0
1644,hmMFx4OfYOc,Standard,3.5,0.0
1645,PvmqdIxZ2W4,Standard,5.0,0.0
1646,FMAskWYMkGI,Standard,-1.0,0.0
1647,nyhJ5tnzrMA,Reaction,-1.0,6.0
1648,PUpXnSCQYwo,Standard,3.5,0.0
1649,TxYltvRZilE,Standard,-1.0,0.0
1650,xXqZEQNvZvI,Standard,-1.0,0.0
1651,KXLMSnYDChE,Standard,-1.0,0.0
1652,DPuzCrPYLM4,Standard,3.5,0.0
1653,T7JIiShPlwk,Standard,5.0,0.0
1654,bhJAXd6sEPg,Standard,-1.0,0.0
1655,u6sSNKNrXSs,Standard,5.0,0.0
1656,bwctuqdk-XI,Standard,2.0,4.0
1657,h5-FYX7L7a8,Reaction,-1.0,0.0
1658,MgIfwc_esEg,Standard,3.0,0.0
1659,1T2BrFdtueU,Standard,3.5,0.0
1660,mAQYHAwEILQ,Standard,8.0,9.5
1661,RnTvczuh9yc,Standard,4.0,6.0
1662,9eUs8X5dtP0,Standard,7.5,7.5
1663,B-UjzBceAVE,Standard,5.0,0.0
1664,wW0i1kz2kQE,Standard,5.0,0.0
1665,_okhAsU6vr8,Standard,8.5,9.0
1666,nZzQxz665Ns,Standard,-1.0,0.0
1667,YzwAcl5Qp1k,Standard,-1.0,0.0
1668,ukZ9KUuqMfM,Standard,-1.0,0.0
1669,1TeeFJHHB_g,Standard,8.0,8.0
1670,Rm1ME9-S9pI,Standard,8.5,7.5
1671,jX0w6hMo8H0,Standard,3.0,0.0
1672,Z8bv59MnBkk,Standard,-1.0,0.0
1673,w9W6ffpNFdI,Standard,-1.0,0.0
1674,fyIG3oEV_tA,Standard,5.0,0.0
1675,SxSdCuCukh0,Standard,5.0,0.0
1676,hUHraE2F6q4,Standard,8.5,8.0
1677,LS-GeqzQyJ0,Standard,6.5,0.0
1678,qnOFXmm_gKM,Standard,8.5,8.5
1679,-LsrZ2IiusI,Standard,3.5,0.0
1680,D0cKe3Yvc1E,Standard,-1.0,0.0
1681,KAJWfmaVZ4E,Standard,-1.0,0.0
1682,uhQxyOU4eow,Standard,5.0,0.0
1683,WojYJSsgPEM,Standard,7.0,7.0
1684,7Lu3oEmMEGM,Standard,5.0,0.0
1685,Z9jx9PgB-Cs,Standard,8.5,9.0
1686,mIr5hQR8jDw,Standard,5.0,0.0
1687,C3TbEF2dVBQ,Standard,5.0,0.0
1688,mRLZCZzHcg4,Standard,5.0,0.0
1689,kJDT1SydJMc,Standard,5.0,0.0
1690,lrdt9vI3F8E,Standard,7.5,6.0
1691,UZV1DdRcfvg,Standard,-1.0,0.0
1692,Ph56dK--f8A,Standard,8.0,0.0
1693,w4oYNrQ6lps,Standard,6.5,0.0
1694,GJjVXDzKShQ,Standard,2.5,0.0
1695,FGWC7n8rJvs,Standard,-1.0,0.0
1696,MEsgFDfju_8,Standard,5.0,0.0
1697,0RJWjNfc-_o,Standard,5.0,0.0
1698,M4r6ehjxK8M,Standard,2.5,0.0
1699,WrY8vK6s5ao,Standard,3.5,0.0
1700,Dvy40cmli_E,Standard,4.0,0.0
1701,5yhRNgGxb0U,Standard,8.0,9.0
1702,uw_XbCISy6Q,Standard,7.0,7.5
1703,QKyWzHddQAk,Standard,-1.0,0.0
1704,EeggId5u8PQ,Standard,-1.0,0.0
1705,IftTaaerhqQ,Standard,5.0,0.0
1706,Y8CXlU36sK4,Standard,-1.0,0.0
1707,eIuYmoTgLU4,Standard,7.0,6.0
1708,gSQXw1tm5gc,Standard,5.0,0.0
1709,pIbXPXhS5Os,Standard,3.5,0.0
1710,NKOkGvnMJlQ,Standard,-1.0,0.0
1711,LhcW4ri4Bu4,Standard,-1.0,0.0
1712,32DEbE5mhcM,Standard,5.0,0.0
1713,PEau38OfqtM,Standard,8.0,8.0
1714,E1J9IbYtXdc,Standard,-1.0,0.0
1715,_JslpWl5Cvk,Standard,7.5,8.5
1716,4JIiSiMru-I,Standard,5.0,0.0
1717,sb4W7ewHw3I,Standard,3.5,0.0
1718,p05Emgv5pjs,Standard,5.0,0.0
1719,Ho9DTHZ0s7M,Standard,5.0,0.0
1720,tcA-GCLA4dQ,Standard,-1.0,0.0
1721,K976WLrydDA,Standard,9.0,9.0
1722,2xyb-N07abg,Standard,5.0,0.0
1723,2TR-bo0APyk,Reaction,5.0,0.0
1724,0kZYg0KeP3c,Standard,7.5,7.5
1725,WXCOoEuWMtg,Standard,-1.0,0.0
1726,YNnag8ckG5o,Reaction,8.5,9.0
1727,SWz_W5oUAsA,Standard,4.0,0.0
1728,XLUSCoEOv5I,Standard,-1.0,0.0
1729,coKUtICwooQ,Standard,5.0,0.0
1730,56nsRIQ3i0k,Standard,-1.0,0.0
1731,2glIvlvdInE,Standard,-1.0,0.0
1732,xebc5VkW3vs,Standard,5.0,0.0
1733,gi9vzvkbOTo,Standard,5.0,0.0
1734,cY7gtQLEIMs,Standard,8.0,7.0
1735,btgOAP_elUY,Standard,9.0,8.0
1736,1jh8OX-iIyw,Standard,5.0,0.0
1737,P04Ek4tFBv8,Standard,5.0,0.0
1738,TO5isWJcJIo,Standard,-1.0,0.0
1739,_XQ9LVVbvUQ,Standard,5.0,0.0
1740,q1Zeij_UWmA,Standard,9.0,8.5
1741,-ip0P5gq6ho,Standard,5.0,0.0
1742,BYiSby7H7mQ,Standard,7.5,8.5
1743,bP9gFHuYvcs,Standard,8.5,9.0
1744,LzfVnR_3rMY,Standard,8.0,9.0
1745,T1fPo6ZPx-o,Standard,5.0,0.0
1746,datQ8Xi-yjg,Standard,5.0,0.0
1747,KcbH262ZlG4,Standard,-1.0,0.0
1748,ToA1LG3VxeQ,Standard,3.5,0.0
1749,xttu_NCbyX8,Standard,7.0,6.0
1750,gJD1XN84ivk,Reaction,3.0,8.0
1751,ox7Ef0MqYZM,Standard,6.5,2.0
1752,vOiHNY7pKUo,Reaction,5.0,6.0
1753,KldJ4APflxs,Standard,-1.0,0.0
1754,WzYd0-JAsXw,Standard,-1.0,0.0
1755,5fr2J4u0hiQ,Standard,5.0,0.0
1756,AsYztuWGCV0,Standard,5.0,0.0
1757,vOTZWvmczj8,Standard,6.5,2.5
1758,cDrtQ4Y8VWk,Standard,5.0,0.0
1759,2xpuCQYWhfw,Standard,5.0,0.0
1760,NLgvvNqtp9k,Standard,5.0,0.0
1761,Zdrlu-NT8zY,Reaction,8.5,8.0
1762,HQP7mS4NALM,Standard,-1.0,0.0
1763,T4k_lbbAWk8,Standard,-1.0,0.0
1764,LawLLai614M,Standard,3.5,4.0
1765,SM8wVnDWzA0,Standard,5.0,0.0
1766,MgyzC6ZmHHE,Reaction,9.0,9.0
1767,1wENkGYqDNU,Standard,5.0,0.0
1768,Hv7wnBQHbWw,Standard,5.0,0.0
1769,8w5Wcy7C39U,Reaction,-1.0,0.0
1770,xB5rL77woVc,Standard,-1.0,0.0
1771,_-ltOL2yPDI,Standard,5.0,0.0
1772,3j7THsBnvoA,Standard,6.5,0.0
1773,0sYFKSUPubA,Reaction,7.5,7.5
1774,Wn-ZdQ4NFYc,Standard,7.0,8.0
1775,7e2s-fVCFOg,Standard,-1.0,0.0
1776,F6UTPPzJOR8,Standard,9.0,9.0
1777,NkwkQWhTmmA,Standard,-1.0,0.0
1778,6r-Wl2gFZ58,Standard,8.5,9.0
1779,bvfoo1AAQyc,Standard,5.0,0.0
1780,IAs9JHpMueQ,Standard,4.0,0.0
1781,j2VXpMtAAVM,Standard,9.0,9.0
1782,HJxXFEg9fWg,Standard,5.0,0.0
1783,bElxD2ISsSM,Standard,-1.0,0.0
1784,xzvDqPlTGHk,Standard,5.0,0.0
1785,HSWi6-XDxrY,Standard,5.0,0.0
1786,gMgB2NW5Asc,Standard,-1.0,0.0
1787,N94qnjbZKEk,Standard,8.5,8.0
1788,EdI0rRmQ-pQ,Standard,-1.0,0.0
1789,Rq5l_PqAL_g,Standard,3.5,0.0
1790,w0KNROV7qwk,Standard,7.5,7.5
1791,DrsaB6rfiEg,Standard,5.0,0.0
1792,PzsfJ2A3Wn0,Standard,4.0,0.0
1793,JQSzTaiNpwg,Standard,8.5,9.0
1794,-rl75DcBxXE,Standard,5.0,0.0
1795,w9AzmNwYxlg,Standard,5.0,0.0
1796,ppQPM8Ea-94,Standard,5.0,0.0
1797,BBzROxah3dI,Standard,5.0,8.0
1798,cEa6CmCESIo,Standard,-1.0,0.0
1799,5VPrfwletNY,Standard,5.0,0.0
1800,r1PzMhbsK4c,Standard,9.0,9.0
1801,XQfZSX5fHM4,Standard,5.0,0.0
1802,LonOPnPwIrk,Standard,-1.0,0.0
1803,9CE-8c2lWM8,Standard,5.0,0.0
1804,PzzJQBT3pL0,Standard,5.0,0.0
1805,4ISb0Wq9cSk,Standard,-1.0,0.0
1806,q_8M7CLcRNQ,Standard,5.0,0.0
1807,4fpU-TNzha0,Standard,5.0,0.0
1808,GbeFgEY4_Us,Standard,-1.0,0.0
1809,DuTtj0XJxE0,Standard,7.5,8.0
1810,kQCqv1klb-Q,Standard,-1.0,0.0
1811,YJ4Cmz3loUo,Standard,-1.0,0.0
1812,lVYJKEHcjas,Reaction,5.0,7.0
1813,rIKX6PkZ4Gs,Standard,-1.0,0.0
1814,ChuTIosmUec,Standard,3.0,0.0
1815,d0TfB9tY4Ho,Standard,-1.0,0.0
1816,Sxz_-ZJ6ttc,Standard,5.0,0.0
1817,vn-J4kUmoGQ,Standard,5.0,0.0
1818,l3MRU6260Yo,Standard,5.0,0.0
1819,T0DT-4Vi080,Standard,5.0,0.0
1820,awty0WscXn0,Reaction,7.0,8.0
1821,6rVvVB8QUGM,Reaction,8.0,8.0
1822,2GFGQ77A8OY,Standard,3.5,7.0
1823,E_yYCPbUNLs,Reaction,6.0,0.0
1824,n7HQqKY1HEI,Standard,-1.0,0.0
1825,YGY7fDNA9Ps,Standard,-1.0,0.0
1826,htp70snefyI,Standard,5.0,0.0
1827,m3W5f_TDQ5w,Standard,8.5,7.5
1828,-i2hMEoqG60,Standard,5.0,0.0
1829,ybhQkuTGVdI,Standard,3.5,0.0
1830,poI7b9lYROQ,Reaction,7.5,8.0
1831,JHJSJLNAnCY,Standard,-1.0,0.0
1832,Rdx0usARLlc,Standard,5.0,0.0
1833,j3T3mfdnzbM,Reaction,6.0,0.0
1834,E0cDIJdg9ac,Standard,9.0,9.0
1835,zIGW9DzK0pA,Standard,6.5,0.0
1836,Ui1iuN5wtHo,Reaction,-1.0,0.0
1837,dJBx6S5ZPm0,Standard,9.0,9.0
1838,knsYuRQWllw,Reaction,5.0,0.0
1839,XrBc-gCs_pU,Standard,-1.0,0.0
1840,By8uoDfMQ48,Standard,5.0,0.0
1841,ZnATwbXcC8Y,Standard,1.5,8.0
1842,zeffW3jGhUA,Standard,5.0,0.0
1843,D_W2DQ5Gi0g,Standard,-1.0,0.0
1844,Jo3tHCkoxKE,Reaction,-1.0,0.0
1845,8qrNfDv9h-4,Standard,5.0,0.0
1846,WDKngnUoRSo,Standard,-1.0,0.0
1847,ouaGiwAQMoc,Reaction,9.0,8.0
1848,6_wJ6AcWbQk,Reaction,7.5,6.0
1849,NPfHSJ9r5ak,Standard,5.0,0.0
1850,lWZZG8SG-Yw,Standard,5.0,0.0
1851,boSxgOBaxY0,Standard,-1.0,0.0
1852,VhBhNmGJ3fM,Standard,8.5,7.5
1853,HBqgNX8ZKZw,Standard,3.5,0.0
1854,ta6QFop2MCA,Standard,5.0,0.0
1855,LTSZ6RdA16E,Standard,8.5,9.0
1856,K694cGBqU40,Reaction,-1.0,4.0
1857,9coMH1XVFgA,Standard,7.0,7.5
1858,Q5aGGsaCfu4,Standard,5.0,0.0
1859,CssIu2CZGbw,Standard,7.0,7.5
1860,QB7IHHzRR8I,Standard,5.0,0.0
1861,Pj6s8G3k3Eg,Standard,6.5,2.0
1862,dWX8zw4OOUI,Standard,-1.0,0.0
1863,G8MJ-bAE7-U,Reaction,6.5,8.0
1864,HeaNd21FFOc,Standard,5.0,0.0
1865,BF_HMiMAuOE,Standard,1.5,7.5
1866,LhtzbugCpbs,Standard,5.0,0.0
1867,tz76TWJHH5Y,Standard,-1.0,0.0
1868,_FfyBmWs7Y0,Standard,3.5,6.0
1869,z9NP2otSF5Q,Standard,-1.0,0.0
1870,p5ytzVcRWnw,Standard,3.5,0.0
1871,9wujltQfeRw,Standard,7.5,2.5
1872,6tMnGvoGtfc,Standard,5.0,0.0
1873,wg_6LXOXY2Q,Standard,-1.0,0.0
1874,qkJspJhVo14,Standard,5.0,0.0
1875,_Z69K_sYCXk,Standard,5.0,0.0
1876,wa2cvGRx8jQ,Standard,-1.0,0.0
1877,f8Gvr57cLU0,Standard,5.0,0.0
1878,vm7KQf6Li1s,Standard,8.0,4.0
1879,XNGrm64xf2Y,Standard,-1.0,0.0
1880,q-dzHldwBMI,Standard,3.5,0.0
1881,uY8v2qmIEPk,Standard,5.0,0.0
1882,BzHjvqkqDuI,Standard,5.0,0.0
1883,h81qyYCLK_s,Standard,4.0,0.0
1884,xNiBztLfjms,Standard,6.5,7.0
1885,MW-fOurlHDA,Standard,-1.0,0.0
1886,5RmLMersfbM,Standard,6.5,0.0
1887,sgss1DvQYKo,Standard,3.5,0.0
1888,FZbL9vAC6yk,Standard,3.5,0.0
1889,1xnBhM0zTAI,Reaction,8.0,7.5
1890,GpbFOkafROY,Standard,6.0,0.0
1891,mXWFUgtoYBM,Standard,8.0,9.0
1892,5rlD5UCFmEc,Standard,8.0,8.0
1893,AcMXaf6hxAg,Standard,5.0,0.0
1894,H38clOQohow,Standard,6.5,0.0
1895,uUFvwjKizbY,Reaction,7.0,8.0
1896,-CIBLo7dVr4,Standard,-1.0,0.0
1897,wBkRe9HhfCQ,Standard,5.0,0.0
1898,HkoGAQ4uagg,Standard,3.5,0.0
1899,RG2NPlS5RZ4,Standard,9.0,8.0
1900,LwMfyn4mhjE,Reaction,4.0,0.0
1901,e6go-wvCqCc,Standard,5.0,0.0
1902,IEiFVBdkpmE,Standard,-1.0,0.0
1903,NLar74LNQoI,Standard,-1.0,0.0
1904,rbsEQel5XEw,Reaction,5.0,0.0
1905,SB33HH-kD9M,Standard,-1.0,0.0
1906,3g86zymEavg,Standard,5.0,0.0
1907,rz_-NnHBJb8,Standard,5.0,0.0
1908,wvoxL3gyOcU,Standard,-1.0,0.0
1909,cE7fiKJWvek,Standard,-1.0,0.0
1910,67hEi-0AVEE,Standard,3.5,0.0
1911,E7si4LGvf74,Standard,3.5,0.0
1912,m0nSyh9U5sM,Standard,-1.0,0.0
1913,fp0SnJnKSH8,Standard,-1.0,0.0
1914,hMZ0OTZr3NQ,Standard,7.0,8.0
1915,wwcKGNqXiJk,Standard,-1.0,0.0
1916,16z1GcJoYqY,Standard,8.5,8.0
1917,S8QcmpweTfw,Standard,-1.0,0.0
1918,qpXFus7LNoQ,Standard,4.0,0.0
1919,wsTxaooue3I,Standard,8.5,8.0
1920,Sx15UIW3YdY,Standard,5.0,0.0
1921,Yv2rR0y_kB8,Reaction,6.0,6.0
1922,bHrZN8VJkAs,Standard,-1.0,0.0
1923,RSBS2e0RXRA,Standard,7.5,8.5
1924,JTJQQyaOTAI,Reaction,7.5,7.5
1925,-fjdEdiyooY,Standard,5.0,0.0
1926,X-vBVUMhU8Y,Standard,7.5,8.5
1927,ZnQjvnKHdbk,Standard,4.0,0.0
1928,0GYE5eSgiW0,Standard,6.0,0.0
1929,w1-v2ymLI30,Standard,-1.0,0.0
1930,8hGc1JkjcxE,Standard,5.0,0.0
1931,yVgAlK5R5co,Standard,8.5,8.5
1932,XrR1wnlDKq4,Standard,5.0,0.0
1933,onmCYPz_Zgk,Standard,5.0,0.0
1934,0QFEsuy0P6A,Standard,-1.0,0.0
1935,rI2IGj9Sp5M,Standard,-1.0,0.0
1936,jQBqVrCbju4,Standard,5.0,7.0
1937,hjeOswZnmdY,Standard,5.0,0.0
1938,zoG5WUeqf4Y,Standard,5.0,0.0
1939,kaMz0e26XxE,Standard,-1.0,0.0
1940,TUUpYzjl4Rc,Standard,-1.0,0.0
1941,wieOlvN-ONU,Reaction,8.5,8.5
1942,yQpqcrqN-gc,Standard,5.0,0.0
1943,Gh82yzj3lk8,Standard,5.0,0.0
1944,_SgwDJsiXjw,Standard,7.5,7.5
1945,j8tPYqDZ8cY,Standard,8.5,9.5
1946,MiIbnaNMfjI,Standard,3.5,0.0
1947,lxdWe9BKlF8,Standard,5.0,0.0
1948,hxEFaIIQGtU,Standard,5.0,0.0
1949,qtJo5QHBRXU,Reaction,6.0,6.0
1950,M-AFshgHBsk,Standard,4.0,0.0
1951,oPi6qTG_-Jo,Standard,5.0,0.0
1952,9UZYzYPRNUs,Standard,8.5,7.5
1953,BvYFDMSio7k,Standard,5.0,0.0
1954,vAV8w6gm3dE,Standard,5.0,0.0
1955,s9I6cg29RkI,Standard,3.5,0.0
1956,scNCHs4Nl08,Reaction,8.5,7.5
1957,MjOCJgJTEfY,Standard,9.0,9.0
1958,LsNGTE9xJLU,Standard,8.5,8.5
1959,Mbq1sxkV1R4,Standard,4.5,0.0
1960,r5DKhlXweHE,Standard,3.0,7.0
1961,zbl-wlTXyu4,Standard,5.0,0.0
1962,wvX-psK3tpg,Standard,9.0,8.0
1963,rgNWKXGtB48,Reaction,9.0,9.0
1964,XJZtKOby6dY,Standard,6.5,0.0
1965,GZSTTwaEHBQ,Standard,9.0,8.0
1966,A94ZNdUZANE,Standard,6.5,6.0
1967,G2Re9vRfGUs,Standard,5.0,0.0
1968,a10MoMASGu0,Reaction,7.5,7.0
1969,Jf_WrGaPbtE,Standard,3.5,0.0
1970,t-r8cawaq4Y,Standard,2.0,0.0
1971,ScJ4dlnGIrs,Standard,5.0,0.0
1972,IMlG4-gX2Ho,Standard,-1.0,0.0
1973,eisuW3FKJzk,Reaction,8.5,9.5
1974,29tYaJF1RC4,Standard,6.0,0.0
1975,QKAcB-pOjzg,Standard,-1.0,0.0
1976,y0gu4QXwDpc,Standard,6.5,6.0
1977,IkyTlvWxugA,Standard,4.5,0.0
1978,eVVUCdTOKQ0,Standard,-1.0,0.0
1979,D59tHB6zHKY,Standard,5.0,0.0
1980,NbsZr44_Sag,Standard,4.0,0.0
1981,xpeRNtCoXmU,Standard,7.0,8.5
1982,thfKfaOityM,Standard,9.0,9.5
1983,Vg2awzs9mJw,Standard,5.0,0.0
1984,qPIhzSsJrNo,Standard,-1.0,0.0
1985,73BI-SRsi7c,Standard,1.5,3.0
1986,Daz1HsDF7hw,Standard,7.5,7.5
1987,sCChp1yCLFM,Standard,5.0,0.0
1988,X28CnxvDDD8,Standard,5.0,0.0
1989,k9cJBHJdTQo,Standard,7.0,0.0
1990,Bg5YzWxi2tI,Standard,5.0,0.0
1991,P5O2lZN9W5g,Standard,5.0,0.0
1992,nTrv-PnBVoE,Reaction,-1.0,6.0
1993,rdDtlmsweiw,Standard,7.0,10.0
1994,VN_kAHIT9bg,Standard,3.5,0.0
1995,VUa0LowsgXQ,Standard,8.0,10.0
1996,nV4T1xN9snM,Standard,-1.0,0.0
1997,zyBphLjP__w,Standard,9.0,9.0
1998,CA_E_pkbqBo,Standard,3.5,0.0
1999,VMS7PvsH24U,Standard,-1.0,0.0
2000,XUm_exlVEFI,Standard,8.0,7.0
2001,fUDB2J8DL2g,Standard,3.5,1.0
2002,IYG1s1k4ZtI,Standard,8.5,4.0
2003,LJw9n5geTmc,Standard,5.0,0.0
2004,tL8GZgvvurI,Standard,-1.0,0.0
2005,Nx1_un8kaSk,Standard,-1.0,0.0
2006,j6V0DvJU6Hg,Standard,3.5,2.0
2007,Pywkw_xNXYA,Standard,5.0,0.0
2008,BDM4AfmMFkQ,Reaction,-1.0,0.0
2009,pR0usp1PCO4,Standard,6.5,8.5
2010,NoCldKsPrXo,Standard,6.0,2.0
2011,hHbkM6psTBU,Standard,8.0,8.0
2012,KsBOWbPEBlE,Standard,5.0,2.0
2013,Mhv4RDZLikU,Standard,5.0,0.0
2014,Qxh8LXNTOQk,Standard,6.5,7.0
2015,swsl78v8UDE,Standard,5.0,0.0
2016,UXVo_ypLHOg,Standard,3.0,0.0
2017,8OS_gmv4Ml0,Standard,-1.0,0.0
2018,plAbCDTeLdc,Standard,5.0,0.0
2019,lY0afGVdMqg,Standard,-1.0,0.0
2020,6xlJsRfA40g,Standard,5.0,0.0
2021,4MkR31wfDzU,Standard,7.0,4.0
2022,zME2O410_Tg,Reaction,-1.0,0.0
2023,KSUDQrOYu5U,Reaction,3.5,0.0
2024,KroUNc6hIyc,Standard,5.0,0.0
2025,9vWKxnVZO60,Standard,8.0,8.0
2026,w-zYq1-c9oA,Standard,5.0,0.0
2027,Bhe9ses_7Ns,Standard,6.5,0.0
2028,8-uECOUgik4,Standard,5.0,0.0
2029,LzRm2ApUfYI,Standard,5.0,0.0
2030,NasAhLAkoEk,Standard,-1.0,0.0
2031,tYG6XK5jhvw,Standard,5.0,0.0
2032,X3wq7xAd3Pk,Reaction,-1.0,6.0
2033,R37zr62cBOk,Standard,6.0,8.0
2034,EKi0Q40hLWo,Reaction,8.5,8.0
2035,qxcBN1Z4wDo,Standard,8.5,8.5
2036,p3kEWeKjkzs,Standard,-1.0,0.0
2037,hV7clAlDr1U,Standard,-1.0,0.0
2038,3D70W3Zv6s4,Reaction,6.5,8.0
2039,iUVUiJ_6wAc,Standard,3.5,0.0
2040,vWAurFpH3XY,Standard,-1.0,0.0
2041,rn1Dvmb4ZwI,Standard,9.0,8.0
2042,PtWMolukUF8,Standard,3.5,0.0
2043,x27SFY2yjvo,Standard,5.0,0.0
2044,5KuYojbhUDo,Standard,5.0,0.0
2045,6P5juJ_4Yxw,Reaction,-1.0,0.0
2046,R2DzQzhT04o,Standard,5.0,0.0
2047,f74EexcZqFY,Standard,-1.0,0.0
2048,5Rn6Hx-cjwo,Standard,5.0,0.0
2049,JxuO4Gb69gE,Standard,5.0,0.0
2050,4VW6IskbzYU,Reaction,-1.0,0.0
2051,PYtfqeqKMto,Standard,5.0,0.0
2052,V8nV6qKLRM8,Standard,6.0,0.0
2053,8alpyuCszBE,Standard,8.5,9.0
2054,YbASAfl6qUo,Standard,2.5,1.0
2055,YVGsEsxpC4Y,Reaction,7.0,8.0
2056,VyVsvRl6X_w,Standard,4.0,8.0
2057,3LaRA0SV_nc,Standard,8.5,8.0
2058,GGOTHXKQRRw,Standard,5.0,0.0
2059,KCXlvqlspbk,Standard,6.5,2.0
2060,9Ni14oYPySk,Standard,6.5,8.0
2061,JEaDpnaqmoE,Standard,5.0,0.0
2062,Fw1CPUmvvDE,Standard,-1.0,0.0
2063,PbL_Vb8AZk0,Standard,3.5,0.0
2064,e2AJSXjvj5g,Standard,8.0,7.0
2065,4IYwLZZHTwI,Standard,-1.0,0.0
2066,hOHbs9OwpMU,Reaction,4.0,0.0
2067,ZfUCuk4fWoU,Standard,5.0,0.0
2068,GOTa1a4Vaq0,Standard,5.0,0.0
2069,1pN_1oAg_Bo,Standard,-1.0,0.0
2070,uNQns_bioIQ,Standard,-1.0,0.0
2071,E7Ab-kATlU0,Reaction,-1.0,0.0
2072,AShe6JzDqRo,Standard,-1.0,0.0
2073,G-CFKL813Zo,Standard,7.5,6.0
2074,R0Vzlqg6Lco,Standard,5.0,0.0
2075,78lYzm_sasA,Standard,5.0,0.0
2076,N9-Ip1f1jx0,Standard,5.0,0.0
2077,T-0t7BTfoLI,Standard,5.0,0.0
2078,PF8EirZu1Z8,Standard,5.0,0.0
2079,gpre0coZgGE,Standard,-1.0,0.0
2080,zG8lQgcxzvQ,Standard,6.0,8.0
2081,wDMPq1GQPWU,Reaction,7.0,0.0
2082,TdLSkW0TCMU,Standard,-1.0,0.0
2083,RaCe6xHZB-0,Standard,5.0,0.0
2084,X8gIsgSkNA4,Reaction,3.5,0.0
2085,ZNW3C1krWPM,Reaction,7.0,8.0
2086,NnTK__tz970,Standard,5.0,0.0
2087,BG5vIzgza4E,Standard,-1.0,0.0
2088,WlXdt8asOXw,Reaction,4.0,0.0
2089,UZUuystGUzs,Standard,8.5,8.0
2090,HGk0AbS1aAI,Standard,8.5,7.5
2091,ys2zk0TZVF4,Standard,-1.0,0.0
2092,K0YESn2Bo1Q,Standard,7.5,8.0
2093,d-1yx9BZazU,Standard,7.0,6.0
2094,6DRtfp8tYUw,Standard,5.0,0.0
2095,ULfotONdTrE,Standard,5.0,0.0
2096,z79qg_YTd2M,Standard,5.0,0.0
2097,oAVyoA5wzmA,Standard,-1.0,0.0
2098,16_uObGL_Xs,Standard,5.0,0.0
2099,IoQcQisv1s4,Standard,5.0,0.0
2100,F6bZKnCr22s,Standard,5.0,0.0
2101,G0KCWaT2Ilk,Standard,9.0,9.0
2102,OezOM5tzjJI,Standard,5.0,0.0
2103,_YLZPvamq2I,Standard,-1.0,0.0
2104,R2byYLY9caU,Standard,6.5,7.5
2105,Fh4lwlwlglM,Reaction,-1.0,0.0
2106,q3U8jBUnjsA,Standard,-1.0,0.0
2107,8FtboonzRIc,Standard,5.0,0.0
2108,tuo2UlWigEc,Standard,5.0,0.0
2109,2-ejKOH8Cpc,Standard,8.0,8.0
2110,6kUvffOx0yM,Standard,5.0,0.0
2111,bCa-SBHUT24,Standard,5.0,0.0
2112,ezSBi1FiL_4,Standard,-1.0,0.0
2113,dD2mudteZ9g,Standard,6.0,0.0
2114,sl4z_ldlb60,Standard,8.0,0.0
2115,OMvpng-E1cI,Standard,6.0,0.0
2116,MqobFuVSW-U,Standard,8.0,8.0
2117,--z9PK9zuRE,Standard,3.5,0.0
2118,bFzdvf8hOI0,Reaction,-1.0,0.0
2119,92s23oJbaaY,Standard,-1.0,0.0
2120,PcvcpL59FOs,Reaction,7.0,8.0
2121,66hndq1g2AQ,Standard,7.0,8.0
2122,sJIObN54DVk,Reaction,8.5,8.0
2123,thagKAJ0368,Standard,8.0,8.0
2124,2mBTP7c42HU,Standard,-1.0,6.0
2125,ufK3sF-CfFw,Standard,5.0,0.0
2126,yPt6h0UtOI8,Standard,-1.0,0.0
2127,DsDbF3Z7cd0,Standard,-1.0,0.0
2128,H985Unw-5XE,Standard,-1.0,0.0
2129,csamvD8iv5Y,Standard,3.5,0.0
2130,mqmQi9-SJp0,Standard,5.0,0.0
2131,988tyOvjXKI,Standard,5.0,0.0
2132,zARIVD6dP8Y,Standard,-1.0,0.0
2133,sbXobdhfj5Y,Reaction,-1.0,0.0
2134,FpUHRpYFbJo,Standard,7.0,8.0
2135,2adHGJ8kTGc,Standard,-1.0,0.0
2136,R8TUHZBUdLM,Standard,5.0,0.0
2137,hyksDvpPH6E,Standard,5.0,0.0
2138,t9Ts6JLthZ4,Standard,-1.0,0.0
2139,CQ_FZY7oKzQ,Standard,7.5,8.0
2140,WP1vrRPuZB4,Standard,8.0,7.0
2141,vcr5pPJGhto,Standard,5.0,0.0
2142,cjPVfoyZnN4,Standard,-1.0,6.0
2143,xWlSdclxkO0,Standard,5.0,0.0
2144,Uf6_6mF9GRA,Standard,6.0,7.5
2145,Mln3tkoDMSI,Standard,8.0,7.5
2146,DxTY_6WiAMU,Standard,5.0,0.0
2147,ow7cItNFEN4,Standard,-1.0,0.0
2148,kWzDBqYN8u4,Reaction,7.0,8.0
2149,Oxz3gWTvdVM,Standard,-1.0,0.0
2150,CBAMnNy0jwM,Standard,5.0,0.0
2151,RaSFF6GmYhs,Standard,8.5,8.0
2152,GIG-X9s3teA,Standard,6.0,0.0
2153,yfJh3pUhtbQ,Standard,5.0,0.0
2154,6P01Ya3mYeM,Standard,-1.0,0.0
2155,sTdgMnkPhOM,Standard,5.0,0.0
2156,5EeBdQn1HpU,Standard,-1.0,6.0
2157,NRHn1dqt864,Standard,-1.0,0.0
2158,s_TtaIUcPb0,Standard,7.0,6.0
2159,pPQWW_bVkK4,Standard,-1.0,0.0
2160,vRw4Y-w9uYU,Standard,8.5,8.0
2161,33KYJCG2_0c,Standard,5.0,0.0
2162,SybR-aIqp-8,Standard,-1.0,0.0
2163,QPK4EA03Fnw,Standard,-1.0,0.0
2164,jIOGMl98KpQ,Standard,7.5,4.5
2165,bXRY9P_IQEU,Standard,7.0,7.0
2166,qEaWN7p5M-0,Standard,7.0,4.0
2167,6Xwsw3jSnFM,Standard,5.0,0.0
2168,OfgTgEDcyR0,Standard,6.0,0.0
2169,JkvAssEggcs,Standard,9.5,9.5
2170,-7iUK0TlIhk,Standard,5.0,0.0
2171,y3KcYi57tNc,Standard,7.5,8.5
2172,EGGr7KnhHJc,Standard,9.0,9.0
2173,2QH5dgNxZFI,Standard,5.0,0.0
2174,QNkF06nZYXU,Standard,9.0,9.0
2175,LC9pjnxbjNw,Standard,6.5,0.0
2176,eQMl0f6mJyU,Standard,5.0,0.0
2177,Cg43Uim76os,Standard,7.0,8.0
2178,2BVBZImHTHo,Standard,-1.0,0.0
2179,IF7FQNfm5sM,Standard,5.0,0.0
2180,I9CzWAj_7mI,Standard,5.0,0.0
2181,M3H1tfQjib8,Standard,5.0,0.0
2182,tewp9GgpKkE,Standard,-1.0,0.0
2183,6wFZu8QJieA,Standard,-1.0,8.0
2184,mHFiG5pCIj4,Standard,6.5,3.0
2185,LfK-cA8IMWY,Standard,7.5,6.0
2186,ZODRaabFMjc,Standard,7.0,6.0
2187,QxsMGME9Prk,Standard,8.0,7.5
2188,AZ3xEKxMiEI,Standard,-1.0,0.0
2189,RZmfszJesjY,Standard,6.5,0.0
2190,9zIQhplU9Js,Standard,5.0,0.0
2191,pWr8NVyxGIk,Standard,3.5,0.0
2192,0ygKRJkuVDY,Standard,6.5,5.0
2193,uWrzjZjGRpI,Standard,8.0,8.0
2194,G1lWJSOX1Sk,Standard,7.5,8.0
2195,BfnZ4i3oHb4,Standard,-1.0,0.0
2196,YJP5SuITrwQ,Standard,4.0,0.0
2197,d8E4hHSiqEU,Standard,6.5,6.0
2198,GBMeJ9FntEc,Standard,-1.0,0.0
2199,w0HIVfGZXu8,Standard,5.0,8.0
2200,jGwZOFsDW_I,Standard,3.5,0.0
2201,VGDg2OY8YWY,Standard,-1.0,0.0
2202,tUBEytoQSXI,Reaction,6.5,7.5
2203,cqycqOJmYZk,Standard,5.0,0.0
2204,w4Y9SomH9Nc,Standard,2.0,7.5
2205,5tAt2PhvC0M,Standard,4.0,0.0
2206,20wtg7mdCDQ,Standard,-1.0,0.0
2207,D208OEsnGV0,Standard,7.5,7.0
2208,nfKF1F1icec,Standard,-1.0,0.0
2209,iXsuSxIa6EA,Standard,8.0,7.5
2210,QGUkaW3Tvwk,Reaction,-1.0,8.0
2211,Q-r1R8jsC7A,Standard,-1.0,0.0
2212,5b0UBTmL_BI,Standard,5.0,0.0
2213,u_BYgW-Va0I,Standard,5.0,0.0
2214,r5LSuPb0fPs,Standard,-1.0,0.0
2215,h8AsgKOV60w,Standard,3.5,0.0
2216,MpZj39F67nQ,Standard,-1.0,0.0
2217,ggSjxV2ptTw,Standard,3.5,2.5
2218,wnTGDwpLDII,Standard,2.5,7.5
2219,yA3Vuoux6Aw,Standard,5.0,0.0
2220,gZgAnOOAIzo,Standard,5.0,0.0
2221,dEPcCQrEEDA,Standard,3.5,7.0
2222,gs2_GdJPi7A,Reaction,9.0,9.5
2223,3BBxQ2AqANs,Standard,8.5,7.5
2224,amwyKvOWOaQ,Standard,5.0,0.0
2225,EAPs3_yEfw8,Standard,-1.0,0.0
2226,g_TcXtztcis,Standard,1.5,0.0
2227,3T9tctbexXw,Standard,-1.0,0.0
2228,4PVSoeFIq94,Reaction,-1.0,0.0
2229,o6N6HEBufwc,Standard,5.0,0.0
2230,ehfKPooubfU,Standard,9.0,7.0
2231,jNl93VMIH1U,Standard,7.5,8.0
2232,MFK-EQ3Wt_Q,Reaction,9.0,8.0
2233,vsWhvuqhf8g,Standard,5.0,0.0
2234,7k9gONjyp8Q,Standard,3.5,0.0
2235,DTZ9InyC7P8,Standard,5.0,0.0
2236,_hED4uN6j0Q,Standard,5.0,0.0
2237,J1Od_Zi2Vlk,Standard,-1.0,0.0
2238,APACJHTRhps,Standard,9.0,9.5
2239,8Y4QyMhMvls,Standard,-1.0,0.0
2240,4N_wq-tqOJQ,Standard,-1.0,0.0
2241,WE5QqsgFkBo,Standard,-1.0,0.0
2242,zIwvyAwyRW0,Standard,9.0,9.0
2243,UCKi8pj2bEA,Standard,5.0,0.0
2244,u4cKTudYIxE,Reaction,6.0,7.5
2245,fkeT-Bxuu6g,Standard,5.0,0.0
2246,FysGdUrAQvo,Standard,-1.0,0.0
2247,16ed6uIrfU0,Standard,5.0,0.0
2248,NhyYvBSTR1Q,Standard,5.0,0.0
2249,7bb-Ru8VASM,Standard,6.0,0.0
2250,jojgkonzGeo,Standard,8.5,7.5
2251,Q_8e1UJpPbo,Reaction,6.5,7.5
2252,_SgJXRYEwQI,Standard,8.5,8.5
2253,c3XqzqsCF08,Standard,3.5,7.5
2254,F4paYOa65Ec,Standard,5.0,0.0
2255,WfsRe7rf8FU,Standard,-1.0,0.0
2256,9ncACb3bmjM,Standard,5.0,0.0
2257,kXZkynAO2Iw,Standard,5.0,0.0
2258,5rEAi5BeK7k,Standard,7.5,0.0
2259,2ldcD5CFwLI,Standard,5.0,0.0
2260,gEsaH0wpqKs,Standard,-1.0,0.0
2261,A_f-WseXzc0,Standard,8.5,8.5
2262,vcGvfW3zeFY,Standard,7.5,6.0
2263,ub5EmYl0MKE,Standard,8.5,9.0
2264,81DzOtTUsfY,Standard,7.0,7.0
2265,F2tuf7tyYUk,Standard,7.5,6.0
2266,2YTrdnKdOJA,Standard,-1.0,0.0
2267,ssSQ4Uv_dAA,Standard,-1.0,0.0
2268,BVZX7E72KQE,Standard,5.0,0.0
2269,J97FTTVNcTg,Standard,3.5,2.0
2270,NyYDYMQpnbI,Standard,-1.0,0.0
2271,9WmavrkSmsU,Standard,3.5,0.0
2272,fhbT5nEYtGw,Standard,5.0,0.0
2273,n2KgD_eToyE,Standard,9.5,9.0
2274,CGc0OyMvJaU,Standard,5.0,0.0
2275,wocd5BGtYTQ,Standard,8.5,8.5
2276,qbYjWSGplrE,Standard,2.5,7.5
2277,tSVkKD963Gw,Standard,5.0,0.0
2278,tX9KHOCf02U,Standard,5.0,0.0
2279,mqSHru1MUpQ,Standard,5.0,0.0
2280,Cq4Kid4NnLQ,Reaction,9.0,8.5
2281,i3W9hi62Vps,Standard,5.0,0.0
2282,V_sgIMXhhc4,Standard,3.5,6.5
2283,pTdvGObsjFY,Standard,8.0,8.0
2284,navIkIQAkpg,Standard,5.0,0.0
2285,cGRswQOh-co,Standard,5.0,0.0
2286,3rQIR4Gck2U,Reaction,7.0,2.0
2287,ToBC5Fh1Sko,Standard,5.0,0.0
2288,1LDJK8CXMLo,Standard,5.0,0.0
2289,UxI9ZSxyXBI,Standard,8.0,6.5
2290,wtEVVOnyNJQ,Standard,-1.0,0.0
2291,W8dsoWGywW0,Standard,5.0,0.0
2292,txymnQ7nezc,Standard,5.0,0.0
2293,2PKrXQZxk3o,Standard,2.0,0.0
2294,eRHGyB_zm5k,Standard,-1.0,0.0
2295,4kbq_Z4Cpdo,Standard,5.0,0.0
2296,K1XBtOcZlNM,Standard,7.0,8.0
2297,qwvsucJ1X90,Standard,8.5,8.5
2298,BvILxlEtY3o,Standard,8.5,7.5
2299,Ot4a-r-Md6A,Standard,-1.0,0.0
2300,hJbtwD_zJZg,Reaction,2.5,7.0
2301,ZNFyyi3kp60,Standard,9.0,9.0
2302,sumZNB_RY7E,Standard,5.0,0.0
2303,J3vYKCqakhg,Standard,-1.0,0.0
2304,ayPZXq8IdGc,Standard,-1.0,0.0
2305,-HWN9QfuPns,Standard,5.0,0.0
2306,FjqjyQ7pJgs,Standard,-1.0,0.0
2307,gpoJq1c8UKQ,Standard,7.5,7.0
2308,CE_EvbG_5Yg,Standard,5.0,0.0
2309,knNKYvb94xI,Standard,-1.0,0.0
2310,L0iQmAmIzf0,Standard,3.5,6.0
2311,39IMkjbuWWQ,Standard,5.0,2.0
2312,bKHdxUQZgZA,Standard,6.5,0.0
2313,xejDTfwcXg8,Standard,5.0,2.0
2314,Kxf3Uz_TaWo,Standard,-1.0,0.0
2315,mNrzt5py6_s,Standard,-1.0,8.0
2316,Rt0tarS6LXA,Standard,-1.0,0.0
2317,zschWMkMn9U,Standard,5.0,2.0
2318,3rT-DfMPQSU,Standard,8.5,7.5
2319,n7Mo1sq-wM0,Standard,3.5,0.0
2320,pGMCAYIru30,Standard,-1.0,0.0
2321,grEyl2xnfUs,Standard,-1.0,0.0
2322,etc7uNXcpnE,Standard,7.0,7.0
2323,vqM042nzWDs,Standard,8.0,8.0
2324,RSP3FvGhqn8,Standard,5.0,0.0
2325,ASOP3Be-sZI,Standard,8.5,7.5
2326,e0G-0xKRPzI,Standard,7.5,7.0
2327,NpIBM-gNqCc,Standard,8.5,7.5
2328,vw4yMcY9RZY,Standard,5.0,0.0
2329,gQwiYQ3iOKM,Standard,5.0,0.0
2330,0i2yQ7rylHE,Standard,6.5,2.0
2331,pCidxUMq8jc,Standard,5.0,8.0
2332,0XRIjoo-vVs,Standard,8.5,7.5
2333,02IO8SWqorQ,Standard,5.0,0.0
2334,Z58QtOCL5dg,Standard,5.0,8.0
2335,ag5ZMLnN44Y,Standard,8.5,10.0
2336,kemIkQntn4w,Standard,7.0,8.0
2337,Wteq9A3dgLU,Standard,5.0,0.0
2338,6StYs4xB_bc,Standard,9.0,9.0
2339,yhoXFuTyFes,Standard,8.5,9.0
2340,_RuviEYVVX4,Reaction,6.5,7.5
2341,lMak76sSp58,Standard,5.0,0.0
2342,rACKkwyMYhE,Standard,6.5,4.0
2343,yHaTkeW5MzQ,Standard,4.0,0.0
2344,JPnoVcnLL-o,Standard,-1.0,0.0
2345,niFpOQ-DITQ,Reaction,-1.0,0.0
2346,CB_Q01nhlrs,Reaction,8.5,7.5
2347,opv6emFlefQ,Standard,5.0,0.0
2348,7k6DE7DC0xM,Standard,-1.0,8.0
2349,Sw4JpRviGew,Standard,-1.0,0.0
2350,ixEiO9areW0,Standard,-1.0,0.0
2351,EjDbmPBNGcY,Standard,8.5,7.5
2352,7tBs4ZWFIxk,Standard,5.0,0.0
2353,wiKUZaXgc84,Standard,5.0,0.0
2354,HbfeASpDOuk,Standard,5.0,0.0
2355,ndqr-KO9nPA,Standard,5.0,0.0
2356,Qccoiyk7wa4,Standard,9.0,9.0
2357,3ztler3IOYw,Standard,8.0,8.0
2358,XiTJSHiJSpU,Standard,-1.0,0.0
2359,NqxXA451xZE,Standard,-1.0,0.0
2360,z0lhiMAyNvk,Standard,-1.0,0.0
2361,SM7fU9ztWWY,Standard,5.0,0.0
2362,RkD17EE3Wyo,Standard,5.0,0.0
2363,7FRIuCSTlNs,Standard,-1.0,0.0
2364,8wfB6z5PtXw,Standard,7.5,8.5
2365,emwXT2E7FrY,Reaction,9.0,8.0
2366,Iw4K1aK1Md0,Standard,9.0,9.0
2367,9UytcN0Tl8k,Standard,-1.0,0.0
2368,8PJLD3zu1iY,Standard,5.0,0.0
2369,GxZ3U2UyVrQ,Standard,5.0,0.0
2370,YGnNN_Vls-A,Standard,-1.0,0.0
2371,gwhTWhIvP00,Standard,7.0,8.0
2372,Cf-OwoQtM9M,Standard,6.5,4.0
2373,u4knoYxZAeE,Standard,8.5,7.5
2374,wlCMdHnXCrc,Standard,-1.0,0.0
2375,1reK4xBZQ7I,Standard,5.0,0.0
2376,L1y_b3b0LRc,Standard,1.5,7.0
2377,4tkPejSZrgc,Standard,6.5,7.5
2378,xxwl-hKzp0c,Standard,9.0,8.0
2379,YGo9p-DQa7I,Standard,5.0,0.0
2380,-Dc_H4nCFMk,Standard,5.0,0.0
2381,bLFpZ_OOb3A,Standard,5.0,0.0
2382,KoBDB-N9gUQ,Standard,8.5,7.5
2383,4dfaHmC5l8w,Standard,3.5,7.0
2384,0YhPUswAxr0,Standard,6.0,6.0
2385,Vhb_TmOZ8tE,Standard,5.0,0.0
2386,A4UiQ_eyD6U,Standard,-1.0,0.0
2387,55Ix_jXQXUQ,Standard,8.5,8.0
2388,Bgr6TUJ8AaY,Standard,5.0,0.0
2389,bgXJC1qdRpo,Reaction,9.0,9.0
2390,Hhv_-1nUwVw,Standard,5.0,0.0
2391,zlRh-pSCh14,Standard,6.5,6.0
2392,mliAk7kUmXU,Standard,-1.0,0.0
2393,P5drv9c5WEc,Standard,9.0,8.0
2394,LRtvS3uFVHI,Standard,7.0,0.0
2395,c5vZ-oZgys8,Standard,4.0,8.0
2396,Bx_-QHk6z2k,Standard,8.0,9.0
2397,PtHb_mjrwHU,Standard,-1.0,0.0
2398,MAKNvB0CIlw,Standard,-1.0,0.0
2399,AL6B7VaCGjI,Standard,-1.0,0.0
2400,ZXRaUZAhbT0,Standard,6.5,0.0
2401,f_QCneF700U,Reaction,-1.0,0.0
2402,0IKmQkbMH8o,Standard,6.5,8.0
2403,Yft6f8KbMMY,Reaction,-1.0,4.0
2404,Rr7KO6-6Oso,Standard,5.0,0.0
2405,_rZ7niD0k2Y,Reaction,4.0,8.0
2406,y2y21ZBxVvA,Standard,6.5,0.0
2407,rPdrQ_4F0wM,Standard,6.5,0.0
2408,qrKsVwfuTfA,Standard,-1.0,0.0
2409,J8_99VUL3qk,Standard,5.0,0.0
2410,HtqisCifAUE,Standard,8.0,8.0
2411,9eYzbVlDyW4,Standard,4.0,0.0
2412,t8GgDdGRHQc,Standard,5.0,0.0
2413,D3fWUT3vRLM,Standard,3.5,6.0
2414,JwiKYxwH82A,Standard,7.0,0.0
2415,RqzgkSyimRM,Standard,7.0,8.0
2416,kD8J99zRH38,Standard,5.0,0.0
2417,a-hka6R27wU,Standard,5.0,0.0
2418,wkfCefIPkUY,Standard,-1.0,0.0
2419,dgqRHtYbRWA,Standard,-1.0,0.0
2420,kGaYuTyyyB8,Standard,5.0,0.0
2421,3Bjg8zvJGow,Standard,7.0,6.0
2422,iAoZFUhypok,Standard,5.0,0.0
2423,nJJHj66uruw,Standard,5.0,0.0
2424,PdVm44lvYwU,Standard,5.0,0.0
2425,bIrnYCtlUp0,Reaction,5.0,0.0
2426,3Nmu3wa0njA,Standard,-1.0,0.0
2427,4Ia1XqgEoLY,Standard,-1.0,0.0
2428,nF4wUC2aHhc,Reaction,-1.0,0.0
2429,pAbORlcPlo0,Standard,1.5,3.0
2430,jxZqG10vsjk,Standard,3.5,0.0
2431,vshsd3V2Tc0,Standard,-1.0,0.0
2432,2lRi9iIlzpE,Standard,5.0,0.0
2433,_acMtEFs5X0,Standard,8.5,8.0
2434,l2XyCqk9GBQ,Standard,-1.0,0.0
2435,nQ6AGDQ1faA,Standard,5.0,0.0
2436,bs2l3D93Ya0,Standard,8.5,8.0
2437,ccFIgn1acqo,Standard,5.0,0.0
2438,CPltfNuEgrc,Standard,9.0,9.0
2439,GNn0vCi9SC8,Standard,2.0,8.0
2440,e3k63QSsWw4,Standard,-1.0,0.0
2441,Otu13myMitA,Standard,5.0,0.0
2442,J-3Pca5-qp0,Standard,5.0,0.0
2443,7AfIUbPy4b0,Standard,-1.0,0.0
2444,UjVvexOWTuI,Reaction,9.5,9.0
2445,WxnaOSMzaVU,Standard,3.0,6.0
2446,PHZKofox0fM,Standard,7.5,2.0
2447,zlwXuvCqfwg,Standard,6.0,0.0
2448,Jt-mfWOJt-E,Reaction,-1.0,6.0
2449,BJI4Fkt_8os,Standard,5.0,0.0
2450,rUDUyYB4UHQ,Reaction,6.5,7.0
2451,YELirXnxDcQ,Standard,7.0,8.0
2452,dxPx-UFo-ac,Standard,5.0,0.0
2453,elPz-cdNBBo,Standard,-1.0,0.0
2454,NcI8KGWRJFE,Standard,-1.0,0.0
2455,e9g_yM3KLeA,Standard,6.0,6.0
2456,NTLVmJd3vrk,Standard,5.0,0.0
2457,58KFV1zQg4k,Standard,5.0,0.0
2458,2YhQZuybLJo,Standard,5.0,0.0
2459,uaHS-5ipW70,Standard,7.0,7.0
2460,2Pk7KC86Yxk,Standard,3.5,0.0
2461,DoSZ-8qvan8,Standard,5.0,0.0
2462,arfimEl4Kmk,Standard,6.5,6.0
2463,4hSCCa4wi_8,Standard,6.0,0.0
2464,TE6Y1epm2io,Standard,5.0,0.0
2465,W2AxTz7WGT8,Reaction,9.0,8.0
2466,o6f8a3v0JDI,Standard,-1.0,0.0
2467,5yUFqq1K6Hs,Standard,6.0,7.0
2468,pAHgl7BpKxA,Standard,6.0,0.0
2469,50_l8N1bEo8,Standard,7.5,8.5
2470,4Qg1qK4tu1U,Standard,-1.0,0.0
2471,QMVF6Ak4uac,Standard,5.0,0.0
2472,Ct-9X_0g45o,Standard,5.0,0.0
2473,-l03oVvoGbs,Standard,8.5,8.5
2474,nEY-k_ognm4,Standard,5.0,0.0
2475,VmeCI_WCReg,Standard,7.5,7.5
2476,1iS5zP-JBw0,Standard,9.0,8.0
2477,ZlVc-mxpbTs,Standard,5.0,0.0
2478,w2iS8cSxicA,Standard,7.5,7.5
2479,x3VA4ZrziOw,Standard,5.0,6.0
2480,RzXRL2fZoLY,Standard,-1.0,0.0
2481,RMV9UCl3yHk,Standard,3.5,0.0
2482,XEnpZv8y3WQ,Standard,-1.0,0.0
2483,VsmDToG1_z0,Standard,7.0,2.0
2484,_TBajhxwAaY,Standard,5.0,0.0
2485,aEEizQ3EKi0,Standard,5.0,0.0
2486,mbeYvjOxz30,Standard,-1.0,0.0
2487,vT57VeVkRik,Reaction,7.5,7.0
2488,PJPBLF_521E,Standard,5.0,0.0
2489,jGN3WAvLtig,Standard,6.5,6.0
2490,sph59JCvI5s,Standard,-1.0,0.0
2491,UBam-Ymff2k,Reaction,8.5,7.5
2492,NTLLMziih80,Standard,5.0,0.0
2493,XzcTNTUQDVo,Standard,5.0,0.0
2494,VDMWNXnPQiM,Standard,5.0,0.0
2495,1RWo2CaMr44,Standard,8.0,9.0
2496,7P81dFI6MqM,Reaction,-1.0,6.0
2497,9rK27BkVURw,Reaction,5.0,2.0
2498,Uexp6WOrdyY,Standard,6.0,2.0
2499,i9WKU6gtIQI,Standard,-1.0,0.0
2500,Im1lOviZ1dk,Standard,3.5,0.0
2501,fXCRHRATDGI,Standard,8.5,8.0
2502,_ZZPGBQZ8JM,Standard,-1.0,0.0
2503,OmUzFAr4z6A,Standard,5.0,0.0
2504,G-3l1TUz_OQ,Standard,-1.0,0.0
2505,2v9PoiVbWaI,Standard,-1.0,0.0
2506,hZ-wnFc8S78,Standard,5.0,0.0
2507,non3WVRQJCw,Standard,5.0,0.0
2508,pcg6vo4zD7I,Standard,-1.0,0.0
2509,rjJhfwSNmxg,Standard,9.0,7.5
2510,g3qCgO9_Vk8,Standard,1.5,0.0
2511,-7ToY9d_pLA,Standard,-1.0,0.0
2512,qBrkWM4agFM,Reaction,6.5,0.0
2513,ukRWGDFpkgs,Standard,9.0,9.0
2514,kN0DrzStZDc,Standard,-1.0,0.0
2515,6zfGiTsQVNQ,Standard,-1.0,0.0
2516,x2TQJ6v20WU,Standard,5.0,0.0
2517,wC7YhFoTPC0,Standard,-1.0,0.0
2518,oFWtdM4gmLU,Standard,-1.0,0.0
2519,as0iVpUgAao,Standard,5.0,0.0
2520,Us7bnmiEUmo,Standard,2.0,8.0
2521,AElVgXHiiqY,Standard,7.5,7.5
2522,ZNokloSilow,Standard,-1.0,0.0
2523,7lIgOgWdrtM,Standard,8.5,7.5
2524,qTfnkD6d7-s,Standard,5.0,0.0
2525,nYqXr3F9EWk,Standard,5.0,0.0
2526,qigJUc3Qr6E,Standard,5.0,0.0
2527,BPdBHOcFTlo,Standard,3.5,4.0
2528,_2cdoVPjo4c,Standard,5.0,0.0
2529,ajP78C83f3E,Standard,6.5,7.0
2530,0uT4Xyng56k,Standard,-1.0,0.0
2531,KGkrBNM7SJ4,Standard,5.0,0.0
2532,d68Jci0fMFk,Standard,3.5,8.0
2533,FDgHSRn9KDA,Standard,1.5,0.0
2534,JFtHVmxMw14,Standard,9.0,9.0
2535,hXPlgEcxoy0,Standard,3.5,8.5
2536,csUhkXou9u8,Standard,8.5,8.5
2537,YguE-1c1k1E,Standard,8.5,7.5
2538,tKNYmMEukbo,Standard,9.0,9.0
2539,NDq410PrYJY,Standard,-1.0,0.0
2540,WiesgdCuTTk,Standard,5.0,0.0
2541,aaPi_SEQYfA,Standard,6.5,6.5
2542,i_UhFqO6p5Q,Standard,4.0,2.0
2543,I2N4Jbrc2R8,Standard,5.0,0.0
2544,sxbBMs8w9BA,Standard,-1.0,0.0
2545,vTzP_6pKjI8,Standard,8.0,7.0
2546,gx7tF2-Pn00,Standard,6.5,7.5
2547,U0XV8woZQT4,Standard,5.0,0.0
2548,UbWm913F1Qo,Standard,5.0,0.0
2549,gjgXcvcuZJs,Standard,5.0,0.0
2550,KNg9w975Djc,Standard,5.0,0.0
2551,HIZxhDSyGOo,Standard,5.0,0.0
2552,LxD_IyLqkLg,Standard,-1.0,0.0
2553,5WMyOtM-QIo,Reaction,-1.0,0.0
2554,VXUh5YTGAQI,Standard,7.5,7.5
2555,OUD-qJDICa4,Standard,8.0,8.0
2556,hsApy7nZUHA,Standard,-1.0,0.0
2557,7Vzzoe5dHqY,Standard,5.0,0.0
2558,XAzVmDf-674,Reaction,8.0,7.0
2559,UiSIhEIXQJ0,Standard,-1.0,0.0
2560,Q_n1I9gpHoQ,Reaction,6.5,6.5
2561,sZJWmAHlQlw,Standard,-1.0,0.0
2562,hd9yc_8ILUY,Reaction,9.0,9.0
2563,QNfu9ecxX0g,Standard,5.0,0.0
2564,zIanT4JkeP0,Standard,8.5,8.0
2565,2Q-Jppfw6eY,Standard,9.0,10.0
2566,Bgdk7KOqvM8,Standard,-1.0,0.0
2567,d-fFAAfWyQk,Reaction,7.5,7.0
2568,0AOMiIVaSTA,Standard,8.0,10.0
2569,hJx7GZnjFVY,Standard,6.5,0.0
2570,qKC03msi418,Standard,9.0,9.0
2571,QyxH9Vdhvrk,Standard,-1.0,0.0
2572,0HVUsrJZC0w,Standard,5.0,0.0
2573,4pFyQLdytNw,Standard,5.0,0.0
2574,p1gD3mk8ThU,Standard,-1.0,0.0
2575,Sqpf2gOJDUE,Standard,-1.0,0.0
2576,zg_5-p3xpkM,Standard,9.0,9.0
2577,GlPa8JV4Er0,Standard,7.0,8.0
2578,GOYuzpHIWD0,Standard,5.0,0.0
2579,7CkircMBMsc,Standard,-1.0,0.0
2580,jFGiNC6ov7Q,Standard,-1.0,0.0
2581,0ze5HrGgUSg,Standard,5.0,0.0
2582,xBgN9HWY6_s,Standard,5.0,0.0
2583,kWuiNuMnBJ4,Reaction,7.0,7.0
2584,XSQnqj-Agtc,Standard,9.0,8.5
2585,YOTC08ib4HE,Reaction,-1.0,0.0
2586,T0NI78jWgEc,Standard,6.5,7.0
2587,pAIjWerunj8,Standard,5.0,0.0
2588,NUHjlM4SpR4,Standard,5.0,0.0
2589,4X4jJbZdPNk,Standard,5.0,0.0
2590,oMSnNrAOn6E,Standard,5.0,0.0
2591,GUONVt23wdQ,Standard,8.5,8.5
2592,WL_d1028jEg,Standard,7.5,7.5
2593,NoqaJcBcmps,Standard,-1.0,0.0
2594,5nZK1kBQksk,Standard,5.0,7.0
2595,ayb9nzcLiOY,Standard,-1.0,0.0
2596,iHmqjKpqxpI,Standard,5.0,0.0
2597,_qOxsJ3GUSo,Reaction,6.5,8.0
2598,AzwN7PBqBNc,Standard,3.5,0.0
2599,CC3b-BX4DwE,Reaction,4.0,0.0
2600,K4gC5CP-n34,Standard,-1.0,0.0
2601,ZyFIctU3Cy4,Standard,5.0,0.0
2602,f9ILT4jTTdM,Standard,8.0,8.0
2603,wU94MvC_UDY,Standard,5.0,0.0
2604,nKoANx4SRvg,Standard,5.0,0.0
2605,afhWpfSfNcM,Standard,-1.0,0.0
2606,-5p4ib-GIbE,Standard,7.5,8.0
2607,_D3G8z8v1-o,Standard,-1.0,0.0
2608,G97ZJU44vTY,Standard,5.0,0.0
2609,JiWF6t2jlPg,Standard,1.5,0.0
2610,kSNLyQHBAU4,Standard,3.5,6.0
2611,qjqNWKo_r6w,Standard,5.0,0.0
2612,wybgXl2kPDE,Standard,5.0,0.0
2613,TB9dG9luTr4,Standard,9.0,8.5
2614,wmxhgEA1JMk,Standard,8.5,6.0
2615,g-6GI33w3iw,Standard,6.5,7.0
2616,imHdPRb56_M,Standard,-1.0,7.0
2617,M4PjrC2wdTc,Reaction,-1.0,0.0
2618,eSO8p40HEOo,Standard,-1.0,0.0
2619,gYeoFQUUn4Y,Standard,8.5,9.0
2620,wPWOBIOXPq8,Reaction,3.5,0.0
2621,lWJvyoMYTks,Standard,7.0,7.0
2622,dClDuMYfziw,Standard,-1.0,0.0
2623,2cQMVJ919zE,Standard,-1.0,0.0
2624,AalhbV3ce5k,Standard,8.0,8.5
2625,eByuHfuVnEc,Standard,5.0,0.0
2626,j3CE_zd_138,Standard,7.5,7.0
2627,XRQHKp9KQQ8,Reaction,8.0,9.0
2628,MyvY7EEB7ig,Standard,5.0,0.0
2629,Ve3237dLaBk,Standard,6.5,7.5
2630,Ub3F6n4LyjM,Standard,-1.0,0.0
2631,Qmjsl8jGYmk,Standard,8.0,8.0
2632,h80jJS0_5is,Standard,-1.0,0.0
2633,14Ixl69aQWM,Standard,5.0,0.0
2634,xrnwxkph7Mc,Standard,8.5,8.5
2635,qrjGVG6sm5U,Standard,8.0,8.0
2636,zGZYtEbmC6w,Standard,3.5,0.0
2637,hACt2W1SLj0,Standard,-1.0,0.0
2638,MEQwoq7PhUM,Standard,-1.0,0.0
2639,YWfYSfDLtbE,Standard,7.5,7.0
2640,1acz-MJEEMM,Standard,-1.0,0.0
2641,7P_NyineH-Y,Standard,5.0,0.0
2642,NFw4OZBnH2g,Standard,2.5,7.5
2643,P2GvMhfAI0Y,Standard,5.0,0.0
2644,xD3TbZ1vdJI,Standard,5.0,0.0
2645,89-WO1ttkyY,Standard,-1.0,0.0
2646,-_E07f2j1J8,Standard,5.0,0.0
2647,KV8eErX3pfw,Standard,1.5,3.0
2648,oipt-fsIcLI,Standard,5.0,0.0
2649,bN2h2feKJH8,Standard,4.5,6.0
2650,7aranjqnIgo,Standard,-1.0,0.0
2651,4TO524V5KKI,Standard,-1.0,0.0
2652,kNW46fqo2Co,Standard,8.5,8.0
2653,-_YfXFTeuio,Standard,-1.0,0.0
2654,AAhGf7ec-WY,Standard,3.5,7.5
2655,jcOvLdQ505c,Standard,7.5,8.5
2656,r_XxoTFtJFY,Standard,-1.0,0.0
2657,ZZ_f_MZywC8,Standard,5.0,0.0
2658,qzVwwvl6_8o,Standard,9.0,8.0
2659,KWrA_sT8sYg,Standard,-1.0,0.0
2660,Asz8MwmM77Q,Standard,8.5,7.5
2661,G0Z4jkZu_Kw,Standard,8.5,7.5
2662,pm6nq9nTPhQ,Standard,1.5,0.0
2663,ul5aLg1nHKY,Standard,-1.0,0.0
2664,iIr46OlZeQc,Standard,5.0,0.0
2665,-j2_Zu3gjrI,Standard,5.0,0.0
2666,STj2CydNNyU,Standard,-1.0,0.0
2667,OObv1VCOCCs,Standard,3.0,7.0
2668,roO_FfpFCvE,Standard,8.0,8.0
2669,o5nHvdfzR2k,Reaction,-1.0,0.0
2670,6YNwIOFryJw,Standard,8.5,8.5
2671,jg8iX6P62UQ,Standard,-1.0,0.0
2672,lE_27gs6tOE,Standard,8.5,7.5
2673,wpJByIviXWU,Standard,7.0,6.0
2674,MHorW5OEwv8,Standard,8.0,6.0
2675,lbyzlIOfCpc,Standard,5.0,0.0
2676,vFW8dyDsUd0,Standard,6.0,0.0
2677,cAk6kuID0E4,Standard,5.0,0.0
2678,nGuJB8Xk8jo,Standard,9.0,9.0
2679,K6S0hXAHAyc,Standard,8.5,9.0
2680,ry5fNSso68I,Standard,8.5,7.5
2681,yf2odW1E7GE,Reaction,7.5,7.0
2682,brxRZ_U9oqo,Standard,6.5,0.0
2683,ivqDWEL9_uI,Standard,-1.0,0.0
2684,yYTRdxL8ezo,Reaction,8.0,8.0
2685,kn2kBRfdN_U,Standard,-1.0,0.0
2686,bVlApn_RXPI,Reaction,7.5,8.0
2687,0ZY96zuuAkg,Standard,7.5,7.0
2688,n-bK2BGRng8,Reaction,-1.0,0.0
2689,PxQgOHu-vBc,Standard,5.0,0.0
2690,0DWjEpeGjIM,Standard,3.5,6.5
2691,ulykaom7Tzs,Standard,7.5,9.0
2692,qW5ZGaGR2Ng,Standard,6.5,8.0
2693,x68t3aDdZDo,Reaction,7.5,7.5
2694,vbwrgYAbwIA,Standard,-1.0,0.0
2695,tKUzZYGn_is,Standard,8.5,8.5
2696,jTSi1meGwLQ,Standard,5.0,0.0
2697,1i47h2ra5ZA,Standard,5.0,0.0
2698,9_29rkPtThQ,Standard,5.0,0.0
2699,75GXoiUU6D8,Standard,6.5,0.0
2700,K-ANDMzj5BE,Standard,6.5,7.0
2701,vpR1A07sQPw,Standard,-1.0,0.0
2702,4BU3roSQL_A,Standard,5.0,0.0
2703,TNH-nVVtOns,Standard,2.5,6.5
2704,6xKPHNgytcU,Standard,9.0,9.0
2705,2o3yqD1gJgo,Standard,5.0,0.0
2706,g03UUj8Qzt4,Standard,5.0,0.0
2707,wghfGhvE8lE,Standard,5.0,0.0
2708,aFa4u8-zRnI,Reaction,7.0,6.0
2709,pAovVwh_2Cs,Standard,5.0,0.0
2710,0QlCCnhT1NY,Standard,7.5,6.0
2711,GRvWvk0UNQw,Standard,-1.0,0.0
2712,H-LKudbtZh4,Standard,3.5,0.0
2713,oXXzVJ-SqnU,Standard,5.0,0.0
2714,Se7UVa_8amQ,Standard,-1.0,0.0
2715,b3W0WbhqvjQ,Standard,5.0,0.0
2716,-on3dFoOmxk,Standard,-1.0,0.0
2717,r95sOAD3IyQ,Standard,-1.0,0.0
2718,YSoBbuvhNNw,Standard,6.5,6.0
2719,0fa0h3OifGQ,Standard,7.5,6.5
2720,37i7iEWuz5Q,Standard,5.0,0.0
2721,oBfTNfIw-54,Standard,-1.0,0.0
2722,olwgjsfBGtQ,Standard,7.5,6.5
2723,Ij1ny9lX_bE,Standard,-1.0,0.0
2724,xm5ypNYYTMk,Standard,5.0,0.0
2725,TA3mNFPdKeM,Standard,5.0,0.0
2726,32Ysj54-jTc,Standard,8.5,8.0
2727,WbuspmYmh_c,Standard,5.0,0.0
2728,gyaUrF1YMDc,Standard,-1.0,0.0
2729,nt-Yo1onLoU,Standard,7.5,8.0
2730,Pm3PJ7bepYM,Standard,6.5,4.0
2731,C0W5LABL5pQ,Standard,-1.0,0.0
2732,9vL2lnEmiQE,Standard,8.5,7.5
2733,fz_oCwMhCIU,Reaction,-1.0,0.0
2734,leVJ5m68D2U,Standard,7.5,8.0
2735,SP_JxRTMGx8,Standard,3.5,0.0
2736,1EnvrsicoOA,Standard,7.0,0.0
2737,WdgaA1y44qk,Standard,-1.0,0.0
2738,r-CIYXBa_dI,Standard,5.0,0.0
2739,9-bn0ItYZJQ,Standard,5.0,0.0
2740,9vNi0E1xUgI,Standard,7.5,7.5
2741,oWQAv-ZYvQo,Standard,-1.0,0.0
2742,T272tIpS3Gw,Standard,5.0,0.0
2743,VU8yK4nfd08,Standard,8.5,9.0
2744,cZbsebuEQZo,Standard,-1.0,0.0
2745,rYJz2eZ4v_0,Reaction,-1.0,0.0
2746,4G5WrEYjRgk,Standard,2.0,7.0
2747,NyDcIs5W-OQ,Standard,-1.0,0.0
2748,joTxg9vWiFo,Standard,6.5,7.5
2749,HVYyv43B0E0,Standard,5.0,0.0
2750,0765Er-sVvY,Standard,6.5,4.0
2751,ZMf6BLYgytw,Standard,6.5,8.0
2752,ozHKLnodX8I,Standard,5.0,0.0
2753,d1Q5ZgGJnrE,Standard,-1.0,0.0
2754,1YjoQLdzwYw,Standard,7.5,9.0
2755,AfVPRfiX-iM,Standard,-1.0,0.0
2756,901wcl6WDw4,Standard,-1.0,0.0
2757,HA5fCw7QBPA,Standard,7.5,6.5
2758,WWklJN_9Ohs,Standard,8.5,2.0
2759,J27_5FzaxYg,Reaction,-1.0,0.0
2760,6-nST91QGws,Reaction,6.5,5.5
2761,qZ_qMWi2aa0,Standard,4.0,0.0
2762,LtQXZVDjeT4,Standard,1.5,0.0
2763,j4Y1JPdjedQ,Standard,5.0,0.0
2764,dvLmEzK6WQM,Standard,5.0,0.0
2765,qtRZm1-O7jw,Standard,3.0,4.0
2766,o7i6pYdnZv8,Standard,5.0,0.0
2767,uR_SmNEYU-c,Standard,5.0,0.0
2768,jAyWPLIclvQ,Standard,-1.0,0.0
2769,I2nbns4NDYI,Standard,3.5,7.0
2770,M3VdykMwR04,Standard,-1.0,0.0
2771,N_DPdPkVtLU,Standard,-1.0,0.0
2772,3Fncx7Uo3gQ,Standard,5.0,0.0
2773,2h2tjiClzUM,Standard,8.0,6.0
2774,RVSCvyqfffk,Standard,8.0,8.0
2775,oMUzzPlEc9Y,Standard,-1.0,0.0
2776,c-V6Cu5-L_4,Standard,1.5,0.0
2777,GRX3E1_VUqg,Standard,8.5,7.5
2778,iHwoXRIoBak,Standard,-1.0,0.0
2779,BTaZEBG8psg,Standard,8.5,7.0
2780,dMh7E22V1ew,Standard,2.5,1.0
2781,pib8tdj9r94,Reaction,-1.0,0.0
2782,GaUeBjh7Y1I,Standard,-1.0,0.0
2783,WkVuzPMXFj4,Standard,6.5,3.0
2784,0wPqhsPwcFI,Standard,5.0,0.0
2785,IRVQCiKgVwU,Standard,6.5,6.0
2786,IZID33nybxM,Standard,8.0,8.0
2787,h_m_k5_GUVs,Standard,-1.0,0.0
2788,807DwFQIRJ4,Standard,5.0,0.0
2789,jaY81wxdKko,Standard,8.5,9.0
2790,aKbkyueaVy4,Standard,9.0,9.0
2791,sAtrIw92x9w,Standard,5.0,0.0
2792,B1EeV7JtuSI,Standard,-1.0,0.0
2793,9GUqpdDQB20,Standard,5.0,0.0
2794,Q91NL9xwSYs,Standard,5.0,0.0
2795,Nl1q8XSP2NM,Standard,-1.0,0.0
2796,D6x2jaMGnEc,Reaction,7.5,8.0
2797,gD7_n7ciPvc,Standard,-1.0,0.0
2798,DjaRa1bn7iA,Standard,5.0,0.0
2799,Jc2TIGTlVUY,Standard,8.0,6.0
2800,Z_Ex3ENbheo,Standard,-1.0,0.0
2801,bV7Yri4tmVY,Standard,-1.0,0.0
2802,IZwSkLNaOgM,Standard,-1.0,0.0
2803,7V5i9SwLaNY,Standard,7.0,4.0
2804,OxDGgPvjLJo,Standard,8.5,8.5
2805,hNELRTtUbw4,Standard,8.5,9.0
2806,tOE8U9iYmO8,Standard,6.5,7.5
2807,W2g4NwAOfws,Standard,5.0,0.0
2808,wBJWsmWpWUg,Standard,5.0,0.0
2809,go4-2jZ5FTg,Reaction,-1.0,0.0
2810,sAKqf-BAwtQ,Standard,-1.0,0.0
2811,0WSb49a6usI,Standard,3.5,0.0
2812,7Z62l2KNaO0,Reaction,4.0,7.5
2813,eQuMannO42Y,Reaction,-1.0,0.0
2814,6NGT-UP9Hj4,Standard,3.5,0.0
2815,JYMidDCvs0E,Standard,5.0,0.0
2816,uhQdLtynFds,Standard,-1.0,0.0
2817,rz5VA4ksQG0,Standard,-1.0,0.0
2818,BjaMjLI0dqg,Standard,5.0,0.0
2819,NBSV1k-Ttao,Standard,3.5,6.5
2820,yVKEGLgGUcA,Standard,5.0,2.0
2821,hzGGm1HCXGo,Standard,5.0,0.0
2822,_S9e34iseJ4,Standard,3.5,0.0
2823,AZtgUwDS9mU,Standard,-1.0,0.0
2824,8Hwj2uiP3Dg,Standard,7.0,6.0
2825,pwyUb920-GU,Standard,6.5,0.0
2826,TWPMaex2e9E,Reaction,-1.0,7.5
2827,U2mAzLJk7Fc,Standard,-1.0,0.0
2828,1YWR20wrOlg,Reaction,-1.0,0.0
2829,FR9XFn3n810,Standard,6.5,3.0
2830,vuo0R9gv71Y,Standard,4.0,0.0
2831,0ipsUlY4UaY,Standard,5.0,0.0
2832,XFqbdTWXSEc,Standard,-1.0,0.0
2833,CMoPdRN-5vs,Reaction,7.5,7.0
2834,BhQhEWIw6Ww,Standard,-1.0,0.0
2835,r8mOD8GXNDQ,Standard,8.0,10.0
2836,2YW8oytKgFc,Standard,5.0,0.0
2837,acOrNH3btZI,Standard,5.0,7.0
2838,XFlunjc1F4k,Standard,-1.0,0.0
2839,dfQxFUx-3-c,Standard,-1.0,0.0
2840,klrzmHkKNvg,Standard,5.0,0.0
2841,VAUI8KS2mZI,Reaction,5.0,0.0
2842,U0gi9f-D73Y,Standard,5.0,0.0
2843,1-iI_hqeP6M,Standard,1.5,0.0
2844,k9TQAWxXsoQ,Standard,5.0,0.0
2845,WcgqiMb8IQg,Standard,8.5,8.5
2846,Kp-idZP0v60,Standard,8.0,8.0
2847,TYVSX8ORdn0,Standard,5.0,0.0
2848,qpkW_a7JAX0,Standard,6.5,0.0
2849,-M0q0Le5Hsc,Standard,-1.0,0.0
2850,jlEibJ_MY2c,Standard,6.0,6.0
2851,t92StM5xG9U,Standard,-1.0,0.0
2852,IKi-Uk34d4A,Standard,5.0,0.0
2853,QMakp6i_xSo,Standard,6.0,7.5
2854,v5aj5vn7KU4,Reaction,-1.0,0.0
2855,hivdxiCb2js,Standard,5.0,0.0
2856,1UzDVItcQUg,Standard,5.0,0.0
2857,F2DKPAz4Unw,Standard,5.0,0.0
2858,ri-l1u2H-JY,Reaction,7.5,7.0
2859,iLdTM2KROlM,Reaction,6.5,7.5
2860,ycmW8yrIOo0,Standard,5.0,0.0
2861,UQNxXG8XK3c,Standard,5.0,0.0
2862,GfyDZOHaXEA,Standard,5.0,0.0
2863,ni60Sp_NiYE,Standard,5.0,0.0
2864,D-WZqzCgHeQ,Reaction,7.5,0.0
2865,o5DwOh9vQyA,Reaction,-1.0,0.0
2866,8L5TW3ymm-I,Reaction,7.5,8.0
2867,HKgTRAJdk8g,Standard,-1.0,0.0
2868,ZyB0rmZyoCM,Standard,-1.0,0.0
2869,bULHInbM27w,Standard,8.0,8.0
2870,hPqGXsFvikA,Standard,5.0,6.0
2871,vCTkWvS7JKQ,Standard,5.0,0.0
2872,1i4uQ1P56k8,Standard,7.5,7.5
2873,tjrqTO0wSY4,Standard,5.0,0.0
2874,5udLpjp5Ww0,Reaction,-1.0,0.0
2875,81qCcCG9qIQ,Standard,8.0,8.0
2876,OGIANtluqcU,Standard,-1.0,0.0
2877,FiqS4rlKZFY,Standard,5.0,0.0
2878,c1eluwISmVw,Standard,-1.0,0.0
2879,uPR1KurHRvs,Standard,5.0,0.0
2880,uIg5GYmJnlQ,Standard,5.0,0.0
2881,-Y2qp4TUk9M,Standard,-1.0,0.0
2882,8Y9fjDhIpWA,Standard,5.0,8.0
2883,CAoh6lkZmwE,Standard,1.5,0.0
2884,XKRtkITy54Q,Reaction,3.5,6.0
2885,c6VmBKZ0D00,Standard,-1.0,0.0
2886,EVsneyp7_Rk,Standard,-1.0,0.0
2887,6QMyUtEZKtU,Standard,6.5,2.0
2888,2xa-KlKLWWU,Standard,-1.0,0.0
2889,VdPFxu9X480,Standard,-1.0,0.0
2890,Wh0jXM4tctg,Standard,-1.0,0.0
2891,JCJsZ6frziA,Standard,5.0,0.0
2892,69WMqkQ69_w,Standard,5.0,0.0
2893,AkdX4kbl9VA,Reaction,8.5,7.5
2894,2BWV2nZhjYo,Standard,6.5,6.5
2895,MgUE51wRZsw,Standard,5.0,0.0
2896,WeIxvKwk4Ms,Standard,5.0,0.0
2897,8RgQGxv8J3Y,Standard,6.0,0.0
2898,Pda-REILqjg,Standard,5.0,0.0
2899,3fzAb00k0PE,Standard,7.0,8.0
2900,4JkNoQXIcsE,Standard,5.0,0.0
2901,NoXaJkhX7KI,Standard,5.0,0.0
2902,2-f8WWwE5jw,Standard,-1.0,0.0
2903,G8L6TuIT5eg,Standard,5.0,0.0
2904,3qeT2iCENWc,Standard,3.5,0.0
2905,bJtXgKMomRE,Standard,3.5,6.5
2906,IManT4T5h8o,Standard,5.0,0.0
2907,XAfxU6pG0mI,Standard,-1.0,0.0
2908,J1wLTbPzhP4,Standard,5.0,0.0
2909,FZoxx5dRYOM,Standard,3.5,7.0
2910,88B9OsxgbMY,Standard,7.0,8.0
2911,qiRleDGNkK0,Standard,8.0,7.5
2912,pPI69taRBK4,Standard,5.0,0.0
2913,QsSHZ4xgOaU,Reaction,7.5,8.0
2914,d5hPQj19xio,Standard,-1.0,0.0
2915,mprERPGLJwE,Standard,5.0,0.0
2916,hpH6qM3otsg,Standard,8.0,8.0
2917,qGmswTqq5BU,Standard,-1.0,0.0
2918,F4LNIaYZtN0,Reaction,7.0,8.0
2919,JSO3vszLgic,Standard,-1.0,2.0
2920,pIaJKCg0klA,Standard,3.5,2.0
2921,ZYInHxBZuJQ,Standard,8.0,8.0
2922,ElBlEi_9QiI,Standard,7.0,7.0
2923,m6qduZSPUYk,Standard,7.5,4.0
2924,NutPl2sHJEI,Reaction,8.5,8.0
2925,XO-Y3KIhRIM,Standard,-1.0,0.0
2926,9EHR5tKGElc,Standard,-1.0,0.0
2927,b918eJwrwsY,Standard,6.5,0.0
2928,r1e8qfAwYNo,Standard,-1.0,0.0
2929,AftIJSmN2Ro,Standard,6.5,6.5
2930,hB2_X11P_6U,Standard,-1.0,4.0
2931,u-Lfb54wcJM,Standard,-1.0,0.0
2932,mQArh9RuGLs,Reaction,7.0,0.0
2933,cjhpNwsPA_w,Standard,1.5,5.0
2934,yWYPCGN6jhQ,Standard,5.0,0.0
2935,LJmTEVUiNhg,Standard,2.5,0.0
2936,I0FhHcuw-8k,Standard,3.5,0.0
2937,ZtfDpKNcCfU,Standard,5.0,0.0
2938,ejyF61dgLhQ,Standard,3.0,7.0
2939,0Jz3sRyZP0E,Reaction,8.0,8.0
2940,_-2OxCh8j-w,Reaction,3.5,0.0
2941,sw1Y3ZYq1KE,Standard,-1.0,0.0
2942,em344kPQxdU,Standard,5.0,0.0
2943,R6CyJjChakU,Standard,-1.0,0.0
2944,rhnHaOMIxmY,Reaction,4.0,0.0
2945,aFHlR1MR3Io,Standard,8.5,8.0
2946,RgRA9AGQfxw,Standard,8.5,8.0
2947,LHfO7T6yZIs,Standard,5.0,0.0
2948,4cH6ma3ct1s,Standard,8.5,8.5
2949,BTTvv0nJDeo,Standard,5.0,0.0
2950,uSIoLqH-D0E,Standard,6.5,7.5
2951,kAk98Z1aFYw,Standard,7.0,6.0
2952,NoruL6pqZvA,Standard,-1.0,0.0
2953,zal0URuLYSg,Standard,8.5,7.5
2954,-8cTMHy7Xkw,Standard,-1.0,0.0
2955,zqjDjiGOfG8,Standard,2.0,8.0
2956,4g20ApWhY4A,Standard,5.0,0.0
2957,-857YWF90fU,Standard,6.0,0.0
2958,zKIJrCDGN9M,Standard,7.5,7.0
2959,NAPyCntKTKU,Standard,5.0,0.0
2960,uAeGeYip2CY,Standard,-1.0,0.0
2961,tsC_XYUWUAg,Standard,2.0,8.0
2962,yXfKNG1JWEo,Reaction,5.0,0.0
2963,0TlicvzLoRI,Standard,7.0,7.0
2964,qnT1lAnVm00,Standard,9.0,8.0
2965,ll66knjdhOA,Standard,1.5,6.0
2966,DlzJ5i5nsAM,Standard,5.0,0.0
2967,mDJFP58ock0,Standard,3.5,0.0
2968,zQmTp4v3aGg,Standard,-1.0,2.0
2969,MFMzdv5cdk8,Standard,5.0,0.0
2970,YIs1bWyXjiQ,Standard,7.0,2.0
2971,_JMpVGRRWlM,Standard,5.0,0.0
2972,mJ5UEJ1Q00E,Standard,3.5,0.0
2973,ChPMABl_PtE,Standard,8.5,8.0
2974,P1SzUN22UaE,Standard,5.0,0.0
2975,EpBpLuCHQ8g,Standard,7.5,7.5
2976,aEn_yQ7h6l0,Standard,5.0,0.0
2977,0db4LfW_qiU,Standard,-1.0,0.0
2978,zYeqkgHkoWg,Standard,7.5,6.5
2979,PKFIXuY31XI,Standard,6.0,6.0
2980,iXAiXWYlpXM,Reaction,-1.0,0.0
2981,GHK13FJnYVc,Standard,7.0,8.0
2982,Zue8MjULFCo,Standard,-1.0,0.0
2983,ytNuueBMgoU,Standard,-1.0,0.0
2984,ZLitplsUll4,Reaction,8.5,7.5
2985,Y8eo3l38VT4,Standard,4.0,8.0
2986,b7dEat9GMVw,Standard,5.0,0.0
2987,5zx6Ct6IL3o,Standard,-1.0,0.0
2988,TOZBxT6eCPY,Standard,6.5,7.5
2989,OXDMnx5dxYg,Standard,-1.0,0.0
2990,gOgu9rFUttE,Standard,6.5,7.5
2991,3siWiTckv90,Standard,8.0,8.0
2992,PUsmkH-YYyo,Standard,5.0,0.0
2993,RrB0AfLmfNM,Standard,7.5,8.0
2994,c5vFGCXwANs,Standard,9.0,7.5
2995,SridENiHAeM,Standard,1.5,7.5
2996,LK1WQPT56nA,Standard,5.0,0.0
2997,PIRKTm_MQb4,Standard,8.5,8.5
2998,8c8JGgLxg_A,Standard,-1.0,0.0
2999,MdQT79Gt0Q0,Standard,7.5,8.5
3000,uSpsZ7hkrEo,Standard,3.5,7.5
3001,Nb8_32ijOj4,Standard,5.0,0.0
3002,ouoep7S2y50,Standard,8.5,9.0
3003,XTtUzA0n3-g,Standard,-1.0,0.0
3004,gpuPSHyGW98,Standard,5.0,0.0
3005,-QzswYCmBII,Standard,8.5,9.0
3006,cO4jCdFTqDA,Standard,-1.0,0.0
3007,ONJw-fpGxgM,Standard,5.0,0.0
3008,rZ-ykednksM,Standard,6.5,6.0
3009,-GG7DqN_O0I,Standard,9.0,9.0
3010,pYpWariCK6s,Standard,6.0,0.0
3011,vbb__BAVDLE,Standard,5.0,0.0
3012,V-3RKfV6ZAE,Standard,8.0,8.0
3013,wCS4Ix5-pG8,Standard,-1.0,0.0
3014,MW4t_VDg8-o,Standard,-1.0,0.0
3015,ix7skfHNKeM,Standard,5.0,0.0
3016,tqUD5X9GSLQ,Standard,7.5,7.0
3017,i98LnPoy8nw,Standard,-1.0,0.0
3018,czBj-ZkBaV8,Standard,-1.0,0.0
3019,EuU2MtP_CBk,Standard,5.0,0.0
3020,jCwGRPSaTJE,Standard,7.5,7.0
3021,1DgKHS7D3dk,Standard,-1.0,0.0
3022,KFh5Gn4k6w0,Standard,-1.0,0.0
3023,gXMaBjM6xBQ,Standard,5.0,0.0
3024,Jbd2-GGQavA,Standard,-1.0,0.0
3025,M-jNj0TMP1E,Standard,5.0,0.0
3026,-kumndDo1HM,Standard,5.0,0.0
3027,AN_opwh2m8E,Standard,9.0,8.0
3028,s6mPtWj8kXI,Reaction,8.0,0.0
3029,TR_138f6DDM,Standard,6.5,0.0
3030,10DHvh41uWY,Reaction,-1.0,0.0
3031,U4hMLV0hzXY,Reaction,8.5,8.0
3032,rOASu99_o8Y,Standard,-1.0,0.0
3033,2-lrzglYlWE,Reaction,5.0,7.5
3034,_VyIUJwjjFQ,Standard,3.5,0.0
3035,ZjfHtWxZXjA,Reaction,8.0,8.5
3036,wy0yShQ5LNA,Standard,6.5,7.0
3037,XbKemARz8vo,Standard,5.0,0.0
3038,kj6-AsZK1iw,Standard,9.0,8.0
3039,e1704ajP4rQ,Standard,5.0,0.0
3040,pXpMHI1Xr8s,Standard,5.0,0.0
3041,Kk-UrveqAGM,Standard,6.5,1.5
3042,fdyHNkxbps8,Standard,5.0,0.0
3043,JOlUaVgDgio,Standard,6.5,7.5
3044,b8MCEZOaYgo,Reaction,9.0,9.5
3045,Ohs1ZVrnyDs,Reaction,-1.0,0.0
3046,2IBMVh4YQHY,Standard,-1.0,0.0
3047,3uat5sPo0mE,Standard,-1.0,0.0
3048,0KBfz3vWJFQ,Standard,-1.0,0.0
3049,IlQkkP-WYP0,Standard,5.0,0.0
3050,IdlIKeVAg94,Standard,5.0,0.0
3051,vGkyd9HXLNU,Standard,5.0,0.0
3052,IKcK-YJrP3I,Standard,5.0,0.0
3053,x0HupU14KQY,Standard,6.5,2.0
3054,YmNd678pJ8Y,Standard,7.0,9.0
3055,aguH4p4O2II,Reaction,-1.0,4.0
3056,seP4Csre5Go,Standard,9.0,9.0
3057,zgBx5pjlQN4,Standard,6.5,7.0
3058,Gxj_Yv8JgA8,Reaction,8.5,7.5
3059,VqEEB77aaSM,Reaction,6.0,7.5
3060,NKLbctXIx0k,Standard,5.0,0.0
3061,s1WP22TDJxo,Standard,8.5,8.0
3062,yide2a7u1JY,Standard,-1.0,0.0
3063,pYIfTTCZ2Zg,Standard,-1.0,0.0
3064,sHB4KtF7HsM,Reaction,-1.0,0.0
3065,IK8zdMHp1Dg,Standard,-1.0,0.0
3066,SAQq_i8V0qs,Standard,-1.0,0.0
3067,R6_LleoCjOw,Standard,8.5,8.5
3068,ZHGb6P_kQo8,Standard,5.0,0.0
3069,b2PnYHaRWWQ,Standard,8.5,9.0
3070,sRgh0ZSv2CQ,Reaction,-1.0,0.0
3071,K9GpobOXmYM,Standard,-1.0,8.0
3072,z6V5AUYnzh0,Standard,5.0,10.0
3073,aozNNh_ClBw,Standard,-1.0,0.0
3074,SAGiyg4tOI4,Standard,-1.0,0.0
3075,9lA5sfCWqNU,Reaction,6.0,6.0
3076,exLkROvYvSc,Standard,5.0,0.0
3077,AvaY4i5RdPo,Standard,-1.0,0.0
3078,s-oSvACtuRQ,Standard,5.0,0.0
3079,cIaIPdk7OeY,Standard,7.0,0.0
3080,ARxi0IalfT4,Reaction,7.5,6.5
3081,itvuEN-ApQg,Standard,8.5,8.5
3082,4Turt1bFBgg,Reaction,3.5,0.0
3083,QLbLMmcpAO4,Standard,5.0,0.0
3084,kKIBhEscRJI,Standard,5.0,0.0
3085,fjGXVmv1Uzc,Standard,8.0,8.0
3086,C93r1Q-4R2I,Standard,8.5,8.0
3087,cNSYj34Tkwg,Standard,-1.0,0.0
3088,CZ9tDNhKp5c,Standard,6.5,5.5
3089,CSrejIOsBR8,Standard,5.0,0.0
3090,0MjYXSViva0,Standard,-1.0,0.0
3091,dIIYTu4X9Jw,Reaction,-1.0,0.0
3092,SzmlSTwq87Y,Standard,-1.0,0.0
3093,NJ7LWl31DEQ,Standard,-1.0,0.0
3094,tisrKVQS1ho,Standard,8.5,0.0
3095,yPBH0t0HfyY,Standard,9.0,8.5
3096,kCu6Tcxj0bw,Standard,5.0,0.0
3097,YebBza2Q9bE,Reaction,8.5,7.5
3098,GBO-8JAGiWs,Standard,5.0,0.0
3099,cot_jBBivWU,Standard,5.0,0.0
3100,lLgilvq-sB4,Standard,5.0,0.0
3101,AClFlcSNr2c,Reaction,7.0,6.0
3102,je-kMeY6hfw,Standard,5.0,0.0
3103,YIQmFUDvcKA,Standard,1.5,0.0
3104,u6O9keavO1Y,Standard,5.0,0.0
3105,BxCckDSrYDQ,Standard,6.0,2.0
3106,0rGiibTWnNM,Standard,5.0,0.0
3107,CTpTf7i0JZo,Standard,5.0,2.0
3108,WQ2kHXeo1Sk,Standard,5.0,0.0
3109,RAziO-Vmvfk,Standard,7.0,7.5
3110,U9CNcPvweAM,Standard,3.5,7.5
3111,xlNHNLCXfZI,Standard,3.0,7.0
3112,1V1Yfq-wKwc,Standard,5.0,0.0
3113,D9Tr2cQ4H38,Standard,8.0,8.5
3114,XSAOqV8IxOw,Standard,5.0,0.0
3115,wWKcsz4NZ3s,Standard,-1.0,0.0
3116,YcTJrkfvrEk,Standard,5.0,0.0
3117,_yHbrsOXGnI,Standard,8.5,8.0
3118,ZqCWSPI3bJU,Standard,9.0,8.5
3119,ynahzdpC-fA,Standard,5.0,0.0
3120,KI6bhUIXVzM,Standard,5.0,0.0
3121,cJRsBR8dmV8,Standard,9.0,10.0
3122,PB630M9wKDk,Reaction,7.0,8.0
3123,Ov8LiI9P-bU,Standard,5.0,0.0
3124,8aTM8pw97iA,Standard,-1.0,0.0
3125,yBLMMBfBe5A,Standard,7.5,8.0
3126,QcdL3ZyjhsI,Standard,5.0,0.0
3127,-PkaDFQz4lA,Reaction,5.0,0.0
3128,zR_302eL1kk,Standard,-1.0,0.0
3129,7huW7HLSgYc,Standard,5.0,0.0
3130,LF6hdVOdAJU,Standard,-1.0,0.0
3131,j9J1Sc9idd4,Standard,-1.0,0.0
3132,-4PFl3sIRpE,Standard,-1.0,0.0
3133,mtj4G0CCH1s,Standard,-1.0,0.0
3134,7ywmNUf3gi8,Standard,-1.0,0.0
3135,JU28tGzYnvA,Standard,6.5,7.5
3136,O133PAS3-BI,Standard,5.0,0.0
3137,HtbjDkZiync,Standard,9.0,8.0
3138,9XVLg_O2rlY,Standard,-1.0,0.0
3139,cqF3GXpGzQE,Reaction,9.0,9.0
3140,agLMPCwWbms,Standard,8.5,7.5
3141,jDQt25YAyn4,Standard,8.0,10.0
3142,uoUhDYq7wJ4,Standard,7.5,5.5
3143,1UOPHozMPmA,Standard,6.5,6.0
3144,qSNjSuHSLlY,Standard,5.0,0.0
3145,fdNWG8kSoCM,Standard,5.0,0.0
3146,MY5N8OOf-WU,Standard,-1.0,0.0
3147,ZzNxr2J0O-E,Standard,-1.0,0.0
3148,haiBdRKdnmY,Standard,-1.0,0.0
3149,Ei1FzMv7K6Q,Standard,6.5,7.0
3150,z17sb7zMCaA,Standard,-1.0,8.0
3151,haxbwqr7Ago,Standard,3.0,6.0
3152,V9aBcBMO_vQ,Standard,5.0,0.0
3153,NgVplxFvecs,Reaction,-1.0,6.0
3154,HL3-wmip8fk,Standard,8.0,8.0
3155,9UDQai9UBbI,Standard,9.0,9.0
3156,z6__4QMe7xw,Standard,-1.0,0.0
3157,05LdFsGEgSM,Standard,5.0,0.0
3158,IWWZnosLzBo,Standard,5.0,0.0
3159,Pcd67z8nq7A,Standard,4.0,9.0
3160,AC_X40pcawk,Standard,5.0,0.0
3161,ePGs3uBZzYg,Standard,2.0,8.0
3162,EKpSrqbIY5M,Reaction,8.5,7.5
3163,NksUzVrZ850,Reaction,-1.0,0.0
3164,zF8E3OZoQGU,Reaction,-1.0,0.0
3165,idCoOVj_0Qo,Standard,9.0,8.5
3166,lBtd9ELdkh4,Standard,5.0,0.0
3167,btqrirCERk4,Standard,-1.0,0.0
3168,tAw0qGAzbCk,Standard,6.0,0.0
3169,5jiUKuzwEbI,Standard,8.0,7.5
3170,OfuJeJMUpPY,Standard,-1.0,0.0
3171,UpFNNHwnkkQ,Reaction,-1.0,0.0
3172,vhfsF6Bo3VM,Standard,8.5,9.0
3173,ioQWR3oS_2A,Standard,-1.0,0.0
3174,_aifuW9AJMk,Standard,5.0,0.0
3175,QEprDhGo7nQ,Standard,-1.0,0.0
3176,DauOounDQj0,Standard,5.0,0.0
3177,8bus0WSuc-k,Standard,3.5,6.0
3178,5-wyjCiadwk,Standard,5.0,0.0
3179,WOD5gJTB1Eo,Standard,5.0,0.0
3180,OpvlQgxsZsQ,Reaction,9.0,9.0
3181,Zu91UHfDTbw,Standard,7.5,0.0
3182,7UoH2znFAMI,Standard,5.0,0.0
3183,CNkXbYXebiI,Standard,7.5,2.5
3184,v135YaKAQyI,Standard,7.5,8.0
3185,-u4a7i83eSw,Standard,1.5,7.5
3186,JFfvVy-N36o,Standard,8.5,8.0
3187,Jg1zv1-NyNo,Standard,7.5,9.0
3188,lNCxykJZSnc,Standard,6.5,7.5
3189,drI-jnspvCs,Reaction,3.5,0.0
3190,WQcT5eLV4GY,Standard,5.0,0.0
3191,QqKjxJZvlYc,Standard,5.0,0.0
3192,tD7UZCILydg,Standard,-1.0,0.0
3193,vSdMKkXdnYA,Standard,-1.0,0.0
3194,-RydwaP4r0g,Standard,5.0,0.0
3195,rvO2q357nvg,Standard,-1.0,0.0
3196,30MSdwipAX8,Standard,8.5,8.0
3197,8GipOJ5ygPk,Standard,5.0,0.0
3198,xJGhGFAGSk0,Standard,5.0,0.0
3199,nWYhUBQRjh4,Reaction,-1.0,0.0
3200,cufOzQi5HI8,Standard,7.5,8.0
3201,_mEMUcnGyB8,Standard,-1.0,0.0
3202,MtGpg8T4SU0,Standard,5.0,0.0
3203,L01ph85gXqU,Standard,9.0,8.5
3204,HixDbtB2LZ8,Standard,5.0,0.0
3205,qhzinlUOUiA,Standard,-1.0,0.0
3206,oNxD3O6fy9c,Standard,6.5,6.0
3207,JCIFD45cbIY,Reaction,7.0,6.0
3208,0bQceK5uGzI,Standard,5.0,0.0
3209,xlDqSHqAUgI,Reaction,-1.0,2.0
3210,J05j_tqbnS4,Standard,8.5,8.5
3211,dMerTX8NcGk,Standard,7.5,6.5
3212,s7Sdy9qn5cA,Standard,-1.0,0.0
3213,MAt7mSJdIAI,Standard,-1.0,0.0
3214,Tv7gy0WTd7w,Standard,3.5,2.0
3215,7bSiFWXeu5k,Standard,6.5,6.0
3216,VlJrwQGTimE,Standard,5.0,0.0
3217,aKN4nP51fA4,Standard,-1.0,0.0
3218,M9-uiGn-y_k,Reaction,7.0,8.0
3219,Y9wGgMBFaEA,Standard,5.0,0.0
3220,U4RI9MBnaVM,Standard,-1.0,0.0
3221,59-dIAzq0YQ,Standard,9.0,9.0
3222,nCK8ZIQlETY,Standard,5.0,0.0
3223,CM5xUTH1_hg,Standard,-1.0,0.0
3224,tpbQYPNSXys,Standard,3.5,1.0
3225,p_zjQVdnkHo,Reaction,4.0,7.5
3226,4_WE7qYCMD0,Standard,-1.0,0.0
3227,tjoSrfrzieM,Standard,-1.0,0.0
3228,Xx-eMeDB7C0,Standard,-1.0,0.0
3229,IZP_sBgwItc,Standard,3.5,0.0
3230,LjBapFrMe1g,Standard,8.5,8.0
3231,-JWVJw5F41M,Standard,7.0,10.0
3232,oxz_84ZII8U,Standard,-1.0,0.0
3233,Rod4eigQ7Bc,Standard,5.0,8.0
3234,y6CrNN5beqU,Standard,7.0,9.0
3235,l_s-nEVHugk,Standard,5.0,0.0
3236,b4rDxccIGzg,Standard,5.0,0.0
3237,Vq_GvYj1lks,Standard,5.0,0.0
3238,jPCc1fOvIWg,Standard,8.5,8.5
3239,ie65QZ7Gps0,Standard,9.0,7.0
3240,-poSjLqE7NQ,Standard,5.0,0.0
3241,blURNAhHkm0,Standard,5.0,6.0
3242,bVHHaptwavs,Standard,5.0,0.0
3243,mTs8JdOuamc,Standard,5.0,0.0
3244,6BdRPQxiFdE,Standard,7.5,7.0
3245,-xybirQM3oc,Standard,5.0,0.0
3246,AwZQ_Eb8gHo,Standard,5.0,8.0
3247,q03KDhizVnY,Standard,5.0,0.0
3248,T8EAgpNC0D4,Standard,5.0,0.0
3249,xqm16SABCrE,Standard,5.0,0.0
3250,snsaPLsoegg,Standard,5.0,0.0
3251,SoJWWBAuyIw,Standard,-1.0,0.0
3252,r3dUIqaHib0,Standard,5.0,0.0
3253,XAgznYWtg20,Standard,-1.0,0.0
3254,wR9wR1a2Z7Y,Standard,-1.0,0.0
3255,PQeSUZXAEbk,Standard,5.0,0.0
3256,wP2xakpiA_I,Standard,7.5,7.0
3257,dVyCX6UqUPM,Reaction,9.0,8.5
3258,Lrv0sD6GChs,Standard,5.0,0.0
3259,OHNO8b-dias,Standard,9.0,9.0
3260,cThAYD1w4Fs,Standard,-1.0,0.0
3261,LCd51bspwbE,Standard,8.5,7.0
3262,NyJZ-UbCHqA,Standard,-1.0,0.0
3263,9UG1e7JZeH0,Standard,9.0,9.5
3264,aXxshsaM12I,Standard,7.0,9.0
3265,udAV74a8U9U,Standard,-1.0,0.0
3266,PRtVKZFoz4o,Standard,5.0,0.0
3267,Wqm1uBFYg-g,Standard,-1.0,0.0
3268,429sh60pB7o,Standard,5.0,0.0
3269,ROjGMHUdWLU,Standard,5.0,0.0
3270,4-LVN_B8Ov8,Standard,-1.0,0.0
3271,J_Oeg7617EI,Standard,8.5,7.5
3272,jlV97V-UxGQ,Standard,8.0,8.5
3273,ljkNPGOERWc,Standard,5.0,0.0
3274,nsSB4kw9_P4,Standard,5.0,0.0
3275,liCIxb4quVM,Standard,5.0,0.0
3276,myDafb4GFqQ,Reaction,-1.0,8.0
3277,jD9nGXRz_vo,Standard,6.0,0.0
3278,tah3Ne3wxHc,Standard,5.0,0.0
3279,drJALGbb-U8,Standard,-1.0,0.0
3280,eP9F3g9ryxE,Reaction,8.0,8.0
3281,4s7fUIgbSrY,Standard,5.0,0.0
3282,UnhZntS_ewA,Standard,-1.0,0.0
3283,MGsRzQr63cU,Standard,8.5,7.5
3284,uqNpRUhd9Y0,Standard,5.0,0.0
3285,0JULuA5v51c,Standard,8.0,6.0
3286,wcHr0vf48DI,Standard,5.0,0.0
3287,CifPhn0LlU8,Reaction,6.5,7.0
3288,FYQelorzQI4,Reaction,7.5,7.5
3289,B0x0eiGUSt4,Standard,5.0,0.0
3290,BoLE7FoDDS0,Standard,8.5,7.5
3291,LiacD26KdO4,Standard,7.0,6.0
3292,8pRbU12xTPM,Standard,7.0,4.0
3293,e-mgvmL-_rg,Standard,5.0,0.0
3294,rNTctUXrk0c,Standard,3.0,0.0
3295,qzNeTCZpoik,Standard,4.0,0.0
3296,cFfV3y_zRuA,Standard,1.5,8.0
3297,hPorQHuXwH8,Standard,9.0,8.5
3298,0jhVXlgFCiM,Standard,-1.0,0.0
3299,YvgjtRjG_Fg,Reaction,1.5,0.0
3300,1rNdzn9SBPs,Standard,7.5,7.0
3301,FxjA8ShEGE0,Standard,-1.0,0.0
3302,8_E92NHTidk,Standard,5.0,0.0
3303,gQkAUaGZ8iA,Standard,5.0,0.0
3304,QdtPShQgeEE,Standard,-1.0,0.0
3305,pTiz5FiQ9UI,Standard,5.0,0.0
3306,o21hdYjJ79c,Standard,3.0,2.0
3307,JAe0Ap2WTns,Standard,-1.0,0.0
3308,mCMV17IU-BQ,Standard,5.0,0.0
3309,oUTz3-T9Ofw,Standard,5.0,0.0
3310,de45kIKK3rk,Standard,8.5,9.0
3311,amNo6D4tIDc,Standard,-1.0,0.0
3312,QdeSvv2HwRY,Standard,5.0,0.0
3313,ka68Riyqt3g,Standard,4.0,0.0
3314,KAjljmu4mUc,Standard,8.5,8.0
3315,h5IG9iMxB6Q,Reaction,-1.0,0.0
3316,tDp90upFDWI,Standard,5.0,0.0
3317,TZL0aECQuhs,Standard,5.0,0.0
3318,OJtJFB-aZa0,Standard,-1.0,0.0
3319,-W051xmBVsI,Standard,3.5,0.0
3320,r9TTlfDOuiA,Standard,5.0,0.0
3321,wLnrDzt8GvI,Standard,5.0,0.0
3322,sMmSpm978f0,Standard,5.0,0.0
3323,wRhTttVSpdM,Standard,7.0,7.0
3324,PZ5cxuvsRdE,Reaction,-1.0,7.0
3325,W-EXfXAF6wQ,Standard,-1.0,0.0
3326,0xXq37RR8ps,Standard,5.0,0.0
3327,MM3B9Obrj3w,Standard,-1.0,0.0
3328,EUVXRHbeJMc,Standard,5.0,0.0
3329,Zc-Ygz5FH_I,Standard,-1.0,0.0
3330,WyiY1ThXRP0,Reaction,-1.0,6.0
3331,yeIEybBlDUE,Standard,-1.0,0.0
3332,Qdi2hJ0PhMA,Standard,8.0,8.0
3333,UBvfq_EK8MM,Standard,6.5,6.5
3334,qRPL76vvocw,Standard,6.5,0.0
3335,0gLaEhP5LCc,Standard,5.0,0.0
3336,iELMYZaVXjg,Standard,5.0,0.0
3337,_6J2-shT7OA,Reaction,-1.0,0.0
3338,uuveodcojeI,Standard,6.5,6.5
3339,VtzdN6ROh9I,Standard,6.5,2.0
3340,p2GU_0lTSRI,Standard,-1.0,0.0
3341,pVmoBviQu0k,Standard,5.0,6.0
3342,aMskNekYv64,Standard,5.0,0.0
3343,cgxMq50JhQA,Standard,8.5,7.5
3344,fjDpnlxMB_M,Standard,8.0,7.5
3345,uMgXQqrrqyc,Standard,7.5,6.5
3346,Oic1H6ZTQWY,Reaction,6.5,8.0
3347,AJBlkFzw5FQ,Standard,8.5,8.5
3348,u9LRPYX3Gtk,Reaction,8.0,8.0
3349,iS22xAOuj5Y,Standard,8.0,10.0
3350,C6ghhnQuy30,Standard,6.5,6.5
3351,j-vlACJqAYY,Standard,-1.0,0.0
3352,_OtNSU5tI7k,Standard,7.5,6.5
3353,NsQaVhuNap0,Standard,5.0,0.0
3354,cqV0LbalkQU,Standard,5.0,0.0
3355,wbwnbWaGfFk,Standard,5.0,2.0
3356,CITyIgApgqU,Standard,6.5,0.0
3357,Qx-9JGsKPYA,Standard,5.0,0.0
3358,U5MpK3pGoZo,Standard,-1.0,0.0
3359,mhXWRIgggZ8,Standard,3.5,1.0
3360,EB4VA_ci4xc,Standard,-1.0,0.0
3361,C4WwYte5FZw,Standard,2.5,0.0
3362,NmvXu_QcKAE,Standard,5.0,0.0
3363,MhE2DuydEC0,Standard,-1.0,0.0
3364,3DgjAzeyfbw,Standard,5.0,0.0
3365,vq_evHN9yJQ,Standard,-1.0,0.0
3366,K-F9NXCDSSA,Standard,5.0,0.0
3367,fKQ5GqWFjus,Standard,8.5,8.0
3368,5V91CDFkcI8,Standard,3.5,0.0
3369,J_RlGF1bsIA,Standard,-1.0,0.0
3370,7rB5VuVqMSc,Standard,-1.0,0.0
3371,x61SFC8iBZM,Reaction,-1.0,8.0
3372,h5AJFNXP1uQ,Standard,-1.0,0.0
3373,Srkh-e_cO8c,Standard,5.0,0.0
3374,Bo0O1K1snJk,Standard,-1.0,0.0
3375,Fecx7CJgjyY,Standard,5.0,0.0
3376,Fkh9yC_opc0,Reaction,-1.0,0.0
3377,ch_78XUXA7I,Standard,5.0,0.0
3378,MiPkE4iPfGI,Standard,5.0,0.0
3379,7SyfRaRoz6M,Standard,6.0,6.0
3380,w3RSQDkQWA4,Reaction,8.5,8.0
3381,mirX8NcpHkQ,Standard,8.5,7.5
3382,QwtH_AAINgs,Reaction,4.0,0.0
3383,E5Og5EQg4V4,Standard,-1.0,0.0
3384,iOeI1QXLdJ0,Standard,5.0,0.0
3385,-KcDsT-sX7s,Standard,3.5,0.0
3386,I5jutgyEGFg,Standard,8.5,7.5
3387,jzse8Fk-CeI,Standard,5.0,0.0
3388,A8hVJalHoHA,Standard,3.5,7.0
3389,1-912TY_rqw,Standard,-1.0,0.0
3390,qNzowimDvKA,Standard,5.0,0.0
3391,t-Tg28Pm1jA,Standard,-1.0,0.0
3392,ZLtxqMqCOus,Standard,-1.0,0.0
3393,n1_ivFGqUX0,Standard,-1.0,0.0
3394,1-a1WgFK44M,Standard,7.0,6.0
3395,cZ_Li2KeT-k,Standard,2.0,8.0
3396,OCXh_PNciQI,Standard,7.5,6.0
3397,pzQVgERKFJA,Standard,5.0,0.0
3398,eDLHIxEntW4,Standard,-1.0,0.0
3399,f4MME2pQfFA,Standard,-1.0,0.0
3400,yj-SrY5BgJ0,Reaction,-1.0,0.0
3401,Wt-vh36yyUE,Standard,8.5,7.0
3402,HAODb-dDWR8,Standard,6.5,6.5
3403,AjyMi1mkhYU,Standard,7.5,7.5
3404,9uwGX0BXA-o,Standard,-1.0,0.0
3405,HQqT_41RbQ4,Standard,-1.0,0.0
3406,MLaKmFxyW_E,Standard,3.5,0.0
3407,C8TorCpbwgo,Standard,-1.0,8.0
3408,zuWee_tPYTU,Reaction,-1.0,0.0
3409,zOi2Yy6jGZs,Standard,6.5,6.5
3410,kZMF3f4NTF8,Standard,-1.0,0.0
3411,kTV0OzR2RYw,Standard,4.0,6.0
3412,eZ3HK5UBEHo,Reaction,7.5,7.5
3413,x7QzoWhC7hU,Standard,8.5,8.0
3414,TvAbZulM9ks,Reaction,8.0,8.0
3415,0C09kg_Lne0,Standard,7.0,0.0
3416,obzMDrqC0mw,Standard,5.0,0.0
3417,eRzs7_TV1qk,Standard,9.0,7.5
3418,EJNpjRr5FJ4,Standard,-1.0,6.5
3419,LvFDjunE6mg,Standard,7.0,7.5
3420,EQ_SjcanahM,Standard,-1.0,0.0
3421,LmjltLt-Z08,Standard,8.0,8.0
3422,A1Blo3m_G80,Standard,5.0,0.0
3423,fywdsAscHeU,Standard,5.0,0.0
3424,Ew9ZTJiFMqQ,Standard,5.0,0.0
3425,Lh_wJOiJ0dk,Reaction,7.0,8.0
3426,Rt8WrzUj1A8,Standard,1.5,4.0
3427,7LLm4SnepG8,Standard,9.0,9.0
3428,mFC7uHpfI5U,Standard,7.5,5.5
3429,bFoNubme63M,Standard,5.0,0.0
3430,atQ4sx7aXNM,Reaction,-1.0,0.0
3431,gyhjbA-Xk7Y,Standard,8.5,7.0
3432,f8Nu89d4sms,Standard,6.0,0.0
3433,22-b77YdWI8,Standard,-1.0,0.0
3434,XTXZl2CG9aI,Standard,-1.0,0.0
3435,9tuaAD5RTPc,Standard,-1.0,0.0
3436,d9Glb8UH4ZQ,Standard,7.0,7.0
3437,BOnDXqGKceA,Standard,7.5,7.5
3438,MLLv2e-un08,Standard,4.0,7.0
3439,wS_wW-aMuFI,Standard,9.0,10.0
3440,NhG8g3d1_HU,Standard,5.0,0.0
3441,o8vt7ecOyiU,Standard,3.5,0.0
3442,wg7p7Ssuikk,Standard,5.0,0.0
3443,QWcuPyUZFgk,Standard,3.5,0.0
3444,3PsLmqFirjM,Reaction,5.0,0.0
3445,kQVR2cxXbvY,Standard,5.0,0.0
3446,W2kxyyfp9tc,Reaction,-1.0,0.0
3447,c6Kwt2nhKOE,Standard,-1.0,0.0
3448,dG-C6Vb1_6w,Standard,8.0,7.0
3449,-WXNE25f-U0,Standard,5.0,0.0
3450,TerNM2Gu194,Standard,5.0,0.0
3451,T28-9xaDxNs,Standard,6.0,0.0
3452,w0eAGZRN6H8,Reaction,-1.0,0.0
3453,OC3a5UYIvug,Standard,-1.0,0.0
3454,W0ygfpfg4Z8,Standard,-1.0,6.0
3455,x3i1xQXLJ8M,Standard,5.0,0.0
3456,N9dxNQ6NmZA,Reaction,-1.0,0.0
3457,iJV0ndrrAlY,Standard,5.0,0.0
3458,17RCCYOvMVA,Standard,-1.0,0.0
3459,UFpVJDb4f0A,Standard,9.0,10.0
3460,_XmE1li118s,Standard,8.0,7.0
3461,fvdG5L2o_Q8,Standard,-1.0,0.0
3462,41siFvKVMGo,Standard,6.5,8.0
3463,1sxjUTzZS1o,Standard,-1.0,0.0
3464,kPDFb0JmMlA,Standard,5.0,0.0
3465,sRktBWhVfr4,Standard,-1.0,0.0
3466,vnP0sGkqKGA,Standard,5.0,0.0
3467,tPXDKJ8xaFY,Standard,8.0,7.0
3468,b6uEF5IpZ-U,Standard,8.5,8.0
3469,VVbtT04fk1o,Standard,-1.0,0.0
3470,dq9C4hek_9s,Standard,-1.0,0.0
3471,oLPm93ivDzE,Standard,5.0,0.0
3472,FjgfZH_0FcI,Standard,5.0,0.0
3473,nJhuAWZVy_Q,Standard,3.0,0.0
3474,NsdscsdRwn8,Reaction,-1.0,0.0
3475,Ulp6IFNbF5Q,Standard,5.0,0.0
3476,qVzORl0knAU,Standard,6.5,0.0
3477,98zPSP92ob0,Standard,-1.0,0.0
3478,07oAxE9KuWA,Standard,5.0,0.0
3479,1-yKiqFSqtE,Standard,-1.0,0.0
3480,kA9lkt8UNqY,Standard,-1.0,0.0
3481,1COhGRTSkdo,Standard,5.0,0.0
3482,A331ERbxGSI,Standard,-1.0,0.0
3483,PfQgoOw5HJo,Standard,3.0,0.0
3484,n6csIe6f8Bc,Standard,5.0,0.0
3485,3QWbyAAePgk,Standard,5.0,6.0
3486,xGBDjOoEnqQ,Standard,9.0,8.0
3487,LqJflmZNpkk,Standard,5.0,0.0
3488,gsLMx9gFyjM,Standard,-1.0,0.0
3489,NfIhbvk_L3A,Standard,-1.0,0.0
3490,tnsqyP3S-Gc,Standard,8.5,9.5
3491,5kmeYM9BhvU,Standard,3.5,0.0
3492,V8CbUNJmi3U,Standard,-1.0,0.0
3493,100Ob-T3Z5Y,Standard,3.5,0.0
3494,g6xsp2nkQ3c,Standard,6.5,6.0
3495,2y5iEnsFphg,Reaction,5.0,0.0
3496,iQVuCWD1GIg,Reaction,8.5,8.0
3497,Wrp9X9ydyGQ,Standard,5.0,0.0
3498,YShqieZashQ,Standard,9.0,9.0
3499,0T3LqhC3QxQ,Standard,-1.0,0.0
3500,ATY37QPo7U0,Reaction,1.5,0.0
3501,a2-H8XdKLOI,Standard,-1.0,0.0
3502,QSS_mvkd2HM,Standard,5.0,0.0
3503,3gu4Iqn3hzw,Standard,-1.0,0.0
3504,w_xKYzup7pY,Standard,8.0,1.0
3505,LDVI3alaxY4,Standard,-1.0,0.0
3506,8MGwOMkSbwc,Standard,9.0,8.0
3507,mve_qR0rMo4,Standard,5.0,0.0
3508,ZmJr30nuAuI,Standard,5.0,0.0
3509,p7-Cj4r6L0Y,Standard,7.0,8.5
3510,hFb2eKJAvhA,Standard,5.0,0.0
3511,Ou6Cf8Sveuc,Reaction,3.5,7.0
3512,_Zmj6vuK5_c,Standard,5.0,0.0
3513,JGB0jiTx_1M,Standard,8.5,8.0
3514,m0-IlsWtdqc,Standard,8.0,8.0
3515,nKlXru0h2Wo,Standard,9.0,9.0
3516,7X8LK-RgfFs,Standard,5.0,0.0
3517,0Xl550ncFpE,Standard,5.0,0.0
3518,otLspOQzyRY,Standard,5.0,0.0
3519,mfMQTY8V-UU,Standard,5.0,0.0
3520,AenCzCYK0A4,Standard,8.5,6.5
3521,Q0NkasFiXzQ,Standard,5.0,0.0
3522,JsUrQqkozQo,Standard,5.0,0.0
3523,IC3L4bESK6I,Standard,7.5,9.0
3524,TEZkOunCYJE,Reaction,8.0,7.0
3525,CS1J5YHYpBs,Standard,1.5,7.5
3526,ZIMQXqGTaXs,Standard,-1.0,0.0
3527,w9Y9EXhe-cc,Standard,-1.0,0.0
3528,95QZdcZBPZc,Standard,8.5,0.0
3529,lDfPpn3u3og,Standard,5.0,0.0
3530,evI7v50fxko,Standard,3.0,0.0
3531,5SFnSUQLK68,Standard,5.0,0.0
3532,wyQwf7T1Y9Y,Reaction,9.0,9.0
3533,tUNt8utKFoY,Reaction,8.5,8.0
3534,uvsmBMNhs08,Standard,7.0,8.0
3535,cdzB5DKYEgo,Reaction,-1.0,0.0
3536,QZ7N_vmWjTU,Standard,-1.0,0.0
3537,gtmuJtEkzX0,Reaction,-1.0,0.0
3538,lnqbOPdz4xw,Standard,5.0,0.0
3539,5egaroxoYvw,Standard,5.0,0.0
3540,HOPkvegg_8U,Standard,-1.0,0.0
3541,F4mTiXo8GGk,Standard,5.0,0.0
3542,Q_Ybymm6wt8,Standard,4.0,6.0
3543,lTfF8vjC684,Standard,-1.0,0.0
3544,1ikAzSZwoQY,Standard,9.0,9.0
3545,hzXYHbJ8aWE,Standard,7.0,0.0
3546,lqoEK4QI-NU,Standard,5.0,0.0
3547,7MoGJ3WDPyQ,Standard,5.0,0.0
3548,1wyeGA-ggQI,Standard,-1.0,2.0
3549,Zw0ihmWGX4U,Standard,-1.0,0.0
3550,JY0D8TNUmB8,Standard,5.0,0.0
3551,dEDdOA2QIis,Standard,-1.0,0.0
3552,XjU4E7spzd8,Standard,-1.0,0.0
3553,T_jtyHiJ1q0,Standard,6.5,6.0
3554,O8WvkKAKDsc,Reaction,7.5,8.0
3555,62Epak5ukT8,Standard,-1.0,0.0
3556,BX5rm3EX75A,Standard,8.5,8.5
3557,3Y1xWCCS3GA,Standard,-1.0,0.0
3558,S_tG93V6c54,Standard,6.5,0.0
3559,LaFEOZszcn0,Standard,5.0,0.0
3560,U6Sa-L3q5C8,Standard,-1.0,0.0
3561,hJ-wHS4eNUk,Reaction,-1.0,0.0
3562,3Rhsky8Id8E,Standard,5.0,0.0
3563,GHXfUTNAwVw,Reaction,7.5,7.5
3564,aS4_NS0CrCY,Standard,-1.0,0.0
3565,fTuiIwjXQJU,Standard,-1.0,0.0
3566,d87b2qdTU5w,Standard,8.5,9.0
3567,_SWFqSL8k5g,Standard,8.5,8.0
3568,GZ1GiyV_1JI,Standard,7.0,8.0
3569,Xcp0kju5oQI,Standard,5.0,0.0
3570,cX9hYZOcqd4,Standard,8.0,8.0
3571,o2_n-eMILsA,Standard,5.0,0.0
3572,9qSBCsn5uLU,Standard,-1.0,0.0
3573,zIgSS_XAHUQ,Standard,1.5,0.0
3574,BPu-olt5g_s,Standard,-1.0,0.0
3575,netI6lwbPF4,Standard,5.0,0.0
3576,BOgjx7f0IhA,Standard,3.5,0.0
3577,IfNIxsueXDs,Standard,6.0,6.0
3578,hGVAs_AVQNw,Standard,1.5,6.5
3579,PVVVqeyNIdk,Standard,8.0,8.0
3580,tP2wTSICFek,Standard,5.0,0.0
3581,DhaZsgaZuLk,Reaction,-1.0,0.0
3582,a7zd7yt8HVg,Reaction,-1.0,0.0
3583,IJRNe8CqF7Y,Standard,9.0,8.0
3584,LM9Vf9LTEac,Standard,7.0,7.0
3585,TpRrsdxEN4E,Standard,8.0,8.0
3586,wditD88mIck,Standard,9.0,9.0
3587,GAc7ltDXKGQ,Standard,-1.0,0.0
3588,j70tc0CQads,Standard,5.0,0.0
3589,CJok9TxRPrg,Standard,8.0,7.0
3590,Pj38UZiNuyI,Standard,5.0,0.0
3591,gntgW3RrEsg,Standard,7.5,9.0
3592,madtPUvP3_g,Standard,7.5,8.0
3593,GX8hdaDBbZM,Standard,5.0,0.0
3594,m95uaFlNK5c,Standard,6.5,0.0
3595,DStbEmZywfI,Standard,-1.0,0.0
3596,f32HCTWyPMM,Standard,6.5,7.5
3597,lXrRcNp7GG8,Standard,-1.0,0.0
3598,tMQEp1y7mmE,Reaction,9.0,9.0
3599,7d-5mIdXevk,Reaction,8.5,9.0
3600,3zfkIxhwblQ,Standard,-1.0,0.0
3601,JGcNl8xdJPY,Standard,5.0,0.0
3602,fDVEJoenS0Y,Standard,-1.0,0.0
3603,sP97tXeEqSQ,Standard,5.0,0.0
3604,QwFt2-PzuP4,Standard,-1.0,0.0
3605,WdBcZyNbIRQ,Standard,-1.0,0.0
3606,fodHuZNb5Tg,Standard,-1.0,0.0
3607,z43iZCyC0vA,Standard,8.5,8.5
3608,dWYgcWgSsnA,Reaction,5.0,4.0
3609,3AA9rmYoHmo,Standard,6.5,6.0
3610,HtsAMl59cYs,Standard,5.0,0.0
3611,sIiULSgJ_i4,Standard,1.5,0.0
3612,QF339Bh3uDs,Standard,2.0,0.0
3613,5_rq1peQ4ME,Standard,-1.0,0.0
3614,LnDHBVM1H_k,Standard,5.0,0.0
3615,vvLWo777q1I,Standard,5.0,0.0
3616,Dpqbykbe3VE,Standard,5.0,0.0
3617,hlRq5U3Ga90,Reaction,-1.0,0.0
3618,axjA9Og3UaU,Standard,6.5,7.5
3619,XDil40hWMpQ,Standard,-1.0,0.0
3620,cHw54HWgpeA,Standard,5.0,0.0
3621,fjWpNIY9hnI,Standard,-1.0,0.0
3622,38gBzeJ52j4,Standard,5.0,0.0
3623,JXdZSxHUsOI,Standard,5.0,0.0
3624,qZnDF_PnIs8,Reaction,8.5,7.5
3625,Lv-vTvrEQc0,Standard,4.0,0.0
3626,Cu3_rydeNq0,Standard,3.5,0.0
3627,sefvI9XiYUU,Standard,3.5,0.0
3628,aacknllCSag,Reaction,-1.0,0.0
3629,W8gpRe2ipUM,Standard,-1.0,0.0
3630,efuU8YX5Ze4,Standard,5.0,0.0
3631,xudHMA99H0o,Standard,5.0,0.0
3632,CJ9fadeXCko,Standard,7.0,6.0
3633,DWaBW5v215o,Standard,5.0,0.0
3634,bB3XRvS0lwU,Standard,9.0,8.0
3635,fEDqj8Y1QTA,Standard,7.0,8.0
3636,QegX9hBu1tw,Standard,-1.0,0.0
3637,2K51Jfu1P24,Reaction,5.0,0.0
3638,7U4hCKyLPdM,Reaction,7.0,6.0
3639,jhHgG6Qcrig,Standard,5.0,0.0
3640,-OYREHZXvxs,Standard,-1.0,0.0
3641,KIhaN8O4UqU,Standard,5.0,0.0
3642,CrKPOfwi-is,Standard,3.5,7.5
3643,FP8h6rzgOQ4,Standard,5.0,0.0
3644,wTW5pO6GusE,Standard,5.0,0.0
3645,zUwNZpHXpKg,Standard,5.0,0.0
3646,WsyK60aBN1I,Standard,3.5,5.5
3647,iZdRs2W0KwU,Standard,5.0,0.0
3648,LduT5XIVt_U,Standard,5.0,0.0
3649,JaccARO3Idg,Standard,-1.0,0.0
3650,-cqvfjWqYD8,Standard,8.0,8.0
3651,aO_eDHs7nvs,Standard,5.0,0.0
3652,QtwtQkdE3Xk,Standard,9.0,8.5
3653,TUC3GZnzHxs,Standard,-1.0,0.0
3654,9aUqc2SOAuM,Standard,5.0,0.0
3655,m1LQmjG6LyM,Standard,5.0,0.0
3656,I9kzg5qAbJ4,Standard,5.0,0.0
3657,D0mMZ6BKEU8,Standard,-1.0,0.0
3658,gGxAFin8kIU,Standard,3.5,7.5
3659,_dchUpTTC-Q,Standard,2.5,0.0
3660,Q7OmilkgyCE,Standard,5.0,0.0
3661,7Kiwn9R6QyI,Standard,-1.0,0.0
3662,lBbSbCWqMDk,Standard,3.5,0.0
3663,uszbDjjGIGc,Standard,5.0,0.0
3664,onbMWs_wvJg,Standard,-1.0,0.0
3665,BSVnlccsjJk,Standard,8.0,7.5
3666,I-KsYHZFZ6U,Standard,3.0,0.0
3667,GPnNg6E7USQ,Standard,-1.0,6.0
3668,MyLivEJQH_U,Standard,-1.0,0.0
3669,5SY8mrkqMaE,Standard,7.5,9.0
3670,3um-uYQr7AI,Standard,-1.0,0.0
3671,qf8KYkhWIyU,Standard,9.0,8.0
3672,JK_giQr4f5s,Standard,5.0,0.0
3673,gA3pzcvX6q0,Standard,5.0,0.0
3674,OlT0Upssu54,Standard,7.5,6.5
3675,9BXOPh-HTrA,Standard,5.0,0.0
3676,thFxaAXP0g0,Reaction,5.0,0.0
3677,w858rHJyNHg,Standard,6.5,2.0
3678,2DwBIXT1Fv4,Standard,5.0,0.0
3679,NCnMoutv0YI,Standard,7.5,0.0
3680,dRni61lx9As,Standard,-1.0,0.0
3681,XSW-wydzsmw,Standard,5.0,0.0
3682,YXPr3obbAg0,Standard,5.0,0.0
3683,OE6FYzVYUKI,Standard,5.0,0.0
3684,xlPietqxArQ,Standard,9.0,9.0
3685,NsZm-xyMnnA,Standard,-1.0,0.0
3686,eONd48JvMqY,Standard,3.5,0.0
3687,qmer40ASlDM,Standard,5.0,0.0
3688,-4eMFdnSZjY,Reaction,7.0,7.5
3689,dsLmak981TE,Standard,5.0,0.0
3690,VRpYrusk7bU,Standard,8.0,8.0
3691,H8vnf1bW49M,Standard,5.0,0.0
3692,Obs8Xk7JXY8,Standard,-1.0,0.0
3693,ri5CQE5xiac,Standard,-1.0,0.0
3694,pMgIQBZRPNM,Standard,9.0,7.5
3695,cLlyDwVxxSs,Standard,-1.0,0.0
3696,Akq44hc9D5M,Standard,8.5,7.0
3697,igJHtsVOAiQ,Standard,6.5,4.0
3698,r_eMsh31EiE,Standard,8.5,0.0
3699,drd1TtG6rV8,Standard,-1.0,0.0
3700,iX_Z1XSKrOs,Standard,-1.0,0.0
3701,p-_YB0PXEFc,Standard,6.0,8.0
3702,pZ8sqtnz7Lg,Standard,9.0,9.0
3703,QMN38arOYig,Standard,8.0,9.0
3704,z-oQhilJm8Q,Standard,6.5,8.0
3705,7H6fyUNBueE,Standard,7.5,7.0
3706,cUGjMCgR9FE,Standard,1.5,2.0
3707,af1Ve9Wmebc,Standard,-1.0,0.0
3708,YAzCiDzBpuA,Standard,6.5,7.0
3709,9yvN0CVj3Cg,Reaction,7.5,7.5
3710,7ovTTXBtWqs,Standard,5.0,0.0
3711,yE1rmYrDHJU,Standard,8.0,8.0
3712,ORUen0CPFb4,Standard,-1.0,0.0
3713,fag9RmxoUHY,Standard,3.5,0.0
3714,KeIsRzr1-B8,Reaction,-1.0,6.0
3715,q_7raDq5jZ8,Standard,-1.0,6.0
3716,wcbzr32oZ-U,Reaction,7.5,8.0
3717,HGToYNYrGR8,Standard,-1.0,0.0
3718,kIutx04c03Y,Standard,-1.0,0.0
3719,2M3y7veMKXU,Standard,1.5,6.0
3720,sU8TMRr9DNo,Standard,9.0,8.0
3721,CPFyWSn265U,Standard,9.0,8.5
3722,yNHTXREAhhE,Standard,3.5,0.0
3723,zSmJ9D8EZmo,Standard,8.0,8.5
3724,-1crza10xvE,Standard,-1.0,0.0
3725,BwW6a33Fldg,Standard,5.0,0.0
3726,HpMqq6y3GGg,Standard,-1.0,0.0
3727,xBrIoXmugtk,Standard,-1.0,0.0
3728,KBrA6r2Cc1Q,Standard,3.5,0.0
3729,eGvAJooj2G8,Standard,5.0,0.0
3730,bVgEuhN2mw4,Reaction,7.5,9.0
3731,WfNDjAHtnT0,Standard,5.0,0.0
3732,bdw1lrClxFQ,Standard,5.0,0.0
3733,fJNWfe9-DnU,Standard,-1.0,2.0
3734,RPLNJCPzgWc,Standard,5.0,0.0
3735,6JFZTow6_7I,Standard,5.5,0.0
3736,TIGASkecBII,Standard,5.0,0.0
3737,suEWE4jUD_A,Standard,3.0,7.0
3738,JhCyC8zdPOk,Standard,5.0,0.0
3739,8qb0Qp428c0,Standard,6.5,7.5
3740,ZTNEdJg1Fmg,Standard,-1.0,0.0
3741,GRHj4mHW03o,Standard,5.0,0.0
3742,DUKhFv4oelA,Standard,-1.0,0.0
3743,suMJt-Ax21I,Standard,5.0,0.0
3744,ckjuMg0xoN8,Standard,5.0,0.0
3745,JtnCnvMs0h8,Standard,8.5,7.5
3746,LGPqbJiMQr8,Standard,-1.0,0.0
3747,5s-pCsw4Vk4,Standard,-1.0,0.0
3748,G32oj7yiLW0,Reaction,1.5,7.5
3749,Num8IkyUOik,Standard,6.0,9.0
3750,BpNU2mLn5OI,Standard,5.0,0.0
3751,BrwPqBKsrI4,Standard,5.0,0.0
3752,M2YC4jmCeHs,Standard,3.5,0.0
3753,TFahvveqTBM,Standard,6.0,0.0
3754,EfLZ75dNP9k,Standard,7.5,9.0
3755,8nP5ys-QLZw,Standard,7.5,7.0
3756,IibpPaE1d-o,Standard,5.0,0.0
3757,YaxgcJTVMR0,Standard,5.0,0.0
3758,25j324DiUSM,Standard,8.5,7.5
3759,NyeIvL-u6K4,Standard,6.5,6.5
3760,8VjoX9AdGZ0,Standard,5.0,0.0
3761,RA-D6rVCZAM,Standard,-1.0,0.0
3762,9a1NoOL2EtI,Standard,-1.0,0.0
3763,sOPz7SPDcnc,Standard,-1.0,0.0
3764,mT7mDE34Zm0,Standard,2.5,7.0
3765,g7q33ZGBXzg,Reaction,1.5,7.5
3766,F-Ccxo0zJm0,Standard,-1.0,0.0
3767,R8xNDNG21sI,Standard,-1.0,0.0
3768,ssbAwqXeuP0,Standard,5.0,0.0
3769,vcU_D9ZkXy4,Standard,-1.0,0.0
3770,vfFJ77mkFf8,Standard,-1.0,0.0
3771,CfEXcWxwhf8,Standard,5.0,0.0
3772,IuwbNAVn4qw,Standard,5.0,0.0
3773,sRL1CfIPO2Y,Standard,6.0,0.0
3774,4yErOQqZ_AQ,Standard,7.0,6.0
3775,6ub_6xZ3kR0,Standard,8.5,8.0
3776,5VWHaG1jrmE,Standard,5.0,0.0
3777,lzCnFp1GDjA,Standard,7.0,8.0
3778,rj72FS8t1IM,Standard,5.0,0.0
3779,krR3FKvwzs0,Standard,5.0,0.0
3780,Wz5f8jNUync,Standard,-1.0,0.0
3781,brZkiR5N9kg,Standard,7.5,6.0
3782,DBWcakiP5Eo,Standard,-1.0,0.0
3783,7OiTTbAer00,Standard,-1.0,0.0
3784,kVGk8z8nRRE,Standard,-1.0,0.0
3785,jT6YrUSJ6uI,Standard,5.0,0.0
3786,UTlbEC97dk8,Standard,5.0,0.0
3787,rqaRmiYR5co,Standard,-1.0,0.0
3788,ViMViNVL9EQ,Standard,5.0,0.0
3789,oQNEVp64T8k,Standard,9.0,8.0
3790,7cmwRDa-ako,Standard,-1.0,0.0
3791,LGUhFqRT8pg,Standard,5.0,0.0
3792,LxBpCQ6Ox48,Reaction,5.0,0.0
3793,veWQlenwZ_4,Standard,5.0,0.0
3794,cxiCufThkXo,Standard,-1.0,8.0
3795,-2Rh2-Ybk3Q,Standard,5.0,0.0
3796,CQfC4fBDXYE,Standard,-1.0,0.0
3797,TDWZfVN0ZNs,Standard,5.0,0.0
3798,VXVnxGt34wY,Standard,-1.0,0.0
3799,pmhiqZUkKBU,Standard,8.5,7.5
3800,fyq-Pj8C6-A,Reaction,8.5,8.0
3801,Lpxxn0gCWV8,Standard,9.0,9.0
3802,PsN5w-ofD7E,Standard,-1.0,0.0
3803,AkZ3YojbJwg,Standard,5.0,0.0
3804,Qv-hM9aF-I8,Standard,-1.0,0.0
3805,OLfhjSQW1Us,Standard,5.0,0.0
3806,vWJdFx_mb5U,Standard,-1.0,0.0
3807,xsLWj9PdywM,Standard,4.0,0.0
3808,DZ3O2AT9mCM,Standard,5.0,0.0
3809,aL62f-4mBoc,Standard,8.5,8.0
3810,VHAzF63klEk,Standard,-1.0,0.0
3811,lUjdi9NPuBs,Standard,5.0,0.0
3812,f1ms7uwvoCQ,Standard,9.0,9.5
3813,D87iOvN_cYw,Standard,5.0,0.0
3814,W1-b1aqca6I,Standard,5.0,0.0
3815,DOKBKG1KxRQ,Standard,-1.0,0.0
3816,rqx9b7vQzY4,Standard,1.5,7.5
3817,oB5uM2JTjiU,Standard,3.5,1.0
3818,MAuukHDr80M,Standard,7.5,7.5
3819,i6GEWqgtlAA,Standard,6.5,4.0
3820,m-ptM3a6S54,Standard,-1.0,2.0
3821,wYxM8HXqVRM,Standard,5.0,8.0
3822,E09YSc5Py-E,Standard,5.0,0.0
3823,2Hy8-mRUhRU,Standard,5.0,4.0
3824,qkj2OrI75EM,Standard,5.0,0.0
3825,yOfVwdj3TFs,Standard,6.5,0.0
3826,8v9yOFBpTs4,Standard,5.0,0.0
3827,kWqHhHj8fzA,Reaction,8.5,7.5
3828,9aVq4NpDhuQ,Standard,9.0,9.0
3829,u7lQdVnqRBQ,Standard,6.5,0.0
3830,CHw6UfZJi4M,Standard,5.0,0.0
3831,5_o6FLW-WvA,Reaction,8.5,8.0
3832,9Qh77zQNe_g,Standard,5.0,0.0
3833,KnrwGgpHB00,Standard,3.0,1.0
3834,eU-NdJdzJNo,Standard,5.0,0.0
3835,tXSs5cNj5G4,Standard,-1.0,0.0
3836,3opXeJmePHg,Standard,8.5,7.0
3837,BMt3KUWecE8,Standard,8.0,9.0
3838,WBTUBtN38g8,Standard,5.0,0.0
3839,_AEGuZ1juRQ,Standard,5.0,0.0
3840,ENjTFWdLMHI,Standard,2.0,4.0
3841,csEbASB4wB4,Standard,2.5,4.0
3842,eeTOvsjJP_w,Standard,6.5,8.0
3843,Kv9N6UbnStw,Reaction,4.0,7.5
3844,YkJq0wtIPyw,Standard,5.0,0.0
3845,oJAFYvZ7d5w,Standard,5.0,0.0
3846,O7wAL8TYujI,Standard,5.0,0.0
3847,iopaoSexDHs,Reaction,7.5,8.0
3848,7lY1qYjyaqs,Standard,5.0,0.0
3849,DOjwvRN0Nsc,Standard,4.5,0.0
3850,GgJ_35Z7ynQ,Standard,-1.0,0.0
3851,EkV2rM04zQU,Standard,-1.0,0.0
3852,7i8NSiEUPA0,Standard,8.5,7.5
3853,2DEoOaxVRZ0,Standard,5.0,0.0
3854,CetmWsFO7ms,Reaction,8.0,7.5
3855,nTBP4dIOfuM,Standard,8.5,8.0
3856,F6xpZAwUJ6U,Standard,-1.0,0.0
3857,gpLpPNSiLOU,Standard,8.5,8.5
3858,fYXlzbqGXrc,Standard,6.5,0.0
3859,WRUVTvH3RAw,Standard,-1.0,0.0
3860,sAZG9iGdeT0,Standard,-1.0,0.0
3861,AMfo015ABd4,Reaction,8.0,8.0
3862,urbs-shkynk,Standard,6.0,0.0
3863,-Zcow00IDkQ,Standard,5.0,0.0
3864,xoxfapCGKDA,Standard,-1.0,0.0
3865,eh1Xxdgpj0k,Standard,-1.0,0.0
3866,76VHo9L0t2Q,Standard,7.5,8.0
3867,eItwTUT4zj8,Standard,7.5,6.5
3868,TPN09xGqrFc,Standard,-1.0,0.0
3869,_OkEL8FLeQM,Standard,-1.0,6.0
3870,HP0C_UQFLYI,Standard,5.0,8.0
3871,LNyNxhOphk8,Standard,3.5,0.0
3872,fdVmzjXwCmw,Standard,-1.0,0.0
3873,XSuNQwrYEhg,Standard,1.5,6.0
3874,TPfdxJ0upno,Standard,5.0,0.0
3875,cKWrSmZ3F4w,Standard,8.0,0.0
3876,TCfeAb8xJX0,Standard,-1.0,0.0
3877,9tMfoUIMv9w,Reaction,8.5,8.5
3878,Z-EGsD5V8PM,Standard,-1.0,0.0
3879,yyhfuRb3Xgw,Standard,5.0,0.0
3880,s_8LO_DZ1qw,Standard,5.0,0.0
3881,yii-KCKRTnM,Standard,-1.0,0.0
3882,vfg8CK0kgjI,Standard,5.0,0.0
3883,-6PCR3--NHc,Reaction,4.0,8.0
3884,9ZflJJ_jYuA,Standard,-1.0,0.0
3885,ve_niEpCZk4,Standard,6.5,7.5
3886,cD75WRih66E,Standard,8.5,9.0
3887,2A90Ex6Prnk,Standard,5.0,0.0
3888,3W7nAYd3Bgg,Standard,3.5,0.0
3889,SyIGg8kh5B0,Standard,5.0,0.0
3890,YYzAW-pPX78,Standard,4.0,0.0
3891,esG0GSslWc4,Standard,3.5,7.5
3892,OBoIXH_CSVs,Standard,-1.0,0.0
3893,eyuBxjb5xjc,Standard,7.5,8.0
3894,jGyzP3ndNnE,Reaction,5.0,2.0
3895,vUPbXMrm0aM,Standard,3.5,0.0
3896,2ezsBxaspBs,Reaction,-1.0,0.0
3897,7SLRBNpzXAI,Standard,-1.0,0.0
3898,x-ovger4H6I,Standard,5.0,0.0
3899,Baa4we_sFzg,Standard,8.5,8.0
3900,qts3mOmZDxg,Standard,8.0,8.0
3901,x0rMjwSRnk0,Standard,6.0,0.0
3902,WuEaNhV0vQM,Reaction,-1.0,8.0
3903,O6v8jv4CTM0,Standard,-1.0,0.0
3904,tkxtyJzAxo4,Standard,9.0,9.0
3905,5ioeCclfDwA,Standard,9.0,9.5
3906,06MzeE14oiQ,Standard,5.0,0.0
3907,v_9zoqOdWRA,Standard,6.5,6.0
3908,UMW1P9wQkBs,Standard,-1.0,0.0
3909,49tHtFpaPUI,Standard,8.0,8.0
3910,7sykRfxofN0,Standard,-1.0,0.0
3911,UFWnd7S54oE,Standard,3.5,7.5
3912,ajoSeIIlKKQ,Standard,5.0,0.0
3913,N-fEEJ1oQL8,Standard,5.0,0.0
3914,UzkEE-vmcOU,Reaction,4.5,7.0
3915,tn5AJlV7pcY,Standard,5.0,0.0
3916,sZSipbbQZw4,Standard,3.5,7.5
3917,UTnuus99IHk,Standard,-1.0,0.0
3918,xG0k865Cuiw,Standard,6.5,0.0
3919,nCsNJt4sKfU,Standard,-1.0,0.0
3920,ZcmWYJSBnN8,Standard,5.0,0.0
3921,YMKMRZSIquI,Standard,7.5,8.5
3922,dN9DAmokFdM,Standard,6.5,7.0
3923,T2mCW1MQttY,Reaction,9.0,8.0
3924,eC-ypZ2qhCw,Reaction,9.0,9.0
3925,COlvRV6hfi0,Standard,5.0,0.0
3926,ZLI9wb5VFPQ,Standard,5.0,0.0
3927,OA5efi0ZPYY,Standard,8.5,8.5
3928,tGuJu1wSv3g,Standard,7.5,7.5
3929,EU6JWRq1En8,Standard,8.5,8.5
3930,njYXZRDUzbg,Standard,-1.0,0.0
3931,Hxx_W534OS0,Standard,5.0,0.0
3932,m7WgfvjPND0,Standard,-1.0,0.0
3933,eBc4rqs5V1I,Standard,5.0,0.0
3934,ZZyfzDKhR_I,Reaction,7.0,8.0
3935,2l9YyRBKlNQ,Standard,-1.0,0.0
3936,tv7X-pAnBpI,Reaction,7.5,7.5
3937,_yn6y-OI9tA,Standard,9.0,7.5
3938,8H135AnkzC8,Standard,5.0,0.0
3939,xwn2cHApgQY,Standard,8.0,7.5
3940,4k8wzP2RKws,Standard,1.5,7.0
3941,3ZoXqcx3Rc8,Standard,8.0,8.0
3942,TCWMoKghmKQ,Standard,5.0,0.0
3943,DRtQ6Sq5aPU,Standard,8.5,8.5
3944,SrfLtVvQ5C4,Standard,6.5,7.0
3945,C_C3sYIHtGc,Standard,-1.0,0.0
3946,7aXIiLSgdek,Standard,8.0,8.0
3947,U7Nxh56MVOo,Standard,-1.0,0.0
3948,Op6k84Ju9Uo,Standard,-1.0,0.0
3949,8hd1Uw4KwuU,Standard,8.5,8.5
3950,clGJQyyeivA,Standard,-1.0,0.0
3951,ysRTV8Hr6AQ,Standard,-1.0,0.0
3952,Dr83eAB9b_g,Reaction,-1.0,0.0
3953,CB7vFO9Ygzk,Standard,5.0,0.0
3954,iHeeFVsmvkE,Standard,4.0,0.0
3955,auUtogCONUk,Standard,3.5,0.0
3956,7DWhW_yKeSs,Standard,-1.0,0.0
3957,efYnXenJY7k,Standard,6.0,7.0
3958,EZom5ZzoTfI,Standard,-1.0,0.0
3959,i9V3Z-b4A9o,Standard,7.5,6.5
3960,cLfF6-cVzCU,Standard,3.5,0.0
3961,mpBozRPcVHU,Standard,8.5,7.5
3962,ZtzFWzRLtyQ,Standard,9.0,8.0
3963,VMSO_uJ_cuA,Standard,5.0,0.0
3964,SLytH9G_DLo,Standard,5.0,0.0
3965,C8xabvViiY8,Standard,8.5,7.5
3966,V841b7QFPD0,Standard,5.0,0.0
3967,CCjfqTdzIO8,Standard,8.5,8.0
3968,RJRRSr8LHwc,Standard,-1.0,0.0
3969,IuQzHkE5bkQ,Standard,5.0,0.0
3970,FsM_qvY8gmU,Standard,8.0,8.0
3971,WHgXQNTqjVc,Standard,-1.0,0.0
3972,2IybYShtiiY,Reaction,-1.0,0.0
3973,YeitFlv8rSg,Standard,1.5,8.0
3974,ImgjhSCkp2M,Standard,5.0,7.0
3975,103iksmq73c,Standard,-1.0,0.0
3976,USXbzaB4Ya4,Standard,8.0,8.5
3977,Dc9LM8Z1uiE,Standard,5.0,0.0
3978,d414BasrMt0,Standard,5.0,0.0
3979,mAc_2Yhuxxc,Standard,5.0,4.0
3980,9GPDjNiSA9U,Reaction,-1.0,0.0
3981,jKTK4nJgQ7M,Standard,9.0,8.5
3982,-zk6HOj1wkk,Standard,8.5,7.5
3983,26FgGATWtLU,Standard,5.0,0.0
3984,J4_b-QujhxI,Reaction,7.0,6.0
3985,xSHNAfWjvXI,Reaction,-1.0,0.0
3986,dxYFT91L_Ig,Standard,-1.0,0.0
3987,cmLEH0WAeic,Reaction,5.0,0.0
3988,kBfWwYSKgbk,Standard,6.0,7.0
3989,EzAcgtPdb_I,Standard,-1.0,0.0
3990,SY1mcUV6D6Y,Standard,6.5,0.0
3991,tbKyDdQarhw,Standard,-1.0,0.0
3992,hecKCEKagCI,Standard,7.0,7.0
3993,Q8rC9esHQhQ,Reaction,3.5,8.0
3994,Ojf_3M7MfkQ,Standard,-1.0,0.0
3995,k2PvnXKQTVA,Standard,5.0,0.0
3996,Pj-SNG_4Bdc,Standard,6.5,0.0
3997,a6QypyylCE0,Standard,5.0,0.0
3998,3QYB0EfCl8w,Standard,7.0,0.0
0,Tjvb5wrkJds,Standard,-1.0,0.0
1,pPMnhB2UbZc,Standard,-1.0,0.0
2,jXuo2V4hWjQ,Standard,-1.0,0.0
3,FWi-efaYRhc,Standard,-1.0,0.0
4,3Gd5PdrKRKA,Standard,-1.0,0.0
5,x9Czik3Fqok,Standard,-1.0,0.0
6,EbQOnOp-Olo,Standard,-1.0,0.0
7,JF-qFphswQg,Standard,-1.0,0.0
8,SJbnrUcnC-0,Standard,-1.0,0.0
9,l_Eeb2yD37Y,Standard,-1.0,0.0
10,hCn522MXv3Y,Standard,-1.0,0.0
11,8ecSsTLAwsI,Standard,-1.0,0.0
12,aXmLxFbiAFw,Standard,-1.0,0.0
13,SWWPmhuJfG0,Standard,-1.0,0.0
14,KKEGFBot6Bw,Standard,-1.0,0.0
15,d9LBGC6pspc,Standard,-1.0,0.0
16,XCpicq7GxXw,Standard,-1.0,0.0
17,SieeXJ2Dr0g,Standard,-1.0,0.0
18,kjLosVw6tak,Standard,-1.0,0.0
19,rAmkqOqdA4M,Standard,-1.0,0.0
20,xNbkrHiqg5w,Standard,-1.0,0.0
21,hckOe40bLQ0,Standard,-1.0,0.0
22,EVyl-sVVLuU,Standard,-1.0,0.0
23,nTxGaMB70s4,Standard,-1.0,0.0
24,7-dBMKtmSpQ,Standard,-1.0,0.0
25,jpe5S-Rc0Hs,Standard,-1.0,0.0
26,yhVocuLFU-Y,Standard,-1.0,0.0
27,TbJ7TJ0Hl-c,Standard,-1.0,0.0
28,AWov8njGiTQ,Standard,-1.0,0.0
29,VLrhq-MpLQI,Standard,-1.0,0.0
30,8UNXJL9CWvs,Standard,-1.0,0.0
31,9JoZtZYzbrc,Standard,-1.0,0.0
32,ferp3tHO2aU,Standard,-1.0,0.0
33,g95H5Hk4ZEQ,Standard,-1.0,0.0
34,royO65O3D-0,Standard,-1.0,0.0
35,oYOarwAE-18,Standard,-1.0,0.0
36,U9LHB1EUkKA,Standard,-1.0,0.0
37,3ga21AFMyhQ,Standard,-1.0,0.0
38,aCQXUFEWRDw,Standard,-1.0,0.0
39,HLrMz8-5UZw,Standard,-1.0,0.0
40,yYk7ewzCpnw,Standard,-1.0,0.0
41,SeNo0txZ4oc,Standard,-1.0,0.0
42,oMOrq-NuOK8,Standard,-1.0,0.0
43,fGeEJUG7ab8,Standard,-1.0,0.0
44,CLZjHlT9VUo,Standard,-1.0,0.0
45,rpz20FL9GAg,Standard,-1.0,0.0
46,RKBzkHRGJOM,Standard,-1.0,0.0
47,wp_4pPiKGyQ,Standard,-1.0,0.0
48,e01hvTuRD3Y,Standard,-1.0,0.0
49,wxWRYKbmGM4,Standard,-1.0,0.0
50,zNawdD9luNc,Standard,-1.0,0.0
51,o0AoNw4ZLag,Standard,-1.0,0.0
52,2nF4-4wxji0,Standard,-1.0,0.0
53,NWdUXCFOWIw,Standard,-1.0,0.0
54,DhUHV2IlfRQ,Standard,-1.0,0.0
55,YsyF5cMj2TU,Standard,-1.0,0.0
56,nlNdM_cgN3U,Standard,-1.0,0.0
57,YbEIS2FLVTA,Standard,-1.0,0.0
58,fyJwX-nuJJ4,Standard,-1.0,0.0
59,iPfgZa5SopQ,Standard,-1.0,0.0
60,_0jSZAlHo1Y,Standard,-1.0,0.0
61,75-f00Dwf1M,Standard,-1.0,0.0
62,qfjrUtPfNFI,Standard,-1.0,0.0
63,g-zeLvyUGXw,Standard,-1.0,0.0
64,81zRZLkizxw,Standard,-1.0,0.0
65,Vq8Fau21OXk,Standard,-1.0,0.0
66,7qp5rBpDRr0,Standard,-1.0,0.0
67,DdRVOP8htyk,Standard,-1.0,0.0
68,BjVklu15ZaE,Standard,-1.0,0.0
69,v-c97oB7Ka8,Standard,-1.0,0.0
70,4kxkp8EUbGU,Standard,-1.0,0.0
71,8CUjsj7zV98,Standard,-1.0,0.0
72,6XNSvE48v-o,Standard,-1.0,0.0
73,zIU8p7_E3Yk,Standard,-1.0,0.0
74,u7xRXAOLLvQ,Standard,-1.0,0.0
75,CDjcfqaPtZU,Standard,-1.0,0.0
76,ckthTQs7aew,Standard,-1.0,0.0
77,cqien2PZJjo,Standard,-1.0,0.0
78,bPxk5lKayME,Standard,-1.0,0.0
79,mGFRojLBa84,Standard,-1.0,0.0
80,R3fgIe2nDsU,Standard,-1.0,0.0
81,iZqViQdemY4,Standard,-1.0,0.0
82,3ylBHvHB0zM,Standard,-1.0,0.0
83,dK7dRxEPBUA,Standard,-1.0,0.0
84,U5JqeRrvTfQ,Standard,-1.0,0.0
85,vTR58I-YmZA,Standard,-1.0,0.0
86,UiF1dtjWBvo,Standard,-1.0,0.0
87,QIOpW4pCtfQ,Standard,-1.0,0.0
88,aXDxyVsttuo,Standard,-1.0,0.0
89,Qa2kkVzVctQ,Standard,-1.0,0.0
90,atWtDNOhDfs,Standard,-1.0,0.0
91,d2AJ4wLWqxs,Standard,-1.0,0.0
92,ShubHF9zRVU,Standard,-1.0,0.0
93,giZp9Hqtu0U,Standard,-1.0,0.0
94,O9uLN-5XpMg,Standard,-1.0,0.0
95,qGfojjZ_IkI,Standard,-1.0,0.0
96,whPP5elcFWQ,Standard,-1.0,0.0
97,GR3YsJpAYAw,Standard,-1.0,0.0
98,MX5MgBPWmSY,Standard,-1.0,0.0
99,o2dm6t-u2iQ,Standard,-1.0,0.0
100,gc2uJ2uAJ8M,Standard,-1.0,0.0
101,VCu_wF2uTtY,Standard,-1.0,0.0
102,q61VYeDQwTw,Standard,-1.0,0.0
103,C1S2LrdTiFQ,Standard,-1.0,0.0
104,QlWA0VsOyVY,Standard,-1.0,0.0
105,pmKVDlZEmc8,Standard,-1.0,0.0
106,Ikb_73PqbyA,Standard,-1.0,0.0
107,ikvWdZMQQZk,Standard,-1.0,0.0
108,0id1suFMAGU,Standard,-1.0,0.0
109,mODIfJOrQLM,Standard,-1.0,0.0
110,KO0s86iHmMg,Standard,-1.0,0.0
111,TZENEK5nN1c,Standard,-1.0,0.0
112,iaeRtpXErDY,Standard,-1.0,0.0
113,5_Xal70cNVk,Standard,-1.0,0.0
114,0poaU35ZtEM,Standard,-1.0,0.0
115,A0OrZXg8yY0,Standard,-1.0,0.0
116,5qgRhDj2Shw,Standard,-1.0,0.0
117,NSXdQs_KJ9I,Standard,-1.0,0.0
118,81hv0mTzRas,Standard,-1.0,0.0
119,BIjfDi3uSU4,Standard,-1.0,0.0
120,hJNYpi7ZrRc,Standard,-1.0,0.0
121,m0757ANciJo,Standard,-1.0,0.0
122,oQy5WqDka3Y,Standard,-1.0,0.0
123,V9QOqeJs9yA,Standard,-1.0,0.0
124,zO-SRZpWUnc,Standard,-1.0,0.0
125,6pawETch3AA,Standard,-1.0,0.0
126,flDJ5dNRPBY,Standard,-1.0,0.0
127,Am1UY4miCR0,Standard,-1.0,0.0
128,yqqkIK3Jako,Standard,-1.0,0.0
129,l7CikM_WCIQ,Standard,-1.0,0.0
130,xWyb5asf7Rc,Standard,-1.0,0.0
131,zCgC3Z2jxtE,Standard,-1.0,0.0
132,iw0qyHLFwB8,Standard,-1.0,0.0
133,56exLLRPRnM,Standard,-1.0,0.0
134,A8MfdJH-K4c,Standard,-1.0,0.0
135,86dJLruk0-s,Standard,-1.0,0.0
136,y1IdrZERZlQ,Standard,-1.0,0.0
137,VX7qmLEcyu8,Standard,-1.0,0.0
138,INbRkYIkasg,Standard,-1.0,0.0
139,k4imP5lxwQc,Standard,-1.0,0.0
140,elNHWqRe-Ss,Standard,-1.0,0.0
141,isttTJ6Hqsk,Standard,-1.0,0.0
142,I_Eu6OeX8MI,Standard,-1.0,0.0
143,KMD5NuNNN14,Standard,-1.0,0.0
144,v1zffQf0H6A,Standard,-1.0,0.0
145,DcOn-ueZ3vg,Standard,-1.0,0.0
146,sI-mGrl0wug,Standard,-1.0,0.0
147,uJtHf-piX98,Standard,-1.0,0.0
148,uL5Dii8bysI,Standard,-1.0,0.0
149,i2U8XSaSedE,Standard,-1.0,0.0
150,lydOuWfOMSM,Standard,-1.0,0.0
151,_LscqGt_5AU,Standard,-1.0,0.0
152,e8vCt9nqy-A,Standard,-1.0,0.0
153,r17q1ghfdHU,Standard,-1.0,0.0
154,WFzNXEkciCk,Standard,-1.0,0.0
155,p_mEad3PJFc,Standard,-1.0,0.0
156,gStT0YR2igQ,Standard,-1.0,0.0
157,EGT7wMz1znA,Standard,-1.0,0.0
158,LZQYDRrBuxY,Standard,-1.0,0.0
159,Lpj0FOAQ2Rw,Standard,-1.0,0.0
160,sPAebfa2cZA,Standard,-1.0,0.0
161,VC2P8MC7nGA,Standard,-1.0,0.0
162,rYJ8Oz0V0mg,Standard,-1.0,0.0
163,SxKYgMfw_8Q,Standard,-1.0,0.0
164,lnSc5l1KONE,Standard,-1.0,0.0
165,0u0CXoPskIQ,Standard,-1.0,0.0
166,0XUkpguJ5IE,Standard,-1.0,0.0
167,pVNDdC5ZKqo,Standard,-1.0,0.0
168,z-i1sHmXynU,Standard,-1.0,0.0
169,D1Bz7cS--3M,Standard,-1.0,0.0
170,E8WdVeqmWBo,Standard,-1.0,0.0
171,9MUihwKgoEA,Standard,-1.0,0.0
172,oViCQLvnw5c,Standard,-1.0,0.0
173,oaf8kOOct0A,Standard,-1.0,0.0
174,B3CZHEkIxUc,Standard,-1.0,0.0
175,F7uKsNa3OHw,Standard,-1.0,0.0
176,GHlbtd5bT88,Standard,-1.0,0.0
177,hF1M6buT0S8,Standard,-1.0,0.0
178,DKgt6_zuaD0,Standard,-1.0,0.0
179,Gz3u2HsYagQ,Standard,-1.0,0.0
180,3NEK2oKifUk,Standard,-1.0,0.0
181,AXRLMR52ByU,Standard,-1.0,0.0
182,8H18MXmYDlE,Standard,-1.0,0.0
183,odtq1Pnp8vw,Standard,-1.0,0.0
184,Jd-4JrQme8I,Standard,-1.0,0.0
185,u0K8F53MDmo,Standard,-1.0,0.0
186,WifEMFMTFBI,Standard,-1.0,0.0
187,r927GSfOvVI,Standard,-1.0,0.0
188,3lcgh3lZ_Uk,Standard,-1.0,0.0
189,QKrXAdBze0A,Standard,-1.0,0.0
190,d3gmV-pI0PQ,Standard,-1.0,0.0
191,alfGTW4yoag,Standard,-1.0,0.0
192,8AmNUUQt7hY,Standard,-1.0,0.0
193,UCLNSrH9Udo,Standard,-1.0,0.0
194,8MjtaXvBR4o,Standard,-1.0,0.0
195,FOlpmGT-z0k,Standard,-1.0,0.0
196,_obaCIewl3o,Standard,-1.0,0.0
197,ARM--DqmUSw,Standard,-1.0,0.0
198,BaZMnr2g5vs,Standard,-1.0,0.0
199,C7Cu8YuQdU4,Standard,-1.0,0.0
200,vAprO3_aScI,Standard,-1.0,0.0
201,7Zkag4vrAGM,Standard,-1.0,0.0
202,pAzTAxqelC4,Standard,-1.0,0.0
203,-Loba9auWk4,Standard,-1.0,0.0
204,M-4cpslrzA0,Standard,-1.0,0.0
205,nhNJtE0pmvs,Standard,-1.0,0.0
206,wXVPVga9LNc,Standard,-1.0,0.0
207,f3lT0dGgxPU,Standard,-1.0,0.0
208,k59FDHLc-Bk,Standard,-1.0,0.0
209,6bUyk0-MzzY,Standard,-1.0,0.0
210,cfGIFU0mntI,Standard,-1.0,0.0
211,jTE51tC9wLw,Standard,-1.0,0.0
212,d1Z8UM2WvzU,Standard,-1.0,0.0
213,VsJZXTKu1og,Standard,-1.0,0.0
214,UdrXqYf9RMc,Standard,-1.0,0.0
215,I7qQP7vHS5c,Standard,-1.0,0.0
216,K02rnhMFt2A,Standard,-1.0,0.0
217,G3Dfq-fH5Us,Standard,-1.0,0.0
218,2lQs6l2tg5w,Standard,-1.0,0.0
219,vNpvt4SniRc,Standard,-1.0,0.0
220,rTt4l-9v6OQ,Standard,-1.0,0.0
221,fUUa_of0pfs,Standard,-1.0,0.0
222,pZp7TJYP0PI,Standard,-1.0,0.0
223,Uz-htW9DTus,Standard,-1.0,0.0
224,4BiFGAg0Yeg,Standard,-1.0,0.0
225,FsmjoqvwRes,Standard,-1.0,0.0
226,TgpBAwVMW0g,Standard,-1.0,0.0
227,xgQ4liPSI5Q,Standard,-1.0,0.0
228,8JkXk8-5kUs,Standard,-1.0,0.0
229,lJ8BhJKgAUA,Standard,-1.0,0.0
230,40Esu5fnecs,Standard,-1.0,0.0
231,x5Xtx3cK_40,Standard,-1.0,0.0
232,Zr87oAs_DHs,Standard,-1.0,0.0
233,dy8WAmEk7l0,Standard,-1.0,0.0
234,zqgJOY41Oh8,Standard,-1.0,0.0
235,OeyO2ZClKZM,Standard,-1.0,0.0
236,L_M4UXxC-YM,Standard,-1.0,0.0
237,A9Y6eStU2PU,Standard,-1.0,0.0
238,OTjN14hjxLc,Standard,-1.0,0.0
239,JVPHOK7UOkM,Standard,-1.0,0.0
240,C6eAMZCnUSs,Standard,-1.0,0.0
241,FvDokQKj0Vs,Standard,-1.0,0.0
242,3LKRyZPsBX4,Standard,-1.0,0.0
243,_Z5cUeCsZKo,Standard,-1.0,0.0
244,DQDX_zawTr8,Standard,-1.0,0.0
245,vAWk5PeraAg,Standard,-1.0,0.0
246,zXVrLiZSt2k,Standard,-1.0,0.0
247,-DPT93ts2e4,Standard,-1.0,0.0
248,evdhN8pMUyA,Standard,-1.0,0.0
249,-GzwTWQvz-c,Standard,-1.0,0.0
250,y6YcHE24-1I,Standard,-1.0,0.0
251,PwCjlzezKHw,Standard,-1.0,0.0
252,5LPTpb9ij9Q,Standard,-1.0,0.0
253,6nqu0gLARA8,Standard,-1.0,0.0
254,2JALihUJACM,Standard,-1.0,0.0
255,OVEoxN7y95A,Standard,-1.0,0.0
256,rlPkizzXl14,Standard,-1.0,0.0
257,knHK1rfBhig,Standard,-1.0,0.0
258,wAKE914CK98,Standard,-1.0,0.0
259,vu05TMvzQts,Standard,-1.0,0.0
260,a7tyuuJyvSk,Standard,-1.0,0.0
261,6wxzs-jDDBY,Standard,-1.0,0.0
262,TpwQfCil8Mg,Standard,-1.0,0.0
263,NF_jl56lBUA,Standard,-1.0,0.0
264,NmBARLJ0JnU,Standard,-1.0,0.0
265,9lYxHIwjefg,Standard,-1.0,0.0
266,OAf0wfg5FgA,Standard,-1.0,0.0
267,7Snpqpb7YJ8,Standard,-1.0,0.0
268,nOVi2RKZthM,Standard,-1.0,0.0
269,gtrVA0HtVIk,Standard,-1.0,0.0
270,mB4dpyVQI9o,Standard,-1.0,0.0
271,CKrnm6KA-GI,Standard,-1.0,0.0
272,29Rco-p0RvY,Standard,-1.0,0.0
273,iauj-wiOGPQ,Standard,-1.0,0.0
