video_id,video_type,populism_score
ja4I5i0SK8Y,Standard,0.0
-bXKvjrszvA,Standard,4.0
HpT3UXMVHpc,Standard,0.0
5ScmPFynTuY,Standard,-1.0
JyTh0criz6w,Standard,0.0
5I5GmviH1jw,Standard,0.0
7cqzaHOF1aU,Standard,0.0
l3a2xme_XzI,Standard,0.0
UxUIn-SSgFk,Standard,0.0
Qwa5INoDLGM,Standard,-1.0
It3T71VcOns,Standard,8.0
6EsRDWlxhr4,Standard,0.0
oGFLBuFyrh4,Standard,0.0
HkWBIGlVXaU,Standard,0.0
qilZ0hXYAW8,Standard,0.0
-uQudYApQtI,Standard,6.0
3rQ-xSEWv3E,Standard,0.0
ptoyUOXZb50,Standard,0.0
FMG_Asza4-U,Standard,0.0
ckToVbvtYlE,Standard,0.0
yD_EvIJ3Np0,Standard,6.0
1iIeulZcVPE,Standard,0.0
Wji2w6MJGlU,Standard,4.0
FjMgSzeaV5w,Standard,-1.0
4mcg9BEBAKE,Standard,0.0
w7r-gRLGgsE,Standard,-1.0
qZZV5m2YljM,Standard,-1.0
nbrK2lSeE1k,Standard,-1.0
M6mwq1SI19c,Standard,0.0
Gq_lKnNuwhQ,Standard,6.0
dMyB8Xar-Lg,Standard,0.0
tkZZp4qOcPA,Standard,-1.0
ymzn752zfjg,Standard,0.0
cGOyyhH-CL8,Standard,0.0
sVBPepScYb8,Standard,0.0
olSwAsR3xY8,Reaction,0.0
-Bc4kNiVOBo,Standard,-1.0
cYQHmFrCOUA,Standard,0.0
a7mdyhqRFzo,Standard,-1.0
xRvRyVGm08g,Standard,0.0
RCAN4SEVuuM,Standard,0.0
drvVb4GLlPE,Standard,0.0
Mu8pOmCPQcA,Standard,4.0
A06jbYDI_8A,Standard,-1.0
K3oVFEf-CwE,Standard,0.0
LG515eZ4M2k,Standard,4.0
9Fu3-l6Q21Q,Standard,0.0
t7Q83fvrhoc,Standard,4.0
MkGilRAFIQ0,Standard,8.0
xcQLc2r2elw,Standard,4.0
GUJ4C4IPrQg,Standard,0.0
7bYDbwAAdvA,Standard,0.0
yv64BHmULA0,Standard,0.0
9hlrTXbf6qU,Standard,0.0
8viIMU6pDd8,Standard,0.0
TxTx7pEPFbM,Standard,0.0
mLFBYDZu2e0,Standard,8.0
QdtcgQp-b6o,Standard,0.0
h-6ApF79_28,Standard,4.0
hEk349_5pu4,Standard,6.0
QPfy-xi0UQk,Standard,0.0
5yv606pVn-M,Standard,0.0
08ZFtxKgK2A,Standard,0.0
F_arLsSskGg,Standard,-1.0
FN79k86j1-w,Standard,0.0
4OJ8uZzILco,Standard,0.0
qUW2-w7ehSQ,Standard,0.0
p616m-G0bYs,Standard,0.0
lHpcBlYSwyk,Standard,0.0
ZQ4LCSz0W0U,Standard,6.0
fC2yQap_jUA,Standard,0.0
OJqDNqYzMf8,Standard,-1.0
RpbZHfWmB20,Standard,0.0
f-Xezp6CKE0,Standard,6.0
Ww6CS0tjPes,Standard,4.0
8MyPw44cabE,Standard,-1.0
INquVgUi70U,Standard,8.0
tg_8NR4iSMg,Standard,-1.0
1vlJBWnNwqs,Standard,0.0
LCpC7pg7vGo,Standard,0.0
AnbvdXyKCGw,Standard,-1.0
BTrbSJtGlao,Standard,0.0
7o_i3Yt3VdU,Standard,6.0
oTvmQrY6q9g,Standard,0.0
pudqpD0ZrU4,Standard,-1.0
gEf-eOkyMM0,Standard,0.0
Njv9mybOGVo,Reaction,8.0
1b0AyT16svc,Standard,-1.0
eP9-R6vM_ws,Standard,0.0
iIAal9yh960,Standard,0.0
KkfzWa0_6N8,Standard,4.0
RqRDON01uGI,Standard,2.0
hPRLmfV9ukg,Standard,0.0
TM7xpkSz7eM,Standard,0.0
PofHf8ODcm0,Standard,-1.0
7F6IR7x4GN4,Standard,0.0
EQV1tIUzEK0,Standard,0.0
LDcMsoMvLRU,Standard,0.0
wJQoDVDMz08,Standard,0.0
3s_r8rmBLI4,Standard,0.0
PjZ_Zsa10wQ,Standard,0.0
tQYVrO_5O2c,Standard,-1.0
tN-99lzjC9o,Standard,0.0
yQL4Gwt5sYU,Standard,0.0
tL_viryHnxE,Standard,0.0
h_5I2fUj_2M,Standard,0.0
DCtfHe0mxXM,Standard,0.0
ZfeEHPkT-4s,Standard,4.0
3HVacJftJpU,Standard,0.0
nvTuPYA1DKo,Standard,0.0
7KqQlob1M38,Standard,0.0
fw5ObC-uwrw,Standard,8.0
QyDy1vX2kp0,Standard,4.0
igDm9FazxMY,Standard,0.0
XM05BPIA7Ts,Standard,4.0
Y7tMdwZ3oks,Standard,0.0
9lhlhCTd4CU,Standard,4.0
nZwSlY3eWsU,Standard,0.0
-i5sOTQMBkg,Standard,0.0
1bCJ0I2LPgA,Standard,0.0
MtxStfDegBk,Standard,0.0
eICRudU7V7s,Standard,0.0
Ab2s_1pQcWs,Reaction,8.0
8UG3ePgB0bE,Standard,6.0
sMMnji3Ji40,Standard,0.0
zsPofq_O-rk,Standard,2.0
J3TPy_42-ZQ,Standard,0.0
cmbN3N0dZD4,Standard,8.0
H2z6YICmeWc,Standard,0.0
CSNTAYCdgYw,Standard,0.0
nzuxPYM97Rg,Standard,0.0
f5_x8gVpz6A,Standard,-1.0
g9UFBTdpkDU,Standard,0.0
8sayUC_VqoQ,Standard,0.0
Mk9dD7ogna8,Standard,0.0
MrTUmfCphGk,Standard,4.0
DNOPokoP39Y,Standard,0.0
wQSd75CJhKk,Standard,0.0
WkT_uVk5GUM,Standard,0.0
ioHtjU8hPEA,Standard,0.0
rhU6xVeA9SI,Standard,0.0
MhveOwOVH3w,Standard,0.0
Soq7PUsImoE,Standard,0.0
Zfohxia3r6Q,Standard,8.0
ws7urv1_fHI,Standard,0.0
l8YsJGrrG68,Reaction,6.0
azfdOCG9yok,Standard,6.0
co8h_vK4QPM,Standard,0.0
ioZJZSUJCyo,Standard,0.0
FcJ_SJ-IKUI,Standard,0.0
uQYp5QGASps,Standard,0.0
mMqkrCI60X0,Standard,6.0
-QWxN51kn8E,Standard,0.0
cgjn5Ahm174,Standard,-1.0
4K-xAa06r4E,Standard,0.0
lNV0CHV4RNA,Standard,0.0
DoDB7gPkxdE,Standard,8.0
m01FmZIpIMU,Standard,6.0
hKjiUnuVWAg,Standard,6.0
ZSDdIlDjmJ0,Standard,0.0
qykEPKhLI24,Standard,0.0
5Rz5nvSWpNk,Standard,0.0
ZBkp5TOky0E,Standard,0.0
wuDg8I5goHA,Standard,-1.0
aKKMvAUiPGk,Standard,0.0
oLXoIK2tGz8,Standard,0.0
yrvOfzuKWVc,Reaction,4.0
Hd4pbMwUvzY,Standard,6.0
NrOW8h9yohc,Standard,0.0
Tao4pjizy_w,Standard,0.0
KcOYC1E_3nQ,Standard,0.0
mpbRkL6ze0g,Standard,6.0
FQHyqYQCEJ0,Standard,0.0
SaMSddef0G4,Standard,0.0
LrG2K4WGWQo,Standard,0.0
LqIjXnUc1WU,Standard,0.0
bTd2R6iKOF8,Standard,4.0
PypOU9rM3us,Standard,0.0
k4VDhTkk9bI,Standard,0.0
wl9cJiviNfE,Standard,0.0
rlP7tfHAO7c,Standard,0.0
1bly_Zuc-R4,Standard,0.0
9yuswuvBEyg,Standard,6.0
pcfy5rWQMaU,Standard,4.0
xJ5nwJyAhY4,Standard,6.0
8cufgGIkTVc,Standard,0.0
lsRmZKt5kr8,Standard,0.0
TXJHjqKCitM,Standard,0.0
SzxocYHh_OA,Standard,0.0
i1xM3_SXAWc,Standard,0.0
Ku6KrG1Nf_c,Standard,0.0
IdaScACPS5c,Standard,0.0
86CZgQq4kPI,Standard,0.0
GvYBhj52cDg,Standard,-1.0
-tJuSRLZdRA,Standard,2.0
4PsmlY3Iclg,Standard,-1.0
0iVOpmEviHA,Standard,0.0
EhmRc7aJQdE,Standard,0.0
exVbCLeBMnE,Standard,0.0
ZvUSu-0Qke0,Standard,4.0
7wNeMP0ybWg,Standard,0.0
5GbI4--p4WI,Standard,2.0
Jse5t-wH6Ks,Standard,-1.0
iC9zceUG1qc,Standard,0.0
cAr5pOlc-Zc,Standard,0.0
QInH2fhI__k,Standard,0.0
6NtJvgRI4HA,Standard,-1.0
HzfgFD8vEBk,Standard,0.0
KCARqKBAOX8,Standard,0.0
SMh2DoOJnBk,Standard,6.0
Y9Uj_px8boE,Standard,0.0
0ZvjeODbRSw,Standard,0.0
fKnuHo0N1Cw,Standard,0.0
XYKfXwqV8GU,Standard,0.0
dvujZnj9ejU,Standard,0.0
O2FCXdhwU8Y,Standard,-1.0
eAIPsyS_I8g,Standard,8.0
jCveOFmVQvE,Standard,0.0
o4scwkk7vcM,Standard,0.0
lH_kNTeLBrs,Standard,-1.0
68DcemvXaHc,Standard,-1.0
bNhdurxFKAs,Standard,0.0
sT1FOLs0iYc,Standard,0.0
AEf-MhhG5XY,Standard,0.0
3nJkTISVeWQ,Standard,-1.0
wltsBqa0Bqs,Standard,0.0
FLX6sMMhnZE,Standard,0.0
UHhinvQbXrk,Standard,0.0
zib3a7ve0N8,Standard,8.0
R1tS5nXPuis,Standard,0.0
yCU84ILRnoQ,Standard,0.0
HEN19NzBBxc,Standard,0.0
zDUD75dMHE0,Standard,0.0
6NbY6ABoXxg,Standard,0.0
qOJXJZ4Ds7Y,Standard,0.0
deylAC8rHCQ,Standard,-1.0
l59QgHw2wng,Standard,0.0
vbkbzicvzjM,Standard,8.0
5zINYRIw6sY,Standard,-1.0
RVqYzqUxQzc,Standard,0.0
H3wUbGXIxGA,Standard,4.0
OXsuBU8tC8g,Standard,4.0
8f5JnJmFJYw,Standard,0.0
95TgF_Pr_GU,Standard,2.0
Ocmtx8VQN4k,Standard,0.0
Y6XwWsTZJCw,Standard,-1.0
iOxnKIAobNg,Standard,0.0
4RjClMr9i-o,Standard,0.0
7zKIcKD5RhQ,Standard,0.0
5MMscToqBiM,Standard,0.0
Gz-XPBPAj4I,Standard,-1.0
ShS_lkNE97E,Standard,0.0
mCvXcXyqRqE,Standard,0.0
ANjtxSkb_PA,Standard,0.0
cPYcNCwwf1s,Standard,0.0
vOkEY8zIZ5M,Standard,4.0
a08SHdrThb0,Standard,-1.0
FMrSw6Toze0,Standard,0.0
lVD1pA0L3-4,Standard,-1.0
3N9sBK8tNoc,Standard,0.0
Hkh8knoAmtg,Standard,0.0
dga5eoMJYCE,Standard,0.0
XHrhFLd-nV0,Standard,2.0
NtjMVX0N0xQ,Standard,4.0
EQhCaGyDGHY,Standard,0.0
0NcL6WIGh0g,Standard,0.0
AL8fOiinLd8,Standard,-1.0
KEYcynx5Tyg,Standard,0.0
gWN1hLXIEng,Standard,0.0
F0JkeyVTPus,Standard,0.0
zbPlNnhX9-U,Standard,-1.0
Z3VeYvFLGsU,Standard,0.0
f-1PilShhz0,Standard,4.0
voFkhgVRAw0,Standard,6.0
t0mVkkIAxOo,Standard,0.0
mn3bbb_h5Aw,Standard,-1.0
7cYrtJyOmFQ,Standard,-1.0
iIReZ6HEX88,Standard,0.0
muOHZeIR9K0,Standard,0.0
4MswRTehn_U,Standard,0.0
pf6mUwam4DE,Standard,0.0
JARW3PYexeo,Standard,8.0
OjFFbgNc_aA,Standard,2.0
BI4q_58Bcuo,Standard,0.0
ST6Pou43ZdI,Standard,0.0
Fm9DQuJ4Ysw,Standard,0.0
Q54RgLssMHI,Standard,0.0
PlavZXQjxgg,Standard,0.0
TBZdkvI_Gxs,Standard,-1.0
lcFtxs9hX58,Standard,0.0
brCrNuUq--8,Standard,0.0
Z10LuCDmay4,Standard,0.0
4D0iTRPsRo8,Standard,0.0
jNGG1NY9FMU,Standard,0.0
PxFaPhDtA6c,Standard,0.0
vGR6m8xsKlY,Standard,0.0
opaNIk_UERo,Standard,0.0
wUF_yc_Z6xc,Standard,0.0
VSqHQqI8SHw,Standard,0.0
8GuDc4WJaGE,Standard,0.0
-WJTbIO8Dug,Standard,0.0
ycHC9Agax-I,Standard,0.0
P-Uib6ASo7c,Reaction,6.0
e_kaZhH7-a0,Standard,4.0
Z0FRVlG_GvY,Standard,0.0
foIMGbavti8,Standard,0.0
hTHLXlPRgXI,Standard,0.0
v-09aBnC5Io,Standard,0.0
gy_bY2t3Oak,Standard,0.0
K95DhMbnMts,Standard,4.0
MA6cplJw1ok,Standard,-1.0
8YR5oe0b7Uo,Standard,0.0
qMcJ0dUhO9M,Standard,-1.0
sEx6XdY2TY8,Standard,0.0
yXSAWBjv6X4,Reaction,0.0
3X47kedrmlk,Standard,0.0
1781dp1VvVQ,Standard,6.0
putthFzq4R4,Standard,6.0
Xku8lXSh4UA,Standard,0.0
PbidGBrMdPM,Standard,0.0
GjD4ETHJe-M,Standard,0.0
9XaOaIHvYAw,Standard,6.0
I760Uws0Eh8,Standard,0.0
e8jPj0zIuZA,Standard,0.0
wO9egs7yx6A,Standard,0.0
GVqMUosNfQw,Standard,0.0
uhHTeESxIxY,Standard,0.0
JwEP_8C4yA4,Standard,4.0
wJ7yUx3xouY,Standard,-1.0
ePslCGwroM8,Standard,0.0
ON3Aj0bSv0U,Standard,6.0
25gqLbaxpi4,Standard,-1.0
yEW4IDGihcU,Standard,-1.0
19beEWygvU4,Standard,-1.0
j5kHDzITuqc,Standard,0.0
qq00_sc0dvU,Standard,2.0
3NMRuAyLCJQ,Standard,8.0
uec254gLTMA,Standard,0.0
wYs-45jVkU0,Standard,0.0
g_X0uRsvfJk,Standard,0.0
xDXqozHmews,Standard,0.0
c7Y9y9YYuko,Standard,0.0
ruh2yXmFGo4,Standard,0.0
7gK4Mq78neo,Standard,0.0
yJobBYWu4V8,Reaction,8.0
daYosieZR-4,Standard,4.0
ZasfRuMFSkI,Standard,0.0
8VlLvA6p008,Standard,0.0
mjt2soXkOIU,Standard,0.0
IEdtTb3p79Y,Standard,0.0
b2k3G_e9hGw,Standard,0.0
iglWez6fIoY,Standard,0.0
JokQ1U3OQ5Q,Standard,-1.0
iJfmxwxgkNE,Standard,8.0
hLOiZDBUSUs,Standard,0.0
VOvTlF1RwFo,Standard,-1.0
e_N0emKHsQg,Standard,0.0
KQSDwowM7YI,Standard,0.0
3uzOVVDmXKY,Standard,0.0
6XK0Scy4D-Q,Standard,0.0
Vydg3XfITs0,Standard,0.0
gP_qwa-IPLU,Standard,-1.0
h3K1r19Ahx8,Standard,8.0
JODqhYtg8Y0,Standard,4.0
1m1ZxnRY_oA,Standard,0.0
UKZg3vE3WIw,Standard,-1.0
AsFqExWAmXw,Standard,0.0
7iRKPLy62_c,Standard,0.0
WV6PtsyyAIY,Standard,0.0
IkgWxgW4iEM,Standard,0.0
unz85sbW3dE,Standard,-1.0
re5mqCRhQoQ,Standard,0.0
wsImkHZ3ijw,Standard,0.0
uCZQa4LoB9Q,Standard,0.0
_G_291Uof1Q,Standard,0.0
vvFr3Uy-Zjo,Standard,0.0
D6phLmGTGkk,Standard,0.0
p9-BGhIv87E,Standard,0.0
e2DoFcDvlEc,Standard,0.0
o-aU2IM-Lr8,Standard,0.0
BIdD95euZD0,Standard,6.0
85W5O6WFB5I,Standard,0.0
VwABxbel_Wc,Standard,4.0
VINHUpZkajQ,Standard,0.0
XRmK32pwvyw,Standard,0.0
6OPm1e9Waoo,Standard,0.0
ZlL0ZKed-Uo,Standard,4.0
HiuOnomzaa0,Standard,8.0
5uNO4w9Pxcs,Standard,0.0
c-CAvp2U92k,Standard,-1.0
P5MIIS99NEA,Standard,0.0
DONPaSoLWaY,Standard,0.0
-nYz6s3v8IY,Standard,0.0
fQ1DXmlw1ug,Standard,0.0
9A4GM4kzZcA,Standard,0.0
NCNwayIehCI,Standard,-1.0
QHtf0hX5Dwc,Standard,6.0
kopdF1PzKq8,Standard,0.0
4as7zP60YgM,Standard,0.0
frk4yMmXBNQ,Standard,-1.0
vwPOQBrLow4,Standard,0.0
YsIRg-84WOo,Standard,0.0
t-hOUNd2L1g,Standard,-1.0
33j6XokHuMw,Standard,-1.0
olqynxGVyAg,Standard,-1.0
S5P93UZwgIY,Standard,-1.0
U1eSvhBAnTQ,Standard,0.0
hgYqzCCO6TM,Standard,-1.0
lBEIi9bX6RA,Standard,0.0
iriND23A2z0,Standard,0.0
i0CxMBNTIfw,Standard,0.0
mS3SMmax3n4,Standard,8.0
BfbRubYef8U,Standard,0.0
GHdLgBCBZqw,Standard,0.0
2sgTGPQesbo,Standard,2.0
Njbq4_Rugvc,Standard,0.0
H6NSIQm3S2A,Standard,-1.0
nhqgOw-_x0c,Standard,0.0
z12F5h5qQgo,Standard,8.0
iZXjrVMFXbI,Standard,-1.0
Ns496DcwiqY,Standard,8.0
CyvX2VCB-6s,Standard,0.0
MZtPcN1NmcM,Standard,0.0
iKEcSgbpOos,Standard,0.0
J0jLAc5KJtU,Standard,4.0
8vNV1Gue3Jk,Standard,-1.0
BF6T0hzNhWg,Standard,0.0
I7_C-T7AnhU,Standard,0.0
Rar9S9RWDdA,Standard,0.0
-8K4Slm7HWM,Standard,8.0
by2SqyvYZR8,Standard,-1.0
BQg4ttnrLi0,Standard,0.0
9yfhZkJM-fg,Standard,0.0
-Wryp8lF9CQ,Standard,2.0
B4-ChKRwHP4,Standard,0.0
q2UzU4OG0JU,Standard,0.0
q32NvbusvAs,Standard,0.0
riMa9mXMRIg,Standard,0.0
GWDVsc1sLC8,Standard,6.0
MPyh9bBPfrE,Standard,6.0
Fmju9RMiKEg,Standard,4.0
OSgAd-nN1gg,Standard,0.0
l6hu2e5JTAQ,Standard,6.0
AYpCG2nVoXM,Standard,4.0
evbrQmVXeJg,Standard,0.0
wwz7oT2nL-w,Standard,0.0
4iFSHdfSJ_c,Standard,0.0
CPh78zpGnCc,Standard,0.0
zuMyxs-jBzc,Standard,0.0
IWYe2ELePe4,Standard,4.0
vhsP4NLkm1A,Standard,4.0
rZZsmFFsyJw,Standard,0.0
ytHbNBPqrfo,Standard,0.0
gcFjOsF_80Y,Standard,0.0
HyMkAOXrj_g,Standard,0.0
-x-ActE67sQ,Standard,0.0
Md7X9hnC7U4,Standard,8.0
u1E_YIGkmxY,Standard,0.0
ZF4pXYuYGCo,Standard,0.0
2S4J3kXC4TQ,Standard,0.0
bgoWnSTGAw0,Standard,-1.0
zmQHMd2oLrc,Standard,6.0
_qOPLUS_9XU,Standard,0.0
f4v1hYxpZms,Standard,-1.0
1UhXfUzvOFw,Standard,0.0
Svzzq5m5X70,Standard,0.0
NG7GzKk3vV8,Standard,-1.0
3n-cdpFBhUk,Standard,0.0
dKHsOq8vjxE,Standard,0.0
_rv9xcuXeW0,Standard,0.0
GbedoaLHr8k,Standard,0.0
E-P35Pua3JQ,Standard,0.0
eLBLU9bU7Jw,Standard,4.0
A0zs_P1-K4o,Standard,0.0
6ybD-JsTBeA,Standard,0.0
YTIe3AZBvyo,Standard,0.0
-nbCxQQBZ3Y,Standard,8.0
5KdbACDfq08,Standard,0.0
wXL0CYQMOB0,Standard,0.0
hM9Rju-MHK8,Standard,0.0
R5VeUkjz7p0,Standard,-1.0
Do5PgHEf6aU,Standard,0.0
rT0F6H_oy74,Standard,0.0
K8PGj-FtOKk,Standard,0.0
inBecImTJ5k,Standard,0.0
GR0_K-S4nq0,Standard,0.0
bM2iuBoltn4,Standard,0.0
d918-rBcuXQ,Standard,0.0
59-6ctBKzL8,Standard,0.0
2wh1FvHITZY,Standard,4.0
kQR6ThLz7WI,Standard,0.0
3bnm-4MKYaY,Standard,0.0
XCmIRFGaOgY,Standard,0.0
Tnq4xk7vMNc,Standard,0.0
Ox9sOlFZfuo,Standard,-1.0
5DrXZ9ohts8,Standard,0.0
877PFtCUuXw,Standard,4.0
7uUHwnxgi8I,Standard,8.0
zDbIHfn_zD8,Standard,0.0
fdkJ5cVKWrw,Standard,0.0
4ARrwBeEYxI,Standard,0.0
stljfWEQJX0,Standard,0.0
FwjWtBC4pPg,Standard,0.0
dY03yhFtF88,Standard,6.0
CoARLcA0ht4,Standard,0.0
7_VuTWE1Sqg,Standard,0.0
j4jbfRbZiJk,Standard,0.0
a3HNTVU0MiE,Standard,0.0
GJ7Y7uin0ME,Standard,0.0
VqHafdSQerw,Standard,0.0
xxZ-CbCP_Q4,Standard,0.0
rX3pvlDv1LY,Standard,0.0
7R7ukzqXjf8,Standard,0.0
ZPdwOonHW14,Standard,0.0
KHnvi3M_yoo,Standard,0.0
PPZwmLqsQW0,Standard,2.0
pLhbNi2oaXg,Standard,0.0
JGOIxXnsxt8,Standard,6.0
WQH30ij7y-E,Standard,0.0
skkBBlYRMhI,Standard,0.0
7Eb9VkVTQHc,Standard,0.0
L5uaCryYDsc,Standard,6.0
aTLzE9qsJWE,Standard,0.0
hB5CxHPNdls,Standard,-1.0
Ux-yq_18j2Y,Standard,-1.0
_5fGYb9E3vM,Standard,0.0
vYDrBnBRhb4,Standard,0.0
mL68Aa74uIE,Standard,0.0
uOYh9kp3Dxo,Standard,0.0
CFCXNrxnTyI,Standard,-1.0
5nnO25mAlYI,Standard,0.0
dkUF3gLJ05E,Standard,6.0
Ix2VKGejPIE,Reaction,8.0
Q87rFhsF2v0,Standard,0.0
k3Whak4YD54,Standard,0.0
2utpibFmknI,Standard,0.0
9reJJsh9b50,Standard,8.0
y4qn9HL_zi8,Standard,0.0
nWpZSQaofOA,Standard,0.0
sgV9VhA-wNI,Standard,0.0
JS84HRvSOmw,Standard,0.0
bc-d8Y8gjVk,Standard,0.0
POm8X8R0iZY,Standard,0.0
ejn2Ws-6-Js,Standard,0.0
-oAna2NWJjQ,Standard,-1.0
W0Ar8pmaMT4,Standard,0.0
holNgvygxtg,Standard,0.0
FXwaumY8CEY,Reaction,8.0
QJ5EAukGBW8,Standard,0.0
aIONeZpsS1g,Standard,0.0
dFWYpOdR8aM,Standard,0.0
-6zPl_YLU5M,Standard,8.0
uzaH9Aynkus,Standard,-1.0
f9aXQGDUUO4,Standard,8.0
d6pNM9Er_4Q,Standard,0.0
mRHXyH-OQbs,Standard,0.0
o0yC5YLW5IA,Standard,-1.0
J6dCyy1xXWY,Standard,4.0
8YRmwfUc8Xg,Standard,0.0
1h_GbBRYdSM,Standard,0.0
PlksELQZ0MI,Standard,0.0
V4ViPK2Xt34,Standard,0.0
pnX2M35aw-E,Standard,4.0
qGm_IQut9es,Standard,0.0
wvNozarjfb4,Standard,4.0
StNdFEcX33I,Standard,0.0
uoXHh94QmrA,Standard,0.0
lOy2Tzh6O44,Standard,0.0
gERwusV7uXA,Standard,-1.0
30ntMWoTQ9I,Standard,0.0
hqVrWeTAtzE,Standard,0.0
ibazgMsP3zk,Standard,0.0
sA40-_lZWmQ,Standard,0.0
QC1Yzqgqo-k,Standard,0.0
wXkclKujfFY,Standard,0.0
ZlqK9j49Rng,Standard,0.0
TZwQxjxKC8c,Standard,0.0
-jLXKOQ0Mw8,Standard,0.0
4tanUUiusd0,Standard,6.0
XCZPkMrZs-0,Standard,0.0
ozJqfsM8Vbs,Standard,0.0
kz0urqsfCDo,Standard,0.0
WQYQNiAL4VY,Standard,6.0
yQxulXKk3Ok,Standard,0.0
32_WRai9oy0,Standard,-1.0
_IyimapRzPo,Standard,0.0
ryU19TV-Ax8,Standard,8.0
Q1xm5mTTJ3U,Standard,0.0
2po9Nxeuu14,Standard,0.0
R3rG5tFrG9M,Standard,-1.0
n0Yk1fOP6G4,Standard,0.0
0PaCk7ViD20,Standard,0.0
ZikEUUo3-Cc,Standard,0.0
CNxzD5nnZVw,Standard,6.0
oqHAhqhLorM,Standard,6.0
5TKbwBxPGfQ,Standard,0.0
RBZTJIfErOI,Standard,0.0
T-VS3xBNiv8,Standard,0.0
xuQ_hhmWjz4,Standard,0.0
0tJ9_rmnOco,Standard,0.0
FX6W0w0YA_I,Standard,8.0
ks_2fIgAtB0,Standard,6.0
YtWsQV7bo-8,Standard,0.0
oa6Q2oJeFFA,Standard,0.0
83YLcLQ-0A4,Standard,0.0
Tt0I0XWlw7Y,Standard,0.0
ladcmJQxgiQ,Standard,0.0
krqp_NVNkYY,Standard,0.0
_gVcsj8206g,Standard,8.0
y2zjhgxMauM,Standard,0.0
MdZUkFCiDa8,Standard,4.0
dFwDK6id_ag,Standard,6.0
Vj8gGiSBLHI,Standard,6.0
Qp-HrnNaYw0,Standard,0.0
6Q4WRHEH2xM,Standard,0.0
aCCooZCbVPQ,Standard,-1.0
qLIiyoE-7hs,Standard,0.0
GdgIVNSmBDc,Standard,0.0
1o_QpdSX25w,Standard,0.0
04wONrS8MN4,Standard,0.0
eQwTJiYzUiI,Standard,0.0
UBOMl-9dBZo,Standard,0.0
G0GIWaqvdxc,Standard,0.0
TMUW6NN6zEE,Standard,0.0
dI-A35YvKgc,Standard,-1.0
I9PehagUzcA,Standard,0.0
pEq9BmI8IKo,Standard,-1.0
uMuKXBhowrU,Standard,0.0
dIzf_tUBxhE,Standard,0.0
lHRjE0SzMFI,Standard,-1.0
vZQN5HT2MZ0,Standard,-1.0
7Gng8eqjmG0,Standard,0.0
eC4h83eR7g4,Standard,2.0
p_N0yeP2KhY,Standard,4.0
Nsw7YS6rbgg,Standard,-1.0
kHQOd1Gc7Rw,Standard,0.0
1I7ahTbISt4,Standard,0.0
CfrDPKa6O4U,Standard,8.0
stqMpN_ORAI,Reaction,8.0
UkMFVgpnTwY,Standard,0.0
jQfyScuqnZY,Standard,0.0
qe_e2ihgQos,Standard,4.0
dnq2tk1twzY,Standard,0.0
EQEqV3U_WqY,Standard,0.0
IIR-4Ci52sM,Standard,0.0
dEIAsin6mq8,Standard,0.0
4UAV5uzOeMg,Standard,0.0
q761LhU42aY,Standard,6.0
DgnYiHdS_tk,Standard,4.0
gr6IKRiq220,Standard,4.0
HhX0mENj5wM,Standard,0.0
4Q4IhGQPJzI,Standard,0.0
52x6Pbp8nso,Standard,6.0
s2Dg7tKWRAc,Standard,0.0
B8ElBzi47wc,Standard,0.0
nwiH_LoDd4w,Standard,0.0
t0WwJ8vrbnw,Standard,0.0
gPXNRbca_b8,Standard,2.0
TwRrklOPHXE,Standard,4.0
7cvAid7bUbc,Standard,0.0
kqSjc6dzMtI,Standard,6.0
XJoNyXNBd2U,Standard,0.0
DyKvTKD6zaw,Standard,0.0
Jq9qOIivikU,Standard,4.0
weOgNsBSASM,Standard,0.0
Hj8S5rn0_J8,Standard,6.0
yb_RulsHALk,Standard,0.0
tujeRj6QbVM,Standard,0.0
RCKd4CzJ9U0,Standard,0.0
nhdYKv3631M,Standard,6.0
vBoOqTV-fEI,Standard,0.0
j-W_Qgzkwgw,Standard,0.0
OKhtmDI1Evc,Standard,0.0
7zn5DDNjtqc,Standard,0.0
p6CV1YbvUSA,Standard,-1.0
XTgNyrvWmlc,Standard,-1.0
FzMls4y3THE,Standard,0.0
qS5E3WjZ4QY,Standard,0.0
-gGm5fSZQd4,Standard,0.0
90dO-pT_v-4,Standard,0.0
nJsRGzZj9pk,Standard,-1.0
7PHssrF1TRA,Standard,0.0
_TQIFmhY4hQ,Standard,6.0
P0IKo5FGrus,Standard,4.0
_BJZFtUoZwo,Standard,0.0
sYd2OTcu-3s,Standard,-1.0
nKCH30zRpeA,Standard,0.0
I-eiJ91jifo,Standard,8.0
SCizyCgD5LE,Standard,0.0
RDHO-pHzXbA,Standard,0.0
sxvuDjaJong,Standard,0.0
FOUIELhxphc,Standard,6.0
7yc7hUoIF2w,Standard,0.0
spxaEkamLYU,Standard,0.0
bVlN5CkDsUg,Standard,0.0
46UyuI6xeTs,Standard,6.0
PE3lhpYdLpQ,Standard,0.0
RhHTUkDQeVc,Standard,0.0
ifc791vHEbM,Standard,0.0
vtcArfA-OYU,Standard,0.0
qs0TVKLFvLE,Standard,0.0
1rrnOq6t5cg,Standard,4.0
TjW7984WBgA,Standard,0.0
J1-GSf8Kv4k,Standard,6.0
Zy89wAWp-nA,Standard,-1.0
9JCprZ-QDec,Standard,0.0
JRx9Z6CexzQ,Standard,0.0
nO4vb5fGx2Q,Standard,0.0
1W2VUzg78mo,Standard,0.0
Z7R9Le4_r80,Standard,0.0
Ku9JP6iZeVw,Standard,0.0
qUB1G6SkUlk,Standard,0.0
JTYSrhtHD7s,Standard,0.0
SF7ax35w-X8,Standard,4.0
Pw3QCmX2c4I,Standard,0.0
qWLFdhqFhf0,Standard,0.0
4LzcN0K3k2k,Standard,0.0
HNbpyTqaCNk,Standard,4.0
25-ZeLuH-TI,Standard,0.0
DEqNiuhUC7E,Standard,0.0
fQmHjkryM1E,Standard,6.0
LCfYLEUEBcw,Standard,-1.0
C_ehUvoMeTU,Standard,0.0
IUxJ_VLSsns,Standard,6.0
kUSOBWu47r0,Standard,4.0
didHGln4uKA,Standard,0.0
VrMbGN97Zc8,Standard,0.0
TVAL2J6k1ZI,Standard,0.0
plWiJXSEfr0,Standard,0.0
1I7nqdnmlOA,Standard,-1.0
SBYT_k1gmYI,Standard,0.0
L0EuRHab9Wc,Standard,0.0
MASKAY0nYpQ,Standard,0.0
7h1ocp1-coY,Standard,0.0
xZilsW7JvFs,Standard,0.0
PaJhiTBwnOk,Standard,0.0
hd7YGJf4OUg,Standard,4.0
A6haj5gyz6U,Standard,0.0
vmiZ_yKX1yY,Standard,0.0
G171Dfmw9Qc,Standard,0.0
D6N61yZeVp4,Standard,0.0
7q48Qzp7XJQ,Standard,0.0
5VyJ5fFDi4Y,Standard,8.0
96rYlVrNRJs,Standard,0.0
wpFqEv0XJlM,Standard,0.0
FFpAfrr3Q-E,Standard,8.0
03eY9G90kxM,Standard,-1.0
XV5avPa8xTI,Standard,-1.0
vWSMqZ3JZQk,Standard,0.0
x8R-_ifFCDs,Standard,0.0
-UKkUWVGBfw,Standard,8.0
Fj60BnlWRLo,Standard,0.0
9s7wjME0U-E,Standard,6.0
Dj9Ch3TEaZU,Standard,0.0
T6XgcbZ1c3A,Standard,0.0
EVYK01P-7_s,Standard,6.0
CTBitVbtvYQ,Standard,0.0
hR_JXO7J99s,Standard,6.0
b64y5ptzfxQ,Standard,0.0
iOjlJbVv89s,Standard,0.0
8npS452CXT4,Standard,0.0
QNRebuOos1A,Standard,-1.0
0htXxESD82U,Standard,-1.0
LGTaJhjWWiE,Standard,0.0
EBKt8fTwUic,Standard,6.0
CJA0D22D674,Standard,0.0
tnVsvamzImk,Standard,0.0
y9v73BFbVe4,Standard,0.0
by-L0EoIDjU,Standard,0.0
sBLwPf3Al84,Standard,0.0
x29xasOq9y8,Standard,0.0
8SdnDVUsi5g,Standard,0.0
h_tVLzBPxbk,Standard,0.0
3-vFYmYNjSA,Standard,0.0
IY6Qa0hZf24,Standard,0.0
2uJ2-wlFRxo,Standard,8.0
Hi700a9T_3E,Standard,0.0
AjBW0MEv9N0,Standard,0.0
aRyptaB2C-A,Standard,6.0
lLAeYZvoQdc,Standard,0.0
71k51iGxyGg,Standard,4.0
cShWG_59Uc8,Standard,0.0
oek-3whSPYA,Standard,-1.0
iNrnGKCvpCk,Standard,0.0
T0UOxucCc7c,Standard,0.0
a8VDAsyG2nM,Standard,0.0
7GgJ5r7lzXE,Standard,0.0
pwof0euMQck,Standard,8.0
UwMjmyx2It4,Standard,0.0
e5mbMS389O0,Standard,0.0
w_eGrpnVLIc,Standard,0.0
JbuXUK4MKJc,Standard,-1.0
I5kCVVjMbX8,Standard,0.0
8eEP0ja_JHA,Standard,-1.0
efPRSw0I57s,Standard,0.0
_0DmbdwQn4M,Standard,-1.0
eRECsaTfg6E,Standard,0.0
2aEwYUNMWV0,Standard,0.0
t0fWa_Slfqg,Standard,0.0
t0azrfX6lZs,Standard,0.0
ywmkf-H0lg0,Standard,6.0
RoGQ2UzmJ9I,Standard,0.0
QRodiXkj7eg,Standard,0.0
R4XxKM6IcBM,Standard,8.0
-_FiYmCZdVc,Standard,-1.0
ut30nU_Fzts,Standard,6.0
hi1koDT0ljo,Standard,0.0
NnxoFHi56bE,Standard,-1.0
cvikVzIpYNo,Standard,-1.0
pRgcHqkMnp8,Standard,-1.0
ucd9gD-6EQ8,Standard,6.0
Ayf8nQ0coOY,Standard,0.0
oH48GIiBmx4,Standard,8.0
dkbTuvZRl2A,Standard,0.0
cCcRtzuEGpM,Standard,0.0
1lLZ-l3hD-0,Standard,0.0
b61x_cDLuVw,Standard,0.0
0FnANuplxDg,Standard,0.0
2ARveJjGl6c,Standard,0.0
ssiUXQpM2GI,Standard,0.0
2SqCJ3mh1E4,Standard,6.0
N61c9yM7X3I,Standard,0.0
L4VT-MLMej4,Standard,6.0
Vhn7W0_hiCY,Standard,8.0
08ab0T_MRkk,Standard,4.0
IxR7XhK65O4,Standard,6.0
JbGY9jLHvVo,Standard,0.0
0Ps6Qh0KaTQ,Standard,4.0
8dkmqU_6BMk,Standard,0.0
OTFqIqeFYd4,Standard,0.0
uPShMaurKos,Standard,0.0
_afp9a6HEj8,Standard,4.0
Rqn_agUU-hU,Standard,0.0
ykdodLAq4r0,Standard,-1.0
Jp9ERKRpGkE,Standard,4.0
6TeyAR1skfQ,Standard,0.0
S7XWRfiBpwk,Standard,0.0
ximHeCiFTAY,Standard,-1.0
7nlf7PF5uKc,Standard,8.0
TvrOz9-tFvc,Standard,6.0
qDr-zsTPZsU,Standard,-1.0
zWPNzMijGzc,Standard,4.0
wRQlrH78akw,Standard,0.0
uHzmKPnFEzQ,Standard,-1.0
zQobSXiyXu4,Standard,6.0
TlqzQPARMNk,Standard,0.0
ixn0Hq5P5i0,Standard,0.0
DrzEnmKECu8,Standard,0.0
a6F9NSK2BSo,Standard,0.0
AFTD4NTxYfw,Standard,0.0
y3rUOCYQNsM,Standard,0.0
4U05xY9aI3Q,Standard,0.0
Qyvx5_edBZ8,Standard,-1.0
-DGTZkIXZBk,Standard,0.0
eEMdiEF8LAs,Standard,0.0
vsOEshTUPc4,Standard,0.0
DwCKPvtYbho,Standard,0.0
2OS5U8N7vgY,Standard,8.0
wzap-uSkQYE,Standard,0.0
TxG5JwkMU-o,Standard,0.0
w9OsCnoZEhY,Standard,0.0
pz2KDv5Tghc,Standard,-1.0
nh2cRww2R7Q,Standard,-1.0
MqmthcGTwYk,Standard,0.0
wD66jUlQk94,Standard,-1.0
AcaYKF77Sdo,Standard,0.0
aD-X8bmRuAM,Standard,4.0
-IPb8oJ8r1o,Standard,0.0
dWzghvPDL5c,Standard,-1.0
tt7eEpFSZMQ,Standard,0.0
4nBrn4kkj0I,Standard,0.0
Ix7EOle5ygg,Reaction,6.0
UglgfD8xC_U,Standard,0.0
d97tO5QV_8k,Standard,0.0
11dd03lk7qs,Standard,0.0
LqRCLtShSX4,Standard,6.0
3cGND9HpZ2U,Standard,0.0
XoLxg6MNwRM,Standard,0.0
iCgzW0eRIS4,Standard,0.0
-2BvWdhRb5c,Standard,0.0
TFO8P4YDaG4,Standard,0.0
hhhszrpxwN8,Standard,-1.0
ganMikuI_yc,Standard,0.0
R_pbQ84qaTI,Standard,8.0
f9qHo-ehU_A,Standard,-1.0
5OoCd-Q4jRU,Standard,0.0
jtSdOJIjgUM,Standard,0.0
_FTAt4Eg444,Standard,-1.0
FZnuNzX0NeU,Standard,6.0
7jc2anEmLn0,Standard,0.0
fu7xtI_2YYI,Standard,0.0
sDdgTrPh0d8,Standard,0.0
y4NkOX9ITFk,Standard,0.0
qTLDDh5vKkw,Standard,0.0
htjSagmGbUI,Standard,-1.0
IpSeMWXP2D8,Standard,0.0
b7g-g74eiKk,Standard,0.0
Oat9pLWsVyI,Standard,0.0
rLK27Maoh8k,Standard,0.0
QHTr_dcG6Ec,Standard,-1.0
PKi7zTvFDP0,Standard,0.0
IUDefrYyw3M,Standard,0.0
OSj62s9VEQ4,Standard,0.0
uhLOT2Dx9ik,Standard,0.0
5NWRG7SuyT8,Standard,0.0
e0K6iXjlUEM,Standard,4.0
ILP0WEdlXmM,Standard,0.0
zcwFRQZbI7k,Standard,-1.0
7ULC5urwScw,Standard,0.0
-xzyTP_vETE,Standard,0.0
BS2xeYgRtsY,Standard,0.0
ulel2q551z8,Standard,0.0
7e34Osw7sYM,Standard,0.0
lRa0Wqvdtz8,Standard,0.0
JClPIV51nKc,Standard,-1.0
ZzZ3Zw7ufiA,Standard,6.0
ONj2huZLtoA,Standard,0.0
6bNjqujSCA0,Standard,0.0
wQMu_BWpG5s,Standard,0.0
LsMTMnGEkDc,Standard,6.0
qGDvKzwvpb4,Standard,0.0
WY-n4pNPu_0,Standard,0.0
DODTrU6PVtY,Standard,0.0
CYDfnmKZQwA,Standard,0.0
mA27QZQiul4,Standard,4.0
1QPom3cLlBs,Standard,0.0
ekGQlYFZUBI,Standard,0.0
Kvix2KqJTWk,Standard,0.0
_MSn9VA_CyY,Standard,6.0
Hunkbg24MSU,Standard,0.0
yHFMVNojcMU,Standard,4.0
UDXU4YZ_rSE,Standard,0.0
A8ck1l0pQz0,Standard,0.0
9FhslIfHpWA,Standard,-1.0
eWXsgoWQM2o,Standard,-1.0
l2w3vPtr_44,Standard,0.0
8NAZUxNyOf4,Standard,0.0
MEhFxdsx9-s,Standard,0.0
J4fP2sQ3WIY,Standard,0.0
8aBSt2lv8s8,Standard,0.0
fyWLCzEurgY,Standard,6.0
UGxzQDBIC7s,Standard,0.0
ZjQlnGQ0n4c,Standard,0.0
GWu02afmykg,Standard,0.0
n-b4tdVEXI8,Standard,0.0
QAVfuwou9IE,Standard,0.0
Fa1FgNGcnRk,Standard,0.0
O7vauzg3pDw,Standard,6.0
kObP1HQDavQ,Standard,0.0
s-FlPZ_2LhA,Standard,0.0
Vn6anhKBy88,Standard,-1.0
VK3Z7I6Bmbs,Standard,0.0
J9KUmRMOLMo,Standard,0.0
Qi_RNAuVXxA,Standard,4.0
YOGw2TICC5U,Standard,0.0
_VC9atm13T8,Standard,-1.0
-3NILgIkA3g,Standard,0.0
mO7_5e5RWn8,Standard,6.0
-m0V4ssrveQ,Standard,0.0
Bx6lRAn0Sms,Standard,0.0
IMoPmeisX9A,Standard,0.0
dpd7uB4dSPE,Standard,8.0
dSCPEWJGIik,Standard,0.0
jId7lQqSG6k,Standard,6.0
U45379rgq80,Standard,6.0
-i6v5bAA-6E,Standard,0.0
_ZBYh-BW7j4,Standard,6.0
jllW4rXGRcY,Standard,0.0
7OGLF83R-Qw,Standard,0.0
egnpFPmS7qo,Standard,0.0
RbDlkv5fMpw,Standard,0.0
5X2zCdF46lM,Standard,0.0
3XcwDwwqNlk,Standard,0.0
ohwvjcP_lPU,Standard,0.0
dvkbtQ9GCfg,Standard,0.0
iM1YbDEecOE,Standard,4.0
hvcNgzTd160,Standard,4.0
td_alXfgE8E,Standard,0.0
5QnNIwjZQTY,Standard,0.0
Ss6uch9eHUI,Standard,0.0
c-Qt2JSHgCs,Standard,-1.0
LPAfhB9wYw8,Standard,-1.0
5_EhM_G7xA0,Standard,0.0
O52s4eqA_pw,Standard,8.0
ltD1bWhnS6Y,Standard,0.0
zYNBB2dA_ic,Standard,0.0
-sGCcf6N2d8,Standard,0.0
WpKu1QIf18w,Standard,0.0
ruSZTz4hVGM,Standard,0.0
ROiUxdlvkOA,Standard,0.0
DxtuEu_gZVM,Standard,0.0
MxSmJjXj24k,Standard,0.0
FQOPOMXe8NU,Standard,0.0
lnzfzw-xZ1I,Standard,8.0
IQAousl_CCM,Standard,-1.0
VvjZO1JjO3Y,Standard,0.0
TmeMrBtnMGA,Standard,0.0
6PruGhtUbAU,Standard,6.0
SBMw1otvIZk,Standard,0.0
el6PoH_zCS0,Standard,0.0
j_TZMKdTtBg,Standard,0.0
bhnVdvMvs4c,Standard,0.0
LxyRLecGTCw,Standard,4.0
21kkTmqOOzQ,Standard,0.0
70jguTIrYtA,Standard,4.0
FNIFPG5Q28k,Standard,0.0
E0NVgDOWFls,Standard,-1.0
tXLPkCUxqKw,Standard,0.0
ThWMPDSYv-k,Standard,8.0
6OQlt60aohk,Standard,-1.0
eoRmGK7ROjo,Standard,-1.0
NwAsdGQK4nQ,Standard,0.0
8L4382xd9_4,Standard,0.0
34C7_aC3MdQ,Standard,0.0
wOQbyXV7vWg,Standard,0.0
BebBpqbk-eQ,Standard,0.0
_AMkCxp5PTI,Standard,0.0
NGLtyo9hZsY,Standard,0.0
TAApRad1r8k,Standard,6.0
ppzRx8MGftQ,Standard,0.0
o28XpDk3vqQ,Standard,-1.0
J6uQvJIyAM0,Standard,0.0
-PrcrWzxzEg,Standard,6.0
aVchAE3zRTw,Standard,0.0
AICU6gauh9M,Standard,0.0
68lYPI_mAj8,Standard,0.0
Q2Bj92H6pO8,Standard,0.0
GNQTtAuzW_0,Standard,-1.0
DsdHbzBMMI0,Standard,6.0
vY_hAw2iAZM,Standard,0.0
1N7EPeMCNeA,Standard,0.0
W8qa7k_CL2Q,Standard,0.0
Sp_mrXljqSk,Standard,-1.0
6OvQq9jsJX4,Standard,-1.0
v60ebMZEPVs,Standard,4.0
WpkTRk4vsH4,Standard,0.0
vHqsHYRJy8o,Standard,0.0
1KKaJbv4Bhc,Standard,0.0
Gu7LtX3RRZ0,Standard,6.0
1H-jARpbrNs,Standard,-1.0
kriOvpmDVKQ,Standard,0.0
APu_iRA20C0,Standard,-1.0
y9AuisP8mLk,Standard,0.0
XOGgCi4VTsQ,Standard,0.0
XP6bk4MS5aY,Standard,0.0
H7lJwvNPSeM,Standard,4.0
grYLnddEDmE,Standard,0.0
xc1xIOm9Ymc,Standard,4.0
NZkXsWINkhQ,Standard,6.0
DnPauU16L4s,Reaction,6.0
YZAs_4h7wvA,Standard,0.0
ZJxkCrPrueU,Standard,-1.0
nh58Xg6IKLo,Standard,0.0
xs0MXU5sIQY,Standard,8.0
gUYTvq_yl94,Standard,0.0
OtgZJ0TDvgQ,Standard,-1.0
d3GncVz6fBI,Standard,6.0
iqicsSCbvw0,Standard,0.0
ktnR9tFHFpE,Standard,0.0
bw_fDVr_ZSY,Standard,6.0
qi_riG4M49A,Standard,0.0
Yz2NpoVDWE4,Standard,6.0
hQZG_QfSjU0,Standard,6.0
MwkOWWu7k8M,Standard,0.0
fxlo4aMBy74,Standard,0.0
tZfPfojmneE,Standard,6.0
phJRqd4D4D4,Standard,0.0
j7cAvCB81fg,Standard,4.0
1ySwvs7lSZA,Standard,0.0
VuDpPAFKrmU,Standard,0.0
_MSgHnvBtFE,Standard,0.0
VMCfBnVfpYg,Standard,0.0
LTJoX7qn8Lk,Standard,0.0
KMZSB4TfaVs,Standard,0.0
qS98S7s9SmA,Standard,0.0
Cjs6Fo9Wb4s,Standard,0.0
R8g57FMyjTI,Standard,-1.0
Wtbx40lbr5w,Standard,0.0
ORNMdjVJF00,Standard,0.0
Txis0q8B41M,Reaction,8.0
GGuTEp2SPsY,Standard,0.0
Z2q2FJb87TE,Standard,0.0
iT7h6qjDoRs,Standard,0.0
12S74OLYmow,Standard,6.0
Y6NUI-1vgQk,Standard,0.0
5wmQnUZbkpc,Standard,0.0
uG-kS-CzuPE,Standard,0.0
a-_Djn0SX1s,Standard,0.0
3q6GXFbmyvA,Standard,0.0
yBhSNMjOPxY,Standard,0.0
burUtbWe7iI,Standard,-1.0
Kknoh7x4t74,Standard,0.0
RTxnNfBHYJo,Standard,0.0
UciHKC1KDXk,Standard,6.0
YFFGe1mCvsc,Standard,0.0
nIANekb3dgk,Standard,0.0
WkvbDr9vocs,Standard,2.0
oULMkyUPo2U,Standard,0.0
BG54Fd4OuKg,Standard,-1.0
Lnh6m4ymuSE,Standard,0.0
kqevs1vTAL4,Standard,0.0
YaYZS_Q5N3w,Standard,-1.0
FFC0zDzc51c,Standard,6.0
hSo8I1mV-48,Standard,-1.0
MpTyWL9G4-A,Standard,2.0
krC63tm9EOY,Standard,6.0
IP4vObXoN8w,Standard,0.0
B2lDb_cQXjc,Standard,-1.0
r3HGwtG36AU,Standard,6.0
V8i-kR45sYI,Standard,0.0
wFG1ld3aBhQ,Standard,-1.0
S0-lT5sKMkw,Standard,6.0
eWg1F3MPEcA,Standard,0.0
_Nx_6PmMsMs,Standard,0.0
gVewEuBuL8E,Standard,0.0
Zfxewbgddik,Standard,6.0
QXPiDv_KjT4,Standard,4.0
cRXiSADKpEc,Standard,4.0
1p6eALrHHTA,Standard,0.0
MhVEFEM8CZk,Standard,0.0
9o5_ULWowGE,Standard,0.0
trZtRcauHPk,Standard,0.0
rIJuXaxKtW8,Standard,-1.0
gA-Tkf4aPZc,Reaction,8.0
gyBAS-_pFG0,Standard,0.0
Wh0dGAoodVs,Standard,2.0
jcD-xCkJn80,Standard,0.0
FJC9MHcMpYU,Standard,0.0
gyLUMPx6TKw,Standard,0.0
747g-vTtgm4,Standard,8.0
mC_44EemT-k,Standard,0.0
j3BBa3iXohA,Standard,0.0
4UIKd11G0CU,Standard,0.0
R1R_XqKHUms,Standard,0.0
YOuXFfB6RSA,Standard,0.0
NS0H74FO5xk,Standard,0.0
pxRimh_eEGE,Standard,0.0
XgcJbqXTUTw,Standard,-1.0
mTVF47b3eo4,Standard,0.0
MnrDo-pTeMk,Standard,8.0
VNjbDnb9kfY,Standard,-1.0
gMJOHFQ-TW8,Standard,8.0
F2cVwMxj3Ms,Standard,0.0
I3Tba-_Di1Y,Standard,0.0
JODL3p52gG0,Standard,0.0
-rQQKU62yCc,Standard,0.0
jjWzEkidLH4,Standard,0.0
pDwzAp5C6dM,Standard,0.0
mCoveX-0ygY,Standard,-1.0
s1SfpSVPQwY,Standard,0.0
RCb6uRHC1aQ,Standard,0.0
0Iqx0hneDNc,Standard,-1.0
z27F0Odvh4Q,Standard,0.0
4x-kCdecf3E,Standard,0.0
b9bc2w0lsho,Standard,0.0
51k5OLWf9Hc,Standard,0.0
gj4CS_23D2I,Standard,0.0
sB0Pmy086TA,Standard,0.0
oG_1r5rTirM,Standard,0.0
-7UKabWWE4E,Standard,0.0
JgwlFjuWe0M,Standard,6.0
aUV5judP97g,Standard,8.0
mZl-fBfDgvg,Standard,0.0
j3O6dKbI4UY,Standard,0.0
5hhbevPpvZM,Standard,-1.0
QZO4pDUER7k,Standard,0.0
qWZiMRzXkeQ,Standard,4.0
wctQIwDXC38,Standard,0.0
VXCUnU2hhxc,Standard,0.0
U2wsGXeBPOY,Standard,8.0
vurT-aC0To4,Standard,0.0
h5KFmJYaV4Y,Standard,0.0
jZcGkPjEZuw,Standard,0.0
BCQBF4Nkbpk,Standard,0.0
ureN2BRRAVs,Standard,0.0
wp3iaxIrMp0,Standard,0.0
7RIjBVspjsY,Standard,-1.0
l1WMULSgS8g,Standard,2.0
6CUWRUq5IJI,Standard,8.0
269bMUxwBzc,Standard,0.0
An01z12RwKk,Standard,0.0
0Gjrq60g19c,Standard,0.0
agbTPpG0y0I,Standard,8.0
3hpPFN_gwTQ,Standard,8.0
oG0SHDebCAM,Standard,-1.0
ScMKoHfGBz8,Standard,8.0
Gss_2c45THA,Standard,0.0
6WhvTc3yaMo,Standard,0.0
K2aMYMo4UN4,Standard,4.0
VfSpNIJw9NU,Standard,6.0
tK4u3ZLMXno,Standard,0.0
v-qbIwvBPIA,Standard,0.0
ngvG96zmalc,Standard,0.0
IOCcGZF39vk,Standard,0.0
JC40ubp7Xd0,Standard,0.0
yf_4rz96t5U,Standard,0.0
Wwixr4mTs1w,Standard,0.0
Ewz7knWQ3Vw,Standard,0.0
MYHUPS1vFj8,Standard,0.0
sHllHmktHZA,Standard,8.0
fLqxju51Im8,Standard,-1.0
Fw6hMwCS5yQ,Standard,0.0
ZlkcAVdI-VE,Standard,-1.0
kVNpgVNRTGY,Standard,0.0
LokPb6ICow4,Standard,0.0
zB6KhzEbKG8,Standard,0.0
YLwxtZ5YMic,Standard,0.0
Ri1JVcA9t7Y,Standard,0.0
PABQ8ZbDDKM,Standard,0.0
2nNcNt0UXE4,Standard,0.0
EWhofCBxUxQ,Standard,0.0
lzmcVLTdy84,Standard,0.0
bpMRcXf-1OQ,Standard,4.0
y7F7pnUgKLs,Standard,0.0
5VSqaNt1m5I,Standard,0.0
Tp7AoJlqCDc,Standard,0.0
U5ATijJtywk,Standard,0.0
lpOYTw6ISxg,Standard,0.0
UkZqyse1few,Standard,6.0
ej6vbSWBzho,Standard,6.0
GUbb_YP2JQk,Standard,8.0
EXMdxaYI9fo,Standard,6.0
RQfeuVAWTQc,Standard,0.0
NLKJou95ZsI,Standard,0.0
_6uGUzUz03g,Standard,0.0
uQOfKKRGm_Y,Standard,0.0
7wQiTjkAHNc,Standard,0.0
ix93ojZfVCI,Standard,0.0
j1uvtcHCjvw,Standard,-1.0
MO5bci4vMbA,Standard,0.0
AJXQXSL39rs,Standard,0.0
IjPco-z4C5Y,Standard,0.0
rBZy2tI1Fw8,Standard,0.0
m17DIvHVXXs,Standard,-1.0
iTtEoahv7Uo,Standard,0.0
u4Gz4W3NqyM,Standard,-1.0
GGUE9q1oXeg,Standard,0.0
u8inKrinhPE,Standard,4.0
kVfl7GyGYfM,Standard,0.0
cDEIDwMF6QU,Standard,0.0
9btDWv3T5rA,Standard,0.0
FXXiM9XX3Co,Standard,0.0
T7xODQ-K3os,Standard,6.0
3RQCQJSEF3k,Standard,0.0
h1v52V1cuIw,Standard,-1.0
n7jRcgqoSA8,Standard,0.0
939lUu3pXp4,Standard,6.0
ZOVMdLexpqM,Standard,-1.0
iAfoZpHlv60,Standard,4.0
YdonG-EJOyU,Standard,2.0
kGzM39QK_oA,Standard,0.0
SvxXDQM4K78,Standard,0.0
vsiY8KF3Y5g,Standard,0.0
0RFIwd4LNo4,Standard,0.0
AdWt2FWWapA,Standard,0.0
HAxM9d-H93M,Reaction,8.0
QMLKcLYQJ3A,Standard,0.0
AG3JYGH1YlM,Standard,0.0
itB2Aw0UUCg,Standard,6.0
hNI8bgHrCXE,Standard,0.0
hhYnM9Vo7w4,Standard,0.0
d-kYKGHbXB0,Standard,0.0
ttnenOgPAuU,Standard,0.0
JpLhwKsBx_I,Standard,4.0
5g9mzwqaiWs,Standard,0.0
iSGNfpPp1mE,Standard,-1.0
3e8sFLfwWbg,Standard,0.0
nHfcSmZEuNA,Standard,6.0
rtXAIGlvTcQ,Standard,0.0
OztJQm6AW7g,Standard,0.0
x8CRPk-DVDM,Standard,0.0
9xlJsmCCms0,Standard,6.0
1pWyfF_T3zQ,Standard,0.0
vpfQlvLtNf0,Standard,0.0
k8RH6jjQkx8,Standard,0.0
QzSQWkN9vlc,Standard,4.0
SvQFt9Urmxw,Standard,0.0
PUBWVpG7cIg,Standard,0.0
F9edC9kbSS0,Standard,-1.0
wx_5nXisSPA,Standard,0.0
0oab3zCQZYQ,Standard,0.0
xpOFB9YsiuY,Reaction,6.0
Mj0gVxHOBnM,Standard,0.0
A2A8L1nDWOU,Standard,0.0
0Il1rQVevAQ,Standard,0.0
FcUEmTNvvbY,Standard,0.0
a0on2JtW6YI,Standard,0.0
MhhxYHRxX80,Standard,0.0
hXN5YByr3s8,Standard,0.0
XUMJAMj9UHM,Standard,4.0
N3KoWFn7360,Standard,-1.0
rHVSnRFMXmM,Standard,0.0
vv72QeO28ao,Standard,0.0
MbzwC329K8E,Standard,0.0
nUW4esuGt2k,Standard,8.0
sx2UNQzZwHE,Standard,0.0
h6oSp8wk9aA,Standard,0.0
OzTQpXT0CRQ,Standard,0.0
RGiLoLeeS-0,Standard,-1.0
28aN-2wywmY,Standard,-1.0
knHNT7cXa2k,Standard,0.0
g_-1sowQFsg,Reaction,4.0
IwpsXaKtGaI,Reaction,6.0
6_lOLEVSzwk,Standard,6.0
CwoIiVR6g_8,Standard,0.0
fIWJHAoQgHM,Standard,0.0
ohBIzYk1Kbw,Standard,0.0
BufBTDvjQJA,Standard,8.0
yHb3wTm8BwQ,Standard,0.0
AF5iaOtLH3w,Standard,0.0
tvzdDgTn6KE,Standard,0.0
QZteaWQOQsc,Standard,6.0
fHKE3tFtfvM,Standard,0.0
AbVyRU8426o,Standard,0.0
pEtHF6TFLWo,Standard,0.0
YejEGzc69VI,Standard,0.0
oZfuUSxYmEY,Standard,0.0
3md48hfBv6U,Standard,0.0
oCReNEoJFcM,Standard,6.0
HnXU6ZSx8Q0,Standard,0.0
9qwniGxX7JM,Standard,0.0
9Cz3J9_tk3k,Standard,0.0
xcz1n0Zzdus,Standard,0.0
BtziabWbs1Q,Standard,4.0
WhuHcMofLzg,Standard,6.0
HBvTHYOFHek,Standard,0.0
z4dv62AHEK8,Standard,0.0
sbSD_dfvJ-M,Standard,0.0
jZ62sNMC35Y,Standard,0.0
Axe4bx683VU,Standard,0.0
gJhGqX1wmxE,Standard,0.0
UgsYtPKPsSg,Standard,0.0
5-Ul9JtYMRw,Standard,0.0
rrMruiyxhiw,Standard,0.0
VWbaCjP1vXw,Standard,2.0
pV1u9eu7TLU,Standard,0.0
GWe7P4ax1Tg,Standard,0.0
78Ybx0Cvra0,Standard,-1.0
EEvry4JGo88,Standard,0.0
mVf3A-admVk,Standard,0.0
_GN5J6mJHak,Standard,0.0
X7n1g49_cm4,Standard,0.0
fcjisRfqqlk,Standard,0.0
-neomJz-dNo,Standard,8.0
4iYt0E5ZE4g,Standard,8.0
ofLyDMNq_iY,Standard,0.0
j9GcFetE-r0,Standard,-1.0
tyS1fisETes,Standard,0.0
epKtOQkPTSo,Standard,0.0
tJE0fSNii58,Standard,0.0
pp7RsjauuJs,Standard,0.0
XuRde-_opVo,Standard,6.0
eWufjFJwbOk,Standard,0.0
PRw0pAz9708,Standard,0.0
3t0vuqPaCDo,Reaction,4.0
2pv4UrgG-XU,Standard,0.0
JKdKHxAUc4w,Standard,0.0
c-gZsxakjM0,Standard,0.0
XqHMgvkBpjU,Standard,0.0
wPp2g2FpHYM,Standard,0.0
DzM6RNjMN0w,Standard,0.0
WuE_nAuMBIo,Standard,0.0
fF2ELGaN1a0,Standard,0.0
b4R0DX-BP1Q,Standard,0.0
Yv3ezPZSZcM,Standard,0.0
MuM6vkFLeSs,Standard,6.0
y2r2wQgTI9w,Standard,-1.0
CokVMHtigR8,Standard,0.0
y-ALbM5BmMA,Standard,0.0
wIzvnYxPTdk,Standard,0.0
fZYo5GPj1mw,Standard,0.0
69GrrTYJFqE,Reaction,0.0
37DfmO5iwyg,Standard,0.0
ByjgQUo7clg,Standard,-1.0
aPBB6C231UU,Standard,0.0
syqS3mHUuaM,Standard,0.0
HA_wt54RlsM,Standard,0.0
J5ykt5Xwe8s,Standard,0.0
phCe4m4Svek,Standard,-1.0
3oVz_2r18Cw,Standard,0.0
g2chyI8Sgt8,Standard,0.0
6E0Usft_MNw,Standard,4.0
wT-EL4elVZg,Standard,0.0
jK7na4lLm7A,Standard,0.0
zGTn0Yv2SV0,Standard,0.0
wDZSECMIWnM,Standard,0.0
YpzUpaXOIoQ,Standard,-1.0
GRQyzRPZGjw,Standard,0.0
gmscKMho07c,Standard,6.0
3jytnOdTzDw,Standard,-1.0
AXA28CWrNLQ,Standard,0.0
l77j7ICwRPo,Standard,0.0
yjWUm_NwqQ0,Standard,0.0
wRwvJcIzhrA,Standard,0.0
yMdXFmRwxt8,Standard,4.0
5enAigcYp_M,Standard,0.0
dlo-PJ-CLSo,Standard,8.0
mRZ0RjzBFe8,Standard,4.0
tiCKE3g9WD4,Standard,0.0
hqEg4aYs3tI,Standard,0.0
1-yDxDjXInY,Standard,0.0
v4e6wJRD0U0,Standard,0.0
TGWO8JCX2kI,Standard,0.0
sTMdy2V-ZSY,Standard,0.0
HrQImXIWjNc,Standard,0.0
C2D7fqjlyVI,Standard,0.0
ogRBcaP934w,Standard,0.0
GVZ56vYdEAY,Standard,0.0
b26_0DKijnQ,Reaction,0.0
9CIxMkaNSDY,Standard,4.0
m-y8y1ivd4M,Standard,-1.0
dqRik8BK16g,Standard,0.0
lIjo14JPp0g,Standard,0.0
RVB-UvEfLRA,Standard,0.0
ITPUvSTrdko,Standard,-1.0
hy99IAzxR8s,Standard,0.0
fRMHyFRAKm8,Standard,0.0
Ic1HU4k5SHw,Standard,0.0
CwYMBfWfDe8,Standard,-1.0
PtYyOIIXdEQ,Standard,8.0
yNbB2aQFM7M,Standard,0.0
jSn2Q3hI0iQ,Standard,8.0
PhDJuhi3pRY,Standard,0.0
GhcmtYp_sDw,Standard,0.0
XJhDZ-3Yu54,Standard,0.0
nHnTL0WHUN4,Standard,8.0
t3yXGX7Kt-k,Standard,0.0
8KD_Vh9hns4,Standard,-1.0
GtRe7Zgq4UM,Standard,4.0
6fjMSQGG_3I,Standard,-1.0
hWg2K7ne3-c,Standard,0.0
C05AgKbVQ1I,Standard,0.0
eEzF0-sSxk8,Standard,0.0
bitX3j6dwgY,Standard,0.0
EFb8k7lBo_g,Standard,0.0
dWpruU6TLsU,Standard,0.0
c00u011BrpQ,Standard,0.0
Ar6W1Za2ya8,Standard,0.0
71R5LiINyls,Reaction,0.0
Lbu66VU5xG4,Standard,0.0
q6826aUhZJs,Standard,-1.0
qhKCGRqnAjQ,Standard,6.0
L5pt1yo8KEA,Standard,0.0
GvSAPvggxdE,Standard,0.0
xtQAAwd80i8,Standard,0.0
iRr-5J8p_ag,Standard,4.0
wa4o7ZjXfs8,Standard,0.0
LV0UyP8n7g0,Standard,0.0
gfOA2cUcVm8,Standard,0.0
HCguwcP-zvE,Standard,0.0
nga-0sI9x6Y,Standard,0.0
F2aMkC3AKZw,Standard,0.0
_Qvr2xRT610,Standard,0.0
FZTDntnaPrw,Standard,0.0
CJCsJOKQXSU,Standard,0.0
tvW5InILFgM,Standard,0.0
UuSkxFWFJMI,Standard,0.0
JvQGFLZ2fIc,Standard,6.0
o76nNOAfVKQ,Standard,0.0
CYJCiUWBdxw,Standard,0.0
FX2WCjpBWDs,Standard,0.0
lL12kGpYTl4,Standard,0.0
u2_s1dCUTb4,Standard,6.0
pphw6eNnvfo,Standard,6.0
81UC92PZh2Q,Standard,0.0
atPvG3i3jjY,Standard,0.0
118OUQOk6As,Standard,0.0
eeT44E4eOxY,Standard,-1.0
Gzf8XYCX5f8,Standard,0.0
WzCvxwAeGSM,Standard,6.0
iNfr2krx_Eo,Standard,0.0
OmkYO-_kkfg,Standard,0.0
kYtMvoPA-54,Standard,0.0
LWe8sgbFgEw,Standard,0.0
dglR7zOBAKw,Standard,0.0
yY-d8_LHFn0,Standard,0.0
9pZ-s0kcq6o,Standard,0.0
Fr8ScrW2cNc,Standard,0.0
RFyrejOhuXQ,Standard,8.0
OQxtGD3mWgM,Standard,0.0
egumZBQsMp0,Standard,0.0
EE3M6s1e0S4,Standard,-1.0
GFFVbSihc-U,Standard,0.0
vSIPCJBALYE,Standard,0.0
pn24wp95-Qs,Standard,0.0
XlFmGK0kvTY,Standard,0.0
ge5pBR6_5G8,Standard,0.0
6xIHiWQDh6w,Standard,0.0
ZWlcBpiT6ik,Standard,0.0
W5yDQx0HPGk,Standard,0.0
REcPBP4B_I0,Standard,0.0
FoplNcDPO-0,Standard,0.0
cOneVL5qMhk,Standard,0.0
63QkrlFtmcU,Standard,0.0
1iC5AwhU1pw,Standard,0.0
KAK0WybZYDA,Standard,0.0
b12ilFQIedQ,Standard,0.0
xIcbZFcr-0k,Standard,8.0
2f-7hETruSA,Standard,0.0
beO2tMHzWXE,Standard,0.0
rA5byOU21MU,Standard,0.0
7VAGpKBYfvs,Standard,6.0
P9APUvHsSFk,Standard,6.0
PkPNENWMIEQ,Standard,0.0
Rf7oe7bi5pQ,Standard,0.0
OyHH5Z4N4hE,Standard,0.0
E8ByU4-JIEA,Standard,4.0
uhSgN9N2AD4,Standard,0.0
ugqGPu86kgk,Standard,0.0
s-uGBctVZGU,Standard,0.0
xsSTx699B74,Standard,0.0
4juMd04ApUI,Standard,0.0
6G-a_aIvMYw,Standard,0.0
sTp5xj2rGbk,Standard,0.0
XadjFsSmhsw,Standard,0.0
B0WXo3QOl_E,Standard,-1.0
AzXcR1aWKRc,Standard,-1.0
Rm0H9yyf0jE,Standard,0.0
eGAJnZA__mE,Standard,0.0
6bfS1gKM550,Standard,0.0
1AOr8EyxmH0,Standard,-1.0
I7vxp55xEA8,Standard,0.0
_-ZNIMONFSk,Standard,0.0
WYsCCtPh4WA,Standard,6.0
oaQHDEWc3n8,Standard,0.0
qOS353Z3eGk,Standard,0.0
YfsXcxKUVh8,Standard,0.0
Qm_AODDbYYw,Standard,0.0
N1cNltcQz0g,Standard,4.0
DFd6Xs3Uh9U,Standard,0.0
HkpuYmgPnqo,Standard,8.0
KBj7HNBTdz8,Reaction,0.0
V_aOwfr6onk,Standard,0.0
hh9btCWMA4s,Standard,0.0
FtWs3Vy9YIQ,Standard,0.0
kg6NQfGOwPY,Standard,0.0
mHfIBjew6PI,Standard,0.0
laih6TdKxJg,Standard,0.0
xrDrWzwXKJ4,Standard,-1.0
85a3Kmy6TAo,Standard,0.0
N0ezdoCZtP0,Standard,-1.0
t6HVe4MRlyI,Standard,0.0
_kn1_Pk-_LQ,Standard,0.0
8pMZUWmUqZo,Standard,8.0
EEYa-raCMSY,Standard,0.0
cmBnIoN1a74,Standard,6.0
Am3KCkwHjrw,Standard,0.0
YmJsU8ykstU,Standard,0.0
4X_BlSTWcLQ,Standard,0.0
hI_aTALKd8k,Standard,0.0
Q_Znv_Ls51I,Standard,0.0
f2W5rU42rng,Standard,0.0
caOnaP40WbA,Standard,-1.0
PzdffPtX-_I,Reaction,4.0
YfS3eDhO8XA,Standard,4.0
65kLG_HiXlY,Reaction,6.0
xrOSczkRYEI,Standard,-1.0
0BFc5wQLtx4,Standard,0.0
1VmBCUUnaVY,Standard,0.0
8KcQbgJUN8E,Standard,8.0
eYm8qP6JIeg,Standard,-1.0
92lOM1PsWtE,Standard,0.0
e6nTpRBiHsA,Standard,0.0
x3GRh8psDPw,Standard,0.0
8LezIoClQBs,Standard,2.0
ayF294SYzG0,Standard,0.0
IdjurRUbOeM,Standard,-1.0
YWIyZ85rFII,Standard,0.0
rFcBBWTjfGA,Standard,0.0
EUE6lQ0Zx5Q,Standard,0.0
6j-3-gHmJ9Y,Standard,-1.0
mghIYfkFU-o,Standard,0.0
NZeDf4XErgo,Standard,2.0
GjMb2SCubOs,Standard,6.0
upVH35Zx5-E,Standard,0.0
1VLFwQQSsrY,Standard,4.0
jihf2XIUpc4,Standard,0.0
JBe8CtWs9iU,Standard,4.0
xyES1X7T2JA,Standard,-1.0
vrvTlPoiPkQ,Standard,0.0
wwaQXK3UFAU,Standard,0.0
92ocG94FZI4,Standard,0.0
Qjw8cdpwu_g,Standard,0.0
b8nkiPR2Skc,Standard,0.0
xCQvquyuHnE,Standard,0.0
QUCue37Dffw,Standard,0.0
37A_eQXSlOI,Standard,0.0
ZbSlavQZXUk,Standard,0.0
m0I3nJgE2ag,Standard,0.0
EB6aMz_CCzs,Standard,4.0
7ikzIEkAkeg,Standard,-1.0
_U4nMpaVJGI,Standard,0.0
l1-QQHrgy9k,Standard,2.0
09ae874YA_4,Standard,0.0
tvB4ojXPqEk,Standard,0.0
LMqSsTHoWNI,Standard,0.0
tTZF2BJZxbo,Standard,6.0
1ix6nI7ZS7c,Standard,0.0
h2cZ9KFUcAk,Standard,4.0
TyegUBmRA6c,Standard,0.0
wJBsxbfRIRo,Standard,0.0
LYdye33sBck,Standard,-1.0
1N8DFuVA1Jc,Standard,0.0
VWPdLuXxRpM,Standard,4.0
D3R4VbgFawM,Standard,0.0
Gm9oFqwfKXo,Standard,0.0
H8agDrztsFk,Standard,0.0
g60Sh9gS254,Standard,0.0
wKf3L515TYc,Standard,0.0
VyvAVbleqDs,Standard,0.0
4BD3WNHlDq0,Standard,-1.0
bE_L6joN_oo,Standard,6.0
KWm9XGhUf3I,Standard,4.0
urCJUycOqpo,Standard,0.0
7SUNnwzsow4,Standard,0.0
0KoZ3HRtFmA,Standard,6.0
xAINSJZFSrY,Standard,0.0
oF09_kKYbQo,Standard,0.0
XNhmz1YfmFE,Standard,-1.0
oS-ab4m0W-8,Standard,0.0
vVIuHNJuCqk,Standard,0.0
sj_d7EpsEsM,Standard,-1.0
9YvGkMazMtI,Standard,-1.0
W5ik089Y8_k,Standard,-1.0
ekYFNPPcmhY,Standard,0.0
qIh95I2xD10,Standard,-1.0
D_YzA434U4A,Standard,0.0
yeqcZvaUB-4,Standard,0.0
Ek81zkuWL4w,Standard,8.0
KlbO8aCkgPA,Standard,6.0
hGE1h_OYC-s,Standard,0.0
dbpTI-whNQE,Standard,6.0
KrpYew7BQPE,Standard,-1.0
LS3WPQjhgFw,Standard,0.0
1OKryzD9lg4,Standard,0.0
s48Xfz0xr1s,Standard,6.0
F6D3jbGYRn8,Standard,0.0
y_djXiP9G6U,Standard,0.0
WTaUnfC5BBU,Standard,0.0
ocZIZEVen_k,Standard,-1.0
5lPT_w2Hbnw,Reaction,8.0
-Y1eZCg2YNg,Standard,4.0
_5byzLr7JT4,Standard,0.0
Mf4OTEjt6sc,Standard,8.0
FmL6uXUmNb8,Standard,4.0
eQmoe0IIpaU,Standard,0.0
_0jAqoaerhk,Standard,-1.0
KcWHfz8GI9s,Standard,4.0
zOMBTV13mRc,Standard,0.0
70XxOzq8HTU,Standard,0.0
xzIXDe5T5AQ,Standard,0.0
f64ej4HPoOo,Standard,6.0
NnLB-diDE28,Standard,4.0
kstOBcmI5Kk,Standard,-1.0
zmuvyEJXuCc,Standard,0.0
JNZAZxnWjWQ,Standard,4.0
WGrV0uncyXE,Standard,6.0
gFo8YB_e6fk,Standard,0.0
YpOP2P8Lt-8,Standard,-1.0
0r3AoVom9Fs,Standard,0.0
FuA_SvcctvE,Standard,0.0
9O95kwUR8Tc,Standard,0.0
Wcptm7iCybE,Standard,0.0
OnVX4kbriR4,Standard,0.0
zvAuLgy0Vbc,Standard,-1.0
y_Z49tH7M0E,Standard,0.0
r4Fxe74khi4,Standard,0.0
IZyypaaFbIo,Standard,4.0
5doNNqVgoDU,Standard,0.0
jbuAdc9P7Lo,Standard,0.0
MSGpcRJtotQ,Standard,0.0
03Qhvf0MRvM,Standard,0.0
mKi8sNVZ0Oc,Standard,0.0
j1-YmPV6psM,Standard,0.0
nNdGOz1OllI,Standard,4.0
TuIoQYIQiMQ,Standard,-1.0
upQqZPCbY2o,Standard,0.0
nIJ6Zyy9heg,Standard,0.0
eE0omYjAiyI,Standard,4.0
CvQBq_AOsig,Standard,0.0
nJk9ToikQWk,Standard,-1.0
SoTZ3CO1wZE,Standard,-1.0
OMxT3SAK5f4,Standard,6.0
tfG6v9_NmHk,Standard,0.0
-8pxcjtDimU,Standard,4.0
sx_eLWFhzuI,Standard,-1.0
S7UoPoo6_VI,Standard,0.0
7mlEipHTmFY,Standard,0.0
Wg8NfiSZ55U,Standard,0.0
Y9grk8sKJrk,Standard,0.0
CrmKYaBg_AI,Standard,6.0
0Fnb2hq_thc,Standard,-1.0
9mpgQMQnh5Q,Standard,0.0
VDaAOyAU8_E,Standard,6.0
0Uj05cHeXKM,Standard,0.0
ILXT3FQKh-Q,Standard,0.0
Brpt5sLfIo4,Standard,4.0
bQZKeWDZ8eQ,Standard,0.0
lBm01jKkfx0,Standard,-1.0
rK3aKVVNuIc,Standard,-1.0
Wxzuph9yP20,Standard,6.0
aiQ0PCX3Prg,Standard,-1.0
u0d3Fz8_qKI,Reaction,8.0
qY_cLMOL_Ig,Standard,0.0
RExXj27ckLo,Standard,-1.0
mymw1wYJwWI,Standard,4.0
UZA1yh41xoA,Standard,0.0
XTDKMOjK_IM,Standard,0.0
TWW4AKG7azI,Standard,6.0
RoOI7UJ9VYA,Standard,8.0
yhGiDDwakKA,Standard,0.0
1fOrfQjOdsw,Standard,0.0
EVcGlVBZ4cs,Standard,0.0
bNOmPIp0cwE,Standard,0.0
TyJXY7AyHaA,Standard,0.0
uGAImZGxm-A,Standard,0.0
LJZkYs741W0,Standard,0.0
ApAZy9z-30k,Reaction,8.0
y4viKYV2ZDY,Standard,0.0
LsYkbKovDZ0,Standard,-1.0
6r_SXMdWAUU,Standard,0.0
OFW-HhP8cc4,Reaction,4.0
2dz5q55Xq-M,Standard,0.0
QcAuDJEcU1Q,Standard,0.0
lcFOvPHkZxk,Standard,6.0
wd6040FB8do,Standard,6.0
GmqW7ks_pZU,Standard,0.0
VXRUc675qAE,Standard,-1.0
URuohdtqVRI,Standard,0.0
yZKe_JwPPTI,Standard,4.0
sYEFDGBtqEE,Standard,0.0
OPEHNX87_rE,Standard,6.0
qDKqIFaTjhQ,Standard,0.0
_eOhiLcWBtQ,Standard,0.0
35uxtKmFewI,Standard,0.0
HZqiQu8EA_U,Standard,0.0
VskIvjIi3Ec,Standard,4.0
eiNuTaXEa2U,Standard,-1.0
tDSL6Pn-yxQ,Standard,0.0
cG4sw0fFxis,Standard,4.0
PquN8Woo0vo,Standard,6.0
iW3B1NQ82zI,Standard,0.0
JSGA-pW85Mc,Standard,0.0
PlmlfAggVfI,Standard,6.0
bDIUjO_l0dg,Standard,6.0
yT2icF0a0V4,Standard,4.0
A1WFoKgbql8,Standard,0.0
0lcltgghOe0,Standard,6.0
gdvS9yQS0G0,Standard,0.0
UtZZsVyoN6E,Standard,0.0
ya8PewCGw6o,Standard,0.0
7xY4O840Pzo,Standard,-1.0
-1cbGlmPMgs,Standard,8.0
QcHVx1GMNKo,Standard,0.0
iC-gCTfAdiA,Standard,0.0
Cu22WfJhL6Q,Standard,6.0
YB5uhxAyxVc,Standard,0.0
6tyXRHsOJ3Q,Standard,0.0
FOpJRJ8NlLk,Standard,4.0
BS40OnRwpvQ,Standard,0.0
RHRIPxrmGEU,Standard,0.0
j1SCb8lYeuE,Standard,0.0
8Bj9qsWF8po,Standard,4.0
r2NdhTeE2ts,Standard,-1.0
WxHC2EPRcdw,Standard,0.0
2jNfpeUbzQU,Standard,0.0
_VDysqG5zxs,Standard,6.0
yLLjzGDDCj0,Standard,0.0
QMKjW-ai22I,Standard,0.0
65NkLbJydOM,Standard,4.0
ycbhqplFCq0,Standard,0.0
htJbt-h4b5k,Standard,8.0
GY4N8VJkqww,Standard,0.0
f1QsZfwNqL8,Standard,-1.0
XyrhffrhVxQ,Standard,0.0
LrIuGGhSPQw,Standard,0.0
fO61hqHbRBw,Standard,-1.0
81Qx5yy2BPY,Standard,-1.0
pPfdLd24vpE,Standard,-1.0
AJne0DviYSk,Standard,0.0
8NcQNFBsmVw,Standard,0.0
wCs4EGQY7ZI,Standard,0.0
RclUWrv0hjg,Standard,0.0
QP4OMH3L9WQ,Standard,0.0
swk6C3Cz5j4,Standard,6.0
mvEJ7JWnU7w,Standard,-1.0
v3gGplopgC0,Standard,4.0
dffLGQqUIdw,Standard,0.0
gBFBLe6VhXc,Standard,6.0
G2UPafwUstk,Standard,8.0
TM6sGmF2gxA,Standard,0.0
hP0fanO5KYg,Standard,0.0
LMkXyvBEto8,Standard,0.0
InRzvwpCnNI,Standard,8.0
r4qbYtJ4n3w,Standard,0.0
q7TEI9wa6X8,Standard,0.0
FshJ1xOazPA,Standard,0.0
kY_Vl0ac82U,Standard,4.0
TrOlShqH3mU,Standard,0.0
Cr5Njma0lzw,Standard,4.0
Z87E0-tMmDM,Standard,4.0
TZuAWrogVlY,Standard,0.0
xjIa8YmAEjM,Reaction,4.0
MtrZI6AEUQE,Standard,6.0
6B5UOxOG2Uo,Standard,0.0
s6JCIm6LjYg,Standard,0.0
sHsHdRLq3XE,Standard,0.0
dhIipItBH8o,Standard,0.0
oirCCFDYKOc,Standard,0.0
InGpV-xqVbs,Standard,-1.0
0Htz8c-lbp4,Standard,-1.0
At6AxTT2mLI,Standard,0.0
ENG4VdHIiaM,Standard,0.0
JF4dKvQ25V4,Standard,0.0
7u6epV9_fOM,Standard,0.0
5_jPBclrC1o,Standard,0.0
AiuExoZxcRQ,Standard,0.0
nMzh2pIqSLM,Standard,0.0
2WnwHi9BZWs,Standard,8.0
c9LmlbOcVls,Standard,-1.0
rfl6ZkcfnOo,Standard,0.0
iyl5xWQWf6g,Standard,-1.0
Mgug2bS_QT4,Standard,6.0
ri_2jCBC9yg,Standard,0.0
BQKn3dzS22I,Standard,4.0
K1ETnxap6NE,Standard,0.0
0vafaFzbZDw,Standard,0.0
kP7v52nn3UI,Standard,8.0
oYb7Mzw0EZU,Standard,0.0
DCkBh9mpua0,Standard,0.0
4iMwIvNswR0,Standard,-1.0
zCg5_SRZaMY,Standard,0.0
w_8oIxJP_cM,Standard,0.0
NR0Cg5HUT2Y,Standard,4.0
c7a4OEvaxkU,Standard,0.0
aRGnH0m99Oo,Reaction,8.0
hgMd4TKM5mA,Standard,0.0
MZdDvjB2HcY,Standard,0.0
_lZpsUcqhY8,Standard,0.0
YWL6T6HCt4o,Standard,0.0
WNxFSy42yl8,Standard,2.0
ha7VQaxOOKs,Standard,-1.0
IUmwYk8JZSE,Standard,6.0
sYAfK0ztPEY,Standard,0.0
hL8mSKRm09I,Standard,6.0
byS3Ieuydhw,Standard,0.0
ooh_z_zhDbg,Standard,6.0
814feydv5t8,Standard,0.0
KQy7Y4uE87Y,Standard,0.0
eO2IRIE01s4,Standard,0.0
DViswttrAhQ,Standard,0.0
uDiezk8XbTo,Reaction,8.0
zn6LhoCTR8A,Standard,0.0
VbrhLNugoFo,Standard,0.0
H33aK-T5LI4,Standard,4.0
B1vKSi5QG5Y,Standard,6.0
ijeFTiq01vs,Standard,0.0
SNekwRN7Ua0,Standard,4.0
Mc4-WSPtljA,Standard,6.0
-CjscPtkTnA,Standard,0.0
eRuAOJ9CE7Y,Standard,0.0
iXA2VPQZSgM,Standard,0.0
FWUNIhqXFBY,Standard,0.0
vXm4noih1cY,Standard,6.0
vvSbWo3lWfA,Standard,0.0
dB3bDR8YWz8,Standard,0.0
a1dLuCHoSWM,Standard,6.0
iedrG1sei3o,Standard,0.0
hs-o-d8Oy_Y,Standard,6.0
NeqOBqj5L1Y,Standard,0.0
LuRf63YrDz8,Standard,0.0
rfryVc4qhr8,Standard,0.0
aFWgWeLJzSU,Standard,0.0
BmCm3Hv4cOQ,Standard,0.0
tJZ-pw4pzsU,Standard,0.0
v5CUwWZXG-k,Standard,8.0
-pQpBHW4TCE,Standard,0.0
NifJKI36AXo,Standard,0.0
aNlCp9lmQcE,Standard,0.0
5qdcJY_JzoM,Standard,0.0
G7PDA0QgQBY,Standard,0.0
SY13tmIkK-w,Reaction,8.0
4RV9KgZ1yHg,Standard,0.0
dFdnW8-8ZSE,Standard,0.0
Lcg5Rr83TDs,Standard,0.0
06XX62DYnY4,Standard,8.0
Sb-C49YNTGI,Standard,0.0
xF4sjMlpKQ4,Standard,0.0
T37cM2Vocn4,Standard,0.0
PHwwIgdp8xY,Standard,-1.0
n_eP5ZCv_YE,Standard,6.0
EEZjpvKUNyQ,Standard,0.0
OUS5G8A_Gh0,Standard,0.0
tUCwfEnroVE,Standard,8.0
xw8DiFwc5Qc,Standard,4.0
FWdKffr4NvU,Standard,-1.0
syNo-r-vGPw,Standard,0.0
H7iTXatR4L0,Standard,0.0
Ag6q5yR9aLA,Standard,0.0
li-nudkFezE,Standard,0.0
syKHuPOlNGA,Standard,0.0
-EoxgxsPBZ4,Standard,4.0
ASmC4Nf-i1w,Standard,0.0
GBf6mLphmz0,Standard,0.0
UBsjo9uwzOU,Standard,0.0
lIeOXLKkIAU,Standard,0.0
8jcuwSLY-Is,Standard,-1.0
k5wLZkD9NZM,Standard,0.0
zZoKEI111n0,Standard,0.0
I_Fe4QNBOA8,Standard,0.0
51y6k8bv0A8,Standard,0.0
BWRzASfCp8A,Standard,0.0
sf_8AvflaHU,Standard,0.0
wgO4hcOVUqU,Standard,0.0
oJw8AACeFqA,Standard,8.0
2mPQvttVz4s,Standard,-1.0
px8BH99cKPY,Standard,8.0
2OXBt5juYeI,Standard,6.0
O32sTGcvy7I,Standard,0.0
VwRgOlXLOpQ,Standard,0.0
K9rqCXXv4w8,Standard,-1.0
KxcHNTFhwQo,Standard,6.0
qP_JOtqVTyU,Standard,0.0
uFnszTvg2t8,Standard,6.0
GJ34zkdakdY,Standard,0.0
QG-RX257FB4,Standard,0.0
V7s75pT01yM,Standard,4.0
3IS_Z3yLMhc,Standard,0.0
31ZGvmp91d0,Standard,4.0
Fch2RHCGPmU,Standard,-1.0
oEvwYQ7jfkg,Standard,0.0
XzyxJgL_d10,Standard,6.0
Gbzzsf8488I,Standard,-1.0
ImEf2tVPb-w,Standard,0.0
xemUEKy_1eY,Standard,0.0
N1WlCs0I1sg,Standard,0.0
iXfLJMzf4FI,Standard,0.0
BfVal-30QOY,Standard,0.0
KK3SRr6L_4k,Standard,0.0
9NJKM-VkQJQ,Standard,0.0
d1809LLb2a4,Standard,0.0
Y_lCtrktf28,Standard,0.0
fZwYvC1RUZw,Standard,-1.0
waBxyKfxkyQ,Standard,0.0
epCel8PjIbA,Standard,6.0
MhNkGrTMQyQ,Standard,0.0
KFJUpo-8KC4,Standard,6.0
bag0n3d5jeQ,Standard,0.0
xDaqhMTIr1k,Standard,-1.0
mpGZ0V7df_c,Standard,6.0
-gT96lq1KCY,Standard,4.0
zvH071mLgfk,Standard,0.0
ghrB1KfL8GI,Standard,0.0
sw3UjIkQOKI,Standard,0.0
8NkOoUfpdAc,Standard,-1.0
yuFvZWmiToc,Standard,0.0
sVBN4CN_IRc,Standard,0.0
yvOhEyB8xuQ,Standard,0.0
4b7spX3X98E,Standard,0.0
LRIYpX5URl4,Standard,6.0
3mHY4Dbo1QQ,Standard,0.0
dLI0Ynz9NE0,Standard,4.0
xmrEVlpuHng,Standard,0.0
4Qw7W4fUPt0,Standard,0.0
6vmfZFJoZWY,Standard,0.0
TtQ1m6IoeKI,Standard,0.0
PzHNGk6kzOM,Standard,0.0
wNo6M2So4hc,Standard,0.0
XUre8bEG4A0,Standard,0.0
kzVgb1nhff4,Standard,0.0
E6clAxbVmcg,Standard,-1.0
bKC1GZX14YA,Standard,0.0
_wTZ0GcEGaQ,Standard,-1.0
r3pEKFcyWjU,Standard,0.0
o--SHaW0Pkg,Standard,0.0
gP_f_L-8Sqs,Standard,8.0
K13Vu_NJkMg,Standard,8.0
yqB2PVNk_gg,Standard,0.0
OX6wdvn0hqI,Standard,0.0
QDvgkgNRJrk,Standard,0.0
m4q4ubiX9qo,Standard,0.0
SLv87nSlgxU,Standard,-1.0
uSpxNhJcW2U,Standard,0.0
wW2NZTFFEoM,Standard,0.0
oWGwZM_J6Zs,Standard,0.0
4HaA_kpClT0,Standard,0.0
qncjAWjMr_0,Reaction,6.0
7hwDMs0eGXk,Standard,0.0
TYYvrKJLuD8,Standard,0.0
6aWULCoLW18,Standard,0.0
Z3no9bDCF8g,Standard,-1.0
0BsNoI5_W2k,Standard,0.0
1USpmrrk_OQ,Standard,0.0
vLNZnhbg7_8,Standard,0.0
B3arGlg7-CI,Standard,0.0
5qAygMtnPu4,Standard,0.0
-mcEIaVGJFM,Standard,0.0
bKICLb-Wohk,Standard,6.0
asCsa6fErN4,Standard,0.0
RNZXZXkHEEM,Standard,4.0
9cDTdW86olk,Standard,0.0
oqKjgd_sis0,Standard,0.0
t6YRAgxPjug,Standard,0.0
BX_rmzbm0yg,Standard,0.0
M-hDtausPIE,Standard,0.0
qNbqHS1_xkY,Standard,0.0
gMSB_ERb9Ik,Standard,0.0
fj6LPOY3Rls,Standard,-1.0
Lq2HQ6xS4WI,Standard,6.0
0zrYWaZhfHY,Standard,8.0
by6JzaagkPo,Standard,0.0
4c682VQPV74,Standard,0.0
13r3uh4yIms,Standard,4.0
lhNhgbJTGy8,Standard,0.0
Amu5cvlDEuM,Standard,8.0
Cu0zp9vth3E,Standard,0.0
lg-JA-nY1hw,Standard,0.0
1hGU1r42_8o,Standard,0.0
2GusUgSzFME,Standard,-1.0
HrKcwR4bQAo,Standard,-1.0
9UZLJ5jKqbg,Standard,0.0
0W6FoBmjt14,Standard,0.0
CjM-sTq9RVw,Standard,4.0
bO94ohnffFQ,Standard,0.0
wH7Dyeo5hV8,Standard,0.0
2_yCV9BLWP4,Standard,2.0
UaVEG92dGTw,Standard,4.0
rcu2MsHBshY,Standard,0.0
lwqsrkcY5xQ,Standard,0.0
5UvrXLzjIg4,Standard,0.0
t0hxbZ8Ha7s,Standard,0.0
ZCFKb-l1ePM,Standard,0.0
N9R1U6SQ0jQ,Standard,-1.0
U7iaCE0epcs,Standard,0.0
pt6YY3qrPLQ,Standard,0.0
BqeEUsTSFNs,Standard,0.0
zmNKwdQs7-I,Standard,0.0
N_atI3AbIQs,Standard,0.0
kBbC0r_K8d0,Standard,0.0
ZWOEI-0DNvw,Standard,0.0
964_nc6D7yY,Standard,0.0
2OaWI07BC4A,Standard,0.0
x2RXq6ot3Ac,Standard,-1.0
dei-AxAzPXY,Standard,0.0
AOYDfZO-aCo,Standard,8.0
GBX1FBQb10Y,Standard,0.0
gdE4_MLk1DM,Standard,0.0
DVZoYWe4FXc,Standard,0.0
03uKiQJBZX0,Standard,-1.0
SKitKe4XBXY,Standard,0.0
IdQRRd-FqK8,Standard,-1.0
pg_0tpFkezU,Standard,0.0
dZGQU8nlU6U,Standard,-1.0
uL0MzCh5458,Standard,0.0
oDqXNa4yEiI,Standard,8.0
KxxIao1XUPA,Standard,0.0
pKcvSc8NHhE,Standard,-1.0
xyEVJK_AxcY,Standard,0.0
EJhS0RQGFwc,Standard,0.0
MRasP7x2bXw,Standard,0.0
XmVfGu5_9mg,Standard,0.0
5xjDTcPzIus,Standard,4.0
JP8-Ort_J6I,Standard,6.0
mxYmc6wKDL4,Standard,0.0
H0EltnbGm-g,Standard,0.0
IqZsAfjTFpo,Standard,0.0
_xIdAyDlLoM,Standard,0.0
G5UQbLfst7w,Standard,8.0
btq1uwK5yKo,Standard,0.0
9wloZR4a1No,Reaction,8.0
uuzogO-ibA8,Standard,0.0
1xUM9o8HfPM,Standard,-1.0
K-9XrzW8SUw,Standard,6.0
obpCDtRjgK4,Standard,0.0
k2krPuSLE-w,Standard,0.0
ZTrqLRSXA4Q,Standard,0.0
U6K3FeE48b0,Standard,0.0
kGBvMnG4tmc,Standard,0.0
JGmGv1Gov6o,Standard,0.0
HCLgj2Mlo1Y,Standard,0.0
eYj-LN3BsSg,Standard,0.0
fEkp3bkEv0s,Standard,0.0
fDD_1tCPfu4,Standard,0.0
CzgrdeqS00Y,Standard,0.0
ZtIh8bfOsP0,Standard,0.0
Pvb0R7FdLSc,Standard,0.0
gzipC-afOxM,Standard,0.0
35HsX8Y65rE,Standard,6.0
pKT4nFJol_0,Standard,4.0
lnTJBTlC9MY,Standard,6.0
UQHg1cmRBW4,Standard,4.0
gyLqfNVYkLc,Standard,0.0
71ADzL8Wfl4,Standard,0.0
zwsHT66HzJ4,Standard,0.0
7T5bjF2B_mM,Standard,0.0
5huEIdGkSKA,Standard,-1.0
R6UYFhTpHck,Standard,0.0
kG1Ft32Blkk,Standard,6.0
NoQeijXMG84,Standard,0.0
yRm_FbLvsIE,Standard,0.0
hamjoNeNXWU,Standard,0.0
2Sg38K1-iI8,Standard,0.0
TOeI7Z2fiyg,Standard,-1.0
DbhVvKuDtTg,Standard,0.0
xnDw0SIums4,Standard,0.0
bVOwMiKsa3Q,Standard,0.0
KkOKsAZoB_4,Standard,0.0
HsTTHFLCl4c,Standard,0.0
OHpNwIZ4tRc,Standard,-1.0
Izt6qz2haio,Standard,0.0
SB19jjV4iGE,Standard,0.0
NjNSDOTfhIs,Standard,0.0
Tznhmg2EhkE,Standard,0.0
udzcxO0-mCY,Reaction,8.0
XJuQF_RwGGw,Standard,0.0
qhbjpGtmfw4,Standard,0.0
hfAyGRlh_EQ,Standard,0.0
J59rAHFgArM,Standard,0.0
WZHXl5R5yzo,Standard,6.0
A2mX0I5ZYZ0,Standard,0.0
-koDPkrMQZI,Standard,0.0
9gNx_ZPAaGg,Standard,0.0
VdxDTEfOhE0,Standard,4.0
wnCF3gLWoF4,Standard,0.0
_FvzOHZ1pDg,Standard,0.0
Yf7bWPViJOs,Standard,-1.0
faa-k75rSMU,Standard,0.0
T1hfijEsG08,Standard,4.0
j6HD9tGUchY,Standard,0.0
Xm2M0FALcp8,Standard,4.0
z3vcn0W44cM,Standard,-1.0
ZXIm0DQQUvU,Standard,0.0
npHaJbheitI,Standard,0.0
7mxJ4peFXJA,Standard,-1.0
oHKoLgxQLUk,Standard,0.0
UQ_VzzdZ8-o,Standard,0.0
YGjedAKqyMo,Standard,0.0
22s1C3l9m_c,Standard,0.0
c4lm15a9nwQ,Standard,0.0
eFx65LXLgb4,Standard,0.0
vN4MsFyLndU,Standard,6.0
HUWxkdMlejc,Standard,4.0
GJg2tbEdwWE,Standard,0.0
HZoI1cwdBXU,Standard,0.0
I-l0G2gQBTI,Standard,0.0
CYS-AZDiSu8,Standard,0.0
bi7iXfb6Wzg,Standard,0.0
dqfzAg5Au4U,Standard,-1.0
c3YBMbonrD4,Standard,0.0
aT2YyFfwyLQ,Standard,0.0
-uyucggE264,Standard,0.0
AGkW0AooTK4,Standard,8.0
aP5BRxING1g,Standard,0.0
w4fGPSvnlYo,Standard,-1.0
V2RQMf6asVg,Standard,4.0
4VJwM20hVjA,Standard,-1.0
BIae_hfit0w,Standard,8.0
ltIOi1T7NcU,Standard,0.0
9I2o4zUSnqk,Standard,6.0
Nfokn4NIwPo,Standard,0.0
ToRKelbVVMc,Standard,0.0
fbkdENWoRKY,Standard,0.0
KXM7SIYqWEk,Standard,6.0
c9ElqTDUnbk,Standard,-1.0
9PhUwZv7XlU,Standard,0.0
XgGD6xZlnmU,Standard,-1.0
satzQ5oT6A8,Reaction,6.0
8fcHsaK33Ls,Standard,0.0
lmttaFxD2dE,Standard,0.0
cfMGp3Wh4ow,Standard,8.0
n3NVm_XQfEE,Standard,0.0
uSFnOeSKOf8,Reaction,6.0
dr5P1fJqLKo,Standard,0.0
ZAA8oyNPU58,Standard,8.0
0Sb_r3wX970,Standard,0.0
Rz0ig8Royh0,Standard,0.0
4FrGa7bkZvM,Standard,8.0
gVErkuQYs6E,Standard,-1.0
hvQWqcBRM1Q,Standard,0.0
FPvXDYjXQU0,Standard,0.0
AQk6FNcyNcU,Standard,4.0
V6OQ-Cz2Mbs,Standard,0.0
nMqpaJEkm9U,Standard,0.0
GJUoWliV2I0,Standard,0.0
viAMvfV07l4,Standard,0.0
nIbqA1Zf3xo,Standard,0.0
bHVWuIUfCXg,Standard,0.0
3s2_4qxul2k,Standard,0.0
3q67eJKmiv4,Standard,4.0
c56d-BSbWbk,Standard,0.0
FakpDAxeTH8,Standard,0.0
O6NFJZ4an6o,Standard,6.0
efn4PcAayQs,Standard,0.0
pDOR86pfnz0,Standard,8.0
b40xwiaECs0,Standard,0.0
c0r9S63Nwag,Standard,4.0
UfzWOubtPkE,Standard,0.0
wTTzzRvmA00,Standard,-1.0
yvVtWe_dYkk,Standard,0.0
uv10Y__xK8U,Standard,0.0
fpJQ0BxG1_k,Standard,0.0
XJWu8RtLe1Q,Standard,-1.0
F5nY57aaBzY,Standard,0.0
ygy68v5JZas,Standard,0.0
OYBmjfh4_qw,Standard,0.0
w0ZLmHR2q50,Standard,-1.0
s11LnkRKWPE,Standard,0.0
Sh-uKzx0MD4,Standard,0.0
10nK-wGZYFc,Standard,0.0
cEeLBv1Wmu4,Standard,0.0
IEDpeQHA6Ew,Standard,0.0
ZU462gZyHwo,Standard,-1.0
NQ43oWe8cHw,Standard,0.0
9EKkNavoTgY,Standard,-1.0
dOPZDsmphpw,Standard,0.0
VAvwMBjtUag,Standard,-1.0
TTl2HKd60JM,Standard,-1.0
P1LlV_y1qKU,Standard,0.0
A4iuY7X30Vs,Standard,0.0
T_oMRGmAgaY,Standard,0.0
cAkq24PmNcQ,Standard,-1.0
mT2CV4Q6mIw,Standard,0.0
OU1NgkP2rmM,Standard,8.0
CujbvCfKCuI,Standard,0.0
e-R0XZNWvMk,Standard,8.0
98gJElJ9FKg,Reaction,6.0
Iriy3MhFzCo,Standard,0.0
8Qw7H6heFfU,Standard,8.0
0A1x-jlxkPw,Standard,0.0
oEBEeFkFIDc,Standard,4.0
g3GcbjW1hJ8,Standard,0.0
KeX3H2h3wJI,Standard,0.0
pI_Y9-XzedI,Standard,0.0
8tkDO3lPEc0,Standard,2.0
RAEknlcF3ys,Standard,4.0
4xCe4vMXGhk,Standard,0.0
rGTh9WMKyN4,Standard,6.0
H2z7j5W7a_0,Reaction,4.0
rHAYmL7xkh4,Standard,-1.0
ZdtIRC4Ov10,Standard,0.0
kYi2WARuvAg,Standard,-1.0
6l4pA0VC0tQ,Standard,0.0
rNsgekPm9cc,Standard,0.0
EX3ejBjUKJc,Standard,8.0
ZqIC9LdRNG8,Standard,6.0
dpM_Xe4K720,Standard,0.0
F2cfGsNSBz4,Standard,0.0
gC_9LdLD0CY,Standard,-1.0
85v00ylvWNQ,Standard,0.0
hUwkiBOxhzU,Standard,-1.0
hjWY_L65o-s,Standard,0.0
-U-hgV0xK4o,Standard,0.0
aplCwLwvw7o,Standard,6.0
eK3foltKKn4,Standard,0.0
XkLSnxS5hcI,Standard,0.0
-JfiOOuXG2Y,Standard,0.0
i-2p29Sni6g,Standard,4.0
5a_Sj-8AuQs,Standard,0.0
1UqxdnBY7qY,Standard,0.0
BVTEcPqXzo8,Standard,0.0
SKrU86Sn0hY,Standard,2.0
KpsdBOCp1jQ,Standard,-1.0
MOtKLHiUnto,Standard,0.0
DdaYcoeBFg8,Standard,4.0
tAdwY-eAETQ,Standard,-1.0
jZoBRKvO5nE,Standard,6.0
AofoQDs7XM4,Standard,0.0
CXg3YSCwYjo,Standard,0.0
OgCHws9lplc,Standard,0.0
Z7-HTr0FDow,Standard,-1.0
Q-oEEJ7FvZE,Standard,0.0
lXRK3TQ_zug,Standard,0.0
dK9QfbNp3oo,Standard,0.0
AsjEXFpTZzM,Standard,0.0
p9iC5M36P1Y,Standard,4.0
1vY0hfxJSms,Standard,0.0
gVBNdda5JWg,Standard,0.0
Dbj2DVptQHQ,Reaction,4.0
J2w06FYgHj0,Standard,0.0
Eh-qUmVyTCQ,Standard,-1.0
HbOlS6XMLHc,Standard,0.0
DHUZLCgrWAs,Standard,0.0
aL98aj5maFQ,Standard,0.0
7l1j41qGtOE,Standard,8.0
zLfb7FlgD1M,Standard,0.0
e4kFeantGl0,Standard,0.0
-NY0kwx6rX0,Standard,0.0
iiikVod5yrY,Standard,0.0
qHe-GvffI4A,Standard,-1.0
--baJ07aTWw,Standard,-1.0
HKmFHlEkeK8,Standard,0.0
6agTQI7mQyo,Standard,0.0
iwWu0edyFpM,Standard,4.0
rw7_ZFEeck8,Standard,0.0
_OhesKG1Ea8,Standard,0.0
0o4T7SzXBiw,Standard,0.0
irDe_mZz3vM,Standard,0.0
xqDqaehJ3VM,Standard,0.0
diiwY31stYU,Standard,0.0
d4WaiNGUaS4,Standard,0.0
Adi250P7oz4,Standard,0.0
DLe2X6U7Qyg,Standard,0.0
ppgOPXa32hs,Standard,0.0
GyrYEubFvF0,Standard,6.0
DFtbXBcbyVM,Standard,0.0
Z6_qC_7elUU,Standard,-1.0
FnlrQqwiXF4,Standard,-1.0
RGQmL_zjH1Q,Standard,6.0
geJFOsRu9A8,Standard,0.0
86qm0BfOzj0,Standard,0.0
aZHF7JDfmo4,Standard,6.0
77giSceFcN4,Standard,0.0
Y9JMnniXJ1Q,Standard,0.0
X4_t5fjCVEI,Standard,6.0
zUwkn8pHldA,Standard,0.0
T8HVlV6_aRQ,Standard,0.0
QqYYl92TzoU,Standard,0.0
_PCFkotUN04,Standard,6.0
y9w3byGwhrU,Standard,6.0
uGpfevJnxDg,Standard,0.0
2yJ1mqQoOlI,Standard,0.0
uGub5gpytJs,Standard,0.0
YCETGpozI1E,Standard,0.0
XwkibdcGHGI,Standard,0.0
PuQFciYs3hg,Standard,0.0
wJfE1ynDhus,Standard,0.0
uIQcMPkNzzg,Standard,0.0
-iebYfdXNG8,Standard,0.0
8-AcRo6OpTk,Standard,0.0
fkwSyJweEi0,Standard,-1.0
f2PL62_pODI,Standard,6.0
nBbIn0chuRw,Standard,0.0
7DX_fwHERMQ,Standard,0.0
CnH5-9X44sE,Standard,2.0
z3tylvklKo4,Standard,0.0
jEncmttVFtU,Standard,0.0
TZbq72eHkVA,Standard,0.0
zM1s508A0ec,Standard,8.0
yxzZQYuAO-U,Standard,-1.0
CCbLMaRaEr8,Standard,0.0
23e2tqcNhss,Standard,0.0
hnSRhpVLGjo,Standard,0.0
lw81olOiYgs,Standard,2.0
wFUImIW_Z7s,Standard,4.0
VFX_EqnezV8,Standard,4.0
sPzKosfVUw4,Standard,0.0
nnwlmKnMfpI,Standard,6.0
PcHbq_jFo6o,Standard,0.0
QgNBcPEcacI,Standard,0.0
pBsuvkEahAc,Standard,0.0
-nFABUCrHHs,Standard,0.0
6cn4EcA5_EU,Standard,0.0
dHyPt-t1PZQ,Standard,4.0
jnRRK9Ha5iA,Standard,0.0
r5W4PUjFNyY,Standard,6.0
xm9vF5rAvb8,Standard,0.0
nXz4_EiTfqU,Standard,0.0
Cfnm4KDqyTw,Standard,0.0
s1xybLwZytg,Standard,8.0
suQmWfLm_DI,Standard,0.0
kXj0r0sViao,Standard,-1.0
VcAD2GDmdXM,Standard,0.0
bb3mPclxEa4,Standard,0.0
o915Vu4RhOE,Standard,0.0
VLNggSwpgcA,Standard,4.0
m3W3Y70h0uY,Standard,0.0
3S4DbUO5mtI,Standard,-1.0
qnB7yzd1-OQ,Standard,6.0
TNpT-yoJAWk,Standard,0.0
qvhXXTvufQw,Standard,0.0
LeoQaylldUc,Standard,0.0
trs8f6_gc6I,Standard,0.0
ep8xeRAhFF4,Standard,-1.0
wwESkz8QF9M,Standard,8.0
wTPwXwHgKjY,Standard,0.0
-DSXx5z6y0A,Standard,8.0
xP8qCRVs0BY,Standard,8.0
2VLMUN0HixY,Standard,-1.0
VaFbCLW29AI,Standard,4.0
zm5mnu2J_fU,Standard,0.0
cUL3Ariv-lM,Standard,0.0
S5ZpjmnueDk,Standard,-1.0
9tkMkSc6JXg,Standard,2.0
4-P-tFK0tJQ,Standard,8.0
-d5JAG2pg3Q,Standard,0.0
9-7VyGQQvMs,Standard,0.0
JuBt4QfBmwk,Standard,4.0
NJNSV33znm0,Standard,0.0
ztBrY7ZN6Jc,Standard,0.0
09abmLr3unU,Standard,0.0
T43aOq1oFs0,Standard,0.0
yl_ThspLciY,Standard,0.0
JWtwyKRj5a8,Standard,6.0
rTjCvu1uwRQ,Reaction,2.0
MoPYqgyxGg4,Standard,4.0
pwEcL55YJj4,Standard,0.0
J6Fj4Gz4gCs,Standard,0.0
ih0oRIegXLA,Standard,-1.0
v2TrpQqAGeA,Standard,6.0
DGXdi4x6IPk,Standard,0.0
6bRQr6g-Bq8,Standard,8.0
7skjFrB9ccs,Standard,6.0
eZOemK7KLsc,Standard,0.0
gd83ZGZAvGY,Standard,6.0
8AR7B8HjRPQ,Reaction,4.0
QKSSZB-M6b0,Standard,-1.0
bDNIZPlO0YU,Standard,2.0
jD9VhcEceeI,Standard,0.0
8rOgITgWzDA,Standard,-1.0
Rqo1229sgp8,Standard,0.0
PA632ufvQDI,Standard,0.0
0ww_8MAoaag,Standard,0.0
_4SVRjEJKrE,Standard,0.0
G8olTwbLtNk,Standard,0.0
fkmMI2MLzyY,Standard,0.0
Q2DQnJzwC3M,Standard,0.0
r8u0g4fqCvg,Standard,0.0
JJ2PYvauwXQ,Standard,-1.0
svbshXx5CwE,Standard,0.0
gYLLJyJmqMw,Standard,8.0
ft-IKWT5sCE,Standard,0.0
i5LIl2-oNcI,Standard,-1.0
NyPds2aNRs8,Standard,0.0
-n9QikgJYMI,Standard,0.0
DskENFrjGpM,Standard,0.0
rusl4w5UPJc,Standard,0.0
Rxgkw0wLH0E,Standard,4.0
ZL_OTp_T0CE,Standard,6.0
F9hiUe8DJKU,Standard,0.0
C8lmEVhX_FQ,Standard,0.0
wkQRGWwHEOc,Standard,8.0
ivDBy65mxT4,Standard,0.0
fEP0KupeElE,Standard,4.0
Bkm_aPLeRis,Standard,8.0
HivO_ZJoz4w,Standard,0.0
CHGiajlTlqY,Standard,-1.0
BMmGMRKNq2k,Standard,0.0
ZJLQT4RYGiM,Standard,0.0
5odcX8t6wzA,Standard,8.0
u9el-jY3qVM,Standard,0.0
5ENJeiEZJLI,Standard,-1.0
HXZvfBgFh5E,Standard,0.0
XI8ClHfAjuI,Standard,-1.0
mIm6c5T4e_Y,Standard,2.0
YRZdGS1kkzc,Standard,0.0
B8qRZJrlTrs,Standard,0.0
VRN1DNqmSVs,Standard,0.0
fUkrKHCquWE,Reaction,4.0
TLikcCYMQUI,Standard,0.0
aBWzAo7Q7EU,Standard,0.0
CN2HcTAMl0U,Standard,0.0
Nd1z3S5GeaA,Standard,4.0
F6LSGhqGJk0,Standard,0.0
p5cqO5jYJSg,Standard,8.0
fIamCeXbEmw,Standard,0.0
5dmMZiLK7G4,Standard,0.0
6TeGRWv7sRM,Standard,-1.0
lvkrhXsW734,Standard,0.0
iGoiWipA5gc,Standard,0.0
rJDf6x5XaFo,Standard,-1.0
HRpPse0Z8h8,Standard,0.0
7Xm6t5ndJxQ,Standard,0.0
koq0-xbM8lo,Standard,0.0
QTbmRIDvP7E,Standard,0.0
MxaavDtMWnI,Standard,-1.0
FMQ68A47N9Q,Standard,-1.0
nzEKiuRSG74,Standard,0.0
TQ_0eHyHT4o,Standard,8.0
wPvdDhNz6g0,Standard,0.0
nra7oKKhKEk,Standard,0.0
9BH6FBFrb7E,Standard,8.0
0rx2coAC7e4,Standard,0.0
ygDx7L9_BB0,Standard,0.0
5CmKxzRNt4c,Standard,0.0
RvYLOQACArQ,Standard,-1.0
hwN3yjOMUUE,Standard,0.0
zeNucsCUfaE,Standard,-1.0
fBDaMIxNuO4,Standard,0.0
nkGwXPR0Bis,Standard,0.0
-4RAHXRse1U,Standard,0.0
dwh-MOyJ_uA,Standard,-1.0
aGjYWsUsen0,Standard,0.0
AoAdMtIPISs,Standard,0.0
qiTMuAD050Q,Standard,0.0
3VjDR5p-VSA,Standard,0.0
FLvc7w9KVJE,Standard,0.0
G47otavvNFw,Standard,0.0
exibCmpAdp8,Standard,8.0
2rOX-V8ZlZ4,Standard,0.0
mYpmvmZG-90,Standard,0.0
Z1f51Ot7p_g,Standard,0.0
mGDIhzZsN3c,Standard,0.0
jwt4LssgixU,Standard,-1.0
eok3Qeot46w,Standard,0.0
Z6ndeiNDzUE,Standard,0.0
UXBLWO5t_sA,Standard,6.0
I_Q6gEw8CWw,Standard,8.0
yngYQosjjOY,Standard,0.0
01Ecr6-Yh-c,Standard,0.0
8MpeHmtakAE,Standard,0.0
AzblCBr1yRs,Standard,4.0
CIdLS2ZcEBE,Standard,0.0
LvGFagatlOI,Standard,-1.0
3eC-BlPXr5I,Standard,0.0
0ZCq1JpgPDE,Standard,0.0
vwYSjqt-5fs,Standard,0.0
Pa1glqI3rA4,Standard,0.0
iCuIZ8ZNwjM,Standard,0.0
Apx6iN-NEh8,Standard,8.0
iVhniFWwZyk,Standard,6.0
kEwlSPArb0U,Standard,0.0
FfnZ5vJCvlE,Standard,0.0
LYVWUPoMDu4,Standard,0.0
H5BzERMoa5Q,Standard,0.0
Z7MVnUUi0As,Standard,0.0
8y5PLsaYEjA,Standard,4.0
vCcuBAOBi-A,Standard,-1.0
TbpVQ5g6mu4,Standard,6.0
mzih8DtYDLg,Standard,-1.0
emmloZaCYvY,Standard,0.0
kZxfAK2BsXY,Standard,0.0
WXB2MhXKbes,Standard,0.0
d-DB_uF5jMs,Standard,0.0
VAaumeaaeEs,Standard,-1.0
4l17zN3PvdQ,Standard,0.0
IXogz1CaJIM,Standard,-1.0
UcC53KikOEU,Standard,4.0
7rud32Lt3mk,Standard,4.0
ciV9x95uSWk,Standard,0.0
fo-ol2dLFpw,Standard,0.0
9DGLtfncrbo,Standard,4.0
M6B-ywikv3k,Standard,0.0
7qJblM52uhc,Standard,0.0
jtQ63RqrCD4,Standard,6.0
9o9TaoWQb74,Standard,-1.0
Q7KrjGAqu_Q,Standard,0.0
TALIS4kW1Lw,Standard,0.0
fK5N8zzjBIQ,Standard,8.0
jHshBIueCAQ,Standard,0.0
U4Vj7o3C25g,Standard,4.0
nov8WH98GxU,Standard,4.0
A75qj-Iv9b4,Standard,0.0
YsRJV_SXEMI,Standard,0.0
lKrMy2rR2cM,Standard,0.0
VmNN-G8zfus,Standard,0.0
G5UFW7Z9IqI,Standard,0.0
4CQ1M3G6-Ok,Standard,4.0
hvQ2KNEJwOc,Standard,6.0
jtwgG6Wywkw,Standard,6.0
_yPdIRPSDsY,Standard,6.0
XGb83-lPNdA,Standard,0.0
K5ArDGdY84s,Standard,6.0
cuGFyibx9Vg,Standard,6.0
OY88OM7xlpA,Standard,0.0
DgmvXfNCUWg,Standard,-1.0
Nl4FNEphloA,Standard,0.0
h9lJF8cUVsg,Standard,0.0
mqKve1tzdcU,Standard,0.0
P7ssO_6gHi4,Standard,0.0
zWiqr7XXxH4,Standard,0.0
g7NJs5ygLDo,Standard,-1.0
Ps-7PsokCNs,Standard,0.0
P00ORoUIysE,Standard,6.0
kxYKOervlU4,Standard,0.0
I9BP8zVLkFA,Standard,0.0
yczpzS9hnac,Standard,4.0
qGlS3oKx5Gw,Standard,0.0
iszI-SICzCw,Standard,-1.0
8yR_ZC-n3Fc,Standard,0.0
VfMbENjHRl8,Standard,0.0
ZPxIUzmS2Es,Standard,4.0
0g_kW4NXplY,Standard,2.0
gQhy1AKYYJQ,Standard,0.0
xz7VXmX546E,Standard,-1.0
IxD9FS6kD_E,Standard,6.0
Ayfh7DUmZPA,Standard,0.0
g1TkuQ6EUfs,Standard,0.0
EZq7aNwgtfs,Standard,0.0
RyoZNHlnCSY,Standard,-1.0
khNlnnCjyGw,Standard,-1.0
Ugsb1lmTsBs,Standard,0.0
lM-ojubv154,Standard,0.0
ZdVMceFHNsE,Standard,0.0
Do7by1SZ0mI,Standard,-1.0
xT36gWfE6Uk,Reaction,6.0
9uC9yAucd6g,Standard,6.0
xWEvPpJAwcs,Standard,0.0
jbiF3JXhHCE,Standard,-1.0
AkXBc6ZvxOY,Standard,0.0
H7Q2X7syqEU,Standard,0.0
-HLXsgvutA8,Standard,2.0
U42shva_qXk,Standard,6.0
6TTFo5Gs9wU,Reaction,2.0
VilMGJdSt6o,Standard,-1.0
W_VdZBlBHNU,Standard,-1.0
5xaIuf3vfuE,Standard,0.0
PF1KuniYtVA,Standard,-1.0
vm3qhyk8RqY,Standard,4.0
cMGm3lo1PLg,Reaction,6.0
2Z5aqCW7GR4,Standard,0.0
gpnKSy7ZgMM,Standard,0.0
5xWHWZwBTAA,Reaction,4.0
8O9dD3MyT2E,Standard,0.0
qLQzXH0zLVs,Standard,0.0
ISGpVcYa88c,Standard,0.0
_boEuPC8PuY,Standard,0.0
45B3qT0v-Ro,Standard,0.0
WnXr02OfFvo,Standard,0.0
xR_4EkzF-SU,Standard,0.0
ixa9muMDWIA,Standard,0.0
e-pADRRq7hw,Standard,0.0
WIAMckTfh-4,Standard,0.0
wPA1orNv6SQ,Standard,-1.0
yKECtruHcpw,Standard,0.0
isZMW_I87EA,Standard,0.0
hdoLTijqUME,Standard,0.0
D3OC2cw-4TM,Standard,0.0
AtlMfXolZMA,Standard,8.0
rxhxhn1WLVM,Standard,0.0
n4fiKs6QcV8,Standard,-1.0
OMJy7Zm_0BE,Standard,0.0
pEPSXQZCfa4,Standard,6.0
2mDz2fXz9nA,Standard,0.0
l9eQNGX-Fhw,Standard,4.0
dS2U8Xqa2es,Standard,6.0
yaL6D6euzOk,Standard,0.0
TtLdnkOnh3U,Standard,0.0
NBu9CC_ablM,Standard,0.0
ocXCD9Rmlgs,Standard,0.0
ffzWr-w7oVk,Standard,0.0
iKJR-kKs2nU,Standard,0.0
19VTqBagCqY,Standard,0.0
MUP2waBES30,Standard,0.0
3D8a1YnSyjc,Reaction,8.0
OciSuvUUPdw,Standard,-1.0
ytVeEUlv-kM,Standard,0.0
xyHtUrYHCUk,Standard,8.0
o8-5fLoru3c,Standard,-1.0
ONFzeH6I8vA,Standard,-1.0
lyLxbKIhfSg,Standard,0.0
amwyxebVLDM,Standard,4.0
hUdRF3ZPKzI,Standard,0.0
lHsu-yJtrcQ,Standard,0.0
maA_sjNJV7w,Standard,0.0
attPKYm4P-Y,Standard,0.0
6AzK23oztBc,Standard,0.0
bw73TEu25zI,Standard,6.0
9U-woSaVJlk,Standard,0.0
eX-qr-X6yfQ,Standard,4.0
JuwwHTwuA-I,Standard,-1.0
QAYdUZXrjhI,Standard,0.0
z7eEQGR_IkY,Standard,0.0
5jMl3rWegjs,Standard,-1.0
L6EUhnjesJ8,Standard,-1.0
A8m8WdrWyhA,Standard,0.0
-NNucIaeQKM,Standard,0.0
NU8GRkdlFiY,Standard,6.0
RbwgKmvZ_os,Standard,-1.0
7hA9HpzBKYU,Standard,-1.0
4ozvoUUsQNE,Standard,0.0
1Msm-Ey05Yg,Standard,0.0
UB9RuF6NbR0,Standard,0.0
dTJh931rWSM,Standard,0.0
9dZQBA_lI_M,Standard,-1.0
D9buEJJF6lo,Standard,-1.0
yK9RevRB5-Y,Standard,0.0
Eb0waEzErjE,Standard,0.0
eSZzoSdd2B8,Standard,0.0
U1jj_BlLF-E,Standard,0.0
lCdOztS-oGk,Standard,-1.0
hadatFtsno8,Standard,0.0
rrFSwKP06fI,Standard,0.0
NTnT6u-JKxQ,Standard,0.0
0BN7HSGug2w,Standard,0.0
VArs-d1A9CA,Standard,-1.0
eTXcz4Z9UvM,Standard,0.0
1sghSiArUyU,Standard,0.0
EWgvEj0Zw8Y,Standard,0.0
aqnbdjIFyKg,Standard,0.0
DJYqzXqcWu0,Standard,0.0
3eV29CuHxcA,Standard,0.0
snAcy_AKllg,Standard,4.0
OjuOUbUAZOo,Standard,0.0
4B1O_zEJncg,Standard,0.0
3PGdS74N6X8,Standard,-1.0
Hh4KbxBMEYg,Standard,0.0
PsOk4RK4qvU,Standard,0.0
OscrLYLfGxM,Standard,0.0
qJTgMryQcLI,Standard,8.0
mu2SLZKwfPk,Standard,0.0
noyBltvc_Qo,Standard,0.0
3lyW3tjMFeI,Standard,6.0
hbTWzcDGKgw,Standard,0.0
Edq9FBRU7KA,Standard,0.0
NUeYwt-Lem8,Standard,-1.0
WR9cxYGOzqw,Standard,4.0
dU13qF8CWg4,Standard,0.0
QdCYKK1VfLw,Standard,0.0
7FxuMM-mjek,Standard,0.0
6iIFVyDP0FY,Standard,0.0
rrr5SK8Q574,Standard,0.0
oF5F2viDPv4,Standard,0.0
X4HXXN5mDmI,Standard,0.0
PK2KtX_Vj1I,Standard,0.0
E7cjh5sZyv0,Standard,0.0
G4rS39FyKsA,Standard,0.0
V4M9mkKRdiE,Standard,0.0
9C5UpCE46dE,Standard,0.0
9IlUmPHQvSU,Standard,6.0
q4NMDcOYP9Q,Standard,8.0
tEEVatVjmPc,Standard,-1.0
J-X1koztOEM,Standard,-1.0
eaO759YMyIc,Standard,0.0
wp5nnTowd8c,Standard,0.0
Nzu-JT3m9Ts,Standard,0.0
A5G8P9uk_CE,Standard,0.0
ehXvJTNaefw,Standard,-1.0
k7p9lXKiLLI,Standard,0.0
Rmsw-H-VK64,Standard,0.0
SlkdMxzsXg0,Standard,-1.0
E3gUA-En4kc,Standard,-1.0
1J0AnFrJ_N8,Standard,0.0
BZiImMgsthU,Standard,4.0
hTB1tl0Tldg,Standard,0.0
nu_-dFaibGM,Standard,0.0
mMqrW7fhHEE,Standard,0.0
oTjxoZ5KokA,Standard,6.0
Up406cXxk_U,Standard,0.0
OHLpWj5Z0gs,Standard,0.0
pnDdxt-VxFY,Standard,0.0
IflW-a42GS0,Standard,0.0
UNu5F7DNB1k,Standard,0.0
ieQhqwfW56k,Standard,0.0
E8i3Qf4w6HQ,Reaction,8.0
HZZ38Nl033M,Standard,0.0
PAtMCqjkw08,Standard,0.0
61jVTOSf4ok,Standard,0.0
g-xTmS-Jzjc,Standard,0.0
ON6aWpf8mv4,Standard,0.0
IXwtWNln9ro,Standard,2.0
ZaFdLop7C1s,Standard,0.0
2PjHZa9bVbE,Standard,2.0
zN2PTDB2Jtw,Standard,0.0
xeNKijXVrRM,Standard,-1.0
GYmDayvifWI,Standard,0.0
IF3qkIawh8I,Standard,0.0
wEa1LNVofg0,Standard,0.0
eljpWVgPtb4,Standard,6.0
vVEf87tZq0E,Standard,0.0
KUyMBqS1H3I,Standard,6.0
M6HGmjRt5zU,Standard,0.0
ya5cFyT7ET0,Standard,8.0
OFJA16Gz4es,Standard,0.0
-CLOl299I68,Standard,0.0
FZfhw9qLNow,Standard,4.0
VVYvnfwB1pQ,Standard,0.0
Z-D6ajEqEgY,Standard,0.0
ILHBkhKyCgY,Standard,0.0
7YdAQyXVD0U,Standard,-1.0
EgrBAjd4_Ls,Standard,0.0
B1teD_ylnag,Standard,-1.0
g2h0wZ8mAGg,Standard,0.0
A6Ko2WH2RT8,Standard,0.0
FEaIc-rAcXs,Standard,0.0
7xYRgpeivdc,Standard,0.0
YVVcALgp6IQ,Standard,-1.0
GYm_7vRSJ-E,Standard,4.0
JioUY54DSqo,Standard,0.0
xrtMB35MLgk,Standard,8.0
EoXcXu0ZCBY,Standard,0.0
WfFtmqjCHd0,Standard,6.0
rt-rJFJvmcc,Reaction,6.0
pXNifvCE1ng,Standard,0.0
uLBIv3LCvdI,Standard,0.0
u-uuDu4vCjU,Standard,0.0
yIbY0z9q_oU,Standard,0.0
moNXfSQNY7g,Standard,0.0
c7gs_1XW1e4,Standard,0.0
5UP_ExBpbjw,Standard,0.0
6pufXVD3pMk,Standard,0.0
6cwMIEJTkFE,Standard,0.0
0LNPlb_708I,Standard,0.0
W-1PrNdJYDs,Standard,-1.0
S1qWZYeGXEw,Standard,0.0
aTRYb71IUmI,Standard,8.0
PmdJI6qgMHA,Standard,0.0
E8pMwxDFPZk,Standard,0.0
l5N3EdXYNFU,Standard,0.0
GOjzbxcg6-s,Standard,0.0
v7UCLw0bY58,Standard,0.0
agdDm6uT3ho,Standard,0.0
Fwi_lEpGP24,Standard,0.0
ivZFlkkPi14,Standard,0.0
RVN7ye8eQMg,Standard,0.0
zenQ8hr-khk,Standard,0.0
1rCaRCfF4Ps,Standard,0.0
xN-Hm_3EUfg,Standard,6.0
gI1iGfZbnSc,Standard,0.0
BAD4QFsEH60,Standard,-1.0
RBEuZ6BHHZY,Standard,0.0
ep4G86QiURc,Standard,0.0
gTfAh8H75vs,Standard,0.0
rEdJrc-cLXQ,Standard,-1.0
S1HPbE8sQ6k,Standard,0.0
aS3Q5leZAQQ,Standard,0.0
hGUTtHbEwa4,Standard,0.0
tY00CJjg0xE,Standard,0.0
ikk6S-Dz-HY,Standard,4.0
FMgNZdci7gM,Standard,0.0
9KHgDYsgnjw,Standard,0.0
NuX8FbF_H6w,Standard,0.0
QRMEUVkfh14,Standard,0.0
f4sLV1TNrzA,Standard,0.0
jTekXc1NDwA,Standard,0.0
HlAfVaTO2ZM,Standard,0.0
ahehwd0DvMo,Standard,0.0
s-30_Q4th2Y,Standard,0.0
Yw6ZW2ZHjwk,Standard,0.0
hymr_OHOG68,Standard,0.0
V45ko58Mw1Q,Standard,0.0
XEAH_C88txU,Standard,0.0
j_kYAOnauvg,Standard,6.0
kJ4IpHvkrUE,Standard,4.0
mJj4f9u_HrM,Standard,0.0
xo8ZqSNRy-s,Standard,6.0
TCEl-dFJJOo,Standard,6.0
5f5KnfJDPX0,Standard,0.0
eofjsnkuGRw,Standard,0.0
qsZIdBG6f3c,Standard,0.0
m9mr0445BJE,Standard,0.0
HbXEtZuXTHE,Standard,0.0
5WhcaQEZeME,Standard,0.0
m7X7M7uIXVw,Standard,0.0
qu3H7MzVxrg,Standard,0.0
PQn22z1vUNY,Standard,0.0
eyDlSItHxVE,Standard,0.0
w7XIeGlxdlA,Standard,0.0
5x_Kd2eWpYA,Standard,0.0
jW7zaBKyguQ,Standard,0.0
w7e5wTcxtDY,Standard,8.0
G7jRrI1hgZ4,Standard,0.0
aPE-0K8vfJI,Standard,4.0
bxOPdwaL974,Standard,0.0
nwwAMiaoyLo,Standard,-1.0
i30f-y9k05E,Standard,0.0
ryiXH694R44,Standard,0.0
WWeWhe_tRuo,Standard,0.0
2xGA4VJQeGU,Standard,0.0
6664r5MD918,Standard,0.0
vrawo3Uc3gs,Standard,0.0
hQrTr1xvfeA,Standard,0.0
qm0y7JxrLkc,Standard,4.0
VLHtT0d5e8Y,Standard,0.0
mfIrLacW3jA,Standard,0.0
oi9SBoCjg6E,Standard,0.0
3A-AASIlvWU,Standard,0.0
n6ZCFetQwo0,Standard,0.0
EmqOgsU9JGs,Standard,0.0
3sArfJ_4skU,Standard,6.0
ec0TLCgKPmo,Standard,6.0
e5pBpNMpT4E,Standard,0.0
Zty_wVJLsgA,Standard,0.0
vbWoMFyxOlU,Standard,-1.0
GlQRLz046VI,Reaction,4.0
zDn51F9QET8,Standard,0.0
FoUgPXuHxC8,Standard,0.0
QivbTokY0Dk,Standard,4.0
RwmUqfLacs8,Standard,0.0
lXzhDECPe4M,Reaction,6.0
_QyE5EOh6kU,Reaction,8.0
8OuQGSnxLis,Standard,0.0
bz8yROTCV0k,Standard,0.0
Ob9jqYqwC9k,Standard,0.0
5afwT-ykRZg,Standard,0.0
uzVMRieXfbc,Standard,0.0
32qsdiSt0_Q,Standard,-1.0
IqxZqTbnB_s,Standard,8.0
jFcjz1vDmbc,Standard,0.0
5mVJx5keEJQ,Standard,0.0
uYJCxp80IFg,Standard,-1.0
d5X371Q92yE,Standard,-1.0
nmc-J_Lj1Xc,Standard,-1.0
hQKB28x8WIM,Standard,0.0
RRxZHjN4KF8,Standard,0.0
5AvK1OAfaEo,Standard,6.0
2v1TlAfp21Y,Standard,0.0
-P4Td7Q3auE,Standard,4.0
0Ua3F79LE50,Standard,0.0
iTWQPXGbj8w,Standard,-1.0
IGeR8RCGEoU,Standard,4.0
XgTCU-7dp4Y,Standard,4.0
Bj633gHGyi0,Standard,-1.0
ugY4jGFRdrA,Standard,0.0
AK0VShSKxr4,Standard,0.0
SNX45uJtKPM,Standard,0.0
vwoCR1Szy0g,Standard,4.0
IAABs7RSO90,Standard,-1.0
xXd3UTDcMQA,Standard,0.0
TdmlTbyaVUU,Standard,6.0
m5xyhSPHjlg,Standard,0.0
VRMOBOGIfwk,Standard,0.0
1DEDc5gUgC8,Standard,0.0
yEvjbrwbeRA,Standard,6.0
dbpIXIl8P1Y,Standard,-1.0
9jjfzKIJkPE,Reaction,2.0
1pIiIKl41qk,Standard,0.0
lmqDnBE8_88,Standard,0.0
wSTQ7p10tFU,Standard,0.0
06l2yefXsoA,Standard,0.0
fe8FKGTpciQ,Standard,0.0
dEbKFrMu8hY,Standard,0.0
kobUDAtRWQo,Standard,0.0
Noi_PMkUWoQ,Standard,0.0
r0KG0aOQx6Q,Standard,0.0
NlNWkTtMRQk,Standard,0.0
CAPhY1Dbr5w,Standard,8.0
csfdnpw6Ipo,Standard,0.0
FfXStd5uJQ8,Standard,4.0
LCIQplTxQY4,Standard,0.0
mygIM1jcezE,Standard,0.0
LI4nayBU-HM,Standard,0.0
QOyL0qK2ixc,Standard,0.0
K7XolsTs3RU,Standard,0.0
VaQAhgrY_JE,Standard,0.0
U53impPyoSI,Standard,0.0
MYOdJ6DYVIk,Standard,4.0
f-CqQwPU09U,Standard,0.0
lsbKv5KYj8I,Standard,0.0
7gbuc2hnOZY,Standard,0.0
fcAfqQIXdto,Standard,0.0
50PlZTG4-hs,Standard,4.0
N7aRJq5XUO8,Standard,-1.0
eER9kmebxjQ,Standard,0.0
Ld-nASN6Idg,Standard,0.0
dY7n5qM1wtY,Standard,0.0
pnbfrrgF9rY,Standard,0.0
oNhQtD3SJvQ,Standard,0.0
ETJYs-McQWc,Standard,-1.0
4HvJiqulNfA,Standard,0.0
gUP1k408_i4,Standard,2.0
2RN8D390IR0,Standard,0.0
OtCwHIiQwf4,Standard,4.0
6gijpIUezRg,Standard,0.0
i8xMDJDmKYs,Standard,0.0
b64GgKxdVuM,Standard,-1.0
_z_TimETC1I,Standard,0.0
Y6XPbhUe4eM,Standard,6.0
4kyHDIiunaY,Standard,-1.0
7waWxWCPHHY,Standard,0.0
ud5T4PS8Luo,Standard,0.0
WBM5oEoQG1A,Standard,0.0
Uqam4xpzMEk,Standard,0.0
kpxfqn3hqQE,Standard,-1.0
BjyP4_WQ9u4,Standard,0.0
re-Z4COnxOc,Standard,0.0
OpC3u3H38TQ,Standard,6.0
5nMUhRxiBuU,Standard,6.0
0sVuuF-Rfa8,Standard,0.0
cMNamMQeqrY,Standard,0.0
F7q9eOPf6E8,Standard,0.0
quliCJ773xA,Standard,0.0
mjeVNY_10xc,Standard,0.0
MS0W1mvBDpE,Standard,4.0
ty5qLqf8exU,Standard,-1.0
3jCJuyIaVF8,Standard,0.0
1hWTBL1q7bA,Standard,0.0
pt9OEdoP1jo,Standard,-1.0
wKMXS0TE694,Standard,0.0
Wl0tobxqXeQ,Standard,4.0
ZDFr-A97f8o,Standard,4.0
Qn-e6dIGpBY,Standard,6.0
GVluaSe__UA,Standard,0.0
YHXnJ8nZJtk,Standard,0.0
A8_cJ6Bx58I,Standard,0.0
eHDZL5kV008,Standard,0.0
502bszUGb7Y,Standard,0.0
CFQmtInQlqk,Standard,0.0
tbr6803JnF0,Standard,0.0
Uq3BzymFLqI,Standard,0.0
7aMU3O0eZ8M,Standard,0.0
-qyySfefaWg,Standard,0.0
nJ4tcxJUX10,Standard,-1.0
YXRc97uUWS8,Standard,6.0
W94kwAkHng8,Standard,4.0
ZvtOsSPyUXc,Standard,0.0
zRh78ODcG_8,Standard,0.0
A0cWfjUaoH4,Standard,4.0
3y0TIU948dA,Standard,0.0
XCumuLIWGf0,Standard,8.0
3-dLQkshEuo,Standard,0.0
pQvLLWdN0rk,Standard,0.0
qKOp1MhU98M,Standard,6.0
33qhe_nr4Aw,Standard,0.0
uUnsBhNtGfo,Standard,6.0
Wdw3ZzqixmI,Standard,0.0
s30TtZ7vemQ,Standard,-1.0
lVwdQih8Msw,Standard,8.0
3FLqJAMgMtE,Standard,-1.0
MzKIpFpPrVw,Standard,0.0
W5JCq-7PD4Y,Standard,4.0
sGf0dwoVzmA,Standard,-1.0
RX5QsS9ZGpM,Standard,0.0
Kb7uNdffpwE,Standard,0.0
Ky4tQD-NhuM,Standard,8.0
ouRlIAte978,Standard,0.0
xWIc1S_tjqI,Standard,0.0
KX-Q-dmxBkM,Standard,6.0
hcVgnIxJmYU,Standard,0.0
CkKneFDlk38,Standard,0.0
pZxmY1TNY84,Standard,0.0
OBs9CXrUGeU,Standard,0.0
NyjjyIpPT14,Standard,0.0
fK_jL3xNK3E,Standard,0.0
NvKKPw3hKjQ,Standard,0.0
BuQsPdKZe_U,Standard,0.0
tib-jrUT1lA,Standard,6.0
ubSvsoMDAog,Standard,0.0
pwr_1i5or-o,Standard,0.0
uJt-6M4AjfU,Standard,0.0
a4cflBtb2A4,Standard,0.0
Maip8jZck9I,Standard,-1.0
HQ4Yfo1IMAg,Standard,0.0
bsnup1F6Avo,Standard,0.0
5ZUwRaG8nRA,Standard,0.0
FEJhTUSgwz0,Standard,0.0
GqNHptl3298,Standard,0.0
djFdfLo2l2s,Standard,0.0
xBQEPP2VsKQ,Standard,0.0
Xzt7dSkZVjo,Standard,0.0
R__0rPDfo9Y,Standard,0.0
eUnIpcO7d94,Standard,0.0
9TPaACks9kg,Standard,0.0
CgHSqIaacRg,Standard,4.0
H0l68zQu-iU,Standard,0.0
4HzG01PxoMQ,Standard,0.0
GvqSn94EA2I,Standard,0.0
u4qnfGpufG0,Standard,0.0
5p6hsq02rL8,Standard,-1.0
isskJr9noz0,Standard,-1.0
UH4PWWzQuWA,Standard,0.0
X5pFp3hBT7s,Standard,0.0
8sRXqiS0GLs,Standard,0.0
ZKv75dK1K_Y,Standard,0.0
SqB5WXT8SSQ,Standard,0.0
LcnpW_VnqQw,Standard,0.0
F32m42vfE24,Standard,8.0
2a2g9OVpAMI,Standard,0.0
wsxVFa2g0u0,Standard,0.0
sxLP5ju-UnM,Standard,0.0
G4Dtdrl2Rc8,Standard,0.0
nw1at5QvRTw,Standard,0.0
HHAveftdwEs,Standard,6.0
UV4nhJCCSsk,Standard,6.0
AdW6NlXv-4A,Reaction,8.0
yF0JBIFqWZo,Standard,0.0
zeInZ-MRTn8,Standard,8.0
w1b6UzCC0gw,Standard,4.0
t-fCc9-uaD4,Standard,0.0
j_pCqf5QOEU,Standard,2.0
C0VB2xymErY,Standard,0.0
X8AvBzwUK9w,Standard,0.0
Xr3LDybw4vc,Standard,0.0
wsmxuWz0bnE,Standard,0.0
6FjgiTePCFM,Standard,0.0
W1lhtGtOxm4,Standard,0.0
H0PWzcvUAQo,Standard,0.0
CrX-4B5z_E4,Standard,0.0
4WFzUgsBzfM,Standard,0.0
WKL4VfA_M44,Standard,0.0
WTY_u-czSVU,Standard,0.0
vw5EJXNGzio,Standard,0.0
1f1wXGKd9Ss,Standard,6.0
Gn1tRu0vYyE,Standard,-1.0
0qwywIPDJqA,Standard,0.0
21UTjn8maEw,Standard,4.0
l403goXslY4,Standard,0.0
XWUFVYv1Zgk,Standard,0.0
HD1jRlYRGAc,Standard,0.0
RnizSViOwsc,Standard,0.0
jeh16a0lOSM,Standard,0.0
kKJQv1KcUXM,Standard,0.0
plFTBNeORKM,Standard,0.0
-Uox5i9HqDE,Standard,0.0
R6UkwLGvpZY,Standard,0.0
Le_pj9_Rwc0,Standard,0.0
7HFzpO5Vft0,Standard,-1.0
V3Lv_8p7fNA,Standard,0.0
idgaaoLY1jE,Standard,8.0
yfAUzH3ZAzE,Standard,-1.0
UXrLh1fEedM,Standard,0.0
0A26UbjBb3k,Standard,-1.0
Rq7oSGtR0Pk,Standard,0.0
x1DeDYSa0b0,Standard,-1.0
z0OVuL3-l4E,Standard,8.0
dTyWhxOLg5g,Standard,0.0
diZC-GpzqPM,Standard,0.0
okBuB3VUKKw,Standard,0.0
gT-_QY4q_Q0,Standard,0.0
b4eoUYrA6cE,Standard,0.0
BYeuH4xLfSU,Standard,0.0
51ByeWHXl5g,Standard,0.0
DWqvpi7NItQ,Standard,0.0
V347AbzFaQM,Standard,0.0
EbPM8W5YF-I,Standard,0.0
LfrBIfXgLl4,Standard,0.0
e7Ll8EEtySo,Standard,0.0
-pkS0s73cec,Standard,-1.0
zfmhyfCbz_o,Standard,0.0
OMDWvwMEa9U,Standard,0.0
8CcXPa_oX8k,Standard,4.0
2dkBMOB0Ez4,Standard,0.0
9UeLEmD2RVQ,Standard,-1.0
DiJsFm6q_9s,Standard,-1.0
w83xG8p7JXs,Standard,0.0
yKyk77SJ0eg,Standard,-1.0
HrIjZCnpqIA,Standard,0.0
P43T9XhCph8,Standard,-1.0
f1NwvNHWQzM,Standard,0.0
xrzI9DTqzMU,Standard,0.0
vzX9_s1BNec,Standard,0.0
QpoEFPmOq20,Standard,0.0
o2LVDG5PbiM,Standard,0.0
g6LaFagEuP0,Standard,0.0
tDTLTX-shHE,Standard,0.0
o2lofXFMDRY,Standard,0.0
lDSh87j-nm0,Standard,0.0
rVRFFWd-kWE,Standard,0.0
POHzwqeNBpA,Standard,0.0
cKjETvzW_-k,Standard,4.0
pMJ0H0DFbBA,Standard,0.0
6KW_R1lJohM,Standard,0.0
IJYFgRGbc5Y,Standard,0.0
s6vA-5exnjQ,Standard,0.0
6kuoV-oSPpY,Standard,4.0
DYyOI9mgJp4,Standard,-1.0
qgoRstDGZjc,Standard,0.0
z0YNCYdrm0k,Standard,0.0
uioEHjlsSWE,Standard,0.0
J_I7kWw77Eg,Standard,0.0
cr8T1F6hVJ8,Standard,0.0
ef78lEt3cgU,Standard,0.0
YQTRme0vaT0,Standard,0.0
CuSZQ7ZKR70,Standard,0.0
jpSkNokMDYc,Standard,0.0
o-LLwHGKXL0,Standard,0.0
KqrDJhk50Aw,Standard,0.0
HpbB9FDPzkw,Reaction,4.0
Td1ZW0IbgyY,Standard,0.0
8Y_1QgIh6Gc,Standard,6.0
WucsnLH1g_M,Standard,0.0
ZjWz57ocgtE,Standard,0.0
MEQkaXcARNs,Standard,0.0
vmTBTXwwSPQ,Reaction,4.0
MR5zP1-HkK8,Standard,8.0
1ib4xrWlTfQ,Standard,-1.0
rE3Osxb9cSA,Standard,0.0
HGUc8UpF7VY,Standard,0.0
i1r9zhnsa40,Standard,0.0
5PCDqiLtDz0,Standard,0.0
UJZxkpiYPCg,Standard,4.0
dZxTvbppoHw,Standard,-1.0
jSpvp7tD3bc,Standard,0.0
5lQB0IUFUVA,Standard,4.0
bQPaRk4EBMg,Standard,-1.0
mUbkemuS6R0,Standard,6.0
fiFBiXXfa5E,Standard,8.0
aEQ1NLkjk24,Standard,0.0
4imI-YhDnwU,Standard,4.0
KmJWSyfUmv0,Standard,2.0
6ydLzueyorE,Standard,0.0
zjTwfF9jl28,Standard,-1.0
9sevu9JJiWY,Standard,6.0
DlivH4fW3eY,Standard,8.0
D6jCe3bERoA,Standard,0.0
VQWBwzcEjtY,Standard,4.0
oqx_WWfjXjU,Standard,0.0
pkdMoN2dh00,Standard,0.0
GlvMqhCHQTQ,Standard,0.0
s-USnMlWgZg,Standard,0.0
CyLJ3csKprs,Standard,0.0
DKs1lzU1J1w,Standard,0.0
pibsgx5z6fo,Standard,8.0
J4wEBtaSq7E,Standard,0.0
KQHH5I6bgso,Standard,0.0
9xffPZcI6zo,Standard,8.0
q2M9vqRBfJQ,Standard,0.0
NUbugXPr_zY,Standard,6.0
7ioSsdL9f8E,Standard,0.0
VTkIQ-yN0Ag,Standard,0.0
3Seq1p5t7iI,Standard,0.0
TFiCIHdji7g,Standard,0.0
pNWB64vxx04,Standard,0.0
eVXK7gR_ng0,Standard,0.0
ISlZ_E49R7c,Standard,4.0
gbCx3EmQPCk,Standard,0.0
nDbWRnKKpiA,Standard,0.0
qkNQ0ZIMgU4,Standard,0.0
U87YCfMWm2E,Standard,0.0
i8p4WUfJhcc,Standard,0.0
WIChkKklHxk,Standard,0.0
CSrWst4_Q_A,Standard,0.0
FuYKmuZKPNU,Standard,0.0
58wDNEIf0VQ,Standard,6.0
KcwDYnqvqts,Standard,0.0
PunSjnUYG8g,Standard,0.0
wp2JRp2xp0E,Standard,0.0
c82SWfprdwc,Standard,0.0
RGpG1qbVBcU,Standard,0.0
POrS8F3Y6Zg,Standard,0.0
xlsNsco6kzE,Standard,0.0
iwBWWdd51Bg,Standard,0.0
kQn58rnFEso,Standard,-1.0
aFwmR845Flg,Standard,0.0
GOUPt_pxJbA,Standard,0.0
IkLPwWlgynY,Standard,-1.0
gDy4P6wDYho,Standard,0.0
-nU0PIgNOHU,Standard,0.0
6Vn1CJdiyyM,Standard,-1.0
9oPF_Dmt44o,Standard,0.0
DTj9lLpBWwA,Standard,6.0
6znd_oTX6Vk,Standard,0.0
4JrzcJzwp9Q,Standard,-1.0
yOM96WOb_-Y,Standard,4.0
D1fSmrB2ing,Standard,8.0
b7IVPChsCOo,Standard,-1.0
xO3rqBci2cc,Standard,0.0
MvgYT5O9PLc,Standard,-1.0
4-Rr3dNIKBA,Standard,0.0
FmlkYNi1Qww,Standard,4.0
8PbwRym8Y0U,Standard,0.0
sgMboeOK1QQ,Standard,0.0
HWtnYiBDoh0,Standard,0.0
Apodrpagcfs,Standard,0.0
i0QyWlON2Js,Standard,0.0
4EEMtphI2cg,Reaction,8.0
DBXesIS4aP8,Standard,0.0
bUgIqvmbYLg,Standard,0.0
sVC1xCCfoaE,Standard,0.0
gskCsHYnGdk,Standard,0.0
ZUqs9zHexi0,Standard,-1.0
sMh6UDOHXY8,Standard,0.0
6VliQv4laok,Standard,0.0
IV_lBBQ_N4c,Standard,0.0
51bnFS0c0Sg,Standard,0.0
Q6g_RCjmsJs,Standard,0.0
SGemrc7F8Jo,Standard,4.0
4QFVV3u-Nu4,Standard,0.0
IBo_pEbDXCs,Standard,2.0
JZPl2iX1hdY,Standard,0.0
qqqs4n2R_XA,Standard,8.0
WfOwULaLOZk,Standard,0.0
0Lxy4z6_moc,Standard,-1.0
Kk4zYoHR0BU,Standard,0.0
i6orMErOe5s,Standard,-1.0
yyzcc5FSiIw,Standard,8.0
Ps1JWDDooBg,Standard,0.0
CkVZAye_XGc,Standard,0.0
TaBwQVMpe70,Standard,0.0
TtGN8PEERYw,Standard,0.0
vRj6odJxocQ,Standard,0.0
sVNAOQRITj8,Standard,0.0
EPLK9RiAet4,Standard,4.0
IwDptQKzNus,Standard,0.0
iCrxAzGVMMw,Standard,0.0
LtvqQRv4bdM,Standard,4.0
4lUNEj5i5UI,Standard,-1.0
ot-kc1Uw5Yw,Standard,-1.0
u6sw1f9UeXc,Standard,0.0
MdFODI0nTlk,Standard,0.0
ZEEl-s21HeQ,Standard,8.0
_MFPu0NH6ZY,Standard,0.0
Imz4BCl7Lhc,Standard,0.0
EmVQzvZdN4s,Standard,0.0
hYY0JCcj0Hs,Standard,8.0
YQSl6bamKvc,Standard,-1.0
BvspdzUmv34,Standard,0.0
k-7so9Tf36o,Standard,8.0
2A77GINezrE,Standard,0.0
rRPMENY8tBM,Standard,0.0
ABJhHiUY_F0,Standard,0.0
iDMZEh8KbUc,Standard,0.0
p5UpvyBRMtY,Standard,0.0
gvPQebh26D4,Standard,0.0
s0_3Fa_IPpw,Standard,6.0
36TL6GqmCtw,Standard,0.0
hSSuvZ6Kbec,Standard,-1.0
sa6yuaivh8Q,Standard,0.0
ItYsg4GzCaI,Standard,6.0
HR29xHc5lUc,Standard,0.0
Wkc2UHDTaFI,Standard,0.0
WOusM6gN-Ek,Standard,0.0
4Xfl1ap701M,Standard,0.0
nSaniHa1Ne0,Standard,0.0
j4rb69d3n2c,Standard,0.0
gDj_k0HkAzk,Standard,6.0
BaRX3o3sl2E,Standard,0.0
gVFkvuK_EcI,Standard,0.0
X65260eEJNM,Standard,0.0
0HVwQX0NI3M,Standard,0.0
7xDphBwrsXc,Standard,0.0
urJh2D0JF-M,Standard,0.0
YER9HWyYdiw,Standard,6.0
Xfz9gFr3BtU,Standard,4.0
-aTXHaCiaaY,Standard,0.0
04igxyrZTLI,Standard,0.0
dntidlR_lkw,Standard,8.0
1mAT7vznxwA,Standard,0.0
3EgNzm8NRE4,Standard,0.0
X8spvZh5pD4,Standard,0.0
F8eB8WEDkvo,Standard,-1.0
geldJB5IozM,Standard,8.0
6ftN_4WIAGU,Standard,0.0
LAePrkLjLbM,Standard,0.0
Au6GgxlxEKM,Standard,0.0
8pabNPDukTI,Standard,0.0
5DS3S3GNdu0,Standard,-1.0
v2oXIAFYRZM,Standard,4.0
FpW_BFEk8Q4,Standard,4.0
JALMIwA-GPg,Standard,4.0
RhPg7OrasvM,Standard,6.0
gqDFWd28VfM,Standard,0.0
NV8_47J_Tqo,Standard,0.0
g4J7fwK90sA,Standard,0.0
IjMu89Zg_8g,Standard,-1.0
549a4cL4__E,Standard,6.0
QjybBv1vsuY,Standard,0.0
6PDDWIn3aas,Standard,0.0
ofU1hATwLoc,Standard,0.0
WsIuERMLEaw,Standard,0.0
9tmWOCpaWZU,Standard,6.0
XJCWnOGDGW8,Standard,0.0
5Etm6ouk7fM,Standard,6.0
ewhWb9DD0ww,Standard,0.0
6P480WBoiMc,Standard,0.0
GMpQrzflUxE,Standard,8.0
y5x6dxK0JvM,Standard,0.0
vro5S--ZGUE,Reaction,8.0
6VXMglwdDzM,Standard,-1.0
-I8RSZY4bkc,Standard,4.0
h69KahyWPfo,Standard,-1.0
Q5eg6OiG8ck,Standard,0.0
emJ26fBS8nA,Standard,0.0
tz37Jupfn4E,Standard,0.0
ZFXCsCg01e0,Standard,0.0
et-BcfWnQw4,Standard,0.0
YBucPBJEbJA,Standard,-1.0
w2Lvyi5Nr8c,Standard,4.0
RjgWtuTO54A,Standard,0.0
yMl00oHerIo,Standard,0.0
EXdbSIkcaUE,Standard,0.0
KuUVtTgmjxQ,Standard,0.0
dNDw_eihG7o,Standard,0.0
GUwwvFW8-a8,Standard,0.0
cSjr5WcolbU,Standard,0.0
zqbHwwzhN9k,Standard,0.0
GmkgKV4ikuU,Standard,-1.0
f7x-y7ijqh4,Standard,0.0
8ODmdI7BEZY,Standard,4.0
pf9KkghCz-s,Reaction,4.0
Gcili8kIfqQ,Standard,6.0
Zf_I-O-2orY,Standard,0.0
z8bIEEJLtAI,Standard,-1.0
W_16zPz9MRg,Standard,0.0
Uuf52atbxXw,Standard,-1.0
ek7tl34ee3s,Standard,-1.0
Y7cVNQi8iZ4,Standard,0.0
hcoSaCCLrDI,Standard,0.0
dmcXm837qis,Standard,0.0
z-e9hSGdfzE,Standard,0.0
smJRY4pmvOE,Standard,6.0
JcB8jta7_bA,Standard,0.0
y_JWakXu4nI,Standard,0.0
VeUae9YPxLQ,Standard,-1.0
UV7M4Pis-gc,Standard,-1.0
oM0MYj3GQtE,Standard,0.0
o5osUDs4bD0,Standard,0.0
7g-B8G_5nS0,Standard,8.0
9Rn2ulNp04c,Standard,0.0
RYdeDLhXcz4,Standard,6.0
DvqPVmBAjgU,Standard,-1.0
bKjxKEPtlzI,Standard,0.0
fXblLGBDvN8,Standard,0.0
Eqh4PEqriTc,Standard,6.0
_gvCoZxVoeA,Standard,0.0
O3ZnQc89520,Standard,0.0
YStnaLg97HA,Standard,0.0
IGqRItkCdPs,Standard,0.0
bkOylUJoVVo,Standard,0.0
TBva8RHoR2Q,Standard,0.0
xB3CAnGqvm8,Standard,0.0
eeJSOiR3eVw,Standard,4.0
fX1EEOp5zpM,Standard,0.0
b7wf-VLCCjg,Standard,0.0
NpLuUkGIJlQ,Standard,8.0
KM0HFUm1EV4,Standard,0.0
9WKP3oxpJGY,Standard,0.0
dt0--6QZiZo,Standard,0.0
dxs7qK2GPoE,Standard,0.0
jd84cBdpcI4,Standard,0.0
eofClC-1kaw,Standard,0.0
T8i5asz-WZA,Standard,0.0
YXxQRFdawj0,Standard,0.0
gSclPwPxqTI,Standard,0.0
A42tkUaiADc,Standard,6.0
J72kSd9ZthM,Standard,0.0
avJOUEDynFk,Standard,0.0
mYuDeBU4UN0,Standard,8.0
dWSzH10sSeI,Standard,0.0
T3teFnk7JJs,Standard,0.0
ZWIcUrdz3ew,Standard,0.0
xwvcioN_a3U,Standard,0.0
zpggfxl91V4,Standard,0.0
6EZnU1iuMgU,Standard,-1.0
Z44oVXriQBA,Standard,6.0
Fzi-VU7qjp0,Standard,0.0
dCxE8apNxbk,Standard,4.0
Haqn1kwdKG0,Standard,-1.0
7gdsvzBV-IY,Standard,0.0
NWTXTsdfNM8,Standard,0.0
rOhiBQTfguk,Standard,2.0
xbViVgWmfoU,Standard,0.0
KX8b3gweyv0,Standard,0.0
iSUCNH7WlaI,Standard,-1.0
UV75M3EP938,Standard,0.0
EmwFCvFbkdM,Standard,0.0
Z7kaBQZ01b0,Standard,0.0
OYUu04DQR7Q,Standard,-1.0
o-40_RxVhcU,Standard,-1.0
dndtbrNJozg,Standard,0.0
0CyOFgfsNlc,Standard,-1.0
RCnO8wWfdq8,Standard,0.0
rdi8hcZo0Qs,Standard,0.0
f7CAXZaK-lE,Standard,4.0
vnYtY2-wTaA,Standard,0.0
zJzkEnnNGNs,Standard,6.0
Vq1A5djGBkU,Standard,0.0
uopBADjYHEc,Standard,0.0
HOE1qaPFqig,Standard,6.0
hIt7l7W08go,Standard,0.0
Y0eylghAJGY,Standard,0.0
QddNhlH-s_U,Standard,0.0
-I93T6m5j44,Standard,0.0
nOP3e4WWYtA,Standard,0.0
22aDOR3ESDM,Standard,-1.0
DOE-LTaPab4,Standard,0.0
iKx8h4q80mc,Standard,0.0
NcOdbtibANQ,Standard,0.0
YKypgjZss2s,Standard,0.0
g12oryrFrlo,Standard,0.0
05Q1sGx3KuM,Standard,8.0
dn3WZ4sktqM,Standard,0.0
yonOhh-uzX8,Standard,4.0
pqVRO3-ryyQ,Standard,0.0
5bkOYpB3xRE,Standard,0.0
BRerLX2V2yE,Standard,0.0
6SfP7ZS7Pqo,Standard,0.0
uzX3OxLgB7g,Standard,0.0
YoPDeF6LITs,Standard,8.0
ImV68KctfeI,Standard,0.0
S40rTSvgSRE,Standard,0.0
H4D8pfF-9qQ,Standard,0.0
GdBZQcPRinc,Standard,0.0
JzBPJ78qswk,Standard,0.0
P5qPVtkBexg,Standard,0.0
A57EsZ8f30I,Standard,6.0
CW_ZvzOyp3c,Standard,0.0
3_F_4Yr-v08,Standard,0.0
RlA9cBkwU_I,Standard,4.0
m0lDL_dmhjQ,Standard,4.0
dNi-0E75cN8,Standard,4.0
FaGPhLzrQvA,Standard,0.0
zQkPN3J1mPo,Standard,2.0
cDN8N5iIjfs,Standard,0.0
_mYebHEJCUI,Standard,0.0
q-I-ZFuG5tk,Standard,4.0
rky_0teB0eE,Standard,4.0
MaP62DGMWUE,Standard,0.0
3Q2AvZjYDrA,Standard,-1.0
TEE87jvFank,Standard,0.0
qbFQ5diViik,Standard,0.0
V-J25aqNZ54,Standard,0.0
SwHEqaavSD0,Standard,-1.0
I2ZhDC6sxcI,Standard,-1.0
_125uvFwVXU,Standard,0.0
Iw3pIJ5Vrnk,Standard,0.0
HbZb_HzLUFE,Standard,8.0
Rbhj6sEig2A,Standard,-1.0
huKSRS92n94,Standard,0.0
IuGhkdnm-W0,Standard,0.0
dz8ZLKpcKtI,Standard,0.0
4OCEn806A2s,Standard,0.0
29C7wFkl1N0,Standard,0.0
R2D0RvBH0yI,Standard,0.0
Sr7opJb4LpM,Standard,0.0
wyOnNRTWoO8,Standard,0.0
tY3o6_NMxPc,Standard,0.0
J3L028UUjdg,Standard,-1.0
zXJeMfKT77E,Standard,0.0
3zxXAsro3lw,Standard,-1.0
4CbcsBcQd4Q,Standard,4.0
6098wwe4RRE,Standard,0.0
Tw9scNOgbMU,Standard,0.0
m0qMVia0HDs,Standard,-1.0
I8SAuUnlxvg,Standard,4.0
iFGGp8NwOzI,Standard,-1.0
Pnjiwj_CRKU,Standard,0.0
gEFUC80IqZo,Standard,0.0
k9nJrqUjRiY,Standard,0.0
u96z6xJ7r_8,Standard,8.0
9NbYVcEgW6Q,Standard,6.0
wmr454owqgM,Standard,0.0
wtOj46NtOAw,Standard,0.0
YdG1Lv0cfiw,Standard,0.0
Hl467SXlUOM,Standard,0.0
9Ckz8Idd8rY,Standard,0.0
__P3ASCNvNY,Standard,-1.0
MEZ6R_gcgLQ,Standard,0.0
zYrFwx2Uhik,Standard,0.0
EjuIOxhsgBc,Standard,0.0
az-WGMcZuPo,Standard,-1.0
jEuaoNsQoME,Standard,-1.0
lt-HXYdapUw,Standard,0.0
2UurgS4nKSg,Standard,0.0
KGlUAcpPhGA,Standard,0.0
5pEV_C-qbZg,Standard,0.0
jk22mlLdYic,Standard,-1.0
7uRodjBy2Uw,Standard,8.0
Bpl7QPOg2SE,Standard,0.0
kxRJJuUEGEU,Standard,0.0
Ohi00xqVcTw,Standard,0.0
F7jHpSwh0Z0,Standard,-1.0
4TdQSRZMqSA,Standard,0.0
FuB5bi7ES_Y,Standard,0.0
tLdB726fmI8,Standard,4.0
4GmghyRR7Co,Standard,6.0
JrMupqRv9EQ,Standard,0.0
qYec52v9UIg,Standard,-1.0
LsI0jgrIb3U,Standard,0.0
6PzOAgf53eY,Standard,0.0
MIRigpf-h4w,Standard,6.0
KSXUb8UUiuU,Standard,0.0
U9cE8hVQQNc,Standard,0.0
Lb70spoeBuk,Standard,0.0
HjNN6zNFfgQ,Standard,-1.0
dH6YMGNL29A,Standard,0.0
qC3zzogREd0,Standard,0.0
7snAobKaYZA,Standard,0.0
0ce6a8sgLX8,Standard,4.0
WNTllzMhev4,Standard,0.0
9SpLINoda80,Standard,4.0
UJ7rGKfDoqg,Standard,0.0
iTtWMqnXKT8,Standard,0.0
gO-58hlBtxQ,Reaction,0.0
Ble-SuvuTfA,Standard,0.0
DUj9Dt68At8,Standard,0.0
yHr3q9lAdFM,Standard,0.0
lO9PfWlxC_M,Standard,0.0
nAXy8HQ6_fI,Standard,0.0
EMLQ2CKMrRQ,Standard,6.0
yOcL7oeHPiU,Standard,0.0
SHDzFh3M--k,Standard,0.0
OprTkMYVhxU,Standard,0.0
9IwxbP0ueZI,Standard,0.0
oIEEsXVc-tc,Standard,0.0
W6daf5ouV4g,Standard,0.0
8urFlVs0LLU,Reaction,8.0
UH7V3g0-Pnk,Standard,0.0
7EQOHFlhxeQ,Standard,6.0
0F8taMl9zBk,Standard,0.0
JRT93FLwCjM,Standard,0.0
rBRv8Bohrq4,Standard,0.0
pItN4qDk7vg,Standard,0.0
YEybKhOmly4,Standard,0.0
VN-Xcrpd7QI,Standard,0.0
bDBDppAcqY8,Standard,6.0
RFGCsp-XAjA,Standard,0.0
zom4vAARXLI,Standard,0.0
x9BBLSBn_oM,Standard,-1.0
K3_IxSTqnNA,Standard,0.0
xHOWun6PB7k,Standard,0.0
iJi000UbG_I,Standard,0.0
RrIqkOCSt7M,Standard,6.0
TaqFoQqbHXI,Standard,-1.0
ozP9fkWqECU,Standard,0.0
KzGKPib2OX8,Standard,0.0
7bsbQjqYZ8k,Standard,0.0
x7QgkjMnjF8,Standard,4.0
RVeSA3LjyEk,Standard,0.0
z1-PJ8ZsmBY,Standard,0.0
pdF3DKdrcsQ,Standard,4.0
Y2jWlNJCkqc,Standard,0.0
grutnsJLmTw,Standard,0.0
uUwXeT0myD8,Standard,0.0
Anp8PkyBfqY,Standard,0.0
nYApimUeHos,Standard,4.0
mhmgMMZV2K8,Standard,6.0
lfhWfist08E,Standard,6.0
6XiceUZ2av0,Standard,0.0
7NI9q3sEqsQ,Standard,0.0
83T3_0SwAgk,Standard,0.0
d9-fDsKxHTE,Standard,0.0
bflHszA2T4w,Standard,0.0
da7B0YPLiqg,Standard,0.0
aWQUGjduWGA,Standard,0.0
sin8b2szibI,Standard,0.0
TLmF0zGcKHE,Standard,0.0
tN88Kpxiwmo,Standard,-1.0
F0r-5j8ol08,Standard,0.0
4nEpdrdetKQ,Standard,6.0
UyNtcrtBQaY,Standard,0.0
7cm1JVVA35U,Standard,0.0
77km4ZgG1ms,Standard,-1.0
G9mLGuTJJH8,Standard,0.0
Y93DlliE62Y,Standard,0.0
4tmXuip4490,Standard,6.0
VKB9RJX--2M,Standard,0.0
2StKOvJakvw,Standard,2.0
2eRwzNQbowQ,Standard,4.0
d6mFHxYDSco,Standard,0.0
aIV-6GyaY6w,Standard,2.0
SC0GOo55wmE,Standard,-1.0
U5YxaodCaVg,Standard,0.0
7b3D74UmkBk,Standard,0.0
a2H-mzvgDP4,Standard,-1.0
AnVhzzsletU,Standard,4.0
kyojHO2qNaQ,Standard,0.0
3uIVW0Amc_c,Standard,8.0
1NZX2nJA15Q,Standard,0.0
YD2QF2JsWNY,Standard,0.0
YCI906ebWA8,Standard,0.0
4wUmv78XMCw,Standard,0.0
QDZwDIma2gs,Standard,0.0
Bz-RkkyuFVs,Standard,0.0
gGwFpJXsY_w,Standard,0.0
tjTQ2hL7hT4,Standard,0.0
xzP1wi1rZfs,Standard,6.0
P-wEqibnwNc,Standard,0.0
EiQa8LyCxk4,Standard,0.0
45GXeEqPk40,Standard,0.0
k_tTv2epXjs,Standard,0.0
H51BVWqa2iw,Standard,0.0
clbLELYtv-k,Standard,0.0
E72xxZyFgdU,Standard,0.0
eKLSuCUaRes,Standard,0.0
sphLDTKP_a0,Standard,8.0
AIjNRobyFdE,Standard,0.0
2HThqY3hEOw,Standard,0.0
3eIhhltMir0,Standard,0.0
MsiH5_EzdRs,Standard,0.0
Mj-Y773Jyf0,Standard,6.0
Jw6AlEPiIi0,Standard,0.0
gGJB2PfzdNA,Standard,4.0
BeqXbeNzNQ0,Standard,0.0
yWUiwfXwZyM,Standard,0.0
5dSZ2trYyOE,Standard,0.0
58oA-hCiQ2s,Standard,0.0
2jI2BAgJtnM,Standard,-1.0
zfxFGhvQiDc,Standard,0.0
BCbTHcORmLA,Standard,-1.0
L3HeQaSAToU,Standard,0.0
0FNxDDnZtMg,Standard,6.0
SPHCKr4vcac,Standard,0.0
_VtRTux3y7Q,Standard,0.0
L-ESdLA5U3s,Standard,0.0
RfctWEIC2Zo,Standard,4.0
AeKBpPc8Cxo,Standard,0.0
HqOlKDrdnBI,Standard,8.0
6b9mvKl76bI,Standard,0.0
qZot7jTsnkQ,Standard,0.0
k9q71VsPhGw,Standard,-1.0
_ZQlVScLNTE,Standard,0.0
8sYBeqQlRLs,Standard,0.0
zRFkkXOopEk,Standard,0.0
sGCdveD0zeI,Standard,6.0
Ai69M2D3SzY,Standard,0.0
qo-S7TcTTaQ,Standard,0.0
0P4KOxcu0TA,Standard,6.0
kz_rEtbqXok,Standard,0.0
9W00Kg6qKZg,Standard,0.0
m7tHIH3-NUI,Standard,6.0
fK6LWX4fc_4,Standard,6.0
39lAwe5_X5Y,Standard,0.0
zs6mtoYTWfE,Standard,0.0
yiDUVlktzMc,Standard,6.0
HAUDjlw7qa0,Standard,0.0
fpnuNkT7EI0,Standard,0.0
HGxzlxwV10c,Standard,0.0
tafx6GXP8ng,Standard,0.0
ygvUHmBNPPY,Standard,0.0
Wp8ZoG0BxiU,Standard,0.0
D4J52eNwo5U,Standard,0.0
hbFGjTv2vuw,Standard,0.0
sSIMubff5ik,Standard,0.0
ywa6S7mJV6w,Standard,0.0
xzvqo2wcPCY,Standard,4.0
szgvvVsaEYo,Standard,0.0
0vyTeGF1S1E,Standard,0.0
B3Z4iPw-Kr0,Standard,0.0
SAZOdzlnWQM,Standard,0.0
5-4FlS0zSjg,Standard,0.0
w_K02uNXH0o,Standard,0.0
xOZSaOLEpL4,Standard,0.0
5LtsPV1cYXk,Standard,0.0
YhGCNu7iov0,Standard,0.0
92tDdRyK6lk,Standard,8.0
oL7B2Pcpjjo,Standard,0.0
I341LsrUGZk,Standard,-1.0
yvbyMkDL7o4,Standard,4.0
0nSOlfpOHfU,Standard,0.0
Fl2Cl4d3eWo,Standard,0.0
kTIvqB-yHEo,Standard,0.0
36KEOynEBV8,Standard,0.0
YE8uKdm88tQ,Standard,2.0
awPu8lBTbUU,Standard,4.0
zxqBlq1YQ8g,Standard,0.0
4iP_hIscOxs,Standard,0.0
1i7MKCXBvMk,Standard,-1.0
DYppISzNj10,Standard,4.0
EwPstkS9S78,Standard,-1.0
7tsIcRa5pnE,Standard,0.0
DMRu77LX-qs,Standard,0.0
TIOKTa0BIgc,Standard,8.0
a5_A_bXvpXk,Standard,0.0
EbBzYiUtfBI,Reaction,0.0
R1y7paYqRUw,Standard,0.0
fSdQJV27fqE,Standard,6.0
ktXgnkJ3m8Y,Standard,0.0
5k4oJKx119U,Standard,0.0
Sqf4kxJtYoc,Standard,0.0
P-g_WGqSWjA,Standard,0.0
iJXKhrU8LZQ,Standard,0.0
bFNySxZg_Nk,Standard,0.0
_P655wWft6g,Standard,4.0
KbF2RJJyYCc,Standard,0.0
1pY9J75gzqU,Standard,0.0
P0rzSar85E0,Standard,0.0
rH4v6w7PIhY,Standard,0.0
oboWibSPbSY,Standard,0.0
3BEllPAuOGo,Standard,0.0
yOC5E7D34Zw,Standard,0.0
znaehruqKcM,Standard,-1.0
aX6r33yy0sc,Standard,-1.0
wIsjc8yxweQ,Standard,0.0
zCTwW1mUIqg,Standard,0.0
yESKiq-B6i8,Standard,0.0
YfMG-_OrSVE,Standard,0.0
EBbVbz6Dmrw,Standard,4.0
BQQRtN7I49M,Standard,-1.0
FEveZ7CGEt0,Standard,0.0
M82VbE6hvwA,Standard,8.0
bLEBokMJhmc,Standard,0.0
pIxx6FoFEC4,Standard,0.0
UYwygtMAr3M,Standard,0.0
ZxEB2ET3boQ,Standard,0.0
-ert3xNZ4Y0,Standard,8.0
2311RCP-eoQ,Standard,2.0
-IdHSUVkLqc,Standard,0.0
r4_quH0G8gc,Standard,0.0
QPRIn_jcc0s,Standard,0.0
T9U6tuXcHL4,Standard,0.0
Axz7WuQUrPE,Standard,0.0
WKP47MqT1B8,Standard,0.0
0bBZtITq1kw,Standard,0.0
hW6t4OCMZXg,Standard,0.0
lrPqQn2rpiU,Standard,0.0
6j5Jp3nrk-A,Standard,0.0
l-cUybSZN1o,Standard,4.0
JEoS1u8Yt0U,Standard,0.0
gBx0__GiaWc,Standard,0.0
pSNTTMGtn_s,Standard,4.0
kS1pf9B19P8,Standard,0.0
zuu_L1fwNtE,Standard,-1.0
U7y3gIRcoTw,Standard,0.0
F-us3vMYlik,Standard,0.0
A2V5GwgnI94,Standard,0.0
lLHmPPD1ZEs,Standard,0.0
CT4jIo-ho54,Standard,0.0
NA6so6sfSCA,Standard,0.0
WVi9iZMBEU8,Standard,4.0
AKm5cNz1bWY,Standard,0.0
D6EnN-LDEl0,Standard,6.0
8tcttZXFGGo,Standard,0.0
BYVszVNg08U,Standard,4.0
U4Mn80nZB04,Reaction,6.0
0bx7D4pvsMU,Standard,0.0
v_y6sG1ILgc,Standard,0.0
HDEJXD5pJ_U,Standard,0.0
NymJ1Pr_SV8,Standard,6.0
tNY-fpOqFQA,Standard,6.0
HjAlsENa1LI,Standard,6.0
fjvWoGQssi0,Standard,-1.0
OF6kEUb0Fts,Standard,0.0
IS4Jq0sBN1Y,Standard,0.0
LmdJ_NX3Fb0,Standard,0.0
_mPXqP43Odk,Standard,6.0
9e4rTBYsf-o,Standard,0.0
rJiTUX9ElWY,Standard,0.0
DVQqCgXKTZw,Standard,0.0
_Xq9_yCitNQ,Standard,-1.0
M00-x_oNWEE,Standard,-1.0
fKXsYtnBo6w,Standard,-1.0
71rjd2fT3do,Standard,0.0
4t6sfT2T3A4,Standard,6.0
jh794z3fvHY,Standard,8.0
i8xtsOlrhbQ,Standard,0.0
jsMkRIRerzE,Standard,0.0
JHd-1Dxc-Yg,Standard,0.0
UAM782nXsq8,Standard,0.0
FMNqegzX9iQ,Standard,0.0
jV2oLLwlhGQ,Standard,0.0
ovdG4TSk_0M,Standard,4.0
6Au-rFIy4AU,Standard,8.0
HS9mvARpG38,Standard,0.0
zcj0zVz21oA,Standard,0.0
aqFQo7kScqo,Standard,-1.0
kyIzjENm8e8,Standard,0.0
Y7MWTd3xcWo,Standard,-1.0
KM9WRVVGyWc,Standard,0.0
I498_AmdNfk,Standard,0.0
yK0KHPG8SvM,Standard,6.0
Y6D11nmcGRY,Standard,2.0
k2E-QQIKUXY,Standard,0.0
LTaYcZLX4PA,Standard,0.0
DWNUSRVA1NY,Standard,0.0
P9VgxKFOCpk,Standard,0.0
Fy9jZEVDHAs,Standard,0.0
hKT6aWwer9s,Standard,0.0
JhHUkw81OP0,Standard,4.0
cUxN3z9SkGs,Standard,0.0
iDxaRxJVbUw,Standard,0.0
Yvj3hcUXJAY,Standard,6.0
-OBP97ROtzg,Standard,0.0
P7VSP2pnueo,Standard,4.0
o_HUvNY5wJo,Standard,0.0
tP4IOOHLP9g,Standard,0.0
Z-_3QB0J7Q4,Standard,0.0
4TMNk3TRLlQ,Standard,8.0
7_MkpOOdc80,Standard,-1.0
AKC7BWKLwuI,Standard,0.0
-Bhq6_4-N24,Standard,0.0
kmFibtQ4HO8,Standard,4.0
j2UUQy1Su00,Standard,-1.0
pNGuRMsPC_Q,Standard,0.0
1lEm1WUJi78,Standard,0.0
DdJPZnoe1N4,Standard,-1.0
7XHxeG2C8EA,Standard,0.0
88KvnRBFFpo,Standard,0.0
TogolxU39ow,Standard,-1.0
avL3sFKgoMI,Standard,0.0
SjAdDlU9FuE,Standard,0.0
pRbYqe9vYdM,Standard,-1.0
Ctz_FmqKWiA,Standard,0.0
7iu6fZpPogM,Standard,0.0
Z3CX8oZWCuc,Standard,0.0
qnsCfyZrlAA,Standard,0.0
q8_4fqsVvig,Standard,4.0
23xzrQqmPzI,Standard,-1.0
8C83uN0FdNE,Standard,0.0
B0J6NkVrTK4,Standard,0.0
Mchtkt24YEk,Standard,6.0
LXb-4f80FjE,Standard,0.0
0ZZf8p4cmtI,Standard,0.0
Vl3Bsd6qf88,Standard,-1.0
M4QHjN-Sjsk,Standard,8.0
ZOIWme6ot_E,Standard,0.0
wNaLfcPfnlw,Reaction,4.0
Y7WPX4_QKKw,Standard,0.0
5eokMsGpWfc,Standard,0.0
A8Lx89ioAkg,Standard,0.0
RkWEbQ8RmRE,Standard,0.0
PN4oj_Jvg0o,Standard,4.0
bitzOXx_sfA,Standard,0.0
4m-lbJB1sOQ,Standard,0.0
2-9HE1TzdnQ,Standard,0.0
p87lSRa7yZE,Standard,0.0
s3mQSl4FDdI,Standard,0.0
dTkNy7-qHug,Standard,0.0
Fc_vwR7yLiQ,Standard,0.0
yiw1rIZxVkQ,Standard,0.0
ocwnWkAfxZw,Standard,6.0
v3wSldTHrmk,Standard,6.0
UD2JtG9Q9P0,Standard,0.0
IBFBJ65CKMA,Standard,0.0
EvbTnz2OoEc,Standard,6.0
4dla6lkHGYk,Standard,0.0
LPj7_CCMjnc,Standard,0.0
6_SsAON-M8s,Standard,0.0
rQqiRyuPOO8,Standard,0.0
m90cf1laB6Y,Standard,-1.0
TWisvUNxElU,Standard,0.0
VljNWn_lns4,Standard,0.0
Z2cPLgU19YA,Standard,0.0
PHRrM1jZu60,Standard,0.0
7Q3-0mMtOjk,Standard,6.0
TSfJ0t7GcVE,Standard,0.0
T3ycONvTZUU,Standard,4.0
9oRrO2ORP8g,Standard,0.0
kxnR1e0uqfo,Standard,0.0
qEKyScx32j8,Standard,0.0
1xyYGwwHjo4,Standard,0.0
y--bSppEdVU,Standard,0.0
mMSGZqWMq04,Standard,4.0
_7iG9UhWiQs,Standard,0.0
ODizoDX3FaA,Standard,0.0
YoFVV-XE3P8,Standard,0.0
y_FZCg4tFH0,Standard,0.0
3hXeRVX6EkE,Standard,0.0
nZ_aabdWGz4,Standard,0.0
wUYiYACh0AE,Standard,0.0
25uEW3KXfJs,Standard,0.0
yHwBQDACkec,Standard,0.0
cQrhcUfbPX8,Standard,0.0
gP60bOf7xO4,Standard,0.0
lhD_S1WgFBk,Standard,0.0
gT50MJ_KMiw,Standard,-1.0
_kdQWxDUbpM,Standard,0.0
iw4_9fNWf4k,Standard,0.0
dUN5rP-EVgE,Standard,-1.0
3FPlKpX_Occ,Standard,6.0
OJSp1CKFjrE,Standard,0.0
cxY8NxGM_hg,Standard,0.0
8B39jGS3Y0I,Standard,0.0
QzJuJm9vzMs,Standard,-1.0
B0DGXpxB2pw,Standard,0.0
95p2bJIE1F4,Standard,0.0
nrLts6IjoA0,Standard,0.0
_7lWcWYTTTE,Standard,0.0
mWpDSufzpsQ,Standard,0.0
csFdeJ1Wyqw,Standard,0.0
_nWGwVF3-No,Standard,0.0
qphcPzfI_8o,Standard,-1.0
62Es3mwUxn0,Standard,0.0
mngG3CVWP5Q,Standard,4.0
6he1_zp2SpU,Standard,0.0
csIPtJxNQKA,Standard,6.0
l3xlVlo4t4U,Standard,0.0
yAYlc41veyc,Standard,8.0
Ku7hW4B43vE,Standard,6.0
5UaQWvUtaf0,Standard,-1.0
sxmI8z-1RjI,Standard,0.0
VxV9Ly5cXZI,Standard,0.0
rqduaaZ5BEk,Standard,0.0
tM9y9x0GnoU,Standard,0.0
YS6u1oVp3H0,Standard,0.0
uikJRRMFtHM,Standard,0.0
yU3F24ZBD0c,Standard,-1.0
i3RWDDyhf6Q,Standard,0.0
dCWQ7MuXVpE,Standard,-1.0
StFWKC2qKRQ,Standard,0.0
cdmaFCv9V08,Standard,0.0
5qKnLGTXv-o,Standard,0.0
h9armzraf5w,Standard,0.0
mAu6OLFrwjw,Standard,0.0
5iucBGW7x0k,Standard,0.0
Xt2JBG3VqKA,Standard,0.0
cNSuMM8579M,Standard,4.0
8ldONet3PNU,Standard,0.0
Jpn4U2nhUHU,Standard,0.0
kk1baZpIJSc,Standard,0.0
sy0dnpeB-z4,Standard,0.0
HIDiv2YU-SQ,Standard,0.0
up805JVd5T8,Standard,4.0
CGm69S36ioQ,Standard,6.0
CBiNyw1d2Pg,Standard,0.0
2sSP3lyJd_c,Standard,-1.0
OPSGtNPUqWc,Standard,0.0
hUlsdxJO1a0,Standard,0.0
tewou50HN_g,Standard,0.0
2ZPjW2qXG3o,Standard,0.0
g_FTNf0C7FI,Standard,0.0
TB6XzoGiTO0,Standard,0.0
NHu27eunDYQ,Standard,4.0
EnEGvrlhuh0,Standard,0.0
hF79VEc_4rY,Standard,-1.0
eaq5tHyiFSk,Standard,0.0
fsz8Aa2LIX4,Reaction,2.0
nf8WaprDkO0,Standard,2.0
KCnbtEL52I8,Standard,6.0
dN2IE4ylMow,Standard,0.0
D2b7n-8GZ2c,Standard,0.0
HQa90pAneao,Standard,0.0
glvLl56cwSc,Standard,0.0
AqEFwtTXqIg,Standard,0.0
0hZweZjCP10,Standard,0.0
xBmk-L7iGn0,Standard,4.0
F4n9ArRVaoA,Standard,0.0
mFgK7E-b2Xs,Standard,0.0
O_cYZYQdUIw,Standard,0.0
tqAqBGx6-8Y,Standard,4.0
QZfwhZwMCnM,Standard,0.0
l5RirFvYuyY,Standard,0.0
huvRo8OnPqs,Standard,6.0
EMBHPRbsUh4,Standard,-1.0
EGoVJh-04xs,Standard,0.0
mcs4qn74tBM,Standard,0.0
3JhotgIuueY,Standard,0.0
Wybio7jR6bU,Standard,0.0
c1845JTbXAM,Standard,0.0
QPQa_hI3C_4,Standard,0.0
i1bvkQ_9lQQ,Standard,0.0
JEgTFfb1u38,Standard,8.0
Hx0D6slCI04,Standard,0.0
f8U7stwIT9k,Standard,-1.0
HiehCiR23Do,Standard,4.0
b-MNgfpr9fs,Standard,0.0
WaSiDbAmCbI,Standard,-1.0
2uq6_JTDrgM,Reaction,8.0
ZnuqGOjl7mU,Standard,0.0
GkBJeFphgkk,Standard,0.0
qGBfRmKMITQ,Standard,0.0
72LypzKYvqk,Standard,0.0
24boMdLs2y8,Standard,0.0
4PxJnmJ75c8,Standard,2.0
zgXR3mDMdz0,Standard,0.0
MHLPBxOx94M,Standard,0.0
pTjbbd7b17s,Standard,-1.0
YFq0LZeeJQU,Standard,0.0
C8z6wOvrj7Y,Standard,0.0
5bz1GEt5FBs,Standard,-1.0
j5hSX2U35dk,Standard,-1.0
MtT5m6GDMRc,Standard,6.0
_5gCp3Rftvg,Standard,6.0
w2kqvbNqJa0,Standard,0.0
KOtdLvmSm28,Standard,0.0
De5CEOMY2ho,Standard,0.0
rmj2CsSdPHw,Standard,4.0
1f91BgLZ2nk,Standard,0.0
b1-ROarbKPA,Standard,6.0
l7xgaWRNCsA,Standard,6.0
QEPs5drAkAY,Standard,0.0
ZVUWXAbwu5E,Standard,0.0
ivpsYPZr-ww,Standard,0.0
PaR64w4Iv5M,Standard,0.0
-ZGdewU29iU,Standard,4.0
1P3DXLPtuN0,Standard,0.0
KPIhGgyQeAI,Standard,6.0
kPHe70NDEVM,Standard,0.0
xl7rsJbz4kk,Standard,2.0
6sx28tuljv0,Standard,0.0
tDZ-4xpHSUY,Standard,0.0
mfI477RueLc,Standard,0.0
bT4MIZCVyTI,Standard,0.0
q7wp8RgdR2s,Standard,-1.0
ep9PeqsRolk,Standard,0.0
meQgyD5I37Q,Standard,0.0
Gv_MXRh61cE,Standard,0.0
WaJgJfSwilo,Standard,6.0
xfUiefgxyfU,Standard,0.0
kd3Z3OFrBGY,Standard,0.0
YukBrmhdmOc,Standard,6.0
itkSnCBYwHM,Standard,0.0
S3663M_E5_o,Standard,-1.0
VSHiO0kD9rk,Standard,0.0
urGWi5fT0yc,Standard,0.0
SNFCknIe8Vg,Standard,6.0
pgxs60zwGhM,Standard,2.0
jELHnIvRD_s,Standard,6.0
6jG0n-IubYM,Standard,0.0
kHgSBaCz9x4,Standard,0.0
TIc3vinkurY,Standard,0.0
MvN80MTvyn0,Standard,-1.0
_lsl97UrxpE,Standard,0.0
3ZkWWh38790,Standard,-1.0
60hnHWL5iF0,Standard,0.0
fwz8ynRZbQA,Standard,0.0
_pBEn_A8F5M,Standard,0.0
hYynEQUnlLQ,Standard,4.0
qrvrcdAfEgc,Standard,0.0
fSrjyloC8nM,Standard,0.0
wDZokq2Fxlg,Standard,0.0
ihFhN0IIKuQ,Standard,0.0
rfkVbV7vcnI,Standard,0.0
qpwPiVKDjrI,Standard,0.0
dbtdhtbM5Bc,Standard,0.0
0pCv-9AvNX0,Standard,0.0
iOZ5KcaPlHc,Standard,0.0
pI2Q7TZ29bo,Standard,-1.0
-QnHJbHcN9g,Standard,8.0
Qmuh1wvJLFQ,Standard,0.0
ji7O0oCrJ3U,Standard,6.0
2eKm-moVoYE,Standard,6.0
Uk8O1uNyCEU,Standard,-1.0
J51jM4O9jbI,Standard,4.0
Kn9qCBDDsfg,Standard,6.0
OD2VTuh3jrg,Standard,-1.0
pveGcuITVYo,Standard,0.0
VwT8QEa2REk,Standard,0.0
GTQ7QSzT1D8,Standard,0.0
txTBks0oe68,Reaction,4.0
gQE6OOMfzG4,Standard,0.0
NZsOZvpo87k,Standard,0.0
JL_Y3FtieCU,Standard,0.0
Sil70KljpkA,Standard,8.0
T8dCl54fWig,Standard,0.0
yb2yihFpjKM,Standard,0.0
qjQea-HENYE,Standard,4.0
lbzItV2hF20,Standard,0.0
46K5OA3Ix6A,Standard,0.0
lOVnFUcKiks,Standard,4.0
0WuEk8bmdK4,Standard,0.0
ouPX5ApAjgY,Standard,0.0
MCB6zpZV2ec,Standard,0.0
NRmNGuCSQtY,Standard,4.0
kpTRV9YVswk,Standard,4.0
37gTwKMWGKI,Standard,-1.0
tYEMS9NnaPk,Standard,4.0
PYTbR-237dA,Standard,0.0
a7p6ko6Okro,Standard,0.0
twmGZf4SAOk,Standard,6.0
grFFGaF9VMU,Standard,0.0
f4R1grUpsUU,Standard,8.0
Uo38TCtiRpo,Standard,2.0
x4vRzozU7U8,Standard,0.0
eaKf8EfujYA,Standard,0.0
yT6NPS8Jkzs,Standard,-1.0
gqKh7bBlyPA,Standard,0.0
3EX5L4SBwjE,Standard,0.0
zaFsEt4OEMI,Standard,0.0
javOZHHMsCE,Standard,-1.0
adAGIzpZYGw,Standard,0.0
bSrWFUUh0Fo,Standard,0.0
v6vPsM4JdPY,Standard,0.0
ikwQ12ua6qg,Standard,8.0
OgL3ueYRNjA,Standard,0.0
W5sNmgPeEDQ,Standard,-1.0
C1qA75JRCog,Standard,0.0
oquVP3npU6o,Standard,4.0
siYpOaDYu9M,Standard,-1.0
J6lVbS9aju4,Standard,0.0
icOlDU_Q2yg,Standard,0.0
8GAPE1MGJ3c,Standard,0.0
t6fNX3xrlR0,Standard,0.0
vxwAeZgE7F0,Standard,0.0
TkyLbZ2Aoj8,Standard,-1.0
oZg52PCu4GQ,Standard,-1.0
ntWQtgok2BI,Standard,-1.0
qhqNOuDy1C4,Standard,0.0
yi2xs0T6evw,Standard,0.0
U-rwpHWkzyg,Standard,0.0
8PO3EoD8d-g,Standard,8.0
Ld2zjXBat6E,Standard,0.0
pdmy0p4oDjg,Standard,0.0
A4C9T5O2bdI,Standard,6.0
4NBn9SvgznU,Standard,0.0
ov7SCCGvHsA,Standard,-1.0
JQ-b7G4YQ8o,Standard,0.0
pzbjfk7TRqc,Reaction,4.0
H9xBj_ds8Nw,Standard,8.0
cta6190U8ug,Standard,0.0
5KNQH-6Drl8,Standard,0.0
MYRkRS9-K7c,Standard,0.0
MPIhe0v5bz0,Standard,4.0
bC5rncTMK4g,Standard,0.0
LTOi4pOuAcw,Standard,0.0
WWdQbzlanYU,Standard,0.0
67pLV0NAK5k,Standard,0.0
Vk7sEIDQcdc,Standard,0.0
LcZnjyXNKcI,Standard,0.0
WEVUHMuNHSU,Standard,0.0
jq6wuYYasJU,Reaction,8.0
YH-MXHiEwQM,Standard,8.0
rtv223vP3KY,Standard,0.0
v95omYzzKIo,Standard,-1.0
Q14j8UT-2HY,Standard,0.0
RaAjMaK-iUM,Standard,6.0
AJUbaQWn8t4,Standard,4.0
MuqStdCXgXQ,Standard,0.0
pN1T05VqAV0,Standard,0.0
yJ9BYjaJ8Tw,Standard,0.0
fCphtea5Oso,Standard,4.0
EPOWCVJ5Ss8,Standard,0.0
YvRRPffMJhA,Standard,0.0
a1bEBA02Pi8,Standard,-1.0
-Y89n7v3vKw,Standard,6.0
JI45Q9XbMGk,Standard,0.0
hWSU1xWrtkw,Standard,8.0
W4HulaOP2II,Standard,0.0
O7ywqRqekDY,Standard,0.0
ExX_5cmtPU8,Standard,0.0
CKdhS--f-jA,Standard,-1.0
gsEDxC8fvW8,Standard,6.0
UMmF34OMiSE,Standard,0.0
dctH858b0cU,Standard,0.0
HyCfgLF-t7s,Standard,0.0
GxnLwUVYl8Q,Standard,0.0
dQO_CJQPTiY,Standard,0.0
s4joccaKY0o,Standard,0.0
OJ8zZQyNBtM,Standard,0.0
lbf2-tsedws,Standard,0.0
0YP-w8Vhbsk,Standard,6.0
_8sn5LDEf3U,Standard,0.0
MqRYRwQQf7o,Standard,0.0
Ygnpw54E2pw,Standard,0.0
ml18OKxTk6I,Standard,0.0
Frn3bNusym4,Standard,0.0
8IJQVjPFPec,Standard,0.0
ocwck2BnOkk,Standard,0.0
MHirL9YoF88,Standard,0.0
i_i03qyDVEI,Standard,0.0
YxtL6piU6WI,Standard,0.0
dz9VXUpNSWA,Standard,-1.0
OhJ6egKonow,Standard,0.0
3Mvq-0daY7E,Standard,0.0
YZiWtaMa2oM,Standard,0.0
CZ5-Hv4PLdk,Standard,0.0
3r6oDa7OUkg,Standard,0.0
ooN9CdzDfGo,Standard,-1.0
48JpapINHNQ,Standard,6.0
qHSfW2A_lVI,Standard,0.0
UH6D6i6lTys,Standard,0.0
GbDN3Pj73iI,Standard,0.0
emKC1yYyzM0,Standard,6.0
LYbmcOpkuYY,Standard,0.0
EemLmtlo098,Standard,0.0
pxnYvB9eRB0,Standard,-1.0
ugc868cqmhI,Standard,0.0
7usjvPic7rE,Standard,0.0
2nNTCwB2sZk,Standard,0.0
3J1vwHzl1Js,Standard,0.0
KckoZmDEoqc,Standard,2.0
24d-TRNt7do,Standard,0.0
PdDKlzV5A1Q,Standard,-1.0
2KOYHCh3aPE,Standard,-1.0
LVG8wZ3y5Pk,Standard,0.0
iuUlu1I8Alg,Standard,0.0
7bPIXE_9rzs,Standard,0.0
RkDPYyJFmF8,Standard,0.0
oWtInc_GWCs,Standard,0.0
RS4KZ8aqhXQ,Standard,0.0
O_62WHSIArI,Standard,-1.0
UpF4zpHbEvQ,Standard,0.0
QvAFnqCTwUM,Standard,6.0
Y7Qt92CI2HY,Standard,0.0
iXZwKVoINik,Standard,0.0
ImKnJcUFpUo,Standard,0.0
hIu0hTlpvU4,Standard,-1.0
0LvBZ7OAUVQ,Standard,0.0
VoA870oyvtc,Standard,-1.0
1x4ktYgaX80,Standard,0.0
kmHnWkDcvKA,Standard,0.0
lTgwvUCJBME,Standard,-1.0
XAiACdtOQBA,Standard,0.0
kKY5rJAMUBU,Standard,-1.0
d8-oBkNnAD4,Standard,0.0
Ky5J7wI2Fmk,Standard,0.0
lnluJy1u_o4,Standard,0.0
bUAft0XKJ8Q,Standard,0.0
xeVTko5MglI,Standard,0.0
_m3C7mPdAvQ,Standard,0.0
BkpcmjqIOKo,Standard,0.0
Mj6BiroSoXo,Standard,0.0
nymbxa9OyLw,Standard,-1.0
HREb5totpjI,Standard,0.0
2l7ahYUeeCI,Standard,-1.0
KIGARIv_poA,Standard,0.0
lH9jgJGCVAA,Standard,0.0
5aBW1s88dyU,Standard,0.0
1cSDgui3AkA,Standard,6.0
INd7ObqMfGk,Standard,0.0
fQo-QHWGYJo,Standard,-1.0
rTxlc_Te6xI,Standard,0.0
kTqoO2M1D3w,Standard,0.0
S0hKz3lnWtE,Standard,0.0
QfIKjQCfZIo,Standard,0.0
Bx5uMcSznj4,Standard,0.0
eBnN1H8cZUs,Standard,0.0
zg18TwXz0aI,Standard,0.0
OnhIj9FqSLM,Standard,0.0
5JToozUt_5Q,Standard,-1.0
LcDNbzsEI90,Standard,2.0
5SDqQYDmnhs,Standard,4.0
aOwI9QFi3e0,Standard,0.0
9lFdV9d3BMw,Standard,6.0
HMO5oZceM-M,Standard,0.0
y0v6RKng0vA,Standard,0.0
FcGCS3EpEPs,Standard,0.0
Cz7_YH9n5yU,Standard,0.0
vYEBQEoxs-A,Standard,0.0
MLgfS5SdtIM,Standard,0.0
DVlz1oC_6uY,Standard,0.0
B8QZmXIKNyE,Standard,8.0
d6VT8MS6ygM,Standard,0.0
pDwtMsEEyso,Standard,0.0
A5NP6SaKDpQ,Standard,0.0
18RYYvGp_hU,Standard,-1.0
HQ1tWmO6uGw,Standard,0.0
x-K3vEWHmbI,Standard,8.0
ybkMvLw6rbI,Standard,0.0
eYUEvrBKih4,Standard,0.0
23AleEEQZEw,Standard,-1.0
N8N-mV7_uWk,Standard,2.0
_eJJ0h_Ap_M,Standard,0.0
R9KQMXLqByA,Standard,0.0
uevHqBm8yws,Standard,4.0
OMYgDRBh3ZY,Standard,8.0
gRf3Btm8sEc,Standard,0.0
ldhMJeFWHHc,Standard,6.0
SjTlh9C7WMo,Standard,6.0
UT9Pw45QUFM,Standard,0.0
18_3i8zbkVo,Standard,0.0
FJLG5rN-25U,Standard,4.0
FQLE4oxMGaQ,Standard,4.0
7OfitZxTWGk,Standard,0.0
-4Koh87Fm0w,Standard,6.0
ufdQgbU8hSs,Standard,4.0
qFbCxFVI9E8,Standard,0.0
t-ULXypOZWE,Standard,0.0
sqK1fEARluo,Standard,0.0
EnbvjJJ1GmM,Standard,0.0
IFZ14n9_vY0,Standard,-1.0
Bc-4nmwt1GY,Standard,0.0
6xSDyXxcAyo,Standard,0.0
tP3bixzYcYc,Standard,0.0
xxE6yDYtCOo,Standard,0.0
TR6PeNOGg-U,Standard,0.0
TOVXsC64YCg,Standard,0.0
yDejoyz5fdw,Standard,0.0
6Gpfe9fGiqc,Standard,6.0
z6p3BO_JxDY,Standard,0.0
rOchLMLQ_V0,Standard,8.0
0NKfP645UHY,Standard,0.0
U5VF6Kr8oVo,Standard,-1.0
eoV9CGeq6HM,Standard,-1.0
RgtHxbAru9g,Standard,0.0
On--2auMqMQ,Standard,0.0
XvzxnwPjsDg,Standard,4.0
fTJUfTCG6Oc,Standard,0.0
Q34LtIvcL-c,Standard,0.0
_G_E8rBWUvI,Standard,0.0
g3tV2d5fRRY,Standard,0.0
BbqcJetsGrc,Standard,0.0
tqtMcPS9uz4,Standard,0.0
Tccjm7e5juo,Standard,0.0
p0ycgnRkGOM,Standard,0.0
LjDLC5tKHts,Standard,0.0
pZNDKz489QI,Standard,0.0
5-9hWgGtbM8,Standard,0.0
kVoIyrRr4fw,Standard,0.0
gSTqV3ZprN8,Standard,0.0
-M26cV0syog,Standard,0.0
s3iXr0U0b2I,Standard,-1.0
WlrE7MxVTrY,Standard,0.0
-d4Std8RdhU,Standard,0.0
7uXrwfVXMeI,Standard,-1.0
SB_P-qhCC7c,Standard,0.0
q4SIbfHX9hQ,Standard,0.0
Vsdpao689Wc,Reaction,8.0
eZklbgBNzTI,Standard,0.0
FK9t1bSwRMU,Standard,0.0
_yZBRFpkjRE,Standard,4.0
sELRCYrtMQE,Standard,4.0
FyKf2vfYPJA,Standard,0.0
wIkkrlLqmF8,Standard,2.0
olfQNZ2zDLw,Standard,0.0
GerykM0db70,Standard,0.0
PWCsF5WP-UQ,Standard,4.0
BZXCndvBKHk,Standard,0.0
COG-qupeYSA,Standard,-1.0
xDDsKKQtWPY,Standard,-1.0
VqyhYLamuuI,Standard,4.0
iD_rOxpbUeE,Standard,0.0
HHLOmrW64wE,Standard,0.0
1akgZlRlwBE,Standard,6.0
E5QmkMOTkSE,Standard,0.0
TuuPiJh1T10,Standard,0.0
WHPNOaLbYXw,Standard,0.0
Y6kql_Q7h4g,Standard,2.0
dOufapH3vd8,Standard,0.0
vPZQJTmXQFY,Standard,0.0
KFtEWl4s-sk,Standard,0.0
oXNYDHaxUAg,Standard,2.0
qEcIj3gT8Bk,Standard,0.0
3EqJUreJBAw,Reaction,6.0
JcTEGO5Q95s,Standard,4.0
j9QGotISZIE,Standard,-1.0
hcO4HrEXs6Y,Standard,0.0
8Jau8Jl3Jkk,Standard,0.0
6LnzTCMH_Ag,Standard,0.0
Fo5jxyB3uFQ,Standard,0.0
pERDeVNRrCg,Standard,-1.0
EL_wMVZTNmE,Standard,0.0
cXv8-N3RZoQ,Standard,-1.0
jacSj_WIvhw,Standard,0.0
sK6cLUqR0IE,Standard,0.0
2u9PMmE9TuM,Standard,6.0
fLF7UqrKqi0,Standard,0.0
J_IPcnDEJao,Standard,0.0
In11MfG0rSM,Standard,0.0
byALZasX2Fg,Standard,0.0
PX0LznxK7IY,Standard,0.0
7lFxXZl9SPM,Standard,-1.0
3v6jUSdD-3Y,Standard,-1.0
eZePgpPWPFE,Standard,0.0
ylQGMOQTlgU,Standard,0.0
oE6thn7Yk_0,Standard,0.0
LNs5uC8tQbc,Standard,0.0
Y7jksFxViLs,Standard,4.0
UNvncQ1-rk0,Standard,0.0
5Fryh0Omk1c,Standard,0.0
BzEsFgUfX3w,Standard,0.0
TbXcHsG5sZA,Standard,0.0
u_zpEe3sS7E,Standard,-1.0
C8zyuQkB3T0,Standard,0.0
ExlP7vl2W4I,Standard,0.0
7dfCQN6T7fU,Standard,0.0
7NJzxwgdzR0,Standard,0.0
al7ZDwRY86I,Standard,0.0
r18tmMQcST4,Standard,6.0
j9RhZ2pv0EQ,Standard,6.0
313c1sS5-ZY,Standard,0.0
MB7eA6yrfyQ,Reaction,0.0
q08YAcWCFHI,Standard,0.0
fPW8DEt-rnw,Standard,0.0
ed6X2J4HM5c,Standard,-1.0
m7lmSEvZCao,Standard,0.0
MPQ5ltaWuGA,Standard,0.0
PFeliFuQtEE,Standard,0.0
XHXZagTkdnE,Standard,0.0
6XcXfusxndE,Standard,0.0
Akwo1oozniY,Standard,0.0
PgibJfMJXdQ,Standard,0.0
J54d2i0pVjo,Standard,0.0
xkkOFrjPRYc,Standard,4.0
hyp07Pvw4iw,Standard,0.0
pTwwnP3WhXQ,Standard,-1.0
IW-KnblSfw0,Standard,0.0
LiqyyJgw8G0,Standard,4.0
Tvh-IWZOwEM,Standard,0.0
2JpZOJH40n0,Standard,0.0
ml-WDbZrjUs,Standard,0.0
UQV7VjGyuSQ,Standard,-1.0
A_OQPP8AM3Y,Standard,0.0
_EJaGQ5jt5c,Standard,0.0
1qA2XTlbwEc,Standard,0.0
NE4bdas41hc,Standard,0.0
krJ1ng2EOyA,Standard,0.0
ZV27Mx-zXRk,Standard,0.0
GcrgK2e0OV4,Standard,6.0
SMP8p9lUlug,Standard,8.0
qxpmsRSj4dc,Standard,0.0
Q1c_i5pdf7c,Standard,0.0
txQmNj6YyUM,Standard,8.0
spjLuISwhD0,Standard,-1.0
Op8lizTsifM,Standard,0.0
KTFfUE5tgNc,Standard,0.0
f1uSuIdacOM,Standard,0.0
6E0Idzw7kGc,Standard,0.0
iqTB000NI-I,Standard,-1.0
NxsWITU5UD8,Standard,-1.0
M9wTB92Hb2Y,Standard,6.0
f3yl8gAOpEs,Standard,0.0
TdJlORnNKUs,Standard,0.0
t7wRxT9kDAY,Reaction,8.0
edG5ZoBU6sk,Standard,4.0
j7ichNxe87o,Standard,8.0
KpQmOQtGbTQ,Standard,0.0
B66o9ZiWaZI,Standard,0.0
QaNdi8suYW4,Standard,8.0
xH-BLePoHgY,Standard,0.0
GEJ5vHDPftA,Reaction,4.0
AL3vx1Mpm5s,Standard,0.0
nYnl3UttKRM,Standard,0.0
yv_Gdh0Zpbc,Standard,8.0
IjyNitf86fk,Standard,4.0
PvSdnLuqlkY,Standard,0.0
AN5wA4vJAzA,Standard,4.0
xIpmru-U-E0,Standard,0.0
rvPmh3OU2V0,Standard,8.0
eU4d6xgJ8Dk,Standard,0.0
Z7-bDVGQObs,Standard,0.0
RcEjRbsAfQA,Standard,0.0
2-kkmvdwqGs,Standard,8.0
85VioQYvdmY,Standard,0.0
XOJLpMx8vL8,Standard,0.0
zE9FcaLzNdo,Standard,0.0
JT8gn1_K8NY,Standard,4.0
Fyved3SMUFs,Standard,0.0
l87fjaLgwlA,Standard,-1.0
pY9q76MxRdc,Standard,6.0
G0LCaS99Q1A,Standard,0.0
aoxkzjrhSpg,Standard,-1.0
3OlQiLLKOMY,Standard,0.0
81_sh5T_QsU,Standard,0.0
s9yb28B72O4,Standard,0.0
8w3i35zMipo,Standard,0.0
c7xLBWccq2Q,Reaction,8.0
jgCAZtKg8LM,Standard,0.0
WgbofdhPvnI,Standard,0.0
HRG4jTmS_so,Standard,0.0
2JLODPzG-5Y,Standard,-1.0
UWbKszw_bbs,Standard,0.0
xA9374iizIo,Standard,0.0
WWabtt_uAbc,Standard,0.0
t4bYst9t9Ps,Standard,0.0
KvdNgx4kZus,Standard,0.0
k6fJ9_wdQHE,Standard,0.0
mDKeO1m8tq0,Standard,0.0
XuxLqlTdXLs,Standard,-1.0
ZvnRgIA2tI4,Standard,0.0
bgtsJukrSiA,Standard,6.0
HVYaaIqozJQ,Standard,6.0
zRWDqza7Fao,Standard,0.0
9GhL8gBSiN0,Standard,6.0
tJo22jpZrZ8,Standard,0.0
nxPCoWUIDS0,Standard,0.0
K6OHwHwqCvE,Standard,0.0
H8afiwguOXE,Standard,8.0
UF-G_TB9S_0,Standard,4.0
qQWPwEeAH-A,Reaction,0.0
b5OLRRJOFpk,Standard,0.0
HLrQav0vOs4,Reaction,6.0
ZcgWAtjI7Jw,Standard,0.0
KNX2eZBFJd4,Standard,0.0
lNuEMCTuLO0,Standard,-1.0
6iatm95J3b4,Standard,0.0
QQGkPVtpW_Q,Standard,0.0
wX7y4Vywx10,Standard,0.0
3RWAWmJQdGA,Standard,0.0
gZ78TDhkc1I,Standard,0.0
DS_2XOFIQY8,Standard,6.0
TBgyleQsg1M,Standard,0.0
vnGJAxRJkrc,Standard,-1.0
gVwQ9gqnCgQ,Standard,0.0
7N5gHet7Wik,Standard,0.0
aNL-EJq4b-8,Standard,0.0
Xke4bwYvej4,Standard,0.0
ERkYClejyUw,Standard,0.0
qATrDkDI_BU,Standard,0.0
DB6qo9kkLDE,Standard,0.0
qjAWZ7Iyzvo,Standard,4.0
X5QGEUFGlQM,Standard,0.0
01IqrI9zhO4,Standard,0.0
tyGDUiI9FhY,Standard,0.0
ch_cfA6vcys,Standard,0.0
emuASG5RceU,Standard,0.0
gMwJqRRbtws,Standard,0.0
2aACKhX0eCE,Standard,0.0
-nAmyQKq_qM,Standard,0.0
4AYRqPEXqYE,Standard,0.0
oyOvp3d2BJE,Standard,0.0
Ja4PToFIT7s,Standard,-1.0
gfzhqk2kUKU,Standard,0.0
aGqeJtO2Kuw,Standard,0.0
tIlvrOtM4VY,Standard,0.0
5lW8SzaUtvU,Standard,0.0
va-rXnlZ0Jg,Standard,6.0
GibW6-q0cyM,Standard,0.0
W6llk9G1c_Y,Standard,0.0
oNNFGKpafaQ,Standard,0.0
mkBuvZGPWW4,Standard,6.0
gNrdoXHJgDo,Standard,0.0
-pwJP9hLiZw,Standard,0.0
kZoBfRgmdAM,Standard,0.0
L2zkkVTPb_0,Standard,0.0
z4xMm1US4n8,Standard,6.0
YKpuskBn7VU,Standard,0.0
EX1FlV9LWoQ,Standard,0.0
NDI41RRqN4w,Reaction,6.0
Czjq4KfBkmw,Standard,0.0
ByzlthOCLkU,Standard,0.0
zIXiCmxJWkY,Standard,0.0
NQQRpthbhZw,Standard,0.0
W_F8URx1JbE,Standard,6.0
-FFjBieJioI,Standard,4.0
PmTN6zsGKF8,Standard,0.0
2p73clAbCbA,Standard,0.0
pcxYCcl6Y9w,Standard,0.0
03rukjBdcFY,Standard,0.0
ppKa-ctA1ow,Standard,0.0
x6qwvaxDYl0,Standard,0.0
t3gYRWt6EHc,Standard,0.0
xpciPgUd15Y,Standard,0.0
GHofdeZR-Pk,Standard,0.0
vJcNS2p3YyI,Standard,2.0
rwFguz4zG-4,Standard,0.0
XqmHGvLQ6O8,Standard,-1.0
r7AgRAOGh20,Standard,0.0
trLEPHdcb2Q,Standard,4.0
qb4udXPtvIY,Standard,6.0
ivloYXJyNNc,Standard,6.0
2-YH94e42EU,Standard,0.0
S_54mzB4jF8,Standard,0.0
J8eP7Sg9khg,Standard,-1.0
QqEUM9Wba1E,Standard,2.0
ij5vsxwaTSE,Standard,0.0
YtpLygXZWPA,Standard,-1.0
joQTKux1KgU,Standard,0.0
L39IO3zFB_c,Standard,0.0
Q8LaN4AvU4k,Reaction,4.0
1MXM6YtFREs,Reaction,6.0
dLOUWC5cBXk,Standard,0.0
LLjYBEmuOwU,Standard,0.0
3QO2w6_FPZw,Standard,0.0
rWpRGH_eMHQ,Standard,0.0
7YAQOzBTkC4,Standard,0.0
LMlyfjs14gw,Standard,0.0
WkMv4FkQDKo,Standard,0.0
1IpGlhKTU1M,Standard,8.0
rzB_dDtgnXY,Standard,0.0
UArhfJxYJJ4,Standard,0.0
IB9jpJ0FgQU,Standard,6.0
h1-Fv9d15wU,Standard,0.0
jcD8AwUmIKw,Standard,0.0
dicqb96_0BM,Standard,0.0
XB9FR1VBZ4U,Standard,-1.0
rTUO3wsaPJo,Standard,-1.0
Om4YkbVE9OY,Standard,-1.0
y8fy58HGC38,Standard,0.0
NAbfZ4WG8IQ,Standard,-1.0
X9qN4zkV6Ig,Standard,0.0
Bx4xsXyhLA8,Reaction,6.0
197HF0aSPA0,Standard,0.0
NUuZ0bh0u0I,Standard,0.0
XzGZSicgKYg,Standard,4.0
UP_tLeoA7bE,Standard,0.0
PIlQrSt5onU,Standard,0.0
UaR2WfKtVFg,Standard,0.0
iMhfwfT5eFM,Standard,-1.0
Hb3sOv6kVZA,Standard,0.0
oFDW8Jp5dYc,Standard,0.0
kpf7BbPuHTA,Standard,0.0
9VlNqBG8UzQ,Standard,0.0
IfBOzePpOhs,Standard,-1.0
b5TqiSa8kqo,Standard,8.0
zZGeo6a-uxk,Standard,0.0
SYmT91yHlX4,Standard,0.0
yfskMzaCn4k,Standard,0.0
ZWcl0rSpkfQ,Standard,0.0
gG9cZmlQg_E,Standard,0.0
whOaIQuW2fo,Standard,0.0
SfSBdGRSu4A,Standard,0.0
sIAxWpdwvws,Standard,0.0
jTFUE9r84KM,Standard,0.0
kO5PMxrbQVY,Standard,-1.0
R1yA3uulv5g,Standard,4.0
iB8cUw92H8k,Standard,0.0
Jh3wZTCP7vc,Standard,0.0
95HhuckunyE,Standard,4.0
yZ9r9ddXRSQ,Standard,2.0
uHNFCrNYvJU,Standard,-1.0
h_KjjKdodtc,Standard,0.0
lmEyv_Q4j60,Standard,0.0
GCs-FI2ocCo,Standard,4.0
hMBHQjiqajs,Standard,0.0
NNdQ1ms9kPY,Standard,0.0
P2wzPDlquGA,Standard,0.0
Uc8T4NJf5h4,Standard,-1.0
C9GycNpy0Mc,Standard,0.0
toB7u3UJa0g,Standard,6.0
OptthG5uSe4,Standard,0.0
_sdJvs5ALB8,Standard,0.0
tIsGibvsz48,Standard,0.0
bMfzxtiRXzI,Standard,0.0
IcFh92WlWIE,Standard,0.0
lWoxb2rS37Q,Standard,-1.0
nkVhfjcCWHo,Standard,0.0
50AxQbT2w_g,Standard,0.0
OBGEoZJbosc,Standard,0.0
_7wys_Q42SY,Standard,-1.0
PraHDTm9YiA,Standard,6.0
GT_3RUB_8jU,Standard,-1.0
9BfCFG0d1CQ,Standard,0.0
QpLnCokwOps,Standard,0.0
DzaOZOK2-JU,Standard,0.0
P0yeOu6JXPA,Standard,0.0
W_m6WMlHE5Y,Standard,0.0
Gyh3WjA9BEI,Standard,0.0
X3rwvwwSd0w,Standard,0.0
wEReJj4UC0o,Standard,0.0
NrzrycjLJPA,Standard,0.0
4Ns6GjTrdIU,Standard,0.0
D3W5D_J_ZMQ,Standard,6.0
NMYUJfayBbQ,Standard,-1.0
y8T26dC577I,Standard,-1.0
dbr0FWGkCw0,Standard,0.0
2GTgSyccja0,Standard,0.0
gX4_tqh0wkU,Standard,0.0
7XT1VH4fphc,Standard,0.0
NsUJUCOmjaE,Standard,8.0
1USkmSQ4nZc,Standard,0.0
sME_vcqsH6M,Standard,0.0
IkH-mw3kX4g,Standard,0.0
GcZ21fKS74M,Standard,0.0
DXja2xSDwHA,Standard,0.0
WgpIhW3JTqE,Standard,0.0
DvJ5pRpZ76U,Standard,0.0
XNQDcqPc7YA,Standard,6.0
x51aUm-Hd6o,Standard,0.0
Ma7qKjOxL70,Standard,-1.0
ztZotWi_omw,Standard,0.0
I2s0kEw7UGQ,Standard,6.0
uWo54rl20uo,Standard,8.0
TPrklN8vmuw,Standard,-1.0
VvrO1p-XGks,Standard,-1.0
y3ctCjM06Zw,Standard,0.0
7Ma_MhogDeU,Standard,0.0
pybsfEYLlkA,Standard,0.0
HNHzCEGtlPc,Standard,-1.0
a4vCW2GlukQ,Standard,0.0
ckhVw6wcuhg,Standard,0.0
4mQae6etzYk,Standard,0.0
R701b1rUAMM,Standard,0.0
Rpvhhmt2SS0,Standard,0.0
o87RpYGl5qM,Standard,4.0
DYfdXYh0wWA,Standard,6.0
Hlo63ya3LAo,Standard,0.0
0e5w2dUgANE,Standard,8.0
OPxSqtkGhLo,Standard,0.0
TBLNdezbKYs,Standard,0.0
5MtrrUhVZnk,Standard,0.0
wUeVI0oyfQw,Standard,-1.0
hRDzg-gDnqE,Standard,0.0
ybqeRs3v-uo,Standard,2.0
6wM0CRH6Vn8,Standard,6.0
NmwZnD3T5Vw,Standard,6.0
H7OhZTAQlRQ,Standard,6.0
0nGE1P87U5g,Standard,0.0
pFtVewAOrHM,Standard,0.0
GMiRZNlQMsM,Standard,0.0
7O481_JXVqE,Standard,0.0
Z_WBZnnIwpA,Standard,0.0
uNy49XecuzE,Standard,0.0
2AYJDu5Tml4,Standard,6.0
NBhDYar3NhE,Standard,0.0
u5ci7b90HOg,Standard,0.0
vzlt9d9aHdY,Standard,0.0
tiLyqPatrtE,Standard,2.0
9eehxen1wZM,Standard,6.0
egrw1bFpUS0,Standard,0.0
UMm-IL0Ch4I,Standard,8.0
Baw445X8B18,Standard,2.0
alz8L1MeSjA,Standard,0.0
j1fsvSs3saE,Standard,0.0
TWyoz-h9YPs,Standard,0.0
UDW3XPKlZUc,Standard,0.0
iOYyX7Q2__c,Standard,0.0
8SLQQwK2K18,Standard,0.0
yGM3oY0vJwU,Standard,4.0
2SeJ3gLmunY,Standard,0.0
SU9zfy0TPFE,Standard,0.0
32AAStzpeTg,Standard,0.0
ZAZ0rMfRbiM,Standard,-1.0
aUkiYegpM74,Reaction,8.0
yneAEAEUEBY,Standard,0.0
fg9EtTrgjNI,Standard,0.0
uXqK8S0lUEk,Standard,0.0
YdrgG2Uk-xI,Standard,0.0
8KMsTFtypX8,Standard,0.0
x-4OG53BdRc,Standard,8.0
BiqirApeosw,Standard,4.0
C5OXBT0v_IU,Standard,6.0
eEyU-OBAzfI,Standard,0.0
N0GcVODp4VQ,Standard,0.0
CeDmV6u7Phw,Standard,0.0
ThIbqlGo6n4,Standard,0.0
JBNrg74H4Q4,Standard,0.0
8VHyZ5K1b7k,Standard,-1.0
gK3b2atxk3c,Standard,-1.0
wtX9OkIdzpY,Standard,0.0
4igQMsjhX38,Standard,0.0
By3NRPdL4os,Standard,6.0
OvbYMnVzjG0,Standard,0.0
pbatqxyP3Pc,Standard,0.0
ri7B8zrXLd8,Standard,0.0
KILjXIjpCSY,Standard,-1.0
nuPfec0NcP8,Standard,0.0
SKnE5OikImY,Standard,0.0
ZypuYYG9uYM,Standard,0.0
h6l4HCTU5RM,Standard,0.0
5mgCyjir-N0,Standard,0.0
rp86Od5YA-k,Standard,0.0
9M8E3f_r6B4,Standard,0.0
5qoM2eW2eDs,Standard,4.0
96d10Z49rZU,Standard,0.0
PqIG4cN8M94,Standard,4.0
nvvf3AXtpU4,Standard,0.0
vn1qEQN_z94,Standard,6.0
Rmv6YntUqvc,Standard,0.0
cAmIdx2MCzw,Standard,6.0
kACQDkvgc9o,Standard,0.0
A73GPbT_JcQ,Standard,0.0
bHFP8-hER3w,Standard,0.0
BSB5hhuhTdQ,Standard,0.0
SmcjiBJN_7Y,Standard,0.0
YBCs4Ifik4U,Standard,0.0
3CmEmSuK44o,Standard,6.0
1RgwtReqyuc,Standard,8.0
oWmAp4M70GY,Standard,0.0
kRnuhAOuQOI,Standard,0.0
FnLhI4DHNDU,Standard,0.0
7To2LBWuJeA,Standard,8.0
smsq3uwR-M8,Standard,0.0
B-Jvcs0clrg,Standard,-1.0
n7jdVnY9WOU,Standard,0.0
a8rMXDs7mnA,Standard,0.0
Cq5RqM3b8Yc,Standard,-1.0
q0ih3S1hv_U,Standard,0.0
7o4ji5qwHO0,Standard,-1.0
dOtg7IzHI5M,Standard,0.0
Sz9tkYbaQrA,Standard,0.0
GpNMRUbACqk,Standard,4.0
gjqLaYeDKp4,Reaction,2.0
Aa4KNfK04NY,Standard,0.0
dKFS8tFDO-A,Standard,-1.0
BTc3wj4WyIU,Standard,0.0
wVkFHU0i8eA,Standard,0.0
njurYpbAzXM,Standard,-1.0
qbFFafgaMgo,Reaction,4.0
XvwfN5zag44,Standard,0.0
Dvuu5lBxYMc,Standard,0.0
eAEGORpwaDc,Standard,-1.0
KtHbtcRqyUE,Standard,0.0
0VclvzqE-30,Standard,0.0
2juu3yP-yds,Standard,0.0
zqQ13e6gyHc,Standard,0.0
VYW4s-oVu3w,Standard,0.0
G_YQZqQhXZY,Standard,0.0
DB5J3_ZEE14,Standard,0.0
6YefLtPmPds,Reaction,2.0
UgcDgOY14-I,Standard,0.0
n7gJnbzLxZU,Standard,0.0
l4YKOZasfMo,Standard,8.0
TMCDhsrRBgk,Standard,0.0
vMFzIh08UcU,Standard,0.0
bmfqYQTjpeM,Standard,6.0
J22uTeJCFyw,Standard,0.0
Db-2mLf10q8,Standard,-1.0
paGEVIHHs3o,Standard,0.0
zZ8kBIPdkqs,Standard,0.0
HTfI2-gOyIU,Standard,0.0
zJhGSldfxxM,Reaction,4.0
wFCy_tGZT60,Standard,0.0
K1zuAaSrxTs,Standard,0.0
go2CVoxvxbs,Standard,6.0
TIiKaGAVcts,Standard,0.0
VUDhSUOkPw0,Standard,0.0
gu9w1e7l6gQ,Standard,0.0
Dk8TY0QFUSo,Standard,6.0
BXat0GAwhZ4,Standard,-1.0
IYBow0TlUtE,Standard,0.0
bVcnxcRsd9k,Standard,0.0
9tAnkaHuYjQ,Standard,6.0
Pecr7YIL-WA,Standard,0.0
2bUb0Pkacv8,Standard,-1.0
k8GNeeaF8pk,Standard,0.0
eng0-CKK7o0,Standard,0.0
40Thzr8hA00,Standard,0.0
RgKeBTX8tnM,Standard,-1.0
LB6BB7tWJCE,Standard,-1.0
zmTYStFgs-o,Standard,0.0
T66uAmQZuUc,Standard,0.0
UhjwNe3ImxI,Reaction,0.0
flgpOBHyqHY,Standard,8.0
tiViumM02_k,Standard,0.0
qxwpAbH4OCQ,Standard,0.0
R9QdF94E_AU,Standard,-1.0
XI7cKMRwStc,Standard,8.0
eyWZwxyGdfY,Standard,0.0
U7i3dhyCt6A,Standard,8.0
qJZDGC_E8eo,Standard,0.0
QuFNvmGqjbA,Standard,4.0
yUE_RR11uGQ,Standard,0.0
XrL2t08zft0,Reaction,8.0
WnnSDXhY2uc,Standard,0.0
n5AuHMRqJOY,Standard,0.0
MSlIE0JgPNE,Standard,0.0
XebUR17VHpg,Standard,0.0
NioQu5Vmjn4,Standard,0.0
Q3xdl_Ap-1A,Standard,8.0
ICZnQt0Ruis,Standard,0.0
NSXqUI6BFZs,Standard,6.0
STEjvCF_lGA,Standard,-1.0
OwgLvv1waTo,Standard,0.0
gSYiH-ZBOt8,Standard,6.0
KWDOaLgwuiM,Standard,0.0
fTTIPWF9870,Standard,0.0
f-EKze5Uuyc,Standard,6.0
_mrjrC8cKTY,Standard,0.0
Mpd-nAuKZ8I,Standard,8.0
iW_78Hu3oo8,Standard,6.0
fhQW6BEEhtc,Standard,0.0
ev_H9bm1za8,Standard,0.0
tC4XUGa73rA,Standard,0.0
QEYs7FIzpDs,Standard,0.0
vOUMPML6RKM,Standard,0.0
TIdJXb-ib8M,Standard,4.0
umqvWy6Zp_A,Standard,0.0
5NA7FHKFXBE,Standard,0.0
gmPqZkpM2wo,Standard,0.0
2JWO_i-n5rA,Standard,0.0
UyjRXDquZTU,Standard,0.0
SMMSe9jKqyE,Standard,-1.0
0wVHj2C2n4w,Standard,0.0
XK06hOO_7-c,Standard,0.0
EYOmT3OuIA8,Standard,0.0
mKk4FFU0rPg,Standard,0.0
4So0SG8273Q,Standard,0.0
PZRmn30Lo3w,Standard,8.0
_s_emUpAYTI,Standard,0.0
QnoFMSxhkbg,Standard,4.0
V3PhhHnSoIY,Standard,0.0
7QtY-Oi7NV4,Standard,0.0
CnXcDvfUaaA,Standard,0.0
g4zZUxt1OcI,Standard,-1.0
kPctB2oebn0,Standard,0.0
-KWIN_nmJeU,Standard,4.0
Py2iEmWj2uA,Standard,0.0
vyZbIbODOFM,Standard,4.0
xbOq1XIQtqg,Standard,2.0
eqt2mIbt1As,Standard,0.0
MHP84Y696ag,Standard,4.0
1dKV_hRRNyQ,Standard,0.0
ccB3ZY1S6aU,Standard,-1.0
DDU6886kzA8,Standard,0.0
r7C857anczQ,Standard,0.0
pwLLveQViAg,Standard,0.0
KSGF2oMo7d8,Standard,-1.0
wEZaSFInkBo,Standard,0.0
1EiyU3_VOig,Standard,0.0
60cA2MuwKk0,Standard,0.0
-tdsmtTQebw,Standard,4.0
LFiwMl3aWfs,Standard,0.0
VHQzNOobyNU,Standard,0.0
qiATrsyH1RU,Standard,8.0
SVMSMKF7ZtA,Standard,4.0
vtaQl7V4ORc,Standard,-1.0
8YKokPzTvb0,Standard,0.0
h4qlVCWmn5Y,Standard,0.0
6eOSKxBBvn8,Standard,4.0
_4Ih94ze794,Standard,8.0
37UcrdlEHXY,Standard,0.0
QfMH-Ec9HMg,Standard,2.0
Z_9ZB2lcB1Y,Standard,0.0
zctt2_lt5UQ,Standard,0.0
ZF5Pr8bMh0A,Standard,4.0
BeNUhJYENhE,Standard,-1.0
yzcO-6mdHMc,Standard,-1.0
gVPmY-xnymE,Standard,6.0
rE09upEq8y4,Standard,0.0
U4R9FrvJeyY,Standard,0.0
yg7hiSvdh-c,Standard,0.0
M_zMmLR_cpc,Standard,0.0
tnwGkCGy_LI,Standard,0.0
s8isd3sXRhU,Standard,0.0
xt25xwYbtyA,Standard,-1.0
UasRQLNBIRg,Standard,0.0
7wq-5RgGWn8,Standard,0.0
I-ydnZioqAM,Standard,0.0
-ZJcQBhGgwc,Standard,4.0
GjkDMR0klGg,Standard,-1.0
kRwNSTpDiT8,Standard,0.0
f2Pyipx1w3I,Standard,4.0
KImq1bH23ks,Standard,8.0
h9nmzqipXN4,Standard,-1.0
qr8X-aW0EqY,Standard,-1.0
z8fLMbbczsg,Standard,0.0
aY0H23EeeLE,Standard,0.0
vUxEX8V2x_4,Standard,0.0
dAbqE-j5C6k,Standard,0.0
XRuparCXZho,Standard,0.0
MjK0yQs4iYQ,Standard,0.0
pUW43rD6vws,Standard,-1.0
tRPLyGdfGmg,Standard,-1.0
I4c4Dg5b-0s,Standard,0.0
fdnX62Immf4,Standard,-1.0
XBGekpNyDFU,Standard,0.0
0enmSz4sAW4,Standard,8.0
-l_efmBo7Rc,Standard,6.0
yTLoydblRyY,Standard,0.0
bX6YKibT0y4,Standard,0.0
CMqtc9ZtwRA,Standard,0.0
cu75OYwfQio,Standard,8.0
GNFqSIG5Bpo,Standard,0.0
tVAu7pt142Q,Standard,8.0
YGw2AGY9p2M,Standard,-1.0
DNaoID32cpg,Standard,0.0
0-8JNuFsZ34,Standard,0.0
344_ER-R9tI,Standard,-1.0
xV-MoiQoyck,Standard,0.0
AcxM6rA6Z10,Standard,0.0
3kNBTzsbDEI,Standard,4.0
ZIRfMWd7k6o,Standard,0.0
2p1vzAQcyJo,Standard,0.0
vJubI881zyg,Standard,-1.0
Hxxwje0StGQ,Standard,0.0
saFPxJhAGFQ,Standard,0.0
Aa3ZEULOxc8,Standard,0.0
x5_Y6k4YY5M,Standard,0.0
ovlawBi-cKM,Standard,4.0
n3EhT_qiJNI,Standard,0.0
V9pHLdcvCDE,Standard,0.0
zNZLoBqz2oM,Standard,0.0
-Cm8ykS5rOw,Standard,0.0
eqByD2N6USY,Standard,-1.0
qnvacnSO0Fc,Standard,-1.0
RHh0FvkN21w,Standard,0.0
nJjgqNRs9ic,Standard,-1.0
6aQ4BeiAK94,Standard,0.0
MRfLCtbYiPg,Standard,6.0
P5n50Wxq4pk,Standard,0.0
RMTpFS9gsjg,Standard,0.0
u1kFcdvTXkE,Standard,0.0
sC6CF3sv-9g,Standard,0.0
_HRGV2m-BTY,Standard,0.0
e60sB4_Nsus,Standard,0.0
k37fzy81ykY,Standard,0.0
3WLgN1MXyfQ,Standard,0.0
xFhHQp_FDow,Standard,0.0
_8MgPBOteJ4,Standard,0.0
BQ73QKvAWoY,Standard,0.0
KyBeU09Rd5Y,Standard,0.0
KXSHIaA0AEo,Standard,0.0
bJTUJIa_Obs,Standard,0.0
KhVMsshWILg,Standard,8.0
KXxVMsxxysY,Standard,0.0
I1JsGTULHck,Standard,0.0
o8P7KtDihac,Standard,0.0
SgzFfUq3Nto,Standard,0.0
umRzhb5D8XY,Standard,0.0
0RH7clcuroM,Standard,6.0
RNhd9_TLNdc,Standard,0.0
CpDqNgdTN_g,Standard,0.0
WrNzlv76zvo,Standard,0.0
zvfhQE_MbeI,Standard,0.0
pRsThbj7Qg4,Standard,0.0
PinHavCqtlU,Standard,8.0
_uZYvj3m_dw,Standard,0.0
qkl4fy7aVD0,Standard,8.0
dmLQq9l5Hmg,Standard,0.0
NpmcpcDN1a0,Standard,0.0
Qsht4NQdIIg,Standard,0.0
gZHGYUjj0w4,Standard,0.0
PjumrLoHLWw,Standard,0.0
v5iuEcvEUH0,Standard,0.0
d8kEaXEXZV0,Standard,0.0
NgB3PJZzPsA,Standard,4.0
lkNJULarRRc,Standard,0.0
9IbVNtgtWaE,Standard,0.0
m5NeKEvNZ24,Standard,0.0
0lIBs949NqY,Standard,0.0
9TM40M1JYOc,Standard,0.0
E0tA1AzZ6WM,Standard,0.0
6XoisFMPiHA,Standard,0.0
bJv6hRsI9Rw,Standard,0.0
MNH-RNlaDQM,Standard,8.0
52y8ft1mCcs,Standard,-1.0
2Vj_PD0lusE,Standard,-1.0
wpM4nhrVpjM,Standard,0.0
w25yPs0U8DA,Standard,0.0
Us4syOl3W5o,Standard,6.0
CrrTgjj0Lb4,Standard,-1.0
mqo6VGMHkTQ,Standard,-1.0
kFdicw5v-Co,Standard,-1.0
P4piTJIC6xM,Standard,0.0
hlyvlwQ7Kyw,Standard,8.0
OV28MH9o9ak,Standard,0.0
MFA36tq7d2E,Standard,0.0
G3cGNBv8iU8,Standard,6.0
UClnEVav6Rw,Standard,8.0
aX7AqdB4UNs,Standard,0.0
4crcjPu9G8s,Standard,0.0
b15J8Z4GSQg,Standard,0.0
dxjus5Gg30w,Standard,-1.0
kNQcWf60lBk,Standard,0.0
Ydk1KMpE7ic,Standard,0.0
XGmKv-Pu2PQ,Standard,0.0
15Coph3ypyI,Standard,0.0
NEYSjK5yG0E,Standard,2.0
uig4seOajQ8,Standard,0.0
yfMPCMMRYPs,Standard,0.0
mYUhZ36iRcI,Standard,0.0
EeqZ07-zFzI,Standard,0.0
cOb4YuJhCQg,Standard,0.0
Y94Ne8udBC8,Standard,0.0
Lc096555eDQ,Standard,0.0
cEo834uzfJA,Standard,0.0
dV3nxB_o1b4,Standard,8.0
Pg4HTTwBLK4,Standard,0.0
oLDv7dp1DQg,Standard,4.0
WXORvUCmTwA,Standard,0.0
aInSfrqea_o,Standard,8.0
xvuGpI3-x24,Standard,0.0
LQ3Bhnr5Rvk,Standard,0.0
EXYHSVRUfXM,Standard,2.0
aiJf1cSe93c,Standard,0.0
jgqfQUlKC1A,Standard,0.0
BMYdbOtJxmQ,Standard,0.0
fIpngXOOg1k,Standard,0.0
PxO7UH_eFBk,Standard,0.0
ElKSbDSJU2U,Standard,0.0
5vnoErqXnq4,Standard,6.0
nFHcxDlmz3Y,Standard,0.0
hYnbKM8WRhE,Standard,0.0
9xwfXObZqoI,Standard,0.0
4PGJOgoFm7s,Standard,0.0
U19pNuDPCTs,Standard,0.0
qC1Eu6phZuY,Standard,0.0
ZMLSj-S7kHI,Standard,0.0
fSNxpST4wDA,Standard,6.0
In_Y19Ca-eg,Standard,0.0
NYjr3q4AkJU,Standard,0.0
eRnoBeTCphM,Standard,0.0
jclV1Ccrs9k,Standard,0.0
qmL3wYsktSo,Standard,6.0
y1Sl5DCYGCk,Standard,0.0
aT_4viHDEB8,Standard,0.0
yEGSrHUlG4s,Standard,2.0
2mAqfecyacI,Standard,0.0
vZYu0UkTDY0,Standard,0.0
Yi9KNRU_HW0,Standard,0.0
eoqRnbnuQx8,Standard,6.0
CAs5ECQz8ec,Standard,4.0
1t9-qi714m4,Standard,8.0
h8PJREPbZRc,Standard,0.0
YUcUgkw4D0c,Standard,2.0
pvvT4JSdSQ8,Standard,0.0
Ig7pEwsmZJY,Standard,0.0
tTpXiEoEGt4,Standard,0.0
SHEhV2CaqbE,Standard,0.0
LdPWJDAlmIo,Standard,0.0
xEsTQvVe1_4,Standard,0.0
FzLdsNuEYp0,Standard,6.0
MHiXdElfuYo,Standard,0.0
C43BRrJn0II,Standard,0.0
pl46DvUN97U,Standard,-1.0
74OMVNAz1Eg,Standard,0.0
YFqk2gJYie4,Standard,0.0
-r5tJNU-ZxM,Standard,4.0
LQNibZcRZH0,Standard,0.0
CNcGkPBPfD0,Standard,0.0
KIeII7TbdTk,Standard,0.0
x7wGPG9KO88,Standard,0.0
5P-cV77L3R0,Standard,0.0
w_cnMSLSJHw,Standard,0.0
a0iIHdLz4-o,Standard,0.0
QjdCOlDsQKQ,Standard,0.0
NL4Sh35MaQQ,Standard,0.0
1Pdq_-qVUpg,Standard,0.0
TZf62QYBD_U,Standard,-1.0
gXwlTtwYjbc,Standard,-1.0
eZqM7NCCAs0,Standard,-1.0
qzlKoPLkg-c,Standard,0.0
dJTmmJnKh6g,Standard,0.0
gNEibYU5bMA,Standard,0.0
VCZgwrXn1mc,Standard,0.0
LP7Df80in8M,Standard,0.0
yMyVW14jPbM,Standard,0.0
kfA9PH-xR9A,Standard,0.0
Q7cG-V0Nlcs,Standard,0.0
CkpUVUb76GU,Standard,0.0
I9u0xj--QhM,Standard,0.0
G_4PQi-m14c,Standard,6.0
yJALIDvauwQ,Standard,0.0
fNZ54qMJ0Wc,Standard,0.0
n4g8C7Fjs88,Standard,-1.0
fvm4XC9hUZQ,Standard,0.0
B3PG_8rbytg,Standard,8.0
NZ4bSjJe4_U,Standard,8.0
AAlQ8QxCRsg,Standard,0.0
rMRElTuZGDE,Standard,0.0
5fImCkexNPY,Standard,0.0
PME6FgaLgOw,Standard,-1.0
TS4TZxH-OpI,Standard,0.0
DBp9nKECTLI,Standard,0.0
CTl_4p5jMtk,Standard,0.0
_F7l4e01IJ8,Standard,6.0
pj_a07hCglM,Standard,0.0
riuIedLVomw,Standard,-1.0
ekN7oYmlHI8,Standard,0.0
bqiaAk8mUzM,Standard,6.0
HZ6r1-b1sPg,Standard,0.0
IhJ_jP61akA,Standard,0.0
BcFfweENgpM,Standard,0.0
fUjqfs2fB0Q,Standard,0.0
yoVTda579pw,Standard,0.0
mTBRs6jfKng,Standard,-1.0
5qMTjQLrizo,Standard,4.0
5KKShLm7ysA,Reaction,4.0
YAFdIQBS1E8,Standard,0.0
y3-kkL7J-5M,Standard,-1.0
BNR8C05lER4,Standard,-1.0
alx07Du5Rhc,Standard,0.0
8tzqUw8jLD4,Standard,0.0
VJNALpoOKfM,Standard,0.0
6QpTwSxR8bw,Standard,4.0
PE8Zn51ZAdU,Standard,4.0
sIyXqUtL53I,Standard,0.0
SLBz9GEcm1Y,Standard,6.0
ZZzH7NEq_Ro,Standard,0.0
d4KxoBvKiF0,Standard,0.0
_BoqnZEpXr4,Standard,-1.0
d2xC_ycV7Gk,Standard,0.0
MRLQy5YVr-w,Standard,0.0
D4-RGGApaNM,Standard,0.0
Bpq6FdPwY5s,Standard,6.0
TarRsHUZweA,Standard,0.0
gxdxFNWu2IE,Standard,0.0
xwvNljWJL8E,Standard,6.0
dkyTQy6WSsU,Standard,8.0
G7f69Ybf6j8,Standard,0.0
WAMVcSVXdkQ,Standard,0.0
Flqe0bKrPeY,Standard,0.0
p5dgslNi388,Standard,4.0
aQVTZCnQleE,Standard,0.0
dnoHpyjOxe8,Standard,0.0
mtYJb8K9f4M,Standard,6.0
1pp2VjTLS1c,Standard,4.0
-j3xv7oqdng,Standard,0.0
gUy-oOQx_4A,Standard,-1.0
CpL80TTkgaQ,Standard,8.0
VaC2zU3UJTA,Standard,0.0
GQ6Iee6V8ss,Standard,6.0
WEVewJ2cWHo,Standard,0.0
i7uY25-cyc4,Standard,0.0
zbgOGsPBaq0,Standard,0.0
0texr2NNJ8Y,Standard,-1.0
K4r9GS1qCbI,Standard,0.0
3ARQI1SHPj0,Standard,0.0
a4SoOLD_QOA,Standard,0.0
j9FrCqI1V-o,Standard,-1.0
2PAcOmDAP5g,Standard,0.0
Z7k7tLPkpRA,Standard,0.0
LrJtkWkjmi0,Standard,0.0
F0uTGAbkfss,Standard,-1.0
TAMgSeJUXXc,Standard,8.0
6VEKMUo3J4s,Standard,6.0
OMCMTN1UWtA,Standard,0.0
KkvZwgvJyl4,Standard,0.0
1i0jlZO-fDw,Standard,0.0
rIIT6Ztdkqs,Standard,8.0
k6zGKUO12eM,Standard,6.0
rVTpyvmYqro,Standard,0.0
ehJFr945uYk,Standard,0.0
T4flu1H00EU,Standard,0.0
BYmNVsGF0qA,Standard,0.0
pOw725SuQk0,Standard,6.0
8sfE9ZRtlkA,Standard,6.0
w2BNLeeVNrI,Standard,0.0
ZvXkS70-yko,Standard,0.0
ZcoBNgh6Of0,Standard,6.0
18Glhr_taEA,Standard,0.0
GQac-EvdPpw,Standard,0.0
pIIvnS_8Sdk,Standard,0.0
-OeELdZ2K8Y,Standard,0.0
CSZK6gtkADI,Reaction,8.0
rAs1-sfctuM,Standard,-1.0
HMW3nfKQw2M,Standard,0.0
TmAW1ZA5pjA,Standard,0.0
Hj_c3gW_l7k,Standard,0.0
TUqsza2vNkA,Standard,6.0
ENuasNw_jwQ,Standard,0.0
dlxaLBnR91Q,Standard,0.0
mxVaBC-MWyQ,Standard,4.0
AVBp_A0S3Oc,Standard,0.0
L2vyik-XSjg,Standard,8.0
4MSBjyiq49g,Standard,-1.0
AUhI3POZn1A,Standard,0.0
oy4xvRWYwBI,Standard,0.0
0AkCMwfI5_g,Standard,0.0
37D2LkuXKh8,Standard,-1.0
GDgBFhE6SL8,Standard,0.0
-qIotzdARDA,Standard,4.0
CHlFIppPghI,Standard,-1.0
7iNQLgIBg6k,Standard,0.0
zUUlfXuKnX0,Standard,0.0
k84YLYMjBCg,Standard,0.0
g_U98eNB05w,Standard,0.0
LmrFZtmkqrI,Standard,4.0
y2PFCIdQWVo,Standard,0.0
7WnkzHJqXw0,Standard,-1.0
XRG0PEimSLk,Standard,-1.0
bVsqqNDJLEo,Standard,0.0
E9MEpjEZPrY,Standard,6.0
Uwm_LErl--k,Standard,0.0
rTTGJbyTmdQ,Standard,-1.0
tM6AR8PIZ-k,Standard,0.0
lirYtUzeAaM,Standard,0.0
S3hQRzKC_Pc,Standard,0.0
PdqtqDUJi_g,Standard,0.0
2TpkeMZfWaE,Standard,2.0
OyFTEqWw1ww,Standard,-1.0
kcn7-YzDmoc,Standard,0.0
f8wenkoDDWg,Standard,-1.0
h9_vjdpcNd4,Standard,0.0
Il697hRXwRI,Standard,0.0
euXHTWOz-n4,Standard,0.0
l78lC-CJ3PQ,Standard,0.0
h-lAQa44kR0,Standard,6.0
0R_QK7Snk2Y,Standard,-1.0
LrHjMr3Tu-c,Standard,4.0
mv415K6f8xs,Standard,6.0
ruiP72igDHQ,Standard,0.0
Qqzoo_ty-0Y,Standard,0.0
mcYXEWx_bbg,Standard,0.0
9Wa9cOrIEcA,Standard,0.0
TWpsV78OgOU,Standard,0.0
zxJTtqdrOa4,Standard,0.0
o11qOumA9uo,Standard,-1.0
eZzlfK5W63c,Standard,8.0
eE32NFyT-xE,Standard,0.0
-XsB5S6hCUc,Standard,0.0
cc4cmbjk_Ko,Standard,0.0
_gnC69euqTQ,Standard,0.0
v7wX1c_IRKU,Standard,0.0
TyEhH2nB7EI,Standard,-1.0
i_INQKavdm0,Standard,0.0
m-TTX1BHj_g,Standard,0.0
hLj6RRJGffE,Standard,0.0
-m2R6O9lji0,Standard,6.0
hFyf0mwyeRw,Standard,0.0
4afpt0rRurw,Standard,0.0
rGy_RiZom6g,Standard,0.0
qsM0zIiXbgw,Standard,6.0
Syso9MmuNaY,Standard,0.0
0Uq1BZnisHU,Standard,-1.0
3DTYzH83dho,Standard,0.0
KJuyl6hpx7Q,Standard,-1.0
RBWAl5_NuT8,Standard,0.0
XlsBlZCqySw,Standard,0.0
wbNYiPmeMCA,Standard,0.0
L7OLUG19R9w,Standard,0.0
18TV2Nbmjpc,Standard,0.0
rsdZwyKQHaY,Standard,0.0
-SBRtuub6nQ,Standard,0.0
TY4uPhRd9EA,Standard,0.0
ct2_UCUKGxE,Standard,0.0
q678ArLYqEo,Standard,0.0
8s2H7l_IpUA,Standard,0.0
vvOJ6JXehmw,Standard,0.0
MD0LjGdQkIA,Standard,-1.0
5pHt-SVJWmI,Standard,0.0
teV-Dg5nOV8,Standard,0.0
7vtWns0ZdAM,Standard,0.0
YMih_s26zQM,Standard,8.0
VAz4HqyzsYQ,Standard,4.0
0Ci98FbRLlQ,Standard,0.0
igJ8j4Bj2Z8,Standard,-1.0
8noRVYEse24,Standard,-1.0
YKLC1eZftkk,Standard,0.0
hKQ9sZV2toE,Standard,0.0
N6uoXRItv3U,Standard,8.0
1Ynena-BPqw,Standard,0.0
E4eInXd5-A8,Standard,0.0
O4tlVFvlYa4,Standard,8.0
0wbHrd_eiv0,Standard,0.0
y7G5mj6_RcU,Standard,-1.0
24qB__RE3Ew,Standard,-1.0
muQbmEeSIoc,Standard,0.0
0N9qiLS-xHs,Standard,0.0
FbQWtOOm2rw,Standard,0.0
jfSq-occ5FU,Standard,0.0
Xexh_n8BXI4,Standard,-1.0
TKY-4pXcEsU,Standard,2.0
CWMNxa2SiM8,Standard,4.0
T2YawYn8lX8,Standard,0.0
CXD6tW6jBng,Standard,0.0
74e_061gm-U,Standard,6.0
zXq-HGBnCyM,Reaction,6.0
XJ3f3VuxCTo,Standard,0.0
0wPk42bpJ1o,Standard,0.0
PcdePD_lqG0,Standard,8.0
eucUGKuBxAw,Standard,0.0
8bLpQpKtgBI,Standard,4.0
hQw5_V52VBk,Standard,4.0
7EvEYfrmSyQ,Standard,0.0
deY5d8EEYsU,Standard,-1.0
9fCwYAwct4M,Standard,0.0
yILQQ9VDxAY,Standard,4.0
ARKt9VndsLk,Standard,0.0
5LPd8ZFTZkA,Standard,0.0
utLc27A5Y0E,Standard,0.0
U9OkEIA6Gik,Standard,0.0
yb2xcAa49o8,Standard,0.0
uXzeaFqgzLc,Standard,0.0
QsGfuSe40eM,Standard,-1.0
mjCND2ieTeM,Standard,0.0
9NGFGK-_Wps,Standard,-1.0
XRYTiUqUwBU,Standard,0.0
tZlOTMh9v-c,Standard,6.0
pJb31ueDxfY,Standard,0.0
ve4JCN-hbpk,Standard,-1.0
0BA0aiMLbQc,Standard,0.0
VeJy9n8dZio,Standard,0.0
xlZxNTkQW5A,Standard,0.0
jH_y4F528u8,Standard,0.0
kXScMs8a-Ho,Standard,0.0
E1aIcTsw1Ek,Standard,0.0
Zea_bEI9Xys,Standard,4.0
BnxiYi8aQsY,Standard,-1.0
T8fIsxUogQA,Reaction,6.0
7oGsJC9__qE,Standard,0.0
BvTeIF3egzw,Standard,0.0
0MTOORa1iIY,Standard,0.0
fav3tVN1oCQ,Standard,0.0
OBhDXapLD54,Standard,-1.0
CdgiZ1IBUuc,Standard,0.0
l1-GBxRAL3c,Standard,6.0
CE2zJNUZf8k,Standard,-1.0
YLqW_JFBhh0,Standard,-1.0
ngap487oBIE,Standard,0.0
q-FGfj8ES4g,Standard,0.0
jQxa4eJHrFI,Standard,0.0
O_bn2Tef6yM,Standard,0.0
e_3pZGuOVG0,Standard,8.0
97mwAuDdaDk,Standard,4.0
cq5_rB-fZ-0,Standard,0.0
1a1-1LdSd7M,Standard,0.0
dUVyw1jjAKI,Standard,8.0
5E6ciglP3sQ,Standard,2.0
U-hs_kQZ0QM,Standard,-1.0
KqZSOQbij1E,Standard,0.0
xSA6tTagW78,Standard,0.0
wGdt33CjUBU,Standard,0.0
pJn3vaTW9yI,Reaction,8.0
OtUkCTZo-G0,Standard,0.0
YnBV5rdUX84,Standard,4.0
6Q-R1GwE5Ns,Standard,0.0
YciAPUNlV1E,Standard,0.0
RRtzidiENvU,Standard,0.0
YEMF4jcp6n8,Standard,6.0
C9VNPf_oL18,Standard,0.0
9heTakPHJRk,Standard,0.0
fWhUMNej9no,Standard,8.0
65AvDyfmjyY,Standard,0.0
-uR4b-a-3wY,Standard,0.0
4rO9brdpi1Q,Standard,6.0
09agyF9xZqs,Standard,0.0
4YE36z4c51M,Reaction,0.0
aZLp8IA5pN4,Standard,-1.0
ZQESmlpLopk,Standard,0.0
OYccP2y1KwI,Standard,0.0
Rdhni8JGDJY,Standard,6.0
Lu53WpQ9kJI,Standard,-1.0
hhB3W36O-UY,Standard,0.0
4Rv9T6eOaLc,Standard,0.0
XQGrGol-vUQ,Standard,0.0
cmNVzhHNW-s,Standard,0.0
Jd9Z1ULgkLQ,Standard,0.0
ZpAdFzJqFjg,Standard,-1.0
KT6Dod4MKTA,Standard,0.0
csxgjm6mhPU,Standard,0.0
ZmNQ4Rx6qf4,Standard,0.0
aRzSrPYIOeg,Standard,0.0
jBgOevQamJc,Standard,7.5
0IMJuLu--vw,Standard,0.0
pzxDoJf3xIs,Standard,0.0
jTYHmhUGWu4,Standard,-1.0
LrvzRjWu_Wc,Standard,0.0
fHny80AWGWI,Standard,0.0
NLh5o_PTW8A,Standard,0.0
Y_GgcDpmz1I,Standard,6.0
rlLgJltXjcM,Standard,0.0
aFCc_nfnqCY,Standard,0.0
3BxrLtwY2Rs,Standard,0.0
HNOb5RCSFzQ,Standard,0.0
RCfWrnJ_zSM,Standard,0.0
HUY3ZTUARJ8,Standard,0.0
ipNNz-HKjgc,Standard,0.0
OuTIyu4vcZs,Standard,6.0
wC0LNPMcH-0,Standard,0.0
J8ttmLikxho,Standard,6.0
pzl66q1hfCo,Standard,-1.0
pcfDUv1fkpI,Standard,8.0
F-3nPlZiQx0,Standard,0.0
B26D2bN2G_E,Standard,0.0
gWVNbJhKiMc,Standard,0.0
G_vkoZOxcIw,Standard,8.0
GE9y9JOinak,Standard,-1.0
w_LM5x8xmdk,Standard,4.0
RK1HPkD56nQ,Standard,0.0
cs_Ot6mEShA,Standard,0.0
1d_lACAcrDE,Standard,0.0
YBr8WDm82PY,Standard,0.0
bMwpPI6CD70,Standard,8.0
vc3y85NNnKM,Standard,0.0
6EMoBE2HKlU,Standard,0.0
davZ1UIt0HQ,Standard,0.0
q6gHQ1puSZc,Standard,-1.0
YWT0Ap7BUFg,Standard,0.0
AvaUmTT7C-4,Standard,0.0
KWzRKLqsJkg,Standard,0.0
ehh5tPHt3HU,Standard,8.0
QpMAV5QNzEo,Standard,0.0
kRvE66GdWBA,Standard,6.0
_GPbVcBDZao,Standard,0.0
DwF1OfNIAP4,Standard,0.0
WPrLO046BzQ,Standard,0.0
reJ96Qo_wfI,Standard,6.0
Jpd9cyEic8c,Standard,0.0
kM10VXzUAiE,Standard,6.0
7YTc9l3zTkw,Standard,0.0
Jwr2R_-gF5Q,Standard,0.0
sWZkfmkFLlM,Standard,0.0
7AgsO6Bc0mo,Standard,0.0
tz8QkJXdbUk,Standard,0.0
R8PcbMOjFm0,Standard,0.0
NBcS-CnVPjs,Standard,8.0
DpV6PjoUSes,Standard,0.0
J0jlyUvLH44,Standard,0.0
EndcU_b9VSM,Standard,0.0
El0Ih532J-M,Standard,4.0
KeC5Y0svRqY,Standard,0.0
hYl1YYxfBGQ,Standard,0.0
T-dnOv0t_yo,Standard,0.0
0Z0n8b6kvjY,Standard,0.0
Lcf76bQugXw,Standard,0.0
44610Mm_IaY,Standard,0.0
I8XHe-gFE80,Standard,0.0
12qrZPrquSI,Standard,6.0
xfKkFRYA0a8,Standard,0.0
dUWYsdtRo-U,Standard,6.0
vuh8BMrY5rY,Standard,0.0
5cQXdv1GX_U,Standard,0.0
YkZXaNsH8Ok,Standard,6.0
c6Jlj8shfVM,Standard,-1.0
nd_GgcUhsyU,Standard,8.0
6IltRs2ukBk,Standard,0.0
JsKs6knstwg,Standard,0.0
IJUkAevOf90,Standard,-1.0
ami6pGPaS9w,Standard,4.0
6XSF5jyntIQ,Standard,0.0
zxzuh3kN4EA,Standard,6.0
SSMTPSTEGv8,Standard,0.0
P1eRvozJAZA,Standard,0.0
qqdhJ4kQt7U,Standard,8.0
3XDS0cndjGU,Standard,0.0
lTazFyHO0V8,Standard,4.0
ltMvSrTe4QI,Standard,0.0
YC-iKYVeGz4,Standard,-1.0
gf2xtOPqt-o,Standard,-1.0
T96lsGEl5Y8,Standard,0.0
yEZctat7q30,Standard,0.0
KGhCnT5ATQU,Standard,0.0
EWpWTPP1dF4,Standard,-1.0
RJSQTnYjReU,Standard,0.0
mmNzG0Fdxyc,Standard,0.0
1BB1LVdINyE,Standard,-1.0
-RDbfHI2phQ,Standard,0.0
puvpEn9YoE0,Standard,4.0
yT0ENSnlKeM,Standard,8.0
T7KlIP8f9Po,Standard,0.0
wnt8ezHLfDA,Standard,6.0
AOhQ4h2etqE,Standard,-1.0
Lz0_MuI0Nyw,Standard,0.0
Nb5mPblfFNM,Standard,0.0
EA0n1Z2Z5w8,Standard,2.0
dLcbWq09pBQ,Standard,0.0
8E3dvFiR8VA,Standard,2.0
1qItgMg0Ih0,Standard,0.0
ECeORZaUL00,Standard,0.0
hrhI0VwZXfM,Standard,0.0
s6SVg9cPeys,Standard,0.0
ERzN4dbDj0o,Standard,0.0
NHMJj0HM5cQ,Standard,0.0
z5e-KkH5Khw,Reaction,6.0
-dnUUw50F9E,Standard,0.0
7dRQD0ehSMU,Standard,0.0
SiUk-vO_TSE,Standard,0.0
l3eY-JpNOMI,Standard,8.0
kwm6JX8b1uU,Standard,0.0
dEpG4tdFHdg,Standard,0.0
KrQA8YUBOTs,Standard,0.0
ADEBx2pZoKU,Standard,-1.0
snv1_tmKyeU,Standard,0.0
C-qs-rkVVWM,Standard,6.0
ajGZliFZaWk,Standard,0.0
nfFYJnwA8Yk,Standard,0.0
opt2I-XL9U8,Standard,0.0
9BOEtolfZ20,Reaction,8.0
Zm4zo8bbTdQ,Standard,0.0
QE9_X1sh-6g,Standard,0.0
sT2MyxGduaA,Standard,0.0
yrljqhHto4I,Standard,0.0
_5uGtoOuG6Y,Standard,0.0
tD_cT_5sEcw,Standard,0.0
HcqkklU8wQo,Standard,0.0
1p2WHsrBBtA,Standard,8.0
FoVQWzWeZsw,Standard,-1.0
1GulU9mUadg,Standard,0.0
tZ23uD8MbTU,Standard,8.0
UHl6qo5FET0,Standard,-1.0
sIqfaFMWRaU,Standard,0.0
fyx6pEEO3Mw,Standard,0.0
ndvPW1cvTXs,Standard,0.0
o6ou-vz-DtQ,Standard,0.0
Ony_JSGTRKI,Standard,0.0
oR02-Y7HAW4,Standard,4.0
6hTVvXKdH_o,Standard,4.0
Lj0c5AbFLYU,Standard,0.0
l2gVSVjEUKE,Standard,6.0
UfuWxroP7vg,Standard,0.0
B-OAf3elJu0,Standard,4.0
PC2-C__K2LQ,Standard,0.0
CXCJqdFdd4g,Standard,0.0
k_xwUdpUxwM,Standard,0.0
r-YwimZ_0-4,Standard,8.0
xwQDnKlTJEs,Standard,4.0
JD_lA-4cRwQ,Standard,0.0
URBnrkgU9uY,Standard,8.0
4Homb8WQ3DQ,Standard,6.0
cMiYekhcfT8,Standard,0.0
2Lqc-UKMT4w,Standard,6.0
HD5lOswFs3o,Standard,0.0
xKDJ2lBUPXo,Standard,0.0
VhpuGUjab-M,Standard,4.0
NxFMA9oJ5Lo,Standard,0.0
mrvmK7p7yyk,Standard,0.0
fHoUWXNfdv8,Standard,0.0
1hVQvv1WeWE,Standard,0.0
rw5gDqnY8-0,Standard,6.0
lXMavHVtoCI,Standard,8.0
oDx3xhaHyDo,Standard,0.0
2gXo67FR3M4,Standard,6.0
btT0Fpqg3fQ,Standard,0.0
VrcY3mE6R9g,Standard,0.0
0gZa4Hy1i3Q,Standard,-1.0
cOiU86AiiW4,Standard,-1.0
lRGOLdFs8pc,Standard,0.0
6Tp46SU1yHU,Standard,0.0
oWyq7L7GCso,Standard,6.0
wSBneGPEAew,Standard,0.0
XejWY9RW0uo,Standard,0.0
rKJBlD8kvPM,Standard,0.0
JaMfLJtUG3E,Standard,0.0
AswNnM79mC8,Standard,0.0
wY2SjKneeoM,Standard,0.0
U0hNOxkqo4s,Standard,0.0
fpbHKisUqOY,Standard,0.0
oucFbROAyLo,Standard,6.0
cTJ-zzdCK2g,Standard,0.0
Aphf2cflsYs,Standard,6.0
5j3RrZmFVDg,Standard,0.0
5T0OSYXxHn4,Standard,0.0
JWK_EIVmnnU,Standard,0.0
vybXsGowKGo,Standard,0.0
igsdK_v1tsM,Standard,0.0
HrXAhvkMK5E,Standard,-1.0
KzlytRwHf44,Standard,4.0
3oPSnL4wz1w,Standard,6.0
5rAwq0NWIno,Standard,-1.0
Xi5gLyPtcvI,Standard,0.0
YQVnQbXqyRc,Standard,4.0
g2Q8OsSuO04,Standard,-1.0
YxOlTiYmtUg,Standard,6.0
LwPflYfP80Y,Standard,0.0
FaQ8VcmiHnY,Standard,0.0
ynOt4vQsLg8,Standard,0.0
wDO__93Z8GM,Standard,-1.0
eNjfjRjuG1o,Standard,0.0
0JE1bmUtRVY,Standard,-1.0
rhdDhHhHWTM,Standard,0.0
KvE8YUgrLO0,Standard,0.0
wC03YlsiyyA,Standard,0.0
LjdScb9iEqY,Standard,4.0
1XYTwiEfb_o,Standard,0.0
3ee2AgmF-TI,Standard,0.0
pxPdW1T4Lx4,Standard,6.0
WMkRZ0C5WUw,Standard,0.0
3HXGtP0VjkE,Standard,0.0
9xKpL-UP7N4,Standard,0.0
zii8UONMM2k,Standard,0.0
WWLzioWKwvc,Standard,8.0
7c_WiQGaO8Y,Standard,0.0
Z-MTpJk2JD8,Standard,0.0
CaDN9mIcPgA,Standard,0.0
23oX3YXAkZ4,Standard,0.0
iCktaTWi0-I,Standard,0.0
VHVClYRCO30,Standard,0.0
KHo9PqG0B2o,Standard,-1.0
d8yGJZ2Pxoc,Standard,8.0
0AdBVkihsg0,Standard,0.0
oHeFOdOGOhs,Standard,0.0
PsOsWri6fLQ,Standard,0.0
zGevQWniW6E,Standard,8.0
bk9GOzIB4wk,Standard,6.0
2Pgx-xCTyVs,Standard,0.0
5jc2gTRUO5s,Standard,-1.0
f6c9tY-TcTc,Standard,0.0
6FO1Xk3xiBA,Standard,0.0
j0v_CACqZzI,Standard,6.0
jVnUuaDQLuY,Standard,4.0
AKbR9lvSl1Y,Standard,4.0
c6ggOrtEoEg,Standard,0.0
_5wKOnmTTBg,Standard,6.0
TfjWQ1kBpek,Standard,4.0
IFcHxvcFQv4,Standard,0.0
TR5fw-DU2g0,Reaction,8.0
wvYOrXQloPw,Standard,0.0
vKT4zPLyyCc,Standard,0.0
HNbqXuJRA6I,Standard,0.0
_sZPlZAWCJE,Standard,2.0
9yif4pLxwcg,Standard,4.0
stV4BcVeuiY,Standard,0.0
ppdQTc3YM-Y,Standard,0.0
Ei11XASN1aQ,Standard,2.0
91wFVtJDOsE,Reaction,6.0
I8Stq1f2a1M,Standard,6.0
1OO9zRCp0gc,Standard,0.0
icZJdHsAkpM,Standard,6.0
qsSa7rFWGRU,Standard,-1.0
_DQoCOQ5D6E,Standard,0.0
09jY0zBTmwU,Standard,6.0
3rRYDbhXYmo,Standard,6.0
8rL2JmqyNhk,Standard,0.0
4JvqNH-_NCs,Standard,0.0
nQStE9EVGLs,Standard,0.0
LFBSRZD6pPc,Standard,4.0
QniLzvB6fjc,Standard,0.0
8T6r8gUF2Ng,Standard,0.0
R6nzlgFD8Ig,Standard,0.0
67qOULG5JAo,Standard,6.0
GhwMFV-lllE,Standard,6.0
xU1Afxm6Aks,Standard,0.0
F0Nha69-oVg,Standard,8.0
M4P1mw1a15M,Standard,0.0
PEeR9NF1MwY,Standard,0.0
dSXPJ2m4sog,Standard,0.0
evoK88z2yJU,Standard,0.0
KDvIch6Mwus,Standard,4.0
ml3ak0u7YbQ,Standard,0.0
FsIQKigyuos,Standard,0.0
dRlMIlesieo,Standard,0.0
tWc0lb1TfTY,Standard,0.0
0HaV4x3Im_g,Standard,-1.0
PpCPH9-vK9I,Standard,0.0
2DABBBceBfI,Standard,-1.0
4PqHWrybPZ0,Reaction,8.0
hnQK8e3-vP0,Standard,0.0
bH2pNYeSe_4,Standard,6.0
WM4nezd-nXs,Standard,0.0
WxjldsbA2CU,Standard,0.0
WWB_WhqTWEw,Standard,0.0
O8hAshoymfU,Standard,0.0
-tx7jedTITc,Standard,-1.0
OJIYoL7-t2M,Standard,-1.0
hllcjmwStzA,Standard,4.0
dZF8enk9p28,Standard,0.0
TpxHEDOUj3s,Standard,6.0
3MKnb9Getj0,Standard,-1.0
fuvswnppZJY,Standard,-1.0
dBWkYfUBfTw,Standard,0.0
ZszI3_x6q80,Standard,0.0
vdB6jrdZJdM,Standard,-1.0
Frjm3yZmZZE,Standard,0.0
LjNrsKhKwl4,Standard,0.0
1D-7pJjyNds,Standard,-1.0
LT-gv_uE92I,Standard,-1.0
BcydzBquaJY,Standard,0.0
0nFBkB8913E,Standard,8.0
5_NFoTQUoQ8,Standard,0.0
hG4pWH2bN5Q,Standard,0.0
SPnN1DG_6gk,Standard,8.0
yQvN-w14NMs,Reaction,8.0
anr1iDGAa2s,Standard,0.0
kkzpw71itwQ,Standard,0.0
KFECx8oib5M,Standard,-1.0
9_c0fTWnWmE,Standard,6.0
Zu6zU7WszUM,Standard,0.0
10Fzbv9XLRQ,Standard,-1.0
_gx14CcxirU,Standard,-1.0
NaJR-gr0HYs,Standard,0.0
X21RUGFwpbY,Standard,2.0
Gko3IYWzYh4,Standard,0.0
P15zmDNqTO4,Standard,0.0
fV89VRT0qrw,Standard,0.0
3HQBrDoo1z0,Standard,0.0
MTxf88g6W_c,Standard,0.0
JGX1Ureq9no,Standard,2.0
haS28PBz_-4,Standard,0.0
QvSe7n8Z2Dk,Standard,0.0
O2M6c8Myvr4,Standard,-1.0
o8QyJ89eAdU,Standard,0.0
9y7R4_8ji_w,Standard,-1.0
_eGYzPJkD7Q,Standard,-1.0
0LG9yifVqLg,Standard,0.0
L5I0ik11TWY,Standard,0.0
XiuYCV4UX2w,Reaction,6.0
qqSHDUB95gs,Standard,6.0
7bcv3ubQrs0,Standard,4.0
gKqUrta3SCQ,Standard,0.0
Ayw7HsTiZ-Y,Standard,0.0
I_zfKbOJl6s,Standard,2.0
npKdAAQPstY,Standard,8.0
0ka5iWNmw1M,Standard,-1.0
tljv25lJxu0,Standard,0.0
hGuTrIR2hno,Standard,0.0
kYqTDEEfW48,Standard,0.0
Z5ngLwlZlnU,Standard,4.0
pF2FnrKxtIw,Standard,0.0
j3u1_WQ_IZE,Standard,0.0
_B9r1UVDVFE,Standard,-1.0
9v6umzI5JYE,Standard,0.0
su66TYtYkNk,Standard,-1.0
paS4vknfpIU,Standard,8.0
OUKE_FC4B6A,Standard,-1.0
USpGrEk7ZRk,Standard,-1.0
EhBmPwy0CQk,Standard,2.0
lxxx9FnyFbM,Standard,-1.0
dAfCRRUanPg,Standard,0.0
_y0EnX-BTNM,Standard,4.0
2GBWF4omHp0,Standard,6.0
s6m22xBxlZY,Standard,0.0
BqZy4dKX7Yw,Standard,8.0
hY7WMe9mvJo,Standard,0.0
SArn3eE8pNk,Standard,4.0
Wk2tfa4XI3A,Standard,0.0
k4DJs2MAAcs,Standard,-1.0
nkCSEq69G2c,Reaction,4.0
m9WZpMeZiHU,Standard,0.0
UnlVFI5p3UE,Standard,0.0
oDO7BHgq1Ac,Standard,-1.0
36d0TpeP85s,Standard,0.0
xrfHd_2yW90,Standard,0.0
g3cd-1MJPB4,Standard,2.0
qKSGtA9OYK8,Standard,0.0
pmJPspNUVVc,Standard,8.0
l8XHW_jmRgg,Standard,0.0
HE1t5lAdWLg,Standard,0.0
gMfeLL5kYkY,Standard,0.0
OFKby-hUWo4,Standard,0.0
VhzPaOsYmbM,Standard,6.0
hkDbuRTEji4,Standard,0.0
XKssqScaoVw,Standard,0.0
eqoiO7eP-f0,Standard,0.0
pSQ1Vx4PEcY,Standard,0.0
b_P-DIqINfI,Reaction,8.0
F-vU6-3EZug,Standard,0.0
g2vuZymt5n4,Standard,6.0
RLvAtBVreTY,Standard,8.0
03xI2JNSM2Q,Standard,-1.0
A3Ao3f19SI8,Standard,0.0
a6GKEYZh2f4,Standard,4.0
5jJ5L63J8kA,Standard,2.0
Efy5Kbl-188,Standard,-1.0
CyZe9087du0,Standard,0.0
BLSCMI-u1iY,Standard,0.0
qn4wZEyyzsU,Standard,8.0
7T5dRxhiC4o,Standard,6.0
hNZDuuSujjw,Standard,-1.0
01EMAyvpex8,Standard,0.0
jBpQp1CPnfA,Standard,-1.0
otGMqtotyBs,Standard,0.0
4jMXQqof5xA,Standard,0.0
6lDHdjo2BnY,Standard,0.0
3XAOz8LsI7M,Standard,0.0
F8NBNg1z_u0,Standard,0.0
Qzy5fHsAB2E,Standard,-1.0
IDPhmdlqS30,Standard,0.0
Pv0lKN0ubAQ,Standard,-1.0
GJXdlmR_5kA,Standard,6.0
vyKAriB3L_A,Standard,0.0
6DFrUC_KBMw,Standard,0.0
1rpKJ8pZpmk,Standard,0.0
1rEcIZT-Q00,Standard,-1.0
ODqWhjQ2y8g,Standard,0.0
ZMyhZ36TRAw,Standard,6.0
aQhrmo0ESh0,Standard,0.0
8k4uB_YrXhw,Standard,0.0
pIL4QLMv2n0,Standard,6.0
uvQIwNWK7NI,Standard,0.0
e3Fhv7A7UC4,Standard,-1.0
DaK1IQH54SM,Standard,-1.0
_M4roh62Nzs,Standard,0.0
Omdwfuv3QgM,Standard,0.0
xmB7wAJ2U0w,Standard,0.0
BHifBYzIwho,Standard,0.0
UY57MKf7qYw,Standard,0.0
t40vCakgsuM,Standard,0.0
p0zCZWNRyWA,Standard,0.0
lL-F7p4oBcY,Standard,0.0
xCAAtSd1GOo,Standard,0.0
41AMSvEaSnc,Standard,0.0
c2qtaQhgh6w,Standard,0.0
CdlCp806IIw,Standard,6.0
FyueTo-G9AA,Standard,0.0
Apt1si5901c,Standard,0.0
7JtMeH9w8ew,Standard,0.0
SNNp7GDTx74,Standard,4.0
O4SYwvj6s-0,Standard,0.0
Nbk2eRcsoYM,Standard,0.0
m2G5iBkW24g,Standard,4.0
T_Z6ILST9wo,Standard,0.0
7_uFn30a13k,Standard,0.0
ylGCuQqFqD4,Standard,0.0
eBkbG3GtcGE,Standard,0.0
AZ5IGwAuN-s,Standard,0.0
Di0Eyggwq7g,Standard,0.0
ZGSprHY_v3k,Standard,0.0
0jtwLrHEKn8,Standard,0.0
KG_hl8YW4GQ,Standard,0.0
tyEtyN-Wd44,Standard,0.0
LaAzolkmLVA,Standard,0.0
NwMa6EJs_o4,Standard,0.0
vZZJebmdqZE,Standard,-1.0
yUFQGHYdmus,Standard,0.0
Ps6ZJ56tty0,Standard,8.0
W5GM8kg0CVA,Standard,0.0
L9zHj3f9-3I,Standard,6.0
YAtaMoFZh8E,Standard,0.0
0fpavuX5vuQ,Standard,0.0
37aHWnjPwwY,Standard,-1.0
Z3kL7bXYsvY,Standard,0.0
SVVgz1JnQVg,Standard,0.0
mDNG9_c7fao,Standard,4.0
asm3EN1m9RM,Standard,-1.0
_U0SocXsBMs,Standard,0.0
WmMjS5vndhs,Standard,-1.0
TQwx6w3SykI,Standard,0.0
CcMOidO-P4s,Standard,0.0
5r3SPiWiepk,Standard,6.0
iIxlxgZAsJc,Standard,0.0
3Qv963zFUkI,Standard,0.0
-efwXSL2HUI,Standard,0.0
zuaxb-URvQU,Standard,0.0
BTiQsKAMwBc,Standard,-1.0
I2CK223c_6o,Standard,0.0
tthADXCKIPg,Standard,0.0
szs6iFrQlf8,Standard,0.0
7-6YQsf_xco,Reaction,6.0
B4FmlRoTNwA,Standard,0.0
NIs_aAu-Wkw,Standard,-1.0
KgBNbtEcyus,Standard,0.0
bLl2xIZdX38,Standard,0.0
d_A4AZXa7E4,Standard,-1.0
TUyY5EF6st0,Standard,0.0
NOhjj5Bdx7g,Standard,0.0
0QDVKXQonIg,Standard,0.0
HkKk9jm4XnE,Standard,0.0
-iDLSIxXjGE,Standard,6.0
0B6nThqpuWg,Standard,0.0
zciXHwzIbzA,Standard,6.0
eWikRVqMVxM,Standard,2.0
ZGQEpapnjLQ,Reaction,6.0
tUMDPK119A8,Standard,0.0
cHjk6Wzq2aI,Standard,0.0
gixcTynlWZs,Standard,0.0
Uw0c41muzhk,Standard,0.0
kshLPcAEUoI,Standard,6.0
fhNBRCRJeYE,Standard,0.0
T6OL0xQR42I,Standard,0.0
720QRgwVtIY,Standard,0.0
vqM3SQNEZT8,Standard,0.0
Vk56V_8w0U0,Standard,8.0
AIYFG6k-6uQ,Reaction,8.0
JNZOldz_Fe0,Standard,0.0
PQrxvVstjjM,Standard,4.0
s4Xa_r2h9Ic,Standard,0.0
QC9yfK7RVPU,Standard,0.0
EvYJr3cDOh4,Standard,-1.0
B-cZQR8_Ce4,Standard,0.0
3aLDD8GypQo,Standard,0.0
YmhmbiAWeho,Standard,0.0
jdaAv5y_9Ng,Standard,0.0
lmyDkt-OmzU,Standard,0.0
PrKozdh69a8,Standard,0.0
dmcWCqyaPN8,Standard,0.0
dLv_d9iXt9c,Standard,-1.0
vxG3nFOg_o8,Standard,0.0
1p4w7beI7Zs,Standard,0.0
RQ1Evwf8c0I,Standard,0.0
dP9H-0_Czjo,Standard,0.0
eOJgw-g_Juc,Standard,6.0
7yL8D1HDd0U,Standard,0.0
4qYdFOtmzKo,Standard,0.0
A_aB-6ZnVHw,Standard,0.0
EGVrw8YwZgg,Standard,0.0
EH7hw-2q0r0,Standard,-1.0
f6DXTMgYpIw,Standard,-1.0
qzFo66J1mig,Standard,0.0
wOH63BbmNxY,Standard,0.0
oVmAPFtKHgA,Standard,0.0
ONR4JDJKCZk,Standard,0.0
MItWOP1CXIw,Standard,0.0
P3bM3EDLV9k,Standard,0.0
nTBxaUTmEJI,Standard,0.0
byk6dWiLNGU,Standard,0.0
aTX7Ef0L0vU,Standard,0.0
Y_AYrOG6S8Y,Standard,0.0
_jMjeqMrzAk,Standard,0.0
AuMTXSbSwM8,Standard,0.0
hIbsQqAiC_U,Standard,8.0
CFf1pGb8b7U,Standard,4.0
_xUDoB_ijiQ,Standard,-1.0
kOe8-N-obSQ,Standard,0.0
nQqejfkJuVw,Standard,0.0
EfBQPZTh8sk,Standard,2.0
kFgWhbX2Rik,Standard,0.0
CmxgH0AJgTI,Standard,0.0
zd8mQw1Vs0U,Standard,0.0
yZciWp3j3dQ,Standard,0.0
4-JzP-Spnis,Standard,0.0
LDomVULsahk,Standard,-1.0
XrbpRANGqMY,Standard,0.0
mHIvFEIGP0Q,Standard,0.0
I1Vhlcy4iNg,Standard,0.0
G5IjkrGq6Bw,Standard,6.0
tWowOQcXjZg,Standard,-1.0
oNfh9mJIWoE,Standard,0.0
fILuUx4fENQ,Standard,0.0
n9HyzpkK_Kg,Standard,0.0
N7yfUb2w9Xs,Standard,0.0
9nA-utIE_yg,Standard,0.0
N2NVMvxdkWU,Standard,0.0
NGXsojsanms,Standard,0.0
_YpMBQhaY0s,Standard,-1.0
-p-do6PiiFw,Standard,0.0
8vVr8ZU5zUs,Standard,0.0
AJI8tvU-Now,Standard,0.0
XpiVHSU3hZc,Standard,8.0
p9B6NZPNTBI,Standard,0.0
8xuDULGEehA,Standard,0.0
6cZjYpqhEcY,Standard,0.0
p4C4WoT9mXw,Standard,8.0
pldKDpreuzs,Standard,-1.0
KFu5qP8HUD0,Standard,0.0
ZcWY5dAKw8o,Standard,0.0
4RYju6r9uzw,Standard,0.0
wctmwSJHwlA,Standard,2.0
2D3lgnt_bmw,Standard,-1.0
cMWMqAYhk54,Standard,0.0
kyMPP9UK3qg,Standard,-1.0
-uPakOZyq9M,Standard,0.0
WLySRFx23j0,Standard,0.0
Hz_aU9-lc28,Standard,0.0
9EY4kBb27gk,Standard,0.0
sY3n6p-VU78,Standard,0.0
AIH-RJ45mSk,Standard,9.0
1I8mktZNoQE,Standard,-1.0
tcLqeQ48i3g,Standard,0.0
0-b6AmW7kHY,Standard,0.0
mdU0qmqtVQs,Standard,0.0
yUCsTqHR4bk,Standard,0.0
qaM471BjBDA,Standard,0.0
DTFjV_BY5_8,Standard,0.0
0Wsa_fjjVts,Standard,4.0
ykgBnAq9JWM,Standard,0.0
kk_Gy24gA9E,Standard,8.0
pdtbqiMBGT8,Standard,0.0
iBiAcwoXi_I,Standard,0.0
ZsOtmSkS_N4,Standard,0.0
r_a0JOHRcRs,Standard,-1.0
lXI-ej8Z3co,Standard,2.0
ffqSfsXt_5U,Standard,0.0
-vLHKxzjyIY,Standard,0.0
kBvMTVp9OGM,Standard,-1.0
QfOsnzZAKCA,Reaction,0.0
sb2ks2kldGI,Standard,0.0
BIkMwi4R53Q,Standard,0.0
CiVceAbEv-A,Standard,2.0
CxAHWRqqpfE,Standard,0.0
74IjmUlLVM8,Standard,0.0
jbDBzBimQ1s,Standard,4.0
Xi-OL4SNIl4,Standard,8.0
zi9Z18PkzoA,Standard,0.0
_O0P77I6rz4,Standard,-1.0
dQHO1zjsyxE,Standard,0.0
MzOilLlPsf0,Standard,0.0
dVFsOHg7EIY,Standard,0.0
jv_Ply2tBwg,Standard,0.0
aLyhElrcbLM,Standard,0.0
D8zWpeSs_qQ,Standard,0.0
56uHvCMVRKI,Standard,0.0
mJSgxs1K4xo,Standard,0.0
qh9qA5gN0GY,Standard,0.0
gCUtJnTxgWA,Standard,-1.0
kWj56BOds68,Standard,0.0
qNPjb8iGgZ0,Standard,0.0
sjP_J_tKtzM,Standard,8.0
l0ckVSkG0VA,Standard,-1.0
Me6K19qz6kY,Standard,4.0
2X-v1xwdIUg,Standard,4.0
uAizvjJP7tM,Standard,-1.0
qiotZ83yMnE,Standard,0.0
wXTi8f0i3pE,Standard,0.0
bUGF_1lVdpg,Standard,0.0
kJ1bvJYXKgo,Standard,0.0
9Dp4veWxSz4,Standard,-1.0
bceLF91ZmCw,Standard,0.0
opGEDztY54I,Standard,0.0
qwJ5x_hQbK4,Standard,6.0
Uu9mJNhLWQE,Standard,0.0
CfPw1O3C9-g,Standard,0.0
ABtikNQZoG4,Standard,0.0
x34dm4aMVAE,Standard,-1.0
tJgXRbyhCuE,Standard,0.0
gOs1r8ZM8ew,Standard,4.0
WY5LE1zFb2I,Standard,8.0
VYeV8y4Sx_4,Standard,-1.0
6bX80Ve33OM,Standard,0.0
pmZ45K90f8c,Standard,0.0
gMMt4rAasNc,Standard,-1.0
YqEPn0ZU4lg,Standard,0.0
OjrLNlJX3AU,Standard,-1.0
BvjxxuD6-ug,Standard,0.0
dPOS1VjQmZ8,Standard,0.0
CD8eRCptWGg,Standard,2.0
8NYYu_m246Y,Standard,0.0
dajVSWKRbPg,Standard,0.0
3aVTCqKIt_c,Standard,2.0
NvQYNcHhj7c,Standard,0.0
H1HAt_OWNmk,Standard,0.0
vPUyliLiMrc,Standard,0.0
QsN0PAdaXis,Standard,0.0
UBQkF3aV87I,Standard,4.0
D1brwqDIKsc,Standard,-1.0
gyJElVKxVfU,Standard,0.0
zP8GuVo4RLs,Standard,0.0
Rrdg31yCZeY,Standard,0.0
aBMKda4KEfI,Standard,0.0
EyxqHgrfcfY,Standard,0.0
S-br3MAK_tw,Standard,0.0
yd8b118ECRc,Standard,8.0
LPkrjynK-uw,Reaction,8.0
XfZHw4Zvan4,Standard,8.0
wxPMKNWq4oI,Standard,0.0
erjpqRhZkhw,Standard,0.0
ddLoOuVrEnc,Standard,8.0
CKNc6wG4e_c,Standard,0.0
X0iRYz8_3EE,Standard,0.0
yznqeJq3B0c,Standard,0.0
Q4CE6EIZR9k,Reaction,6.0
GfUllrKm4_8,Standard,4.0
LZfiRZ-DVTA,Standard,0.0
k_1IgGM9R8U,Standard,0.0
hwFhz4dZXbI,Standard,0.0
3L-h-tBM-0E,Standard,0.0
aDS3ES_i6gY,Standard,0.0
tKc9tywy1Tk,Standard,0.0
HJ8kmZLvygg,Standard,0.0
BdsdXMa-k1M,Standard,2.0
2kj-Bda9yjo,Standard,0.0
ZUob4hVGM-A,Standard,0.0
5gXlhErRF5Q,Standard,0.0
iANSnfWYMGI,Standard,0.0
sIS1axtHoxk,Standard,0.0
9z2YrmGNcSs,Standard,0.0
qF8jQSYmd7Q,Standard,0.0
C3EahP4pV0s,Standard,0.0
Q2-SLrQGdes,Standard,0.0
SGCqn8wtJGs,Standard,6.0
ER7vH0S4ZkI,Standard,0.0
Rzc4vMWGua0,Standard,4.0
iCTyxq-9VNI,Standard,-1.0
UJ-IU4zQpHk,Standard,-1.0
XxEFEx8ib6I,Standard,0.0
Xty3Z4ciYzc,Standard,0.0
XxnNuVZH35w,Standard,0.0
gGfnVUnwt_U,Standard,2.0
U0Zqr1YHDMI,Standard,0.0
nPfiuv15ckQ,Standard,0.0
O4Q5RKflSBA,Standard,0.0
Q7tb0iPhwqA,Standard,6.0
lloFZrOKmyA,Standard,6.0
t2Ubj7twNRU,Standard,0.0
1lGDGwdCnN8,Standard,0.0
Vhp_EoJs2_w,Standard,0.0
dvld_vXGeUA,Standard,8.0
uca_wKTBMnQ,Standard,0.0
f5sFv4RDss4,Standard,0.0
3N7LzlAC_JY,Standard,0.0
eatDt1jzKFI,Standard,-1.0
sjvohz8mEHc,Standard,0.0
y-sdXzMvfF4,Standard,0.0
cY3KKITRY5s,Standard,6.0
huKf_NJrtKs,Standard,0.0
9nCVUzu1R2U,Standard,0.0
OXDlf22TTYE,Standard,0.0
Tj6KCVbngx0,Standard,0.0
_VqpgGiYNVA,Standard,0.0
SMLWwIAK9A4,Standard,0.0
x0MAdpRqeV4,Standard,-1.0
2yHOVp1G7_Q,Standard,-1.0
nYTlk_RH2-I,Standard,0.0
sefS_ixP8LA,Standard,4.0
F15RLpQei6o,Standard,0.0
WR_pH_6HeJY,Standard,0.0
mH7AR9tRk4o,Standard,0.0
mEStyPI3UdE,Standard,0.0
ThaOKyxqcd4,Standard,6.0
edTCqO3hpTs,Standard,4.0
O1cBv0o7Qnc,Reaction,6.0
DdyguXFGSvo,Standard,4.0
DoncBU2weFs,Standard,0.0
hvOoL9VTXbo,Standard,0.0
GuwimX575Zg,Standard,0.0
x4FbLHevuCE,Standard,0.0
clWyM4A1b6I,Standard,0.0
GcUM3IElTkU,Standard,0.0
b1dGy5J2I4U,Standard,0.0
OdQGxkvI244,Standard,0.0
x9p3ZwKtbFw,Standard,0.0
IpCpN9GGIcc,Standard,6.0
hjbcr1JJDLs,Standard,0.0
RWnQDfQrgqM,Standard,0.0
J00qYoqhDmk,Standard,0.0
a7O_c95U8rk,Standard,0.0
JfnCr901PBY,Standard,0.0
jHxoBLXmO6g,Standard,0.0
mKubLRqvkbc,Standard,0.0
Y9RwkaE7dw8,Standard,0.0
LQ3fBjmMCVI,Standard,0.0
Sxnm8-kShRI,Standard,0.0
4E6N2tJj030,Standard,-1.0
gFfupJ9rqKk,Standard,0.0
lTWxmHW5-gY,Standard,0.0
kYgEX8Dl8RA,Standard,0.0
Udx5dOCnP8U,Standard,0.0
isABlEM3IiE,Standard,0.0
Bf20ITdECgM,Standard,6.0
XfNAQJmfsdE,Standard,0.0
UJ6dFCQaiVQ,Standard,0.0
ayBWAHrYS_c,Standard,0.0
S-K-zFSbbI4,Standard,0.0
a7pGQeKS22o,Standard,0.0
A0hifhQl1Cc,Standard,-1.0
TFh6_wbX8f0,Standard,6.0
RaGZoz1ZiQA,Standard,4.0
w01kziHJ-rk,Standard,0.0
dK-b-uPfyYM,Standard,-1.0
oyQxs5c-KoQ,Standard,0.0
O6FAyfASo84,Standard,0.0
uvGNDgUO4jo,Standard,0.0
LYazEOYaAAo,Standard,0.0
4VFI9PFJKYs,Standard,0.0
AU9MQrNHayI,Standard,0.0
nlL387GHjfc,Standard,0.0
Kl521qjBMVc,Standard,0.0
W6drBHixKiI,Standard,0.0
CjcovpF0TAo,Standard,0.0
lh-mFJ4Fs1w,Standard,0.0
B11lJL9jTQY,Standard,0.0
WckcVTD8bRE,Standard,0.0
auvatNtOSSI,Standard,0.0
qkQAZp7cxi8,Standard,0.0
K7eXDBxWqR4,Standard,0.0
sYicv-HtneY,Standard,6.0
A-j8lLinhPY,Standard,0.0
RYqZWfTuL5g,Standard,0.0
RH-AscF1Q8w,Standard,0.0
uwg1_lmFr5A,Standard,0.0
-o9UuKcmgjM,Standard,0.0
utXee73-47o,Standard,0.0
fIVRPPOWgOQ,Standard,0.0
d2a8jJnr84I,Standard,6.0
MxXR2UKgBug,Standard,0.0
IxTpijreRW0,Standard,0.0
vhcG460MsUg,Standard,0.0
8YcUkBQglt8,Standard,0.0
UhD8YYYABjc,Standard,0.0
PI0YIZLs7JY,Standard,0.0
Uf7bR2tC7t4,Standard,0.0
tJAP0Qa31aI,Standard,0.0
TE7Pz_2tCME,Standard,0.0
GRfOgqBdIao,Standard,0.0
UnX7DB5ro2I,Standard,8.0
6FNRiGtbDgY,Standard,8.0
BsFz514iZTU,Standard,8.0
qRAWucdKNkQ,Standard,0.0
4UzA1W35d9A,Standard,-1.0
RUty3JBhznA,Standard,-1.0
g-V80SD4dMA,Standard,0.0
PyKMEJ3XvFw,Standard,0.0
NiydXibZC3M,Standard,0.0
_-yDjB832Gw,Standard,0.0
ju-6I2OtR6g,Standard,0.0
UELFMTN_zso,Standard,0.0
Mg99B2Ukauc,Standard,-1.0
cu2SuIyy1XA,Standard,0.0
91n_lZsaybI,Standard,0.0
Ph8GG-a9pkY,Standard,0.0
tZ9ItOVokFw,Standard,4.0
xyPy0n4kGxM,Standard,4.0
QeRH_5bpQaM,Standard,0.0
kosXPjkTbkE,Standard,0.0
cdgYvftw1Nw,Standard,0.0
lgzjhS0OMRI,Standard,0.0
RVmibp7LpCE,Standard,6.0
Y-NpXsuNNiM,Standard,0.0
ABgsZdeAu5g,Standard,4.0
gSa0PUeisi8,Standard,6.0
rb8rkEjtYV0,Standard,-1.0
doQ3kTt-hfs,Standard,0.0
9VFYv-FWvpc,Standard,0.0
BKLe-k3St3M,Standard,0.0
yPcvg4jawvQ,Standard,0.0
EZBqOsOSXEA,Standard,0.0
oybvEY5PpI0,Standard,6.0
qw_TH7XG38Q,Standard,0.0
rPWzfRlJB4U,Standard,0.0
fvMbJHASc5o,Standard,0.0
5WAwF9sFz-w,Standard,0.0
gyOB3IJdP2M,Standard,-1.0
BZcr3YgSz7o,Standard,0.0
ZAGPMJ88xgQ,Standard,0.0
EC7hIJcU_tU,Standard,0.0
7pbMhikSU90,Standard,-1.0
Xxj2ZZK5R2o,Standard,-1.0
TfddGUW19rg,Standard,0.0
BTJo0W2zzzQ,Standard,4.0
M8kcLlg8Lng,Standard,4.0
dWeHaa9Z64c,Standard,0.0
3ErJWlRC2yk,Standard,8.0
Gls2qp-LYtk,Standard,0.0
WJIu3h7k_7M,Standard,0.0
cVr9eYz1Wvw,Standard,0.0
lXUJV7MLMGc,Standard,0.0
JNY8ESUmQ1A,Standard,0.0
3UMQYnnyzik,Standard,0.0
-7oFRijYLT0,Standard,-1.0
wblxekCPDOQ,Standard,0.0
EKkeF6-GG2w,Standard,0.0
NRx1yhzEgBI,Standard,0.0
U1d__dymAGg,Standard,4.0
XrpKzUDmwCc,Standard,-1.0
6Y6LW12-QEU,Reaction,0.0
aR1fMq74lsM,Standard,0.0
rnVBVSh9jHM,Standard,0.0
GrSw0z85DfM,Standard,-1.0
n8wkqkTfiBs,Standard,0.0
czy3UmkUc1c,Standard,0.0
O2nBTvZi_K8,Standard,0.0
LkGxgBTW3t0,Standard,0.0
H4Hqm2tq4rI,Standard,-1.0
fye7EmD7nTo,Standard,6.0
JO7a6pVq7gY,Standard,0.0
KNOQibv4cdU,Standard,0.0
KmuXJfZ-yF4,Standard,0.0
weN8GT1Y33k,Standard,6.0
tMJlW_Eui94,Standard,0.0
A0KgqT_Fje8,Standard,0.0
4VRGsh3-mwg,Standard,0.0
PfQyr55SArw,Standard,0.0
94JDRRellts,Standard,0.0
TFihPQCF6Ek,Standard,0.0
-ekAGXfR6OI,Standard,0.0
MO2HFl8cQFo,Standard,0.0
uqYabDSMDC4,Standard,0.0
aqGbgCfeNE8,Standard,0.0
g2YEIYTXfJQ,Standard,-1.0
z15d_-5s0nY,Standard,0.0
jVWBhY7_2FM,Standard,0.0
l47RqqL5i68,Standard,-1.0
1P0dtECV_eY,Standard,0.0
chvb8Pwud18,Reaction,6.0
zflY4Lg-NTI,Standard,0.0
6regkCIeim4,Standard,0.0
O34JeFzoYRE,Standard,-1.0
ZYQGfzMaxxU,Standard,0.0
rby5ehbwkIs,Standard,0.0
5szjWMMAbV8,Standard,0.0
qVgwl5g_sWw,Standard,0.0
26aGamGL0gk,Standard,0.0
sOETTV8gdM4,Standard,0.0
gom6po69ZDM,Standard,0.0
LLQB2aeBj3E,Standard,0.0
w8rQzBMU3nk,Standard,0.0
yT_pIX7YUQc,Standard,0.0
NpE1wXUw8tY,Standard,4.0
me2QIeRazew,Standard,0.0
ZhT1oI4jQW4,Standard,0.0
S_AGqBK8Oyo,Standard,0.0
52NJCw8VG18,Standard,0.0
4tIUczIT7Ws,Standard,0.0
fwgOCxhUHXo,Standard,0.0
YPPbSqYWBZY,Standard,0.0
ZXJU0yY_SRI,Standard,6.0
7DM3tJjnjig,Standard,0.0
FY9HObhKcm0,Standard,4.0
WZCjDwSEkho,Standard,-1.0
ofn7iQjq3aI,Standard,0.0
YUMTrC1WFqA,Standard,0.0
uffwwwBPsls,Standard,0.0
QPQ3UNkRvhY,Standard,0.0
cxU9dV11sAQ,Standard,0.0
zKrOuk3ziVA,Standard,0.0
4Q-wtTbwcv4,Standard,0.0
cnP7u2wVQSs,Standard,0.0
2B1l61N7Gis,Standard,0.0
fraAiAvr5JU,Standard,6.0
vz8L2o3EN4o,Standard,0.0
vUAUQ2xRz-A,Standard,0.0
yIDAXVXhYDI,Standard,0.0
035kOvWURto,Standard,0.0
d13RhSRjhRE,Standard,0.0
AZQPK-2IpNo,Standard,0.0
DYMNlA_5EiY,Standard,-1.0
bzFoBougkcI,Standard,-1.0
seUAh7uKPXM,Standard,0.0
IJgS_V9Zhpc,Standard,0.0
KgAeIAsLotY,Standard,6.0
az9gIKSDchE,Standard,0.0
VAT19faE0LY,Standard,0.0
5N9AEazNgZA,Standard,0.0
eU3QoPU5p4o,Standard,-1.0
I3xCBiXhR9w,Standard,0.0
VOYbUGBbiVU,Reaction,6.0
F-ILWxkhZzs,Standard,0.0
xCnn-hd2gn0,Standard,0.0
zWwWXqFm23g,Standard,0.0
PzsoqZjmdrs,Standard,0.0
NSd9-HLnPtw,Standard,0.0
6s1DpTLl8pI,Standard,0.0
ABqFW2I-co0,Standard,0.0
dFuwdPluGAo,Standard,0.0
aMHuRzKOnPs,Standard,0.0
qC64EgGykPI,Standard,4.0
mxv_4s5rrN0,Standard,4.0
zM5wz_cSfcA,Standard,0.0
oZ0HWkQxByw,Standard,6.0
3XZ3n2T9GoU,Standard,0.0
_CDIT8KpkMk,Standard,0.0
x1E-iY_Fw2A,Standard,8.0
lbr1J1M7s20,Standard,0.0
ATOUiTcrtOY,Standard,0.0
857NHY48_hk,Standard,-1.0
-zfxlMX_huI,Standard,0.0
QXBRHPCeEyI,Standard,0.0
VoMtNDOOKHw,Standard,6.0
P4ebP49YFn4,Standard,0.0
EEg7tcRN0_c,Standard,0.0
63sKkx0aUlM,Standard,0.0
89dZJQxcAIc,Standard,0.0
kk8Jy5CyRzc,Standard,0.0
bjKxzQv5dgI,Standard,0.0
JuCiyD7BYrc,Standard,4.0
N-vtKiRtqRA,Standard,6.0
TbgsZv4nJJo,Standard,0.0
9VYcgn_-7kk,Standard,6.0
9sap1LmoQdM,Standard,0.0
AAbReaDvfvw,Standard,0.0
tlLXyzIVenw,Standard,0.0
eRNIGRE1xAE,Standard,0.0
s4pUqpwANFo,Standard,6.0
l2CIG2fETXk,Standard,0.0
PI9zL8_qRI8,Standard,0.0
IjB1xvU6uGY,Standard,0.0
U6Jr62gXU0E,Standard,-1.0
j8CFGlm3iu8,Standard,4.0
164njOsg0vU,Standard,8.0
Uow2YLTUYJQ,Standard,0.0
mmTqB4NO-Vc,Standard,8.0
wStDIECG50g,Standard,0.0
Vyg2VJPie9k,Standard,0.0
J05ixgIJiyI,Standard,6.0
TOVBTE3VDt8,Standard,6.0
vDBi6j_2KEE,Standard,0.0
rCOIxo-44xM,Standard,0.0
VkGkchbiKE0,Standard,0.0
teljgcJnQuM,Standard,0.0
JRJl3l17C3A,Standard,0.0
_4nVsDXu5nI,Standard,-1.0
_TjFZDKpTKE,Standard,0.0
KWHauBcJHJQ,Standard,4.0
vOlurTMgKWY,Standard,0.0
1cK4UVLdC_U,Standard,0.0
7JceRiGssEE,Standard,0.0
Qu99Xsql_Cc,Standard,-1.0
H_nRwU7fsIg,Standard,6.0
FsFBN8Tm2DQ,Standard,-1.0
y1Feqs4H_PY,Standard,4.0
ZogV-oUJgvo,Standard,0.0
u6nY8sfx_yA,Standard,8.0
CCZ1glXxyxA,Standard,0.0
UWnjICHyyls,Standard,6.0
N-jSvr855Ac,Standard,0.0
TxGuSeGoHyM,Standard,4.0
3omzqozIRyA,Standard,0.0
1YwAI_aY-wQ,Standard,0.0
d6fgKyVx8fY,Standard,0.0
ClKTxn6snT8,Standard,0.0
v1F0VObBwjU,Standard,0.0
Y0QPhZ4D-5w,Standard,-1.0
bX8r-y5OLS0,Standard,0.0
YuucjbeYpfc,Standard,-1.0
qwSIzcVZ_BY,Standard,4.0
uG3-7eG6VkQ,Standard,0.0
l3J2n_x8N9Y,Standard,0.0
qlom-kE_nmA,Standard,0.0
63WfVSjoSAA,Standard,0.0
v8Z8j2ZnHnY,Standard,0.0
nTlAfcbe2Ng,Standard,-1.0
72-F996z5NI,Standard,0.0
UEJekD2A_QI,Standard,-1.0
KbmX4p3jG4w,Standard,6.0
538S2LlNMeU,Standard,0.0
JAgYl23yFXY,Standard,0.0
BxXGRC0dGWM,Standard,-1.0
FqO0NSgLg_s,Standard,-1.0
hus-d_wXhwY,Standard,0.0
_nCO8abK1UQ,Standard,4.0
VTLrJQplE0s,Standard,0.0
RLzpIK4yAUA,Standard,4.0
5Ul5Zcpdfl8,Standard,4.0
Ic9jiebnkn4,Standard,0.0
fLqJfp_B7kQ,Standard,0.0
Ip6zA8FAIug,Standard,0.0
OBC3uprF-0Q,Standard,4.0
l6_ew2VyH_s,Standard,0.0
GtViofSWSK0,Standard,0.0
sGw7W-n6rZg,Standard,0.0
BG3WNuRCoUE,Standard,4.0
d_hxQ7J_a1s,Standard,0.0
fKu_MdLoVk0,Standard,0.0
Na1G-vYZzwA,Reaction,4.0
gkQvwnGcNRU,Standard,0.0
gnqM0Kn2QL4,Standard,-1.0
xTaMV43RdS0,Standard,0.0
CwD536xTBhw,Standard,0.0
c2Gfj8sGSxo,Standard,0.0
GarQvEs0zfQ,Standard,0.0
BVg8znRDnzo,Standard,4.0
6qR9u_GLhrk,Standard,6.0
_sWN7FPZAx4,Standard,0.0
Pnj2Yca0eDc,Standard,2.0
soy5QDrpb64,Standard,0.0
W4u0D5Nfri4,Standard,0.0
DUZDa4FmqJ4,Standard,0.0
K7jGCRERgDM,Standard,-1.0
A44MjQtSKi0,Standard,0.0
cskhfwwOtVY,Standard,4.0
yKIAbBOXzSI,Standard,0.0
-srcBZ33Too,Standard,0.0
zxGqXRyHRJc,Standard,0.0
GBLQlgvigwA,Standard,6.0
hgCebTDkm3I,Standard,0.0
fJOeOY4yKCk,Standard,0.0
v7FmdYkrZ6E,Standard,0.0
3pSfcGR9Z-o,Standard,4.0
N1VjvMifcNo,Standard,0.0
2c6PXi3VuLc,Standard,0.0
RxLcQqRZFgo,Standard,0.0
u4OyXpNxr1o,Standard,0.0
E0hPyRGo1gs,Standard,6.0
hFHSPDWxZ8o,Standard,2.0
JS_bmjTgffI,Standard,-1.0
dhrBM3B-A78,Standard,0.0
-kUKcx4orbQ,Standard,6.0
oRgTFyXkEaE,Standard,0.0
JV5-MUvzEl4,Standard,0.0
DzADkCIzFD8,Standard,6.0
hbNGR_RIlYY,Standard,-1.0
4U-RsyeYJzw,Standard,0.0
ESteWjT0WMQ,Standard,0.0
1_fQG-TcKiQ,Standard,0.0
rFEeZsfu82Q,Reaction,8.0
k1eHS6archs,Standard,-1.0
tC791FWLo6Q,Standard,0.0
nQw7aunOsCM,Standard,8.0
JOjGRg9pKZ0,Standard,0.0
O19ni1Dyw4k,Standard,0.0
VhmvwAy-v9A,Standard,0.0
BMgnOkcy-T8,Standard,0.0
Zao_b_b7cxE,Standard,0.0
-7CL9E1UKms,Standard,0.0
UMqSZtGHytM,Standard,-1.0
_AasRgfdvgU,Standard,0.0
t0lG-aP1LLs,Standard,0.0
sEptQG_p4iE,Standard,0.0
-Y0jcBWM48Y,Standard,0.0
e_za6PuNTEY,Standard,0.0
q5tEkympR9c,Standard,0.0
80ugWF1n948,Standard,0.0
CUbQsW0hjPE,Standard,0.0
QbsGtpFlSis,Standard,0.0
nbcSjt-fZeA,Standard,0.0
CocGUZQ080I,Standard,0.0
XAd-Hs7rqWQ,Standard,0.0
iJRAqtAJxYQ,Standard,0.0
mSpX5F-K3Sk,Standard,0.0
lG7bJ0oj2q0,Standard,0.0
JqbEMW_hY5w,Standard,0.0
qyNEPGMUXPY,Standard,0.0
-Xas8R3J3EE,Standard,0.0
Ch81SKl0ufo,Standard,0.0
dMkS2xVUus0,Standard,0.0
UnPSKz5MwUM,Standard,0.0
nKIjmY7mQEI,Standard,-1.0
SsP6iVA8ATI,Standard,4.0
1aO7rFqiMNY,Standard,0.0
BLlrLn8stqA,Standard,0.0
q-wvrCYrcfI,Standard,0.0
Kl8Rlgn8Rbw,Standard,8.0
GBnRbNplM1o,Standard,0.0
pFmNTkx7L28,Standard,0.0
BLOkhIpoB7I,Standard,0.0
8y6wRFnAr_E,Standard,0.0
w1djNa1FlZw,Standard,-1.0
1nkmq8A4W0U,Standard,0.0
Zq3iChiHuW8,Standard,0.0
Seo0a95g6TE,Standard,0.0
mRfUg0tuKg4,Standard,0.0
4yU3dZ4i6dw,Standard,-1.0
lsdkZcx6GoQ,Standard,0.0
99u8QvYmVyU,Standard,0.0
IV6D63KpSWk,Standard,0.0
OQcLkjoRK1c,Standard,0.0
Q3TQwJgcSWM,Standard,0.0
K48wBWZwzZI,Standard,0.0
Mo8WnyGz4Io,Standard,-1.0
1nZ-Jr4B5PE,Standard,-1.0
nQDNf7HyW3c,Standard,0.0
zPvbkVhu4O8,Standard,-1.0
qRjMtxC2wbE,Standard,-1.0
Lwi6sznVdTU,Standard,0.0
xjZ02yYNSjQ,Standard,0.0
JCRBuEcY2oc,Standard,4.0
s_MvFsjrywo,Standard,0.0
XuQKP_6jrxI,Standard,0.0
JKXvKRMd65A,Standard,0.0
PyeJbfjFEhw,Standard,0.0
6F8SUuQN1oQ,Standard,6.0
i_FQ0l9eIGY,Standard,-1.0
9JBlaJuNJ_Q,Standard,0.0
_DixRHhuPlw,Standard,0.0
B606KKxnH6o,Standard,0.0
9XB6mcPzLSQ,Standard,0.0
XvLkZeMJRgo,Standard,-1.0
HMdjr1Dv3d8,Standard,4.0
Rlw5OkfHzXI,Standard,0.0
7EftSb3BFzg,Standard,0.0
qrNvwdT2Z6E,Standard,0.0
mKar2SlXjKY,Standard,4.0
enzxvuVXZsM,Standard,0.0
MB4V5qLFm_0,Standard,0.0
yBIq0AdB8ig,Standard,0.0
HoOBta7ZUqk,Standard,0.0
MG9uLBY_j6c,Standard,0.0
-9VQ6Bd-lKQ,Standard,0.0
9SxO_bAzSow,Standard,0.0
o1m-bkQL-Ys,Standard,0.0
k4Jrh4U9YuE,Standard,0.0
Pm0om5SZQQo,Standard,8.0
0-Qd0h2-MXI,Standard,0.0
2vptZEafbF8,Standard,6.0
v8mnfQaQjeg,Standard,6.0
Pgtcs4pG5Ac,Standard,0.0
7ZqMH8OSR48,Standard,0.0
B_WMQhP3VGg,Standard,0.0
T5M8uWPuEzI,Standard,0.0
g3B-_8vR3uc,Standard,0.0
C1ck1tE7XwI,Standard,0.0
RhFI4kAMR9Y,Standard,0.0
B000cMXc6hk,Standard,0.0
MK5EORyQA20,Standard,0.0
uua4BYiX-yM,Standard,-1.0
_ujG6rMM8Ss,Standard,0.0
Fn9Gj9ga5os,Standard,0.0
66Sp1Z9ED5E,Standard,4.0
Rjo0cci96e4,Standard,0.0
whNcEKLM2P8,Standard,0.0
Wr5j993lfOE,Standard,0.0
umjvn6rehAg,Standard,-1.0
FvGpl0YLEJc,Standard,0.0
yBcDZjrOdWw,Standard,0.0
HetjEQQjX3I,Standard,6.0
6euTBU_RteQ,Standard,6.0
OyCefUYfz58,Standard,4.0
61BbXiTnwmA,Standard,0.0
YS9rkU60nZA,Standard,-1.0
VKmsiGBeO-E,Standard,0.0
b86xyFj7Tcs,Standard,0.0
Pj2pKx51ojY,Standard,0.0
ZQCQ9QWtyL8,Standard,-1.0
8Xnq6qiuK6s,Standard,0.0
iXxJP_NYtOs,Standard,4.0
GfiKZk7n5Vw,Standard,0.0
MvoZcvyaIEI,Standard,0.0
lPWqXhxhBT0,Standard,0.0
0JF41W4KfL8,Standard,0.0
92-f38mwOEE,Standard,0.0
jaOIxdUY7hI,Standard,0.0
drSfrNBHjqM,Standard,0.0
GMFaPd-EOwg,Standard,4.0
LMo95ZmcKc4,Standard,6.0
fk5AkDNYSEk,Standard,0.0
wKe_8Lg53Vc,Standard,0.0
eRKs9K0jbMw,Standard,4.0
L0xuBW24Oj0,Standard,0.0
KCrBfPmbFc0,Standard,0.0
SVWh4PgWXRY,Standard,0.0
aq6m6-9d5HM,Standard,-1.0
iOnzRD9KPqQ,Standard,0.0
kllm4gNNI7A,Standard,-1.0
taMmsF43SYY,Standard,8.0
pcOqJTblLIM,Standard,0.0
F_JjYSXwPy8,Standard,0.0
BUiT7lIclZo,Standard,0.0
Z7sAMPJwg9I,Standard,0.0
PrSVGglrKK8,Standard,0.0
j6WAU0uqiWQ,Standard,4.0
BACHp0RqCOw,Standard,0.0
EBBxdnn8AvE,Standard,0.0
LTRQdZqc1Kw,Standard,-1.0
tq8yLg9TS10,Standard,0.0
ZlFEvUhPNa4,Standard,4.0
me_FdbaQ9xg,Standard,0.0
FGFJ5dQIBu8,Standard,-1.0
51LCEjD-rYM,Standard,0.0
oPYBwjD5Wb0,Standard,8.0
qgSHrF4nKK8,Standard,0.0
2IzZ-2Omp8o,Standard,2.0
RsZEJcBD0j8,Standard,4.0
xY3skqmoeXg,Standard,0.0
R7Evrpm6tXE,Standard,-1.0
dypVMBEeKEk,Standard,0.0
0LjUjkxtBVQ,Standard,6.0
Kug5SlWrqNo,Standard,0.0
mLMVrQLJD4E,Standard,-1.0
BRzK_co8IZo,Standard,0.0
gaKz30fAsZo,Standard,0.0
sGlBbP0ZfiI,Standard,0.0
70_FKyHuheY,Standard,0.0
cceT800UPI0,Standard,0.0
0-nqpRFB_YE,Standard,0.0
OR5kDPEZLaE,Standard,0.0
cNhygfZNOiI,Standard,0.0
cfntvBJqGdI,Standard,0.0
BGKTe3X15MQ,Standard,0.0
AoAFiF7JvcM,Standard,8.0
Z8SjeN2Pdls,Standard,0.0
dlayDHQsop8,Standard,0.0
CrIFSjv24B8,Standard,8.0
VqUwru_xeFg,Standard,4.0
JfPeXiCmcWo,Standard,0.0
-zbjC3PE6zs,Standard,0.0
u4ilxCwxJDY,Standard,0.0
PlYi1p0oTqw,Standard,0.0
1c4tlT1Vi3Q,Standard,0.0
8jCbwPrcdJY,Standard,0.0
AQxSvJHiqr4,Standard,0.0
VplgN2vQw0c,Reaction,8.0
6i_YkU_w1K4,Standard,0.0
h_XGZc8IeYc,Standard,0.0
keYg9iLwjOA,Standard,0.0
Gh-UwHDCg_s,Standard,0.0
DWF2KtWFuSM,Standard,0.0
8-wuFjURWZY,Standard,0.0
ylEMSK0iObk,Standard,-1.0
7mAd8jVjVPs,Standard,0.0
G8EkVLpnAsc,Standard,0.0
08h4uowFIAE,Standard,0.0
r0S5On5d3XE,Standard,0.0
d7GLj1wAS3o,Standard,6.0
fI_4lwKaYJU,Standard,-1.0
lr_pnURyrgg,Standard,-1.0
gTYWFuSJp0Y,Standard,-1.0
f3qMNfZkqpE,Standard,0.0
mKnvfWJqhrE,Standard,0.0
GV7bpY4Bs1I,Standard,8.0
uVfCPIlzgZ4,Standard,2.0
_JKhOniHGVk,Standard,0.0
p_XTL7IdV0Q,Standard,0.0
tconVsGchzo,Standard,0.0
ZhGr0yCmjLY,Standard,0.0
A_HzBdstLq8,Standard,-1.0
FNb7LXBrs2o,Standard,-1.0
jZ_ZqhVF_qM,Standard,0.0
HNsTkMrqPMA,Standard,0.0
nc9mZpoRcUk,Standard,0.0
9QuTLe5BRA0,Standard,-1.0
L9sNsshY6XA,Standard,0.0
ouNtqkh-D-Q,Standard,-1.0
mF0y-Flcq9k,Standard,0.0
k9eM5_v5PXc,Standard,4.0
vDATgF3qlwM,Standard,0.0
nSQXbm8LSF4,Standard,0.0
U6UEjH46idE,Standard,0.0
KHnLC6AchNY,Standard,0.0
0fVhfSNU_UI,Standard,-1.0
NSF1hKw-fDc,Standard,0.0
aBuSnyc0-Uk,Standard,0.0
oKD2sGD5S3M,Standard,6.0
PyF3Mrl9hg0,Standard,0.0
yNqwtAwG8CM,Standard,0.0
HaXcHzybcuU,Standard,0.0
MpO9t3xm57k,Standard,0.0
gSD9oYvy6U8,Standard,0.0
E0OJQ9LJe-4,Standard,4.0
glQZHwzzCN4,Standard,4.0
pcxcHcoZ_Yw,Standard,4.0
QuQU6avuni4,Standard,0.0
irqxTEE2Bs4,Standard,0.0
g9BqJwkPzLs,Standard,4.0
7Pem4BZjpfs,Standard,0.0
YCJyJ6PsjxU,Standard,0.0
Kb-AqWlZz6s,Standard,0.0
IhI_4PjX2Vg,Standard,0.0
BoFxDYTw_4o,Standard,4.0
DJC2Hu8uPHA,Standard,0.0
SvtnsYnLJxM,Standard,0.0
F28hw0XNU2M,Standard,0.0
rExieE9AmlE,Standard,0.0
LR3wCfJ7MbU,Standard,0.0
3DT40jERI9w,Standard,4.0
sffrVZKRllQ,Standard,0.0
Vk5UcTNJe1c,Standard,0.0
MD3hXz-oUMA,Standard,0.0
LbKNpSiXhsw,Standard,0.0
U0MKGkAc6xA,Standard,0.0
tBcjKXkSY34,Standard,0.0
qD4yXxmHkOc,Standard,0.0
kNA2RZXc4Ro,Standard,0.0
yZ2l0c5h_1I,Standard,-1.0
PsDtCAGrNa4,Standard,-1.0
CUBlhN6faeY,Standard,0.0
YlTenOIGsnM,Reaction,4.0
TfjdKMlR4H0,Standard,0.0
Gq4x8SG3es8,Standard,0.0
ESfFHhDs_c8,Standard,-1.0
L3CfqQZ-G88,Standard,0.0
ZhgCcA81maA,Standard,0.0
Zo-WZZ3Ns5g,Standard,0.0
Tynv3kdvDUw,Standard,0.0
eSg8OXCKKjM,Standard,-1.0
fKJz21DgM-g,Standard,0.0
caYgLdXeIrc,Standard,0.0
Ny1L1n7hFjQ,Standard,0.0
Xu9WCRhm-fs,Standard,0.0
myEw7QKlOnc,Standard,-1.0
qDLSi413XEI,Standard,0.0
zTz5LBDApPc,Standard,4.0
BicVFic0DSA,Standard,4.0
v3mjh88utF8,Standard,4.0
ROrHt-x7zVY,Standard,0.0
NVSGHqOJXrI,Standard,0.0
2SbEnFvaG0c,Standard,0.0
VrjXj2trWng,Standard,0.0
2-zmkLHjs7M,Standard,0.0
VTcfjRWJDXI,Standard,0.0
E-3UN9Ri_u0,Standard,4.0
3nLdqXhCjKY,Standard,0.0
kbPX3dwlj_A,Standard,4.0
X6XKe67n7gI,Standard,0.0
O2FjRjsnHX8,Standard,0.0
y1F08jd_dsE,Standard,-1.0
B4ApHdzVejk,Standard,0.0
ZfZ7-Rlchgw,Standard,0.0
N8_yRIOA21M,Standard,0.0
Cf2MJfi9RBY,Reaction,6.0
Dhaf5h0PbyA,Standard,0.0
Eaidpzr40Fk,Standard,8.0
IWC8Pz7_T_c,Standard,0.0
DPCzyzG9py0,Standard,-1.0
B7fCMrB7qdI,Standard,0.0
bDacO8VE2dc,Standard,0.0
IMAESAtixhs,Standard,0.0
8s8IPvlvFFo,Standard,0.0
wz4LUUxYV24,Standard,0.0
Dw173dXTkkQ,Standard,-1.0
4NkgFkhzQeM,Standard,8.0
iJvDwHnN3jk,Standard,0.0
XG-7giXjxrw,Standard,0.0
Dvyj7FVQHbY,Standard,0.0
edQT2INwxGg,Standard,0.0
t_MY-0_Co6U,Standard,0.0
LRwLvCOFyN8,Standard,0.0
loR0dXN6T2k,Standard,0.0
eN48TPDxWXY,Standard,0.0
NBnPKuyzkPE,Standard,0.0
7jYjp_ITtIY,Standard,0.0
Y8BRRJ9Hpbk,Standard,0.0
MPG_pev_pSo,Standard,0.0
NiNDOdA5808,Standard,0.0
x5ReDR9tA60,Standard,0.0
6dmTVFzjz8w,Standard,0.0
8_2HmdfAWgE,Standard,-1.0
4jz2lbs2m60,Standard,0.0
Jhlz00rLPD0,Standard,0.0
DiqCYpB3_hk,Standard,4.0
46M6OAisb3s,Standard,0.0
9IJyjK-VbZw,Standard,-1.0
DN2W_adOyok,Standard,2.0
aOeDoWwOAfU,Standard,0.0
nHPJWt7nuCs,Standard,8.0
EqXIj3xABo0,Standard,0.0
cx5s2GGPUc4,Standard,0.0
gXY5PYJeEXM,Standard,0.0
97deiTCJna4,Standard,0.0
sB8nyag2m7A,Standard,6.0
Zag_poEVXZs,Standard,0.0
j7K22OdivqQ,Standard,0.0
7XYdxgtjSvI,Standard,4.0
vdlr7T25yJE,Standard,0.0
WQ8JdnnOnQ8,Standard,0.0
9r-m8sFnmNM,Standard,0.0
zRH3k8joDWA,Standard,0.0
wa3nR4UpKTY,Standard,0.0
tRoN6Fia5nM,Standard,4.0
gbEUBxOPf9Y,Standard,0.0
jk7xvQD7PCc,Standard,-1.0
_CbjtXFGNnQ,Standard,0.0
tPRb-r7IvsQ,Standard,0.0
ME130oYEkH8,Standard,0.0
yfHWtuOchSY,Reaction,0.0
qz8SmotG-PA,Standard,6.0
qGoqzJo_upI,Standard,0.0
iLZ3YJ0UWuc,Standard,0.0
XCHm7HgCDnY,Standard,4.0
KqTUdoeSFnI,Standard,8.0
-2BjkII2PnM,Standard,0.0
sHywwfBG8nA,Reaction,6.0
AzEaCPNDve0,Standard,0.0
bnrQFOdunIw,Reaction,2.0
d_wmwYnKL0Q,Standard,0.0
IRb4OO7kJus,Standard,0.0
542rIRQrmZo,Standard,0.0
CWGa8Z5FYi4,Standard,8.0
s70MJEZ4FG4,Standard,0.0
iaRZdkRGCsQ,Standard,0.0
V0BnUGmAk4w,Standard,8.0
Llz4pWYUFI4,Standard,0.0
v-p4U-GhMBY,Standard,0.0
u0trJMii0co,Standard,0.0
ZI6A38gd8BA,Standard,0.0
HsshhVsAY-g,Standard,0.0
-FNjD9GIijs,Standard,4.0
n3-jjHjW0a0,Standard,0.0
NoDjXx00yNE,Standard,0.0
GClsl_nQdb8,Standard,2.0
on5AmfUO2X8,Standard,-1.0
qvT42u6Y8aE,Standard,0.0
yaoTA3GU1_w,Standard,-1.0
3xqOpdxD9rs,Standard,4.0
nto4a9dOC_A,Standard,0.0
8beQKPZKsXk,Standard,6.0
Aoy21hiO9cA,Standard,0.0
unNtJW5XMRs,Standard,0.0
MC5Hd79-yV0,Standard,4.0
kDDBato3M24,Standard,0.0
cPmGEaBxohQ,Standard,8.0
CLelsDHjTGQ,Standard,0.0
Zsc_W_y6cVk,Standard,0.0
YMGEugfPs9U,Standard,0.0
3G3w_w7b-AI,Standard,-1.0
Wov0mSIMtus,Standard,0.0
yJGZdZbBogk,Standard,0.0
To7Y5qYwNj8,Standard,0.0
T8ww1NLv5PU,Reaction,6.0
2dm2bWgq7w8,Standard,-1.0
ISfuMGSvXN8,Standard,-1.0
y4ypgRXDlMw,Standard,0.0
yoh3_Mj-Wpc,Standard,6.0
K06uV_M6Jbg,Standard,0.0
ANtduCiZAII,Standard,0.0
ZrtPaNpXIKs,Standard,0.0
gAT5zaF6NZs,Standard,0.0
KLvbKHDl3s8,Standard,0.0
oVrW0tMSZqY,Standard,0.0
jNq61nKbJQo,Standard,-1.0
DlT9nfDwDFA,Standard,0.0
aPddMLW6WTk,Standard,-1.0
22eM2u1lXQQ,Standard,0.0
79o6CNiyWOU,Standard,0.0
JrUKpUyEzfM,Standard,-1.0
bGVKbXeNsUU,Standard,6.0
hb0kgzYRWvQ,Standard,0.0
Lz1F59YAdiU,Standard,0.0
gaokCT5fcWU,Standard,4.0
hMdoyVWB9Rw,Standard,-1.0
jzgB5owp7Is,Standard,0.0
NZCv4sWR1as,Standard,-1.0
Yumr1ehRrh0,Standard,0.0
PhXtj7RCrFQ,Standard,4.0
tq47CHiC5sw,Standard,0.0
_2G5OIqhtWE,Standard,0.0
bcOCISrZ6w4,Standard,0.0
IZxDI0MhQsc,Standard,0.0
bQ6xu2WMNAc,Standard,-1.0
gWVgB5Fc5Zg,Standard,0.0
mNt3yAbNnbE,Standard,0.0
aDxmigw9sWI,Standard,0.0
PCdfCu8wORQ,Standard,0.0
y9CzB7vnoBU,Standard,0.0
zx4zwTc3c1o,Standard,8.0
IM0ja2RYZYg,Standard,8.0
lmnqfRPR8GA,Standard,0.0
uwwhKKSlJho,Standard,0.0
8HSIotVbOO4,Standard,0.0
u7eGVD-6Ofo,Standard,0.0
mCIVYc9Zk9o,Standard,0.0
EloLDzKPAxU,Standard,0.0
ZavTIm19e_4,Standard,4.0
f4Dnix6eiYE,Standard,0.0
NW0fMz32IzU,Standard,0.0
Ltn7qgUi8wE,Standard,0.0
dDa8qJ7cf3o,Standard,4.0
q6hVrX_tlGo,Standard,-1.0
BHXSLckx-Q0,Standard,8.0
SctCRrOeR8g,Standard,0.0
-cjxig_Z9qo,Standard,0.0
DoY0SKw1RCo,Standard,0.0
zL1ZZv72CpU,Standard,0.0
57cy4azzRHc,Standard,0.0
FTN6caBynj8,Standard,2.0
UDCBl66kovo,Standard,-1.0
toLTQokZyOw,Standard,0.0
srR7ppFx6Uc,Standard,0.0
Prkrya4gV9A,Standard,4.0
ptOtVIyjRWM,Standard,-1.0
xh6w4e4KHyQ,Standard,0.0
iCAeuTgUG4o,Standard,0.0
HN5JTSLfTLk,Standard,-1.0
5f45veQLvxM,Standard,0.0
TKyRC246o5A,Standard,0.0
AiiRCuwvc2I,Standard,0.0
VqejNMlaLzc,Standard,-1.0
G4DwuzYx8_I,Standard,-1.0
MEQ1rKxXa3g,Standard,0.0
EzX1iKMhLTk,Standard,0.0
cT78RmhltVM,Standard,0.0
FlVTS2PtYWk,Standard,-1.0
cZFoVsKmx6A,Standard,0.0
4H6LJ3FOs1k,Standard,0.0
vIDRjE_CS5Y,Standard,0.0
yWCLK_Ur_I4,Standard,6.0
j-cwZ-cG6UU,Standard,0.0
3GzLYl00QU0,Standard,4.0
dsiLDRpu0uI,Standard,0.0
WEBcdLcgeVk,Standard,8.0
mij9Jr5a4SE,Standard,0.0
KJmsRI4NQDQ,Standard,0.0
LPSDNCcsBOk,Standard,4.0
cHXWY_ERHJg,Standard,4.0
3eSy7ZN8ImU,Standard,0.0
yASHffr12Tg,Standard,-1.0
J_uWz3c_r3A,Standard,0.0
wtRzqy_xllw,Standard,0.0
Z24Pnt9Z9_4,Standard,0.0
0T15EhAlNXs,Standard,-1.0
D51K1PUsykc,Standard,0.0
C4DAQD6Jva4,Standard,0.0
Mxy5EPGlqf4,Standard,0.0
KJxcqS3aDLQ,Standard,0.0
rWWONf15Org,Standard,4.0
dD41aGpmdDA,Standard,6.0
F73x1YaAEkU,Standard,0.0
6ngns_xxQN0,Standard,8.0
wVZA8bL0050,Standard,0.0
LJWO1G26BI8,Standard,0.0
lhGpAX9qKoc,Standard,0.0
dteqE7Ubth8,Standard,6.0
vStN2ZA69F8,Standard,0.0
_3YhIdykPN0,Standard,0.0
AAdJkcqX9Uc,Standard,-1.0
r3vcoocEvFE,Standard,4.0
CWRvoOCRxuE,Reaction,0.0
PVbg6D3NEuY,Standard,0.0
HrfnCsxC6EI,Standard,0.0
nbLfC3rb1LM,Standard,0.0
438RYx8BK-c,Standard,0.0
BKQ0pa1fi0Y,Standard,0.0
yCyoNdhqpRg,Standard,6.0
UL6dOto-yQM,Standard,-1.0
POplHeh2AcA,Standard,0.0
NHRfWr21iww,Standard,0.0
vLP3thaMA_U,Standard,0.0
S7dw_oI-GT4,Standard,6.0
lxZ5iQwJRn8,Standard,0.0
Fp1HpenG55w,Standard,0.0
r17441zLl-c,Standard,8.0
2JSFpBrh7kQ,Standard,0.0
8MVldkY0a_U,Standard,0.0
9oiL1KNQ7c4,Standard,0.0
qTL8WoMngvA,Standard,4.0
hpRgvPtFgbI,Standard,0.0
OhN7eYZJOUs,Standard,6.0
ltwTFAC3aKI,Standard,0.0
OPNkIn4jxKM,Standard,4.0
0ILsN412Ik0,Standard,0.0
TdcLk-e1CWg,Standard,0.0
7Vuq3_DgLaY,Standard,0.0
oupBgZTn7ZA,Standard,0.0
yU4cvABxtZI,Standard,0.0
XAx9xlpQM7k,Standard,0.0
fhuPoV5HrZc,Standard,4.0
sAoSvjoOYTY,Standard,0.0
2O4L-zWj0jI,Standard,2.0
MSp3FxPwj5k,Standard,0.0
fl42NSHJ7Hc,Standard,0.0
d7ZctWCzC8U,Standard,0.0
2IMZUOqFoGw,Standard,-1.0
fxmvQ7lxZR0,Standard,4.0
dqNETQwOT4U,Standard,2.0
seP7AcEcDXA,Standard,0.0
QomLA3kFPRk,Standard,0.0
FmNoHTIHMvc,Standard,0.0
jBWDHsTQlBQ,Standard,0.0
bhS5_SHPPoY,Standard,0.0
K6mnuFHfpqk,Standard,0.0
UkDX1PquqhI,Standard,0.0
AAq0udoquBU,Standard,4.0
0YKW-Bh99PA,Standard,0.0
zm4tbrAD0kM,Standard,0.0
iBS9wwbNr3c,Standard,0.0
VZ3pxLYtnm0,Standard,0.0
_HNL89HIVrU,Standard,0.0
OPbAsJMfn4A,Standard,0.0
l40UhXD1UqE,Standard,0.0
emQGLpNJTqY,Standard,0.0
AKGZEAonWRo,Standard,0.0
9OMAMVXYXuU,Standard,0.0
4BV2TYCfQM8,Standard,4.0
FwTxvsSL958,Standard,0.0
Idufku2hft8,Standard,2.0
h82Y_-SF21c,Standard,2.0
qicd5FrCgkE,Standard,6.0
FDvoi63uKDM,Standard,0.0
4kIi3klbo1Y,Standard,0.0
6TCFjwESw4g,Standard,4.0
klvuqVFgTGA,Standard,0.0
DdA7U5TRKSc,Standard,4.0
qN56T4snjE4,Standard,0.0
zWLeJ6vxbus,Standard,0.0
OT4wceGrWEU,Standard,4.0
7jZwhBVL81o,Standard,8.0
GHIm3UWkBr4,Standard,8.0
uIjSb50--10,Standard,0.0
SLfNts1X1hw,Standard,0.0
0LcRFGjA-cA,Standard,0.0
kILRo-bmOSc,Standard,0.0
Ke7TR2Uzsks,Standard,0.0
5OtSS2kM1Lc,Standard,-1.0
qXHHn5mcfZs,Standard,6.0
CDQu4T34E2Y,Standard,4.0
ZM_XwTr_ecg,Standard,0.0
Z-8JUh5xZ_Q,Standard,0.0
MRDgUuUuq7U,Standard,0.0
na9Li45-Cqo,Standard,0.0
HRshxSZIMCY,Standard,0.0
Hzl7HFJFSek,Standard,0.0
nhb3E463K04,Standard,0.0
PPJ41hUwjuo,Standard,0.0
tXeSCNTC3q8,Standard,0.0
YSnZdLOeLYU,Standard,0.0
nOiUtUkrAjI,Standard,0.0
PxGgYyHpgvY,Standard,0.0
DVl_-P19lZM,Standard,0.0
u71GkRMKuHE,Standard,0.0
Oc1wFIjYYek,Standard,0.0
Kj-jInRyMrI,Standard,0.0
6rwYF-lRYzE,Standard,0.0
odDhDedv7v4,Standard,4.0
wcPGxfNIk0M,Standard,0.0
GWEfuHCj-mc,Reaction,6.0
JXsuHjwXIBo,Standard,8.0
LygVC3tHF0s,Standard,0.0
MBVXZfLuM4I,Standard,0.0
_SNNqSYuhzk,Standard,6.0
D5n1Y16Y9lQ,Standard,4.0
eAOLsjK8pow,Standard,0.0
hawCfUNH7Zw,Standard,8.0
3on11FPyYNs,Standard,0.0
5V4UT-UqyvI,Standard,0.0
FFiISmAdwkY,Standard,0.0
jE_W60SgFjQ,Standard,0.0
29rco00Whek,Standard,4.0
WXB9GIfyfg8,Standard,0.0
L1Nbz3RM3uA,Standard,2.0
P7nZuhUDVbE,Standard,0.0
aGVeOn4HSrY,Standard,0.0
b9jodLYgmJE,Standard,0.0
7zmb64YIjnA,Standard,0.0
HevMd_MnIhM,Standard,4.0
VjoPTVuBkqU,Standard,0.0
00O23w3O8rQ,Standard,0.0
bzIzL3XS8vE,Standard,-1.0
CabET7Wgi8g,Standard,6.0
Nii1VlHALHE,Standard,6.0
U_V2mygvZqA,Standard,0.0
TyvhAo-BZVk,Standard,6.0
Ag72Vmlxsjs,Standard,0.0
arMDeYnr9d8,Standard,8.0
r1Pm-3WLF94,Standard,0.0
hmKx2dr70kM,Standard,-1.0
NzObpWsheYU,Standard,6.0
5m2GLz6MSIo,Standard,0.0
cNDlaLxEC6g,Standard,6.0
MXgke0jzhqw,Standard,0.0
2QSUgPkwDrU,Standard,0.0
iHeTiqg7bq0,Standard,4.0
aNWsnSgebv4,Standard,4.0
-Bs8no4i8Io,Standard,2.0
7RE3ue2_ZiA,Standard,0.0
ncClhlsbNjc,Standard,0.0
z04-K35tjOc,Standard,0.0
2K8MvQUbGL0,Standard,0.0
ejolUgPHBBE,Standard,4.0
s22_HAKF-JY,Standard,0.0
BephsnI2KTY,Standard,0.0
rdZc-kHnMX8,Standard,0.0
4rvOh9CcouM,Standard,0.0
JF58lLnaIh4,Standard,0.0
z68T7f1ts00,Standard,0.0
OibYYNJrP_w,Standard,-1.0
j99OqzLKeB4,Standard,6.0
38lzGtpO0EU,Standard,0.0
dwCH6M4GdtA,Standard,0.0
-_DAq6aUQFo,Standard,0.0
l6L6gcUZIw4,Standard,-1.0
TgpSdqIckks,Standard,0.0
F8kPQhRmBg4,Standard,0.0
NYr8tQhUNAw,Standard,0.0
I7_pqwFwVg0,Standard,0.0
-SYsR_mEGGE,Standard,0.0
kdwewxDBAXs,Standard,-1.0
YxdlNgDxZDs,Standard,0.0
ucz2Tjq3wKY,Standard,6.0
XV5pjEo6UXA,Standard,0.0
O8tf28AwuRw,Standard,0.0
GuKIP0Uu2sc,Standard,0.0
ptjZRLT67n8,Standard,-1.0
YLEewRZcTHM,Standard,0.0
oHbYu1sQLKQ,Standard,0.0
x9CCeTj2wfI,Standard,6.0
BsdzXnWg3Jk,Standard,0.0
DTz0R7ysCU4,Standard,0.0
_zxA2KmVrJw,Standard,0.0
qogJjZaAf3Y,Standard,8.0
wUWa8ZzRa4w,Standard,0.0
NHlhwzv8WCA,Standard,0.0
ouK3onZ3WKE,Standard,0.0
ShVfLRF0Pjs,Standard,0.0
0gQqfRWzKcQ,Standard,4.0
7WA7884TMuo,Standard,-1.0
vqaqoGgP6RI,Standard,8.0
r4_JibIArdo,Standard,0.0
axOWlyHkvkA,Standard,0.0
YCJGEH-trw4,Reaction,8.0
qbFqh8W-KlM,Standard,0.0
mnjkMn6mC0A,Standard,0.0
HfNAHnSxJuI,Standard,0.0
GcRaLyYq3DQ,Standard,8.0
C_vuYEmHzbA,Standard,0.0
bcvq95b85ZU,Standard,0.0
aEoMqj2o_zI,Standard,0.0
IvQhFpXbhNc,Standard,-1.0
B-kIHWRynqY,Standard,0.0
bQu6jB7KRl4,Standard,0.0
spuy59P1e3A,Standard,0.0
6vx0jCjk3Qw,Standard,0.0
6UTHiIsSZoU,Standard,-1.0
U0Uj74hZpTA,Standard,0.0
k3NjVwE64Ak,Standard,0.0
3AAQ5gEBBgA,Standard,-1.0
2nWAKE_B5cQ,Standard,0.0
HSjLdPT5OHQ,Standard,0.0
ylg3zo35mLc,Standard,0.0
CfLrduWX114,Standard,0.0
4o3puuicZY0,Standard,0.0
hJ2_vhXr0Ag,Standard,-1.0
9B0As3Eq3dM,Standard,0.0
Q6I4S8kWef4,Standard,0.0
2j-54EERg0I,Standard,-1.0
wufZsj41vuI,Standard,0.0
YWsAs9tWaoU,Standard,0.0
xeHsFsCDrtI,Reaction,6.0
tO2rs9Amr_w,Standard,0.0
k6b7kuZAFtI,Standard,-1.0
7LqZnTS3zEQ,Standard,-1.0
8TyP1FzHtfo,Standard,-1.0
Ng9eppnEMao,Standard,0.0
_IiaQR8l0Fg,Standard,0.0
yuGg1qbbZsQ,Standard,-1.0
pEXhE_kP954,Standard,0.0
xkqiDYWeaeY,Standard,6.0
31XvECByybI,Standard,0.0
gS7Vczu32OM,Standard,6.0
hZll0_iajgc,Standard,0.0
xpHFe5x_G6I,Standard,0.0
sh1mjI0pAxs,Standard,0.0
33YKz6s37xw,Standard,4.0
lZ7jsj4GTt8,Standard,-1.0
f43fZ5alcpw,Standard,0.0
PmENxAa8i0g,Standard,6.0
D-2Ez5ryDfs,Standard,0.0
jvGBv_-xz54,Standard,-1.0
2Ajm7jE8a3U,Standard,0.0
k5APx6ZoyfM,Standard,0.0
m7G1aZJg39g,Standard,0.0
KbGcFsOOz7Y,Standard,6.0
2Pa0cJFsVi4,Standard,6.0
55deKPchSeg,Standard,0.0
BzmdeH68G-k,Standard,8.0
-8P4FBF3h8Q,Standard,0.0
SGMvnr3pQXI,Standard,0.0
auG0JH-I1Dc,Standard,0.0
SVivL8gDn_Q,Standard,6.0
hb8WF8fvIno,Standard,0.0
WRATR0Zdbl8,Standard,6.0
_LCTRLHs-m8,Standard,6.0
owh7fJiADZg,Standard,0.0
aZ5Yo9LCWYA,Standard,8.0
V-L4SUt5XUU,Standard,0.0
nCdRjQZOIy0,Standard,4.0
kTMbd3w-loE,Standard,4.0
Eu9jFMUCu-w,Standard,-1.0
spi-SPwlTZk,Standard,4.0
7uwDTkQwisg,Standard,0.0
u0OpRl32714,Standard,-1.0
Dkb9lD3ERNs,Standard,-1.0
hwsbnT-rk8o,Standard,8.0
xtN9c_2PYxA,Standard,0.0
NGi-0Ush0NU,Standard,0.0
7dq8dlG9ZBg,Standard,4.0
yEFaMVJ1P-0,Standard,9.0
JqiBmL1CM64,Standard,0.0
3K-wZfMFoRQ,Standard,0.0
2ElvgazxqtI,Standard,0.0
fXKL8k48SGk,Standard,0.0
wExOKxK4fiY,Standard,8.0
otpLEzNXsSg,Standard,6.0
6hEzBqYEnY8,Standard,0.0
UppcegPiCDU,Standard,-1.0
k1SHytJ0m7M,Standard,0.0
7kM5R2T27Q8,Standard,0.0
w_6ZbpZyrp4,Standard,0.0
zFnZtzico8g,Standard,0.0
140im3_VtUk,Standard,0.0
D1vMessBoGU,Standard,2.0
pXq_0FUDDCE,Standard,0.0
8fWxTEYGODw,Standard,0.0
EK5S-ocYWh4,Standard,0.0
3VovrHcCuOM,Standard,0.0
2QFrrLQqR9o,Standard,4.0
Sk5ylSjx5X0,Standard,0.0
gnguzEZCF-M,Reaction,6.0
SQDYmYHLWto,Standard,0.0
F-2sF2jiv4M,Standard,0.0
u1eoW1G8pto,Standard,0.0
RZRzKfBCD2Q,Standard,6.0
Ysen0bAwUII,Standard,-1.0
g77Rz9Ktkys,Standard,4.0
baDrN6-YMdE,Reaction,6.0
qc7AIvcgYRQ,Standard,0.0
nLuWMLQol24,Standard,0.0
9OI3RzmyBLc,Standard,0.0
g6VVeIxIv6Y,Standard,-1.0
6kEI9iPn_Uw,Standard,6.0
8maBXvu-9Ok,Standard,0.0
rlBSWpCSL54,Standard,0.0
UbdopTldpSg,Standard,4.0
BeUQmMYwHB0,Standard,0.0
X6VMuKm3Bs8,Standard,4.0
k7XLTfDuJxc,Standard,0.0
ss8ApyPlI1M,Standard,0.0
F_Gj7vTxVuw,Standard,0.0
oc2YHwo-sbU,Standard,0.0
Algx_QQGR-c,Standard,4.0
LKHeJPzVSjo,Standard,4.0
y_lKjjhhOYg,Standard,0.0
9crhCdbcZYA,Standard,0.0
1sqIVAgiXQc,Standard,8.0
uPKGjGfCjII,Standard,0.0
PaNdPjtZBoM,Standard,-1.0
IGswf-hTbo4,Standard,0.0
eVaaawzc7tU,Standard,-1.0
_UwZfdO2KLo,Standard,0.0
C6bta7nTOI4,Standard,6.0
eSPSGLmOnq8,Standard,0.0
TGMLRwfv-UA,Standard,0.0
oZSPOOb8AIE,Standard,0.0
bbOs9xsqNtk,Standard,0.0
HsG5dVcuZuk,Standard,8.0
ktzLLjtBYKY,Standard,4.0
wO4ON-SYZgY,Standard,0.0
lPkn54Txpyw,Standard,0.0
D2Uone07hX0,Standard,0.0
_J5DHEv9tn4,Standard,0.0
MhVVZxNtdhY,Standard,0.0
nvwzjwZLo_g,Standard,0.0
YsTkXcl2uG4,Standard,0.0
C__0HxDldEU,Standard,0.0
NApL-oMXz84,Standard,0.0
pwjuXU1_LJY,Standard,0.0
MPWy-NProuI,Standard,-1.0
iozWMpz0NiE,Standard,-1.0
_XauFq-qmqs,Standard,0.0
0Cxdnn4ZquM,Standard,0.0
0G-w8fYWEMw,Standard,0.0
qQj1aEa_C6A,Standard,0.0
jbrvpMhVuno,Standard,0.0
t1bQMeApVuo,Reaction,6.0
Jduu5uHPO-k,Standard,0.0
wGksxPRO1u8,Standard,6.0
YwtYfhBy7pY,Standard,0.0
dx6__djU3aw,Standard,0.0
o_YWXwjqsWs,Standard,0.0
P9o44O7UEts,Standard,0.0
zrCyHAEK4Qg,Standard,0.0
CIekD2Zkwfc,Standard,0.0
f45GacnNv9k,Standard,0.0
093UKOTIPYc,Standard,6.0
CSHESvb2tg8,Standard,4.0
COKr7zXk7o8,Standard,0.0
1E-XKkUDGHU,Standard,0.0
7LhAj9m8x6I,Standard,0.0
CMBwaGN6YyU,Standard,0.0
kvQEadC-u_Y,Standard,-1.0
IlyeT6hyt7c,Standard,0.0
qJBfLkb38wo,Standard,0.0
dpQTbf1bgBA,Standard,0.0
E-9pdJoQ9Ks,Standard,4.0
aS3s76wqkCs,Standard,0.0
AJy38k9s0lU,Standard,0.0
geNHSBeoLjk,Standard,0.0
3nXCRrnrCP0,Standard,0.0
vMUbzqPPQiQ,Standard,0.0
eyjPdnYL8tA,Standard,0.0
ojFGGW9X5S4,Standard,8.0
Sp2wgfpiUYc,Standard,6.0
7LFfI5qKyTA,Standard,0.0
ovk0npOmLnY,Standard,0.0
Wq--i2pvFlc,Standard,4.0
BqEfk6-WhB4,Standard,-1.0
q6WXL3-6-Sg,Standard,0.0
Zoadumleqgg,Standard,0.0
9wf-6jSA2lw,Standard,0.0
NyevchM6o3k,Standard,0.0
dFREOqyionI,Standard,0.0
pykKvMlnw8Y,Standard,0.0
93sd3lVaEiY,Standard,8.0
piSkhBrI4VE,Standard,0.0
0xwUYN1BeWw,Standard,0.0
tLN8B-aZXlU,Standard,6.0
SwMBEPCNY3E,Standard,0.0
gz5Cr8AdQew,Standard,-1.0
b764wfKuLJc,Standard,4.0
Dj69eWNe-Ws,Standard,4.0
d5vFaf1twGk,Standard,-1.0
KICa5E1qk8Y,Standard,4.0
4Q6nsh7Uktc,Standard,0.0
yHqdrvR5gPs,Standard,0.0
t2YNbHp-cPA,Standard,0.0
NiK_ILs_XUM,Standard,0.0
JgABV5jX4Fw,Standard,0.0
eA80hoZ_F-0,Standard,-1.0
jzh9tEtvN6Q,Standard,0.0
PS3eJbZxUdY,Standard,-1.0
s1jU3GvQEyE,Standard,-1.0
12gVgxWHjHo,Standard,0.0
HfxlXl8aHMs,Standard,-1.0
kMWdPSlB8Ho,Standard,4.0
535UqhzfK9o,Standard,6.0
oOEeXl6yyiU,Standard,0.0
L_bGG3b0s54,Standard,-1.0
kJKMdvKucZM,Standard,8.0
G-ZW1chDS_I,Standard,0.0
T0hkbRTKBKA,Standard,0.0
5TtkYRXy4Bo,Standard,0.0
D86gohHjlPM,Standard,8.0
okU-9EREcSk,Standard,0.0
b222wtYAWP8,Standard,6.0
HAWyKZ36YWk,Standard,0.0
X9ZjM2v5DVo,Standard,0.0
asT_33WbDGA,Standard,0.0
O5IcQqqIY5U,Standard,0.0
9fbsnyA9jDA,Standard,0.0
Cqwy8lYFZKo,Standard,0.0
eP8Z815md5g,Standard,-1.0
4UKmgUiNT3M,Standard,4.0
tsYiP9s1J2E,Standard,0.0
rjz-z3elBxw,Standard,8.0
OHMlx48UsqE,Standard,0.0
Dff4rOW0knQ,Standard,0.0
ngE5TD85pqc,Standard,0.0
3EGhkCfjVpg,Standard,0.0
YZ6NvNv_M0s,Standard,0.0
xzSObrW38FQ,Standard,6.0
1O4TbTkCcqA,Standard,0.0
5Xaa9vZznYQ,Standard,0.0
7U3VxdoF44g,Standard,0.0
CWZVfd4D7Q0,Standard,4.0
osZYlOby2KM,Standard,0.0
4O50nfHM0Es,Standard,2.0
hgUUOCRlG44,Standard,0.0
CqP1Gd-WMFE,Standard,-1.0
AylTVrtosTw,Standard,0.0
2RbNegHLeSk,Standard,0.0
ux2CSI-OVCw,Standard,-1.0
5jNuACNAtO4,Standard,6.0
vV1HZxf6moM,Standard,0.0
X586tOq2qGs,Standard,0.0
k0oyzZdGq_Y,Standard,0.0
THXoHwxSljs,Standard,0.0
MXVFoCd2S5o,Standard,0.0
MnrMzU_RxTo,Standard,0.0
JJGCt5cHT2Q,Standard,0.0
yYA0kJHNB4w,Standard,0.0
idr-A6IJACE,Standard,8.0
LqRAJkRsuZ8,Standard,-1.0
8OAoV93uodc,Standard,6.0
cYUv9Dl6wro,Standard,6.0
j_DHXCjowP8,Standard,8.0
A4lWtvYnMSs,Standard,6.0
9wRYmZX--_I,Standard,-1.0
krwspmfWZTs,Standard,0.0
u4EcoRTXUFs,Standard,0.0
yvanYYvBdrA,Standard,8.0
xWKJ7YB-xqI,Standard,0.0
9ro2zOlBKEw,Standard,6.0
fyLAISGL1OA,Standard,0.0
rMItBYWeRgE,Standard,6.0
sXd1ShNLfWA,Standard,0.0
awlnyi3aHZY,Standard,6.0
4cc_sQ-QKmU,Standard,-1.0
psk8SKiF4KA,Standard,0.0
Ux1o72IAUzU,Standard,-1.0
LpoB85WCIYc,Standard,0.0
kFF4IpClAxk,Standard,0.0
taOExeuqQtU,Standard,0.0
3j1EFKPSGoE,Standard,0.0
Ua1XRXH-mGI,Standard,0.0
MPHRjvlPtLY,Standard,0.0
jgjULEeeKPE,Standard,-1.0
FFwfCjcP2Ik,Standard,0.0
KeMgZ7hKfl0,Standard,0.0
ioHVQHK4wLw,Standard,0.0
MaPRmTjZAMk,Standard,6.0
AB38QJHjKbk,Standard,-1.0
z3z_6NBi2pU,Standard,-1.0
su18w4p9vUc,Standard,0.0
_EV4CIoKoqQ,Standard,4.0
V-t5CuY5fAc,Standard,0.0
THfOwkLMs8M,Standard,-1.0
PuyXLJrqPtQ,Standard,0.0
ItO1rLKsUTg,Standard,-1.0
c-ds_VbMNxE,Standard,0.0
IZVfGp1ZMU0,Standard,0.0
hwE2qIVvsxM,Standard,0.0
p7HogTYBf04,Standard,0.0
snzTJRJUhaM,Standard,-1.0
jJ-kwr2LpTc,Standard,0.0
AqOviFjgY2k,Standard,0.0
C9W32cLA2DA,Standard,2.0
aw8Afmu533Y,Standard,0.0
Pa47dlm2KdU,Standard,-1.0
8ahAvCyYnHM,Standard,0.0
msVviGkytGQ,Standard,0.0
Qvc1FHI3z1U,Standard,8.0
C5y3vPIrz0w,Standard,8.0
IRdG628ojiE,Standard,0.0
6SVo_PVN5HI,Standard,0.0
oiy5hfOH2TE,Standard,0.0
bRCEsUYgeaI,Standard,6.0
xS_JCkEI384,Standard,0.0
jS-x5TV0rG0,Standard,-1.0
oe9cZJbru3E,Standard,0.0
qf1NJd6M_N8,Standard,0.0
R5bT46zXTQo,Standard,0.0
0fqL5YizOhw,Standard,0.0
716hGx4a06Y,Standard,4.0
D4co2K5q2C0,Standard,0.0
VvL3wa2W3g8,Standard,0.0
HBo7DBtD2i8,Standard,0.0
Oi906_MGmos,Standard,0.0
hUzb7lzGzWQ,Standard,8.0
7R0jgF5970g,Standard,0.0
gLtEkzCYQfk,Standard,4.0
4rIfWSuiaQ8,Standard,4.0
jm_uK5Z0pms,Standard,6.0
D68siDdg8v0,Standard,0.0
V_h6Gvty7mo,Standard,0.0
995HdI7Tnio,Standard,2.0
UKbY1q0Icy4,Reaction,6.0
kbcTN7uGVO4,Standard,-1.0
yfd61GEyO-Q,Standard,0.0
jRnxe39Uelw,Standard,0.0
FmWhQoE_pXU,Standard,0.0
gQTVCEIUErE,Standard,-1.0
8nZ1sSOL2ag,Standard,0.0
KL251Nuft4o,Standard,0.0
v0vkckFwz-A,Standard,0.0
F120UQSoNzw,Standard,0.0
mjenluyjKDA,Standard,0.0
Othi_-bIzCY,Standard,0.0
W-9YidLDSh8,Standard,0.0
vje0VsoaTsU,Standard,0.0
ECUu7c3oDVI,Standard,0.0
4IHr527JnWk,Standard,0.0
cZcZ6I0iius,Standard,0.0
iBxrJCHlfgI,Standard,0.0
i9-Y3xlPv7w,Standard,6.0
7cO0w8ZzcgI,Standard,0.0
xYMnU59P3sU,Standard,6.0
UHnHxu5G6zk,Standard,0.0
XA-Kgdw0DtM,Standard,-1.0
Buf4UCIZzts,Standard,6.0
huVpVgD0P6s,Standard,8.0
dU2IVRKr5CA,Standard,6.0
T16W2zFXgN4,Standard,0.0
fBGrjaUDkb0,Standard,0.0
h0GK5_LY91c,Standard,6.0
HbRd21vooyk,Standard,0.0
Nxhr_LRvT0k,Standard,0.0
OzvBLMsl0kU,Standard,0.0
Ew17JNzXOmA,Standard,0.0
SbxTTejBNII,Standard,-1.0
uLtmuBBu2pc,Standard,8.0
2zysfldPAK0,Standard,4.0
CocCGkvQBXY,Standard,0.0
pH4xb5V6NK8,Standard,8.0
3nQQF3FByGc,Standard,8.0
3Z7SOZamiE8,Standard,0.0
gcRQjVUIrpw,Standard,4.0
nv5g73CZnY0,Standard,6.0
AZRIb5QA8kA,Standard,0.0
A3Pb_8wXCr0,Standard,6.0
DRrGv908yXE,Standard,2.0
Shn0-UyloQw,Standard,4.0
jbjWupZjbms,Standard,8.0
UwC-Q-mSibY,Reaction,4.0
Nmpw0dm0izA,Standard,0.0
iL1J2AcZffw,Standard,0.0
uVxcmIs8Rak,Standard,0.0
9zj5qDAFPBk,Standard,0.0
eamnjBTtJ_Q,Standard,0.0
p9Tz6iN3hdA,Standard,4.0
pUwUyaSwhHY,Standard,0.0
swsy3CiIPIU,Standard,4.0
QbUksGVlf-I,Standard,0.0
GshqEjKgixM,Standard,0.0
HgLS0xRCTtQ,Standard,0.0
Nn4p__jHjwc,Standard,0.0
TZNFKeH_Wnc,Standard,0.0
bKzWF_vH8D8,Standard,0.0
utVIr3ltvCM,Standard,0.0
GpFL1WtzUz0,Standard,0.0
CnVfVBTxcKQ,Standard,0.0
TvaaZ2XxICE,Standard,0.0
3nt4P1AcrvQ,Standard,0.0
ZAhdyI4DTLs,Standard,4.0
ANg7GPLCVfE,Standard,0.0
NoFX1PVU0VY,Standard,4.0
JRWLyOiSlT8,Standard,0.0
NGLvVtZgM8M,Standard,4.0
ANmdmjyMmN4,Standard,-1.0
Z8pz_hmkmmE,Standard,0.0
6uX-zWCxpfc,Standard,0.0
O5IDO_5gJFk,Standard,0.0
IaZDTS2POOQ,Standard,0.0
cL8ADKis9SU,Standard,0.0
yIPV2J0v73E,Standard,0.0
eMRf5n2uCdM,Standard,8.0
ZTHAc9ZU9iA,Standard,0.0
HdE-Ez3hWuY,Standard,4.0
r2aHLXFzbr8,Standard,0.0
TAeDOLdjwhI,Standard,6.0
CTAailSmxSg,Standard,-1.0
SazSoEdEMco,Standard,0.0
pNpbHHkMr34,Standard,8.0
s-0rQcZbV5E,Standard,0.0
ktJcBwxOIDs,Standard,0.0
UWQXcK8zqYk,Standard,0.0
v-T0yI79ngo,Standard,4.0
a-ccB36RJYk,Standard,-1.0
E6ux2sIYRiU,Standard,-1.0
OZj5WUoG92k,Standard,0.0
Xn6yDey9P1E,Standard,0.0
njtRUxDdsVE,Standard,0.0
fuvqBHB7UM8,Standard,-1.0
DqApPudfa9M,Standard,0.0
j0PdSdwzCG4,Standard,0.0
ih3sC052A58,Standard,0.0
X1y3fIqoksI,Standard,0.0
eDDiO_G7wSU,Standard,0.0
TjaXiGKuSgQ,Standard,0.0
eYTOQa4l-60,Standard,0.0
eGnmdcUNyQQ,Reaction,6.0
LiWv5TvSYSs,Standard,0.0
cIhWEvmf-Gs,Standard,4.0
W6vX8WZYVoY,Standard,0.0
dzXtaPQS8SM,Standard,-1.0
gsGxeaEY438,Standard,4.0
remNNaJ1xe4,Standard,-1.0
jDY4HJW6asE,Standard,0.0
ID0uACd4SOU,Standard,2.0
MRPg2dN11q0,Standard,0.0
Ae0mEnn-xv0,Standard,-1.0
vsFhymqrnLI,Standard,0.0
j8j5RIWCBf0,Standard,-1.0
R8fIydJT_h4,Standard,0.0
zi8kmBCQ3P8,Standard,0.0
fjfk83I6IxA,Standard,6.0
N5mtJY7GJVY,Standard,6.0
PvROqrDiyqQ,Standard,-1.0
7j0BVMV6yww,Standard,0.0
r6EFXzYQdOU,Standard,-1.0
I-3zatrUURY,Standard,0.0
NAP3yZ2c2iQ,Standard,0.0
CPKf1iJ_59Q,Standard,0.0
04XvCimsfdw,Reaction,4.0
h7cavsnoRE0,Standard,0.0
iG5qk7wWNvs,Standard,0.0
f7dOX1Qw6WA,Standard,0.0
6sn1alZplb0,Standard,0.0
NLKeLiIPnag,Standard,2.0
iBsRkTgRgQo,Standard,-1.0
eowsvW7wz34,Standard,0.0
rKFSeuD8I68,Standard,-1.0
KYRuwcWANbA,Standard,0.0
v9OdNwIb_Lo,Standard,0.0
nOnt-Hx3tDA,Standard,0.0
b_2mD1EX4tI,Standard,0.0
pyHbmPXkXlQ,Standard,0.0
hC4tLsG1ufU,Standard,0.0
Vel4fM1QWwg,Standard,0.0
DXn-_4XJ0Rs,Standard,0.0
_geu4-QIVSc,Standard,0.0
Bi20NaT0n3o,Reaction,6.0
UJ9nnq2-nyY,Standard,6.0
rNRiFEuOYDg,Standard,4.0
WAEXr5J_G6E,Standard,0.0
s0TOIuFbOy0,Standard,0.0
lxwxk6r5Oi8,Standard,6.0
VirecTomYy0,Standard,0.0
-i94GyVRc84,Standard,0.0
HvuLxb_wI_g,Standard,0.0
1dbI-ty2bBU,Standard,0.0
GVqVV_iC_A8,Standard,0.0
ztmOPcQxScU,Standard,0.0
Od2ax9YG-ec,Standard,0.0
JJKTA__2D1U,Standard,6.0
fulocFMHNJA,Standard,0.0
_q6iGE3YAsY,Standard,0.0
nAiK7muEXik,Standard,0.0
fB4zCSJEGSE,Standard,0.0
MY9oC_ag_q8,Standard,0.0
TJrJceqgvDs,Standard,0.0
jrqhxlHZcEU,Standard,0.0
d9N43SiFc78,Standard,6.0
oMzr_IXfevI,Standard,-1.0
KQczMZiuwHo,Standard,0.0
2diSi8mpMj4,Standard,4.0
_YTS2Ratxxo,Standard,-1.0
GK0KRngl_y4,Standard,0.0
2wRyyvr0riQ,Standard,0.0
ppfhCJxzsQc,Standard,0.0
GgdAREuGBWM,Standard,0.0
X4tTaBc3bZU,Standard,-1.0
eYkETB2UaVU,Standard,0.0
9aUPpFiU3NM,Standard,0.0
zTRZGXyOCCI,Standard,-1.0
f94yrNe0nig,Standard,0.0
7zAlgYVlcnI,Standard,0.0
ZoBwf5K3x_E,Standard,6.0
cwQh77jVaAc,Standard,0.0
Y9cJWMr1deE,Standard,8.0
1a4DKh5F2h8,Standard,-1.0
NSLl2QTVWK8,Standard,0.0
pa56kJ7eMCE,Standard,0.0
Rtt1n8s3s6c,Standard,-1.0
7k4yvUQAC_w,Standard,0.0
s-ul0032fZk,Standard,6.0
TE9IJQn-_7g,Standard,0.0
FkKd1VPwKFU,Standard,0.0
iIZBytQehsc,Standard,0.0
vIWqoAelP1w,Standard,0.0
XiTdOKlN24Q,Standard,0.0
ujnjbVZZTBc,Standard,6.0
ZI5Fl-CbDOs,Standard,4.0
xVB5f0stRhk,Standard,8.0
vEi_ltTaAYk,Standard,0.0
-cm7Qwq9sWk,Standard,0.0
2ESsFRyiiXw,Standard,0.0
pJzs2XXY3gA,Standard,0.0
Im7gYaBVj3s,Standard,0.0
b0UXug1PNXY,Standard,0.0
sryCKG_IcHs,Standard,-1.0
-uGuxzVwtM8,Standard,-1.0
VMm4GCU4sCc,Standard,0.0
DtXtz2wqAIQ,Standard,0.0
v5zgXOA0aZ4,Standard,0.0
qiJ9o1r3xEA,Standard,0.0
qLsGnq-G4yw,Standard,0.0
eg6IFsqRGZ0,Standard,0.0
1_JCEEm80mQ,Standard,0.0
0eU-3ttNVhU,Standard,-1.0
FjhiwkS99mg,Standard,0.0
6V2Hlbthfkc,Standard,0.0
j26-1dqHUgc,Standard,0.0
gfQTLeSNOwg,Standard,-1.0
myV8FNLu4jw,Standard,6.0
JrWa5FGGJRU,Standard,0.0
KNMOKKpyJMk,Standard,0.0
ICH9Fu-MOTM,Standard,2.0
OTs1h7bDDnw,Standard,4.0
7YXhFyS-TYE,Standard,0.0
FplaQGuc-n4,Standard,0.0
PcNojBMMzEA,Standard,4.0
kpdG3fgYvVY,Standard,0.0
aAq3YFKwQyQ,Standard,0.0
8hShw1forig,Standard,0.0
NkfkQAEbrmw,Standard,0.0
BWyq8cn9bDI,Standard,0.0
j0ziDb7fHaw,Standard,0.0
DdhXR9sIHxo,Standard,-1.0
BwZfta4mQrA,Standard,0.0
LPeYqeDuD_w,Standard,0.0
r_tTGpD3RNc,Standard,0.0
mPwr35CbTrU,Standard,-1.0
HHqVJjJ2Q3o,Standard,-1.0
6jECz4RmQcI,Standard,0.0
MAlKHdLMiUI,Standard,0.0
vkixgxQPtVE,Reaction,6.0
1oqxj0pHdDM,Standard,4.0
-vv-wf2i9oY,Standard,4.0
TMK10nkPL2s,Standard,4.0
Der8M_yOHJ0,Standard,0.0
w4yGRksjknE,Standard,0.0
FqPJ2UewqU4,Standard,0.0
Ny5-deAU51k,Standard,0.0
N9tgP13dkLQ,Standard,0.0
Re2mM75ESMA,Standard,0.0
GkIVyyXQucs,Standard,-1.0
glo4SCtKxSA,Standard,0.0
Y82jYXRrHEw,Standard,0.0
1i5W9rfVx1I,Standard,-1.0
DLlrCpGWbhw,Standard,4.0
qnYkGWA5lpQ,Standard,-1.0
HHpbaHVl5rY,Standard,8.0
UPLGJpAjNlk,Standard,4.0
kpeeaVLlZL8,Standard,0.0
pTDmSRWoq_s,Standard,-1.0
-6UNXmAFkjM,Standard,-1.0
Qj6cp4zvmVk,Standard,-1.0
7usqD6CCM1M,Standard,4.0
Zkh-s7AK0K8,Standard,-1.0
ZMkICJ-nmMs,Standard,0.0
FTRZydFYc9I,Standard,0.0
CBm-Ikl_iuk,Standard,6.0
7wxFJdCNVBw,Standard,0.0
FAAi5N_tazY,Standard,0.0
0D3gh6htfro,Standard,0.0
q2tEPzlzmMY,Standard,0.0
ivx_8lqPNEw,Standard,0.0
67UffEPXhb8,Standard,6.0
C4hO3phGVFo,Standard,-1.0
uLS7cRYDM4Y,Standard,0.0
G2eROmHxlw8,Standard,0.0
lHiTPNqbDtM,Standard,8.0
Pbq4ukDNv8w,Standard,8.0
0bJvrOYP5NE,Standard,0.0
fU5K6WA0LNs,Standard,-1.0
096any0XeVs,Reaction,6.0
qZ9Z7Fd-ztY,Standard,0.0
51lZ4CieaUM,Standard,0.0
c93QtKBfC6A,Standard,0.0
68lRhC9HA2I,Standard,0.0
AJ8Jt8ciEwA,Standard,-1.0
rTy_9IxxXqo,Standard,0.0
D7vEWvMw9v4,Standard,6.0
G9dl3MVz6Cs,Standard,0.0
Y-7W3OrVStE,Standard,0.0
jHmNUz92Gw4,Standard,0.0
CPMRKxReVcQ,Standard,0.0
jSL4gFTkmwg,Standard,0.0
1-JHu3Ufpu0,Standard,0.0
3LqPDze_gSc,Standard,0.0
kfEwODThHO0,Standard,8.0
YDYHlFWc1fQ,Standard,4.0
A0SrWCwk_VM,Standard,-1.0
-mKjnIICKMw,Standard,0.0
cISviitxSis,Standard,6.0
zUitQIvMX_0,Standard,6.0
agtmh0yNmdQ,Standard,0.0
-Ec-Y0LpStY,Standard,0.0
-4Gt-p0tJCI,Standard,-1.0
bjwygT8fJMk,Standard,0.0
CYPOyhntAPQ,Reaction,4.0
GOIliSa8KVQ,Standard,0.0
wNZhZrTrpbg,Standard,0.0
KLYWKPF-BlI,Standard,4.0
RVPOBJta4_c,Standard,0.0
644Vb2Ull5g,Standard,4.0
mMoIJQo91KE,Standard,0.0
8rd1CMShRAA,Standard,0.0
NDJ7M535DTM,Standard,0.0
ecbQsEuRL4o,Standard,0.0
cGkzQzqm4R8,Standard,8.0
VVIeQSZON3s,Standard,-1.0
HMwdeMxoUUg,Standard,0.0
rqJ41O9QNVA,Standard,0.0
AIsi8s4_Pv4,Standard,0.0
kb-0CPcTkBM,Standard,0.0
NYdbG3-qXQ8,Standard,4.0
XXOjBp2_RAM,Standard,0.0
5uEXfcYOUAc,Standard,0.0
IexayHUUjVo,Standard,0.0
fLcwiEMVChI,Standard,0.0
rsS34lyxLSo,Standard,-1.0
CzldYRS_xMk,Standard,4.0
1RNs3SACdks,Standard,0.0
OsqiSIRdteU,Standard,0.0
co6wePw7R-k,Standard,6.0
D3PBX2ZxIYk,Standard,0.0
0bzWdOgHP18,Standard,0.0
D5el2AUiTeE,Standard,0.0
G-sD6SICamE,Standard,0.0
UWhTj_54P3g,Standard,0.0
jKoODo0MsGY,Standard,0.0
Noztt-lvI1c,Standard,0.0
VwHq4Xv3HLA,Standard,0.0
3dXr92-XXEI,Standard,4.0
-WE7BCdVZUI,Standard,0.0
VoPSgiQ3J3g,Standard,4.0
RL-D0k0XPz4,Standard,6.0
uAY-qrim8VY,Standard,0.0
0j1hxAtlFIk,Standard,0.0
FZWG_6Qdibg,Standard,0.0
PbOs36hZMHQ,Standard,0.0
xc_pJW4KpC8,Standard,0.0
TuW_2hytB50,Standard,0.0
UDj9IYBBDW8,Standard,2.0
vN1a0zZ3VC8,Standard,6.0
9pqrvRb2Bn8,Standard,0.0
Yp6xXeicjX8,Standard,0.0
fv-GjX_Fnfo,Standard,0.0
J3d1W7B-J5E,Standard,0.0
2vyMEho3ptg,Standard,0.0
YCwcrfe6PVE,Standard,0.0
Ey5kddw00Co,Standard,4.0
zyf7AyDVhLs,Standard,6.0
-lhUInWh4EQ,Standard,-1.0
uBYPaXHdt30,Standard,2.0
B-9mh_rMkM4,Standard,0.0
YWzO_-uXriU,Standard,0.0
YPckwRMmy3w,Standard,0.0
LfHNNbcXmGM,Standard,0.0
Ek8cGg2blzI,Standard,0.0
xd052s1zGvA,Standard,-1.0
I48h9e7ctn8,Standard,-1.0
p1ENovW33bc,Standard,-1.0
wnlkJVqkpHQ,Standard,0.0
fkatKreDhp8,Standard,6.0
0ZF_N3sibMY,Standard,4.0
7hokJMLh3KQ,Standard,6.0
ZGd6ttLdlFE,Standard,0.0
hnrsrUA1hjE,Standard,-1.0
FqoleL9C0EU,Standard,0.0
eVSP_StGMCY,Standard,6.0
UaUUwHuizYs,Standard,0.0
Ffdii0ShhUM,Standard,-1.0
ssevDicgROs,Standard,-1.0
HIqtDSLQPfY,Standard,0.0
4HS-r0kRyNI,Standard,8.0
lMfQK90A5QA,Standard,6.0
G08gdATct7U,Standard,0.0
tP0LMdlLcJ0,Standard,0.0
W5VXARAgwcI,Standard,0.0
fQ8Jw9s9Jl8,Standard,0.0
_kGeZWwF3l4,Standard,0.0
dO9I5US76QA,Standard,6.0
-8tvH5_JBFU,Standard,0.0
dvmaK3cZTgk,Standard,0.0
g4fMzY8kJoE,Standard,0.0
02WeGfAUjvY,Standard,-1.0
tDwNaI5WRHg,Standard,-1.0
WsO-hp-53rA,Standard,0.0
cLkY9LPzKKs,Standard,0.0
IVg1QT9V9Fc,Reaction,8.0
EyVDLikfr60,Standard,4.0
2wayh5Syl8Y,Standard,8.0
jYvhE0u1kPg,Standard,6.0
Ke0idwOSMoY,Standard,-1.0
W40Q3jtiHNI,Standard,0.0
qSz2k09GD1w,Standard,0.0
wF7X495sX4o,Standard,0.0
IoxzSnAv050,Standard,0.0
wHght9SjpWA,Standard,4.0
j_lhtkXWfKE,Standard,0.0
DPrLiQjx0AE,Standard,0.0
9Qe9FOPlOyg,Standard,0.0
HLtyaBQv044,Standard,0.0
UDvm7Oni7DA,Standard,0.0
lceN7YEh_7c,Standard,0.0
cay1vfT1jlM,Standard,6.0
BGDbleyNmDw,Reaction,4.0
XOdcGRMqqcY,Standard,0.0
T1CAuXbrMEk,Standard,0.0
L7M8w_-EQc8,Standard,0.0
dLjupvbFKmo,Reaction,6.0
p0fH2--0TbM,Standard,0.0
Ilwf0bmXUFc,Standard,0.0
EGUnDFGCcXI,Reaction,8.0
1yVyALN4DeE,Standard,0.0
P4T1GIq2U-c,Standard,0.0
yZ3BjCPXfxs,Reaction,0.0
gBTD5e93K84,Standard,0.0
Ph6yq34lJ6w,Standard,4.0
_lkiRMpb2-I,Standard,6.0
vLf9UHRlBOg,Standard,0.0
ZDtlrzCF5LE,Standard,0.0
YbQ6KxqRVk0,Standard,-1.0
yafXklkSCl0,Standard,0.0
1aReWb1NOHc,Standard,0.0
LhSe-QPtpD8,Standard,0.0
OCqY8QR5ves,Standard,0.0
hWZuXSkitzg,Standard,0.0
NJygSpKNsjY,Standard,0.0
v4ji-ZSPVrE,Standard,0.0
13wibrXbCOQ,Standard,2.0
cl7Ul0nlP6s,Standard,0.0
EJX5SKzIPDQ,Standard,6.0
SFsro6-MJjA,Standard,0.0
iXVC7axf3jw,Standard,0.0
YQvFBaS1IgA,Standard,0.0
xtdUlW_X4qw,Standard,8.0
GDLS5VBGzko,Standard,10.0
UGn-aHhJQt8,Standard,0.0
b1UkSQIrI6k,Standard,0.0
rqS2bEKZ8iY,Standard,-1.0
xZ_GTOJxc6c,Standard,-1.0
BUG2ZisUfq8,Standard,4.0
kVQlXdh_3l8,Standard,0.0
p78swXQKCbA,Standard,0.0
mgMqZaU3Kcs,Standard,0.0
uUx214up1MM,Standard,0.0
mvimLlzNIec,Standard,0.0
Nol8t9cfiPc,Standard,0.0
ndVEKewb1no,Standard,0.0
KxjnXvxZL1I,Standard,6.0
toPw76ZCZgo,Standard,0.0
KSIj7WE2DhM,Standard,2.0
_mfr7T3nyX8,Standard,-1.0
ykKZRIJrKQc,Standard,0.0
K_YJKfeVYL0,Standard,0.0
H-s4bMSAwxs,Standard,0.0
xQIWw4hxkxg,Standard,0.0
mupQOUNa2rA,Standard,6.0
bGwGt3HqVSU,Standard,0.0
GSGR6m-baSE,Standard,0.0
9wjD3gvPyUU,Standard,-1.0
333rt6aUVnE,Standard,0.0
Jw5b5me0xuw,Standard,0.0
OUMHC8ZzbtQ,Standard,0.0
Mjln8qZ5y_4,Standard,0.0
nMYPaXU8nog,Standard,0.0
FpcEKXL0O0g,Standard,4.0
hPtFH0woKlE,Standard,0.0
HHO3WkAbwmQ,Standard,0.0
kPcJbGZ-BTw,Standard,0.0
7Yfww6fD1N4,Standard,4.0
hWjskfaBvEk,Standard,0.0
xyvHcGI3wwY,Standard,0.0
HgmK9aOKYis,Standard,-1.0
4LGPEZxgt9k,Standard,0.0
OMrrC2zMe_k,Standard,0.0
1bttRRh0XbM,Standard,0.0
o23kNK6IfD8,Standard,0.0
55K1locU654,Standard,0.0
L5mkpWvmKAg,Standard,0.0
En0Ef0ZR07g,Standard,0.0
d9m1OJnHGTU,Standard,0.0
HqIOk1LYMmA,Standard,0.0
Pk9RMp0OFN4,Standard,0.0
Z2jpRe2ISng,Standard,0.0
GygTBhbkPvk,Standard,-1.0
mPdtw6CQbQc,Standard,0.0
mrWS0MRpqTU,Standard,0.0
ulm8nQoXTVk,Standard,0.0
mgcK7P3swBE,Standard,0.0
MuO_PckB6o0,Standard,0.0
appQzl_IHcI,Standard,0.0
pkzLLVDl6HU,Standard,4.0
czCT_JcQ19c,Standard,0.0
wBBtTIGQqOY,Standard,0.0
vKqbd7Trux4,Standard,-1.0
SBz2FN2_J0w,Standard,8.0
8UJSTRJnDiU,Standard,0.0
BLNMkIq-icE,Standard,0.0
vyCASWkTSNE,Standard,0.0
wYUn9xSzKuI,Standard,-1.0
AtSEptTmApU,Standard,0.0
1yXihfpYVRE,Standard,0.0
82Aud5btyCU,Standard,0.0
aIm36slhv5I,Standard,0.0
WJVy3xFU8WM,Standard,0.0
MVg9sKpsBpA,Standard,8.0
Oq4gNVr35w8,Standard,0.0
1Qr3OL9Sncw,Standard,-1.0
oTOob03NLHo,Standard,-1.0
mH3n-hjHoNw,Standard,-1.0
-3UmWz2ThEk,Standard,0.0
EckG6sGY_7w,Standard,0.0
uxZvzTwOTdU,Standard,0.0
gnzWX89bRoM,Standard,-1.0
PIut2YoT1PU,Standard,0.0
jv5emsxifY4,Standard,0.0
Mf7EHUAbFJs,Reaction,8.0
7he5FfwzGcA,Reaction,8.0
1JsIKZ71QUs,Standard,0.0
lvAcBDeubdo,Standard,-1.0
d3OjMpjcW9U,Standard,0.0
BlrBkKAiXF4,Standard,0.0
ItHwnP2sOaA,Standard,6.0
bGAZwM3_0uM,Standard,0.0
5hjSUThc2_w,Standard,0.0
BHWapQ382HA,Standard,-1.0
nng3RVRmtU8,Standard,0.0
mFta_yl_CO8,Standard,4.0
RxlAJ4fP9mY,Standard,0.0
L0k8zrKZKCY,Standard,0.0
oswucx2mZ0c,Standard,0.0
GHjMozb5yB8,Standard,0.0
sqVTouWzZ7o,Standard,0.0
2CdMWBUzPOI,Standard,0.0
2bhpJz9vay0,Standard,0.0
nmlWxmPfDkc,Standard,0.0
JGlsvfzmPgs,Standard,0.0
VZ-6Y4mwhUk,Standard,8.0
d1T2q86eNno,Standard,0.0
buhWlmbMLxA,Standard,0.0
5MaGoQgDeck,Standard,0.0
mOLfUZj0quM,Standard,4.0
pSyzLuy9QUs,Standard,4.0
gkFhgpqDe1Q,Standard,0.0
yGVhlvo944w,Standard,0.0
FAx2AtaA4l0,Standard,0.0
jBlp4T20lZE,Standard,2.0
kkpJyTaY1d4,Standard,0.0
N8tDt_dq5rI,Standard,0.0
_7Wyp49pjeI,Standard,0.0
DoLY8aDCJeY,Standard,0.0
dQQUwYN7mEo,Standard,6.0
KTpmmcjc_WQ,Standard,0.0
miGuBh3gYVY,Standard,6.0
9bugZgkLdB4,Standard,0.0
3W9hhRfYPm0,Standard,0.0
OqCr47g9Q7g,Standard,0.0
_956Sd1YF24,Standard,0.0
MFzzVfJvOC8,Standard,0.0
KPtDB-SM-GE,Standard,8.0
dZbB0mh-ILM,Standard,0.0
vZdFFxWBOcs,Standard,0.0
1tXwX-2uJAU,Standard,0.0
kRBszb2eIuI,Standard,8.0
NlOnaygLEdA,Standard,0.0
Ab1xjFV5FsQ,Standard,0.0
33hYVVbO_fg,Standard,0.0
pRvJhD2NA6A,Standard,0.0
dQ_V1FUzNIg,Standard,-1.0
R3bJ59Y81jo,Standard,0.0
Fq-LjVMQlNM,Standard,0.0
I6LdReOzDbc,Standard,0.0
t_sugm2ty1A,Standard,0.0
iNDZQE_UHgk,Standard,0.0
GA5QXxc05sg,Standard,8.0
qqg_iFEgwIk,Standard,-1.0
uxVz9jbqcn4,Standard,0.0
D1mcZSEV5p4,Standard,0.0
kCTtPPq29FI,Standard,6.0
inh6Bhu9cIA,Standard,0.0
wn-v4bn6dJ8,Standard,0.0
IEq0pWX98qI,Standard,0.0
FLP_hCFpiG8,Standard,0.0
d7Cw2_3h8Qg,Standard,0.0
mqWwwzAhjKs,Standard,4.0
0Nx35ONMjm0,Standard,0.0
NqYlfOY9D9U,Standard,0.0
EoJ2FCxv0M0,Standard,4.0
50R-VN0XBVU,Standard,0.0
qCCC98vzrE8,Standard,8.0
7wf-J1SC5dc,Standard,8.0
X2VYPGBPeXg,Standard,0.0
N78-sDs7eng,Standard,0.0
P2VbJqgQW_g,Standard,0.0
bKcgKovxdYM,Standard,4.0
5xe1W1C9Zqs,Standard,-1.0
jJ05lPOMNh0,Standard,0.0
ki9waTOga94,Standard,0.0
3vGXu9i4zYI,Standard,0.0
GrpDtCzTlyg,Standard,4.0
oAHh_ZlJKoc,Standard,0.0
g7nQ03Su37U,Standard,6.0
JjO0JV1oZf8,Standard,0.0
TA7-9nAAc-I,Standard,0.0
_3OahpOYzB4,Standard,0.0
wbvnqfnJ7Po,Standard,0.0
YyVc3NPt6vo,Standard,0.0
XtBexrw6PWM,Standard,-1.0
jOzQ3e6Xxc8,Standard,6.0
Gkrrwb1MBtw,Standard,0.0
RogZOkxQdPw,Standard,0.0
MbCrWph6Nsg,Standard,0.0
tDPr99MAKH4,Standard,0.0
qL-oY9Vg_m4,Standard,0.0
I907EuM8IQs,Standard,0.0
cPwRPnIhXr4,Standard,0.0
hI0XzpNajJE,Standard,0.0
53ZAiMZoRb8,Standard,0.0
wcfGe5_yY10,Standard,-1.0
n0URtowFRfo,Standard,0.0
GZ39At0ZcoI,Standard,0.0
OseE0aEkTUE,Standard,0.0
jaFCyFKn2-U,Standard,0.0
EED1rta8HEc,Standard,0.0
dZx0t_eZ5Pc,Standard,0.0
gGF5dCfv6q4,Standard,0.0
bFKM-RiEWPA,Reaction,6.0
Ymi897y1Wd8,Standard,0.0
Z0QAciEYKLA,Standard,0.0
hduJ_JlSS_s,Standard,0.0
07FrVwiwIL8,Standard,0.0
a-7uQZ3wxzc,Standard,0.0
k1y67RkdneQ,Standard,0.0
lmIAoiBlQ4s,Standard,0.0
zmYQUP7oCXM,Standard,0.0
AFreVlnxQ4I,Standard,0.0
AMZZAopx0uM,Standard,-1.0
jFchN6O3Uik,Standard,6.0
xI8YjQBtAG4,Standard,8.0
mRzL0AhixNg,Standard,0.0
Wc5-xGxHpkA,Standard,6.0
hywDWDbQ5Ac,Standard,0.0
tgwqZYi_JNI,Standard,0.0
Xj0wIm5vcqw,Standard,-1.0
i2xdYWmzkpU,Standard,0.0
ZzKNtRQMYQY,Standard,0.0
2e1CAJRBkaU,Standard,4.0
2nyFSTbsCW8,Reaction,6.0
StxZLBC0gTc,Standard,-1.0
TdArRt3aLNQ,Standard,8.0
iNSlJF2u_MI,Standard,0.0
zESrre1FzGc,Standard,0.0
mgL-LhfdJzM,Standard,0.0
YqUi9EK6IuM,Standard,0.0
sFQNvibG1ec,Standard,0.0
QqQuzrWCjd0,Standard,0.0
56cTNwbm0Xc,Standard,4.0
SOvT7HZQahE,Standard,-1.0
9J-Y2DkD5ac,Standard,0.0
cCxWuABbgZI,Standard,0.0
GhUpOefntGY,Standard,0.0
AISwxXNu7_8,Standard,0.0
YdEqc7QQ6og,Standard,0.0
BFX0PmQm_XI,Standard,0.0
14nBN9oETnY,Standard,0.0
DgCqdIZB2KQ,Reaction,8.0
tnw1oOxuyWo,Standard,0.0
2gA1dp4u56U,Standard,6.0
HkfULCj9ozo,Standard,6.0
2X-lklSnLCY,Standard,0.0
2d3z5CKd_BI,Standard,4.0
fNS5A-y1H6A,Standard,-1.0
rD0ULzqsdN4,Standard,-1.0
8nzRdLYTYtg,Standard,2.0
c2B7LdZ2-NQ,Standard,0.0
Nr-AhX7dt3s,Standard,4.0
uyk0u3GsAxg,Standard,0.0
B_cf-ncAc54,Standard,6.0
QUtKZb7d_SY,Reaction,4.0
naOU0PXsiQ8,Standard,0.0
sPnoEpxn9OU,Standard,6.0
0jE-DG5yQrc,Standard,0.0
SE20mFNIuCk,Standard,0.0
AlQQyciNMac,Standard,-1.0
k9nmfYMYK_Y,Standard,4.0
Atbrpl8VWcg,Standard,0.0
T7FIxxpC0Qw,Standard,6.0
x1iw_MHuZas,Standard,0.0
ZxegLEuH384,Standard,0.0
i6zpetiJtLQ,Standard,0.0
DAwG_5tyKgk,Standard,0.0
qFmZbrmCBf4,Standard,-1.0
OwCxtwxTd7A,Standard,0.0
NgC0KI-v2ss,Standard,0.0
KtIJXEduMX4,Standard,0.0
dWpXA8G0G5I,Standard,-1.0
P1B0H1td25U,Standard,8.0
ni7KhNYql5o,Standard,6.0
-rRNaN5z0c0,Standard,0.0
xCucuFG8JPE,Standard,0.0
fSk4ZtdXtsE,Standard,0.0
59uL5OtS7Hc,Standard,0.0
068X9r7blKQ,Standard,0.0
-l6CcuqULxY,Standard,4.0
98WjKTW4CYg,Standard,6.0
gyUzY4z3gIA,Standard,0.0
yiu7eg8xNTM,Standard,6.0
6nrUbx8zN3E,Standard,0.0
XgPZiWXOA5k,Standard,0.0
6DtazEJrcAU,Standard,0.0
9KG5v3jSABg,Standard,4.0
I7ZarYbxcE8,Standard,0.0
HDsW9bf7K4o,Standard,0.0
fKYXC3DnT9c,Standard,0.0
kkypeJlGApI,Standard,0.0
4HJZ5zIWJ2I,Standard,0.0
veoRT52RZcI,Standard,8.0
p7BTnYYWySs,Standard,0.0
lW2b8GrqWBs,Standard,8.0
Owt6TDhTUFE,Reaction,4.0
Ip2vK_4J7Nw,Standard,6.0
Xvg4HTJC_tA,Standard,0.0
WUONyqd2wDg,Standard,4.0
3v_0jYRHQCs,Standard,0.0
bVFB67bF1hA,Standard,0.0
x1FIWpG3TiY,Standard,0.0
p1fvX7qm188,Standard,4.0
lCFtYUUNolY,Standard,-1.0
0T8fQP1ei8A,Standard,0.0
rOvzx8lre1k,Standard,4.0
RIMehdaUtSM,Standard,0.0
17ZQQSoEUGQ,Standard,4.0
GzbF-5ZB_tI,Standard,2.0
WUQSi7uEJgI,Standard,0.0
PrDpdTpvSd8,Standard,0.0
XEzbeQe8GZ4,Standard,0.0
WJnY1Sg2Bsg,Standard,0.0
ch67DrgQT0g,Standard,0.0
tZcUUgz31Hc,Standard,8.0
jN9SaskFnm0,Standard,0.0
xl-ZkOBSrxY,Standard,4.0
_5zDy40mRy4,Standard,8.0
6bRRoEBZy-E,Standard,0.0
Cr4aa4jKwBc,Standard,8.0
rHn0bTWXLt8,Standard,0.0
O08XLTz4wHk,Standard,0.0
5uenQxXZO4M,Standard,0.0
986N0K4DbfU,Standard,4.0
w192ENSsKs0,Standard,-1.0
-J76h5sOE_o,Standard,0.0
GDJ4tfmdADk,Standard,0.0
_k7qbEYSJzU,Standard,6.0
bP59TbsN9qg,Standard,8.0
C7E_FDEFvws,Standard,-1.0
zj1jf_u3VvM,Standard,6.0
Cm7bnjNju0Q,Standard,-1.0
3R0JorF2PT0,Standard,0.0
SjOMTSTiiqY,Standard,0.0
0r4KS5LcFDw,Standard,0.0
YR1jv7BigrE,Reaction,8.0
U4CgSlfAOcc,Standard,4.0
R_59LY5P2Bk,Standard,0.0
x8I808hbtbE,Standard,0.0
tAtAdbefodU,Standard,4.0
0XU-helUEY4,Standard,-1.0
WhqbSb6H9Lg,Standard,0.0
wLGfMjyloeQ,Standard,0.0
Lyv5QbDNUQI,Standard,4.0
WU9vvDl15tE,Standard,0.0
Ti8re0pGqN4,Standard,0.0
EgWwmSYc06I,Standard,-1.0
wnX_mRr8wB8,Standard,0.0
dxqQ5OYQkoI,Reaction,4.0
_5wSP5tdxlw,Standard,-1.0
JIEDxrs9W0I,Standard,6.0
2JU549lesac,Standard,0.0
LCzpx70g6zQ,Standard,4.0
wziaJ_G-Myo,Standard,0.0
C2kbFGQBo2k,Standard,0.0
4nmFzzLcj-M,Standard,0.0
6VesnYfCjwk,Standard,0.0
V-100WAOSZM,Standard,0.0
5nhdXnMIBQY,Standard,-1.0
ySx8RQeW-HI,Standard,0.0
q9QEv34_x-k,Standard,0.0
iRh908HE2_8,Standard,8.0
QGZZIPdSez0,Standard,6.0
8c5m89jjPws,Standard,6.0
wpGz8SBuXUw,Standard,0.0
wSbcX281FDM,Standard,0.0
ds9PzBgAsVs,Standard,0.0
BD7MMHeXzvg,Reaction,4.0
dajmzB67i6s,Standard,0.0
rRJrxqNyAG8,Standard,-1.0
MgAZNAQNu7E,Standard,0.0
QJU7wcGXBDY,Standard,0.0
I-hsmX4uWN4,Standard,-1.0
NDY5cqYkAiE,Standard,0.0
DLF2HHgy-bc,Standard,6.0
WVywtgZU6Jo,Standard,0.0
kFbenqQie4c,Standard,0.0
_Q_cyr2r044,Standard,4.0
h3fAHeQIAu4,Standard,0.0
H6Lqi7qVPvA,Standard,0.0
tJQzJllCW20,Standard,6.0
TjMrhgj1kcY,Standard,0.0
h5igWTl0u8g,Standard,0.0
nuNVuy-ieYU,Standard,0.0
NUmBSIse3d4,Standard,0.0
3IYeTzUBMiY,Standard,0.0
EHYTeCr1oak,Standard,0.0
rp0sYG4u7bE,Standard,0.0
TM72KztZB3U,Standard,-1.0
vO21AwLIa1w,Standard,0.0
L1EAe9qvLm8,Standard,0.0
hkt40Foo4_Y,Standard,0.0
iDILw_Xe6v4,Standard,0.0
SuPEQzQhwms,Standard,0.0
oxLMSvOaZhw,Standard,0.0
YAiUkIlkJEQ,Standard,8.0
Wd5cVx5YfjY,Standard,0.0
UWoao_RNmlg,Standard,0.0
qVB7UfM-OH8,Standard,0.0
m2EizBqrAHQ,Standard,0.0
15AKFLhXySI,Standard,0.0
MdiQv4t2Bqw,Standard,0.0
Mw3IQQmrpSE,Standard,0.0
YdfZuD2hBA8,Standard,0.0
r86NCgEjreg,Standard,0.0
YLCUm7m2FfA,Standard,0.0
QJSH00ZjhZk,Standard,0.0
CezZo8PeF4E,Standard,0.0
ach5U-CLdIk,Standard,0.0
uM_QjvjLB70,Standard,0.0
gKDaRNwLnZY,Standard,0.0
7I0uhXIJ_OY,Standard,0.0
C62ClqOE3Uo,Standard,-1.0
hlxl7tYSXmA,Standard,6.0
TJ_67mkyt68,Standard,-1.0
_AatKRNyno4,Standard,0.0
VwjO8gcajKc,Standard,6.0
W4oHAxOc020,Standard,0.0
uQO56f74AAQ,Standard,0.0
pZzdaut4Uz8,Standard,0.0
v8fkZKl55Gg,Standard,0.0
y5yLdEITwmg,Standard,-1.0
voeFoww_094,Standard,8.0
9klgrDb79SA,Standard,0.0
6gUTIq38ZZA,Standard,0.0
fKh_yy9ltrI,Standard,0.0
rui67ZEJ064,Standard,0.0
PiPced4AF20,Standard,0.0
ZMZcu6l5h3s,Reaction,0.0
B8dOSQXNcug,Standard,0.0
ko6HMTMwz2A,Standard,0.0
0-ZYxUNnEHU,Standard,8.0
RyxdW-ql9eo,Standard,2.0
kGlGYFbIZUk,Standard,-1.0
zgbavhHTjFI,Standard,0.0
ziA2zWsSGLs,Standard,0.0
TcWu9wpSZ7k,Standard,6.0
baZcedXXG9Q,Standard,0.0
amImdBd_WY0,Standard,0.0
1RxOrHJYdDE,Standard,0.0
EjBA7FKwsgg,Standard,0.0
jU1lU0c25XY,Standard,0.0
LjIg9-Yji7I,Standard,0.0
mdBL7fxViMc,Standard,6.0
5dG0NQWwTf0,Standard,0.0
zSUQuSCK-MI,Standard,8.0
87haGW6mkKM,Standard,0.0
b4dtoGx0Y0s,Standard,0.0
4aEOBjvs4W0,Standard,4.0
ZOzp0By1Bmg,Standard,0.0
MHSIK_gw3Pg,Standard,0.0
f_r-mRgnlNY,Standard,0.0
DeBYcqLqQmI,Standard,0.0
ewmUAYIT88Y,Reaction,8.0
JYUmf8ATgQg,Reaction,6.0
xMcptVkDECM,Standard,0.0
-Ri211G1r0k,Standard,0.0
v4ECq5VrGVE,Standard,0.0
2nf9dgxBOnE,Standard,0.0
DaiMTyDWojY,Standard,0.0
QfqHeVaKdn0,Standard,4.0
5tHwMmVTs54,Standard,0.0
UtnwGs0uW70,Standard,0.0
pat95GfgEgU,Standard,2.0
g_1o34U6JKc,Standard,0.0
rHG8u2R0U9o,Standard,0.0
8bebcVzPV98,Standard,6.0
BtKw59-8IRA,Standard,0.0
UddUShVOGa4,Standard,-1.0
apqbD6eBd5g,Standard,0.0
Hju_Xko885k,Standard,8.0
p5CErBUkWVY,Standard,0.0
B22vMl-eBXY,Standard,0.0
AzCOls9L-OE,Standard,0.0
y-DMJP6f-lo,Standard,0.0
UpFVm3FBbz4,Standard,-1.0
ojNYga0Q_sc,Standard,6.0
uGgFzI8acBM,Standard,0.0
tWPMuQ3sj1Y,Standard,0.0
flPNQldMyHs,Standard,0.0
4F4xnFTJurc,Standard,-1.0
ZYU6UfCDluQ,Standard,0.0
K6BZYY8BZp8,Standard,4.0
UzF9GW-Btq8,Standard,0.0
QFDByNUXXK8,Standard,0.0
9PZP6uUaBFY,Standard,0.0
ertf4Vr7-Ts,Standard,-1.0
aVGNNXXfns4,Standard,0.0
MUK_5Lz5GA0,Standard,0.0
fOI-JaHbnTI,Standard,4.0
W0V3H6_yCpw,Standard,0.0
dTnWNRzH1yg,Standard,-1.0
W20fUuVWf_Y,Standard,0.0
_qUvUJKWeLg,Standard,0.0
bTvOKi726Sg,Standard,0.0
LD9JiaymoaY,Standard,0.0
u4efgnGUgBU,Standard,0.0
4d1Xj4AJ9OY,Standard,0.0
PpJZ5x2asJE,Standard,0.0
EmfbIFaEU8Y,Standard,0.0
4a_K29VOvX4,Standard,0.0
pPCzJUd5euo,Standard,0.0
fjQTG6ek8yk,Standard,0.0
ItEYkRwc3kk,Standard,0.0
ZQDmpZ8UH6Y,Standard,-1.0
UHQhI5oI_1A,Standard,-1.0
JhOeKB_3BqE,Standard,0.0
vVRHFa7fVmQ,Standard,-1.0
Efjauvo9fnY,Standard,0.0
w9hhnsCpHe8,Standard,0.0
R0iGgzJQltU,Standard,0.0
Sszjq3S7uCU,Standard,4.0
w1QeRBgKpkQ,Standard,0.0
1LiV6LAQirI,Standard,-1.0
DFPoH-M5APM,Standard,0.0
PXzXWisXSrM,Standard,0.0
WRJBc-8Xpbw,Reaction,6.0
OwzqLemLYMQ,Standard,0.0
Tsp3xHoUWDE,Standard,0.0
tiVEGL8eLdc,Standard,0.0
JZJL1aM0KAE,Standard,0.0
Zmg69YLB428,Standard,6.0
dgCjmZQedN4,Standard,0.0
TI5xVMC26JM,Standard,0.0
P3JQHIiX9Ho,Standard,0.0
BjzE3nusBlk,Standard,0.0
tPuoN0PhE50,Standard,0.0
9k5FV76c01o,Standard,0.0
o4P79bVzwj4,Standard,-1.0
Xpgy-hOCSpE,Standard,0.0
HgSM_LegsH8,Standard,0.0
vN6PeLYz1aU,Standard,-1.0
7Nr2IJVLwO0,Standard,0.0
vDTV2FBs9LA,Standard,0.0
gQvSqdTFCUs,Standard,0.0
fWld8UvPZsw,Standard,6.0
wJ0ZrWI3rdA,Standard,0.0
vn6_rR-drHU,Standard,0.0
dfu4Gz6YWaI,Standard,0.0
gq3HQ4N_QoM,Standard,-1.0
eQYgXY8mnZ4,Standard,0.0
gibOifxHHtQ,Standard,0.0
YZG40soRF6E,Standard,8.0
_ouaafFqLus,Standard,0.0
56fDsgdbqSQ,Standard,0.0
wvoZU3m3wVw,Standard,0.0
mpslmnuEA0I,Standard,0.0
ifA2sKzEzSk,Standard,0.0
yeJgOA0SkDM,Standard,-1.0
QMvd1dD8NdY,Standard,0.0
QEXYFUG-SoM,Standard,4.0
N3J5ESyofAQ,Standard,0.0
SgjqQm_WQVI,Standard,-1.0
KOj0-Z-N50Y,Standard,-1.0
eS0iwUhOFLk,Standard,-1.0
2HQWcnivfeM,Standard,0.0
C0avZBWZvtA,Standard,0.0
Czgws0VDJuA,Standard,0.0
NIIcTAH70O8,Standard,0.0
nHhKy2DRQ_k,Standard,0.0
zO12XFnu-3Y,Standard,4.0
hNePMqueLkY,Standard,0.0
TEC6lBfdTZM,Standard,0.0
Xrv1uIALyAY,Standard,0.0
qqSvC_R-1BA,Reaction,8.0
hp0gOpDD9mA,Standard,0.0
0IeASNkW_DU,Standard,-1.0
0-UFAmm4HQQ,Standard,0.0
hQl5FDzDrR0,Standard,-1.0
a0B23bmukpA,Standard,-1.0
hOIv9cZTpWA,Standard,6.0
jmnLCi6fSwM,Standard,0.0
ZhuxF2v-IFo,Standard,0.0
O06d19Hh7sM,Standard,0.0
N694a4f7EuU,Standard,0.0
UAZESX_juSY,Standard,0.0
cjHHTF754uI,Standard,0.0
FI6mPs6AhTM,Standard,-1.0
SZv0C5iSMe0,Standard,0.0
K3_VunlXxuw,Standard,-1.0
iHdIZkkrGng,Standard,0.0
5JpkaWsy9sA,Standard,0.0
3RNkGdLP6WE,Standard,-1.0
yreiojlt9YU,Standard,0.0
nBmmhvGJsVk,Standard,0.0
3NDV6-k93Wg,Standard,0.0
8CqAoHvn5Sk,Standard,0.0
_7DLzLaMQiM,Standard,0.0
EfFWcGi357E,Standard,8.0
hrqO326ikNA,Standard,0.0
f6CGiVQasUE,Standard,-1.0
utteUSKlToQ,Standard,-1.0
HLR56F2jHOw,Standard,0.0
0n5ovJzkVoc,Standard,0.0
MsDWkUOr_vI,Standard,0.0
P4EsgbTUDGw,Standard,0.0
KdwMvEE2wpw,Standard,6.0
4SJxzBu8n-A,Standard,0.0
x2l9GCFT0DI,Standard,0.0
kWmzSsflKDo,Standard,-1.0
du-eouvt7jo,Standard,0.0
eOdsYgJRahk,Standard,0.0
xKBBt6Ug8M8,Standard,-1.0
eEWlPRVmwuY,Standard,8.0
aYe0yhC9JKE,Standard,0.0
heUnikbP_hQ,Standard,0.0
muKR_MnwdQw,Standard,6.0
eU0JkJbCW8U,Standard,2.0
--rstlWpmYM,Standard,0.0
o_O8HVgFA_Y,Standard,0.0
1OSeEOH8QU0,Standard,0.0
5PERMIVA7Z0,Standard,0.0
6EszrIR9Ssk,Standard,-1.0
hmj9HtmWTXc,Standard,0.0
Wrb7K0BT8zs,Standard,0.0
EQWBTeqRntU,Standard,0.0
W16fMgG_YRU,Standard,6.0
C31vI-Jgyxs,Standard,0.0
0vForW-ZrXY,Standard,0.0
BZj6YxUeAsA,Standard,8.0
niznYLo55Bk,Standard,6.0
LuuZuy1f7wM,Standard,0.0
y4rVwSm5baI,Standard,0.0
WhQzdR78dh8,Standard,6.0
2Ty1RvnulrE,Standard,6.0
fC9UyzMg7RE,Standard,0.0
WvAdQZ2oJh4,Standard,-1.0
4DtSLrL293o,Standard,0.0
zpiWKjNZHt8,Standard,8.0
2ssc2pDjEV4,Standard,-1.0
du-3GLfMML4,Standard,2.0
I6hJT1sF2y0,Standard,0.0
xIM8Xvi2htk,Standard,0.0
9Gxu6DHBUQI,Standard,-1.0
qRIc9q593Uo,Standard,0.0
wBAQjDF95zQ,Standard,4.0
NhZNKPE17GU,Standard,0.0
xP8QCz3JIVw,Standard,0.0
s0jJ4hSNEH8,Standard,0.0
cnkMK9fRHV4,Standard,6.0
SjddLDyViq0,Standard,4.0
R4grht8yEiw,Standard,8.0
GASa6BtvYV4,Standard,0.0
mVksmxD6vXY,Standard,0.0
fTXYskvjtIY,Standard,0.0
pxs68D-J-_A,Standard,4.0
tXGkoaKD4rE,Standard,8.0
zC7fBif7fSM,Standard,0.0
j4L1iZorSY0,Standard,0.0
rQ7OGbhvscQ,Standard,0.0
EPGaK666L4c,Standard,6.0
pema5hGFI3c,Standard,0.0
15nM67IIV_8,Standard,0.0
UFNRvsgx25s,Standard,0.0
SnZ56feA05s,Standard,0.0
YMRL8dwoEKc,Standard,6.0
j_fEbIAMvUo,Standard,0.0
8fBPgha1shE,Standard,-1.0
Yns89MpLP-s,Standard,0.0
mUbMv8n5jH4,Standard,0.0
xVXTVUsXE8Q,Standard,0.0
ByfJfC_68go,Standard,4.0
0mdG2QHl28k,Standard,0.0
Ad50HI-9S4I,Standard,4.0
O6_MflGswMU,Standard,0.0
w6ofcf00RyM,Reaction,6.0
nCJ6UuDcu4c,Standard,0.0
x6b5GUn-nNc,Standard,0.0
8W4-iQ9ioPA,Standard,0.0
Fz0Pav_rGek,Standard,0.0
6ZrspYdgCNQ,Standard,6.0
yfwhT7Qi08w,Standard,0.0
FcJ6SRb3Dwc,Standard,0.0
4wBEWQ9WeLQ,Standard,0.0
nLaUOYWtgBE,Standard,0.0
RFG5Na4u4XU,Standard,4.0
zgD-BSizUqY,Standard,6.0
397jc1GUO-U,Standard,0.0
VRz3w_4qfXY,Standard,0.0
LNUlmVX0Hp4,Standard,0.0
z06w8yQ-g1E,Standard,0.0
0LkGQecdTHE,Standard,0.0
-bOWmCB3koU,Standard,4.0
GH0T9T-bvhI,Standard,6.0
3xsa3IJPVao,Standard,0.0
0tKO3enrZII,Standard,-1.0
4JFaTmy3lUw,Standard,0.0
GExvSEy5Nrk,Standard,0.0
N7Rsbs2w34Q,Standard,-1.0
_q6C9QxC2TQ,Standard,0.0
nim6CtZii-w,Standard,0.0
9gpC_xneqcs,Standard,4.0
uamwtKkZIKE,Standard,8.0
BUij9nceI18,Standard,0.0
zlARdJfX5SE,Standard,0.0
6IViJRO6_z4,Standard,0.0
1SxRTX5WFSQ,Standard,8.0
04swx0yuiZs,Standard,0.0
mIoW2f8RFbQ,Standard,6.0
GwiIVMBiOcA,Standard,0.0
6_rIPqATKBM,Standard,0.0
4g1_SKD9ibk,Standard,0.0
PUqc-B2AC3A,Standard,0.0
MRuYhrTyDOc,Standard,0.0
yi-0bUMBlTY,Standard,-1.0
BQQNRAmWLrg,Standard,4.0
pktCBWtqlRw,Standard,0.0
gIEuXQyI9uc,Standard,0.0
6URHBsYwadU,Standard,6.0
ogRqlb6hHMQ,Standard,6.0
ffURPjGPQxE,Standard,-1.0
YgwsOP9HoYA,Reaction,6.0
337gqBhehFs,Standard,-1.0
WSaaHZsLTpM,Standard,0.0
ycRIyYn6GR4,Standard,0.0
FM-GS7nrKm8,Standard,0.0
97KfKnnKUYQ,Reaction,6.0
G48sDZmswyo,Standard,0.0
zn9MN7H-y0o,Standard,-1.0
zsVHxpRI9tE,Standard,0.0
UkHS-OZ7glQ,Standard,0.0
3RdFZqjSfDg,Standard,0.0
ysV3C4KyyOI,Standard,0.0
H-PrF0yKpt0,Standard,4.0
LVWAwweNwIU,Standard,-1.0
ysiLH-MCl9Q,Standard,0.0
tMC1i3H4VlQ,Standard,8.0
FtSu6duYjX8,Standard,0.0
ex4HZCEmTQA,Standard,0.0
izf6yTbM22Y,Standard,0.0
qgBv1_7gpqQ,Standard,0.0
fBXPiukTTRc,Standard,4.0
HnW2sjL5HqY,Standard,0.0
zTDWbZE3kPw,Standard,-1.0
zZb0b-q-qyE,Standard,-1.0
xnHUOpmRI58,Standard,0.0
7AHbog5Yvec,Standard,0.0
piNdZD_1g2Y,Standard,0.0
0I4YDb5_iKg,Standard,-1.0
264qparn9-w,Standard,0.0
GBfqAPsfveE,Standard,6.0
rlqU4br1V-M,Standard,0.0
z0Mf0vMZScE,Standard,-1.0
U1VpZK50__k,Standard,0.0
V9MTbXBlkZc,Standard,8.0
Uj0ggxnb3rs,Standard,8.0
P8dSGYkJyUA,Standard,0.0
x1Ma96APvuY,Standard,0.0
070rJdNNZaU,Standard,0.0
tI-_iGOfivM,Standard,0.0
B4MJWIlFHuA,Standard,0.0
RQMkh6IPxnA,Standard,0.0
UE08GFmyu98,Standard,0.0
AoJiLMCJ9fg,Standard,0.0
vuZFoH2jcv0,Reaction,8.0
LdOKkKs_Hbk,Standard,4.0
7N2JR8-qsRM,Standard,0.0
ycJMGpvcsEg,Standard,0.0
DGjdWJix_WY,Standard,0.0
FGgnsRljRvQ,Standard,0.0
1wPSkEnmqdQ,Standard,0.0
wuEcuCRY_S8,Standard,0.0
7AP_b3_lPus,Standard,6.0
MLx0DsovOzM,Standard,0.0
nHlVPYVevGU,Standard,0.0
_T8k2v77qv0,Reaction,6.0
A1SMaIl-ofI,Standard,0.0
2XfkhJdHdNY,Standard,0.0
wYcowSYyHV0,Standard,-1.0
lkvQbgi9vTI,Standard,0.0
RyAr6Qzcz0g,Standard,0.0
TR-p0515Cic,Standard,4.0
alSTj27rnfI,Standard,0.0
sJIVHQhhDS4,Standard,0.0
xZgDciWT1Ig,Standard,0.0
zRg3PjmZg-E,Standard,-1.0
bedpD3ZM4Go,Standard,0.0
uIwBUJ3rS2w,Standard,0.0
xIW4NJxApgk,Standard,0.0
sKgjfUGIPmU,Standard,6.0
HhR4ybC3j6E,Standard,0.0
YQUkT2mDepY,Standard,0.0
FQo8fKGdPWM,Standard,0.0
iiPHNt_lRNU,Standard,0.0
_dvyApNCHsI,Standard,-1.0
A3qz7bIBkKo,Standard,0.0
2i7V84C-RrM,Standard,8.0
rOS-erjEncE,Standard,0.0
TOSIjjG51dE,Standard,6.0
N7rvA_1ZJkk,Standard,8.0
fqHm6wEzu9E,Standard,0.0
f6C6M-oYSHQ,Standard,-1.0
7D5SldFdHME,Standard,0.0
eJt0noRiKUs,Standard,6.0
awremcZXSlM,Standard,0.0
U4uml0LaHfk,Standard,4.0
Ng4tUYWjT_A,Standard,0.0
uM59DvZX4mo,Standard,0.0
zqGws6FU8GU,Standard,0.0
cnf7SMdfskQ,Standard,6.0
AFJiU8XfL-w,Standard,0.0
-Fb9VVL0YS4,Standard,0.0
R3G6iWioNT8,Standard,-1.0
pfV_1BKGcc8,Standard,4.0
-L6a0xZBslI,Standard,0.0
Z6LUSSHiKS8,Standard,0.0
S51CFPTOV6s,Standard,0.0
vX9sR0axLaE,Standard,0.0
tXMZkCM2ROc,Standard,6.0
Y0JMhaObjrg,Standard,0.0
wawHtH0I33w,Standard,0.0
ceXtcEcfgLk,Standard,0.0
e4Dz57iRm9Q,Standard,0.0
euFcnUJJCPw,Standard,0.0
cMLNZjZMNDo,Standard,0.0
lIpUZGdpNYI,Standard,-1.0
k0ZJympKY9c,Standard,-1.0
Fdx97Cad_qo,Standard,0.0
g7K6__CV2Rc,Standard,4.0
b8mH72hbdzE,Standard,0.0
lA33sA_yCR4,Standard,8.0
6upiH-nNVRs,Standard,8.0
kgJHKIwU9yQ,Standard,4.0
KtNNoMFnFiY,Standard,0.0
GxRZS4Ehvcg,Standard,0.0
yvI-0Hod_FY,Reaction,0.0
r6F7kgr-NSs,Standard,0.0
ya36apZnVyw,Standard,0.0
M94630jUDss,Standard,0.0
VRD6ssWkr5U,Standard,0.0
179pPSmpRlc,Standard,0.0
BXYP57nYObQ,Standard,6.0
4GlqT6vHWOw,Standard,4.0
4E_hj_zlyNo,Standard,6.0
dlQFVUlbaYc,Standard,0.0
7WBk51uHPbQ,Standard,-1.0
DE9MHwXT0e4,Standard,6.0
1cXuWHRXT3I,Standard,0.0
7FS3gz0FsuY,Standard,0.0
uOvTM5FxrcI,Standard,0.0
PqbR2deMCJM,Standard,0.0
P6TSQRCPsPE,Standard,-1.0
tO0FZqqQHUo,Standard,4.0
kOtyZCYbuUM,Standard,6.0
kW0OOMOeU5c,Standard,0.0
YNIcFMYwI4U,Standard,6.0
b7drFL_fHD8,Standard,-1.0
PYdiEBiwAzs,Standard,-1.0
_uLjYlNHbck,Standard,4.0
EPkYuMlXJEg,Standard,0.0
CwVii4s15ak,Standard,0.0
t-btG_1Bk-I,Standard,-1.0
vCYbFKSPUHE,Standard,0.0
Q0pY_1BNeBE,Standard,0.0
CAf8paY89HE,Standard,0.0
HYxNyxlc_J8,Standard,8.0
LMXXX7uUQ0c,Standard,0.0
cPJDvP_sTdk,Standard,0.0
PkoOCBkuvws,Standard,0.0
_ClRqhS_K7I,Standard,0.0
oH9kgRhap80,Standard,0.0
hQY7h-O7stM,Standard,0.0
8orjmsII7zI,Standard,0.0
1C09FYDPtbk,Standard,-1.0
8eyJ7s2YTB0,Standard,0.0
NMObZI6Cs2U,Standard,4.0
AQj97BXxTBk,Standard,-1.0
K-Bk8xhdThY,Standard,0.0
cRVEiz2btT8,Standard,-1.0
yp5tdtsPqys,Standard,0.0
HIRikB6BLOs,Standard,6.0
z0FLUnTcYLA,Standard,0.0
Q2PWdNb5aUs,Standard,0.0
giL_TQwWF5Y,Standard,4.0
NAIGjUdTeB0,Standard,0.0
D5x7FkyrDuU,Standard,4.0
nTJgU_ddUqE,Standard,0.0
clxQ2Ef4Xzs,Standard,8.0
U1C5SgQwytI,Standard,0.0
LvLp7Qkx85w,Standard,0.0
e60mLHdveKc,Standard,0.0
C8czKnO9yLE,Standard,0.0
grawpbxDm0g,Reaction,6.0
iMmtw_joaVc,Standard,0.0
74n5yg_BV_E,Standard,0.0
AP89aL4Ku2E,Standard,4.0
Ib4EMInIXZw,Standard,0.0
33Y3_cURyPo,Standard,0.0
HjQmNfmTWSg,Standard,0.0
_ZXJKfRDKm4,Standard,-1.0
ylQYdyJAS3I,Standard,-1.0
OSzLcN5guls,Standard,0.0
B9S0KlJ4bpg,Standard,0.0
xSHRudu1XVY,Standard,0.0
Rvf1HX2jmds,Standard,0.0
zGXGKwhnMz0,Standard,0.0
okCgVkFvbdU,Standard,0.0
CgX6tZ2iVkw,Standard,0.0
FhBHY8M31aM,Standard,4.0
nwZwXilQNl4,Standard,0.0
rPtYDjPLwi4,Standard,6.0
MszMKxQtC8U,Standard,0.0
TMJJEBW0kH0,Standard,0.0
VPvJeqDFlRs,Standard,0.0
U-A8Ta5A_BQ,Standard,0.0
ZZrcvqtDkQ4,Standard,6.0
cDFMPygmLTQ,Standard,8.0
tnbTSUL99zo,Standard,0.0
zM0JZ2TLfaA,Standard,0.0
cnzFPwxW5fk,Standard,0.0
4juplD2ZvRo,Standard,-1.0
1swyINa_vxA,Standard,-1.0
DFYoXmCDIqc,Standard,0.0
E5LXjnTaJMU,Standard,0.0
inDA_z_XHso,Standard,0.0
n2Gw-uizM4Y,Standard,6.0
SBJJq31Hdis,Standard,0.0
IqdwIVNjOzk,Standard,0.0
IdT--SUIzB0,Standard,0.0
w0ABYtDzbNU,Standard,0.0
RqFOul_-_44,Standard,0.0
dT7jwQl8e0s,Standard,0.0
85_3XBq87GA,Standard,0.0
p0gtpKSnIeI,Standard,0.0
8XGwHtgl0d4,Standard,0.0
X__Fa-5mRyg,Standard,0.0
m9jANT8kAmM,Standard,0.0
yqd4hHBDU2E,Standard,0.0
GrI-QeFAjC4,Standard,0.0
07AoFyU2dSM,Standard,0.0
dM1l9l72Pyw,Standard,0.0
iVVuc9w6qxs,Standard,-1.0
ig1baYkw7xI,Standard,0.0
bXOGhj13a4s,Standard,4.0
JZZueYyLO8Y,Standard,0.0
K3rnXKZUKjo,Standard,0.0
wsaQfrd2mTc,Standard,0.0
s5_xhCndzyA,Standard,0.0
KtgG_v_3P10,Standard,8.0
xkGpiNcdop0,Standard,0.0
yJcxRht9xfE,Standard,2.0
dkr20WitrKs,Standard,0.0
lb4oXvfIXTk,Standard,-1.0
n7Ct6eYG3I4,Standard,0.0
4eanjDpQf7M,Standard,0.0
pC2zamWEyXM,Standard,0.0
IkDdi5aXTl8,Standard,0.0
Xv2iv3SpqHI,Standard,0.0
SzvKdBcrG5s,Standard,0.0
ELAG876NcU8,Standard,0.0
DXeeyjm46dA,Standard,0.0
q_gqXz24JgM,Standard,4.0
KrVhmrBDnH4,Standard,0.0
ircZ7ur5-aM,Standard,-1.0
7ryHVux76HQ,Standard,0.0
Rqcl9A8t8Jc,Standard,-1.0
h_ZsYK1yIxw,Standard,-1.0
RGPyDHcZP20,Standard,0.0
C6qYNPg-lWI,Standard,0.0
-goRwDjusso,Standard,0.0
u0ca0-6FqCY,Standard,0.0
xVmfxaxN68s,Standard,0.0
0Hf-8P_hN_A,Standard,0.0
Pa6YLdmsy-o,Standard,0.0
E0eMBCbUFdg,Standard,-1.0
azxEeT0wW4U,Standard,0.0
5gGsf8ROgKI,Standard,8.0
WkyRIrQLfgM,Standard,0.0
TCj18DHgUxs,Standard,0.0
cN21HY_sZfU,Standard,4.0
rxCVTsSrt4o,Standard,-1.0
NFHy9eVsdvs,Standard,0.0
wlVC34eFRx0,Standard,4.0
gZru04ZfCD4,Standard,8.0
yRlrzQOx1V0,Standard,4.0
KBBI4SgTy9s,Standard,0.0
cC4_6qJ8fmU,Standard,6.0
-FKrEMGHuOY,Standard,0.0
NfmNWdR1DV4,Standard,0.0
wKmxQcIRd6U,Standard,6.0
niDjwz3mLqI,Standard,0.0
GQPT17xIfPI,Standard,0.0
q7FMeL4FxQw,Standard,4.0
6FlPHpCEwL8,Standard,0.0
3Pa4obUfHxc,Standard,6.0
td44KGOmMyM,Standard,0.0
ndfKKx91knI,Standard,0.0
qe85g177GP8,Reaction,2.0
1Y8zrOaTs14,Standard,0.0
XqoEH3cvZEg,Standard,0.0
d5R4-HyN2O4,Standard,0.0
H1h7eKGS1Xs,Standard,0.0
_scURqy6xUM,Standard,0.0
XAjetftjZQQ,Standard,0.0
HFVuJe3XSls,Standard,6.0
riLc7VtNoiM,Standard,0.0
G8qVISe5kG4,Standard,0.0
KIy_MGSZHAU,Standard,4.0
geT__NJrUxU,Standard,-1.0
PgMvAGRo0w4,Standard,8.0
nWMiM7GhSYY,Standard,0.0
AN4vsDtcMT8,Standard,0.0
yjh2Ed2t7qs,Standard,0.0
SyNmCdxkFxU,Standard,0.0
O1zWtAR69Sk,Standard,0.0
H1QTdaKDfj4,Standard,0.0
TGaXXlVNDP0,Standard,0.0
EWzmZ0ALjV8,Standard,6.0
JX8MgduvhkA,Standard,-1.0
0QX9IIb6RUU,Standard,0.0
4_B1ST7_KA0,Standard,8.0
XL8sLESqpcE,Standard,8.0
yojSa3MQj9g,Standard,0.0
wGdac3WaxfY,Standard,-1.0
fUa6TXuypo0,Standard,0.0
3UxMtJS0bco,Standard,0.0
6OBInIwqAzw,Standard,0.0
QtFY2AzSgus,Standard,0.0
H9KC05nlLhM,Standard,0.0
mWlCqMLw7c4,Standard,0.0
uwegjXMsfE0,Standard,0.0
Tov4SjcZd4o,Standard,0.0
VKo9Omi8pbU,Standard,0.0
okkTvAGfBVQ,Standard,0.0
KtsLr6_RNhc,Standard,0.0
Kw7d5Xvx9F0,Standard,0.0
jjpMC-9CC6Y,Standard,0.0
ZB_79kLx7rk,Standard,0.0
l6fAzX9lnZk,Standard,6.0
PE4-nDqMAbE,Standard,0.0
hDVUewsNACM,Standard,0.0
80BqfUKqCtk,Reaction,0.0
4h3cG1baIbM,Standard,0.0
VmYbq3S9RSg,Standard,-1.0
7fA-5QRAKmY,Standard,0.0
4U6k-5HW7Ms,Standard,0.0
Xwcuzq_uUl0,Standard,0.0
R5F7Hr82DFo,Standard,0.0
wxeVWN9KD4w,Standard,0.0
oKuWzaSdaEw,Reaction,8.0
pCGiZosrfeU,Standard,0.0
k5EBn0eJHzc,Standard,0.0
HqmSl8eGqhU,Standard,0.0
UfAgMGask3I,Standard,0.0
gcLMJxVlRvw,Standard,6.0
zzllZLFaHfg,Standard,6.0
E1MrsCParF0,Standard,0.0
MTQUf21xzXs,Standard,0.0
-fsefK51kFg,Standard,-1.0
rMr2Sn43aDA,Standard,0.0
EfrNruM1tL8,Standard,0.0
MHZMGfQbge8,Standard,-1.0
wT12zRZgPZo,Standard,0.0
XDKVGSHG-iE,Standard,0.0
VrGq77CuLiw,Reaction,4.0
AudcgKTJjd0,Standard,0.0
h1OLiS2QRP4,Standard,0.0
Htzyo3ncbA0,Standard,0.0
CXwD6GKlbCE,Standard,0.0
HWQeKmbr-4M,Standard,0.0
uxnowkr3Jjk,Standard,-1.0
l3UmQJ0ffyA,Standard,-1.0
TkABT0nX1Pg,Standard,0.0
Z4fB8RnjZHk,Standard,0.0
U17o4PhRHZk,Standard,0.0
pJKmtVieKyw,Standard,0.0
Hc0IJFjFIxE,Standard,0.0
kVSJ_fmfNWs,Standard,0.0
o_JdzS2ysPE,Standard,0.0
21CWrGAX-0k,Standard,0.0
DtSyZuQfAB4,Standard,0.0
vG4wOWAKtAE,Standard,8.0
YvOETADF5sU,Standard,-1.0
2aFE-DT2JQA,Standard,0.0
PnNlQu4Z7Rc,Standard,0.0
cMMK7oICw5E,Standard,6.0
VQUt8Z2_Xfg,Standard,6.0
9AfHWN8G8bM,Standard,0.0
B1bwfGlsf3I,Standard,0.0
UH762Tp0jWg,Standard,0.0
-F6p0jgaoZI,Standard,0.0
dc5ob4gkaPE,Standard,-1.0
8m83HJutwKI,Standard,-1.0
PvgMuARVOa0,Standard,-1.0
x3u8niwagzQ,Standard,0.0
gagGYg4tEX0,Standard,0.0
Wioz_uFWj-I,Reaction,8.0
yiN7KNkvcIc,Standard,-1.0
K_Gx9qq7UPQ,Standard,6.0
We-NdUMg_pU,Standard,0.0
uMnwz90-HfI,Standard,-1.0
sKRajG3Uba0,Standard,0.0
Rx_hypsFVqc,Standard,4.0
KqVcgtaHdOE,Standard,0.0
M3IYOIU9LB0,Standard,6.0
8Ey8jMGpRjY,Standard,4.0
KP8-lC9cO2I,Standard,0.0
inocw1i9ZW8,Standard,0.0
msehcTmdPgE,Standard,4.0
WukRwgM58Qg,Standard,0.0
bqzbj8x0Vaw,Standard,8.0
QyvgmaWbtpo,Standard,0.0
K6JaSbUh9r0,Standard,0.0
B9d5v--n47c,Standard,0.0
rY_ce0bqJBE,Standard,-1.0
ZXB12Eb_RRA,Standard,4.0
CB3_kWiaqzw,Standard,0.0
-A5CgHmBLDU,Standard,0.0
3LSbOX64nKQ,Standard,0.0
D_UsEY6xL7s,Standard,0.0
YcoPMzkh6m4,Standard,0.0
xYhla0ur1RU,Standard,0.0
-pg-uF0bbuI,Standard,0.0
hdtBwshSf98,Standard,0.0
zYZSr65V-Ms,Standard,0.0
DHyJXXBq6tc,Standard,0.0
yLag_3IhUds,Standard,0.0
DSrG6fm0lr8,Standard,0.0
-w7yuEWtAvk,Standard,0.0
1ytcz6yF2Wg,Standard,0.0
lJekmn19SsY,Standard,0.0
iSLrBfuea2E,Standard,6.0
9d4mGOG1aSM,Reaction,8.0
MilrBlAdiSk,Standard,0.0
oJcWCdAF5sE,Standard,-1.0
b7AIkPJ6OxU,Reaction,8.0
RnTSVYYC_VI,Standard,0.0
beQRd-4rJyA,Standard,2.0
zE_8Qq7SYRQ,Standard,-1.0
Odi1nxehHJg,Standard,0.0
8CF7dklnrnQ,Standard,-1.0
eom7Ktwasg0,Standard,0.0
tMUiCEmSBNk,Standard,6.0
KWIsYDLvNFE,Standard,0.0
KxxpQj4ZkJc,Standard,-1.0
0C28dgKQW_I,Standard,0.0
JztcWTMbalo,Standard,0.0
jRhhM8CTbLY,Standard,0.0
2xQuR3mBiXg,Standard,0.0
rv2psK_Qd54,Standard,0.0
dVbUzazDopQ,Standard,4.0
fB1e3_aGaDE,Standard,0.0
NMqZy8EihKQ,Standard,0.0
Ek4fnamncaI,Standard,-1.0
DTbZUHTjmps,Standard,0.0
3PXXdM-mJqE,Standard,0.0
jicR4NgonuA,Standard,8.0
L6TBKv4s0no,Reaction,6.0
A0aD-2WqbdM,Standard,0.0
F8Ecge2ij08,Standard,0.0
57NmWsx5Wuo,Standard,6.0
4D4EBtggcPo,Standard,0.0
U4--uaYPjsU,Standard,-1.0
J9t71-pwq7g,Standard,4.0
v89RKx3FtgE,Standard,0.0
hCxAAi6-dq0,Standard,0.0
HfgKjGSigGE,Standard,0.0
qBkfemNLi8Q,Standard,4.0
8IWTvTcoWSk,Standard,0.0
ADXnOq2ES44,Standard,0.0
39gz_lBLCkA,Standard,0.0
48Ehrj9G4Kg,Standard,-1.0
v1f4gGjpQnM,Standard,6.0
eQxz85Td898,Standard,0.0
Fa1l6u5jhIs,Standard,0.0
o9rJge7uPfo,Standard,0.0
__YRQwgqZ0k,Standard,0.0
Ld-luJUcPgM,Standard,0.0
CdczbXpfp48,Standard,0.0
JabS-lJhYm4,Standard,0.0
y-4ch7LRLOM,Standard,0.0
1MX2FX4-rF8,Standard,0.0
wZaqsgbqAm8,Standard,0.0
xfpstSpAylk,Standard,0.0
Kx33aSR41yA,Standard,8.0
fVy96Kk-BSk,Standard,0.0
xJWT2oUQyNA,Standard,0.0
GlHMxXgoY4c,Standard,4.0
pP7PY-QtoDE,Standard,0.0
_-QZJJEf2wI,Standard,8.0
tsucyGmgN38,Standard,4.0
gEVNOFxf35A,Standard,0.0
DmdKJLe9oME,Standard,8.0
mW7XY1BrO0o,Standard,0.0
clolMT79UnY,Standard,0.0
tk9ufVi2SVo,Standard,0.0
R7huv9Qjrvw,Standard,0.0
UsaKxFTLXGg,Standard,0.0
8RHcW9vay0o,Standard,2.0
hyV3OERlLjk,Standard,0.0
u5ftrPW_b6I,Standard,-1.0
eEX3nVLUEfY,Standard,0.0
Z4iGiFTbrKQ,Standard,0.0
uulV1iRfqF0,Standard,0.0
c5A9PIdBP8s,Standard,0.0
92Xb2cb57PA,Standard,0.0
wo9aN4a6D9E,Standard,0.0
aG_syluVZ2M,Standard,4.0
F-ddjrqTiUg,Standard,6.0
z0qHZqnGDUI,Standard,0.0
-zbsG8YltOg,Standard,0.0
K0Wr90TaWig,Standard,0.0
dDRULVVWXy4,Standard,0.0
Rm0gJi9BTzM,Standard,0.0
QPu0YwtBVJA,Standard,0.0
kVDVFvm_xY0,Standard,-1.0
ZMmkGz2YmtA,Standard,0.0
3cbPyuWf-YI,Standard,0.0
NW39kK5RQMs,Standard,0.0
GPHbByCWndU,Standard,-1.0
P5Af-ggN_RE,Standard,4.0
aIwJGtR4aQ4,Standard,0.0
KwSyHILkmlc,Standard,0.0
9QfjqsJ9H4g,Standard,4.0
fdS3zFcD5T8,Standard,0.0
Evc1BcLzo1c,Standard,0.0
vfMtyRPs9ys,Standard,0.0
rOHwAUNtxSY,Standard,0.0
WZLEZ7jULhQ,Standard,6.0
e4o6Kxpzop8,Standard,6.0
3-wpyENYgs8,Standard,-1.0
zvJghQ6wFlY,Standard,0.0
baMm-ROOqhs,Standard,0.0
sqITN-NK42Y,Standard,-1.0
HRxDJVCAO48,Standard,0.0
oBms80Gciqo,Standard,0.0
xMqntlRo1Qk,Standard,-1.0
-nZG0O4OAP8,Standard,6.0
PK8mlarVJLg,Standard,0.0
g5WE6k7XLJU,Standard,-1.0
Wph8OOhnbCM,Standard,2.0
bVLqDjDvwDM,Standard,0.0
daFv1uuToNE,Standard,4.0
BPQDnBwfOCo,Standard,0.0
pY6uUCX9LlA,Standard,0.0
ThDoRYPKR-o,Standard,0.0
e0bgWV2XOF0,Standard,0.0
dPng6VkNook,Standard,0.0
4iOwYGbAdJ8,Standard,0.0
ff4ov2fcZL0,Standard,0.0
jcPR88JTpzo,Standard,0.0
G0JdCLgj54k,Standard,0.0
uNjWDSeDUdU,Standard,0.0
uwtEM3_B_Bo,Standard,0.0
7Wi511_kmBk,Standard,6.0
i34HxvhjA-o,Standard,-1.0
MYgHQhXxvWs,Standard,0.0
jYum83RZuuA,Standard,0.0
PEmzib0AsLk,Standard,0.0
VL_UpCyPNeI,Standard,0.0
3FSVzzrD13Y,Standard,0.0
CIHWLkBhGbo,Standard,0.0
KJzSHRRsoys,Standard,0.0
IG-wzhh5R4A,Standard,4.0
Pekb8DrqHv0,Standard,0.0
sQUfsvH7Pgo,Standard,0.0
SGnPjUoGqt0,Standard,0.0
zV0DS_dnoMQ,Standard,0.0
Zd7Fcqcmmxg,Standard,6.0
x_21rAOhpJk,Standard,8.0
Ml15E3wZ2Ck,Standard,0.0
vY0r4m-fkm4,Standard,0.0
OjAqP6fAMDo,Standard,-1.0
Tq1m93_X2jQ,Standard,0.0
-0qEK9XZJhY,Standard,-1.0
QcMOl0NfVL0,Standard,0.0
F5ZX_TdWWpM,Standard,8.0
AonByWXiVHE,Standard,0.0
AwwxWxnXK-k,Standard,8.0
0qdyrD0sytw,Standard,0.0
IlZ85QBWqCI,Reaction,6.0
f1gm2ZV9IPE,Standard,-1.0
Dt0zXAiGtJw,Standard,0.0
d6B2oqF_pKU,Standard,0.0
qYZBySUSfNE,Standard,0.0
lUQHMm294ic,Standard,0.0
3edeEWtqnBo,Standard,0.0
XrULzUNqYJQ,Standard,6.0
nfxEFtZWJD8,Standard,4.0
IfvO2XuiDj4,Standard,0.0
7XigIvY4xf4,Standard,4.0
Yt8VIv3L1gA,Standard,6.0
Zm-Vsfpz64o,Standard,0.0
elyHrSY2Db4,Standard,0.0
FdJS4JSUegA,Standard,0.0
K0XqkaqnenM,Standard,0.0
kG-I9KdGrZY,Standard,0.0
lcvQcKIW91E,Standard,0.0
QbSjGBksAxw,Standard,8.0
To_IlmNKC1E,Standard,0.0
k09KCIZ7g1I,Standard,0.0
4sOsbmo8sZQ,Standard,0.0
UbATfVFqB7U,Standard,0.0
xFO53j-rjlg,Standard,0.0
xxlc0oEPR-g,Standard,0.0
HllTlDot23I,Standard,-1.0
aia3bRcm5CU,Standard,-1.0
pPAAtBkeX-4,Standard,0.0
fFMOvcDtm1w,Standard,0.0
dHNMBFy7P2A,Standard,-1.0
EuTrB7YjO3E,Standard,-1.0
IbNXjC3mSVw,Standard,0.0
s3Rb9hzCYpY,Reaction,8.0
CHJVISQCV9M,Standard,0.0
ftlhBqiVcLE,Standard,-1.0
swue9ZHjois,Standard,4.0
AXWy46HtDqs,Standard,0.0
sP4cObYuilU,Standard,8.0
tXoYFX4t5Oo,Standard,0.0
ejOdyOKMz40,Standard,0.0
IDlXh9qGIcU,Standard,0.0
CD5Hg_athgU,Standard,4.0
BPs2dwAbM9M,Standard,8.0
eqk6wQU24Sw,Standard,0.0
5qG56h9G05k,Standard,0.0
T8ADQt6kzcA,Standard,0.0
OMrvxb2Lrss,Standard,4.0
kToXKJ14s7w,Standard,0.0
C_so_BFDiL4,Standard,0.0
4wTwgEG_DYc,Standard,0.0
ZlleDHfAgtA,Standard,0.0
CY8ye4crW8o,Standard,0.0
zdxQW1y2kCs,Standard,0.0
hEw9wvxXoiQ,Standard,0.0
gj95Q11v6b4,Standard,-1.0
HT4H8NumHCk,Standard,6.0
H9gfMbuHgyI,Standard,0.0
5C6O4N16eL8,Standard,0.0
KfG4HlJI9zQ,Standard,0.0
d_DXaeSdfh8,Standard,8.0
qAl8HuzLb4A,Standard,-1.0
BHT4QScSK64,Standard,0.0
cf_w1-Wo07o,Standard,0.0
ZsmUfcjCgvY,Standard,0.0
g2ALXk_Ppz4,Standard,0.0
UOwsFMy-eZE,Standard,0.0
2SkJewjzH80,Standard,0.0
54hb9cli2_o,Standard,0.0
eecKy0KKxB4,Standard,0.0
w7Tkke6L5-E,Standard,0.0
o9kAO6nE1QA,Standard,0.0
91QnfDaVSf4,Standard,-1.0
zRt3oSMCQNI,Standard,0.0
5LdHDNuVHJU,Standard,0.0
GQD8Fp8LktI,Standard,0.0
TB_6aQL-nOs,Standard,0.0
yr8RPB4_Q-I,Standard,-1.0
hSJwEDHehyQ,Standard,0.0
NzqmT1Uhxvg,Standard,0.0
hWmC77Ikg2Q,Standard,0.0
9T5G_Xgptkg,Standard,0.0
ARyEC5jZLM0,Standard,8.0
oXx_PKAcY3Y,Standard,0.0
lZzd-ovbPms,Standard,0.0
Zcqx47Am_T0,Standard,8.0
g7dt4mAgQX4,Standard,0.0
3NaU6hPCTAw,Standard,0.0
yg1lz1Ll08I,Standard,0.0
Fdk-g9WMVaM,Standard,6.0
D6vEtJIabeI,Standard,0.0
NRjdoU4zaW4,Standard,-1.0
sWIw9mO5vbw,Standard,0.0
0A5_KlTjECM,Standard,0.0
QOWelx6uHhU,Standard,0.0
jDOCqcLILRg,Standard,8.0
C3OTyH-JbrQ,Standard,0.0
XO7EWX_GyQQ,Standard,0.0
_sIh7pxqyiA,Standard,-1.0
2cSTBHkhFko,Standard,0.0
qpp56jJmbas,Standard,0.0
rDZDh9dbljQ,Standard,0.0
ACE1TkJxaYw,Standard,8.0
eNPYhZ_hKNg,Standard,6.0
38p9wYc1Eug,Standard,0.0
rU2lgdKZu2A,Standard,6.0
VlBlCmYdTD8,Standard,-1.0
_c4wNmhgjok,Standard,0.0
VsW0F9E0Xio,Standard,0.0
shHYGP8YiIE,Standard,0.0
hYIZJf0LSEo,Standard,0.0
XYT8c6rGUNU,Standard,2.0
lQlC3iYSRfI,Standard,0.0
Jy1I4ld0kds,Standard,0.0
g1lgO02F3MM,Standard,0.0
g0aqiBIMJSw,Standard,4.0
K6x0F98tmtg,Standard,0.0
YbyTUXlAxX0,Standard,-1.0
4_yRRPMpwU4,Reaction,8.0
P9gHMIoD5eY,Standard,0.0
gBfUQSNoWgU,Standard,0.0
y9FTAsCjwKc,Reaction,6.0
BVG9S4PcwMk,Standard,2.0
Yhhd8b4aTLo,Standard,0.0
jtTmDDuTM68,Standard,6.0
AeZZIsjIVBY,Standard,0.0
xCpUO9y15JQ,Standard,0.0
3mzNPXSzxXw,Standard,0.0
Ga5ZTZPIpOk,Standard,0.0
BBbXyZmzqRA,Standard,0.0
OMlhQJ-QRj0,Standard,0.0
7UH7MjqnK30,Standard,4.0
4GdrvC43RKg,Standard,0.0
Q9b03X2BJo8,Standard,0.0
mRvhFzOq2eA,Standard,0.0
u4HignSQOmA,Standard,0.0
o0zdRGMDh5A,Standard,6.0
3WRlE8q9WgQ,Standard,0.0
viuzd6muSjY,Reaction,4.0
pqlMMOkCTPI,Standard,4.0
jWRwCCl8x8s,Standard,-1.0
QXFz-octLwY,Standard,-1.0
e_nx7-rAYVo,Standard,8.0
D3bt-toIDJ8,Standard,0.0
tGuMrMmKDsc,Standard,0.0
QVoSWhfiaso,Standard,-1.0
mKIssa-826Q,Standard,0.0
Aba1nuSAx9U,Standard,0.0
trI-BUO1xWc,Standard,0.0
SZ0GPJ_0LeA,Standard,0.0
vGbHGsWPZ34,Standard,0.0
F60Xr-oJrdI,Standard,0.0
a3_PWXeQuns,Standard,8.0
uZdt1qyRzUs,Standard,0.0
xrWU-ngqL0E,Standard,0.0
sT34ep0UqQ0,Standard,0.0
pA8k4Hep3Fc,Standard,0.0
SYsxMoXkp1I,Standard,0.0
7w4eF9_Rpco,Standard,8.0
sHlxIAN_5jM,Standard,0.0
VcEWWAprhzg,Standard,0.0
gi9_gMG4sbA,Standard,0.0
yVFXv68vMAo,Standard,0.0
odNZ3IX2fQQ,Standard,0.0
sgknzx8tXcM,Standard,-1.0
RaRfevqXuUo,Standard,8.0
FurI3PCROtU,Standard,2.0
sJD2MndWYJ0,Standard,0.0
FKMQ691PhfU,Standard,0.0
cb73MVkhX9M,Standard,0.0
Xj-Nd7jmhu0,Standard,-1.0
Q6ZD5AeEF3w,Standard,0.0
pDKPMlu4hl4,Standard,0.0
wJNOK1z6Z1g,Standard,8.0
HA0haUTXSpc,Standard,6.0
RojaSZkQmAY,Standard,0.0
VGEH6kqp80s,Standard,0.0
k6UD0x1S4iA,Standard,4.0
002n04iZzUk,Standard,0.0
A_k1PcEDWnY,Standard,0.0
hPyUU-F_5RY,Standard,0.0
1299xbb3e_Q,Standard,4.0
RqmkG-mWACM,Standard,0.0
12dMcVgGizg,Standard,0.0
y0pCUHhZfNc,Standard,-1.0
bzwd5Vt6sW0,Standard,0.0
2nitCEyt3Vw,Standard,0.0
tG0k3UffYjA,Standard,8.0
Lj7a12BkUrs,Standard,0.0
B6G6ifAoXvo,Standard,0.0
_v-DEepvcx8,Standard,0.0
ncmb6pRGh_w,Standard,0.0
R2grMaMfvhA,Standard,0.0
ZET8XdNbAFk,Standard,-1.0
jSBK_OE3h5A,Standard,0.0
NMS1kpp-OEw,Standard,6.0
zBxM6h52fR4,Standard,0.0
kmEhXUMzCe8,Standard,2.0
INNO2OSNO0M,Standard,0.0
bI4e7Va3BC4,Standard,4.0
l-E0aBiHXr4,Standard,-1.0
xrE-CQ0W7Fw,Standard,4.0
fMRn73sJ2eQ,Standard,0.0
zukw8xVWnQw,Standard,0.0
WjhNaKzmQiI,Standard,0.0
lnKjzAH3q94,Standard,0.0
35GnAHqrcqs,Standard,-1.0
GXtFEzwo_xM,Standard,8.0
YGTXt6lgzLs,Standard,8.0
qeccQi6wdTk,Standard,4.0
5CfrMfcrmvM,Standard,0.0
taG3S47u6hQ,Standard,0.0
MOodoApeNaM,Standard,0.0
2rK0A08myK4,Standard,4.0
8vgosXNHfJs,Standard,0.0
vju5peVMKGE,Standard,0.0
Dt48pPO53Ug,Standard,6.0
h4fj4BKBgUs,Standard,8.0
T9jyWHjToMU,Standard,4.0
mUCWOZmItwE,Standard,0.0
pt-xtoM68T4,Standard,0.0
RHysXNJlGfU,Standard,-1.0
qETiUrQeKag,Standard,0.0
qdQa5iHD-rk,Standard,0.0
wBs_g5UlNsU,Standard,6.0
aGL0i7N5YSk,Standard,0.0
8tft4xvOhdc,Standard,0.0
XuQ7kGbwY5k,Standard,8.0
wFu60FRRBXk,Standard,0.0
6lVvzF2H1n0,Standard,0.0
YlAfpZrQ4eQ,Standard,-1.0
4ikZqy60YHQ,Standard,0.0
-ydyEO-HggM,Standard,0.0
f4A9i9aBvP8,Standard,0.0
kJvwwSEnoJ0,Reaction,6.0
AwPvx6dpVVo,Standard,6.0
FhSXf3EHR4g,Standard,8.0
-HtCnGws4ns,Standard,0.0
SE3X2Zi6mXs,Standard,0.0
QKxqJ0BSYEE,Standard,0.0
N3Dl1mP0DvI,Standard,0.0
oAM4UThsH8E,Standard,0.0
b8VNvNn68yA,Standard,0.0
eLY8rs2YERk,Standard,2.0
4tMdq9Ryyn0,Standard,0.0
nU5zYQP_0KQ,Standard,0.0
khLFHgmvFqQ,Standard,0.0
ePmqtvXzGek,Standard,0.0
YF8Yug9wd-g,Standard,0.0
wVqppXfuneM,Standard,4.0
zOhWWQEZOT8,Standard,0.0
4Ienxh3BUls,Standard,4.0
rbzXfpqmahM,Standard,0.0
LeLzMaGDqmw,Standard,2.0
X3ePMxv1LIE,Standard,8.0
lW-v77M7OIY,Standard,6.0
O0Isqb74fDs,Standard,0.0
OJZwZDm6p_Y,Standard,0.0
gcSJHG5D758,Standard,0.0
Cd8AGZ6Xe8E,Standard,0.0
s532YsryoWM,Standard,0.0
w0uO_BW9WOQ,Standard,2.0
ClrSmqBjzeg,Standard,6.0
JrwLPgxCAbg,Standard,0.0
CHxM1sMkaWo,Standard,0.0
dVbwB15Pyjo,Standard,-1.0
XfJqbLFSpNM,Standard,-1.0
z14vQgqkiEU,Standard,0.0
WD4dH7JzVGM,Standard,4.0
0x7IGXubKbU,Standard,0.0
yFLcVO9m374,Standard,0.0
0Wtbcu7hvC8,Standard,0.0
Z8Yc5jrDiQc,Standard,0.0
CbWQewEYc8E,Standard,0.0
q5IFST9-jGI,Standard,0.0
HYt_naVFv_Q,Standard,0.0
Gxf4JtAoEsA,Standard,8.0
o8SiN5-wOxM,Standard,0.0
zABi_JG6KWk,Standard,0.0
48dgYwATmWE,Standard,0.0
l4SDXQu0ZZc,Standard,0.0
dnhJ5Ixk800,Standard,0.0
PdUWU1xh-A8,Standard,0.0
EZ1BgPZHPHQ,Standard,0.0
EnLxLjKYFnI,Standard,-1.0
hNp_XJUZEfU,Standard,-1.0
3MwO4jbnSiQ,Standard,0.0
RaZbgJlf5VA,Standard,0.0
U3j-Am5eTOI,Standard,-1.0
cz8RkQMqdZI,Standard,6.0
s7eHDwlLGD4,Standard,0.0
InYrbvmqTAs,Standard,0.0
uJqVeRT125c,Standard,0.0
i_eQy7_GAPI,Standard,0.0
krOs1-QdO_w,Standard,-1.0
Upc36tNPKpQ,Standard,6.0
M2iJuM_oe7Q,Standard,0.0
kPujgkCcd8c,Standard,0.0
SR8Di_evg4o,Standard,-1.0
MlZo7kmL80s,Standard,0.0
x9FeUEaMi4A,Standard,-1.0
BEgN2JJKMTs,Standard,0.0
02rTPis0GiU,Standard,0.0
V87VWz9NQpg,Standard,4.0
urbPXQ1407I,Standard,0.0
OO-A0yjV7FY,Reaction,6.0
iijrvI3nCNg,Standard,-1.0
jTZHGtLPgZ4,Standard,8.0
QfdAoOuV3XE,Standard,6.0
AdOSYbuPQds,Standard,0.0
8Il0ylOx5q0,Standard,-1.0
tD6q5O7elYY,Standard,0.0
6fb52K9SvH8,Standard,0.0
du71v69kNXs,Standard,0.0
HHuLVX-Gsxg,Standard,0.0
PoxnYkoMsrw,Reaction,8.0
g3oYgShZqUo,Standard,0.0
ZpMWjKL5nsg,Standard,6.0
7e23BjXaM4A,Standard,-1.0
YpI46C6sTLI,Standard,0.0
UvleCIX-bYI,Standard,0.0
xXlyuGpCme0,Standard,-1.0
CZn_8WL19k0,Standard,0.0
dYrjKKr1onE,Standard,0.0
QKay6TpL3OI,Standard,6.0
vlZOK3pYGsE,Standard,0.0
zLwIxAZaQTA,Standard,0.0
GcZSNtbEpNw,Standard,0.0
q5RhZEa-Ubg,Standard,0.0
WMXzPI6n8Ag,Standard,0.0
JfenwY4_lCo,Standard,0.0
kJW3L6a93Vo,Standard,0.0
90efJwa-yQI,Standard,0.0
S1O4eLatZWc,Standard,0.0
XYHNTrzVHlU,Standard,0.0
WpuDfDHN8Zk,Standard,0.0
pHOwQsSsgPc,Standard,8.0
dLxFuOY3xqI,Standard,0.0
4ped70KhQx8,Standard,0.0
xNxnm8IZvZE,Standard,6.0
E9Qb1zqRYdI,Standard,0.0
HW7xCmX-fPU,Standard,6.0
kZ-sEMwJ3XQ,Standard,0.0
Mpnkxomg7XE,Standard,0.0
FEY2y3W4GFQ,Standard,0.0
l7GYJACLslE,Standard,-1.0
O6xYW-K4GFY,Standard,0.0
RhzwrL3bMHc,Standard,0.0
_ptGZdTFp1Y,Standard,8.0
qsQDhSuEB9c,Standard,4.0
4BFwfuh21AU,Standard,0.0
JTDApCCcNyA,Standard,0.0
qwSuf73n7lQ,Standard,0.0
esgHTAdCeQQ,Standard,0.0
S8GEO0Fjq_4,Standard,0.0
-lduw6ed1_o,Standard,6.0
VMy8-XwiWWg,Standard,2.0
aXOVteM6zbA,Standard,-1.0
Eb8TEh2wSbo,Standard,4.0
KJeLyt9Jdfk,Standard,0.0
JRvXvFho9MA,Standard,8.0
J0FAM5EYzpk,Standard,0.0
8zKkvqauK9E,Standard,0.0
92zzCQ4K-AA,Standard,0.0
f-Y69qj6XZ0,Standard,6.0
KQ0heH-_z7U,Standard,0.0
bFUT-Lxhbg8,Standard,0.0
g7Smu1bfyUo,Standard,0.0
x_NcyDbpJcY,Standard,0.0
SkVSGoX-Bx0,Standard,0.0
xiL2FwMjO-g,Standard,0.0
3XSfKaRCr2Y,Standard,4.0
7FQ5plPGfV8,Standard,-1.0
r5rPoaUhzso,Standard,4.0
ZpcOOIehM4M,Standard,0.0
ijxvyrpIn9Y,Standard,0.0
7O-bzYM3jnc,Standard,4.0
Y7OFK2WiD9M,Standard,0.0
MPpptooszTQ,Standard,0.0
DLlfOpgyZ64,Standard,8.0
r59ThMSZBso,Standard,-1.0
RnTr0qU5-pg,Standard,8.0
st9PoVNWWwU,Standard,0.0
8wxshX0gcsM,Standard,0.0
N9eASwQIq40,Standard,-1.0
sNlgoezlJ1Q,Standard,-1.0
6bejsNTTwys,Standard,0.0
RDd_1-tC0KY,Standard,0.0
iDGu5Iy8_fo,Standard,6.0
Grdv40_nEa4,Standard,0.0
HjeZIB_s_aM,Standard,-1.0
gh19WZXm5fQ,Standard,0.0
k6soSWtTqEw,Standard,0.0
vFKMmWUp9xQ,Standard,0.0
9ECN_8WFsBI,Standard,0.0
yW13EGWvyuQ,Standard,0.0
VwIi45byv60,Standard,0.0
ME4CM-vFIJk,Standard,4.0
cMehpblb-u0,Standard,4.0
Yb4eOTeTDcM,Standard,0.0
a6yA-X8s-eE,Standard,0.0
rcgvMHxKn7E,Standard,0.0
v7Li2vETe0U,Standard,0.0
qyrhbX51pZs,Standard,0.0
x3MdL_W88Wo,Standard,4.0
kd2uVQfbsAM,Standard,-1.0
R7rjnGD_-eI,Standard,0.0
2vn7gdoZkuQ,Standard,4.0
03lumifL9nM,Standard,0.0
bl4dJW8ybQE,Standard,-1.0
jHKEIMBh0KQ,Standard,0.0
xpPzfXiuVbI,Standard,0.0
9mlQhmp4aFQ,Standard,0.0
Puhb36Oz6f8,Standard,0.0
XvEBx1__3nk,Standard,0.0
IWlzg-8cUJs,Standard,6.0
-TNB_Ceu8Jo,Standard,6.0
D2Sj291Xz3M,Standard,8.0
Vr4ZG4OKSHo,Standard,0.0
60vaRy4RuXE,Standard,4.0
0clg89yfRpc,Standard,8.0
YrSvBJ5GVe8,Standard,0.0
UT0QleWVvtI,Standard,4.0
F9N5gilCYN0,Standard,0.0
VKUKkWNRs9Q,Standard,0.0
NFidmm338l0,Standard,0.0
kFBzz_40w1o,Standard,0.0
bW9bzcBohVA,Standard,0.0
q0mxCY_p_O0,Reaction,6.0
VFdx5XTla1c,Standard,0.0
wVmeNwvxHt8,Standard,0.0
Bxgiyw2SUno,Standard,0.0
0JUsXc_-_fA,Standard,0.0
UV-Tp6hHNO0,Standard,0.0
MQRZ97RXZgw,Standard,0.0
A8kXRCBbaIU,Standard,0.0
zQpCavo1MZI,Standard,0.0
f5lOIxPvjOU,Standard,0.0
RQfzZBiHjWU,Standard,0.0
UQZK6h7pTKo,Standard,0.0
iwgUORpxWdo,Standard,0.0
QWw0_2t25c4,Standard,-1.0
SkSvfMh6TnY,Standard,6.0
MNcgqoBClfs,Standard,-1.0
ruFD_OSYP38,Standard,0.0
UtSsXeIIzvc,Standard,6.0
jy9n60lUeNk,Standard,0.0
Qb8-Eg-lNQg,Standard,0.0
A5eB4AhKbFE,Standard,0.0
C9G_UztpNjY,Reaction,6.0
facUUuYSoJo,Standard,4.0
yR-biSpZLd0,Standard,0.0
rUsJgo4xngU,Standard,0.0
TRn286n2F2I,Standard,-1.0
CkgRi5LXj1s,Standard,0.0
lyjd6Nb49Qk,Standard,0.0
VubDjpW6tPE,Standard,0.0
6W2E6vNNelI,Standard,0.0
eHsMpjSp3E0,Standard,4.0
XpUdpzX1HHI,Standard,6.0
aog4_p34sV8,Standard,-1.0
JmAzEH56mD4,Standard,4.0
HvSn3d-izkg,Standard,0.0
yiHn7txSLic,Standard,0.0
dtg6qZED1K8,Standard,0.0
4LKMY34hIOo,Standard,-1.0
V5N47iGHJL4,Standard,0.0
NMtTU5wKY-I,Standard,0.0
_Aci7MWDL8w,Standard,-1.0
PD4cC79ATIc,Reaction,6.0
q7PbXvyi0wE,Standard,0.0
XTU2H72MMaY,Standard,6.0
vnAwhcJgkvU,Standard,4.0
E1xjogxTz5Q,Standard,0.0
4BPAFPHiTIY,Standard,0.0
Wo5oeRaqiPg,Standard,0.0
xcuDygf3jtE,Standard,6.0
gAHrv_HRVHA,Standard,2.0
CN30yxBQf3A,Standard,0.0
GfyG5DeB3ls,Standard,0.0
Pv5Uezr0RxI,Standard,0.0
8Hh6jw6vN1g,Standard,0.0
BBcpVlYL6Xg,Standard,0.0
CMM8b5T9V0g,Standard,0.0
jhRlcsBVB2k,Standard,0.0
PoODevc6tBI,Standard,0.0
PFqwyIeMEn0,Standard,0.0
Qx_wNBtce24,Standard,-1.0
U1xS3dHYvAU,Standard,6.0
mX0YlDFSbw8,Standard,0.0
1ujEKfTZPjc,Standard,4.0
CeRDKbm1Brk,Standard,0.0
_F-ZQHUew4A,Standard,6.0
s2Np-Y4u3EM,Standard,0.0
aopkDltOjTE,Standard,6.0
TRT9ZdviTA4,Standard,-1.0
jfRsZbpZsJE,Standard,0.0
dA6QobyVkiA,Standard,4.0
HZIw51Pu8rA,Standard,0.0
rbQLBiHqM44,Standard,0.0
rO-TVyp1a7k,Standard,-1.0
vP6442-2yzs,Standard,6.0
3rai_o-NPAI,Standard,4.0
JCoAY-F-nxE,Standard,0.0
TLGdUI7N-to,Standard,6.0
J-CI2orhn1g,Standard,0.0
Zrd-tTpVHYg,Standard,0.0
-u2Sr2mIROU,Standard,0.0
lNxZwG9oGkk,Standard,0.0
W5Y6FX530xI,Standard,8.0
4JrHmPiZhLg,Standard,0.0
J5fTGx5plFY,Standard,-1.0
FMR8-3Dm9MQ,Standard,4.0
TsYRIO6WiQo,Standard,0.0
0_xUI9kPOO4,Standard,-1.0
ejxp6a4K0kg,Standard,0.0
ABBifVngwtU,Standard,0.0
IEFiowucalc,Standard,0.0
HP72dE-7o0g,Standard,0.0
AV5NHY3_C4w,Standard,0.0
8P5A9DBi6mU,Standard,0.0
04zk1R9ijTU,Standard,0.0
Pt-cKlNlhrY,Standard,0.0
mkPW8wwrt1w,Standard,0.0
6S6Ci60ZdX8,Standard,8.0
7j58rMv6oxc,Standard,0.0
KHk-57NXQ6Y,Standard,0.0
K7_aviGa5Nc,Standard,-1.0
jDs_cYi8BfA,Standard,0.0
3Z23zK5ceIU,Standard,0.0
ODzivoDcqQU,Reaction,6.0
Cy2d-MxMlhg,Standard,0.0
FPYYjGMENC0,Standard,6.0
ZItPfV74kzI,Standard,0.0
6L9PUF8mASk,Standard,0.0
-VzoWE1m-80,Reaction,0.0
QpFwT1MAGSU,Standard,0.0
VIZbN-zW-Tg,Standard,-1.0
J31r-4BsXlA,Standard,0.0
2nmQusija38,Standard,4.0
itoRkb_nwLs,Standard,0.0
4dErMg7j_XI,Reaction,8.0
v6g7VfFQRx4,Standard,0.0
g2AGYT8xZYE,Standard,0.0
Jjd8BeabZUQ,Standard,0.0
8Eq8kTU8DQY,Standard,8.0
7-74ygskDxo,Standard,0.0
XaavOLb5jWg,Standard,0.0
gATEM-dCLpE,Standard,4.0
KlDUz6KTA4g,Standard,0.0
QUcMqDv3KSE,Standard,0.0
eDOTOke8SMA,Standard,0.0
ArIT2rgQh3c,Standard,0.0
KBI14df9Gmk,Standard,4.0
Or552Sfhl2U,Standard,0.0
FkdxGvDvLzk,Standard,0.0
kjGXBnFOtSg,Standard,0.0
_DmUZNVrAJQ,Standard,8.0
inhY1XHhnXM,Standard,0.0
faZ14TLvfvQ,Standard,0.0
pq6k1KV8WDE,Standard,0.0
1PgxpREs-y4,Standard,0.0
pOrGogE8IGs,Standard,8.0
apYQvQ_N2xw,Standard,0.0
DEJALnMNa0o,Standard,-1.0
tqmXqTiUZqk,Standard,0.0
kW_j3_TsZbk,Standard,2.0
u5Y8m_Oz0jg,Standard,0.0
0ITzJ9Sr7T8,Standard,0.0
LAJoeqR_m2s,Standard,4.0
ge0YXdDt0Q0,Standard,0.0
umaIxkYGdOQ,Standard,0.0
y_TmpnPEeLU,Standard,0.0
L-_r4HqelbA,Standard,0.0
FgGUW5bJVc0,Standard,0.0
ru9VC2vSV2o,Standard,0.0
3Pi6vqtzaog,Standard,0.0
Sh20XY-y05Q,Standard,0.0
VurcuCINW40,Standard,-1.0
NMWnWDmXxAo,Standard,0.0
dm_m_GiiS9g,Standard,4.0
bFdKIbPhG2M,Standard,0.0
-3X53MkVp1A,Standard,0.0
kbkZB091sj8,Standard,-1.0
lz4xPzGLOwE,Standard,0.0
HtrMwnhpKsg,Standard,6.0
cEnor8zpiNw,Standard,-1.0
QhcTNthUemQ,Standard,0.0
Ka-4d5wL-zA,Standard,0.0
lXtPgZ7MXiA,Standard,6.0
pzu8xe6kLGs,Standard,-1.0
gpuco1HLgWY,Standard,4.0
qDVpZjyUhCU,Standard,-1.0
Yhd2xKgvAGw,Standard,0.0
0W5d4tm2LNs,Standard,0.0
pSJKggvPTj4,Standard,-1.0
1713TEFJ_xU,Standard,0.0
5OyYQbNcZgk,Standard,0.0
clySpjVjuoI,Standard,0.0
bQBDRYYteW8,Standard,0.0
7kqsrtIKRE8,Standard,0.0
oDfApe0O6mw,Standard,0.0
7z92YIITKJM,Standard,0.0
KI6C_8NNcJc,Standard,0.0
30-1ylTt4L8,Standard,8.0
3dMvrMr0P1U,Standard,0.0
eIjpNJGl8nE,Standard,0.0
av_FW74vLzU,Standard,0.0
3aMoBoiVsMQ,Standard,0.0
rVSv7qw3BAU,Standard,6.0
OrKBsM-cP5g,Standard,0.0
3J2FBgU11nI,Standard,0.0
n7waVxSryds,Standard,0.0
kEAZzxkzXNY,Standard,4.0
sCFhWU6FVtk,Standard,0.0
JfmICjwUm9I,Reaction,4.0
RWL8er9BuCU,Standard,-1.0
ICJI2G-ISDg,Standard,-1.0
0CYyyjBXkVA,Standard,0.0
AOezVQy_uqs,Standard,0.0
eFtV5WbAsj0,Standard,0.0
uBF3O3gUJsw,Standard,6.0
3d1lxtYeCkc,Standard,0.0
OUSAfBTtOkQ,Standard,0.0
UjSswrBR450,Standard,0.0
T6dc0BUewd0,Standard,0.0
Qo9U2bYNgWs,Standard,0.0
HkGGGbzuj5M,Standard,0.0
uhmwHtu6pSE,Standard,0.0
7lnin-ny4zE,Standard,-1.0
_EEjhsHrcQY,Standard,0.0
U4DJMLDrHlc,Standard,4.0
otm150v7VhY,Standard,-1.0
QjTjl96AmOw,Standard,4.0
-4yORTektDs,Standard,0.0
siXBFvMmn7A,Standard,6.0
BCDvYEUVUyY,Standard,0.0
Q5SUdEZAWTg,Standard,0.0
7_LQ0NuaL98,Standard,0.0
4QYfdwOrVg0,Standard,-1.0
TKnDxwzJDEc,Standard,0.0
kIoQkNzFi8U,Standard,4.0
-2hlRsgOLSg,Standard,0.0
QE8kyF9S6Ao,Standard,0.0
UiLgOXa7VRY,Standard,0.0
yocj2bmoBto,Standard,-1.0
BDqz0_6kp-E,Standard,0.0
y8RW-vraOD8,Standard,4.0
skdskejkZGM,Standard,8.0
EdkAET4H3vw,Standard,-1.0
CuP5EGM0gug,Standard,0.0
evyd3oknZKk,Standard,6.0
6yp6UbOA0_M,Standard,0.0
icGHiuKmNe0,Standard,0.0
1ov4e8O91yY,Standard,0.0
tjWhBS3YVd8,Standard,0.0
kl4LW_35BAw,Standard,0.0
naLhMpXRnoo,Standard,4.0
cI1HVKkYnCI,Standard,0.0
MTl5H_7hpOQ,Standard,0.0
olBtZsEg55M,Standard,0.0
A_A1g7kTt78,Standard,0.0
Z0It3ob4ZSY,Standard,0.0
7rQw8flS8OQ,Standard,0.0
vVqLiY9M7CE,Standard,6.0
4x6VUugD1p4,Standard,0.0
NJopEGhpI1Y,Standard,0.0
CiwN6mcEJbI,Standard,0.0
bAZZuAwFIyg,Standard,0.0
v-OZ_ABrWgo,Standard,-1.0
Tvl15RPJ0JI,Standard,8.0
Th2BHxt9P1g,Standard,-1.0
0NVqMaBr0Zs,Standard,4.0
sMNGCNs9XwQ,Standard,-1.0
QlUKv15v6yA,Standard,-1.0
u_aBlgEZKgU,Standard,0.0
5YpoFEfBj0U,Standard,0.0
ZARb_D10npA,Standard,0.0
utWLDPKmJjA,Standard,-1.0
EPl4aUad3RI,Standard,0.0
XFhsaKI6Mhk,Standard,0.0
pHob-rIfhlg,Standard,0.0
Ms9ECS3FvsY,Standard,0.0
A8jZiPJaMTc,Standard,0.0
wurPchqkX4k,Standard,0.0
FEYzBR1SMLQ,Standard,0.0
vo9ptjxoX1w,Standard,-1.0
pWFloKWkwHU,Standard,6.0
EZF6DphcKME,Standard,0.0
8tZBobrbLPw,Standard,-1.0
DaAjI7oKT6U,Standard,4.0
_0bfKKbvL9U,Standard,0.0
fqLYlgJQ9rw,Standard,-1.0
OTX-qBlRLd8,Standard,0.0
PwACyMvgOq4,Standard,0.0
x_1Cs41SerY,Standard,-1.0
sDOmKEUP_HU,Standard,-1.0
-fg2KmKPjMU,Standard,0.0
MbN16Erlsfo,Standard,0.0
CIEA6-cBD2c,Standard,0.0
O95MYG8N4QE,Standard,0.0
Gw2dPn2HqY4,Standard,0.0
LLnXIc-dTP8,Standard,-1.0
pIjltLSyRaU,Standard,6.0
2dyS5dFLk4Y,Standard,0.0
9gUxvWkkVEU,Standard,0.0
PjAqLdcVDzo,Standard,0.0
hRZe1x3VN4w,Standard,0.0
mvMoyHtNsnc,Standard,0.0
bC_-zbFQuwc,Standard,6.0
3xbKRO5UPTo,Standard,0.0
jxHm2N2zEAE,Standard,0.0
kODn13P2bto,Standard,0.0
Ba8tDNNsUvk,Standard,-1.0
79qrPlUZ-B4,Standard,0.0
aRqh9q2TDBU,Standard,0.0
n4vC4L_c6xw,Standard,6.0
knRrPycxhFg,Standard,0.0
0eIuWKmnJ5g,Standard,0.0
133qY4HHT-0,Standard,2.0
frGOGhm91_g,Standard,0.0
_yc78H1A_Tg,Standard,0.0
CW7DdMufQ5o,Standard,-1.0
qwku3xD6VY8,Standard,6.0
7fEZ5UzrrAk,Standard,0.0
Sqy-a0gvQOY,Standard,4.0
es86GQbLmZ4,Standard,0.0
oo-9LxaTZyk,Standard,0.0
8qfpdQBK68M,Standard,0.0
y89aA4RB16M,Standard,0.0
LRJENIcBmPE,Standard,0.0
Lm2ER-sElaY,Standard,0.0
bUEDpowPsT0,Standard,0.0
fZ8Pu-yy0YA,Standard,0.0
wXgO6YnMHkc,Standard,6.0
Ip2WW2eGMq4,Standard,0.0
wdSvMsNJquA,Standard,0.0
Hb_oFfV2aio,Standard,0.0
M-97EWvVbow,Standard,8.0
wpPuxbkPmPs,Standard,6.0
p6f1vClvCVU,Standard,0.0
qIzEgl_qQ8k,Standard,-1.0
QdWUqyi5XVA,Standard,-1.0
Z7BxPclGyYc,Standard,0.0
diTPX4XIjsI,Standard,0.0
iSJz4oUgmWg,Standard,0.0
32LMCENe6uo,Standard,0.0
Bi9Y1pr5L90,Standard,0.0
-XLGoJV5Hso,Standard,-1.0
Lubj54iLqkY,Standard,8.0
BIb9EadDIiw,Standard,0.0
0eyZjVZUG54,Standard,-1.0
bXCHdEuvZ3E,Standard,6.0
OwFFjd6jV-c,Standard,0.0
lgapp2WSUgI,Standard,2.0
2nmpVz3Gg0Y,Standard,0.0
C4V9q7Yj4nk,Standard,0.0
n3WHplH0wCQ,Standard,0.0
-RMORf59q_w,Standard,0.0
0h0RdRKxm9w,Standard,8.0
HHJwmyFuj-s,Standard,0.0
crt7R9MnKP0,Standard,0.0
74dBQ4Tjrd0,Standard,4.0
24y4bFbK73M,Standard,0.0
MDY75E3V53Q,Standard,-1.0
cYaxPMocxBo,Standard,0.0
qhvKnR1dQRs,Standard,0.0
W79jR7cQgPo,Standard,0.0
ThKqNJRRCLU,Standard,4.0
snjMqUaJf3g,Reaction,0.0
UifSxFP4-jk,Standard,0.0
7sIXiaw_DlM,Standard,-1.0
kL70rbQgAMY,Standard,0.0
Vcu1E98oyno,Standard,6.0
2J1Y_FQrBGQ,Standard,0.0
rxdw4g4e5DQ,Standard,0.0
-HbCDkPPw_c,Standard,0.0
j0cXsWR1pC4,Standard,0.0
-11zKUC3lqI,Standard,0.0
Ibt-AENfsy0,Standard,4.0
Ia5xGPaqxTE,Standard,0.0
6hvMj32est0,Standard,0.0
pkoYiGfvCX0,Standard,0.0
5W9S9CxwIZc,Standard,6.0
l0sDVJeuZzw,Standard,0.0
NX3VEeL3aW8,Standard,0.0
7C0kVKn0kz0,Standard,0.0
tZB4StlH9-s,Standard,0.0
4RzaIskvnqs,Standard,0.0
7K0z4ZlG7gc,Standard,4.0
5Dg94CocZnI,Standard,0.0
tM91OQaHzAU,Standard,0.0
pwdeYNuJoNg,Standard,0.0
UUOIfUaBFEM,Standard,6.0
km2O0mlH2BQ,Standard,0.0
toqEJw-2cGE,Standard,0.0
rMmeDGOvvcM,Standard,0.0
jYeG2lv7cxo,Standard,0.0
U0cykUqs2QI,Standard,0.0
SB2gw8bun4Q,Standard,0.0
f0znvWcHzwo,Standard,0.0
I0AEjOMzI88,Standard,0.0
-7sTNLe0anA,Standard,0.0
gsrYhjWkw-A,Standard,0.0
ne_Mb9DFwYE,Standard,0.0
nd0G0vp10xU,Standard,4.0
Q1TANKrubZE,Standard,0.0
ILrQz_OkzqQ,Standard,0.0
GGfw5tlqMto,Standard,-1.0
WgYUAvVL85w,Standard,0.0
Wn0WUczvGGU,Standard,0.0
_uqYWuOQVS4,Standard,-1.0
WkGAkMB9s1w,Standard,8.0
JF8G1ffUXCM,Standard,0.0
aZhI1QadgDY,Standard,4.0
PSjNrYF5icQ,Reaction,0.0
Qy2ZTfC4TA8,Standard,0.0
p0Ac_gHJZ00,Standard,-1.0
_1DDhaEJcMk,Standard,0.0
xoIClrWnv5U,Standard,0.0
gKexIG7S97U,Standard,-1.0
TVEsuWy7WHU,Standard,-1.0
wQ6E3PuQaSc,Standard,0.0
n2Joo9fwu6k,Standard,0.0
C_8GIhfYW5k,Standard,0.0
Ge0C9CHI36Q,Standard,0.0
IVLfq3WfrJg,Standard,4.0
tmbbFUBZUfc,Standard,0.0
npEiQzA1ilg,Standard,0.0
NzHS7rMsxAI,Standard,0.0
rx0K0cb9AMM,Standard,0.0
-snwBJLqjSk,Standard,-1.0
3PvMeeVAwq4,Standard,6.0
dUidAVw927A,Standard,0.0
GNDVV7kqK7g,Standard,-1.0
daqeEsCqmTk,Standard,0.0
YTeIOlTmy7o,Standard,0.0
wFeZCGUtWIk,Standard,0.0
O-t7_oOctOI,Standard,-1.0
Gquu08Bc-AI,Standard,4.0
u6hczSx7yiE,Standard,0.0
L72rK_4FkOs,Standard,0.0
Uk98ULMVMOc,Standard,0.0
lTBWa4c4foc,Standard,0.0
3qxnIKNT-_A,Standard,0.0
I6_OKjMNVWI,Standard,-1.0
CzcNKHp2p5A,Standard,0.0
RU0-o8-scSI,Standard,0.0
aNA1fDLqr6A,Standard,0.0
cFYFcWqTFtI,Standard,0.0
DT8n5ifmh8o,Standard,4.0
e6F2HjvAXEU,Standard,0.0
_Ce2q2xpr-4,Standard,0.0
pzivMXNeN84,Standard,6.0
gEXoQlXnrvM,Standard,0.0
LnbVUksCZXs,Standard,6.0
d6IvkmFrDjI,Standard,6.0
fdQFEClrNKw,Standard,0.0
2aYgIz9c498,Standard,4.0
cBCnvZT7D5c,Standard,-1.0
KEaBTQc-aJs,Standard,-1.0
iGsMf4d0zzk,Standard,0.0
ELDwTGSUAgc,Standard,0.0
M4xEwwpeqfg,Standard,-1.0
mg68QY25-Vk,Standard,0.0
5FSzjL8owQA,Standard,0.0
8Nfo6YNGTAc,Standard,0.0
fK9QMaGyzBY,Standard,8.0
KFsX5ZE9t78,Standard,0.0
p-4y74v6uSA,Standard,2.0
9WNeYraavY8,Standard,0.0
L5MLFaHwuqQ,Standard,0.0
A0b-C1UFqZ4,Standard,-1.0
Hb32Aero0Ts,Standard,0.0
_FobHl3VvVM,Standard,-1.0
_SYQErxSAjg,Standard,0.0
0fg5LzGCU-0,Standard,8.0
F21hcrsJD-0,Standard,0.0
9TVPSmZ6zBE,Standard,0.0
5M-5DEBQDBw,Standard,0.0
LnRiZz7g0Ts,Standard,0.0
VDqowDLsjog,Standard,0.0
h9ZF0f3ucZk,Standard,0.0
nwxQIpVVsG0,Standard,0.0
7sdoKYf0mDY,Standard,4.0
1qTXgv7RVFE,Standard,0.0
VwkR1nPz7gE,Standard,0.0
Yn2GdjTN_Fk,Standard,0.0
E4FfihJYcdY,Standard,0.0
1UgI7XnVP44,Standard,0.0
4HLpYbh2Vnw,Standard,0.0
Hbd7xSjeSLA,Standard,4.0
6WU5FVij2FQ,Standard,-1.0
jdN64qpjkkI,Standard,0.0
XFseJFLB6uc,Standard,6.0
QoA-yKvRZ0s,Standard,0.0
wUs2kMoZTfU,Standard,0.0
iBp0ZJ03AGI,Standard,0.0
ohD_kSevjVw,Standard,0.0
QFAW4H3Vcb0,Standard,4.0
jv7Ny9SwWmA,Standard,0.0
iOoWvaLY79U,Standard,0.0
tVEAoZ4F44k,Standard,0.0
s3y5ud2ruU4,Standard,0.0
vAEPKcZ7Oc8,Standard,0.0
mYRcgGoZFVo,Standard,0.0
b9gH947VlXo,Standard,0.0
9p_IpcBUHGs,Standard,0.0
TWOkybnnZow,Standard,0.0
5qGAjGhfNoY,Standard,4.0
ODHM9RcK2oM,Standard,0.0
xKXKdsQgqEk,Standard,0.0
EpJDaHiTL8U,Standard,0.0
Mm5LnSpHzvo,Standard,0.0
UCuvTVxBKwM,Standard,0.0
OGubIb0PD5Q,Standard,0.0
JNVLLo3BmBo,Standard,0.0
ziWXSSHmlCY,Standard,-1.0
4UW9-I-3qRk,Standard,4.0
t_ndebwxsis,Standard,0.0
curWltfKnZc,Standard,0.0
TXBOAJ4TkeI,Standard,0.0
MV8SbrLyDZw,Standard,0.0
HY1SaFdpE0U,Standard,0.0
IKp2S4Yu04g,Standard,0.0
lxYNW-xZB1U,Standard,-1.0
4ZrPnN0Inng,Standard,0.0
mgWPRhpk6iM,Standard,0.0
UYyLEWvghMU,Standard,0.0
6jp8dHfN7FM,Standard,0.0
5FyoUxbJdGw,Standard,0.0
JWoU1Sb-tKU,Standard,0.0
L06ZGdAfDHc,Standard,0.0
YFYJD6Piw84,Standard,4.0
MRNvMlkjhvc,Standard,-1.0
f8mJL1yCVnI,Standard,0.0
Ry8CsjRIOcg,Standard,6.0
4CDG63Wg8bA,Standard,0.0
vgO_bFmzsj4,Standard,6.0
S05h7dTFEBs,Standard,0.0
KzyEZkHf2Pk,Standard,2.0
jIDhz2jZohQ,Standard,-1.0
9m44kjYsl5I,Standard,0.0
eZcXxmdxEU0,Standard,0.0
sXExOht5d4Q,Standard,0.0
LVvKpB1HwE8,Standard,8.0
T1j_jGvXHXk,Standard,0.0
GY0FXm3L5UU,Standard,0.0
I1H1GPLXpZg,Standard,0.0
Zp-PfC_6TEk,Standard,0.0
W2W-55InlRI,Standard,0.0
jTb6ah3_TBE,Standard,0.0
qPFq4LdOHFI,Standard,0.0
bSLDbcMG9i8,Standard,4.0
ORjebSnFwfA,Standard,0.0
0O0u58sKs9I,Standard,8.0
3j8U98j4Gu0,Standard,0.0
TwcYfosLB1c,Standard,0.0
u2_Ffl1my2o,Standard,0.0
FMv8cZ8XQws,Standard,8.0
3xOcG5ezD5w,Standard,0.0
y2Sg1X5hx5o,Standard,0.0
ZInnhBf5oHM,Standard,0.0
xEUAGHpgntw,Standard,6.0
gLXE_vHBczA,Standard,0.0
Ei6bdSNqW9E,Standard,0.0
K1vh1j23sLU,Standard,0.0
Mj24uoECFZk,Standard,0.0
FVCoFdhAMRQ,Standard,0.0
qWK3Y7VPw58,Standard,0.0
llJ6u8p7SO4,Standard,0.0
XOA9MPbsEnE,Standard,-1.0
T39RH8JC_OA,Standard,-1.0
0QZj0BYHqeU,Standard,0.0
TSs0yZK3yGo,Standard,0.0
ScsKSe8tZXk,Standard,4.0
sTGIPE6M6fY,Standard,0.0
PbAXGLv9HZg,Standard,6.0
1iNwAWeQs5I,Standard,0.0
P7TNp2nVcYo,Standard,0.0
oJO9LyZm__Y,Standard,0.0
6GSug662JtQ,Standard,0.0
OKi6kaam2Ek,Standard,-1.0
-JdebMSo4Ik,Standard,6.0
cTB3w06aNTc,Standard,6.0
92LBVEfHinY,Standard,-1.0
aQnom3JDsdA,Standard,0.0
mp-aXZkK_1w,Standard,0.0
xTH808KMU0U,Standard,0.0
lqQdAIouEJ4,Standard,2.0
CeTzTDvwpFw,Standard,-1.0
Le_EAniY9fw,Standard,0.0
1CaUXu7Rsus,Standard,0.0
RxF3XOSiqgg,Standard,0.0
DJK8M_AXrMY,Standard,-1.0
O0Shi-6O9jM,Standard,0.0
2JWd5aFvkoc,Standard,0.0
NjnSLuZH1FY,Standard,-1.0
sXLDy2d1Bko,Standard,0.0
otdPcX66MoA,Standard,0.0
ji-RAvUlaCE,Reaction,4.0
AXu1uiHHhDw,Standard,0.0
GGagQEyCKmY,Standard,0.0
GOBfcDXAhjo,Standard,0.0
Kvm8Uqp-DeI,Standard,0.0
S9UHD7lBPxg,Standard,8.0
Q29hFYsWyuI,Standard,-1.0
npiWEkl_Dbc,Standard,0.0
lbVyaL6UEIQ,Standard,0.0
zDNCbrSrey0,Standard,0.0
BP5gflpSNOg,Standard,0.0
wny17vIEZPg,Standard,8.0
FSDhYXi2PGU,Standard,0.0
UJEgYyP8QwQ,Standard,6.0
tDdU2VjUq8I,Standard,0.0
xt0HOsA9QD4,Standard,0.0
jeCqEJmlxv0,Standard,0.0
Bum10pitWJ0,Standard,0.0
vzDbZAYRM-g,Standard,0.0
AEIkMYe9Bys,Standard,0.0
J69hWzjk9w8,Standard,6.0
okychNY-TXU,Standard,0.0
EwNmK1akuuQ,Standard,8.0
Ri6us1f5m7I,Standard,4.0
AacGbyqxvIs,Standard,0.0
8qzoKuHUyNw,Standard,0.0
-7JiiyWHMus,Standard,0.0
XHDZvMbCLDs,Standard,0.0
5EQTVh1jnB8,Standard,2.0
RNpcsfUVYmE,Standard,0.0
OwnFJTJHbTc,Standard,0.0
rT-4cSQTq2s,Standard,0.0
Y4mLVVa4070,Standard,0.0
Kr9LlZB_Alo,Standard,-1.0
8qOMvJYHrbw,Standard,0.0
FuXgVt6pNHo,Standard,0.0
fnMeQgci0S4,Standard,0.0
D8piWU78o0A,Standard,0.0
tl6vYNIqkfg,Standard,0.0
1qbgDLvAPtA,Standard,0.0
meVKYdMMevA,Standard,0.0
dtMXzJpo5dw,Standard,6.0
061MFtzVzP0,Standard,0.0
hITLQhgsrQw,Standard,0.0
er2oqY3QE1k,Standard,0.0
Gy1bd1o4ogQ,Standard,-1.0
DHVaC8Cig9c,Standard,0.0
blQnnVv-DTE,Standard,0.0
twHj-zMyP7w,Standard,0.0
uSNmFDWkLxs,Standard,0.0
HsqoUamh-0c,Standard,-1.0
FJleK0VuqxM,Standard,8.0
90pPJq1v09c,Standard,8.0
TFJQeSoyK00,Standard,0.0
NvDZH-tlzHE,Standard,0.0
Dg0pKZqpZKM,Standard,4.0
KSos-xDt7-Q,Standard,0.0
QHRwVp4qWTo,Standard,0.0
9qdLh6gWI2s,Standard,0.0
jIzJGFFr0eY,Standard,4.0
rTBcseE6PBI,Standard,6.0
sQkFf9mYQ9U,Standard,0.0
SzKDm7Ry67g,Standard,0.0
hZ9pXgnaW-w,Standard,0.0
g4skp6JGIeY,Standard,0.0
cFpKAQbhj_M,Standard,0.0
mNaPwgh_jUg,Standard,0.0
ggwAI-YGxsA,Standard,0.0
EXIhKxG8vPI,Standard,0.0
ZoBnpxkzJKU,Standard,0.0
DgUnzoafOvM,Standard,0.0
SnfxHhJ78mU,Standard,0.0
rFwtUu4OxAQ,Standard,0.0
OWg8wkUk_Zw,Standard,4.0
ndntvFYR-Yk,Standard,6.0
vGwtLYkuKtw,Standard,0.0
J5HbSsf_Fek,Standard,0.0
-Kg_oKUQWeI,Standard,6.0
AOEgonYtf2Q,Standard,0.0
i61WXQ_-TlE,Standard,0.0
chNBt-ZkyH4,Standard,0.0
3gNr2OVLsbE,Standard,6.0
hgLpxQa_niw,Standard,0.0
Rgkvl5irfk8,Standard,0.0
SN5DLQDb9cI,Standard,0.0
tVtjclDUrlQ,Standard,4.0
mQANdfeovtw,Standard,2.0
X80SsJYaP_E,Standard,0.0
VBn7f1FRYOw,Standard,0.0
4Zbvsks3S7M,Standard,-1.0
nmT-7UYWAb8,Standard,0.0
BoPFecGLHg4,Standard,0.0
3KiQBaR6Nz0,Standard,-1.0
tFVK9mlzx5g,Standard,0.0
DZZFtHI_8lw,Standard,0.0
hbJlYZIf0qk,Standard,0.0
GDalnHqSAFs,Standard,0.0
-U7Ul6TVcew,Standard,4.0
rjoYPI0hSDk,Standard,0.0
9H5YHLyWc78,Standard,0.0
ofsb0jG63Ag,Standard,0.0
87vLWksKxP0,Standard,0.0
06EppeXJbjc,Standard,0.0
0rdwCZuWkos,Standard,6.0
u7mveX9pDeA,Standard,0.0
7yfrGpXmkVY,Standard,0.0
v01qyY39Wzg,Standard,0.0
hRTTMExoG38,Standard,0.0
Qw2AbEQ8CFg,Standard,0.0
xFaB_-i5cMQ,Standard,0.0
qrhqFKGgmvI,Standard,-1.0
7FAV5tFQjZ8,Standard,0.0
SQLNQY-xag8,Standard,0.0
HHMbCIa8-LE,Standard,0.0
c0FysAAkO3I,Standard,0.0
qRtfbn6pJe0,Standard,0.0
VxQgDhsBcKs,Standard,0.0
8UY7hDjXeWQ,Standard,0.0
wTrgmy69ZaM,Standard,0.0
Emi_hRa2BC4,Standard,6.0
msUkDqI2EYM,Standard,0.0
tCGJsdKUKnw,Standard,-1.0
mD5Qj3BhVAo,Standard,6.0
YkexQ7eUEeI,Standard,0.0
eK8o_-9P48o,Standard,4.0
n2RGs0UDJKk,Standard,0.0
dk47piNPpWA,Standard,0.0
0LU94vQJzso,Standard,0.0
5Xb73Ga6CY4,Standard,-1.0
IfspGLaT1KA,Standard,0.0
OPrOhC-P0tM,Standard,4.0
5eg5Fof1nWw,Standard,0.0
GsWIaoTKk4o,Standard,0.0
yML3-08kGGw,Standard,0.0
UTC7tsd1chQ,Standard,4.0
o4ysS0SRWLI,Standard,8.0
w7Gp5o54HRI,Standard,0.0
xT9AmKdb6jI,Standard,0.0
QusT-SMkOq4,Standard,4.0
gnyyeXYTszY,Standard,8.0
jc1KGSb34io,Standard,0.0
5t_YpLhfGEI,Standard,8.0
o0agfNzUQp4,Standard,6.0
f_2QDy0Gw0o,Standard,0.0
LmX6NCI9tYI,Standard,0.0
oZtMgzEuQsM,Standard,0.0
UZ7vappqxtk,Standard,0.0
jRyGOMG6HI4,Standard,4.0
1NKfjYHqV8c,Standard,0.0
t2OvLcvlSgU,Standard,6.0
_42p0cnym_E,Standard,-1.0
Kkm--fVzthM,Standard,0.0
BjzkGObAieI,Standard,8.0
rxYgH80PH4A,Standard,0.0
3OxtgNTZ3s4,Standard,0.0
1TjiG-SxkCw,Standard,0.0
kSnNYQeduDk,Standard,0.0
9yZByxdjVm8,Standard,0.0
5SRtFyjnP18,Standard,0.0
0DOwuvO7VAE,Standard,0.0
qonf76K-mm4,Standard,0.0
ckHMxIg8TsU,Standard,0.0
U2INWFNo4oU,Standard,6.0
08RdcbuFan0,Standard,-1.0
yjDlblgqzeU,Standard,-1.0
VLClIxmjx2c,Standard,0.0
5t5r9ORNFVo,Standard,0.0
ta2McFw7zyM,Standard,6.0
IK9iSuk2yng,Standard,-1.0
0KySIZVKnQs,Standard,6.0
JmfJ1NLAENA,Standard,4.0
8tGLQN5NcpE,Standard,-1.0
bDtO0Wn-Z3k,Standard,-1.0
8-5zLXawjr8,Standard,-1.0
eB97abszFvw,Standard,6.0
AZpcFNoGYUM,Standard,0.0
v2xr6BMLD2k,Standard,-1.0
bxhUcixErXE,Standard,0.0
VbhT9DKdo-I,Standard,-1.0
J5T-dTCcLl4,Standard,0.0
mUcErsOkCDw,Standard,0.0
Yva7dG60hCQ,Reaction,8.0
eWVeU18g19o,Standard,0.0
AdTjPU9nSOU,Standard,0.0
bEuReN28mCE,Standard,0.0
Zf308liGIEM,Standard,0.0
1RC8mA_5jNw,Standard,0.0
ut_hGJagQ3E,Standard,0.0
WToEmB8i1ZU,Reaction,0.0
WMp-my8tbzY,Standard,0.0
dvOx2dfIwzY,Standard,6.0
MjZ-v7KzCJI,Standard,0.0
eWqwLmvUmas,Standard,0.0
MCk1l9mO_DQ,Standard,0.0
_whSC5L1rC8,Standard,0.0
_DiO0iwEDe0,Standard,-1.0
56PZOcgIVmo,Standard,0.0
cQNGvXfLlAo,Standard,0.0
JjDr9gBnDgw,Standard,4.0
kO28II7dHfk,Standard,0.0
ds02hH0bQ7s,Standard,0.0
d4MyQR2mI7I,Standard,0.0
rW6zOtgLW3Y,Standard,0.0
j8SCB06Yibs,Standard,0.0
gDy5BDG_4xA,Standard,0.0
X2f7YYUrv9w,Standard,4.0
lhtbSFLUa70,Standard,0.0
eEMRWCub7sk,Standard,0.0
I9BWV-08EwE,Standard,4.0
u0e5JTrjgpQ,Standard,4.0
hHzAbpvwxrM,Standard,-1.0
MTl5OE9Z6bY,Standard,0.0
3CVBJCujUCE,Standard,6.0
kl0ZKQB98Go,Standard,0.0
lP__d0u5Wy4,Standard,4.0
iTrYqK5YOkw,Standard,0.0
l81auqdHHFs,Standard,0.0
qOGHlF1kLXc,Standard,0.0
M_qq0m2RfV0,Standard,0.0
X_u_rMGH-uE,Standard,8.0
6Dxw74b1RZs,Standard,4.0
NVgGqUi_KqU,Standard,0.0
taKUU5l5uDY,Standard,6.0
kTrBmBvyb-w,Standard,0.0
nmEsbam-EgY,Standard,0.0
gYD5qQ8vtgQ,Standard,0.0
GI8qDntMzqE,Standard,-1.0
KcYdHqCa970,Standard,0.0
CfRYNTdNQrU,Standard,-1.0
I4uezCjHUn4,Standard,0.0
Nej6RrZY4FI,Standard,0.0
bI9xz7ECk9A,Standard,0.0
s1lXn56DbfM,Standard,0.0
aoWSKgaGCDc,Standard,0.0
LvM4Bjy2Uq0,Standard,0.0
qDQoEDHPlsM,Standard,4.0
hc2ZtgogAko,Standard,0.0
gOqJ2zYTmAA,Standard,4.0
Zxef-a4uQ_o,Standard,0.0
eFLon92m9zo,Standard,-1.0
lZ0Sdh27Jj4,Standard,0.0
7dQKV9QaJ0E,Standard,-1.0
Fmta56Gj4Ho,Standard,-1.0
s4bX5L5_yxs,Standard,0.0
llq87TYFFyg,Standard,0.0
2YW-VyCVIjU,Standard,0.0
4udybgMBU5Y,Standard,4.0
9KsB4e519hk,Standard,0.0
SAG_vf4LVv0,Standard,0.0
mgdiacdL3PU,Standard,4.0
O7BK4po1JDE,Standard,0.0
nZK3_2n3nh4,Standard,0.0
0OiX3RMNWeI,Standard,0.0
lVNPTZ85ixM,Standard,0.0
HZ_IsAFv1jc,Standard,0.0
MdVnCIHn90E,Standard,0.0
tliSqt7NCXs,Standard,4.0
LXfK0Tox8ks,Standard,0.0
ozQtoeJ3wHU,Standard,0.0
iiJIsGJb6v4,Standard,-1.0
JpOcXiVeu9w,Standard,0.0
3zRXyIgPefo,Standard,0.0
Soxu_Z6Enuo,Standard,6.0
9K8iGkCju4U,Standard,0.0
v4bQzPofTA8,Standard,0.0
oJBYmHtz4kE,Standard,-1.0
BUPAZJxRsWI,Standard,9.0
d6sdzoudTzY,Standard,0.0
aeD3rf-zCy0,Standard,-1.0
ngdICnmEovo,Standard,0.0
FRmXg92xQp0,Standard,0.0
K8DG9I6XSJM,Standard,0.0
RtRhuYcsWEA,Standard,-1.0
tuMe_bU17sc,Standard,0.0
ERGgMpJ7i28,Standard,-1.0
ePM3WlGXpAQ,Standard,0.0
frMu6pgyrdA,Standard,0.0
j7Q6GM31TzQ,Standard,0.0
Zj71tzhbTfI,Standard,0.0
HDa-eiUAcmY,Standard,-1.0
2S571ieDlmQ,Standard,0.0
tKRk7VSI2qo,Standard,0.0
rhRFRqeaUx4,Standard,0.0
-iAjqvBulfQ,Standard,0.0
mfFtqEOg9Dc,Standard,0.0
JDvGK8JqSs0,Standard,0.0
KZbkuJmAsTg,Standard,0.0
AO9q1AAwL4k,Standard,0.0
lh_mAHLHyZw,Standard,-1.0
Yo_UPwxT498,Standard,0.0
IeUzNNfHQr4,Standard,0.0
u5g8dqOaoJA,Standard,0.0
1v06n217AZU,Standard,0.0
Leh2VJd7DEc,Standard,0.0
UEfg4hYVuUY,Standard,0.0
E9LQ3sB6XGc,Standard,0.0
LA88AmHc0-c,Reaction,6.0
G-UeJbeEwjk,Standard,0.0
hatdLkrMFH4,Standard,6.0
hxkD2Ku96bs,Reaction,0.0
2nwcuZl2Eyg,Standard,0.0
3urpnvBN25U,Standard,-1.0
kHOSeHkl1GI,Standard,0.0
FVQpIuIjVac,Standard,0.0
JM8N1EKykAQ,Standard,-1.0
HA8wO8XJ5iI,Standard,0.0
3veS8WlYVhg,Standard,0.0
IMs0W6aeE34,Standard,-1.0
k3Auc9Y1nN8,Standard,6.0
ZH2ZObWIwAg,Standard,6.0
PEVbqgi23po,Standard,6.0
Nj05n2WCeUQ,Standard,0.0
lNbT3wRb9l0,Standard,-1.0
aYYxg_qihbA,Standard,0.0
JhybB-iyImU,Standard,0.0
ISD5Q2hBXts,Standard,0.0
R129GMar7VI,Standard,0.0
FhZFt_Wsfy8,Standard,4.0
SgvB4xS4GEY,Standard,0.0
RsXLmv9I-Xo,Standard,4.0
MWwczCdIyCU,Standard,4.0
iR_SYY744RM,Standard,6.0
N9zeo30aUXY,Standard,0.0
9Wv3WVJY0EA,Standard,4.0
6Jw_LOIiN6E,Standard,6.0
z6HIoIiZy3w,Standard,0.0
u966ZDGddb4,Standard,0.0
mFTBz__yWI0,Standard,0.0
lcQ5NGrcCl8,Standard,0.0
6uW6Resa6EQ,Standard,0.0
vjFFJHSwN_I,Standard,-1.0
Zgttpzdlsqo,Standard,0.0
v0s_WIpq3bA,Reaction,4.0
QcUf2_I7VEQ,Standard,0.0
leWHrRKdWlI,Standard,4.0
LNyZfw2AUIU,Standard,0.0
2UEEb6MpKgQ,Standard,-1.0
6wbz-B5wueg,Standard,0.0
i3EkZ3IwBRE,Standard,0.0
c36jUj_LP7A,Standard,0.0
cto8pcoc7Vk,Standard,0.0
8rl_XV6xqII,Standard,0.0
So2J7bAgNbU,Standard,0.0
1Okq7GwoyMI,Standard,0.0
xn8yk53o_dY,Standard,0.0
gN77inGh_8c,Standard,0.0
OFKbAL7A3mM,Standard,0.0
wScjrJmbVKM,Standard,0.0
2coTIk2YH1c,Standard,6.0
eGm8x4VoYZI,Standard,-1.0
PnZEIpuUHZU,Standard,6.0
E5mQE9auBO8,Standard,4.0
WspEsCfytMw,Standard,8.0
0YHzKNYRwvY,Standard,0.0
0HX4IPRqssU,Standard,0.0
tJ2UbQFWmnA,Standard,0.0
HND03QR_YrA,Standard,-1.0
7EfOmYnsIqQ,Standard,0.0
3H4I2QAFYYo,Standard,0.0
Yd8AhnxCsBk,Standard,0.0
Dojj7juROT0,Standard,-1.0
h859Nqd8I5w,Standard,-1.0
IK4j-SdEa1c,Standard,0.0
IDv1RH9k5UI,Standard,0.0
XzN0sh4qxaQ,Standard,0.0
ARLtPIZNZ30,Standard,0.0
w1vOeZOmZVo,Standard,0.0
fcDzZBLjqns,Standard,2.0
d2jJJhsTSoQ,Standard,-1.0
SorQ_Q85ly8,Standard,0.0
MhPvQ1RMJEk,Standard,-1.0
F0H-fJhFb70,Standard,4.0
WZdpY6M2owg,Standard,0.0
PCDBOIlegGA,Standard,0.0
1yfq7xGMKhI,Standard,6.0
2w88ChIjscg,Standard,0.0
OJMXDzCB8jQ,Standard,0.0
WSZJ66GGf8A,Standard,0.0
ZJk4Wchxkfg,Standard,0.0
1QXkLcni5NI,Reaction,8.0
KhoXn936Dbs,Standard,0.0
k8iG4ViEmf4,Standard,0.0
3U5xli2BjGw,Standard,-1.0
3_JA5kdJ6Sc,Standard,4.0
6nBfMdVUim0,Standard,4.0
ToldHp0pGyw,Standard,0.0
4IaDnaaISaY,Standard,0.0
gveoXXJGyxA,Standard,0.0
JgCRvja_CPw,Standard,0.0
zDmgV5UMsOk,Standard,0.0
-_-uIpDG4sw,Standard,8.0
3G8sy3oqhng,Standard,0.0
HCo9v4fwW4w,Standard,0.0
85yU90GPYIk,Standard,0.0
yX22Y0BhScU,Standard,0.0
RTUq3hWDHEI,Standard,0.0
g9MYzgY6nzY,Standard,0.0
5qdTDOzAZQk,Standard,0.0
Cq8w5errw40,Standard,0.0
aEgR0mhl14Y,Standard,0.0
jEb5flKVuLw,Standard,0.0
-sZ6ZAAS16E,Standard,0.0
zEUhKg5duXA,Standard,-1.0
2y0vBTK1vT4,Standard,-1.0
6bG3oU-A0oM,Standard,0.0
_Ap6SHbu33g,Standard,0.0
E3J-rWiJKAQ,Standard,0.0
7zInx_ArOdA,Standard,6.0
09O1_gV3e9s,Standard,0.0
pP7tvRDw0MU,Standard,4.0
eE7CtZ6No7I,Standard,0.0
RCjS0k88fvI,Standard,0.0
zN9e95q8_NQ,Standard,-1.0
OGU7ma_-2VI,Standard,0.0
qK2nS4Cwi-g,Standard,0.0
J9gVmXyOQVE,Standard,0.0
V3jRQ63EJwk,Standard,8.0
thVa0KClYHM,Standard,0.0
wx88_UJJio8,Standard,0.0
YXG7G8GsTWQ,Standard,0.0
vaGNJQ7FfFg,Standard,0.0
a2xcMleEctg,Standard,-1.0
-suSYFN0bIA,Reaction,6.0
zzr5kxb0TbM,Standard,6.0
4DaFW8udPsg,Standard,0.0
Cm5CAsOtgs8,Standard,0.0
LW-3zhpj_5E,Standard,0.0
lcP61tKl92M,Standard,0.0
RC0S64DXAnk,Standard,0.0
pGX7E5gnnNo,Standard,0.0
ANHTWOYDCO0,Standard,0.0
Dw1JWSVzNVg,Standard,0.0
MCxMCn9tHrM,Standard,0.0
UCzwH29DiwE,Standard,0.0
rL2k4iKPW0o,Standard,-1.0
sS2oeaSP35k,Standard,0.0
-LTCBj1LUzM,Standard,0.0
xVZEsQFBKNs,Standard,4.0
beCIXJijj60,Standard,6.0
hVfdHyrG-uU,Standard,-1.0
F9_5VRibUHw,Standard,0.0
tqMIxCtPzrg,Standard,0.0
Bz_i2Pc4vBs,Standard,0.0
dBdK1azVwZw,Standard,0.0
Y6cnvN0t2_0,Standard,0.0
OniJNH-dpKs,Standard,-1.0
zzLtiPVBkzk,Standard,-1.0
56bsg069PNU,Standard,0.0
m0340yo_ImU,Standard,0.0
H91v0rUG2zc,Standard,0.0
Z2qQxyup-ck,Standard,8.0
JA-wjYJ_Lr8,Standard,-1.0
bUxAvQ6nsKI,Standard,0.0
AhQ9JqzsoAA,Standard,0.0
ESFgwsqpJfM,Standard,0.0
XhDMhV5U9kU,Standard,-1.0
99m19wyNr88,Standard,4.0
hUUY2uCm4tQ,Standard,-1.0
X1kA10fqRbs,Standard,8.0
4siVBY_yD14,Standard,6.0
8j1v3zaPabc,Standard,4.0
N0jUDHt9rT0,Standard,6.0
rgYJWhq6Vqc,Standard,0.0
NadPs-28iOw,Standard,0.0
XbZ8HnABn8M,Standard,0.0
6uDz47sv4Tg,Standard,0.0
vMqa7OODLL4,Standard,4.0
dBUO3KI7DM8,Standard,-1.0
C454vzoWQRo,Reaction,2.0
r020yJg4OKQ,Standard,4.0
8FdV_-J3Qd4,Standard,0.0
aHpPV5EmkNk,Standard,0.0
GtXqroq4JIA,Standard,0.0
_G-GIOhXkwY,Standard,0.0
jjXsj2d_CJw,Standard,6.0
NdD0SZauUVE,Standard,0.0
k-1maXbHY68,Standard,-1.0
a8z8pf1AGzU,Standard,-1.0
wvji1B5gs6c,Standard,0.0
7L84yZJp8Io,Standard,0.0
qtG0aBhZ1vc,Standard,-1.0
5MYWmLvvfJY,Standard,0.0
1w5NHey3lzc,Standard,0.0
pqOEcPi-_-A,Standard,0.0
Y5WtJhis9pk,Standard,0.0
yrJmFvR-abc,Standard,0.0
ZMTNkgOZt2U,Standard,0.0
xktL1aGE5bE,Standard,0.0
VcLWR7ra2m4,Standard,0.0
zSF1tnzSNrY,Standard,4.0
y1jwDezhAfY,Standard,-1.0
kWPt1XnXigs,Standard,0.0
ayd8IKuPrJc,Standard,0.0
kGieolsCbw8,Standard,8.0
XTutKa2lJxw,Standard,0.0
jWVNnqaRYGY,Standard,0.0
Rzqh2yi9MXU,Standard,4.0
sJxwEgKol5M,Standard,0.0
T4x1apWLfX0,Standard,6.0
oQDJ5oar1Zg,Standard,0.0
XVdh6tIt8I4,Standard,2.0
4Fum1WfrMls,Standard,0.0
3-dchrLAWP4,Standard,0.0
jd3ebwjHJr0,Standard,6.0
FI5sNG1z9L8,Standard,0.0
6A9d06gK5cg,Standard,0.0
5HxgfOA6VPs,Standard,0.0
8dxnoKvBmRA,Standard,-1.0
3kPJ7NHRNeI,Standard,0.0
rXAyGWJ2Ucw,Standard,6.0
BKpClonUf8E,Standard,0.0
Ib2dThFJKq0,Standard,0.0
DKKi-SV8GBc,Standard,-1.0
fz-TxQjZS8I,Standard,0.0
8u3yQuG2ob8,Standard,0.0
WRJwFXriSMc,Standard,0.0
at_y9SgpglY,Standard,-1.0
tAYqaTDnfBQ,Standard,0.0
jS83gXq7eGg,Standard,-1.0
wzBXwPkt7lE,Standard,2.0
FsovgpPs6tk,Standard,-1.0
3ZfuNIfYQD0,Standard,0.0
6rGjxbAjR6s,Standard,0.0
nKMoSrQ54wQ,Standard,0.0
OzmxalVDLyw,Standard,0.0
1YEOb9yaxE0,Standard,0.0
XVb2TQpuv04,Standard,0.0
KpqdjUwv0jQ,Standard,0.0
2SO0jx5Wt3U,Standard,6.0
H5HMJtcEmeo,Standard,0.0
_YfVW8rBrFw,Standard,0.0
colMIrMTVlE,Standard,0.0
YFcpick9iac,Standard,0.0
7YAULmyqH5s,Standard,0.0
IXPiFGdhj88,Standard,0.0
dsRQ78G-t9A,Standard,0.0
Isj3GAyNTBA,Standard,0.0
camGywRRad4,Standard,0.0
KIECn2Lt-r4,Standard,4.0
M-ACq-8SNWM,Standard,0.0
4BqjNhh4Ueo,Standard,0.0
cl8mwYotRCk,Standard,0.0
10usYdxXlN8,Standard,0.0
YPX3XPHMDV8,Standard,0.0
ic3K2ve-4AU,Standard,0.0
OukGcCwzlIs,Standard,0.0
oQ3HXeHS-Xc,Standard,0.0
Usq6iLtxKAg,Standard,0.0
6UdGy-kNREs,Standard,0.0
F3jb3PtK-3M,Standard,0.0
qQzuEm-zN8c,Standard,0.0
22Yf4ri5Cm0,Standard,6.0
JDLWgXv6jio,Standard,4.0
3KKgOcDjC0I,Standard,0.0
vFfCLJ7rGoc,Standard,6.0
k5wxH37N3OY,Standard,6.0
anp8x1Wd5lw,Standard,2.0
gkfQp73aNes,Standard,0.0
HzkIr9KIk8s,Standard,0.0
v1d2m_hbDQA,Standard,2.0
mmoXU0tRBtA,Standard,0.0
K75p1ZdrPes,Standard,0.0
QXkKk8aE6kQ,Standard,-1.0
PrQfox0AF7o,Standard,0.0
SJ9fvnRUxUc,Standard,0.0
IN5YaJznZeQ,Standard,0.0
biQJ1jDwd3E,Standard,4.0
zBLli-nn9io,Standard,0.0
SD31pnFiZCA,Standard,0.0
xGEH1tzyO8k,Standard,0.0
wBOmNiBNEBY,Standard,4.0
5GtqwnvVjrw,Standard,0.0
XS31Xoy1zmg,Standard,0.0
gBCqvGPGm74,Standard,0.0
L3FHHT_CRVs,Standard,0.0
3q5-nGuqffo,Standard,6.0
ub6TQIqg6Ws,Standard,0.0
VtRP2ezoPqY,Standard,0.0
z7KXm81e-_E,Standard,0.0
2Q9Enhm5CqE,Standard,0.0
lsVkbVe5S3Y,Standard,0.0
isnubRloho0,Standard,0.0
D64iy_wz2zc,Standard,-1.0
hPT6oxExHZQ,Standard,0.0
pL5ul56k7RM,Standard,0.0
HbHBJf8Qd7k,Standard,0.0
xoevLyStrWw,Standard,0.0
oiR4KWqlOf4,Standard,8.0
UQkUVMqTTCQ,Standard,0.0
HJ5yd3N6GUU,Standard,6.0
5fY5H9lCFGo,Standard,6.0
YJVKouHrGN0,Standard,0.0
S7_Fybt-n6M,Standard,0.0
jWO-QCszoTg,Standard,0.0
uGmkRjFWp4I,Standard,4.0
fvAA8XiOqI4,Standard,0.0
-USXI62UGwQ,Standard,4.0
GMJFn5vvXN4,Standard,0.0
pYmUQgLuw3o,Standard,0.0
YCOmD1VQrwI,Standard,0.0
HVB0uv5raDA,Standard,0.0
tMLhBjaeCOA,Standard,8.0
jKCJfXnbeLs,Standard,0.0
pbox7LVhtsA,Standard,0.0
UOU5k9DNAdc,Standard,0.0
j9dz-KRdRXE,Standard,0.0
PaEsnOh6UQM,Standard,0.0
3WwQKNSN6N4,Standard,8.0
80u8lGFH8xQ,Standard,0.0
U2tz-kS_ofI,Standard,0.0
KekOlb2NRPk,Standard,0.0
Pm2beUnsHjU,Standard,-1.0
7V_oVWws6sI,Standard,0.0
HuZAGniND18,Standard,0.0
aCGFJTk0GcM,Standard,0.0
8DQBzzHAJlI,Standard,0.0
1dLcFzCSqgA,Standard,8.0
m6kzH1NgrPA,Standard,-1.0
-8nbOfNWrtU,Standard,4.0
2PxGmnQ5zho,Standard,0.0
XABKEpQpDX8,Standard,0.0
myUjPtJL-XU,Standard,0.0
mx1JA0sK6OE,Standard,0.0
o2mfCI6FSac,Standard,0.0
RruAzANlt6A,Standard,0.0
6P8joipw1lM,Standard,0.0
N7rjSb9Vai8,Standard,0.0
FrZx7T2dAJU,Standard,8.0
iyjF1sznhkY,Standard,6.0
ETrW1qkVPZ8,Standard,0.0
_UQ5wXk5c4I,Standard,0.0
rPSiSzpmm_g,Standard,0.0
ig7yQ3cl-EY,Standard,-1.0
A0_LL824_fE,Standard,0.0
RUj-ltRmgoM,Standard,0.0
tuhOFnKU1ZE,Standard,6.0
gRbQe80z4mU,Standard,0.0
XWtNEovAyjc,Standard,-1.0
b0D2USWj6lg,Standard,0.0
_Y9eny0qrkw,Standard,6.0
Vzknyj5Po98,Standard,0.0
6FFImJyd13I,Standard,0.0
6Y7K6B88dsg,Standard,0.0
LFoaORUxVmc,Standard,6.0
DAGUfe_WgCk,Standard,0.0
3CtmDADHenM,Standard,0.0
JMgOosPnduY,Standard,0.0
MMtNbJQKJY8,Standard,0.0
XAiwbnps0Ic,Standard,-1.0
BXXPmBsfWWE,Standard,0.0
e_IKCvl7bZo,Standard,0.0
5d5fxT4Val8,Standard,0.0
M5OJh2edNMs,Standard,-1.0
n__d3uFaebw,Standard,-1.0
FsKB-7dGNmM,Standard,0.0
Zl-U4jdiAH4,Standard,-1.0
1QSnLMRvM8s,Standard,0.0
DyVB3ly0Qlc,Standard,0.0
G4vpYiZkhyg,Standard,4.0
s-x8gUor5Z4,Standard,-1.0
qPaYY_F7qtk,Standard,4.0
GCgWnFdCSdM,Standard,0.0
wVQ9IDwK7GM,Standard,0.0
R94hUD2d89c,Reaction,8.0
AvYdTtw3jA0,Standard,0.0
n907yq4hEIQ,Standard,0.0
ZrofE_yHJWk,Standard,-1.0
N7pqzl6VgB0,Standard,0.0
i319wwUR46s,Standard,0.0
b5D0qHzhT68,Standard,0.0
LQAfjCgCLmE,Standard,0.0
ONkGkM0U7nA,Standard,0.0
VOeg6EziXmw,Standard,0.0
o02W9AgKNMM,Standard,0.0
ToffyueOyuo,Standard,0.0
wd6H10gbh6Q,Standard,0.0
xlnYmS_ry6I,Standard,-1.0
IpE39Fp7LlA,Standard,-1.0
Ef4GfZDwkpQ,Standard,-1.0
c7cs1aVr3wU,Standard,0.0
x55s8CypAaQ,Standard,6.0
1U8Z4TjQGCc,Standard,0.0
zSLtMyHicxE,Standard,0.0
03W_ybcYr1c,Standard,0.0
Vu-F6bfiw2E,Standard,-1.0
PYNg_4jGxCg,Standard,0.0
XkOZ1chRPXQ,Standard,6.0
1U5SQfSIKS4,Standard,0.0
h4WvBN44RFQ,Standard,8.0
ThF1VBz17fw,Standard,-1.0
hxIT-YifPbI,Standard,0.0
mz2pl0r69ME,Standard,0.0
4KsgKfbKpHg,Standard,0.0
gNoN1rYgrI4,Standard,0.0
xx2u7Vzl5Yg,Standard,0.0
u16H9mKxAHs,Standard,0.0
sijeMlCyI_g,Standard,6.0
384eHoTkOdM,Standard,0.0
st6U4JTYzN0,Standard,0.0
eDE8R_HlKow,Standard,0.0
lUJyl-aHmkc,Standard,4.0
lhDeyD_SfRk,Standard,0.0
LVxzMp0FhO4,Standard,0.0
yv7rFTQV4qA,Standard,0.0
m5JLijdxZZA,Standard,-1.0
efFIGbPkE1E,Standard,0.0
lquTkPTOyTw,Standard,8.0
BGSEUoiyrQQ,Standard,-1.0
OubPLU0OlWI,Standard,-1.0
QE5J3t-JAvs,Standard,0.0
22ZpOqOFrRU,Standard,-1.0
Jehna_HsF8A,Standard,0.0
jvIoIDk90Mg,Standard,0.0
lbSpnBzDoV0,Standard,0.0
_XPshVlVH_E,Standard,0.0
fG4mW5r8biM,Standard,-1.0
IOySSlGeMuE,Standard,4.0
pL1-1HKkJWM,Standard,0.0
302zyorEcXo,Standard,0.0
ZC0rbSWw7Wg,Standard,0.0
i-NmAxtuty8,Standard,6.0
FECYfJGg_nY,Standard,-1.0
ijClDm3uSjU,Standard,9.0
upayGMKhuYQ,Standard,0.0
XSKNjYy-dHY,Standard,0.0
n4ij6laOkGM,Standard,0.0
2iJlmNetaxU,Standard,0.0
-RnS5zWGFtM,Standard,0.0
KK4uT6fJ3kE,Standard,-1.0
_0hduenp8Y8,Standard,0.0
L0DgB_Nc4x0,Standard,0.0
47OrNxRhLyo,Standard,0.0
WPT_hhkXs-w,Standard,0.0
pSL4y-Mt37w,Standard,0.0
K85dnmaPUQE,Standard,0.0
fIGFEqFR6Z0,Standard,-1.0
99tROeSArkE,Standard,0.0
_q8BtZuxQ7E,Standard,4.0
o3_9MJki_uA,Standard,-1.0
MJ8zJXddTso,Standard,-1.0
DAd_SwiwH04,Standard,0.0
Fg8vExI-XB0,Standard,0.0
Rw6jZcFxiDA,Standard,0.0
VbHDcZ9SFRo,Standard,0.0
0yJ_fnv3xe4,Standard,0.0
sQ65DzAODXs,Standard,6.0
u37Onuz3Vsk,Standard,0.0
SNoVmsGRFGA,Standard,-1.0
FqR2BdeBMZ8,Standard,0.0
5IAyspCj7qI,Standard,0.0
uZGehmCMdjQ,Standard,6.0
TTlEIFZmpjU,Standard,2.0
QwRA04IdU0I,Standard,-1.0
uEKt9wivTQY,Standard,0.0
jYr5cfRP-RQ,Standard,-1.0
T8yybjRip68,Standard,0.0
u6v5pZihR0s,Standard,0.0
Mx3vRk3N45w,Standard,-1.0
GDqQ4KMmmcI,Standard,0.0
y4hi60-s-JQ,Standard,6.0
fjmTqGdLFIg,Standard,6.0
3qq7RHoF2s8,Standard,-1.0
yDqMg8nav8A,Standard,0.0
_6hoD_dIjgE,Standard,8.0
e3lNNJTuW7o,Standard,0.0
jQox2EWgJz8,Standard,0.0
jC3uLVA7ymM,Standard,0.0
f92HM1O90I4,Reaction,8.0
PRPcupIyYVk,Standard,4.0
nliyt9_nLIU,Standard,0.0
XAKj9PCeVGo,Standard,-1.0
W4Tt_75vWpE,Standard,0.0
ob5XUC1kfe0,Standard,0.0
2sA0fERUjAU,Standard,0.0
5DtEuzPgIwY,Standard,0.0
sEyXElMTIF4,Standard,-1.0
onZAZOUpDCw,Standard,0.0
bHRpE5XxPT4,Standard,0.0
ozaGheu5Cms,Standard,-1.0
3d6iBoHQbz4,Standard,4.0
-OSafgtiMYQ,Standard,6.0
Rk06noyG59M,Standard,6.0
w7Z3TtkKz60,Standard,0.0
VlaEuyOwVGA,Standard,0.0
94caa6NfGM0,Standard,4.0
O7ObEeQkVMQ,Standard,0.0
B72mIHsc_CU,Standard,0.0
kPtH06GMELw,Standard,4.0
A5U6tt1rS_E,Standard,0.0
MZsQCHdtKV8,Standard,0.0
fTeAxs-wrC4,Standard,0.0
JPjqt93yQHE,Standard,0.0
jRc2NmA7tRA,Standard,0.0
eCO8ZauDj3g,Standard,0.0
fkSBX9wAfxY,Standard,6.0
O4ZzF5T0o1U,Standard,0.0
HxU2WOduFSk,Standard,0.0
Sdo6nS96KV0,Standard,-1.0
rB_m1kaK6VU,Standard,0.0
k8T1PXHMCyw,Standard,0.0
a88jXCpeLZA,Standard,-1.0
V3w-vijXyek,Standard,0.0
jjWluyPyBPE,Standard,0.0
fRbcnkYO8Dw,Standard,0.0
hbopILZKqHg,Standard,8.0
affmfFld-z0,Standard,-1.0
RB2kkdg3LAc,Standard,0.0
8GCB48HJ3BY,Standard,0.0
DqzyuV2LWLU,Standard,0.0
f2SaY-higDY,Standard,0.0
iZxG56P2IEI,Standard,0.0
4W_yrsGBUHw,Standard,0.0
in3Aq0LXuto,Standard,0.0
qTIDPyRknZ4,Standard,0.0
52kGnBxGyHw,Standard,0.0
Vuf9Xinf-34,Standard,0.0
7ldZFLTPkuM,Standard,4.0
Tah-yCBAl60,Standard,-1.0
gG5xW5-QkzU,Standard,0.0
57_Vo4scH1g,Standard,0.0
JQ-7u5fhkMk,Standard,6.0
-HAOLrLNRzk,Reaction,8.0
wlQS6eWPKso,Standard,8.0
og_A172tJbU,Standard,0.0
n9PIWg71_PY,Standard,-1.0
MyHYXO0dr8o,Standard,0.0
IcX2NKUpZkQ,Standard,4.0
7-30zCWXD70,Standard,0.0
XNo4PFv-ScQ,Standard,-1.0
jLFkBaaftYI,Standard,0.0
cktVZvvJ-jk,Standard,0.0
xToh9bfxU2o,Standard,0.0
2M2lSsIXAh0,Standard,0.0
wqU4yd5hiMQ,Standard,-1.0
gg39nVkyb9g,Standard,0.0
CxbjplRI3mQ,Standard,4.0
GLUVbQuQkZA,Standard,0.0
ChtV476M9Pc,Standard,8.0
72q0MX9MhbI,Standard,0.0
c1myxZsywCY,Standard,0.0
JnWMkpGFZoA,Standard,4.0
-vpn9sIK-84,Standard,-1.0
OclyoZuFctQ,Standard,4.0
2VMLlM34-No,Standard,6.0
yBpr8tpmPOo,Reaction,6.0
a2Ots1ogH8k,Standard,0.0
Zv4xQ-EGFAs,Standard,0.0
KKcYHmPWl80,Standard,0.0
pYqqxZnQan4,Standard,0.0
k4dkvGPW0Po,Standard,-1.0
T-E0elJmTek,Standard,8.0
ICUa-9ff9IQ,Standard,0.0
ctF65Q9nKYQ,Standard,0.0
-QOHZrXLdpU,Standard,6.0
JPDay4luKNY,Standard,4.0
p_1NfFOHbD8,Standard,0.0
bJ4jKvcdK9I,Standard,0.0
R8gSf_0z3jw,Standard,-1.0
WOJLJ8_8nlc,Standard,6.0
xNgtFmxKhdA,Standard,0.0
Rb6gOWl3m9M,Standard,0.0
JYsP9UflMZ0,Standard,-1.0
b09M0-j-Cjk,Standard,6.0
VuKSFOF4S_8,Standard,0.0
NI9PjaMbzOU,Standard,6.0
Rc1K7E8XBQg,Standard,0.0
79vlxUVS6F8,Standard,0.0
HqGAFXn-eXU,Standard,0.0
tXPKuxKtVJk,Standard,-1.0
kpkpGgxHQ-o,Standard,-1.0
XyG66cq_EwE,Standard,-1.0
aH9HBx9q1qI,Standard,0.0
a6YCprSEH9s,Standard,0.0
m3NbRAN9kIM,Standard,0.0
pvET_gSv-Ls,Standard,0.0
gVIJa82sqbU,Standard,2.0
wgEBkXbHj1M,Standard,0.0
lL1oJBB49EQ,Standard,4.0
p9Dk5JpwoIQ,Standard,0.0
UomCQEX6DFA,Standard,-1.0
VcshfAKCgao,Standard,0.0
bRc6yAMy6wc,Standard,6.0
yYXsGGpNYYM,Standard,0.0
Ui6TPJas17E,Standard,0.0
xUpJxTljMdc,Standard,0.0
EgVtPx_AF4Q,Standard,-1.0
pIXjt2YMMOc,Standard,0.0
WegB8DjR28w,Standard,6.0
dANqJcQXN_s,Standard,0.0
hcMcWrnPZsc,Standard,0.0
EGNgNBZFbzI,Standard,0.0
CTOZGOgKLa4,Standard,0.0
72faMhQHr8k,Standard,0.0
WjsjaRnTt7A,Standard,2.0
DDdySAWiTeI,Standard,0.0
SzlvQfYU6ls,Standard,0.0
0CelzTsBtDg,Standard,0.0
jETtdbZ3D8g,Standard,0.0
dUFf9t23Z9s,Standard,0.0
njFFaCkLUls,Standard,4.0
mGpHzxvXS74,Standard,8.0
Z87zYqtWlEo,Standard,0.0
KOYpqfVqAdw,Standard,0.0
li40bHK9IP8,Standard,-1.0
YBErGVm9HwM,Standard,0.0
XS3WWZJ9s3E,Standard,0.0
fwaa1tmiHjE,Standard,8.0
YnbybSnB0O8,Standard,0.0
CCSnMDidcs4,Standard,6.0
WrfvoTvyZTM,Standard,4.0
HO5eP0fagiY,Standard,0.0
Rj0LXyaSkAc,Standard,4.0
n9HamXTWVug,Standard,-1.0
UZIz04GoqUk,Standard,0.0
geXQ_B2nufo,Standard,-1.0
tpBnds_47fQ,Standard,8.0
vwGtaBqn52M,Standard,4.0
deKPuzU8HNQ,Standard,0.0
FfJ9JkC2CTU,Standard,6.0
IV7JdzEsOUU,Standard,0.0
Sx7pNrgYZr8,Standard,0.0
HqZsv6ULwsE,Standard,-1.0
EbqxQtIUqgs,Standard,0.0
riQ2Jm1E25Y,Standard,4.0
F12hmRV8VmY,Standard,2.0
VHrKtMd9xr4,Standard,0.0
Ad4nO22g_Jw,Standard,0.0
Xf3-7Bub1hk,Standard,0.0
ZyzkalqmmV4,Standard,0.0
H-jdMacrp68,Standard,6.0
RyG406RlHdo,Standard,-1.0
KXIdwhawrIg,Standard,4.0
7q61Nxdz6yw,Standard,0.0
_75cenwn3H8,Standard,-1.0
TIBSEeaBw7s,Standard,-1.0
v8eKHic8QTo,Standard,8.0
ROCJYkD1K6k,Standard,-1.0
ZykGloO0Tyw,Standard,0.0
6xaNeX8RSWI,Standard,0.0
Yw0G1wU_49c,Standard,0.0
v0p23AjUe3U,Standard,-1.0
KFzuWxgA4NQ,Standard,-1.0
v3ZNQxNLUzk,Standard,0.0
cJtaLeWqlF8,Standard,0.0
tjbz08UIE3k,Standard,0.0
QNm82_jBOsc,Standard,0.0
J50ClljifvA,Standard,-1.0
Dcb0_W7I5dc,Standard,4.0
YX6Txex4IZs,Standard,2.0
5s-vSY6x0hY,Standard,0.0
etTVdXwaivc,Standard,0.0
E6vGRk6BzI4,Standard,0.0
AMJR3A-XOkM,Standard,0.0
fhi-E5HK2KY,Standard,6.0
aBdzpjhXCGU,Standard,-1.0
EtJxBOEcCEI,Standard,0.0
DvKbjvURb80,Standard,0.0
HUW7FfYE28o,Standard,0.0
8VDU4IetAcI,Standard,0.0
ot6BdooEl6g,Standard,6.0
lljELJe6l9k,Standard,0.0
LTrpaNOvNhs,Standard,0.0
aEqr5ecaEbY,Standard,0.0
2AQU2KtKDKg,Standard,6.0
zNtu8mwXJsg,Standard,-1.0
71z0vX9vYY4,Standard,0.0
51zkdLBGp00,Standard,0.0
prnc9obtmYg,Standard,0.0
E1zfXuuHBiQ,Standard,0.0
ohAOsD6J34A,Standard,4.0
ofef40xrfVY,Standard,0.0
wKJpf0dBKHE,Standard,0.0
2rjThGQYqrY,Standard,6.0
9B1AMMvi53c,Standard,0.0
d36mHDzQ67g,Standard,0.0
QWSuFTTS4_8,Standard,4.0
nZOADbr1JW0,Standard,0.0
rlhinJT4ops,Standard,-1.0
QBXx-vzflF0,Standard,4.0
Aanscx0cqmc,Standard,0.0
zu_A37csb7E,Standard,4.0
b3CRSGvjGwE,Standard,0.0
MUtLCe5LLvg,Standard,0.0
-P2XN5HDTao,Standard,0.0
X7p-kz4KjGw,Standard,6.0
WObR_O0YkDg,Standard,0.0
51rotMVRNIY,Standard,0.0
q7ynbdA1MO4,Standard,0.0
I4amUycUUPM,Standard,0.0
Krbio4BWIxI,Standard,0.0
Ia7xHy-P9rk,Standard,0.0
gh-EZooJW5U,Standard,-1.0
TLEZBg8hPAQ,Standard,4.0
qoLOHjDBPGk,Standard,-1.0
xlwhSR-en3A,Standard,0.0
3QZSs0sK2ss,Standard,0.0
BJST4Ybv_lE,Standard,0.0
TJdKmvxt-FM,Standard,0.0
-20X3y0kV70,Standard,0.0
2SvcFO5A9Kg,Standard,0.0
34KwAyAejdw,Standard,0.0
S27wdWmp5lo,Standard,0.0
o8IpQFU-yUI,Standard,8.0
dpkZir_TNeI,Standard,4.0
8ADrC5a46h4,Standard,8.0
P4EHLovxEWQ,Standard,0.0
iOjG2ZO07Bg,Standard,0.0
LLKCmMf31uY,Standard,0.0
GSva4hZX8R8,Standard,0.0
KRikWyRI9bo,Standard,0.0
J6b7NLKc3dQ,Standard,0.0
Hlw7kr5A5l8,Standard,0.0
JQQFpAoS8KU,Standard,0.0
YsVc9mzEsL0,Standard,0.0
wHKUopQNx6o,Standard,0.0
izzYovrGRVE,Standard,0.0
Qfe2urcp9SY,Standard,6.0
Dc3jP6NpWdA,Standard,6.0
L7Om1CY_71s,Standard,0.0
6OxO0xDJkqQ,Standard,-1.0
g_GK6DgGV3k,Standard,0.0
D3LlIM5TIxQ,Standard,0.0
WFaJY7kXq9c,Standard,4.0
s_d-Muwen58,Standard,0.0
QRbgns1KMoA,Standard,0.0
fhO-D7r7U6E,Standard,0.0
IAzS7R7sZuQ,Standard,0.0
KyHzYT_HizI,Standard,6.0
8lsErqajgmY,Standard,0.0
gkTIEV9q4co,Standard,0.0
5KkHHbGeIWA,Standard,0.0
VkQdqVIG2Ts,Standard,0.0
oLlaoEcrhek,Standard,-1.0
YhDmBU4uMkA,Standard,0.0
-JFcgMjW4H4,Standard,0.0
XoY9VPanLvo,Standard,0.0
6FR-XmuEkdw,Standard,0.0
-fLU8nG-9xg,Standard,0.0
mbWJHFc-Vpw,Standard,0.0
GDbWbr8GE_8,Standard,0.0
w4cbAEFoCvo,Standard,0.0
bzRVrdaznfQ,Standard,0.0
0nEYd8z7W6U,Standard,-1.0
yLDcyNRCXYk,Standard,0.0
cQdtIwUMUVw,Standard,0.0
VWY3m-feKxQ,Standard,0.0
YOil2x5fDf4,Standard,0.0
AKryOLhmPaQ,Standard,0.0
OIOeRMmhqzY,Standard,0.0
d05LX-V1UJo,Standard,0.0
iV36b2CJrQE,Standard,0.0
w-9OyoqT0UQ,Standard,0.0
5lPtraIeIWQ,Standard,0.0
HxE8JmwqPDk,Standard,-1.0
0uIJZe3_e68,Standard,0.0
uyXk-3S0Q3I,Standard,0.0
ezXYEHPrZrU,Standard,0.0
6PP2CH57BS4,Standard,0.0
_ID0uSwCksE,Standard,0.0
CofxnFZ7Tuw,Standard,0.0
kED6iNL5jKo,Standard,6.0
MGI0zSnoL_I,Standard,0.0
yAjAde6cG8Q,Standard,0.0
ebNVClYIVYQ,Standard,4.0
c5xjf-Z5NLw,Standard,0.0
ANnnOVqXf7g,Standard,0.0
kpk8mqZx5S0,Standard,0.0
2-xcCVaDHsI,Standard,0.0
ygrE-USGSRk,Standard,0.0
r6O3RVq8C6o,Standard,8.0
9Wjo2YBVgrU,Standard,4.0
Js2fL6g1oZQ,Standard,0.0
THZF-iY6ymY,Standard,-1.0
GuJd_1CdYbE,Standard,-1.0
uNE5OnuOl2w,Standard,6.0
Hkqu6OWTemA,Standard,-1.0
bhY-gojvpWI,Standard,6.0
XBEdEKHL04I,Standard,0.0
UECJGUdT5qo,Standard,0.0
VR03px_ykIA,Standard,0.0
J6joSSiAwx4,Standard,2.0
olhqGPs7XiI,Standard,0.0
mL99ktyD-nI,Standard,4.0
9kAWlfTzylk,Standard,-1.0
KxQEZakPfFM,Standard,6.0
r0yQ8TZjCLo,Standard,0.0
ifJlFG6RhFY,Standard,0.0
ui7uwsOv--Q,Standard,0.0
BUHAv8zJLSE,Standard,0.0
UGzpaAiT_QQ,Standard,0.0
wBoYiOgDduQ,Standard,0.0
hD7vWZFboa0,Standard,0.0
QCejykhD4nA,Standard,0.0
2FA-uBGBsHs,Standard,0.0
wCayu_88A1o,Standard,-1.0
EsNIRcVuBaU,Reaction,4.0
i6FYoiXQJ-4,Standard,0.0
0vbCkIp_TOs,Standard,2.0
8M9TNHI8uoQ,Standard,0.0
dUIoNI3j6a0,Standard,0.0
-EB5jhMm7F4,Standard,6.0
8NEyX3AjWzY,Standard,-1.0
dTysZg3m07U,Standard,0.0
IKMslumKzXw,Standard,0.0
ZR3_Q5uAUZk,Standard,0.0
6NNzL6VgdnY,Standard,-1.0
sfUszRx5MWU,Standard,8.0
xvFdw-w-7pU,Standard,0.0
W4GzdZ64lQw,Standard,6.0
Q8xwHuVZYDg,Standard,0.0
rUc9DY8NiSY,Standard,0.0
ZJc9y3TfJvM,Standard,0.0
WegbXl8_-nU,Standard,0.0
QcNPwHYcACM,Standard,0.0
sr-Et_wvR6o,Standard,0.0
CWJCij8Gkbg,Standard,0.0
HzcU2KRmKrg,Standard,0.0
-_lhuxQt5mQ,Standard,0.0
ekthaZuP8Os,Standard,0.0
uc5zCOL2HRc,Standard,0.0
MnUoE3YP2x0,Standard,0.0
8v_DfgPiqjY,Standard,0.0
3pI56Df2BKs,Standard,0.0
M3W-Mfm00ik,Standard,0.0
z8hRZNdWuSs,Standard,0.0
30IW9VQtTmE,Standard,0.0
ydf5TrZI50o,Standard,0.0
q6MGSK71WVQ,Standard,0.0
CkpDLuaMOX0,Standard,0.0
rl99fm5VQOs,Standard,-1.0
spaWhWuyvK8,Standard,0.0
Xv3wv1hpgaI,Standard,6.0
j2Lz8LwTNuw,Standard,-1.0
Y6GMIeR1mAk,Standard,0.0
hBDzMhA6Vmc,Standard,0.0
69un17nSq-U,Standard,0.0
qCZGNlwPbgE,Standard,4.0
BtOH9esxDV0,Standard,0.0
yGkTTx_UJV0,Standard,0.0
nCo9BZQIJhE,Standard,0.0
K02EQRvrFN8,Standard,0.0
tBXSDTjNgEQ,Standard,0.0
XSYPQup-pSo,Standard,2.0
hftIdau2FJM,Standard,-1.0
jgzOpcxWhto,Standard,0.0
nW-OHhhPmAk,Standard,0.0
qUb6vwiqSlE,Standard,0.0
MNeBxxB9guw,Standard,0.0
xK5G9mdLhgo,Standard,0.0
NNrJRozo5GY,Reaction,6.0
l5FGgtbM1p8,Standard,4.0
blQoePx9HLA,Standard,0.0
8wFWy77zQIk,Standard,0.0
L4zTvqq7gRY,Standard,0.0
4SJVNat5eMs,Standard,6.0
UDjpfilTbMA,Standard,8.0
eMRrj5bSOgE,Standard,0.0
0GRVQl5B0Lg,Standard,0.0
mLy34eYx0z4,Standard,8.0
y7DQeGX7viw,Standard,8.0
n0XGb-k-m8Y,Standard,2.0
7XYy_9EbpjQ,Standard,0.0
E0Uu4gFy_Rg,Standard,0.0
xinTenQrdEU,Standard,-1.0
gKEh6tE2v7o,Standard,0.0
jOQU61AL6-U,Standard,0.0
Ztw5Zz571Jo,Standard,0.0
LE-sDEFNh44,Standard,0.0
5cVZMtSlYU8,Standard,0.0
5QMfBVZxTf4,Standard,-1.0
PBPkizIc1Ws,Standard,0.0
oU-82XCVd68,Standard,6.0
byKHB5BzwuM,Standard,0.0
Ek8KRWymI4o,Standard,-1.0
kEaZuzWIC0k,Standard,0.0
zNZzCrCcubI,Standard,0.0
IYrrY7olzko,Standard,4.0
J3EEjSgSE9c,Standard,0.0
wnQl8QeI9wU,Standard,-1.0
V1oBqtMhFDw,Standard,0.0
JNtDOLb6SHE,Standard,6.0
aNyP-bnnouQ,Standard,8.0
TKEddvAcxeA,Standard,0.0
hAH42Tkac6E,Standard,0.0
qll_Tl2nvEM,Reaction,0.0
rcXncUoANkA,Standard,0.0
-stD9gx8VIA,Standard,-1.0
B3YLNd_U0gc,Standard,0.0
zbVTQLi-iE8,Standard,0.0
nXjkquOD2Os,Standard,0.0
WuLoaNilLds,Standard,0.0
LOm5Cmq3M5I,Standard,4.0
B3fHg3WtRp0,Standard,6.0
yr1X2oK48lo,Standard,2.0
cD3_628uc2Q,Standard,-1.0
A_ewOKwPhoM,Standard,0.0
y08ANzP-rQU,Standard,0.0
HYoGeuI3ycw,Standard,6.0
XhjW1-wpdcM,Standard,0.0
Iq9EPzQEaJM,Standard,-1.0
4xjRjj79HM4,Standard,0.0
wDX3J1GMJgQ,Standard,0.0
ZedCzd_MxSg,Standard,0.0
a0mQ2oYOs1A,Standard,0.0
4KWg1jX8h7s,Standard,0.0
eGDKwDd2wK4,Standard,0.0
uUlOxJ8P8qc,Standard,-1.0
ZEOxfqlaW-0,Standard,0.0
rxoNJ1JG3q4,Standard,8.0
dyEzKQijmA8,Standard,0.0
sP4S-oreYZs,Standard,0.0
_j-x1mOKr9M,Standard,6.0
x8RhlAc_f8Q,Standard,0.0
JHIGAteAR5c,Standard,0.0
cXTwWSOtd0Q,Standard,0.0
cruRw_W2xYQ,Standard,0.0
T-8XaEsJadg,Standard,6.0
IrXpSlKoouE,Standard,0.0
q-5iCCY79x0,Standard,0.0
9fBhpupPqqs,Standard,0.0
eRsHuxiWYqw,Standard,6.0
VaJ5yof-co4,Standard,0.0
1K-OW1P9mTM,Standard,0.0
tzzZFs-ah1M,Standard,0.0
T0yvsT4Qqgo,Standard,0.0
kdT4PuA4jWs,Standard,-1.0
KxAVhPraVu0,Standard,0.0
FArid2qEQnI,Standard,0.0
DfUeK9I6iwc,Standard,0.0
a9xSiHXJgtU,Standard,-1.0
RGJvPlVzULw,Standard,0.0
RPUs3q8ZS_E,Standard,-1.0
CH7ap7uPvDI,Standard,0.0
UUz2qx8Rxes,Standard,8.0
qIt6FRk8l_Q,Standard,2.0
nrtNF9El--0,Standard,0.0
9t-tBETysTY,Standard,0.0
PvgM9xXJcMw,Standard,0.0
_wU0-qDo0ws,Standard,0.0
rNLQM507eO8,Standard,4.0
cLfa6pPbmsQ,Standard,0.0
wrZWM1AdTGw,Standard,0.0
4xUq3rrcm-M,Standard,0.0
z5jLOYolUWE,Standard,0.0
JvG6lf9Usws,Standard,0.0
VI16cQ2ge98,Standard,4.0
Yzby8-B4Khg,Standard,-1.0
0b8ZiMhgLD4,Standard,0.0
YA5OAllfO0o,Standard,0.0
ynK7dsvl_Fw,Standard,8.0
yOcIEvOajlY,Standard,0.0
KotGx9U7LI4,Standard,0.0
Kx-wV7haXMQ,Standard,-1.0
gi7-lk_6EBw,Standard,0.0
GskLYBYFEyQ,Standard,2.0
kZbz0DrPVrc,Standard,0.0
gzfWA4L_LCs,Standard,-1.0
FCmezlqE_ZA,Standard,0.0
aokb15q_v_4,Standard,0.0
dfjDIIpAsxA,Standard,-1.0
0HnLznxzIoo,Standard,0.0
LnX97hBFYPE,Standard,-1.0
eCAlzIJOoCo,Standard,0.0
RV7OHw5TBr8,Standard,0.0
MiAMriNpBNI,Standard,0.0
5b_i9kl4k6U,Standard,4.0
orSWCTvZ4pI,Standard,0.0
xd8VlURtm5o,Standard,0.0
86N5HG44DyI,Standard,0.0
gQn5nBISMIE,Standard,0.0
kiXQjbDaFlM,Standard,8.0
Ke3ZxCXb6OY,Standard,2.0
ohTbyugIdhE,Standard,4.0
nP7LeucFnJ0,Standard,0.0
jHbBNdP4DAs,Standard,0.0
oQkByKNBzQc,Standard,0.0
Im5pBh_tj0g,Standard,0.0
TL5pdRNjkhc,Standard,0.0
dKdqqy1rOhA,Standard,0.0
IRXHch-SP74,Standard,8.0
JW0zYOp1lGw,Standard,0.0
GMQ2silw_Ag,Standard,4.0
a-pyoVC9B3g,Standard,0.0
hOEnZ34hMaY,Standard,-1.0
hIygHWxQIv0,Standard,0.0
gPMUsh4iCcY,Standard,8.0
6rne1AHxykU,Standard,0.0
fwoXNCGr3i0,Standard,4.0
G1IZaeDz4d4,Standard,-1.0
sMgsEbraL9I,Standard,0.0
9w0kSVjU0EY,Standard,0.0
nleU4LjpKiI,Standard,4.0
YI5mS2sMb24,Standard,-1.0
xvZvHLUXMjk,Standard,4.0
EqqNsczsRHI,Standard,6.0
3uW7wdp1ytU,Standard,0.0
P96etPACT98,Standard,8.0
7mdReP_6dIU,Standard,0.0
ODRJmAMeFNM,Standard,0.0
79vN-t98Gng,Standard,0.0
Fp5AoqhYBQY,Standard,-1.0
RNTRcuDeRHI,Standard,0.0
yDihN78xOrU,Standard,4.0
3elQC1Dm7oE,Reaction,6.0
7BcDHvh3knY,Standard,0.0
W8GabRQK3F8,Standard,0.0
57UIs0CBF_k,Standard,0.0
YRE8bLmD42E,Standard,-1.0
8d9xafZt2kQ,Standard,0.0
hWks7OekJzg,Standard,0.0
uTdirCGKiG0,Standard,6.0
YDsoqC6bsaM,Standard,0.0
dulOGcXo3Ls,Standard,4.0
7Y9B4TXeIRI,Standard,0.0
IV5POkrTj3Q,Standard,0.0
Od0poAaD3Xg,Standard,4.0
WIR2wiGSbr4,Standard,-1.0
FyehV5KN5-w,Standard,4.0
I5zAIQmCrJE,Standard,0.0
PIK-oruE4jQ,Standard,0.0
cB9rOLo9i6c,Standard,0.0
LYEDzYN9ueY,Standard,6.0
8NHir9VpAlk,Standard,4.0
9LGG-F5weNE,Standard,4.0
clN3H39oZI8,Standard,0.0
UMI2LSRXpzk,Standard,-1.0
lrpyU6vFPbI,Standard,0.0
pl7_Tx3V1a4,Reaction,8.0
cviW0ORtIGU,Reaction,8.0
Qh-u90rty9o,Standard,0.0
MLg1RtkXgoM,Standard,0.0
aV8ptEh7ZjQ,Standard,0.0
gNFs5t9r3xI,Standard,0.0
AbP8EnA7HCs,Standard,4.0
Ixhyol_MMC8,Standard,0.0
ObrhXxdx60A,Standard,4.0
0VsIhNkzLAU,Standard,0.0
vWAJx1wOW6Q,Standard,0.0
_Oh5aY1ZUiI,Standard,0.0
vvcO808zLF4,Standard,0.0
mhW3mhe2D5o,Standard,0.0
Mf4MO-Wn2-U,Standard,-1.0
6OLQhRmGTUM,Standard,0.0
yOAcOcxUYP0,Standard,-1.0
M3i43X7_Ztc,Standard,4.0
bLlXvSvQPVw,Standard,0.0
JBHTiy91SyY,Standard,0.0
ERjtemmfYqI,Standard,0.0
uBM3gjqgWwQ,Standard,0.0
Mi0DfXs17VQ,Standard,-1.0
ATLspAoPpPU,Standard,0.0
OftPVaySQow,Standard,-1.0
fkwe5DcsPII,Standard,4.0
4_6K9tYN1ic,Standard,0.0
CcHvGM87uQg,Standard,-1.0
nYytzkxFyYw,Standard,0.0
4DF7CJxma1U,Standard,8.0
9QUa_8baJFo,Standard,8.0
RiGm7Udx-ls,Standard,0.0
MfAOEhnZJ60,Standard,4.0
wvRz8_88Ao4,Standard,-1.0
FtRBqjiPZZ4,Standard,0.0
O072CIZI_tY,Standard,0.0
UgRrmNph25Q,Standard,0.0
X8uQHudMSOw,Standard,0.0
GAV6IGcF8rg,Standard,0.0
AGxleLrQkxw,Standard,0.0
QZZt7mTOUOk,Standard,0.0
_gJ19VyRxGM,Standard,0.0
4fdB6_nqgkU,Standard,0.0
qMyOgOgEOx0,Standard,0.0
0660_muyc9g,Standard,0.0
Og9p9NeM3qI,Standard,0.0
w6G2nFOjwnY,Standard,-1.0
AMe88Tfitkk,Standard,0.0
EG7Tryl8rhs,Standard,0.0
PBj_jCAmeFU,Standard,6.0
QS2VTcyQUWw,Standard,4.0
IK9reojRZEQ,Standard,6.0
XSwGq6sGAx4,Standard,0.0
VQgzqJ3ktPM,Standard,0.0
2AzT22t2gcw,Standard,0.0
ipkt47KrNuI,Standard,0.0
hpTLScGPI-M,Standard,8.0
0nPWTLK6yyE,Standard,-1.0
vEc80wx2wE4,Standard,-1.0
krtHlp0snZw,Standard,0.0
y26tn2FH1l4,Standard,-1.0
xreMJNql2_0,Standard,4.0
xIE4Sp_o6wA,Standard,-1.0
av8SL8axHZc,Standard,-1.0
ABOhFGIGrh8,Standard,-1.0
-7t8XPdwvaU,Standard,0.0
Ve2wmf8CoFQ,Standard,0.0
hBkpkpwa9MM,Standard,0.0
hkRKSuCUwmQ,Standard,0.0
wjoVUXv80Cs,Standard,0.0
8yuKd-qzeLw,Standard,-1.0
X3PAtjzKQG0,Standard,6.0
yH_oOqrJw_o,Standard,0.0
EjDAeOhzAK8,Reaction,6.0
xeRAvqXiLcU,Standard,-1.0
HThSjg7kJq4,Standard,0.0
3n5GvgqJG-w,Standard,4.0
AwgBeykQOt8,Standard,0.0
xA0D1gQi3Ho,Standard,0.0
AeC7Il8QI0E,Standard,0.0
yu0hf32r9Ak,Standard,0.0
L5f1F7wzUYA,Standard,0.0
u0axDYAg9Us,Standard,0.0
qUzTTb-hZCs,Standard,0.0
Aes8J6cztfc,Standard,0.0
8et8VygHiSU,Standard,0.0
rI1I68Gds_I,Standard,0.0
R1ZihWjwHKw,Standard,0.0
Yrb_uVk5wU8,Standard,0.0
-HMseBv_LKI,Standard,0.0
kE5uNBbLHRE,Standard,0.0
f1oFN0G56n0,Standard,0.0
JQz_cgCSMtM,Standard,0.0
5DU6hqx0jSQ,Standard,4.0
eSQXnDHKrfA,Standard,6.0
FVPvGaqJBIQ,Standard,4.0
dpsbBcq_5fY,Standard,6.0
tRKkuwrp7Es,Standard,4.0
6Om2gt6GlyY,Standard,0.0
_9Ot50E0LX8,Standard,0.0
qG2Py2srI-U,Standard,4.0
nCNmORLSGOM,Standard,-1.0
bkW4wxuOcDI,Standard,0.0
DLDxm-Y8H9A,Standard,0.0
WVBKHlVw_1I,Standard,0.0
3EC_WbmrUN4,Standard,8.0
sryYRvaCMJw,Standard,0.0
_9Pyd41RdEc,Standard,2.0
gB20J2UThYE,Standard,0.0
MbTzkiq251U,Standard,0.0
fY8NFwHkPUk,Standard,0.0
MJzAe9ztDnM,Standard,-1.0
KqmKKIPzG6c,Standard,0.0
dL42LakQ2Y0,Standard,0.0
dMM9fqIsI8E,Reaction,4.0
bRjGmtgkjqY,Standard,6.0
yYAyzL11mmk,Standard,0.0
i0NikE1W2vY,Standard,0.0
erRX78YRv9c,Standard,4.0
21wxH_p1hzk,Standard,2.0
llPsj5key3Y,Standard,0.0
QtYTS1XvMIw,Standard,2.0
1AL6T9PpPVg,Standard,0.0
_cAqDOg8TnA,Standard,0.0
5ed8DyrxHdM,Standard,0.0
2tRyjYYcEMk,Standard,0.0
nqma0XDWBBw,Standard,0.0
wnVOWWq0BDw,Standard,0.0
7XBwKFDR_d0,Standard,0.0
T59EB9dEdsU,Standard,6.0
io4KYeVqvXw,Standard,0.0
Nx5VyH__ARo,Standard,0.0
R_lytr6gagE,Standard,0.0
6JFzTgvu9kU,Standard,0.0
fsdmZsofjMU,Standard,0.0
TotG-QT1eNI,Standard,8.0
JQ2-pkvEczo,Standard,0.0
ndg3d24lWVw,Standard,0.0
pEM42a5vlrE,Standard,4.0
wi1RrhPSY_o,Standard,0.0
k-CD0phkqtA,Standard,0.0
E7xUUIwUWkQ,Standard,0.0
KfUt7htPKe0,Standard,0.0
9uTgZ4eRAco,Standard,-1.0
ee5P4xJing0,Standard,6.0
epnJ4xV8TV4,Standard,8.0
_6gUjT51xqc,Standard,0.0
moX9uINDwW8,Standard,0.0
q_v0nC0VegI,Standard,0.0
vLi09zx1iMA,Standard,-1.0
JFO_g9J--Rs,Standard,0.0
pMJ8Kaa4Rz4,Standard,0.0
Bq5iM-CPDf8,Standard,0.0
2PhdcOakhDc,Standard,6.0
MkdCYgfNJtA,Standard,0.0
vARt-WSB9Ag,Standard,4.0
vtJcWC7GRqI,Standard,8.0
ytmUopqIP1k,Standard,-1.0
8Q5LD3UzJXY,Standard,0.0
qCUHuaVKg6U,Standard,0.0
Ee1o-4cYX-s,Standard,6.0
CueTe6CXMec,Standard,0.0
KJ5iyMya8Ao,Standard,0.0
QAUHPf-7uzU,Standard,0.0
ZDjSVmdm1Zo,Standard,6.0
oLY_i7emJzA,Standard,8.0
jkVjv4EGtKs,Standard,0.0
m06SegXtEkU,Standard,0.0
6qWpzvLyP0A,Standard,0.0
2dzWR8hYLNg,Standard,0.0
92FcGNzUuGI,Standard,0.0
AEx8Sokre-A,Standard,0.0
2DqPAA6t27c,Standard,0.0
gDjp5yO0egk,Standard,0.0
wEJRgU2nKG4,Standard,8.0
4Am3sDKg_gY,Standard,0.0
M8b0TxW9dHs,Standard,0.0
RspTQQ-p1W0,Standard,0.0
x4lJsTZFYlA,Standard,0.0
-D4yoCrPu-M,Standard,0.0
HLtRyRP5Djo,Standard,0.0
eGX-je1ZmIk,Standard,0.0
lc5CIiCjag8,Standard,0.0
U_N6GBBebII,Standard,6.0
YZiMrLiEyvQ,Standard,0.0
kkIDO1pjbbk,Standard,0.0
AYCeL07WhyU,Standard,0.0
xmITUyQCFxM,Standard,0.0
KwQO9d8RB5I,Standard,0.0
KqGs4XG7t-0,Standard,0.0
hUc6Nvoqdr0,Standard,0.0
pIAjNq4HzF0,Standard,0.0
wNwFipW_Jx8,Standard,0.0
FASQjKOhxp0,Standard,0.0
amo1rQIYylQ,Standard,4.0
VYApFPPfWJA,Standard,0.0
CHDNF6tekEo,Standard,-1.0
eF7gGy04wUw,Standard,0.0
bLVOcvpXGiA,Standard,0.0
4nHXh01LRzs,Standard,-1.0
JWUNwFR9M-4,Standard,8.0
DUkASkDku2M,Standard,0.0
k0fpzErZ4SY,Standard,0.0
8yg6IbilHp0,Standard,0.0
B7rkEnME6z8,Standard,-1.0
YQ4gqwskP9w,Standard,0.0
4PHLY8MbSio,Standard,8.0
rwFLIHs85Qo,Standard,0.0
SCFXDBiYTWw,Standard,0.0
vOAwarZ6plw,Standard,-1.0
Iubut28sssE,Standard,0.0
6NmwG_H1ebo,Standard,2.0
HiIYIx4gtUg,Standard,4.0
rKKc5NXxCIU,Standard,4.0
X30ketQ-4mk,Standard,8.0
mmfjOr925HY,Standard,-1.0
MC4F8xRuHmo,Standard,6.0
Df0--yYFI-U,Standard,0.0
___jShI1aSs,Standard,2.0
VRU4WvnwSHc,Standard,0.0
JHJXo0eFT3E,Standard,6.0
_B4e8JD53lE,Standard,-1.0
NGdemzALttg,Standard,2.0
GXQGiRk8Olw,Standard,0.0
Hh94JlmUqBQ,Standard,-1.0
b2j9gOxakpc,Standard,8.0
ogsROfonHtU,Standard,0.0
4uuUAe_z0gY,Standard,0.0
NEaPBzDYisg,Standard,0.0
Uxy8ep1O0D4,Standard,0.0
ycY0GqOGp4o,Standard,0.0
gFXgyLhDTtY,Standard,0.0
-d65VDOrork,Standard,0.0
w-D5_pwZ5ko,Standard,0.0
0JAlbhEPr0c,Standard,0.0
weveE_Tw024,Standard,0.0
QOla7jeodIc,Standard,6.0
baODDn-WVrs,Standard,0.0
8dF0uUv6MRA,Standard,0.0
xvVXDxy6dkA,Standard,0.0
GFLr41wvWs0,Standard,0.0
6ZfdL_IUoBM,Standard,0.0
KtoSZtfXfBQ,Standard,0.0
cTUDHcNg8p8,Standard,0.0
p3iYofgXpi4,Standard,-1.0
4AZkIGpSJFo,Standard,0.0
UF9tR_ECWSs,Standard,0.0
ExgKVHwt8JQ,Standard,0.0
alTurzQ3U8o,Standard,-1.0
a-ZDiNJbs8M,Standard,0.0
UgY8vzQf9iU,Standard,0.0
Idw3lFoXokA,Standard,0.0
oCHbXVw59pI,Standard,0.0
vUvq_Kuxhek,Standard,4.0
89d9pR5RWz8,Standard,-1.0
fEcjQGhnakQ,Standard,-1.0
iyfJ-stkUyI,Standard,0.0
TJ_4mDxCgWQ,Standard,0.0
9EmYsept_q8,Standard,4.0
Kf6ta9yqvl4,Standard,0.0
1hUe9Y2dcts,Standard,0.0
8pSDllweK-A,Standard,0.0
7N4RfolRbZw,Reaction,4.0
9a9_WkBEQ58,Standard,0.0
cUmDQaIAO8U,Standard,0.0
uDauyO_7vVk,Standard,0.0
rpKhrpq-wXU,Standard,-1.0
9U1BdO6inio,Standard,-1.0
ieavrkpGq7o,Standard,4.0
rgCHG5i0fzY,Standard,0.0
ROQRVubaJ4c,Standard,0.0
jZ1PAfu8YmE,Standard,8.0
6zF7jw05vQw,Standard,6.0
yhn6UXgWXP0,Standard,4.0
GVS0FngaKbs,Standard,2.0
GR-H_2R34AM,Standard,6.0
7SFLAHoI-y0,Standard,6.0
2W1h0XtZITY,Standard,0.0
BCyFBDsKMG0,Standard,0.0
ikEN6jdHnsY,Standard,0.0
bXDd3Ts5QU4,Standard,-1.0
_Yiem_3e0J8,Standard,0.0
KJ7V0rmR2d0,Standard,0.0
UO6zp7XvJfc,Standard,0.0
EwYdEtI14nA,Standard,6.0
IKoPASc3p50,Standard,0.0
v_oqzmgPtrc,Standard,8.0
9BdpxBzZ-qo,Standard,0.0
W-oZ_xnEtCg,Standard,0.0
CInbaLCjHiI,Standard,-1.0
4-FJo2U-APE,Standard,0.0
kPkkSPxCZYY,Standard,0.0
k8aeb53ZX14,Standard,0.0
_xUjR1YPM1A,Standard,0.0
pmvB7Bj9om0,Standard,0.0
85TQXszChqo,Standard,8.0
wVl4283nLmc,Standard,-1.0
K-gs-9XIL8s,Standard,0.0
sjOUZkQpXiQ,Standard,0.0
Du1Bd9Hmnfk,Standard,0.0
SWBAOyGgczg,Standard,4.0
TV1VudIqLRQ,Standard,0.0
rFtbYu_ugNQ,Standard,0.0
2O16GaURfB8,Standard,0.0
Uiwywul1d5Q,Standard,0.0
hEEJSFiCSVQ,Standard,-1.0
VajOuMg-ik8,Standard,0.0
EZ3KcHkbhF8,Standard,0.0
knVXB_z48pQ,Standard,0.0
cx4HBe_Tf_0,Standard,0.0
YhZMNDFGeKg,Standard,8.0
5KurngL6pWc,Standard,0.0
h38wggo_6ak,Standard,0.0
_wDX8-zdcRk,Standard,0.0
PxPVSVW_9Xo,Standard,0.0
0PB-iF5MbtA,Standard,0.0
FXmDBk57aQc,Standard,8.0
Oyoj-Iest3c,Standard,0.0
lM1eQsIcOoA,Standard,0.0
DT50sstBdHk,Standard,-1.0
afE8muEuBew,Standard,0.0
C4Uu8l5CgRo,Standard,0.0
IJga0YXhiwY,Standard,6.0
f2SKL0M4SG4,Standard,4.0
I-G-K8N2WZg,Standard,2.0
JOLS40eMplE,Standard,0.0
CczY--Kwft4,Standard,4.0
LUjly9qdCA0,Standard,4.0
TJ2n6zwDOxc,Standard,0.0
vaEyWMiFblQ,Standard,0.0
jMTmJVC-wPY,Standard,0.0
CFYZcVKMewU,Standard,0.0
EqJcVf8OKNY,Standard,0.0
u6pPyTzfvlk,Standard,0.0
sbh_0Dvnerw,Standard,0.0
VwDSnHblAdk,Standard,0.0
HmQK4kqlPJ8,Standard,0.0
IobNOoCitQU,Standard,0.0
WwOqP6Q5cNQ,Standard,0.0
F0yWgldIkyM,Standard,0.0
3IB5aHISvNI,Standard,-1.0
Y2XwowLtJyU,Standard,6.0
oct_LCnBssc,Standard,0.0
4tm50srTnK8,Standard,0.0
j8bGCAQxwa4,Standard,0.0
_3J3yjA5ElU,Standard,0.0
xhfZiGMChv0,Standard,0.0
pMLwZhBgchI,Standard,0.0
Dn0YALMSuMU,Standard,8.0
9SVxeXotHMY,Standard,6.0
ztjIWrvmF5s,Standard,0.0
Sq4y0FPljuA,Standard,8.0
BFMxmdcNfTs,Standard,6.0
K7LOkNcwP8M,Standard,-1.0
DvPAeceTEPA,Standard,0.0
SBxUTEz_jA8,Standard,0.0
TLONvjbCtsE,Standard,0.0
NwerMcYoUCo,Standard,6.0
an8gZcqaFY4,Standard,4.0
W4QMa6TEZc8,Standard,0.0
1ysi54wSvfU,Standard,0.0
Kz4x4paK60E,Standard,0.0
Z2ijXNHdI5Q,Standard,0.0
n36ky4Ud2iU,Reaction,4.0
Qbhr0P3tGZE,Standard,0.0
R2DuimwfFh4,Standard,-1.0
46_7qHVY-90,Standard,6.0
YDvS0qKHm1s,Standard,0.0
vo1d0eO786A,Standard,0.0
AHi5JqUhupE,Standard,0.0
OakTNsXade0,Standard,-1.0
DtCS7vxuhyQ,Standard,8.0
1xkcJDl0SPU,Standard,0.0
bbB68akaS80,Standard,-1.0
pkHRyxY2hEY,Standard,-1.0
tlycUK_TS_I,Standard,0.0
vEpSMDwt8YI,Standard,0.0
R6xGtU7heBI,Standard,0.0
F3EiCgyTTlo,Standard,-1.0
4uXnb1-yTxo,Standard,0.0
5qHEpWlyPPM,Standard,8.0
oskEVTyIjbc,Standard,0.0
Ug_uqs_ZoWM,Standard,-1.0
zXO0-R5AINI,Standard,-1.0
DYPre62CIGI,Standard,0.0
pBck5lvJgpY,Standard,6.0
B0PZh_sqmsk,Standard,4.0
yVZItniO5Zk,Standard,0.0
87CCc5cH334,Standard,-1.0
BtVCkcQfij0,Standard,0.0
jhkPqdlCJ38,Standard,-1.0
UdITnmXbYeA,Standard,0.0
cTw8O8gmbyc,Standard,0.0
mqJrG5wUt4o,Standard,0.0
NIA_zY_2538,Standard,0.0
WeywoL-mbhI,Standard,0.0
pJlf8BpSWu0,Standard,0.0
D5LlX4JWgRE,Standard,0.0
7AOHkKKTZlw,Standard,4.0
zhnMRvmF9_I,Standard,0.0
E9AT_m8Sndo,Standard,0.0
oDGMIPk9jy4,Standard,4.0
0VVO3xiShmg,Standard,0.0
XmUdKbdBiec,Standard,0.0
hlYp2OYY-8g,Standard,0.0
K5yTj7Egf1g,Standard,0.0
sv9-5zeuUsM,Standard,0.0
F-NMTXz14oQ,Reaction,4.0
h0jd1DsN5Mo,Standard,0.0
XnPGRf6DyNk,Standard,-1.0
CvVbhf2IvFU,Standard,-1.0
46SJaqkgs_w,Standard,0.0
07hRSyr1YYA,Standard,4.0
6cP0fd__O3I,Standard,0.0
tBz91-CwViE,Standard,4.0
ljyCBg9Wlqc,Standard,0.0
h8qQ50qAJsM,Standard,0.0
fmP_W5bofvY,Standard,-1.0
36xDBX_BlEk,Standard,6.0
8KJ-OnqMz04,Standard,0.0
fptiU2e5jsI,Standard,2.0
fuiDd7yPkMM,Standard,6.0
bpBuF6GviLo,Standard,0.0
-m7KT5zU5_U,Standard,2.0
0DbatPQwH4M,Standard,0.0
aclYQDGncqM,Standard,0.0
orOsWAsO1EE,Standard,-1.0
2YUmJekDsCY,Standard,2.0
FBY0MCy5l_o,Standard,8.0
5SAAk4OMbqY,Standard,8.0
HI1HKxF3BmU,Standard,0.0
7A1QRhwT77Y,Standard,4.0
11LD5cvyaMA,Standard,0.0
sLvOfUXszaM,Standard,0.0
GZDFpRysTNI,Standard,0.0
xwJFj4AsePw,Standard,0.0
j8Sf0OsthyE,Standard,0.0
sBrR1r9tYIY,Standard,8.0
-HFfq9HV9lg,Standard,0.0
LKaqXfoqTFY,Standard,6.0
SKMwXY6Oi0E,Standard,0.0
C-0mSz6wSDA,Reaction,0.0
ICVf1VMM1Ao,Standard,4.0
XcMLEzh6Rrg,Standard,0.0
wxvz6Ut-WHU,Standard,-1.0
IoYM1sa40IQ,Standard,0.0
Vt37NtVRnrY,Standard,0.0
2y6kD8kgz8A,Standard,6.0
q84T18iE2Ro,Standard,0.0
sK3BBPFe2uw,Standard,0.0
t_Lp9J9FUek,Standard,-1.0
-4YM5bvHIbU,Standard,-1.0
AHGon5CQ0cE,Standard,0.0
cYS3rG-MXQQ,Standard,-1.0
6tf6-rVYvdM,Standard,2.0
lb2UEpGfNJ4,Standard,6.0
BNcTe_Hx1Is,Standard,0.0
95HTduV1Mmo,Standard,0.0
k9kNYN6v3pQ,Standard,-1.0
1w9QcS5jTrw,Standard,0.0
mse-DSRozJk,Standard,0.0
auW7hiTMB7s,Standard,-1.0
i0T04s6Nc1g,Standard,6.0
4DS8Nhx2xn0,Standard,0.0
TJEHz-DMBnY,Standard,0.0
Tz0_URI3Ea4,Standard,6.0
Jd6ShQKtvLY,Standard,8.0
Z5zuUCHunBo,Standard,6.0
8Qf7-cdprYQ,Standard,0.0
F-B6xdnzHqU,Standard,-1.0
9hfZB_TURR4,Standard,6.0
fk_YfZG_yhk,Standard,0.0
MypFhxXVLKg,Standard,0.0
x-VZMeVVun8,Standard,0.0
28z4MdoHr1c,Standard,0.0
kpOJgfvxyxY,Standard,6.0
kxFCDXacMLY,Standard,0.0
eWQD4-fjqq4,Standard,0.0
BLnyPwH1Ob0,Standard,0.0
AjTfYIsiK3c,Standard,0.0
qQkNWGVXsy8,Standard,0.0
wWWSvi25lJM,Standard,-1.0
k6e3UKzM73I,Standard,0.0
rwUycqsXxwA,Standard,0.0
kV2yI8JuDPo,Standard,0.0
z4bUqcYbDOw,Standard,0.0
052eVT-HDSg,Standard,0.0
9m25hkF1gn8,Standard,-1.0
LT12tDIhiVA,Standard,0.0
PkG63Z5mDeM,Standard,-1.0
Wma1lP98pxI,Standard,0.0
IlOxt20jGpo,Standard,0.0
LJMcR32zMb4,Standard,0.0
jG8sLBuXf40,Standard,-1.0
M82Sy-e0JWk,Standard,0.0
OHCKQpIR9sA,Standard,4.0
Msn3HvwHSCM,Standard,0.0
LKCnuo5Qdh4,Standard,0.0
IZ3cV8A2ffo,Standard,8.0
d1RXwUhNoVw,Standard,0.0
x3nwR-S55oY,Standard,0.0
n6Mo6VvjLEA,Standard,-1.0
ZULlAjBIplY,Standard,-1.0
fVgvoZpFQ8Q,Standard,0.0
knehPHi5EOg,Standard,0.0
k1xvOQMf6Mk,Standard,4.0
_yskAIfgBJg,Standard,0.0
zfIWsOOkhyA,Standard,-1.0
_263s26RcX4,Standard,0.0
TekSAB6Fmfw,Standard,0.0
oKEXPxMQx9w,Standard,0.0
iB3QWdFxmnc,Standard,0.0
A2PVr0ACByo,Standard,-1.0
L4bK-R6qWUE,Standard,0.0
N_Jogym_Yag,Standard,0.0
S6pQa6N4Beo,Standard,0.0
Iwbfizp25uo,Standard,0.0
URkG3O0JV7o,Standard,0.0
0bmSjTUmT9A,Standard,-1.0
BGmWEw5GiEo,Standard,4.0
dMcX_lCzNAc,Standard,0.0
CQQOeQn4lgk,Standard,0.0
7AWJkb5C_ls,Standard,0.0
LlqL4HOp7iA,Standard,0.0
XogvPdtRhog,Standard,2.0
nbV6Anbn6dg,Standard,0.0
-TvaU2sFMfk,Standard,-1.0
YaAXKzdMQCA,Standard,0.0
uZhFvaGxZWA,Standard,0.0
iVxoCUIuXrQ,Standard,0.0
y2ZPV4V-VDw,Standard,8.0
xddBW8lsXtA,Standard,8.0
AtzTgIsoEY8,Standard,0.0
oFM128jrUjA,Standard,0.0
JWA3SomhH4A,Standard,0.0
ERt6BJXZC7Y,Standard,0.0
YcTsbK_R9z0,Standard,0.0
dUmm0yZ30Z0,Standard,4.0
2C3w_tDQbOA,Standard,0.0
tJTNLmDAGCU,Standard,0.0
OUhRKkQMTOM,Standard,-1.0
kjFVYiabCB8,Standard,0.0
HYPCj2Fp2CY,Standard,0.0
cPG-1-Nvnxw,Standard,0.0
nwhKcwUD54g,Standard,4.0
G5Fyrddhpz0,Standard,0.0
9BkM5xP5p2A,Standard,0.0
GedUkfrzuKw,Standard,0.0
j8bsmztK0Kc,Standard,0.0
bc2ZpNDl-JM,Standard,0.0
oOrIENJ2UTs,Standard,6.0
dvB8UncB35A,Standard,-1.0
p9msKQB23JY,Standard,-1.0
wPx4-uw40NU,Standard,0.0
QOPmDIQJmjo,Standard,0.0
qNNIQcq8ZKg,Standard,0.0
4hiAEvWx-Ic,Standard,-1.0
_AksPWmx1mk,Standard,0.0
pIMynBS2UEk,Standard,6.0
dJZqbIDT2Jc,Standard,0.0
W1jzIVu8ng0,Standard,6.0
BHb6gS8GRJQ,Standard,0.0
QJcySrorot4,Standard,0.0
wYTh95FoZI0,Standard,0.0
wTKwZuMywzM,Reaction,4.0
7bXuGZE4IFg,Standard,0.0
GAlde64ZyNQ,Standard,0.0
xY4GwG5ng2s,Standard,0.0
MbEvLNOmroo,Standard,0.0
SzfsZ-qpwM4,Standard,0.0
Ftula6kuLDI,Standard,-1.0
--h3F_sVBk0,Standard,2.0
i0s572YzOZg,Standard,0.0
hGWDFakx0hY,Standard,0.0
PNPAhiGX2H0,Standard,6.0
kBYjT2Brafs,Standard,0.0
cZur6mMAwc0,Standard,0.0
8yXYCOZyANs,Standard,0.0
dg_vnM3s-rQ,Standard,0.0
W-SDAiodfUw,Standard,0.0
aGtK9bfqZlI,Standard,0.0
n5pWMbz4P2Y,Standard,0.0
7DvnSxh835c,Standard,0.0
bIzAec5SqW8,Standard,6.0
QyVBjQrJNXI,Standard,4.0
vKFNEw2KwlE,Standard,0.0
8vLLT-rnCWM,Standard,0.0
NMR8ORnk4Mg,Standard,0.0
CT0eZ50x7EI,Standard,8.0
Yb9O7p6Pzpk,Standard,0.0
WwT7VLICUzM,Standard,-1.0
EL8P1dfFZ-c,Standard,4.0
0swIXZvBVSs,Standard,8.0
SKV-SA7xiRA,Standard,0.0
d7EjE2H_CsU,Standard,0.0
8_0JmB5279w,Reaction,8.0
LvHbwcgrl1g,Standard,0.0
7yWAO5p5wYY,Standard,0.0
BNIFu1qTHRs,Standard,0.0
x2iH-vUdv7Y,Standard,2.0
D54ggmc8a3U,Standard,-1.0
OIUqH3Unw9Y,Standard,0.0
2_V00acYVZ4,Standard,0.0
GaisZDJP9i8,Standard,0.0
B2mbs7tCoZA,Standard,0.0
tkEuVGESNL4,Standard,4.0
XLSNB3mftao,Standard,0.0
M5F0YKGtrDo,Standard,0.0
A2iQgpYGWnM,Standard,-1.0
Y3nkCAsC5Kc,Standard,0.0
BOsDgScY_y4,Standard,0.0
t_zhDGqD_qE,Standard,0.0
AUbtjuOxv58,Standard,0.0
FfE094FMMg0,Standard,4.0
1SGNSAN_cWg,Standard,0.0
vW1nl9EOpf4,Standard,0.0
HJWKiQslNPU,Standard,0.0
qH6lKYvnX8A,Standard,0.0
uRhu-Faw_AQ,Standard,0.0
twjXjuJRM9E,Standard,6.0
WTgOYrOQB0s,Standard,0.0
jLgvc-XLX90,Standard,0.0
6Z8TwolmrTI,Standard,-1.0
PmfC_ZOsT7Y,Standard,0.0
AALMgYG-I-w,Standard,8.0
njZ7QDV8aao,Standard,0.0
p-8NqEbXMzQ,Standard,0.0
ghy7MxGvrUg,Standard,6.0
SFfD_D0UQMk,Standard,0.0
uEpqQitEk6k,Standard,4.0
kdMFnZYJO4Y,Standard,0.0
MpZ7nyHo360,Standard,0.0
XH6VjUrjT1o,Standard,-1.0
dwqFmV3puBQ,Standard,0.0
-Cl-ra6S-Q4,Standard,0.0
jWq4wa_ZTsU,Standard,0.0
IpUrjdEfDcQ,Standard,0.0
-KwCghalcuk,Standard,0.0
4nn0S_nVEro,Standard,8.0
foUGI9gxhM8,Standard,0.0
SWwQ0t9FIhI,Standard,0.0
UmfL8pQ_BSo,Standard,-1.0
YqeSm-K9U9c,Standard,0.0
6tI3-kTL_50,Standard,0.0
hqx86yLikSU,Standard,0.0
R3920l0b5wg,Standard,0.0
oY6WN3JCSi0,Standard,0.0
PGn20Zv-_1o,Standard,0.0
5CflVPVjsEo,Standard,6.0
Q9mlny9W30M,Standard,0.0
Ro4XE11G4a8,Standard,0.0
LwG_0fqZ74A,Standard,-1.0
AWuZORdppqk,Standard,0.0
0N-w8yanU2U,Standard,0.0
TOz9XqqKibo,Standard,4.0
0JWl8D6h-5k,Standard,0.0
RcOK9wGRUGk,Standard,-1.0
bTAbDGuzslU,Standard,-1.0
iobWRqcvbUU,Standard,0.0
2bPupOdW8M0,Standard,0.0
g_XdZE5SiBU,Standard,4.0
ZlV5uRPO4oQ,Standard,0.0
FZdX5X4EbGw,Standard,4.0
MllMh1iZVNI,Standard,0.0
0RAxXYVyBvA,Standard,2.0
63ZOD2aKHfE,Standard,0.0
T0TVNZlul1g,Standard,0.0
YX_PKozh_aU,Standard,2.0
03V1vrVX-bU,Standard,0.0
H3BLUIfJjJo,Standard,0.0
JdXrINzWDnk,Standard,0.0
Iv-ak3BvHtk,Standard,0.0
3dCQCNkcNag,Standard,0.0
98y-BWQuWI4,Standard,2.0
btd3vtB09Cs,Standard,0.0
UqPLS-2LLeQ,Standard,0.0
15jihDTBphs,Standard,0.0
PMmhoL91OSY,Standard,0.0
S6BroyczeFw,Standard,4.0
Vt37rWt9LsE,Standard,0.0
_gKgc04EgNc,Standard,0.0
7tgpH7icRbg,Standard,0.0
CnpJ4Zsa4XQ,Standard,0.0
7NMsDz2tq2g,Standard,0.0
RCUH_Jc-iHU,Standard,-1.0
9uiOqv0Xrv0,Standard,6.0
bT1RciMVSTE,Standard,0.0
f6CWyCOgJg4,Standard,0.0
qJ7ry1ZjVkM,Reaction,6.0
j1SfSzG8U9A,Standard,0.0
eVBY9Rt6yT0,Standard,-1.0
5h10hxIOvco,Standard,0.0
7ySjPRaV6zE,Standard,0.0
rv3nYSvB9QY,Standard,0.0
NtecsJhWWxw,Standard,4.0
7oG6nMzYpVM,Standard,0.0
V08t4BXEikM,Standard,0.0
J386a_1HExs,Standard,-1.0
fZ0ZW_KhVVc,Standard,-1.0
s66Nx0CcPUM,Standard,0.0
2Vu01wxKUp4,Standard,0.0
RawUR6CaucU,Standard,0.0
DwAz4b6Fy2E,Standard,0.0
8_W_N3aCUOQ,Standard,0.0
azlAA59CT3A,Standard,-1.0
9gZMZfRsGVw,Standard,0.0
lX2Qz_hajxc,Standard,0.0
HqpjOeXYNo8,Standard,0.0
7s-Xa_pJ6d8,Standard,0.0
9ZI8GUGVvfk,Standard,8.0
sj6GeDrQ09Y,Standard,0.0
pArDopZvtcQ,Standard,-1.0
MQqEzYwsXpw,Standard,0.0
N803pg3vndc,Standard,0.0
Zc70iRemjIg,Standard,0.0
oYiqBhQLZs0,Standard,0.0
v2BvQoQqB_I,Standard,-1.0
dcMPzimUbcg,Standard,-1.0
ih99eiLgs-0,Standard,0.0
PK22LfUnx-s,Standard,0.0
i-Vcu7lqjHw,Standard,0.0
brxG4wBWRp8,Standard,0.0
rRzmf-I7Yes,Standard,0.0
7XiHI0duYjE,Standard,0.0
eBqZF9x4NnM,Standard,0.0
ulr-R61GCY4,Standard,0.0
B-2JXFFHezw,Standard,6.0
NUnCghHr59M,Standard,0.0
QAGtgehmq1s,Standard,-1.0
29bEN3h0ols,Standard,6.0
zn9V1e8uGHc,Standard,4.0
AJYrMrNmL9k,Standard,0.0
S_vIv6REqE8,Standard,0.0
yTfnkh-GrSk,Standard,0.0
ciXqWPgwMiw,Standard,6.0
LwOQFi8LGhQ,Standard,0.0
pNoRrDOv5wg,Standard,0.0
pwdkRf0FZd4,Standard,0.0
v3U7UkK62Q4,Standard,0.0
ZAFnRmMOs4s,Standard,0.0
1ARcKhMKG28,Standard,0.0
GhGmrsTNUD8,Standard,0.0
dc9t3hk_3qA,Standard,6.0
88tRvS0FnPA,Standard,0.0
eex8GVwxODE,Standard,0.0
WK8_hiZvQTo,Standard,0.0
caAut2xIL7U,Standard,-1.0
_uLCnjITK5A,Standard,8.0
42aCQnlUGnI,Standard,8.0
cCCWIyb9WqQ,Standard,0.0
3mTQ3mQReqg,Standard,0.0
cGpeRHI9yj0,Standard,4.0
phD0Virbv78,Standard,0.0
NG_b0DLNvkc,Standard,0.0
85nJXicVUDg,Standard,0.0
K0v29LMevF8,Standard,0.0
qTMPWZAJR94,Standard,0.0
2N4oCeBGTQI,Standard,4.0
XCI7UsgisjM,Standard,0.0
1aiSg0sh7C0,Standard,4.0
0M-QIJTT7-M,Standard,0.0
HpcuZhlzyFo,Standard,0.0
eQ1S--V__7k,Standard,0.0
pJ0PgW-fIHw,Standard,0.0
xUHXDrZhMcU,Standard,-1.0
OCPnwUZ2aR8,Standard,0.0
hEuwjmN-uBE,Standard,6.0
GEBdiK574Us,Standard,6.0
QTUATAlIRgs,Standard,6.0
fBN6238dxpc,Reaction,4.0
MzRtU73Fe0Y,Standard,0.0
Dxrys8xm1aw,Standard,0.0
3_0xgxPplNQ,Standard,6.0
r39LjVfgSRg,Standard,0.0
7WiYDR9DW_Q,Standard,0.0
DjJqw4b6ufU,Standard,0.0
oa-om5yirm8,Standard,-1.0
bdgEKhFVJf0,Standard,4.0
HS6NSu5QJ3w,Standard,0.0
3Wb-9QfOf-E,Standard,0.0
xVi3f_iCIf0,Standard,-1.0
uicpnVYuEH4,Standard,8.0
rtNeL3TKqoE,Standard,-1.0
meJsi7VyPjw,Standard,0.0
tdbAzmUOS3M,Standard,0.0
NLFFBk1dtf4,Standard,0.0
7tzUqbK398M,Standard,0.0
bPwcuchcWp4,Standard,0.0
9sKXHF1mlnA,Standard,0.0
aQj2TxurvAQ,Standard,0.0
KzdeQBouDvM,Standard,0.0
kLULgjxdpsc,Standard,4.0
ocestPLmKrA,Standard,0.0
RK1PmgnxJNE,Standard,-1.0
PjE8yhMIlnc,Standard,0.0
Qo4XEoCf3YA,Standard,0.0
MQqzuanP9d8,Standard,-1.0
hUUMuNWRtVM,Standard,0.0
SKUdSy3TspY,Standard,0.0
0hy8ra8ZpSc,Standard,0.0
sJD6xRXFjfM,Standard,0.0
HZeN-sqaiYE,Standard,0.0
P3QVqJrFV3M,Reaction,6.0
SrrF8X_nnwU,Standard,0.0
94oKSoN_PMw,Standard,0.0
lBNPApdW3nU,Standard,0.0
bmP03w2HLDk,Standard,6.0
sYMAsusjwgs,Standard,0.0
loept4zZVhs,Standard,0.0
f9xUaA1SfmU,Standard,0.0
etlCXvh0_6E,Standard,6.0
kwBqMBgNVjY,Standard,0.0
O-d0dsJHXbE,Standard,0.0
nZBs0teCPbY,Standard,0.0
J-hakMFlJ6U,Standard,4.0
qcY5MhOLY6E,Standard,0.0
W7VX5hyGrNI,Standard,4.0
sDFYv5LKqBw,Standard,0.0
jaiaAdcsKbA,Standard,0.0
cfgUcUdda6c,Standard,-1.0
49eIAmIdA2w,Standard,0.0
mxu4xiUXGQs,Standard,0.0
HY1-YGXUq8I,Standard,0.0
PQu8MwTORhQ,Standard,0.0
8sbhBm4FuuA,Standard,6.0
uyl8KOhmtiM,Standard,4.0
6EJ-eTTdVjI,Standard,0.0
4l-RQ2s44Wk,Standard,0.0
hQoigcVdrRc,Standard,0.0
hlhQwr7X92Q,Standard,2.0
v1bqaQWKKlg,Standard,6.0
BSBIR0wgX2E,Standard,0.0
3k8LzepW6pY,Standard,0.0
Q3ryitjwdbo,Standard,-1.0
VB03nu5slvE,Standard,0.0
SrRorBWr000,Standard,0.0
Hwzt47nBW5s,Standard,4.0
0dKZWvFcUv0,Standard,-1.0
yyIAidAHsAI,Standard,0.0
qomeJeeijFY,Standard,0.0
idFFNR00b_I,Standard,4.0
yikQ9rXLYR0,Standard,0.0
oceLYg3ufBk,Standard,4.0
zw_noTSWb_c,Standard,0.0
btdjkUd-43E,Standard,0.0
AkpIVegLtvM,Standard,0.0
UewlyVTPch8,Standard,-1.0
tpQh4CFJWIc,Standard,0.0
bxZCzI4Pnbo,Standard,-1.0
V4F3NMLFiMs,Standard,4.0
WAuD2aFGX88,Standard,6.0
WvhYENXE6N4,Standard,0.0
zc1987cZGMU,Standard,-1.0
b_plYnB8-8I,Standard,0.0
9XX2IpXRn7o,Standard,4.0
zqL7BUoPD1o,Standard,0.0
RYMuafzd83w,Standard,0.0
1MAi8rkyZMA,Standard,0.0
9_KRz4JHHsg,Standard,0.0
vfxxfA20FxM,Standard,-1.0
fAZ647B-_A8,Standard,-1.0
dDGaGlD06zA,Standard,0.0
YKB_wC6_tC4,Standard,-1.0
C7-A1Y6c4wA,Standard,0.0
MJ7us0TdPyk,Standard,0.0
8-izLn3_C94,Standard,0.0
ZrQYXBjJIxU,Standard,2.0
ADLzMnwExXA,Standard,0.0
CPWQPjfFoP0,Standard,0.0
RDwLzmPwA-k,Standard,0.0
7ET97ET0PTo,Standard,0.0
jHjVdLp4MK0,Standard,0.0
v82Ge-8YqQE,Standard,0.0
RDoAzDnbGEw,Standard,0.0
126gS8y8GM8,Standard,0.0
qWCi4ZhTBPQ,Standard,4.0
aAnsEaXjIZU,Reaction,8.0
N0Y38QFbrfs,Standard,0.0
1FPpCKmLZq0,Standard,-1.0
U2gxSO5AyU0,Standard,0.0
9EXUL3swRz8,Standard,0.0
TR3a2pFZKl0,Standard,0.0
hkK-FewMGaw,Standard,0.0
IxpyPpG7AnY,Standard,6.0
667G5sy6qh0,Standard,0.0
RzIF4O8BJXA,Standard,-1.0
DXi8Eg1rfrg,Standard,0.0
9aXWeqPORo4,Standard,0.0
dmEZaLS_ZQs,Standard,8.0
FyZAw-U50K0,Standard,0.0
fAcFEPL3uuA,Standard,0.0
KV22UAimJd0,Standard,0.0
9NKqb4vjc14,Standard,0.0
W-0JHlpDZAc,Standard,0.0
QXCnjSIK7tI,Standard,4.0
sCvEqKB0rxI,Standard,-1.0
ntiaI4QBOAo,Standard,0.0
hjA8YtVCRqM,Standard,0.0
UCVGBO5jhq0,Standard,0.0
VcIWJmo6wGU,Standard,0.0
FmxE7UsUyLA,Standard,0.0
yztqIFaIAGY,Standard,0.0
kSeoaJFfvo8,Standard,0.0
w-syz3CYAOM,Standard,0.0
2UY7OymbSBQ,Standard,4.0
u3BZz0ZJFPM,Standard,0.0
TSnOjHByh_0,Standard,-1.0
IBff942nSAU,Standard,-1.0
5-JRPQmMk3o,Standard,2.0
LSLziTxUamw,Standard,0.0
VPQR2jefJFk,Standard,0.0
YpqQTaJxnCI,Standard,0.0
Y6dboQ_VZhU,Standard,0.0
S-KTv1CgPK4,Standard,0.0
-DHCGTHHak0,Standard,0.0
Mnr7MjUhIQ4,Standard,0.0
sXNwKkmD8ug,Standard,0.0
a2n3FZBrrjY,Standard,0.0
7AzYKClSNQ8,Standard,4.0
xbahXNk0ElI,Standard,8.0
eRhROQdrB_U,Standard,0.0
PG9HB5kI7Co,Standard,0.0
wb17OKNvI_A,Standard,0.0
pRBEVryqOMQ,Standard,0.0
N0c0SnY8fHI,Standard,0.0
g8bJ6D264e4,Standard,0.0
i2yCquaGZyk,Standard,0.0
XP5wQ8QLL2A,Standard,4.0
LoHY7XjFKro,Standard,-1.0
3wZ_Z1CWDJw,Standard,0.0
5NR9bT0_VgI,Standard,0.0
Xq01JUPXkgA,Standard,0.0
h8lLucTRWnI,Standard,0.0
-aWOAWkzFos,Standard,0.0
g7ceRINIpOc,Standard,0.0
wOBHJ-zY20w,Standard,0.0
WsDBrWyXQwY,Standard,0.0
Jk0fHjT1N5w,Standard,6.0
_3a-w2A7XSc,Standard,6.0
2N-GTW00JwY,Standard,0.0
UjXFgxX0lnI,Standard,0.0
q903ugWmjyo,Standard,0.0
XFV3WWz949A,Standard,0.0
Bwe-K4peGnk,Standard,4.0
iGuKUo4idVo,Standard,0.0
SSWotKDXcuc,Standard,0.0
QEXdsX_GNUE,Standard,0.0
9bd7kZ5vjTA,Standard,0.0
klXmpG3Lf3w,Standard,8.0
HBR2hQn4VR8,Standard,4.0
nzp6uAcycO4,Standard,0.0
gPXTefdGIl4,Standard,-1.0
db3tFDvzMgo,Standard,0.0
11lCTxiFsNo,Standard,0.0
2EsVqmALyi4,Standard,6.0
NT6RaaSwD6Y,Standard,8.0
w4boQXr67Vg,Standard,-1.0
xEeu97_raao,Standard,0.0
W3FhkSt6_dA,Standard,0.0
C-xfxKFGa3s,Standard,0.0
3IJQzF36uT4,Standard,4.0
AykXL-lhdTM,Standard,6.0
82qrDaA47Ts,Standard,0.0
l8nD94bb-Rs,Standard,0.0
llYotCSBqvE,Standard,8.0
QgXSQW6Ldbo,Standard,0.0
VQjYzzvGeqk,Standard,0.0
cMbf0MiFwTs,Standard,4.0
4gaZvJVIR84,Standard,-1.0
ghXv76Fgp5U,Standard,0.0
B58VoyluDQk,Standard,-1.0
6ju2191OiTk,Standard,0.0
nLLtFhtMpsw,Standard,0.0
qKjhxGfMSbQ,Standard,0.0
6XLQcCIZFAA,Standard,0.0
qxFj-jIXcus,Standard,8.0
m2Ta9LWl3Lw,Standard,0.0
eqtE874NA2A,Standard,0.0
dtlBdVEmgdo,Standard,-1.0
cQLmizVbPEc,Standard,4.0
PJx-kTGe1WE,Standard,0.0
bhO8BaRC6KM,Standard,0.0
KmfQnLPcjNc,Standard,0.0
OCchZCsE1W8,Standard,0.0
BkulK4KtXIA,Standard,0.0
7QltgCc9Iaw,Standard,0.0
_HF1gfAgR5I,Reaction,4.0
jNl_c0uZIFk,Standard,4.0
ZIJcpaqoll8,Standard,0.0
OGMpRI-hgAA,Reaction,6.0
T6bptR14HJ4,Standard,0.0
QcJ-SFSJ3Gg,Standard,-1.0
Mxu2mz3UBmk,Standard,0.0
oiCIpjBEsuI,Standard,0.0
aNF52WvtNHw,Standard,0.0
qOO8ws6McEM,Standard,0.0
8zL4n6KqlQw,Standard,0.0
t6rIlGEPB10,Standard,8.0
xsqHu8Q_Vhc,Standard,0.0
T2WorREaq-k,Standard,0.0
Nrt8H4mnEeg,Standard,0.0
dRb8GQoKEAQ,Standard,0.0
-oScfvmff6g,Standard,0.0
CBOSEcdf1bg,Standard,0.0
7HiuRSLPspo,Standard,6.0
KjMV5DXttXE,Standard,0.0
Tt-jXmqHIwk,Standard,0.0
v3eNTrRtxjQ,Standard,10.0
4YuWweiWMPg,Standard,0.0
CFrQ53kbDQo,Standard,0.0
4afMAp7qkHA,Standard,0.0
2qk323weAOc,Standard,-1.0
UzxNSu7azTE,Standard,4.0
bn03Grh-mEU,Standard,0.0
65CQ_oe8Mzg,Standard,0.0
dtYZ_92UijU,Standard,8.0
pWklBdPTp8A,Standard,0.0
-XjDNUk0OOo,Standard,8.0
zYK-EpXkzOQ,Standard,0.0
dBU-SK9Ey18,Standard,0.0
SHg-u9g3Rac,Standard,0.0
sAUUz5XsVO4,Standard,0.0
T9VOw5pu_Jk,Standard,0.0
MoxR8ERZCXs,Standard,0.0
E7m8Xh0liWI,Standard,-1.0
sPNG2OotOrQ,Standard,0.0
KpjxGyyRrY0,Standard,4.0
SwPr60jQRY0,Standard,0.0
U6txW2qjAF4,Standard,0.0
a_-eGzp-inY,Standard,0.0
bxB6SKVbQ4w,Standard,4.0
G-6Fum-EsM8,Standard,0.0
e0rhS0CkgNM,Standard,0.0
WhHQVZPdcBo,Standard,0.0
G-eXbvL-hf8,Standard,8.0
lO91LDtuKII,Standard,0.0
tvM8OrsM-Mc,Standard,0.0
aPXtE55_4LY,Standard,0.0
hnAxNlDFiAQ,Standard,8.0
0-tCEFyuHmY,Standard,0.0
5yNTUnvfHVU,Standard,-1.0
vWOojHLLzf8,Standard,0.0
6W8dl915fPA,Standard,0.0
XTIMZSr7vEU,Standard,0.0
TG_8wInAWAE,Standard,0.0
_wt1xB2sEb0,Standard,0.0
nedj9L6-ofI,Standard,4.0
qnPy7thQrYE,Standard,4.0
tO-0la1Kiec,Standard,0.0
6dSgG59eU_U,Standard,0.0
HmIARQXItyM,Standard,0.0
uAfdFVF5fFA,Standard,0.0
Z4RFAsad8Bo,Standard,8.0
5isBnLiLaYM,Standard,0.0
8jXnjwSvkLY,Standard,0.0
Ie8aHnYaAt8,Standard,4.0
Hy72wIFnRf0,Standard,0.0
Xo4qzMr-XKg,Standard,-1.0
Qxar9RbP7eg,Standard,0.0
mL5s6YvZa6I,Standard,0.0
SCtuGxMFNgc,Standard,0.0
yr0o5sbUsPE,Standard,0.0
MXfRTN5ZDSE,Standard,0.0
Rry8sVop9Aw,Standard,2.0
u5oYuMAkJnc,Standard,-1.0
tlUdHAMbrUo,Standard,-1.0
1x5BLdRb-Y0,Standard,0.0
3tYc0HesD44,Standard,0.0
T9-EHV1Bavc,Standard,6.0
jJTu3NKPLho,Standard,0.0
OY3IRjIHTsA,Standard,8.0
a4wuT30Y4wE,Standard,0.0
5ouIBnQ_oY4,Standard,0.0
ahbLWLkcLUc,Standard,0.0
q1BdMvNbzwg,Standard,0.0
rWAUxw64Xl0,Standard,0.0
yz3sAMUI4rM,Standard,0.0
pRzEmKLLyik,Standard,0.0
-b2MhD3CxbU,Standard,6.0
uXY9Z3_1Pv4,Standard,0.0
ptebj4SE_4U,Standard,0.0
UHP2o2LUU1Y,Standard,8.0
IWMiWaqN9NY,Standard,6.0
HBS5rQKinos,Standard,-1.0
iFZIH_WyEsU,Standard,6.0
wJcT6-WjX3o,Standard,0.0
nVMO30OFR-4,Standard,0.0
QZYT94H0tm0,Standard,-1.0
D0bl77CJUgM,Standard,0.0
i0x49DHCO-g,Standard,-1.0
XW9EpT3rfp0,Standard,0.0
r6_bufyzADY,Standard,6.0
3qcIiEPC5t4,Standard,0.0
v0ryOoCo5Cc,Standard,0.0
uT-ZZRwJzf8,Standard,0.0
4F2VbPwoweQ,Standard,4.0
sMeNW8hU2V8,Standard,0.0
IhSPd7ysRGo,Standard,0.0
nLxCEbQLZnI,Standard,0.0
S7H6LBHkgsw,Standard,0.0
H_OZLoqa7RA,Standard,0.0
QbOQ9CmXsVI,Standard,0.0
slufktS-gII,Standard,4.0
piOeIWZA0ow,Standard,0.0
PYfhHgg624M,Standard,-1.0
j720PfiAjFQ,Standard,0.0
K6-B7JBLN_I,Standard,8.0
9o6XxpOyYeM,Standard,0.0
IqitOqA-vpk,Standard,0.0
he4_mcVqOkI,Standard,0.0
653E3Bk0RVI,Standard,0.0
en6txz7b8xA,Standard,0.0
2bnw0IHskIg,Standard,0.0
oKffObJ3dNo,Standard,0.0
44jIsEq6fBo,Standard,0.0
Ngcp5_4_UIU,Standard,0.0
DJklIwrvaKo,Standard,0.0
ZnB0y3QzITA,Standard,0.0
35rE2ugmroc,Standard,-1.0
JPzI5m4t35I,Standard,2.0
nwZfgX9Zmog,Standard,0.0
3Wr7zDio3aU,Standard,0.0
uRc0vQJB3w4,Standard,0.0
EMqoHI5xbJg,Standard,8.0
sOEZnhx9yRo,Standard,0.0
O9H1aAsZKCg,Standard,0.0
n2PjdVrK9uI,Standard,0.0
Xtl-9USAtcg,Standard,0.0
wpB3FXPzsKU,Standard,0.0
HgJhuOWkPfM,Standard,0.0
pLgAb97ADMU,Standard,6.0
yk64537uC2A,Standard,0.0
CrWn37smEwk,Standard,0.0
3VRqAXRVt-c,Standard,0.0
nCxY4mXJVU4,Standard,0.0
wPaLk8KfB-g,Standard,0.0
gmn18bWYeyI,Standard,0.0
IJsqk9r3k7I,Standard,0.0
Y955MUOId38,Reaction,8.0
NfBJ7Cm38Qc,Standard,0.0
pswkZhFy054,Standard,4.0
uLMQmpbgCWE,Standard,0.0
3pC4RHmrxpM,Standard,-1.0
CrVomkt75cQ,Standard,0.0
DN7aNHG1xxU,Standard,4.0
nHEq6VZ--mU,Standard,0.0
NAqan5KulF4,Standard,-1.0
AJxlkvbpqUM,Reaction,6.0
Pw0qY019BTc,Standard,0.0
DB9oZZpWsoE,Standard,0.0
2Z0U2S3k2A8,Standard,0.0
0xXs7Qqe0v0,Standard,-1.0
kux8FO3rkNw,Standard,0.0
qAvcYYY7KoI,Standard,0.0
T_RZNujATgA,Standard,0.0
TSlvIvjwgj0,Standard,0.0
off_UKDDvao,Standard,0.0
DLq1TVWLwVg,Standard,0.0
ojcdZWxt4os,Standard,0.0
D5DU7yA1xyk,Standard,6.0
G9sxbhoH1ns,Standard,0.0
qn3hzHIid8Y,Standard,0.0
0jzS66Wd7qk,Standard,0.0
Y7xqz204A2w,Standard,0.0
-r-vfy1vcMc,Standard,0.0
ibLhUWZWFH0,Standard,0.0
yjoQx5WpNVU,Standard,0.0
w4XooltWaK8,Standard,0.0
qK0pE_cFLd0,Standard,-1.0
vov4S351lPA,Standard,0.0
ejkzRPAlA_A,Standard,0.0
AQEIFUXSPkM,Standard,-1.0
jUvCLpsx-yc,Standard,0.0
aPBbZT9wosA,Standard,0.0
93IH_TYcA9c,Reaction,8.0
OZ58dCDhcms,Standard,-1.0
IsIAzQPyBjc,Standard,4.0
4PQu_Lw1yQo,Standard,6.0
qNLqtNfoLQE,Standard,0.0
ZkwmcctJA2U,Standard,0.0
I0DKuNGRo-Q,Standard,0.0
mSnlYbPUbrM,Standard,0.0
igm6Av3Kj4w,Standard,0.0
F4wtuvrBWVw,Standard,0.0
YIgR034m-Yc,Standard,0.0
H_SPZMtjPak,Reaction,6.0
yYrkv_gOqk4,Standard,0.0
ftG4VOVsIxE,Standard,6.0
yFQtla_IgzM,Standard,0.0
h51iDU2qEaw,Standard,0.0
uUF7gz5BvkE,Standard,0.0
FfP-Bfq6Hpw,Standard,6.0
RloXBFrByVg,Standard,0.0
6LNz12Q0or0,Standard,0.0
dzJBxlgCMic,Standard,0.0
G1e7qy51IiA,Standard,-1.0
k9gUZ_sFNAE,Standard,4.0
LpFKPQ18iRc,Standard,0.0
aARxxORttuE,Standard,0.0
VwP4jy-UV1A,Standard,0.0
Z0SAwdazHkg,Standard,0.0
u031iKME22s,Standard,0.0
sOd4_0HK85k,Standard,6.0
PGGvrB_9bGY,Standard,0.0
r76mJY3lyto,Standard,0.0
BFg93HIpECI,Standard,4.0
8WrXohEqTMs,Standard,0.0
whgNZc1RXzs,Standard,0.0
oLzmGF3fBWU,Standard,0.0
vDsrsVS_Z9c,Standard,8.0
eADjwjdckzo,Standard,-1.0
YGKJezaPYBc,Standard,0.0
YemLwhrjWHo,Standard,0.0
_aT3YO1PmOo,Standard,0.0
fBn2KIGhTB8,Standard,0.0
3sPcLlB0EAI,Standard,0.0
fXHFgGA1WSQ,Standard,6.0
R-wYuecHyxU,Standard,0.0
3v88byMfWf0,Standard,0.0
8nLnVy4xQeU,Standard,0.0
3lMKM_S43AQ,Standard,0.0
wyuiCvxhkho,Standard,0.0
i4ttYBttqSU,Standard,8.0
M652bIMwbSE,Standard,0.0
ZGoEAw1BP0M,Standard,0.0
3oBA7Uv_xeA,Standard,0.0
c5ZFidwvWD0,Standard,4.0
Xu57yGv7ZnY,Standard,0.0
f_JmkvNludo,Standard,0.0
ooXvkzwDFpo,Standard,0.0
OOmHewWr7mw,Standard,-1.0
3-dAxlAMoK8,Standard,0.0
0q8X-6y4zCc,Standard,6.0
LPhNbiKy1DU,Standard,0.0
5HQ6XUCLKGA,Standard,0.0
ZjJbxFJUy20,Standard,0.0
B0XlB8tfLS0,Standard,0.0
-tqH7yoWq8A,Standard,0.0
emIc7I80Kaw,Standard,0.0
r3tD6SUW4zc,Standard,4.0
yc3OJhF8kfc,Standard,8.0
62LMzMr5nhk,Standard,0.0
I_dcC4rHp4I,Standard,8.0
oDOj4jUWoPw,Standard,0.0
e0N4tQ-d9tQ,Standard,-1.0
hYbM9iqFmrM,Standard,0.0
A6UkJ106UYE,Standard,0.0
z4xAVUwVWDI,Standard,0.0
ZccboQZd-1A,Standard,0.0
hA2CiNDjmck,Standard,0.0
a4NnJvnmbAQ,Standard,0.0
Jlkfe6lI7k8,Standard,0.0
0-Kt2DRmi-0,Standard,0.0
doBrpZFWrwg,Standard,0.0
ztb7ezKR-Z8,Standard,0.0
PmUdfypnzk8,Standard,0.0
ISFHCaXJMv8,Standard,0.0
A8y8LxeGHC8,Standard,0.0
Ue5yprRZKis,Standard,0.0
QKybneKLH7k,Standard,4.0
Itt_mq7hiHc,Standard,6.0
MIfDb4cVPr8,Standard,0.0
yNMlB6UYbW8,Standard,0.0
HltK85UQWfo,Standard,0.0
SwlpZN4Nk8s,Standard,0.0
cjPYGG1OtnA,Standard,0.0
F7mvDkrLwDk,Standard,0.0
ngnpLE7_Tsw,Standard,0.0
rgeOd0s9Ok8,Reaction,6.0
Q7QV4Cbngxw,Standard,8.0
jZWzKIHIIWs,Standard,6.0
t7uZIQTu9jQ,Standard,-1.0
14NMogI3iNY,Standard,8.0
tAbZDiFMkPw,Standard,-1.0
7i9sC6F7Ivk,Standard,0.0
lDhHchex1as,Standard,0.0
C1iCPyO8k6I,Standard,0.0
vV_gIrHJtPI,Standard,0.0
QgeKNC6dMyg,Standard,0.0
xzwYoTT-fYg,Standard,0.0
oKC1bEotAmc,Standard,0.0
1pzgBOzNmwo,Standard,4.0
EkKSeFTfp6w,Standard,0.0
APS1SHnDj_I,Standard,0.0
AVwxF_jph8w,Standard,-1.0
4qxmutsahAQ,Standard,0.0
SYDQEtYONmM,Standard,0.0
rPnNqZVoYU4,Standard,0.0
TMUBzaRj9xE,Standard,0.0
8ISez5CIGPg,Standard,0.0
kv6TGxwglXQ,Standard,0.0
lQM_7b4WESw,Standard,0.0
cLl702VHY4g,Standard,0.0
VObtIBrGgRg,Standard,0.0
wWphBXA7gnY,Standard,0.0
pAME25wqgPk,Standard,0.0
0O1Kg9-X8bI,Standard,0.0
NLWY_pIohgk,Standard,0.0
8D_20tUa4Cg,Standard,0.0
WrmxPyvnLB8,Standard,0.0
K-VB_BgyTVY,Standard,0.0
fRZ56HCHR6k,Standard,6.0
UOPCOBx3QKE,Standard,-1.0
rQqeKKYaMKI,Standard,0.0
jvlDAAnTsiM,Standard,0.0
oDngtTPkIdQ,Standard,6.0
Ak7LrgF1Fos,Standard,0.0
T9F4Q9zwh7E,Standard,0.0
VNo4A9z6OK4,Standard,0.0
uPTotImZw1g,Standard,0.0
vLerH7OkLus,Standard,0.0
EORkkhiAdJc,Standard,0.0
XXRFz6Jww7A,Standard,0.0
AUZ7V4Z4WqM,Standard,0.0
Wm3xY5kvU54,Standard,0.0
IW4z9vHoWmQ,Standard,0.0
H49KPxW8Mh4,Standard,0.0
BAFx8JLBmxo,Standard,0.0
fFKecScGLgw,Standard,-1.0
2_B1Wc7psy4,Standard,0.0
RvLgRGJ-KAQ,Standard,4.0
SDwQ5Wbjc4k,Standard,0.0
kApsNBVuFcI,Standard,0.0
UShpGKqGh4M,Standard,0.0
y-liWo35SXQ,Standard,0.0
w1Fe4s2RaLg,Standard,0.0
KlRQtc_MtlQ,Standard,4.0
--G_NEwSZHE,Standard,0.0
PtuDVSEnNpo,Standard,0.0
Ib4Cndgm0BY,Standard,0.0
tnzP3mZYKUk,Standard,0.0
O8gWuAdsro8,Standard,0.0
1NB3bq41j20,Standard,0.0
HZfSWm4rgRE,Standard,0.0
wBt3UOJWW7g,Standard,0.0
p9VgweZdxxg,Standard,-1.0
-LzhiA0BqIU,Standard,0.0
T-_aoKN2beE,Standard,-1.0
C1DN6XVI1G8,Standard,0.0
HkbyowM0Uxk,Standard,0.0
V7wOymY04bY,Standard,0.0
YKSc5lQ7R7U,Standard,0.0
fQYtTC7k1PE,Standard,0.0
Hq58YkYJ2qk,Standard,0.0
u7hEife8fX4,Standard,0.0
Ha8ArPzlThU,Standard,-1.0
_b9f0sNqfFQ,Standard,-1.0
igKWVIoV1hI,Standard,0.0
fRWndxSWjbg,Standard,0.0
xUYxUUs51WI,Standard,0.0
eDj9Kfw1coY,Standard,0.0
EGzGaozEpt0,Standard,8.0
OdnCzUey2vk,Standard,0.0
swfGxsaLgsM,Standard,0.0
_1Lky-ksUrY,Standard,0.0
pJkU3lUdO3U,Standard,6.0
x1ycYQIbLGk,Standard,0.0
OCKNj75O9Dc,Standard,0.0
99ofedmJBiM,Standard,4.0
sU2vuTkypSs,Standard,0.0
U_2xi873B9c,Standard,-1.0
Iht8YWk-iT0,Standard,8.0
uJGe0UFE3JA,Standard,0.0
uYgMyg7QNOY,Standard,0.0
hdKA0eoS5bw,Standard,0.0
JxuUAC6lVLM,Standard,-1.0
efqt2QXhVhw,Standard,0.0
v5oEuues33c,Standard,0.0
0DapFf8pAto,Standard,0.0
B8Obzjc7yto,Standard,0.0
1EIA5IWD_dw,Standard,-1.0
YssBXKrg1Zk,Standard,0.0
n83LH8LAAK4,Standard,-1.0
JOaSXI9ssdQ,Standard,0.0
-0mfY2FOX9E,Standard,-1.0
-8EASSFyNc0,Standard,-1.0
fWa8aUgRxRg,Standard,0.0
sAPBD-yVUds,Standard,0.0
-D1VuYzgS0k,Standard,4.0
9lWFv41qKI4,Standard,8.0
Pldhjn-sj68,Standard,4.0
X4Fr2Ktkvww,Standard,0.0
kAKI1rnM7R4,Standard,0.0
GEtWNWhdkWo,Standard,0.0
e-vMXmOQVHk,Standard,6.0
3Et0ulanUOo,Standard,0.0
ZKwVpLFwd_o,Standard,2.0
yFQFHcoQKEs,Standard,0.0
CLg8gZpvkww,Standard,2.0
pFbiUMjjhyE,Standard,-1.0
KH8JbvBkcZ4,Standard,-1.0
-qezKhjmIzo,Standard,0.0
ihQnwmMBveU,Standard,6.0
i7isTL545VU,Standard,0.0
gbJi7IFcP_0,Standard,4.0
ofrSvTBl5tA,Standard,0.0
0K9PMn9VON4,Standard,0.0
cbQHFVY4WPQ,Standard,0.0
S7QH_ptTErw,Standard,0.0
wab1OOgVr8Y,Standard,0.0
t3I7PrrVY30,Standard,6.0
87Cf8YDeunI,Standard,6.0
k9Xiq6uFTRg,Standard,0.0
GcchVRnB8Eg,Standard,8.0
S9AiC2sxtAc,Reaction,8.0
hSMbgBghwHg,Standard,0.0
-q-D-V5GNjE,Standard,-1.0
LU6p9q63Llo,Standard,2.0
Yt3N5nbmsys,Standard,-1.0
7MKp8jvfpmo,Standard,0.0
KEcohR0mRjk,Standard,4.0
cdkP-W2AcDk,Standard,6.0
zJ_Bo-AyHZk,Standard,0.0
0iGA00PpO0s,Standard,6.0
amKj4H6rKNU,Reaction,6.0
DsbEMlmDYrQ,Standard,6.0
sukigyHK9zI,Standard,6.0
UQ1wFj0wzwg,Standard,0.0
sXifgHfvJj8,Standard,0.0
dyAZxmYWtYY,Standard,0.0
KNq2GSs9fKA,Standard,-1.0
o-t4l4iGS5E,Standard,8.0
1V_mZH86Z8Y,Standard,0.0
b4VnrsJvYvQ,Standard,-1.0
8TlDp_Iiueo,Standard,0.0
An_qtS2uspI,Standard,0.0
pFbZwUuHVpY,Standard,-1.0
FdNG1PJaUU0,Standard,0.0
Kom6SeXWC7A,Standard,0.0
81-Eb6cP9Mc,Standard,0.0
oYidmgLSEr4,Standard,0.0
s0-RSPwD4yI,Standard,-1.0
ofTAAQzMVRQ,Standard,0.0
fJE_v7OnvsE,Standard,-1.0
Rgy907Crf4A,Standard,0.0
t7DUAm0qyRs,Standard,0.0
RnT1mUbyyL8,Standard,-1.0
oR4xrjTWT9w,Standard,-1.0
EG7c0ilJYdE,Standard,0.0
xMmeqlby9go,Standard,0.0
PHV4qdXcFFI,Standard,0.0
BlriNz9woQ8,Standard,0.0
g_3UwkjTSjc,Standard,0.0
7yyo1PszGJY,Standard,0.0
hmzS-rx4fqY,Standard,0.0
EgeE1v3TBQY,Standard,0.0
_YK_vNXFHBA,Standard,0.0
Zmvehf8EKzM,Standard,0.0
RStHyiuyJz4,Standard,0.0
HZwW1n_OUVg,Standard,0.0
hQaQt9RTLFg,Standard,0.0
3s7LRESHkr0,Standard,0.0
RYgw7NWiL7o,Standard,0.0
tNYhfbbDI64,Standard,-1.0
w-ivnWrmacs,Standard,0.0
pjSm5selkM4,Standard,0.0
75I5SQ4P6zA,Standard,8.0
OtSCMtya9Ho,Standard,2.0
cn0QHn1UGuk,Standard,0.0
6nQjMvaplA4,Standard,0.0
1DS6AeMxX78,Standard,-1.0
ZHLAQIRqNLQ,Standard,0.0
Q-sq5emzmGE,Standard,0.0
YKftSqFjBHo,Standard,-1.0
cRovxVSR79g,Standard,-1.0
3yA6IJrAS3Q,Standard,-1.0
F7rIeeKh1rA,Standard,-1.0
qO28gH8zQIo,Standard,0.0
Ftqy5Zu2tWM,Standard,0.0
PAH5-CH_I64,Standard,0.0
spwE-QGT7Qc,Standard,4.0
IwPZTHQ7DN8,Standard,0.0
y0ZJANMEt6g,Standard,0.0
YFicfvrdoLA,Standard,4.0
_VDZiSUYNGs,Standard,0.0
u0K-7JTosEM,Standard,6.0
KRm6b-AQshU,Standard,0.0
CiH_-Y0YsGU,Standard,0.0
SqsDjY5G-lw,Standard,0.0
qkzHYy1XZUA,Standard,0.0
8Ws3NuaIk-w,Standard,4.0
BVJDsm5ABwA,Standard,0.0
CLAe9fD3iY8,Standard,-1.0
FR3uY9oQ6M8,Standard,0.0
7g9FG93R29g,Standard,-1.0
DebqVcRabRU,Standard,0.0
bXqrrkbKjCE,Standard,-1.0
se64X-vUPp8,Standard,0.0
-mwpbnDvjjY,Standard,0.0
r_cpPTTvi1A,Standard,0.0
ENBmBYhT_OY,Standard,0.0
bvOzK324eGI,Standard,0.0
QY2_YTVNOAY,Standard,0.0
UkgpTjryhHM,Standard,0.0
68RFNxc_9O0,Standard,0.0
48SBMUvOPcw,Standard,6.0
jeRJT0GSgKA,Standard,-1.0
0W28Yl0-YJI,Standard,0.0
WU7faWfPLo4,Standard,0.0
tRlAWa2qfvY,Standard,0.0
A6s8VNGwSOc,Standard,0.0
vgZciB18nEU,Standard,0.0
f7qQ_35iUDQ,Standard,-1.0
CMP0txEzwKQ,Standard,0.0
j9h2E7vylE4,Standard,-1.0
cE-c9G7VT1M,Standard,-1.0
qF3hNRODJT4,Standard,6.0
39kEfzrhYYA,Standard,0.0
ebYdUjrMTZQ,Standard,0.0
Mo3HvWm2sSk,Standard,4.0
i5AU3zx6nvA,Standard,-1.0
FFF8CG0C_uk,Standard,8.0
GLnQj0dPGg4,Standard,6.0
TwmKCeZHYhs,Standard,-1.0
1WH0-ktLpnw,Standard,-1.0
rEHUTzRJg4A,Standard,0.0
XowITjzsOvk,Standard,8.0
USc0xN3hlKI,Standard,4.0
QLMB8KmpFZU,Standard,0.0
7OCnVmLwtRA,Standard,0.0
V3A_s8BJIo4,Standard,4.0
ISt9lky4Cao,Standard,0.0
JR1IUmPcQjg,Standard,0.0
597PeuMzEZ8,Standard,0.0
ZCZZXgFNMYQ,Standard,8.0
Qv8-c30hH3E,Standard,0.0
OmEvdpN6MkE,Standard,4.0
_8a13oWq00A,Standard,6.0
IMsUl5O7qVk,Standard,0.0
IS8n64bci5U,Standard,0.0
PXNOIc5_1xI,Standard,-1.0
UJ3bxk1oKCI,Standard,0.0
GzOLIaQMIPQ,Standard,0.0
Y2ZeTdFK4dU,Standard,0.0
8vCxZy70ZiY,Standard,8.0
fjYIXFdTQgg,Standard,8.0
Q-wxr_XiyNE,Standard,-1.0
bJPpfw9BUVo,Standard,8.0
1AdrfjUraSg,Standard,0.0
CR0U4r08D94,Standard,0.0
TtxePRTlRyg,Standard,0.0
c3QvKqKyGm0,Standard,-1.0
RGNesxwmda0,Standard,4.0
K2nG1JTGCf8,Standard,0.0
dKJxpqudk_k,Standard,0.0
4c8ApeMgwLo,Standard,0.0
uN3gZmjUxLU,Standard,0.0
ZRU7jKOb3qM,Standard,0.0
N3qXahNrIpw,Standard,0.0
UvZJ6t0JH50,Standard,0.0
cjKuXgLXZq0,Reaction,6.0
YmADhu5T1vc,Standard,0.0
G9KzqbC65fo,Standard,-1.0
YAIaHc4SPGM,Standard,0.0
iEsJD4h5Lng,Standard,0.0
HNHRR6UFnww,Standard,0.0
LtdANYoLg7U,Standard,0.0
7NXpm8fohxk,Standard,8.0
ffM36MJzGrs,Standard,-1.0
jel2dn-hjWw,Standard,8.0
TqhYyNCkcTw,Reaction,8.0
FWmMtng34mM,Standard,0.0
rUO1lVJTN0A,Standard,0.0
6FLBG78xAzs,Standard,6.0
gVvEMg1VjDo,Standard,4.0
rr42eQYYjbQ,Standard,4.0
4F2JH7seN7E,Reaction,4.0
F0ByQdsW_SM,Standard,0.0
3NSRwoZ64uA,Standard,2.0
tpyXqkIYRhU,Standard,6.0
14_O8TBD4l4,Reaction,4.0
UjfT5_8spOc,Standard,0.0
T710KxoGWZ0,Standard,0.0
qWbexUCoAxg,Standard,-1.0
3glhvVP_Kz4,Standard,0.0
nizpbo0W6d8,Standard,0.0
fUrSGzBeq14,Standard,0.0
jzA3MdGS6Ww,Standard,0.0
ue-HvOXkZXg,Standard,0.0
oN3zO-8xkSU,Standard,0.0
dZgufFMWlXM,Standard,0.0
GGtJuEEOhLA,Standard,0.0
y0w1kr2O_x8,Standard,0.0
6VEx-dHDLcE,Standard,-1.0
fgq7saD8tvo,Standard,-1.0
j3YuIJrd7Uo,Standard,0.0
-gyyc6KYJ-E,Standard,0.0
yjojZq3ZEPo,Standard,0.0
yNx01ASJS0Q,Standard,6.0
3W9lIoXiRmw,Standard,0.0
vo-cYJGFFaU,Standard,0.0
EKGOXszBvTw,Standard,0.0
Zf9rm_OmHog,Standard,0.0
KnqP7jGvxHA,Standard,0.0
rCB_Qb9FZPk,Standard,0.0
5_aaSQoRZhI,Standard,0.0
rCF7p538jBQ,Standard,2.0
lwihiYBmi9Q,Standard,0.0
vuDYvHCXP2E,Standard,4.0
bbgQLvadlYE,Standard,0.0
H_jqvMElB3o,Standard,-1.0
BXJDTaQWRCg,Standard,8.0
5_orYTtcouI,Standard,6.0
8wOUZjaD2zk,Standard,0.0
fuRBECyYUyA,Standard,0.0
Vfas-jjZjl4,Standard,0.0
iuMaa6xgiPo,Standard,0.0
trzBbjKMf0M,Standard,4.0
we2gYtKFAsg,Standard,0.0
rra7Hw2XIEc,Standard,0.0
u3u4-9s0-1s,Standard,4.0
Av4TeF75CMo,Standard,0.0
ApJFTnKtYe8,Standard,0.0
RmxoTx9bkD4,Standard,0.0
qhwnzmyd7Lg,Standard,0.0
BujTLoAMXiM,Standard,0.0
NtMIWTApPwQ,Standard,4.0
W4b3mL0mNEc,Standard,4.0
-a5qOcKnP_Y,Standard,-1.0
l6gctOlJEu4,Standard,-1.0
dtnH5m0MmcI,Standard,-1.0
rwSLV3dW1Ts,Standard,4.0
1BxHHUkl6Rw,Standard,0.0
4zvtKsRmlGE,Standard,-1.0
MLDb9To_VRM,Standard,0.0
_G2VXvcpeSQ,Standard,0.0
1O3FEP1zC80,Standard,0.0
oYRAIbTHa1g,Standard,0.0
gIGZIRvA6Y4,Standard,0.0
H2xXQtAtcvo,Standard,0.0
3L0tECaHl84,Standard,8.0
-P5wVa-CUoY,Standard,0.0
H5orjg72h14,Standard,8.0
HrOkqyva0m8,Standard,6.0
pblzGdhQEGg,Standard,8.0
db9taRWVXlM,Standard,6.0
nt1kb2xpV7w,Standard,-1.0
qexapzMhABo,Standard,0.0
D14WpMYVteQ,Standard,0.0
58QFjJs7l0U,Standard,-1.0
x2bqZnUrWds,Standard,0.0
I4caX0ZXRsM,Standard,0.0
WtlG4yq4kKo,Standard,0.0
sxxJdLxG2cA,Standard,0.0
azHwK9EVRjE,Standard,0.0
HeDdhcp2a4k,Standard,6.0
BzotFIdA2-0,Standard,0.0
iNfWximFDp0,Standard,8.0
zz5xsAqM26s,Standard,0.0
sLtxC8hyXSQ,Standard,0.0
Oxn3gjPHWz0,Standard,6.0
LxqT5EGLyFk,Standard,-1.0
iWqBC6PKZi4,Standard,6.0
yoh4DyAG4DU,Standard,0.0
hsq7Ka_U35E,Standard,0.0
aZXuVW6ec1Y,Standard,0.0
hFqAd9gcWnA,Standard,0.0
mrtk9bTWeCI,Standard,2.0
5agmAVQcLcE,Standard,4.0
KmTiTWRyUQ8,Standard,-1.0
PX-V1vUf47E,Standard,8.0
_yj8So7U1Uc,Standard,0.0
qg0IEpNRLx0,Standard,0.0
oSsutWjFrVE,Standard,4.0
p2Og_v88Zy4,Standard,-1.0
YgjIukCt950,Standard,0.0
csTeB8QjtEk,Standard,0.0
Mj2E0OSlIDM,Standard,2.0
M0PbriTdYw4,Standard,4.0
1pNusGmFfLU,Standard,0.0
wVGJLE2Q0-8,Standard,0.0
USrT8ovYMa8,Standard,-1.0
wOQq2hF4fiM,Standard,0.0
Xr8olvRfeKc,Standard,0.0
bTrtWEnsi8M,Standard,0.0
WfESrA9vg6M,Standard,0.0
E4mzi9pqY78,Standard,6.0
Ii_sljYf4J4,Standard,0.0
MiEDlqbJ1b8,Standard,0.0
jOaYEOIMGvU,Standard,0.0
dPu6aAtkO5I,Standard,0.0
NTXa2GMxSlY,Standard,6.0
EZzQtfrF4Sg,Standard,6.0
cQADgwlpltM,Standard,0.0
xVLM2HENSmU,Standard,0.0
UdK5c_4xbtc,Standard,0.0
ayDcAFG4DR8,Standard,0.0
leq03eKxGnI,Standard,-1.0
bvYt7j-Cv2w,Standard,-1.0
9x9utoggxrs,Standard,6.0
UJo7jWpd7MQ,Standard,0.0
CvieDgNuoOs,Standard,-1.0
hBhdLr06HFE,Standard,0.0
SMVHFUIKiiY,Standard,0.0
FuczBy1eG0E,Standard,0.0
7T4vn6fNyCw,Standard,0.0
2NUbeahOdwg,Standard,4.0
DdB6efpwlOE,Standard,0.0
edb6W5RWtBw,Standard,-1.0
JAra4wjTMBA,Standard,0.0
yoZibDiYoCI,Standard,0.0
ht8E_DT3y_o,Standard,4.0
df3aBnprPJI,Standard,4.0
72mGLlNO3u0,Standard,0.0
I3XQkoqjN8U,Standard,0.0
z9SE2KUFWmk,Standard,0.0
BDp_KoQMJVU,Standard,8.0
OIMNfhSDKic,Standard,0.0
YnR8duL7K88,Reaction,0.0
XC37WJtCWEY,Standard,2.0
pABFfjxG7wI,Standard,0.0
e_effu6nZ7c,Standard,0.0
uSb6GRi-TWs,Reaction,6.0
GgsxbbDqvXI,Standard,0.0
UJ5qdHLJM0k,Standard,0.0
-DgB6y8ohXQ,Standard,-1.0
EV1h_cf35_8,Standard,0.0
yLG0_QMTB-4,Standard,0.0
ors4Gu0HwAU,Standard,-1.0
56GHf7cAPwI,Standard,0.0
UAhAD7vXrdo,Standard,0.0
rZyvSQa5M8w,Standard,0.0
3iodaED5Mqc,Standard,2.0
5tfdOBgs-mA,Standard,0.0
UhMWrbiKGao,Standard,0.0
ewpzawKc4pI,Standard,0.0
I5jpfG6fCuA,Standard,0.0
vyn_fVGNES4,Standard,0.0
jbZpBANHEoA,Standard,-1.0
vB71ClBDBEA,Standard,0.0
hDL7gGpfkU8,Standard,0.0
FLEMc9C3Tws,Standard,0.0
20TmpJulW4I,Standard,0.0
WW4qLvprX-A,Standard,0.0
zm74qOggqkg,Standard,0.0
OamgNAEFKVQ,Standard,0.0
e7oizBkKoMA,Standard,0.0
EFE3bEcLQHM,Standard,0.0
BIEG9aAsIJ0,Standard,0.0
sgSfkrZO6fM,Reaction,6.0
l-eNKl1zfYg,Standard,0.0
dt9L8rwXOUY,Standard,-1.0
BHMZc4yCURg,Standard,0.0
w7mybGVbwvA,Standard,0.0
YiLW0iDrBEE,Standard,0.0
otNahIAUpzU,Standard,8.0
ALXcpgsFloU,Standard,0.0
0LT0Intn6hs,Standard,0.0
HDGtmdL0pbE,Standard,0.0
g6RUyo_PPOQ,Standard,6.0
3HReN8N3RaQ,Standard,0.0
J5vGjqkbj14,Standard,0.0
cVkoK5bYkfw,Standard,0.0
T6zmMcuzobA,Standard,-1.0
qwp-D3MPo38,Standard,-1.0
gikfNt4L6Jg,Standard,0.0
2KLLlt55A50,Standard,0.0
3XkKljvw99k,Standard,6.0
24XYpPsNt3c,Standard,0.0
TdSsasU4-5g,Standard,0.0
BL7eZnxgA5M,Standard,0.0
5WrL5yp2Jf0,Standard,0.0
CeYD7zQEstY,Reaction,6.0
qKNKFboaSFo,Standard,-1.0
ulK88vcgaB8,Standard,8.0
0U2Or5VuY_s,Standard,0.0
m9MI66JLF0o,Standard,0.0
k5WCXAeYGv8,Standard,0.0
-hWehCkoQrM,Standard,0.0
dRBSxYmgw6g,Standard,0.0
OAyc7hAcVZM,Standard,0.0
ABibiaYjPko,Standard,0.0
AAO0vH9P5UY,Standard,8.0
fe8nInuANmM,Standard,0.0
Lfud-POYxq8,Standard,0.0
Ra9ndUGNBUE,Standard,8.0
Z12gYhJNyhg,Standard,0.0
t7La-TqHJXw,Standard,0.0
q_E550toIIs,Standard,-1.0
ZaMGxvD9g0U,Standard,-1.0
CMwCJ4qabrA,Standard,0.0
edhsui_V_vE,Standard,-1.0
fO_c0gBFBv4,Standard,0.0
woHIloPLvlI,Standard,0.0
2aGYz9wWnig,Standard,6.0
UDljFy3doy0,Standard,0.0
EblIi_R4GAs,Standard,8.0
pTV8-YoJMKk,Standard,0.0
PWd5h9hBKs0,Standard,0.0
Cd0K3rCgAXg,Standard,0.0
jCgrcYtUjh4,Reaction,6.0
OhHLtA2Y-xA,Standard,0.0
g3w1baLhNO4,Standard,0.0
4Dh3pae7CqE,Standard,0.0
E0sVnz9hX2k,Standard,0.0
1NzjtdmgDGQ,Standard,0.0
rg-FMr5aSDQ,Reaction,4.0
B92iuKuWlzE,Standard,0.0
UAOjAVTXJjI,Standard,-1.0
BeM_scLK1ps,Standard,6.0
gnEsyEJGcQM,Standard,8.0
vOau7-FpM_Y,Standard,0.0
EflLN1ZAbXk,Standard,4.0
dTtTS6dfPyw,Standard,4.0
QxGWAe6EpdM,Standard,0.0
uSfBogNJcK8,Standard,0.0
6gF2ELg-W50,Standard,0.0
7zX0fSY6lpU,Standard,4.0
2AN9fDKeGMg,Standard,0.0
-Er682oAet4,Standard,0.0
ZLLMCOOlNWA,Standard,0.0
EVjj2UgFAdY,Standard,0.0
e-B_3PbdKQk,Standard,0.0
CCNY3XydEK4,Standard,0.0
8pV_zHbqwHs,Standard,0.0
EhY108-s1ys,Standard,-1.0
7OXI6jQ8uj4,Standard,0.0
H-3gBUFVYd4,Standard,0.0
j6a1SgmkscE,Standard,0.0
Ne43yhcWQPU,Standard,0.0
SxaT7sPzHIs,Standard,0.0
yOyPImblIPU,Standard,0.0
eM8zti7yCq4,Standard,0.0
ktuo-yYH3oI,Reaction,8.0
v0-duQnjvy4,Standard,0.0
0AXJwuNID_w,Standard,6.0
LlqCLyCgw8Q,Standard,0.0
lplZM9eSfCc,Standard,-1.0
wZoFY-TW-C0,Standard,0.0
A7e11eZZ0uY,Standard,-1.0
Yvd3Q3KWsvI,Standard,0.0
4NGi-EsG-jo,Standard,0.0
eqtMESSDeFQ,Standard,0.0
K3WNkEW1VU4,Standard,0.0
COz_ZiqLSw0,Standard,0.0
JajVGrgHtsE,Standard,6.0
WHvyPV1IPkQ,Standard,-1.0
4XqJ02IftQY,Standard,0.0
MCb7kMNNH8Q,Standard,-1.0
iPl9yXaZ6zE,Standard,0.0
-v-B9usz48w,Standard,-1.0
k-6ZyE5Hac4,Standard,0.0
sMd4ZsRZ5Co,Standard,0.0
-G6MdDBTcWE,Standard,-1.0
vSNMj3UgMWo,Standard,0.0
7tR4WDj-4sY,Reaction,8.0
sIpCuOEBSf4,Standard,4.0
9p-0PGdp3GA,Standard,0.0
Q9EhyXBAI0g,Standard,0.0
mRuJp70P060,Standard,0.0
-XWlwqMAFv8,Standard,6.0
xWrqCzGY8fU,Standard,0.0
nGKZrsCWYgU,Standard,0.0
oRuPEy6ODwo,Standard,0.0
bHmY5ztaJmg,Standard,-1.0
E9wiMbg6Vzs,Standard,0.0
xw0pRUqjAEY,Standard,0.0
Q7ogsuhoAoY,Standard,-1.0
7p3qIKjoGNI,Standard,-1.0
RF08tfrMP2c,Standard,0.0
jymhpjY2UsI,Standard,0.0
jZUqlpYHNNk,Standard,-1.0
GaotPJVNho8,Standard,0.0
Ni-SW9qofuo,Standard,0.0
3XKQYVXfnk0,Standard,6.0
h4aeCBXPEi0,Standard,0.0
pKGaxQok_6g,Standard,0.0
SdfcV5sij0w,Standard,0.0
lGrUUTAN1L0,Standard,0.0
GQHUg8FouOQ,Standard,0.0
PjWQoUki_xM,Standard,0.0
I-z5E3g6YHw,Standard,0.0
SOm5mxqGrSM,Standard,6.0
C_XgxaCi5qM,Standard,0.0
4TVhBUiP7UQ,Standard,6.0
6yc_wIWKqgo,Standard,-1.0
jaYYG_o2nak,Standard,0.0
mkL8fwKfQiA,Standard,4.0
Vw8EYbdJY6Q,Standard,6.0
kKJ-GcF4jBY,Standard,0.0
Hqorlf0JTf4,Standard,0.0
r540mYrRl88,Standard,0.0
kLm-p2PArSo,Standard,-1.0
Sh_p7Bxdeqs,Standard,0.0
RIXlRZs_w-Y,Standard,6.0
Efm4wHf8fM0,Standard,4.0
rZJdJ4ExAcM,Standard,0.0
BHuR7iUyhB0,Standard,0.0
UWja_CyWhaw,Standard,-1.0
rleTuHUvAO0,Standard,0.0
Zixrf6W90q8,Standard,-1.0
AaZ_hm-WCZ4,Standard,0.0
1jjbra5go-U,Standard,8.0
OkmG_ovG91Q,Standard,0.0
s68BronfMXU,Standard,8.0
AZzcquhDcN0,Standard,-1.0
-Q3g5V4HXb0,Standard,0.0
aiMJGc2t4BI,Standard,4.0
Ru8hjIfa5Rk,Standard,0.0
CIT8nYGV1io,Standard,0.0
uxIp8VU87oQ,Standard,0.0
K0CNCiEKG60,Standard,0.0
x-EPiUZjh1k,Standard,0.0
fEb1KUdhqrA,Standard,4.0
dMSjzoKauDY,Standard,4.0
VIORMz1QKGY,Standard,6.0
HHx5dOaXY8Q,Standard,0.0
y4Z-9VWtvqM,Standard,0.0
IO2AZ3SI__I,Standard,0.0
OOtK6dcR0vg,Standard,-1.0
CU-eXIOI69s,Standard,0.0
FBJh0wymoOU,Standard,-1.0
gI-_VAb_VXs,Standard,-1.0
kcYpqpi6w_A,Standard,0.0
RoCMBbjnW_g,Standard,6.0
ct6N7nqRvy8,Standard,0.0
nKu9hTT_z4A,Standard,0.0
02Z1DsGSLrg,Standard,0.0
gdw0yFXzpPE,Standard,0.0
R2Dl09CGHjk,Standard,0.0
xUGaDXL7S10,Standard,0.0
1sU9uq8rG9k,Standard,0.0
B-C59nlQ17U,Standard,0.0
RP24Y9kqIbo,Standard,0.0
zFrEE7aM5VA,Standard,0.0
dtf-CTf0cwo,Standard,0.0
Br2ohWhdqGc,Standard,0.0
idEatEtkU4o,Standard,0.0
8jO_f7ND9l0,Standard,-1.0
XYkVA6wDNbo,Standard,6.0
FM7Ddn5-XTE,Standard,0.0
nuj9DpkYbkw,Standard,-1.0
_ZrXuoK3iXk,Standard,-1.0
Cuy9joIlppc,Standard,-1.0
vavEQcBHkGk,Standard,0.0
_iaTU1FBF4k,Standard,0.0
opxghKpaMXo,Standard,0.0
yVZeHa7wTrU,Standard,-1.0
6udhE5F-Yrw,Standard,4.0
jfo2n3jCCfg,Standard,-1.0
ZCvN7QoYD2w,Standard,0.0
PpQNA7BjPNg,Standard,4.0
PoBmMVCMcS4,Standard,0.0
k4UilzW-lNU,Standard,6.0
9UVhSPgk9DY,Standard,0.0
hq-IMWAp0kE,Standard,4.0
SdMzI-1N7hE,Standard,0.0
P2uAXWMurB8,Standard,-1.0
uREn0-6JS_Y,Standard,0.0
bs0X8Gaa-qg,Standard,-1.0
1QyhFfGyIx4,Standard,0.0
pEmAwuCVFbo,Standard,0.0
xwQWf6xlLHQ,Standard,0.0
76yijLLwZMc,Standard,0.0
KgWj8bEoEnE,Standard,0.0
3wGpclouzHo,Standard,0.0
lQDo6ZTi__o,Standard,0.0
lbWdH913bGY,Standard,0.0
g20DoY6lnYk,Standard,0.0
uI5QbIFziNA,Standard,0.0
NxZ3szJdy80,Standard,0.0
vnUutD-dAR4,Standard,-1.0
BWXCBQGaXAg,Standard,0.0
d0aVt3bkXHQ,Standard,0.0
vDJwJhmmxSY,Standard,0.0
A4Emr1jCCkI,Standard,4.0
8iOpzlcREVU,Standard,0.0
3zI5EqBNTYg,Reaction,8.0
_-G2MbooakI,Reaction,6.0
k_w5oOqER1o,Standard,-1.0
tMxl4WGEusI,Standard,-1.0
_oBCr4knk1s,Standard,0.0
XpJL1LlHcjU,Standard,0.0
CQsIN76kXjQ,Standard,0.0
uldVNnncQ9w,Standard,-1.0
sY65Rm_FZrg,Standard,4.0
NcpRGrQJIU4,Standard,0.0
nx4ax2jylt0,Standard,6.0
a60Lpmb3-VA,Standard,0.0
euVLzPY5Fjw,Standard,0.0
LXj1IVvrT80,Standard,-1.0
IpWY2pjdTf8,Standard,8.0
op_6ztt1zTg,Standard,6.0
jCWcTmzcjMQ,Standard,4.0
gu-blZQbcxU,Standard,0.0
BhmtSu052VA,Standard,-1.0
pNu8yQ__QrU,Standard,6.0
xgDeBGAQYe8,Standard,0.0
LniXEJ8WwQY,Standard,0.0
JScFK8y0zu4,Standard,4.0
vMfIy1gz-FE,Standard,0.0
1U9j91JhfzU,Standard,0.0
ToAltObkNzk,Standard,0.0
cHt6vB0Qato,Standard,-1.0
cBb0LldLiaY,Standard,-1.0
M-BxVJ9dL8M,Standard,0.0
UdiL0MPk9q0,Standard,0.0
fPqN915dYoE,Standard,0.0
JKQLGrEvwiE,Standard,4.0
CtB6i20AlIE,Standard,0.0
1h0RKNGUk8c,Standard,0.0
2VhZ0Z83Eho,Standard,8.0
KdsVjIc30NY,Standard,0.0
0JTcTc35qLg,Standard,0.0
BvW_O9qGLvE,Standard,0.0
aIh9hl0XCpg,Standard,6.0
ZehVEPEIyo0,Standard,0.0
nhNgMLS33Ck,Standard,0.0
GzCx6wIVme0,Standard,0.0
WDxRgT8USxw,Standard,-1.0
AjpbcylRN6I,Standard,2.0
lccJHkkmHwA,Standard,0.0
EJd2fetwHxc,Standard,0.0
sPYHv4iQLYI,Standard,-1.0
qzh7vYZGv2U,Standard,0.0
i5NlWBlLoSU,Standard,0.0
8tKlQx89Kik,Standard,0.0
d3b5IPO9ni4,Standard,-1.0
5Oc802QKsGw,Standard,0.0
LWRXZtj3z2g,Standard,8.0
4qvwJ6kKNAU,Standard,0.0
nMLsMC-ZQr0,Standard,4.0
ts8mfWHSvw0,Standard,4.0
thdUiKLjzLM,Standard,0.0
Ia7NYrfviEw,Standard,0.0
TP8jXG6aXQ4,Standard,0.0
zFnL03YS74k,Standard,0.0
5K7rDO5mbk0,Standard,0.0
VktbkZcf1HU,Standard,0.0
7RQlQJeKNnU,Standard,0.0
8Asg534zduc,Standard,0.0
d2k_y1xhD94,Standard,0.0
dI3E4_W1iTg,Standard,0.0
5w6hk9y-jk0,Standard,0.0
9ReVHDk6nrY,Standard,0.0
2ymbQdoFUug,Standard,0.0
nROh-eVDIzk,Standard,0.0
F2gu8uVyzzg,Standard,0.0
ruEPGxGVsRY,Standard,4.0
SiaHg6PyFEo,Standard,0.0
sSeyq0vCfQk,Standard,0.0
yS34lRteGdw,Standard,4.0
vi2g6RPQGM4,Standard,6.0
9SoPatFkpfY,Standard,0.0
eAW6VFmJ6Tw,Standard,-1.0
vXjELGYbRHU,Standard,2.0
XuFZBuhtFYA,Standard,0.0
TK4ry8VzD18,Standard,0.0
A3d8BY7oAI4,Standard,0.0
Z6C9SxuuanI,Standard,-1.0
WpH6AzOaQaU,Standard,0.0
Tfh-IskuRsA,Standard,0.0
HzHYlzB2pCk,Standard,0.0
8Fa7Mysi6NM,Standard,0.0
yiOB4-umWFU,Standard,0.0
I0RKVohgMT8,Standard,6.0
pXWmv96nLII,Standard,0.0
_njnSuAfVAI,Standard,-1.0
3yqqg9MPBNk,Standard,0.0
xGHZDp04YwI,Standard,0.0
hvUa9-figug,Standard,4.0
hhi-0W0XHGc,Standard,0.0
PRpBXXawfOw,Standard,0.0
fJc_nG_BF8w,Standard,0.0
_3lbgqDXD4M,Standard,-1.0
UiEqQlQw3CE,Standard,0.0
06krr_hjbDc,Standard,-1.0
DLVivdENnWI,Standard,4.0
bDyeNOXxqHI,Standard,0.0
BdrWsvL-1hc,Standard,6.0
JmJdLi90dDk,Standard,0.0
zF2MRvKxqCw,Standard,6.0
Kem1hAlxC40,Standard,0.0
grycXqsZHkE,Standard,0.0
9Ims3_2UYYI,Standard,0.0
wYGKWL1ONB0,Standard,-1.0
O3aLBkflF7I,Standard,4.0
IukzN1Yz2IM,Standard,0.0
OenWwH2CjQ8,Standard,-1.0
T4Zj498Miis,Standard,0.0
a-ANxyOB2vg,Standard,0.0
LCISMm6GALU,Standard,-1.0
PGyOf7PaHQQ,Standard,6.0
2RNE53aPAFo,Standard,0.0
dJ7qSdB81AA,Standard,0.0
yZG-dZlgaJ4,Standard,6.0
T2l38AwNucw,Standard,0.0
u0kSi72fTD8,Standard,8.0
wExsbX9qXrM,Standard,0.0
PTFOf2dju1M,Standard,8.0
CRBA1lTji_g,Standard,-1.0
19lqhzQind0,Standard,6.0
I2CrVGyDKlk,Standard,6.0
aqzlzfXUeH8,Standard,6.0
HmuFrLCqztk,Standard,0.0
A1a2zsiNQaM,Standard,6.0
0UbScNb7uuQ,Standard,0.0
WnxQG65-IIE,Standard,0.0
peUrirsdjnM,Standard,0.0
z6XbIhKUkwc,Standard,8.0
W-b91jBHUhA,Standard,-1.0
33ff8gmcIdA,Standard,4.0
DZXD8excKpw,Standard,0.0
cAXmgxncEdI,Standard,0.0
EoMPT5rOVIw,Standard,4.0
GZicZYAei8E,Standard,-1.0
UQaDj4mHDe0,Reaction,8.0
5VZsaPExROk,Standard,-1.0
w5-FcvcId9s,Standard,8.0
KJulQVASpww,Standard,6.0
emrtvcU-HWE,Standard,-1.0
dgpz74teNww,Reaction,8.0
BLp4L45AxDQ,Standard,6.0
eRBsyS4-kkg,Standard,0.0
abU27Z-CIdU,Standard,0.0
Ayq10Hggve4,Standard,0.0
W24hE19IK2I,Standard,6.0
9iViDURaxLA,Standard,2.0
LwU06Ai0sl0,Standard,-1.0
u0NSgBVdABo,Standard,-1.0
rTXI5Cb3AcY,Standard,0.0
d1Lem0Yo80o,Standard,0.0
umn517BFoLg,Standard,0.0
XjGj24wLJKA,Standard,0.0
Iu8FG1XZMcg,Standard,0.0
MQK3CZwcMn8,Standard,4.0
yz_Jf55WNnA,Standard,0.0
aFArkM5VoPk,Standard,6.0
yWcATc_-hFc,Standard,8.0
DwRxG2EY5MQ,Standard,6.0
hhr9dkBDceU,Standard,4.0
lTnrBJE7Nfs,Standard,0.0
sPKL3g1_-q0,Standard,-1.0
y4b7IxT6Yn4,Standard,0.0
0M9J169TR9c,Standard,0.0
1Idld7VC9pk,Standard,0.0
S6wJFdTx3i4,Standard,-1.0
xnKMT6hfjR4,Standard,0.0
AmAA39Nh0_c,Standard,-1.0
ouPm0ha52PA,Standard,0.0
6Meh1-Eabts,Standard,0.0
pmU8gXMCXxY,Standard,0.0
QpxVyyH4zIs,Standard,0.0
FC2JViAxFao,Reaction,6.0
PjpzvIzkaZw,Standard,0.0
aZ3GfTpi7d0,Standard,0.0
Pc4AEt8AxxQ,Standard,6.0
UBoDCc11p7g,Standard,0.0
yuLizDKGqmI,Standard,4.0
A7-sWoCPJjU,Standard,-1.0
bNF-lj0L7l8,Standard,0.0
yNx621aTJmY,Standard,-1.0
9qJ0X5mn0kg,Standard,4.0
UrrltJvAanQ,Standard,2.0
9KMfVOglpWs,Standard,0.0
PaFOJltwmaA,Standard,-1.0
mlJrRmpUZ8Q,Standard,-1.0
CSajK4ENpqA,Standard,0.0
Nihg-ZYzhy8,Standard,0.0
ZdfONq96-7U,Standard,8.0
JmGqceD7P8Q,Standard,0.0
Sz0y2be7NOg,Standard,0.0
r_YcpTuzc4s,Standard,0.0
O-2Unha-HLM,Standard,0.0
tavU45SvkpQ,Standard,0.0
FFtdV80gnzc,Standard,0.0
9j00uIuyRc4,Standard,0.0
193ZE8U4fSY,Standard,4.0
Ei3ZbEfC58c,Standard,4.0
OvPPomAIFIA,Standard,6.0
HQ6kOA7lfjw,Standard,0.0
_WbQmAVWtZk,Standard,0.0
3MLQOZS3KRY,Standard,4.0
gB4V4l-Iirc,Standard,0.0
zsqzsku2aAw,Standard,0.0
pwA6ZLDaNBg,Standard,0.0
zJJj7xzBLoA,Standard,6.0
V5ajMn2D6Ps,Standard,0.0
ELhyyr8rmy0,Standard,8.0
yd6Rr3U87_w,Reaction,8.0
AvHr2LgWjt8,Standard,0.0
NJQoLxUrVQk,Standard,0.0
M-51Zr83uAI,Standard,8.0
zOQp1udl0-k,Standard,0.0
tu1HV-70PXU,Standard,0.0
cyrNvC3w-8I,Standard,0.0
25h3YpHfgxM,Standard,0.0
9tKA3Wc9e-U,Standard,0.0
g3oDsDemeC4,Standard,4.0
48W-gIrl4qg,Standard,0.0
LA0aW4lt20E,Standard,-1.0
Ir1pAUeEsmM,Standard,0.0
v6AgZZ8AAXs,Standard,-1.0
JMYSYhxsVSc,Standard,0.0
zlTiEa8LAhs,Standard,0.0
ZAnjvCZxZJM,Standard,0.0
5qKKu-bgjIM,Standard,0.0
O_ZrY_MRUe0,Standard,0.0
pfss8XqsaIE,Standard,0.0
x84Q6BPvaHw,Standard,0.0
CCMk9lKvEF4,Standard,0.0
uYGLgSSYKsI,Standard,0.0
E4IzmiXM4Lo,Standard,0.0
LPBaDIpRcT0,Standard,0.0
q5ObXD81QZ8,Standard,8.0
rigXCL0k6Ag,Standard,4.0
q8APlw2oInw,Standard,-1.0
ra6b_bONc6M,Standard,0.0
h45UCat6ZXE,Standard,0.0
67oAThn7jAs,Standard,0.0
_b4S90zdCxg,Standard,0.0
MDAvhkl-_9A,Standard,4.0
5tgixxJ8xWI,Standard,0.0
klyewd22xzU,Standard,0.0
q4zcluypIAg,Standard,-1.0
bTuKB3_F9uM,Standard,0.0
-K41JyRcSNM,Standard,-1.0
J1nDEDzimEI,Standard,0.0
H4TWWMtncUI,Standard,0.0
TcX8reC64Ww,Standard,4.0
vdD602tOqEs,Standard,0.0
G5080H_kumU,Standard,0.0
eGtNea-TYwE,Standard,-1.0
OQvWhJZAX50,Standard,6.0
3yHUUden3SI,Standard,8.0
kggxCFu8od4,Standard,0.0
XbMbTmVLdjU,Standard,0.0
Z-g05MUglUM,Standard,0.0
AX45xvox_4w,Standard,-1.0
GSxGnP09Z84,Reaction,6.0
fx2Tsnh3low,Standard,0.0
Kv_jfgSj3w4,Standard,0.0
MtUaQYrJvJU,Standard,0.0
80XLZfvYdOo,Standard,-1.0
L1sxJ0dNILc,Standard,0.0
9gb7bVZpImo,Standard,-1.0
-FjYEG8ZJ4k,Standard,-1.0
I2mt0a3N_Ic,Standard,0.0
vbJRZ45xD-k,Standard,0.0
PcGYHOokGpg,Standard,0.0
GBrk28k7kxQ,Standard,0.0
xiX0gxoTJ14,Standard,0.0
6F3_iR4OvB4,Standard,6.0
dSHq8Ps8Nrs,Standard,6.0
ebHhdhF7C1A,Standard,0.0
K-72T8tiUok,Standard,0.0
2egvYm7gw-8,Standard,0.0
DL3XC9bmFRo,Standard,0.0
ou2l2EMaOxk,Reaction,6.0
yZZrWOIKC-k,Standard,-1.0
sHUcAei4vf0,Standard,-1.0
YvR8jShgAqc,Standard,0.0
rN_QE8IywX4,Standard,0.0
dWKA87ZDvF8,Standard,0.0
6IKGOzg4UO4,Standard,8.0
6gyEu-VgG0I,Standard,0.0
QInKMk2JwPc,Standard,0.0
3VTEkd_4FO0,Standard,6.0
0XIaHLb2mLo,Standard,0.0
l2a31F4ckIM,Standard,0.0
pnGR0Mmhn7g,Standard,0.0
IL60NPz-eL4,Standard,0.0
-OyUWV4BXx0,Standard,6.0
zPnzUZe9olA,Standard,4.0
97qCQRmC8K8,Standard,-1.0
5Bp2969OVn4,Standard,2.0
Zr2zIulRNdo,Standard,0.0
_Xbiaa-5pFE,Standard,0.0
v0RSqWiCTzw,Standard,0.0
O_YCde-LqwY,Standard,0.0
X3fDNoDswUo,Standard,0.0
3FpxrLgCAOI,Standard,4.0
BHFLbjsFnzA,Standard,8.0
EY4MRnRVQLg,Standard,0.0
F9NDItheiA4,Standard,0.0
5L-0EyEChSY,Standard,0.0
LYc1_vtpPNY,Standard,0.0
iGVQ1EnoWAo,Standard,0.0
H0EvSrsLMP0,Standard,-1.0
dfKo5v42VuU,Standard,0.0
k2zJW2Junv8,Standard,6.0
UPOpjny_Hik,Standard,0.0
Xp_EKf3JqAw,Standard,0.0
B72IOOXTTFA,Standard,0.0
velHcpfgfWM,Standard,0.0
QWKaGDp6Z0s,Standard,0.0
2yG1G-dmIrA,Standard,0.0
m3VG9My6AW4,Standard,0.0
cfkxSYBLOIM,Standard,0.0
urhhWzd8zos,Standard,-1.0
lV-L0cdlGyc,Standard,0.0
GSCkFyFZlPE,Standard,4.0
F2XpOCUVn8s,Standard,-1.0
nJuZ1n1BPfA,Standard,0.0
olwt2CR6B14,Standard,0.0
G73VbyQ30RA,Standard,8.0
dkRVCjZlkRg,Standard,0.0
nZpwUE0KdFA,Standard,0.0
DoUWMkYZYF8,Standard,0.0
_RiDBZ5p0Iw,Standard,0.0
tqDrkdiFyS4,Standard,0.0
qb2SDdmDCxA,Standard,0.0
FXA3n2Ww03A,Standard,0.0
qr9Cl8ZYLRw,Standard,0.0
-u54K5Mp1-I,Standard,0.0
kTikFNbspiw,Standard,0.0
Mm7eBFiuua4,Standard,6.0
tXjosH_PEiA,Standard,-1.0
7ff5X_gpeko,Standard,0.0
snyb6nzajgA,Standard,0.0
GG7wKoENbEA,Standard,6.0
08FOoTZOOwc,Standard,0.0
NVO-U6tCacA,Standard,0.0
fuud3eyrdQU,Standard,2.0
OPrD0xoIeXA,Standard,4.0
fYuMqR6tT58,Standard,0.0
i5MZf6GVJqw,Standard,0.0
Syj82tZW-IA,Standard,0.0
c9-0TFeoqrI,Standard,0.0
1cBqBlUJ-Mw,Standard,0.0
HPssL10_IgU,Standard,-1.0
ZVa-Vn6l8lU,Standard,0.0
aNK11EiB0X4,Standard,0.0
8vmhs8EPpNA,Standard,0.0
6G14i_znrbA,Standard,0.0
gRst1oNtWKQ,Standard,0.0
ZoBRR0h5ff8,Standard,0.0
kwe8qoyKLgw,Standard,0.0
02xYW7smBPQ,Standard,0.0
8BB0q19s_z8,Standard,0.0
G5PBGkWIqz0,Standard,0.0
CcQzxE5fe9Y,Standard,8.0
UHczX5ve2V4,Standard,0.0
Jkk1UtpSgqk,Standard,4.0
NTdVJDcxR8U,Standard,4.0
nUnnSvTWQwE,Standard,0.0
OwZIZNaVHpQ,Standard,0.0
R9_LCsLYQ34,Standard,4.0
zBUXj9xfh2s,Standard,0.0
1afVfAlpkhc,Standard,0.0
5UqoCMb1KQw,Standard,0.0
8glhnj-l7TQ,Standard,0.0
pdHyz9dgIWI,Standard,0.0
_ySp3lEIiLU,Standard,0.0
NLZ7jQI6MsU,Standard,0.0
CabIj9E-YWM,Standard,6.0
a-aVt9_e_QA,Standard,-1.0
8zynuCMvyro,Standard,0.0
Sr7IUIgvD04,Standard,0.0
8SI5s3AoDMY,Standard,6.0
S7bGbBtalPs,Standard,0.0
9VswPnD89KA,Standard,0.0
WO73H1_Ktus,Standard,6.0
yRbFbOdvffY,Standard,0.0
NA5R_GZcdFY,Standard,4.0
Mn2yfTUsHTk,Standard,0.0
PVui_Ije9GU,Standard,-1.0
PPr3qLCkRyE,Standard,0.0
sh2ZTO5TMIQ,Standard,0.0
cDhMi2kj-Jw,Standard,0.0
TuAypGeseOo,Standard,-1.0
UCC1egDF0RI,Standard,0.0
3PDfv3zHWbE,Standard,0.0
SG0ibz3qPp4,Standard,0.0
raARhCgtIBE,Standard,0.0
KdWTvoepyyk,Standard,-1.0
waiJX3mEb9Y,Standard,4.0
iv3R3AojlzE,Standard,0.0
Y7N7eoZgyts,Standard,0.0
asEdQcPLisQ,Standard,0.0
pYFZ0BkLLaY,Standard,0.0
-pt5BHl4pJo,Standard,0.0
e5WO9qtGi8M,Standard,0.0
hfVChazpcQI,Standard,4.0
QjEM6YjLr9I,Standard,0.0
KH0Ewvcnhng,Standard,0.0
7gUVmjX0_KQ,Standard,0.0
UdzSNoOgFy8,Standard,0.0
NWJEH0tVsW4,Standard,-1.0
Big9TdlamFg,Standard,0.0
rr8andncrAY,Standard,4.0
V4W33IyzH_Y,Standard,6.0
n_GBGkLQa2U,Standard,-1.0
cRNoMmlR-0k,Standard,4.0
EwHO-xwEXWo,Standard,0.0
Y7Ch2B7Cs9Y,Standard,0.0
E1TwuY2XJ08,Standard,0.0
a1qcQnkXaTI,Standard,0.0
_YDun7WJb_w,Standard,0.0
Nm7T4lymEbY,Standard,0.0
UfoTJp_E1lQ,Standard,0.0
J2B_D2pY2aw,Standard,0.0
ebOWgYllyHM,Standard,-1.0
Vp5fl37kGNA,Standard,0.0
rbZgHy9rGA4,Standard,0.0
F7A8yQAN88o,Standard,0.0
vMSC60Uff5g,Standard,0.0
3IihNv47RMM,Standard,0.0
0pMocNbL5aA,Standard,0.0
Fu6lldJ8ZNs,Standard,0.0
WfOz30U-U6k,Standard,-1.0
JXk_eEQlU-I,Standard,6.0
d2Tohpt5Af8,Standard,0.0
IdWNbdbz0zw,Standard,-1.0
eJL01bFghmQ,Standard,-1.0
2YqrEffKQAE,Standard,0.0
cr8h0bDOnRE,Standard,0.0
St5FFB6qQ98,Standard,0.0
_s1uFa1Dw4g,Standard,0.0
FnHiBhEUcQU,Standard,0.0
Vp5B4M-cNh0,Standard,0.0
V_zoVqlPkPQ,Standard,0.0
fz4diLGph_M,Standard,0.0
M-rLFFqjg2s,Standard,4.0
0LJkuHvDlqk,Standard,0.0
QtacGGqxT-s,Standard,0.0
OFxNNcjcd-E,Standard,0.0
aj4U3BB4iTQ,Standard,-1.0
qwcBN1xdSiU,Standard,0.0
1ff75P83PHI,Standard,4.0
TATmS3DNosM,Standard,0.0
h7Fwb40itiU,Standard,0.0
FJP4s01J-7I,Standard,0.0
IETMAKgi5S0,Standard,0.0
clFetFaytZA,Standard,8.0
GHP5vgtB5n0,Standard,6.0
DuZnXDSNGlQ,Standard,6.0
SiTu3CgYzAI,Standard,0.0
ocsuYDHGfSE,Standard,6.0
tOxHyWfiKBw,Standard,0.0
mPgTZYMAP64,Standard,0.0
WTRvuD6_3zg,Standard,6.0
syiCISqNDx4,Standard,0.0
MLDihP7AjrU,Standard,0.0
otF4beZlFlg,Standard,0.0
rdfuQqhkemw,Standard,-1.0
Fe976dzGbvE,Standard,8.0
UsB1t4JT_iE,Standard,4.0
iUbdPihmmIE,Standard,-1.0
U6DMdVc8qcg,Standard,0.0
25TCTcMCVTM,Standard,0.0
xuzYEsUVKQ8,Standard,8.0
Qvvkdxwes88,Standard,0.0
TQ0utjdCn-I,Standard,0.0
g4SZnYPv5i8,Standard,0.0
Z_V6Coh9kmg,Standard,4.0
VMj6RI8boW8,Standard,0.0
ikb7jAN3Phk,Standard,8.0
pKu9UJFJJJ8,Standard,0.0
8lMXoc9oK-8,Standard,0.0
u2k9uNCeVvA,Standard,0.0
hck0ymVl43Y,Standard,0.0
eaBxXObmGR4,Standard,-1.0
WoCruobzoWM,Standard,6.0
ZkjuwiRuD98,Standard,-1.0
AIOZVoEkh_c,Standard,8.0
S6PxSGZKwQ8,Standard,0.0
NOr3cuvKmEA,Standard,0.0
Lc6sKHzEnZA,Standard,0.0
kWQWLjDZhW4,Standard,0.0
vQv1vjGMoYk,Standard,-1.0
Vp6uwKks9H4,Standard,-1.0
NghWuSmN2js,Standard,0.0
Z8vWOPTpUmM,Standard,0.0
J49oBbzGPNs,Standard,0.0
b-PZY3ZO08U,Standard,-1.0
tCSov3eOGCg,Standard,2.0
BoFc6aIrEbM,Standard,6.0
R8q8a7kStfk,Standard,0.0
-ayV_rVa2Cg,Standard,0.0
9RnPgHiyh6k,Standard,0.0
_uRHaOXQO-E,Standard,0.0
k0Y49xvLKG4,Standard,0.0
fZN9oGV20rI,Standard,0.0
122nfT-6KGM,Standard,0.0
inFZWP77eU0,Standard,0.0
yjDCChNSDFM,Standard,0.0
xUI4wrf6F8Q,Standard,6.0
CHizBn1KPu8,Standard,0.0
Joq3DfYBHdk,Standard,0.0
GReUPw8Iyig,Standard,-1.0
w19yOn0robE,Standard,6.0
SxRd6-NadQ8,Standard,0.0
EJRG7N4SkHU,Standard,0.0
mR1C33XHZbA,Standard,6.0
D9PZ6p8KFlQ,Standard,6.0
LynN7Xa-q3M,Standard,2.0
_L0qVtzNg48,Standard,0.0
7MiusJan8pc,Standard,0.0
70WL9l8m-6E,Standard,0.0
4D1jm6CD4Po,Standard,4.0
N-i-CatQdEU,Standard,-1.0
QWSjT0K8oSY,Standard,0.0
sSgmdhXXlg4,Standard,0.0
I4rr6kH0D2U,Standard,6.0
KYQjz52bdP0,Standard,-1.0
DQ15obU-iw8,Standard,-1.0
OFqwQcCw53s,Standard,0.0
dVdCg-bH0qA,Standard,-1.0
by04hNp7taA,Standard,0.0
vqAog9vakWw,Standard,8.0
JRDcENKA7Yk,Standard,0.0
ZcJJiaGCpUk,Standard,0.0
C6if4A8mfiQ,Standard,0.0
sTePQnDjUS8,Standard,8.0
M9gRTh_LQ18,Standard,6.0
ghOthAmQkxU,Standard,0.0
xsOXy0s-AyE,Standard,-1.0
5i4BdaUBwWk,Standard,0.0
3gTIwaSHah0,Standard,0.0
S0UjrxwfubI,Standard,0.0
zKojj9_ifyM,Standard,0.0
H5cONu7tGWw,Standard,0.0
EcLdDLRVrBs,Standard,0.0
pgiCXdTPqKY,Standard,4.0
yeRV5JwP7dc,Standard,-1.0
UDPUEOVPu8Y,Standard,0.0
MmoGnX-IXHo,Standard,0.0
sa8yL05hRDE,Standard,6.0
EvMtasyu6Xs,Standard,0.0
RiZzw6vQs_M,Standard,0.0
IFpdRfRvtRA,Reaction,8.0
FcPvQolgm_c,Standard,0.0
YL912rp2FPw,Standard,0.0
5s1Enyc0zLE,Standard,0.0
kG5OmOEvYYU,Standard,0.0
a8AQnqec8yo,Standard,0.0
ZT3FyZdhYU8,Standard,0.0
uWXRZIY3eHk,Standard,0.0
LmHeyig-nwM,Standard,0.0
6wcjkfCuQoY,Standard,0.0
ohcE59sXXRQ,Standard,-1.0
taiKOlcXsI8,Standard,0.0
mu7ng_ipobQ,Standard,4.0
zWzCTOwfWfA,Standard,4.0
D6Ymy2A1Dv8,Standard,0.0
krtqCNzL6Z0,Standard,6.0
wkvL-ZMK-Kg,Standard,0.0
ewIUWdAWxLc,Standard,0.0
XKQ-4kbGvM4,Standard,0.0
M8dhzf5CYSI,Standard,0.0
A9ZPsJpLqyM,Standard,0.0
F1-0y8BWQrk,Standard,0.0
FKCsY2kMxRY,Standard,6.0
mlhEpHoBNCU,Standard,0.0
oEkz9RZ0qSE,Standard,0.0
GBRxz2vJZBc,Standard,0.0
lb-vgXddq4A,Standard,0.0
78EMzZIvEeg,Standard,0.0
70WL2n24xZQ,Standard,-1.0
yw5mP7owdTo,Standard,0.0
JOkOwc4pQHc,Standard,0.0
2S-ZHT-AAnQ,Standard,0.0
Bn4o0FOlgbQ,Standard,6.0
EeKXIdSDTso,Standard,0.0
1IfvX5MZOqY,Standard,0.0
1UevcLSaFrs,Standard,0.0
SpMD1CtlVbM,Standard,0.0
jFbpArrwEnA,Standard,0.0
6-ZOGUqJReY,Standard,0.0
ZddvNS0kjho,Standard,0.0
yCtlrazj6Yo,Standard,0.0
R0tyrWT1CeE,Standard,0.0
vwUmQnbyX7w,Standard,4.0
l3rga8jOOUg,Standard,8.0
8DUFdsPHtJo,Standard,0.0
OCxdaLY3qpk,Standard,0.0
bkQBUcaYKCQ,Standard,0.0
7NXbhM6V8mk,Standard,0.0
WGVYVbcst9w,Standard,0.0
Fi1ONTevyLA,Standard,0.0
AEZYxv_SNbg,Standard,-1.0
YMj2XVTc3f0,Standard,8.0
Mcx71D6hzbU,Standard,0.0
8ERG9XI8MEM,Standard,-1.0
KweQzyb0nYI,Standard,8.0
rkpIVOJPRrU,Standard,0.0
mwYTnwe8vsQ,Standard,-1.0
nOPnVTwEgxA,Standard,0.0
L1FBZoqweEw,Standard,0.0
Kh6X8geGYCQ,Standard,0.0
_OYm5DjMDaM,Standard,0.0
Ltns8mQ3Jho,Standard,6.0
IJKy8XKI128,Standard,0.0
lm_OGT53Jjw,Standard,0.0
Kjl4DCrrFLQ,Standard,-1.0
cUMMiBZ7rz4,Standard,6.0
4PXaKE9BWZc,Standard,0.0
D33c73zglz8,Standard,6.0
Z4JibYmjwo4,Standard,6.0
1-gMKVpvXLQ,Standard,8.0
u_W0DRIut-8,Standard,0.0
wG7C-DnrfDk,Standard,0.0
Tm1iXNFSmpE,Standard,0.0
BwDE6zrJVj0,Standard,0.0
jK-HV2gmCzU,Standard,0.0
sYl8FJ_52yo,Standard,0.0
lWNjxptWeQI,Standard,0.0
jpAseMKcHfE,Standard,0.0
mHoLAEFHdME,Standard,0.0
4NnRj0ArOL8,Standard,0.0
43lqjICxHyA,Standard,6.0
KoFiRcGKodU,Standard,0.0
V-82g9WOHK4,Standard,4.0
z_ZJ9iJZCr8,Standard,-1.0
DErpRPYyf3g,Standard,0.0
wQtxUJUQFRQ,Standard,-1.0
Sd-Tr8eof3c,Standard,0.0
2Y2QIhkCpN8,Standard,0.0
ob0MAXPJ6xw,Standard,0.0
Zf0elTcBxPo,Standard,0.0
94qQqzJ7GpU,Standard,0.0
i45j8GixPJc,Standard,-1.0
LLj4NpKOcNc,Standard,0.0
Vq1IO1IjWMU,Standard,0.0
TIzZyrETI6Q,Standard,0.0
GOLL_KBYRZM,Standard,-1.0
gHytSUe4-n8,Standard,0.0
u7OQy0Suy5c,Standard,6.0
72qKyhrwfuc,Standard,0.0
fDt2PmKpwg0,Standard,0.0
S53FSjRweJk,Standard,0.0
HGoLGKRCMVY,Standard,0.0
wrEVy1zhf7w,Standard,-1.0
LRUR_B7MiYY,Standard,0.0
V5i4vFMLXt0,Standard,0.0
Uvp2cd8zOF0,Standard,0.0
ab72WMP1tdE,Standard,-1.0
3DRuwp5iovU,Standard,8.0
jz2E0kbb8FA,Standard,0.0
S_S0k6R7IbY,Standard,0.0
P5OFJlIyEq0,Standard,0.0
CPHOIZ6vURg,Standard,-1.0
cTojip9CkIU,Standard,0.0
CWc61gWeNMg,Standard,6.0
sBwQr1n9XK8,Standard,0.0
CkZ09b6ehu4,Standard,0.0
5hIoY0bpvAI,Standard,0.0
KsDJ3rqMybY,Standard,0.0
0VF2g98nSkc,Standard,4.0
l5nBlC6R1lY,Standard,0.0
CtLYXbKEDKA,Standard,0.0
fhR6mUX6b4o,Standard,0.0
iItoacsZumk,Standard,0.0
jJAEApLk7ls,Standard,0.0
Vckjafz28qg,Standard,0.0
6OVAHhgMJCE,Standard,0.0
mRD37w7Bolo,Standard,0.0
94WC9VFYGfg,Standard,0.0
l7c1Qbq4zCY,Standard,0.0
OCdOJNWKPXU,Standard,0.0
lEuMh_HER7o,Standard,0.0
vneabfu-0BU,Standard,0.0
Utr93n20D9U,Standard,0.0
C15cnYwd1Uo,Standard,0.0
4GweRzzNYkY,Standard,0.0
NZQYgl5vh10,Standard,8.0
p1REnzeKlvw,Standard,-1.0
zJVmE0RhaP8,Standard,4.0
Ir7gRRi3qVY,Standard,0.0
eoGrFGbV-Qc,Standard,0.0
SmYpO3SlR0k,Standard,0.0
PCukyVqM8xs,Standard,0.0
OFTO8m8ORTQ,Standard,-1.0
DQeF2clqHRY,Standard,0.0
bN5wPzA6EP0,Standard,-1.0
2GQ3hOeefuQ,Standard,6.0
x3dtwzNmFdo,Standard,6.0
Mt20UW8l5nc,Standard,4.0
OHBc3w_bfzc,Standard,0.0
scZh8F6T35w,Standard,4.0
KFHOpAbrsoQ,Standard,0.0
QPRiHX41yF4,Standard,0.0
VCvzD1HyssI,Standard,0.0
J9fJOQ_CSgs,Standard,-1.0
EcISX4itl6I,Standard,0.0
zssrs4BF6iE,Standard,0.0
ymgvuHs90MM,Standard,0.0
TxcTWnBbpUY,Standard,0.0
Bq4-clgPBlc,Standard,6.0
rE2YoMpCZCc,Standard,0.0
rVtM-heFEwY,Standard,0.0
97vs8YcRR0Y,Standard,0.0
VKi6be07og4,Standard,0.0
a7Q4sLNvHI4,Standard,0.0
mgPY8PapgUc,Standard,0.0
2s3_oUPRSpE,Standard,4.0
qsnF_7J27kQ,Standard,0.0
n-8x7Y6oQ_U,Standard,0.0
WxGRszIyBNI,Standard,6.0
OWQ-NOgIGhk,Standard,0.0
V9ozZtaskzk,Standard,0.0
boVyEjev_0g,Standard,4.0
DUDdAVPRqJI,Standard,0.0
hpubnFWAhsU,Standard,6.0
i8A0n_9ip8Y,Standard,6.0
8ND94ZXDKPA,Standard,0.0
v9TaXT85w9E,Standard,0.0
HbeH-Z3buSk,Standard,0.0
vIi0oR7cmqQ,Standard,0.0
MH4dKxYNfjo,Standard,-1.0
37D6rfLiyMI,Standard,0.0
WSHyaFybCV0,Standard,6.0
BAYNAe8AJX4,Standard,0.0
PLHAXvN_M00,Standard,0.0
cvTW31Dw_tc,Standard,8.0
nWxZF45zgGU,Standard,0.0
7r9-zmTcWtU,Standard,0.0
dw-9x3EmuCk,Standard,-1.0
-tviUXl7o5o,Standard,0.0
S4dHTtQhF8Q,Standard,0.0
FATRz_WjZ-s,Standard,0.0
Ii_kyKgk8r8,Standard,2.0
UoRKb9nTeQI,Standard,6.0
5ysQKWL4K8k,Standard,0.0
6QqWcXB58RE,Standard,0.0
QWGJlc4nVV0,Standard,0.0
s5NLbc7aCJg,Standard,-1.0
dd6t9bbOyug,Standard,0.0
20Uo_J04BbU,Standard,0.0
hdRiMUnW4ig,Standard,8.0
xkNIb6SjfWg,Standard,0.0
2khTof87FAA,Standard,2.0
mhqql_f--0M,Standard,0.0
q2efeOEw7QA,Standard,0.0
E6R5aQrhya0,Standard,0.0
nOHdF1o4i9I,Standard,0.0
YdUPcWP34lw,Standard,6.0
J3yWKywYC2E,Standard,6.0
XvkL8Guf2tM,Standard,0.0
zPBDMQGpU24,Standard,-1.0
gGnvED0x2f4,Standard,0.0
WICxUv9eB70,Standard,-1.0
d73Vz1Ey4JI,Standard,0.0
LTU0etA57YQ,Standard,2.0
2ew_4hfB_jc,Standard,6.0
SKIMST5bq0g,Standard,0.0
mynJvNSUWzM,Standard,0.0
frJt2ecRJZg,Standard,-1.0
8oCsXomQQnM,Standard,0.0
qO0fBg4Dfg4,Standard,0.0
Xb1JE7PRch0,Standard,6.0
H5XnuH8-W7s,Standard,2.0
2_nnMTSBkz8,Standard,0.0
rNul6qtJvsA,Standard,0.0
3rKqzjJceLo,Standard,-1.0
uAWFJeoBo5c,Standard,0.0
maFc33rlazI,Standard,0.0
eg4HfEdwovA,Standard,0.0
VDRrZhe08nU,Standard,6.0
Ebu1bQtLzL4,Standard,8.0
XiByWbH-4wg,Standard,0.0
UwVGy-GNm9c,Standard,0.0
Zg-e96bzrrs,Standard,8.0
O7XyCSqZo98,Standard,0.0
NhakZp2AqL0,Standard,0.0
oV1v-Puc99g,Standard,4.0
2GGfhZ8gaZo,Standard,0.0
JwzxGpWEWyM,Standard,0.0
RZ8-w6ryNzM,Standard,0.0
zdOybg-gLaY,Standard,-1.0
c-tdvtCwlTw,Standard,0.0
25moAsHuAV4,Standard,6.0
qhRYWjBG-EQ,Standard,0.0
-Ouh8Bp05_Q,Standard,0.0
hoCnfW401xY,Standard,0.0
av2xR_DUPEU,Standard,8.0
iSLt-CA7YU0,Standard,0.0
74ojnFvj0sc,Standard,0.0
omTQy3GMb6Y,Standard,0.0
tvVP7a8DkPA,Standard,0.0
yFfrDQbtbQc,Standard,-1.0
cnsftn6LjoM,Standard,-1.0
mmMfYHZt580,Standard,0.0
k5qDDxsVB94,Standard,0.0
4EcgSRoVdMw,Standard,0.0
lddGcUbPZ7A,Standard,0.0
S99Wlm5FdC4,Standard,0.0
9bP2gNNjNtQ,Standard,8.0
VL0J4RSA5Ww,Standard,0.0
PSzv-uitE5k,Standard,-1.0
8Hj0PO1Gtyw,Standard,-1.0
rR32zk04jiY,Standard,-1.0
kWcXwhZK1Ag,Standard,0.0
OGHAQVrInmg,Standard,0.0
ub9zQR_D7O4,Standard,0.0
aN7WeYz3h8s,Standard,0.0
UghsCmOaFm0,Standard,4.0
Tb_CihoTPX0,Standard,0.0
vVB1y7j3MsE,Standard,4.0
jmHOzd9aao0,Standard,0.0
1-oX6-4KDqA,Standard,6.0
wLBoTGVNVag,Standard,0.0
AMIa3M4ktjY,Standard,4.0
VNiFCW1klvs,Standard,-1.0
WqiyUIsKU2g,Standard,0.0
F-0gQ5hlPws,Standard,0.0
93afrY3CQn0,Standard,-1.0
xJS3SbiXoZY,Standard,0.0
CDQsj9xei3I,Standard,6.0
JGLz8cI7dOk,Standard,0.0
7JBQaYfxT9Y,Standard,4.0
Udi4NHWR-uA,Standard,0.0
131YqgX9W7E,Standard,6.0
p6pywp5ds8o,Standard,-1.0
SLxaodIKfBo,Standard,6.0
MDHasMepmPY,Standard,0.0
BE_cUyngAy0,Standard,0.0
eXJAneYeHU8,Standard,8.0
qfcR3WsEJqo,Standard,0.0
WVY_zZreLPw,Standard,0.0
Nn2umcH_BPw,Standard,0.0
PxylHvFnBN4,Standard,0.0
7dkCosH8UOM,Standard,0.0
P90xQj-8DoE,Standard,0.0
ucHmd5X-JDw,Standard,0.0
va8OpJFDmOI,Standard,0.0
33Rzqo7KCnM,Standard,0.0
pKf8KSCVJSI,Standard,0.0
Q7rfntd12vM,Standard,0.0
A7WeXxjmOys,Standard,0.0
W1ppdmgcsxA,Standard,-1.0
pGcIpp8xlpE,Standard,0.0
SLJ9ZEB1Vcg,Standard,-1.0
teZ6RQ9Iwb0,Standard,0.0
sxnD8Ig6UCY,Standard,-1.0
Xqgzci9XIFM,Standard,0.0
k6h-rMLZGl8,Standard,0.0
OPMvJWeppuA,Standard,0.0
_vrdpr2iwTE,Standard,-1.0
LdsxhK9VT8w,Standard,4.0
vvTUUySa9mY,Standard,0.0
qtoYMSANJHE,Standard,6.0
9t1ObHnaFTE,Standard,0.0
44cOpCzFXnQ,Standard,0.0
O5qpbRkd4_E,Standard,0.0
zAL5puLLL_g,Standard,0.0
TECHfz-zh54,Standard,0.0
juRhxjs-Myw,Standard,0.0
Ub5W56udBdo,Standard,2.0
3OMYOMft2O8,Standard,4.0
C1x42F8l1Ws,Standard,0.0
f3MD1jCu-vE,Standard,-1.0
zOqpVAIg2kc,Standard,0.0
S52wQJkiRBE,Standard,0.0
jkCai7yF-aw,Standard,0.0
jveej7LD4og,Standard,0.0
aa17fiiI-4w,Standard,4.0
FgwWe2I7gis,Standard,0.0
RuvQ9M24N7A,Standard,0.0
i1gtda8xBHc,Standard,0.0
wS30zijiYmo,Standard,0.0
esmgjMxEkAY,Standard,0.0
l5Hr5Vvpqww,Standard,0.0
k0ndzcDEN9A,Standard,0.0
VbIZeF2Db5k,Standard,0.0
lFu_LgFQGTw,Standard,6.0
jppdug0F_Kw,Standard,0.0
Htgw81q4ISc,Standard,0.0
-wTQu15_p1A,Standard,4.0
8QHvhjUWlL8,Standard,0.0
mCZ5JwPTpJM,Standard,6.0
pNxb_IFSgcY,Standard,0.0
eQlfJivGGZA,Standard,0.0
RqnoqybPxpo,Standard,8.0
DNcpyluz8FU,Standard,0.0
ZLP4awuzDZw,Standard,-1.0
OQKZ6sRFbjA,Standard,0.0
Hqf7zdB6GoI,Standard,0.0
yFzB38Usnsc,Standard,6.0
TEkaMsWa_tY,Standard,0.0
ah8q-bwcVys,Standard,-1.0
KaLxslBm-7k,Standard,6.0
g5feegPF6FU,Standard,-1.0
Q3WEhm_mYYo,Standard,0.0
LihIqSfEjqg,Standard,0.0
kUP39wAj_yk,Reaction,0.0
Dj0RHhKUA2s,Standard,0.0
BpmHIh-xLXk,Standard,0.0
8W2ooxBTo_s,Standard,4.0
Bz_DykceNSI,Standard,0.0
HSDD2ttojH8,Standard,6.0
fsLfu0dUuKU,Standard,4.0
jBN924zCgSE,Standard,8.0
fXn-qwJkfik,Standard,0.0
7ihy4SdNt7g,Standard,0.0
FaWvURLc1eM,Standard,4.0
i3eHOagCv6k,Standard,6.0
Su_O_Yc8vPo,Standard,0.0
_ollZLPOQOg,Standard,0.0
_P2i2yh7M-g,Standard,-1.0
PzDLZ0irIwU,Standard,0.0
TUKNR5wGE1A,Standard,0.0
b4dT1bzHchA,Standard,0.0
EgxRBFmTMcI,Standard,0.0
rbYVYce3Cao,Standard,4.0
nCV8-2m9rOs,Standard,0.0
Wv_4m9-lF34,Standard,0.0
Ws6w56QGHh8,Standard,0.0
r4F1br9O8HA,Standard,0.0
Q_pxPlz5JHc,Standard,0.0
hSPdH8z8nBU,Standard,0.0
TQomd2k0bwE,Standard,0.0
vQkBMcvP8qA,Standard,0.0
8XxqDSzWNjo,Standard,6.0
zw8Uxn7ajC8,Standard,8.0
_3ybNV1XVvw,Standard,0.0
PpxkEVKO1U0,Standard,0.0
fl24DwC8sUc,Standard,0.0
MK6qYEa2uxI,Standard,0.0
HAgr71GfzOA,Standard,-1.0
WISaQ01izWo,Standard,0.0
ZyEuVsnnn7w,Standard,-1.0
8ye0LEyDo2E,Standard,0.0
T5FFKiaX6WY,Standard,0.0
Ks1OSclrc1U,Standard,0.0
IGA9PWIlyCo,Standard,0.0
R1z1_-zaYOk,Standard,-1.0
_5oavqNNJcw,Standard,0.0
QmLLpzMk4Vc,Standard,0.0
vLLoQSSL5Gg,Standard,4.0
UjpDuAudouc,Standard,6.0
brgCvcf6Oqw,Standard,0.0
xBNYz3r_PA4,Standard,0.0
W9aD-BrA2UU,Standard,-1.0
SSeDxZVT7Ec,Standard,0.0
PXFaGz3eKa8,Standard,0.0
1BRMwY476gY,Standard,-1.0
Yy8qBmKlSuY,Standard,0.0
3_NtsS6vywY,Standard,0.0
fzp2Bzh_6Iw,Standard,0.0
0wDoGjFjEPY,Standard,0.0
Em9vwRRLPYY,Standard,4.0
O70px4stlN0,Standard,-1.0
J7RuSGZiQyQ,Standard,-1.0
HaZ5CT643Ak,Standard,0.0
VdPWUfJ2ans,Standard,2.0
52Cprc6NwWs,Standard,0.0
GEIZx3LeHX4,Standard,4.0
45ILACXBbUc,Standard,6.0
HRsr76X0y4Y,Standard,8.0
U407NY3mdu4,Standard,0.0
SNTtr4zDDqU,Standard,0.0
R1kR55UFwXI,Standard,0.0
ad2lQO_AJ9M,Standard,0.0
Xrn2WasDy9g,Standard,0.0
9gdo4OalEVo,Standard,-1.0
pbvCJ-4qMzc,Standard,0.0
eGRY2Adc9R4,Standard,0.0
2ecIuf23kPg,Standard,0.0
wt-0qCT_UGo,Standard,0.0
H8SaBqsHreY,Standard,6.0
_9BMWXYBAn8,Reaction,8.0
EgWnTMnQPs8,Standard,0.0
1EiepqbY-PM,Standard,4.0
iIajingM2kA,Standard,0.0
ngGV8J6pgk8,Standard,2.0
j5xCXSJ1H90,Standard,-1.0
cyJiFMn8-r0,Standard,0.0
ggeMP1rA3Bo,Standard,4.0
25gMc0Vw3hU,Standard,-1.0
LHS33D6NqBM,Standard,0.0
H_2JhzKTUB8,Standard,0.0
f8wN9siR6Mk,Standard,6.0
9QrFxUA8SNw,Standard,8.0
d6YRHsj7v5k,Standard,0.0
VhlFqSG4ns4,Standard,-1.0
AZLA8qXsO0Q,Standard,-1.0
5Uwb3dsZ8Ts,Standard,0.0
0HLn0R161gI,Standard,0.0
ZGlfOvZ3ryM,Standard,0.0
t0UA4yjGZZI,Standard,6.0
iEw2g6Xlz-k,Standard,0.0
Y32lwTSwAWE,Reaction,8.0
8KYXlkOrpV8,Standard,4.0
Xha68wLMUEw,Standard,0.0
5Xz4w3Pl0xc,Standard,8.0
bmCXZHQWg9M,Standard,0.0
Oc8-0sj_ZIQ,Standard,0.0
FDqAHP1Fnus,Standard,-1.0
00Bj_4wftG4,Standard,0.0
7OPumT5EjpU,Standard,0.0
WVMFaSmDYkA,Standard,-1.0
fceqOG315Yo,Standard,0.0
petm6xTWyPk,Standard,-1.0
ibw3XGa4LEk,Standard,4.0
vVU6b_jcDTs,Standard,0.0
guKG_NroiLc,Standard,-1.0
BE-KCqB6V1M,Standard,6.0
SsyANrwbsnw,Standard,0.0
9FoRaXjK-vw,Standard,0.0
d907tqR22d0,Standard,0.0
AWBM0bjSDpw,Standard,0.0
41NAvpQRysA,Standard,-1.0
TBlLL5xmx80,Standard,6.0
ut5FgxdkX2Q,Standard,0.0
8dhYo0swGlg,Standard,0.0
Gut-Tho2vlI,Standard,0.0
QqjOw7QXrxs,Standard,-1.0
cGr_j4cryAM,Standard,-1.0
NYELxFlDaEE,Standard,0.0
d1m3gkv8oKU,Standard,0.0
0Pah6XVSiaE,Standard,0.0
VcJ1l_eUZDQ,Standard,6.0
cVPnZMEPqT8,Standard,0.0
IuKj-MRTj5E,Standard,0.0
L4MuT-FU6GQ,Standard,0.0
HRyOruH7RE4,Standard,0.0
GN9jQlBpH-Y,Standard,0.0
Tki8nMWaUzQ,Standard,0.0
b5-IXC1c2lk,Standard,0.0
pwT7B8MHc0M,Standard,0.0
1xufDMFt2QA,Standard,4.0
psg-T98bZAI,Standard,0.0
HWzLp69W9vk,Standard,-1.0
ZNVXNrQvPqw,Standard,0.0
LT16R444XtE,Standard,0.0
tZvAn5EjYFc,Standard,8.0
WIvOKWEI73c,Standard,0.0
aT6NKQHRfPU,Standard,0.0
vTzb0o-4lDk,Standard,0.0
Sh8QATs8Xps,Standard,0.0
tvtFGm3m0fE,Standard,0.0
XpZtBDVLgH8,Standard,0.0
Qda16dRsXTo,Standard,0.0
TQbhhf9YgeY,Standard,0.0
VFBsnVThNEo,Standard,0.0
4r8PiRo28W8,Standard,0.0
CYw_ftE6D10,Standard,0.0
RidJjnrxcms,Standard,6.0
6aS0HXQOBfY,Standard,0.0
b9FwdhXQEvo,Standard,0.0
XyA6U5_6dM0,Standard,8.0
F6R92jFkaok,Standard,0.0
2OwYMehXG-I,Standard,0.0
oENNmDl8Cvo,Standard,0.0
TWdsDPaAsEY,Standard,8.0
y_T-JIgQDDE,Standard,0.0
9CEV9mr19dQ,Standard,6.0
_wJM-yeZAgg,Standard,0.0
zb_mkqBDf_M,Standard,0.0
JztM9wrGTto,Standard,0.0
7PNCUw8xoBU,Standard,-1.0
3L177o3ljRQ,Standard,0.0
beGNFanYK-4,Standard,0.0
wjwtbVWtSaQ,Standard,0.0
ZbRKBhU2yX0,Standard,0.0
VA7n7mVnvNE,Standard,-1.0
71Ae70tkLeU,Standard,4.0
rYSHQWJw3ho,Standard,0.0
HKHylLdmHLY,Standard,0.0
5XyLyIqdHR8,Standard,0.0
JObeRXx4jcM,Standard,-1.0
i1Po_8BIE-A,Standard,0.0
qelmGXSUQv8,Standard,0.0
-0hj32UU0Vo,Standard,0.0
FrB69cHdf1g,Standard,0.0
4FJuNkezR2w,Standard,0.0
aIOetwJnPsc,Standard,6.0
AViof732N8c,Standard,0.0
aKUjLfzdY68,Standard,0.0
4uyyttk_NAw,Standard,0.0
j8_Dp7JRfhE,Standard,0.0
sfNP9KK0XvU,Standard,0.0
9DnCQ3kS4bw,Standard,-1.0
JkBylhqr1_g,Standard,0.0
jNebaQnNWt4,Standard,0.0
KKLguuFUpkE,Standard,8.0
IO2CjU8QHvc,Standard,8.0
3w79RY83rNA,Standard,0.0
egI66vuqRu0,Standard,0.0
WwTzKcMZm0E,Standard,8.0
ue2Ud-W93Ps,Standard,0.0
VJnG100Tpa4,Standard,0.0
UJcfWSopprI,Standard,0.0
iDinerzLD84,Standard,0.0
olhX46q88Ww,Standard,-1.0
68bu7kxTtS4,Standard,-1.0
Aj4_CDdJJiA,Standard,6.0
g0AQQeL1Jos,Standard,0.0
fHRFOmfrjg8,Standard,6.0
HsYYZSiUw-E,Standard,0.0
jasQxm52eLI,Standard,0.0
6d5_CijKib0,Standard,0.0
4ZbpHVimp5g,Standard,-1.0
KJG9KNACurA,Standard,-1.0
vt6XZH1dyzU,Standard,8.0
EvT_9lluKgo,Standard,0.0
4_8Zcw6soXE,Standard,8.0
hDAGSz2tqK4,Standard,-1.0
LstEvYNCIx4,Standard,0.0
915FTIE_f60,Standard,-1.0
f_SZitBT2Cc,Standard,0.0
CGgCOYx-iA4,Standard,0.0
znvD8nBN9Uw,Standard,2.0
O2Y0HJAzyUQ,Standard,0.0
leBAI-rsyps,Standard,0.0
fBbJw7CnPYU,Standard,0.0
4kC6D39foaw,Standard,2.0
HrySvWJMqDU,Standard,0.0
HeOoCIL8Njc,Standard,0.0
VCI22j7fDcc,Standard,8.0
QxgqNvRRTPY,Standard,8.0
a7ih1yChNeY,Standard,0.0
ZQzielbIQOA,Standard,8.0
uueiix5W-Fc,Standard,0.0
kHJ0Wrfx3Xc,Standard,0.0
Z2f0Fj73i30,Standard,0.0
zA54kSWpIx0,Standard,0.0
kcDvajxh5qQ,Standard,0.0
pdc0FbplYw0,Standard,-1.0
LmKhYKRVqtg,Standard,0.0
izfaDJdRvdQ,Standard,0.0
EmGIR_XAbsQ,Standard,0.0
sW077myuVjQ,Standard,0.0
ly6RVCxQdts,Standard,4.0
AF4QSkFG1qw,Standard,6.0
G__W0B_8ZoA,Standard,-1.0
n-8eABMcpWk,Standard,0.0
eg33ImTnwig,Standard,-1.0
oIjAM7G0UVU,Standard,0.0
gBYaFbYj4NY,Standard,0.0
ZhcOcPELId8,Standard,0.0
2xbsfQU1dEw,Standard,0.0
vZSwrEQayXE,Standard,0.0
P58QVyf5WIU,Standard,0.0
h8gVhqwSoCc,Standard,0.0
bw5JVlG3iAY,Standard,0.0
_EccEM_5EWY,Standard,0.0
eRiJ_YyvGtU,Standard,0.0
IfXIR4aDNqg,Standard,4.0
ewFBR13hAwE,Standard,6.0
LsyC6qvXMm4,Standard,-1.0
KN__JPTSqsg,Standard,0.0
TsQ-ahXlKcg,Standard,0.0
Muy1PgBP4jw,Standard,6.0
Ja1UDUnhm9A,Standard,0.0
nbDEjt57jVw,Standard,4.0
qhPX9kS7K0s,Standard,0.0
1067Ku5vmhE,Standard,0.0
v9AshREhH-U,Standard,0.0
4mVR5QTXHmQ,Standard,0.0
2D5lSIdeTck,Standard,0.0
uB2VumS0Kng,Standard,0.0
TOwzCCzbTXY,Standard,-1.0
1Q-GYraGwUE,Standard,4.0
XElv2EyzAuA,Standard,0.0
Tqcwz8MIhvE,Reaction,4.0
jrP7i9Fd5dY,Standard,0.0
RJQs6_GyL4o,Standard,0.0
5em67iHNAg4,Standard,0.0
EUQpnrc9_C0,Standard,-1.0
dn6e2VFW6As,Standard,0.0
8TlmtzkgyGo,Standard,0.0
EZQ17ydiu-8,Standard,0.0
CdwAHSENVkY,Standard,0.0
J6ESHZmzl1o,Standard,0.0
uMy-B0d8qnY,Standard,0.0
AUGvFRLnr5A,Standard,0.0
9bJSbv4OqOA,Standard,0.0
tXh9mEXFMmI,Standard,-1.0
NPbGtPaQPeA,Standard,0.0
H4fu3rFWzmU,Standard,4.0
EIJ3SPrM3Xw,Standard,4.0
AkC52jImDqI,Standard,0.0
zw-_Z6kVA0U,Standard,0.0
30d_MXFDSoM,Standard,0.0
PCrte8fFrOw,Standard,0.0
DQkdvw64KHQ,Standard,-1.0
DEWZwkeRwxA,Standard,4.0
VMKHFopZewg,Standard,0.0
rGu5b9bQFYE,Standard,0.0
pzhyMJkLjYU,Standard,0.0
69gNLwSEf2M,Standard,0.0
1W_DmX6HNnw,Standard,8.0
Aoqr9rweQLM,Standard,0.0
uV_V2OLhrsc,Standard,0.0
1hxGKewXWTo,Standard,-1.0
QxNJ-_nVqRU,Standard,0.0
nVf4vGlZymc,Standard,0.0
WsIArRvvF-g,Standard,0.0
iDQ66a1iwac,Standard,0.0
TB_MdmC8trY,Standard,6.0
pZ0Z19xhmBk,Standard,0.0
uzgz8VoYhnQ,Standard,0.0
Se_kRNFfnts,Standard,0.0
qvm5ieJvEv0,Standard,-1.0
Um6rHTR3chg,Standard,0.0
tx27yLsQ3ys,Standard,0.0
3dclQy-EkYg,Standard,0.0
oQo1rq1R0rI,Standard,8.0
fZnCH0cJyeA,Standard,0.0
WQz_DB1HPmo,Standard,-1.0
Zvde-TWEVEM,Standard,0.0
1fK5XKiVwiQ,Standard,0.0
Kb9vdlaIOgk,Standard,0.0
XSEci4zDiM8,Standard,0.0
3ICpoZNP1Wg,Standard,-1.0
Ikn3QBYsha8,Standard,4.0
Q-mIEr1Tc0s,Standard,4.0
sQKKl2Uv7PE,Standard,0.0
W5Y1hFuICKU,Standard,0.0
lN8BMbZPVs0,Standard,8.0
H9ZdxU0uf8s,Standard,0.0
2EJw-lGVxWo,Standard,0.0
0wAFgAwxRRA,Standard,0.0
3IaF4OXbRIc,Standard,-1.0
0PYKZIhCoLA,Standard,0.0
42tm_1QDNTU,Standard,8.0
zs5dh5JUsLA,Standard,0.0
_gox5feuUzQ,Standard,4.0
V0xBigA1bwk,Standard,0.0
zZEPfdEDGqc,Standard,0.0
l9_M5yeU5_E,Standard,0.0
6Ly4qeKIKJ8,Standard,-1.0
4usuKeVyVmI,Standard,0.0
ZccvGZEqg1E,Standard,0.0
M3Zz6It0VNo,Standard,0.0
jPFI3kDyQEw,Standard,6.0
oCsU5WPPfy0,Standard,0.0
Q-HnznFFCEs,Standard,0.0
wsAospey8Pg,Standard,0.0
R_BxJ5dzmo4,Standard,0.0
tqRob6SLwOk,Standard,0.0
xXhaNwPy1NE,Standard,6.0
nX6Re_PiH9Y,Standard,0.0
5fapR6kp_vE,Standard,0.0
CBaUMw8HuF0,Standard,0.0
7rTkUeKaFJU,Standard,0.0
2pcKCpHr3qg,Standard,0.0
OtbwXqa-eHk,Standard,4.0
VXvRKPOr3z8,Standard,0.0
C4zQde2E-ko,Standard,0.0
Zb7u86CNa-4,Standard,0.0
00PRqcU7G24,Standard,0.0
MWeFqK_2EC8,Standard,8.0
cqYp23scRPM,Standard,0.0
0SbyY-_S4Bs,Standard,2.0
YrBsmd6fHng,Standard,0.0
wYWnuAsdkG8,Standard,0.0
n7_MmtcNcOw,Standard,0.0
lj6XxrLhRYA,Standard,0.0
ceGQ0IWP-Hg,Standard,8.0
BKgGi2x4CiY,Standard,0.0
wmOY6w2-bwI,Standard,0.0
TQNc9qjZ0PQ,Standard,0.0
3R7wcotMu6k,Standard,0.0
Bw-vRB7ofqA,Standard,0.0
M3tHVGwqJuw,Standard,0.0
Smt_VR9ZkVY,Standard,0.0
jo8YxJDL__g,Standard,0.0
Q_NN7lRr1lk,Standard,6.0
7WJJk1TP-A0,Standard,2.0
7ijO_Ic0aBA,Standard,0.0
5gfWLDD8BMw,Standard,0.0
ThWhd0ZZ58E,Standard,0.0
GtAv8lPVJZc,Standard,8.0
9-1aFzkGHCA,Standard,-1.0
8_AKitnRxDI,Standard,-1.0
laj3rj6w28E,Standard,-1.0
kGLxekXCTco,Standard,4.0
ZMMelKeTCVs,Standard,0.0
X5-ah5NrJ9Q,Standard,0.0
fkqGPRpZ9L0,Standard,-1.0
fg9bNE2Hd4s,Standard,0.0
ftW_jPLh-Bg,Standard,4.0
IcoAns14jZg,Standard,-1.0
FZI7w_5hGVU,Reaction,0.0
MytiWkaExaA,Standard,0.0
xzL20F5B0OI,Standard,0.0
0AnQnbfFvx0,Standard,0.0
m5XG599TFm4,Standard,0.0
aNXbL14fnqw,Standard,0.0
co17kexzA6Q,Standard,0.0
ulBTU5VLBKY,Standard,0.0
Jc4NryfQPAI,Standard,6.0
5yFygucFZWo,Standard,0.0
oEX2oEck6lk,Standard,0.0
oWhGs1Raavk,Standard,0.0
qH1P-B6JruM,Standard,0.0
pVhKDSwI8Lc,Standard,0.0
SR_5KqAdqDg,Standard,0.0
M2GxwZlC_pI,Standard,-1.0
vwV2ilj9Tkk,Standard,0.0
RJ8D4oqyPqY,Standard,-1.0
CLsHPJL5Epw,Standard,-1.0
Cs38tDrygUE,Standard,0.0
nbqP0BRqVtY,Standard,0.0
K_GSVY89U48,Standard,-1.0
4BDKi4lmLI8,Standard,0.0
L1p83ngU46Y,Standard,0.0
vCDGHzyjkRU,Standard,0.0
lKmb3FM6fSk,Standard,8.0
R3C3YZLSpeM,Standard,0.0
fo5DUR4tobk,Standard,0.0
B60m3PJb8t4,Standard,6.0
C27AE9fqDnw,Standard,0.0
y6TmkJUc1uE,Standard,0.0
wIu7HeehAdE,Standard,0.0
NajoLrR2f9Y,Standard,0.0
N-ElUoJNO-0,Standard,0.0
MXVHQy0Msmw,Standard,8.0
NBka3RWdetY,Standard,0.0
oW4MTDcux1c,Standard,0.0
Ib9jeApthy0,Standard,0.0
tTrGSQi4YJA,Standard,8.0
2JV4qaRIvqA,Standard,0.0
OrOKWrssMGs,Standard,4.0
hmF8YH2gz5Y,Standard,0.0
zJW0rYltrBg,Standard,-1.0
wMhSBniliug,Standard,0.0
XRk5pWSEGQc,Standard,0.0
gMcnQXhBwZk,Standard,0.0
lo-sbFvKG60,Standard,0.0
UMRaSO-aR0g,Standard,0.0
68hNXrzIgP4,Standard,-1.0
8tvTAXBOJ7s,Standard,0.0
T0W6gUpNqbg,Standard,0.0
zaHiwOWBnPE,Standard,2.0
TYf4mCQfEJI,Standard,4.0
41LLbqTrALs,Standard,0.0
aR2dkmJnQ00,Standard,0.0
QsVgwJ40-zo,Standard,-1.0
6eOFUGpAvlM,Standard,2.0
5rN6y7DGgP8,Standard,2.0
yAmW_rjBhtc,Standard,0.0
gK5scJg-loo,Standard,0.0
V0ET9mSmEq0,Standard,0.0
-bLGhEVkXIQ,Standard,0.0
Q3NwZccJMV4,Standard,-1.0
W0OZGF9hfnU,Standard,0.0
nKgW20pgIYE,Standard,0.0
gbBwZ8COCAk,Standard,0.0
HTsGDQdZrI0,Standard,0.0
hgGs9ZSNzdY,Standard,0.0
ea95mGnM2CA,Standard,0.0
EHdCbgEfNew,Standard,4.0
Co6nyNnxNys,Standard,4.0
c0nonfyMZRA,Standard,4.0
fR-dIDyR5GY,Standard,4.0
ugHXEWeOEbg,Standard,0.0
mzS_VXngoXk,Standard,-1.0
TFYyxAGHfeQ,Standard,0.0
sCnbX1cafXc,Standard,0.0
Fa50k_vzrrA,Standard,0.0
lsp-I29a8uA,Standard,0.0
XUkoEA-KUO8,Standard,0.0
J12fm7EU-0A,Standard,4.0
y7ha5GQ9_CA,Standard,0.0
pqor6tDawx8,Standard,4.0
bS4c3raXYrY,Standard,8.0
h5iI0nqtUh0,Standard,-1.0
bAl04Eqlrg8,Standard,0.0
ta5RR3ypb84,Standard,0.0
OF8YMN0uSl8,Standard,0.0
E7Jljh5I4Ks,Standard,0.0
b3jbefUhy7Q,Standard,0.0
Zkb-T00uXAI,Standard,0.0
xTCnnIgIlXs,Standard,0.0
9G_nAHnAcok,Standard,6.0
D-2G1h_uHH0,Standard,6.0
qFj7aZ3j7K4,Standard,6.0
ZHnSduYcZrA,Standard,-1.0
XEz8-gg0afI,Standard,0.0
nDKqq0G5A88,Standard,0.0
yxeuufobyak,Standard,0.0
Hw7D0Ee_aXQ,Standard,0.0
K9BzbHz-U0c,Standard,0.0
QOUa47evWqQ,Standard,0.0
tk8pDAM82ao,Standard,6.0
eLJRcU7XI80,Standard,0.0
HcSQAgf4pS8,Standard,0.0
4QHovacEUk4,Standard,0.0
xGWMfXf03JU,Standard,-1.0
WGI3BQKOjdc,Standard,0.0
ICXZzc7GkI8,Standard,0.0
EDExouguS_k,Standard,0.0
1kUXrqKQ8Qc,Standard,-1.0
U5NXjOG_XGs,Standard,0.0
0s2SzovA2Ls,Standard,-1.0
WkkYHIZxyu4,Standard,0.0
6o_LSrlRoYc,Standard,-1.0
aAfGxxj3ekw,Standard,0.0
HU4IgmSNla0,Standard,0.0
3PE8_k16PKY,Standard,-1.0
onuEZChEhOQ,Standard,0.0
KUwjbYFhbco,Standard,0.0
HG9ep46AI4s,Standard,0.0
m4l84LiynxY,Standard,0.0
bWtj4uoGWGo,Standard,0.0
WkcpKXsKUKU,Standard,-1.0
8g--hTGTBSw,Standard,0.0
FAqMHvzNRrQ,Standard,-1.0
Vj-peG0ugPo,Standard,4.0
8kUnnXMuMsw,Standard,0.0
FAPq0OcsSlc,Standard,0.0
L8Gbqy2Lto8,Standard,0.0
am2AOYbX-1Y,Standard,0.0
Umdkp15cthU,Standard,0.0
Yae0usKQ3AE,Standard,6.0
TX3cVbsJq9k,Standard,0.0
_uw5895F6eg,Standard,0.0
s9qPTiy5C-g,Standard,0.0
V-csVEjU_Ns,Standard,6.0
PI7DvOGoia0,Standard,0.0
MM3k931KH5Y,Standard,6.0
_VABcM22CgA,Standard,0.0
rY4QwsrPsoY,Standard,-1.0
v5gyTUe79Oc,Standard,0.0
zVcQEYjQOgs,Standard,-1.0
5R6S03XlHak,Standard,0.0
DwS7Ay1LvdU,Standard,0.0
YFQ2cdJpfYE,Standard,-1.0
zRqMmUtgPIw,Standard,0.0
1uLIC82IKws,Standard,0.0
aSKzlCG2f6Y,Standard,0.0
9gOYK63FgHQ,Standard,0.0
e3IwSGj9oRA,Standard,-1.0
Dt1akgyoekQ,Standard,0.0
Ayaj3PFBvDA,Standard,2.0
JtPlkhN3ZTs,Standard,6.0
PjxRe6pWpJ8,Standard,-1.0
zsy-wuOB3eI,Standard,0.0
LktRjx4dmpE,Standard,4.0
h7DNyJfL3Uw,Standard,0.0
UfmAB3jMXP0,Standard,0.0
8_qSya2NA1E,Standard,0.0
P9ovswkSn4g,Standard,-1.0
hZlD5l4Ihrg,Standard,0.0
g3KpNeb2X18,Standard,-1.0
7aD_vsSaC0c,Standard,0.0
qiQcczrFRKo,Standard,0.0
cNUzOvOS5H8,Standard,0.0
LNZAgTfl51Y,Standard,6.0
NoWrtOcVEMo,Standard,0.0
v2PvTBhqww4,Standard,0.0
iQQSomr2wq0,Standard,4.0
Nk4YxN40Sus,Standard,-1.0
X0Nkte0YhRY,Standard,0.0
KxOyPIFqE6U,Standard,-1.0
n_cPBqDpf7Q,Standard,0.0
s1AegFA0tNU,Standard,0.0
qdGzg9aYEFs,Standard,0.0
2xMv-9pnUzI,Standard,6.0
gPtGSR-jZeI,Standard,0.0
4k5eY8J0ddI,Standard,0.0
i12ZioMkoMM,Standard,0.0
HqGbBqQvgaE,Standard,6.0
OfZlw84hsps,Standard,0.0
5u1PStfLQHo,Standard,0.0
94gZzhzq_T4,Standard,2.0
1VVnuAxMMFM,Standard,0.0
XhtF6dGRFuc,Standard,0.0
dT0BgPpRBfc,Standard,0.0
_41Ii6dOpig,Standard,0.0
SMPJ8EMOJSA,Standard,0.0
-dlJsgT7xWk,Standard,-1.0
pqfI0xcZwRE,Standard,0.0
jpR0zuRV38Q,Standard,6.0
D2KuE2vK7kU,Reaction,8.0
cXL4KVc-lec,Standard,0.0
s0Mol3Sf-8Y,Standard,0.0
O_6GCdd125Q,Standard,0.0
1LGKpGTd5EM,Standard,0.0
79JtAzvWKVU,Reaction,4.0
CjytG7AUxYI,Standard,0.0
mNlSz_L0EzA,Standard,0.0
XipE6MLFAG0,Standard,0.0
3o9FglKB340,Standard,0.0
0vsHR50jsAI,Standard,2.0
oia8ynLXl98,Standard,0.0
CU5uGutqdwY,Standard,0.0
Eb-tI6_aEes,Standard,0.0
nRB1RQRBQYs,Standard,0.0
s4ggqzOuj1c,Standard,0.0
msjdB_m0k74,Standard,8.0
DuVOZPwfQjM,Standard,8.0
4ALUZFM9Aho,Standard,0.0
MXDCcLNcYCg,Standard,0.0
EsvO3zLzngs,Standard,0.0
HvP8tjPZkGc,Standard,0.0
VhzP8LdibBI,Standard,6.0
kOq6jwBJ2Lc,Standard,0.0
2PiUUja1HGM,Standard,-1.0
oBh6Fs-WLBI,Standard,8.0
iq9_BLFIx1M,Standard,2.0
8ijZQ91ZuNI,Standard,0.0
B9D1PN05sGU,Standard,0.0
a36mKcA2q9o,Standard,0.0
8OILjivp_1k,Standard,0.0
txSA1wPoou4,Standard,0.0
XK-dhsLMOXQ,Standard,0.0
i3d55C-mjsk,Reaction,8.0
jWuLdPrKk5w,Standard,8.0
duf4w0SJKqo,Standard,0.0
VjDJQiYIqPY,Standard,0.0
kH0bBEEyaAc,Standard,0.0
gWzZrW0Jh54,Standard,4.0
QoSuz6TCN8E,Standard,4.0
ONFpIkJLSro,Standard,0.0
gzQgELEn5nM,Standard,0.0
gxyUPYrRlwA,Standard,0.0
7L1JfcdW4Ok,Standard,-1.0
TYFRRFL-TtM,Standard,8.0
v6plT368cAM,Standard,0.0
4gWoEcxH-4Y,Standard,0.0
X6RJXXaCKvk,Standard,0.0
q0hX7qgH7fI,Standard,0.0
moq2lOubdhQ,Standard,0.0
ZiRzeCSLrx4,Standard,0.0
Cx3J2rSMiVA,Standard,0.0
wB3xGlA9iFk,Standard,-1.0
y-wfkzfXrhI,Standard,0.0
IGNIHxD_1Yk,Standard,0.0
QOYOG7yRPkA,Standard,6.0
c7bjHbOumHI,Standard,-1.0
MnmkSY-_jjc,Standard,0.0
2680ybw-1NU,Standard,6.0
TBSda4dT2qg,Standard,8.0
tpIpIvwtgdY,Standard,0.0
KSC0xhkJJk4,Reaction,8.0
95bUIGJAfns,Standard,6.0
_bpjWFM0Vf0,Reaction,6.0
r2SCL5EqBG0,Standard,0.0
W2czNFXYojM,Standard,2.0
NLdxCX70WOs,Standard,0.0
YAmKrHpqm2w,Standard,0.0
nplnjk6HWVY,Standard,4.0
zMoBNeC6B54,Standard,0.0
GgCal9OhCrE,Standard,0.0
Deys9DIr754,Standard,0.0
ic2nT_-59qE,Standard,0.0
x4DUd1w5_QY,Standard,0.0
UL4DoVurcx0,Standard,0.0
QbvfqbJsrjY,Standard,8.0
rC_AXm_ZRLI,Standard,6.0
B-apwoRi9S0,Standard,0.0
_B9Kdb4qZNU,Standard,0.0
aYbXqxzsaaY,Reaction,6.0
hXjCfs8hJ5M,Standard,-1.0
Rp1o8JRBM0w,Standard,0.0
KnZYD_LT4CA,Standard,0.0
Cuk7zz-qYaM,Standard,0.0
XQGPEuIT9wA,Standard,-1.0
0me1iM534Tc,Standard,4.0
ggn0Zu_Jv_A,Standard,0.0
soCelgOroWQ,Standard,0.0
4E9YNEExuKM,Standard,4.0
do9fk2SHimI,Standard,0.0
adq3Jfm6K6A,Standard,0.0
YsXDxjGmcdk,Standard,8.0
tYxHQ5Ea-yA,Standard,-1.0
1l69XY5_QX8,Standard,2.0
JaRN3gl1s-E,Standard,0.0
-Ap8LCaIhlQ,Standard,8.0
qn5QyiAY-SM,Standard,0.0
aWmT7LfHTvo,Standard,4.0
lviwSLIheY4,Reaction,8.0
algfDUkpUpY,Standard,0.0
OWKKqy_C2yE,Standard,0.0
Ky-Agt4yEnQ,Standard,0.0
h9HAVJRh3CM,Standard,4.0
QBQL5342B_4,Reaction,8.0
fA-eFNJO80A,Standard,0.0
8XeYV1g_e10,Standard,0.0
aU9SfgZr3ak,Standard,-1.0
xd1qomD6p_Y,Standard,0.0
7qqlO_hkn-0,Standard,6.0
1Q2k3cao-HQ,Standard,0.0
ft4-OuRfDJQ,Standard,0.0
YSRbw1b4FRE,Standard,0.0
rfmrcyUa0H8,Standard,0.0
5QAo45jGm6c,Standard,6.0
OS31ZAHIzzw,Standard,6.0
xA_Oi021YZU,Standard,0.0
Rqjj5ljJ_xI,Standard,0.0
cfiOIi5_neY,Standard,0.0
hOsCqSK_ltU,Standard,0.0
tT1Uz3trheo,Standard,6.0
JX5HBvLLzng,Standard,0.0
eKGoQKmAmHI,Standard,0.0
FM3fCQBgN80,Standard,-1.0
AZJdOicI4P4,Standard,0.0
FB0W4cRoTF0,Standard,0.0
a5T4SeDE8Jc,Standard,0.0
0sw--uq3jw0,Standard,-1.0
CoOrQLSLoyo,Standard,0.0
zDR9dlNpMHo,Standard,0.0
LT27LVkdeiU,Standard,0.0
PjDppbyV2Kg,Standard,6.0
Tlbng7KXGKE,Standard,0.0
I3vo848j-WM,Standard,0.0
0Ptl9YePZAo,Standard,0.0
vhOEE6AsaC4,Standard,4.0
g_OS5mOwYOI,Standard,-1.0
RfoqJkC5u54,Standard,0.0
eqVm3cwDmSw,Standard,0.0
c18UKV0kf2Y,Standard,0.0
WZAEJyB1kKA,Standard,0.0
9UvSYIQwxmY,Standard,0.0
GKXg4NwTfeQ,Standard,-1.0
IF5KloUHxa8,Standard,-1.0
bco749Z66Cc,Standard,0.0
JGby27iyx6E,Standard,0.0
7GsldbaksN0,Standard,0.0
X2Lzsz0kKsI,Standard,0.0
30iysUV5MUE,Standard,0.0
ecrhVmBWosI,Standard,-1.0
rQwo_KKkxbY,Standard,-1.0
AbvECwfA5Xg,Standard,6.0
leF3vJ_2WWQ,Standard,0.0
qytxiEEPOEA,Standard,4.0
eYYvNbD_Qho,Standard,6.0
DMseGLSV7Xs,Standard,4.0
P-rdBVNyL2c,Standard,0.0
2dnDckqp_D4,Standard,0.0
77GuBXJHvvU,Standard,0.0
W-ox0K1E4a0,Standard,0.0
W4OQy2G5vxQ,Standard,0.0
YVtQttSubZ4,Standard,4.0
j4ps-BOiAUA,Standard,0.0
ClMvpTvBJgI,Standard,-1.0
LflX9Kg7Rjw,Standard,-1.0
nH1sFCl_zzU,Standard,8.0
fIeHkNQ9lZE,Standard,0.0
k_4CnCPm3vU,Standard,0.0
cyZHBgNLCEw,Standard,0.0
eb63j6Bfek4,Standard,0.0
Z0ZrByF7eCM,Standard,4.0
T7dnEJuf72w,Standard,0.0
l2PZ5e9CN90,Standard,-1.0
BpivD7qTrHM,Standard,6.0
dFTAYvn6vFk,Standard,0.0
RamcxGqi1dU,Standard,0.0
UWDdktXgaeU,Standard,4.0
HxUxbjo2CK0,Standard,0.0
4zxWN58FQk0,Standard,0.0
u2PGD8EpjVc,Standard,0.0
YxFu3UzW7K0,Standard,6.0
fNqdVYfHSEE,Standard,2.0
sde7OD8U1mI,Standard,4.0
FCtrUQQ0188,Standard,0.0
n9NLCzD-htw,Standard,0.0
1JfACKHjQRM,Standard,0.0
k-CV2kglJ1A,Reaction,8.0
ZKvWO-5VggA,Standard,-1.0
AOP6hxXmHWY,Standard,0.0
1UInQI0tN_c,Standard,0.0
JRGZ_MrEO2Q,Standard,8.0
CjQGHwOHncI,Standard,-1.0
m0leaGqFKfY,Standard,0.0
NCv0yXwFTVk,Standard,0.0
cg5OFirPOaA,Standard,0.0
mWxqfwWNZPg,Reaction,8.0
3vKg2vlM9eM,Standard,0.0
6VV5883mP_A,Standard,8.0
K_mGQzEIxLQ,Standard,0.0
BNmz7jfdsKo,Standard,0.0
TNgPG1ms4pg,Standard,0.0
l0Gc7tBGPDo,Standard,4.0
I_BhZuE6row,Standard,0.0
mm3OS8H92fw,Standard,0.0
Tddb2MHfwTA,Standard,4.0
CmI8WAwQyuA,Standard,0.0
itSqFLwlt40,Standard,-1.0
-A-Lnk_tfvM,Standard,0.0
nik5CQpYGY4,Standard,0.0
ahvFdCnSDNM,Standard,0.0
QxfJZfxbMGk,Standard,-1.0
hcn18Z5ehuE,Standard,0.0
gxq4Cr4kZfw,Standard,0.0
2K-gdki_fNE,Standard,0.0
rFKCp94u4PI,Standard,0.0
H1IhNNTp_hw,Standard,0.0
rMnhN8Cb-cs,Standard,0.0
3a7E8g9CP5U,Standard,-1.0
XzwTUmYzTiE,Standard,0.0
xXJ2170OltI,Standard,0.0
AEZS9rbzPZ4,Standard,0.0
nD5ik3afZqY,Standard,0.0
irmNKqhuNbE,Standard,8.0
4rJx-LJJ8-w,Standard,0.0
iAVTxHc1i4Y,Standard,0.0
bGEGAIDNQwU,Standard,0.0
fxQVmgwPjPE,Standard,0.0
W7m6H-RyAYA,Standard,0.0
og69U_Xzjv4,Standard,0.0
m5rJ0Cn9kIo,Standard,2.0
kqg0X1ck6r4,Standard,0.0
QotBcO-0Lpk,Standard,0.0
eDUeTYMRHk4,Standard,0.0
N6glATDLOCY,Standard,0.0
TeFEgIGy57k,Standard,0.0
L0cYYkip8hk,Standard,2.0
LbHGUPyarsg,Standard,0.0
NkDvnLOsa_g,Standard,4.0
H2WFEP8SX4E,Standard,0.0
R-u0z2kglis,Standard,0.0
Qh7i_sTbMC8,Standard,8.0
SsN_xXitX6A,Standard,0.0
MI8UcgXuf68,Standard,-1.0
KfsNkBT-4wo,Standard,0.0
aRSyQrHRkFY,Standard,0.0
v2cNyKxEjvk,Standard,0.0
bo9e9rFa89E,Standard,0.0
T8lpf9ikNag,Standard,0.0
N7YnAU1Vjf4,Standard,0.0
7WJ15jrqDy8,Standard,6.0
hid22R5FMVw,Standard,4.0
lehLbSXhrSU,Standard,6.0
HbwY9yrlLz4,Standard,0.0
EQVDzJBswO0,Standard,0.0
c8TEYaA2p9Q,Standard,8.0
61vFdIdDhJU,Standard,0.0
6kDBJFe1cys,Standard,0.0
S5tjRylNXLE,Standard,0.0
6YQwfsEv3Q0,Standard,8.0
rBOA1jq08OE,Standard,-1.0
nHSKbLhIs3M,Standard,4.0
C2DdSiaG3ho,Standard,0.0
t9jzS92cyzA,Standard,0.0
vtv98bO96Ek,Standard,0.0
fz38i1eWp8I,Standard,0.0
e0HsmsFHr8w,Standard,2.0
JWmOuJr1-jQ,Standard,0.0
16GshjBurKQ,Standard,0.0
TgOTO5bdBxQ,Standard,0.0
sMUgWKf4wGM,Standard,0.0
Yqny2B2gQKM,Standard,0.0
cHhrf-9sjbA,Standard,0.0
RxoSfe-x1vc,Standard,0.0
LE8uW9B7jos,Standard,-1.0
FzikQefHuN4,Standard,0.0
lNvTDQaJTG4,Standard,0.0
zPJsVK6olXk,Standard,0.0
4xAS5cXqs0s,Standard,0.0
eusFk8FLdEg,Standard,8.0
tAPmdaJP77Y,Standard,0.0
KWhNNqkViSc,Standard,0.0
u30EEIqu6uA,Standard,0.0
B7I0aFDrIL0,Standard,0.0
AbfUWu2cSp8,Standard,8.0
oqOPIFK4MnA,Standard,0.0
yzUNNhtLxIY,Standard,0.0
HX1PtGjCop8,Standard,8.0
qpmH67ZLoZM,Standard,-1.0
YCfQaNrXgxA,Standard,0.0
Tf9oVKwv-pk,Standard,0.0
Z0wj-A68QFU,Standard,0.0
2M641Rog2gA,Standard,0.0
O_NbkXYygYg,Standard,0.0
_rv80RlIIcM,Standard,4.0
_bpIYskuVXU,Standard,0.0
Uy2hNMU2vUA,Standard,0.0
Q-psy28iU9U,Standard,4.0
l_cpK0oWnuc,Standard,0.0
Kvi_1NJQHlA,Standard,0.0
Lf2tlXeL2VM,Standard,0.0
beZwJh6xKHA,Standard,0.0
2MTX2CuqT5E,Standard,0.0
cld4MRMEjTE,Standard,-1.0
1Jp3cf3umHs,Standard,-1.0
DlMKkejy8vs,Standard,6.0
E1MRw9o2dv4,Standard,6.0
e9sxBja3We0,Standard,0.0
d766Xh9YeF8,Standard,0.0
DIrRdnQV7ac,Standard,0.0
Laz0SuF-wCw,Standard,4.0
HBMhZsBPUPY,Standard,-1.0
_yNtiFUEtow,Standard,0.0
weD4yC7k9aM,Standard,0.0
jaufOb7Tl8s,Standard,0.0
-8esSgJOse8,Standard,0.0
anhyfAMZgtQ,Standard,0.0
68rV5UJebZ8,Standard,-1.0
dWTS8dvQ5cM,Standard,0.0
bjM-kb2mnY0,Standard,0.0
67PXkiVQKhI,Reaction,8.0
CLoRmmNYNss,Standard,4.0
OqjWExgl6OQ,Standard,0.0
jXU_8l5Nqj0,Standard,0.0
MssNs0pekPg,Standard,0.0
EMCid-HglX0,Standard,0.0
j_SxBju7588,Standard,0.0
wD5fcbVvoxg,Standard,2.0
SFTeZ0Yjgdc,Standard,0.0
PCsIdjE0trw,Standard,0.0
BsCNNPiTi_M,Standard,0.0
j-oE3a8Feqc,Standard,0.0
oqrPdGyjWn4,Standard,0.0
3jTLMppxbew,Standard,-1.0
VSZhmHiuK4I,Standard,-1.0
CjyeuZ4GJYw,Standard,0.0
nXBfwrUW56A,Standard,4.0
5-QrOJ3payE,Standard,8.0
w_rQ-jMjiog,Standard,-1.0
q3Iy_qd9440,Standard,0.0
uXvm1xwXUrg,Standard,4.0
0zwSa8BrDd8,Standard,0.0
JtY9DBQPRGk,Standard,4.0
QcrbeyHpx80,Standard,0.0
T7y1yo3KY50,Standard,0.0
Xd4hO8KEH6U,Standard,0.0
30bMX7_qRaI,Standard,0.0
vS8a2SjpkpQ,Standard,0.0
Dyj2FRh1NG4,Standard,0.0
b3O-aIdLbsY,Standard,0.0
pm61ZyVW0cU,Standard,0.0
RuiRAkm7gGc,Standard,4.0
asH-gHv3zog,Standard,4.0
qhv0aY6o6IU,Standard,0.0
P-aCk9zu5RY,Standard,0.0
VqjO68yEg20,Standard,-1.0
IScbv9VeN70,Standard,0.0
vtnTJ0WeAWs,Standard,-1.0
eZLOt1Tewqk,Standard,0.0
o7dVvU0y284,Standard,8.0
6mkxWOg4bHE,Standard,0.0
n57ldqf96yY,Standard,0.0
zns5ZoAgjqc,Standard,0.0
x8_QfTUOXs4,Standard,0.0
xtNSjhKGI_8,Standard,0.0
HH5pE-QdPkc,Standard,6.0
n2HQm9duEGM,Standard,0.0
Awpcd6q9Ddo,Standard,0.0
qL06RQr3xMs,Standard,0.0
bGtopeImfbc,Standard,0.0
BSZ6RKGJ4Bw,Standard,0.0
zgOh_nZg6EQ,Standard,6.0
Seyvg6sB5OU,Standard,0.0
-fbXzE_hmJQ,Standard,0.0
By7Tgt8Z6ig,Standard,0.0
qBj1-4VnpmI,Standard,0.0
hcJ2hgLYZ04,Standard,6.0
XTczvIYvUzE,Standard,0.0
0rMYqkj0BkM,Standard,0.0
iutcpKBxYmE,Standard,6.0
LjFzz9cgeEk,Standard,0.0
xOY0aWA_qSI,Standard,0.0
Y7z6lXQ5IOc,Standard,-1.0
tz1epMgac6g,Standard,-1.0
ie17r2k7Hpo,Standard,0.0
bM9MaYO5uZk,Standard,0.0
lNmThCa0khk,Standard,0.0
OFhhlyKkqUI,Standard,0.0
lF8yt6MASN0,Standard,0.0
vZMwusl3s7g,Standard,0.0
UrwTy9N_y7s,Standard,0.0
X44ulVTHU1I,Standard,6.0
gqAehcP9M8s,Standard,0.0
7TzHtqtxo88,Standard,-1.0
EI9mf4ALJAE,Standard,0.0
uduSvQcuJOs,Standard,-1.0
n6xTwQsDs8E,Standard,0.0
2f2azWFim70,Standard,0.0
qXOVQS_3zZg,Standard,0.0
oemD6yToEd8,Standard,0.0
XdzREEMFDw0,Standard,6.0
d4KYVYDIB4I,Standard,0.0
-YZgAa_BK1Y,Standard,4.0
r0kSQC7sKXA,Standard,0.0
4mV7m9-eozE,Standard,0.0
C4wbvrjySos,Standard,0.0
YezUl-5lIHQ,Standard,-1.0
H_F0jMxX7ZQ,Standard,-1.0
zJrV-jQ5l3I,Standard,4.0
nXW5a9Fx0-8,Standard,0.0
QXC6XANCVeU,Standard,-1.0
sOQ1NcolTFc,Standard,0.0
XukByR_JJ94,Standard,0.0
VFtTI-CAyvk,Standard,-1.0
4LGIirVZr0M,Standard,0.0
r3sWsiRaXIE,Standard,4.0
2AMWV07wuwI,Standard,0.0
mBhv_ZRrTmw,Standard,0.0
M5x_IiZYbFY,Standard,-1.0
SIcv3pTvF3g,Standard,4.0
rlNEHN_LIpI,Standard,0.0
Cn9-uLoz2v8,Standard,-1.0
C43ZJk_Ij5k,Standard,0.0
2Xhwgv3ADJk,Standard,0.0
QyK5u73s9_0,Standard,0.0
feXz8FvRYQY,Standard,0.0
BQZqjvHYsL0,Standard,6.0
HnirI5P8eJE,Standard,4.0
E8lGwtXvD-I,Standard,0.0
iMgKQrEgPN8,Standard,4.0
FVT-m7Nim8Q,Standard,0.0
xBKoeQAssrI,Standard,8.0
NyiEx0EuuIQ,Standard,2.0
jTCFVCGaHic,Standard,0.0
qEpnoxeHm-A,Standard,0.0
gNJ2hI-PDac,Standard,0.0
TfMHhVvIifA,Standard,-1.0
-6onrOB5hFk,Standard,4.0
oInlSNIpwBw,Standard,0.0
kdCLt3BYyNY,Standard,0.0
SuxCxWyQZVQ,Standard,8.0
NaRV8rxW9uc,Standard,0.0
UeUA0lbzTG8,Standard,0.0
RHwCDkrgL90,Standard,0.0
9nuP_bTtRVI,Standard,8.0
feCN8CUcqv4,Standard,6.0
rd6H0gLCKyo,Standard,4.0
v_0osEkJsHo,Standard,0.0
AoWus3gKvqk,Reaction,0.0
XE1yngz6HZc,Standard,0.0
6O3jSaPsfjY,Standard,4.0
YpcXuST4OUc,Standard,-1.0
BBFvOvlZ35I,Standard,0.0
cuzLihkJc-0,Standard,0.0
axpRJQtxjz8,Standard,8.0
Wgc7bQouj60,Standard,-1.0
PNzQ43yJYBw,Standard,0.0
i37sIpCAVNU,Standard,0.0
Lb7kAnNrlfg,Standard,-1.0
2LeYktNpQMg,Standard,0.0
-wt43wyZq1Y,Standard,0.0
9jHO6bgovIc,Standard,0.0
T4ql8jIjRjw,Standard,0.0
QSt19YEr1ZQ,Standard,0.0
jKIaUT1znp4,Standard,0.0
_R8wrskOQJY,Standard,0.0
-RErLzxlKvs,Standard,6.0
qWjkoioIYEo,Standard,0.0
CrohEFkdtRk,Standard,0.0
U2GoDtgldLE,Standard,0.0
nTxQ_zmUwws,Standard,0.0
Uj4kwq7nZhs,Standard,8.0
lEBmVZquB64,Standard,0.0
tWM0W9Cd8GU,Standard,0.0
97LhbQK83Ms,Standard,0.0
8G8GNzforH8,Standard,4.0
3m_qbLt5qes,Standard,0.0
SLqSP55KOLU,Standard,-1.0
8J2IuplGBBM,Standard,0.0
A5EgB26IYYw,Standard,0.0
ZGB4nbFOX_4,Standard,0.0
W-PoCVsbCm0,Standard,-1.0
sQcjfBApXO4,Standard,0.0
D14s8Mz95bU,Standard,0.0
_ufnIFfvJcI,Standard,0.0
KV4BqD5aQeA,Standard,0.0
MqMwTG6i8uc,Standard,0.0
xSkCrbkSNYk,Standard,0.0
Eq0Wn-WqmP0,Standard,0.0
8agzNRO-eKE,Standard,0.0
tD50LaLKLXs,Standard,0.0
C4uRIjGlQfY,Standard,-1.0
MkA_PDANHhg,Standard,0.0
EgzQhinJiQc,Standard,0.0
NEcmz-0urTs,Standard,0.0
eDgP83KkXgk,Standard,0.0
5W6FFKQHtqg,Standard,0.0
orosqgabvnI,Standard,0.0
_BkjVEVursQ,Standard,0.0
ihq79iHsYSg,Standard,4.0
w1xcgLrcCt0,Standard,0.0
HbyGcOrfN3E,Standard,0.0
SMI5AJmkhZ4,Standard,8.0
orlFkAHHOoM,Standard,-1.0
vzJIpp5x56o,Standard,0.0
8Cpzkb2X5dI,Standard,0.0
KlWQQCvKQxo,Standard,0.0
1nlZxVjUQso,Standard,0.0
pJIQTEZfIGY,Standard,0.0
cjoss5Kkv8M,Standard,2.0
SXdHKOhur0c,Standard,0.0
XpWyIzU-KJs,Standard,0.0
v5V0J6wv9xk,Standard,0.0
eryEA-_yEho,Standard,0.0
ccne7qQI7rw,Standard,0.0
Tpt55E0w29E,Standard,0.0
0hd00uekClQ,Standard,0.0
aodP8dHXKdQ,Standard,-1.0
Xyivk-rnq0I,Standard,0.0
4WbmPthWXeI,Standard,4.0
EaeRWf9fZJA,Standard,0.0
aVw6D4bbVzg,Standard,0.0
vrcamce5ENc,Standard,0.0
tyhr4bHFv-k,Standard,-1.0
435xoOY9O48,Standard,0.0
EJqNNm5HJZw,Standard,0.0
MBqpviKfKbE,Standard,0.0
6uSYPnxl678,Standard,0.0
IZ9_ZuhpDgQ,Standard,0.0
ivctEGgwwMo,Standard,0.0
IhznOsSkODk,Standard,-1.0
pE_RMUk7LeQ,Standard,0.0
pAh0MzMjEIs,Standard,0.0
zO8kplI2x-w,Standard,0.0
19V0d5BL6Cc,Standard,0.0
9DKLk1Cdvl4,Standard,-1.0
_aTJBIB6wsM,Standard,4.0
w8Er0AJkh-o,Standard,6.0
ocTmUzFvoxQ,Standard,4.0
QxwAUpOOo6Y,Standard,0.0
AUlcYSpZjAs,Standard,0.0
MsFquzkGlro,Standard,-1.0
d7D1Q2MHBOg,Standard,8.0
1USuWVfvS_w,Standard,0.0
jxvKaG-UTEA,Standard,4.0
0FYpq3jva7o,Standard,0.0
awT0017hSCw,Standard,0.0
xrNuvCGDSzE,Standard,-1.0
Z9-bfoLl2Fk,Standard,8.0
SsMMUZJ7aiw,Standard,2.0
mytXEOkaR7s,Standard,0.0
FBIcBvYZhJA,Standard,-1.0
D2IvJBPTUj0,Standard,0.0
Si-x9gsDrFc,Standard,0.0
4UWWqoS_iFI,Standard,0.0
ohPZT_vSOXQ,Standard,-1.0
dfBY4Syldqo,Standard,0.0
qi3w5ntxuOg,Standard,-1.0
0OfnOU_MEh0,Standard,2.0
QC29StiX_KM,Standard,0.0
122KkcUzn2w,Standard,6.0
BLg9zXjo-Vw,Standard,-1.0
k0v6qc_QEmQ,Standard,2.0
wr3n5glUDwk,Standard,6.0
j88AX3iaWCE,Standard,0.0
H3ISeEia2Dw,Standard,6.0
AoutZiATmHk,Standard,0.0
0JIT7ntvoFs,Standard,0.0
rby7EC4h1zs,Standard,-1.0
ZMgdAjbTcKw,Standard,-1.0
Mg4BKb_lJRE,Standard,4.0
Vx5TElSzD0I,Standard,-1.0
Ph1_rV39FLk,Standard,0.0
3UtGHs9-TvU,Standard,-1.0
KLtLpG6YeOw,Standard,0.0
1FQRJmdbIFc,Standard,6.0
eAF0fV_Wnk0,Standard,0.0
IvDdJXTil_M,Standard,-1.0
26nk1uE6Bq4,Standard,4.0
WlWcAnMyUiU,Standard,6.0
4uNiJn3irF4,Standard,0.0
Yu4OEeIHhtA,Standard,0.0
QY4F03sfmDY,Standard,-1.0
n6lzm16X8Ug,Standard,0.0
m0B7S633Fs8,Standard,2.0
tMHpPb6rdeQ,Standard,2.0
9kFLr7JUkx0,Standard,0.0
t8JU3ASeAG0,Standard,0.0
fJDvQbxDSZk,Standard,0.0
ov7ym3sYW7Y,Standard,0.0
rh2HNkd-oFE,Standard,8.0
U8kWUrNB-DA,Standard,8.0
NUpR2ZaXfoI,Standard,0.0
Jp--FJ5E7Y0,Standard,6.0
eF2jJp1ajG4,Standard,0.0
zKC6IMN2cP4,Standard,0.0
wQduAywZ3lA,Standard,0.0
YnRjU9Zdd44,Standard,0.0
1AL9pLfzgo8,Standard,0.0
QK_UW0RUaOI,Standard,0.0
DQpdfXxu1wM,Standard,0.0
Z7BhfNkpXgE,Standard,0.0
XqSy3C5TM8Y,Standard,0.0
rOmrWvSxFow,Standard,0.0
g7SAq0s6AjM,Standard,8.0
JDP_hsUR27k,Standard,0.0
eGHMiq-bpwg,Standard,-1.0
yMGnUxiPiqc,Standard,2.0
hr-2GnWqc90,Standard,0.0
wSeR3BWKNdI,Standard,4.0
TM7SFfbBHEE,Standard,0.0
toiXzehimbY,Standard,8.0
FY58zpkBss4,Standard,0.0
U-q454-pG-Y,Standard,0.0
zzgzvf8y5t4,Standard,0.0
iITQVGpQN0M,Standard,6.0
RLPpV9bVmd0,Standard,0.0
dBiMdLo7S3I,Standard,-1.0
cy-HKGDJiBw,Standard,0.0
gZsDPBOVEdk,Standard,0.0
8YDl2AR1u84,Standard,-1.0
FdGOkE3kfeg,Standard,0.0
L7DxzUWIJyI,Standard,0.0
0H3lQCJys8A,Standard,-1.0
2YRXQ2ioKcw,Standard,0.0
gzDJcJmJsdQ,Standard,0.0
PMZF01n9ADM,Standard,8.0
1-2SpLMaeo4,Standard,0.0
B9-Q136FOEw,Standard,0.0
DluUlYsQUy0,Standard,0.0
SUs1g7J5Yzk,Standard,0.0
ge1LdOtzPhg,Standard,0.0
g-OnPYB9P9Q,Standard,0.0
Im6qGSi2e4M,Standard,0.0
IB04qsn6B7s,Standard,-1.0
InJpyjmatG8,Standard,0.0
7i_bxZ1ur1w,Standard,-1.0
hPymxvK5U4s,Standard,0.0
78h7w7cFQWw,Standard,0.0
eiiKf4D16Zo,Standard,0.0
1g6N-dDa2xM,Standard,0.0
vneqU8vymJM,Standard,0.0
sP32qCJE7B8,Standard,0.0
DQJI_sic6ZY,Standard,-1.0
Gv4-Q0zgsuc,Standard,0.0
gxTP5FJDY5A,Standard,-1.0
34tNt2oFnf4,Standard,2.0
JALwZIbfgRk,Standard,0.0
YqFcps6OZbU,Standard,0.0
PCzf1zhea5Q,Standard,0.0
Dkyjubn2VRo,Standard,0.0
dfOOWEa5xtE,Standard,0.0
Tm9nyrX_ErU,Standard,0.0
3f7UyK0NBYA,Standard,6.0
0cbsMZNw5CM,Standard,0.0
6iIkDlS3W48,Standard,4.0
VJpVIj4XGo0,Standard,0.0
eCrog_pfTik,Standard,0.0
jdHTSbd_404,Standard,0.0
ySz9cDWe-PE,Standard,0.0
FNWE1_HlaxU,Standard,0.0
CX5FEnms2kM,Standard,0.0
MOIPEDfrs9o,Standard,0.0
9MEf5m0kYSE,Standard,-1.0
Ja7EPLiWOVs,Standard,0.0
oha0A72RXOo,Standard,0.0
N18yisJkdfQ,Standard,4.0
Va0nc-VzY_U,Standard,0.0
zrQQTbq3Pgg,Standard,0.0
ks03Xp_rEno,Standard,0.0
NY7ZIP2AXUI,Standard,-1.0
Zv13UV4iuv4,Standard,0.0
2hz6REai-4o,Standard,0.0
yTAn7peXO1k,Standard,0.0
4MttvLh3j00,Standard,0.0
2xP9aBvH0Gs,Standard,0.0
2t2b7pb-ZTA,Standard,4.0
uh_r2_mkEBI,Standard,-1.0
s-4hkiehKQ4,Standard,0.0
i1V1e1CCQEQ,Standard,8.0
yk6TcJSjU80,Standard,0.0
dT5jcCvvVcY,Standard,0.0
uZK8iChRWeQ,Standard,0.0
dDXQ4r2ZhA4,Standard,0.0
p2Kev8OFisw,Standard,0.0
AeLRrxzf594,Standard,0.0
t_z0-mv_q98,Standard,0.0
9pMpjYTk0ms,Standard,0.0
5AUxYKChttw,Standard,6.0
LWcR8HWpqx0,Standard,8.0
Pg-HiQNrn7k,Standard,-1.0
JUrepXdOeS0,Standard,-1.0
-JBZxLpwXy0,Standard,0.0
_DVcLNP3Y84,Standard,-1.0
8HNHedi3Bsg,Standard,0.0
kGDfDNPbkLM,Standard,0.0
Rwl3MyZFEjY,Standard,0.0
bTLxA6ygRBE,Standard,-1.0
Sq1MPYTAIx0,Standard,0.0
LV-7T2IRHeg,Standard,0.0
uCihgYC5NmI,Standard,-1.0
6o7oG6VUK4o,Standard,-1.0
5C6rhpPpnZA,Standard,0.0
n4kKptZJt3Y,Standard,0.0
TZN9r6LPtsY,Standard,0.0
t33kTwhqfBE,Standard,0.0
jMvlm73i6DA,Standard,0.0
03GBOyrMuek,Standard,-1.0
leU3ZFJptZc,Standard,4.0
DOQHwI97Ves,Standard,0.0
ANYpXwGqYro,Standard,-1.0
XYht54q7RzI,Standard,0.0
cYj1oRDl9kQ,Standard,0.0
j5cFyjnj0NU,Standard,8.0
K2VTZn99hzs,Reaction,8.0
Sa6x6VP2wzk,Standard,0.0
qPCkO-Wu-yE,Standard,-1.0
ib6lYDEs8Ig,Standard,0.0
tBuFp62ENq0,Standard,8.0
z76uBII2zIc,Standard,0.0
ZKEYjjP7_WY,Standard,0.0
9qTXApVL2Ac,Standard,0.0
ZxvK3jJ8Q24,Standard,4.0
QoJCiWCCXxg,Standard,0.0
qY2mChvzgdk,Standard,0.0
zbSQAOlxO5g,Standard,0.0
g2sFe0eMd4I,Standard,-1.0
stnGOIl6QW4,Reaction,6.0
t7v6jbIRfdQ,Standard,8.0
XCgjUqE_m38,Standard,0.0
fLqKmDVmdjE,Standard,6.0
2PgdClCNQSU,Standard,-1.0
Kjw1YAvJOs8,Standard,0.0
BHvy_hZQQ14,Standard,-1.0
1rJs6xvO9HI,Standard,0.0
vGQZSCovBSo,Standard,6.0
-gb6k99u2LU,Standard,0.0
hjLYdP8s7HA,Standard,4.0
Cgq9LcwV0EU,Standard,0.0
jd02oL0IytM,Standard,0.0
MQI84Nsw-VI,Standard,-1.0
STZABDTbbXo,Standard,0.0
PqEOqy48ndE,Standard,-1.0
oeRhSU1Kje8,Standard,4.0
Zbs7LVtVbOA,Standard,0.0
orsEkcdBqd0,Standard,0.0
1PfOep3DQKk,Standard,0.0
9s8g-KlMZek,Standard,6.0
L91F8dNCnUw,Standard,0.0
rnj697Ivesg,Standard,6.0
hVIspbNa97E,Standard,0.0
eHT4IRKyRo4,Standard,0.0
2HmMlhhuY-g,Standard,0.0
_PvspLC-KLY,Standard,-1.0
6ynwiDIIkpw,Standard,0.0
X6wZHbRhXRI,Standard,0.0
46jAgj2BiaI,Standard,0.0
9FvnkDbvT_E,Standard,4.0
-VhFUYiqGgY,Standard,0.0
i3uYPEkpOxo,Standard,0.0
rjEh1SRVv_Q,Standard,0.0
GxLSYxh1GiE,Standard,4.0
kiru2YHUCvE,Standard,4.0
pIRjVtddfSE,Standard,8.0
9xQOAC2VoIQ,Standard,0.0
Mn2brvDB4NQ,Standard,0.0
L60297IRNRA,Standard,0.0
zjFWqTEry1w,Standard,0.0
bQyiZagp11s,Standard,0.0
CRZ5maI00AY,Standard,0.0
cAyR1t0Xskc,Standard,0.0
N6WS5hUvTqs,Standard,-1.0
AfRVSqbay_M,Standard,6.0
I685OXTHkY8,Standard,-1.0
q94ESTmEtAQ,Standard,0.0
aNnDfLjYDqk,Standard,0.0
8OJgAcuqqus,Standard,0.0
2D5j5cR2gQI,Standard,6.0
6ffzbBIAMoI,Standard,0.0
NcyKbvCMnW8,Standard,0.0
g4s-SrqpVQ0,Standard,0.0
JOtrS0Sa_ME,Standard,0.0
oCEsc4dRVF0,Standard,0.0
EnR7yPETLrU,Standard,4.0
rL26mI6etNc,Standard,0.0
d-6Wn5kALpo,Standard,0.0
O_hYydCua0I,Standard,0.0
51qsSYQA0LA,Standard,0.0
jP2vX-23qHE,Standard,-1.0
OuM2eJiZ6ho,Standard,0.0
VvF4Arh0wmc,Standard,0.0
86HIywINK5U,Standard,0.0
8sD24xYWrOw,Standard,0.0
CAeIweMpvqE,Standard,0.0
S8EtOVMgqOU,Standard,0.0
EfUhWnd7Ohw,Reaction,8.0
-LDirna_-4g,Standard,0.0
9yYHqjQxEXY,Standard,0.0
oBD3ScPA0ys,Standard,0.0
6Mq5mGg7API,Standard,0.0
BtYz2Nmm8F4,Standard,6.0
6-CtuNQITkU,Standard,-1.0
HyFZ1wCS2kw,Standard,0.0
klZ_sRuUUeM,Standard,0.0
eSKFlU5Z1Jg,Standard,0.0
sl9GDiLnxjc,Standard,6.0
Yd0SRIBybZ0,Reaction,6.0
7JIy3a7abYM,Standard,0.0
Mel1f2nnYjw,Standard,0.0
-Fkt7oZ-KL8,Standard,0.0
0e4dC9rotyM,Standard,-1.0
XrMVpMSngSE,Standard,6.0
YVPBOZrZEQg,Standard,0.0
WRtZusPSgWU,Standard,0.0
9Fg9OzCnZK8,Standard,4.0
y_H9JEbn-XU,Standard,0.0
uzLVQ4GS5sY,Standard,6.0
WRqBeU-u9kQ,Standard,0.0
liYIeH_Kg5g,Standard,0.0
Tg77jHwZLhg,Standard,0.0
Sp5OTx16zqU,Standard,6.0
_rKyA6KRaAo,Standard,0.0
LJrPtrrvL2A,Standard,2.0
aNGB5lEjnL8,Standard,0.0
n53WSkxvMf8,Standard,4.0
kx3F1E_ZOkg,Standard,4.0
CP8vaPKW_FU,Standard,0.0
zzAxWnnP8pA,Standard,0.0
SxCUF6gOpkM,Standard,0.0
7VvEu6j2XsY,Standard,0.0
Lnw_gUr5odU,Standard,0.0
k5Jk6iv0-sc,Standard,0.0
G4mItWj6mD4,Standard,6.0
d7zP3brmHZg,Standard,-1.0
2rHywsk9EAI,Standard,0.0
FjYxIkjGvQE,Standard,4.0
vKeR7EvKbPI,Standard,0.0
vI57-2_07ks,Standard,8.0
HiOX92uD0Is,Standard,0.0
0gf_Qv2_24A,Standard,0.0
NJWVQ5dQKhQ,Standard,0.0
zm-1qzejolU,Standard,0.0
LPWg4MdPkuI,Standard,4.0
5tkHwSlkLH4,Standard,0.0
qDmW4bDds4k,Standard,-1.0
orHJQZ07Vz4,Standard,0.0
n8AscI7eXWo,Standard,0.0
so4T2B21X7o,Standard,0.0
Cuvh8qGQ6qA,Standard,0.0
efkexLh62m8,Standard,0.0
2J60yPStBD0,Standard,0.0
5FXNpgTd_yU,Standard,0.0
esh7-Nt5-7w,Standard,0.0
_-Kq5Xa6m9Y,Standard,0.0
eXz_nrk7jYE,Standard,0.0
YalfJb5YziI,Standard,0.0
BqOqkluFhQw,Standard,0.0
LYMsddHzdSM,Standard,0.0
taN-Lh3qQg4,Standard,0.0
sY4KR3rmm2w,Standard,0.0
q8P72_3jjoc,Standard,-1.0
lcFIfeDJaEQ,Standard,-1.0
QGASV66v-84,Standard,0.0
6MzhhOpi_2s,Standard,6.0
iAA3GgZsLCk,Standard,8.0
vNGOvhJAKIU,Standard,0.0
QaZp-lbR3_c,Standard,0.0
yxPH0Nwv430,Standard,-1.0
4Zc40-UkCtQ,Standard,6.0
Bh1JhLIXv34,Standard,0.0
1c3nOoUOj50,Standard,0.0
Y3pfjrP7-t8,Standard,0.0
51kM2SjCYc8,Standard,-1.0
E0o_CjMY_Z8,Standard,0.0
PmJxnlLV3yA,Standard,-1.0
JdI3j4JdtWo,Standard,0.0
-F9819YKVfQ,Standard,0.0
H6t8b9Noo58,Standard,0.0
y6Lx5dSAtjY,Standard,0.0
N3XPp28Y_Ak,Standard,0.0
QH1tN_7q00Q,Standard,-1.0
MwBgbrWLDeY,Standard,0.0
_cvXXbdC59c,Standard,0.0
9IvdImMtX1I,Standard,0.0
4JcQEizqKlk,Standard,0.0
Gqe56WylKjU,Standard,4.0
FjUKQ3ZiNBA,Standard,2.0
F9pHEIED5eE,Standard,0.0
0zepilW4Muw,Standard,8.0
u7iM0sDjz6s,Standard,0.0
kF4eIip9GsQ,Standard,0.0
ra4srhJ46k8,Standard,0.0
mT-dybKWzNE,Standard,6.0
Z1vcfRonLRU,Standard,8.0
APY4_hAAauA,Standard,4.0
QJ-rYP9dvAQ,Standard,0.0
dC18fdnsuG8,Standard,0.0
LIqUZUgxlFQ,Standard,0.0
GaNY4jwogdE,Standard,-1.0
bDhmiGKRpKg,Standard,0.0
_PwpRKbLGdg,Standard,8.0
8QuHpFgqAno,Standard,-1.0
uLlFowp_h2U,Standard,-1.0
xqliXa42ngo,Standard,4.0
O7Qv7YinEwQ,Standard,7.5
ldOOzevJVOA,Standard,-1.0
TKZdvvNSuHc,Standard,-1.0
AUeXCj9zqnY,Standard,0.0
CXTOGMVhkbs,Standard,0.0
A4mtYSD6W4U,Standard,-1.0
Qx8X3cM-t9E,Standard,0.0
I1Vqu5hYAaU,Standard,0.0
OvS4qszk9jU,Standard,8.0
vvEfnAcriiA,Standard,-1.0
kzguvmGbxTw,Standard,0.0
cLGBcHJzpuo,Standard,0.0
UdEac1tN1Xc,Standard,0.0
xhk-rvOFNFc,Standard,0.0
qtBBOs5E6VU,Standard,0.0
nIVqznDSTIg,Standard,6.0
Ar7xXdijJIA,Standard,8.0
bRAD-o2fuTU,Standard,0.0
