video_id,video_type,ideology_score,populism_score,request
LFw_rwKKB9g,Standard,2.5,6.0,
9a669fNOg0w,Standard,7.5,8.5,
TNDMaSAVoas,Standard,5.0,0.0,
Dusjzyg0NnU,Standard,7.0,4.5,
aEvQsPhcS-M,Reaction,7.0,7.5,
Tl4HqxR_coc,Reaction,4.5,9.0,
J7xoqewxpRs,Standard,3.5,5.0,
zRddXEZDdeI,Standard,1.5,4.5,
tZfrgGS7JvI,Standard,5.0,0.0,
4n3HQVohJTQ,Standard,6.0,1.0,
gxi3IiZelLo,Standard,-1.0,-1.0,
thzAqabqq0M,Standard,8.5,7.5,
emNUbHWBfW4,Standard,5.0,0.0,
_OHo_ndE-f4,Standard,5.0,0.0,
0eNTulqiWMs,Standard,-1.0,-1.0,
JKYDp4XV2fY,Standard,3.0,7.5,
B0ww9042X_8,Reaction,8.5,6.5,
dZeqaSP5lz8,Standard,7.5,6.5,
4tEQidI24Pg,Standard,7.5,9.5,
-K_t1P6_8KE,Standard,8.8,8.0,
IFlMHN_5OHI,Standard,9.0,9.5,
aarR5l2mQGQ,Standard,8.5,7.5,
PuT4-pPGMX4,Standard,-1.0,-1.0,
INw97rerRNs,Standard,9.5,8.5,
sY2ujfTJW3Y,Standard,-1.0,-1.0,
feq9thxm5tI,Reaction,-1.0,-1.0,
yxLxGdXTHOY,Standard,2.5,0.0,
8o_iZBqMtkI,Standard,-1.0,-1.0,
BiYeYjq4mYY,Standard,8.0,8.0,
9iRBpoqfMvc,Standard,-1.0,-1.0,
GV3FqJTsPNc,Standard,6.5,8.5,
cQclyMv-wuM,Standard,5.0,0.0,
Xk84qpNtOaI,Reaction,8.0,9.0,
62QNyRfaNH8,Reaction,7.5,7.0,
IeYIcjo8GQw,Standard,3.5,0.0,
9yS7Y16ZNS0,Standard,3.5,5.0,
cVYeVcS3-Ic,Standard,-1.0,-1.0,
9nm3w7k2qns,Standard,-1.0,-1.0,
Px5-A_UTi-k,Reaction,3.5,0.0,
g_3_ytfuSaQ,Standard,7.5,8.5,
btlFjY5jeus,Standard,-1.0,-1.0,
LFR1702xkgk,Reaction,8.5,9.5,
3RfDV1JVhIo,Standard,5.0,0.0,
aHw5RQHtyfw,Standard,4.0,0.0,
2UF7Ko8Ezcc,Standard,3.5,0.0,
77qDE_t8JlA,Standard,-1.0,-1.0,
lH3sFKMBGzQ,Standard,-1.0,-1.0,
BrwMiGxf7hw,Standard,-1.0,-1.0,
9cyQWpPtRKY,Standard,3.5,6.5,
ZXX1QTfj4aI,Standard,8.5,7.5,
8Gh70Uz2X_s,Standard,-1.0,-1.0,
HIvBtSeyQgk,Standard,6.5,7.5,
Bi4SP_Uohhs,Standard,4.5,4.0,
KxQkrKCFs7w,Standard,8.5,8.5,
ncb3V8xbMMY,Standard,5.0,0.0,
8oCnFNBbyKU,Reaction,7.0,7.5,
Nn_jtt-vlfY,Reaction,9.5,9.5,
BKHGhkwMGU0,Standard,9.0,3.5,
ZLAmQoBrq_A,Reaction,4.0,1.0,
sAwAMEXychQ,Standard,7.5,4.5,
FRK1uOKJpjk,Standard,7.5,7.0,
PvlMbq6gv3Y,Standard,5.0,0.0,
_k5Ns3tk3Hs,Standard,5.0,0.0,
6HdxZpnMoYU,Standard,-1.0,-1.0,
VIiQjIKzD7k,Standard,8.0,7.0,
qwGZVJMEqTc,Standard,5.0,0.0,
0N0NtBNVL70,Standard,6.0,2.0,
jsmkI1DWsxY,Standard,5.0,0.0,
Gh9Dhakx1U4,Reaction,-1.0,-1.0,
fHOIRL88KoE,Standard,7.5,4.5,
--zSYK5wk6U,Reaction,7.5,7.5,
7d3kCiMPbsY,Standard,5.0,0.0,
XJsRwxxinPw,Standard,-1.0,-1.0,
0_R_kN15xOM,Standard,8.0,7.5,
gcYyn5ZByEI,Standard,-1.0,-1.0,
lS7rCFtT51w,Standard,6.5,0.0,
epRrBJHyIqs,Standard,8.5,9.0,
o9z18PRuQ5M,Standard,-1.0,-1.0,
cULTqwBkC0A,Reaction,7.5,8.5,
7sHNhWcZnac,Reaction,8.5,7.5,
bA8cJbjmplk,Standard,5.5,6.5,
UGezKXDaMxc,Standard,3.5,0.0,
naL0w5jQLMI,Standard,-1.0,-1.0,
2_R5pYisdxo,Standard,5.0,1.0,
8VrpE59738E,Standard,8.5,8.5,
sB0-wDiEt30,Standard,8.5,9.0,
TWJU6N5IbOA,Reaction,8.5,8.0,
_KTw6N4WVzA,Standard,-1.0,3.0,
SkV_1eHvEOI,Standard,5.0,0.0,
tG9wh6v-SRw,Standard,7.5,8.0,
zaGPru5TQA0,Standard,6.5,4.5,
ftvgazZSHnk,Standard,8.5,9.5,
y6ktPPqwYHI,Standard,-1.0,-1.0,
G8dTIVviwQw,Standard,-1.0,-1.0,
KazEFpKGSkU,Standard,5.0,0.0,
4snJ-UZmN2M,Standard,1.5,1.5,
TFDXoRP9bH8,Standard,-1.0,-1.0,
pXijKRVqXbc,Standard,3.5,0.0,
zK0ZepPhsec,Standard,5.0,0.0,
hkDpOZpqBag,Standard,7.5,6.5,
75ZRxizR9Os,Standard,5.0,0.0,
hVhkgX56cGU,Standard,7.5,6.0,
Xj3j6Y5w8YI,Standard,5.0,0.0,
-9fudeeNWKY,Standard,4.5,0.0,
4fA3wRyTtAw,Reaction,6.5,7.5,
vgZhZPu-45Q,Standard,5.0,0.0,
HzLRzbQpWPE,Reaction,8.5,9.5,
lEtRZX8-Uz8,Standard,-1.0,-1.0,
Else5LAUXAE,Standard,5.0,0.0,
LlD_lEMpGoc,Standard,5.0,0.0,
yw-WEUwPXXI,Standard,7.5,9.0,
k825h01N1mE,Standard,4.0,0.0,
9MEngGuHMHk,Standard,5.0,0.0,
yQcrtgjWIlY,Standard,5.0,7.5,
2xFt3hW4Gyk,Standard,4.5,0.0,
cl1cUgPB4pc,Standard,7.5,6.5,
FIV3-Jy8KbI,Reaction,6.5,7.5,
KakqGr-f818,Standard,-1.0,-1.0,
E5auCwAlcHU,Standard,3.5,1.0,
Fguc7vSAZCk,Standard,6.5,1.0,
6hhUATPWRac,Standard,6.8,0.0,
yRN30i-sAIs,Standard,5.5,4.5,
Phb4HhG49ZI,Standard,5.0,1.0,
VS75_49lWbM,Reaction,7.5,7.5,
HHVDNK55IkI,Standard,8.5,8.5,
BPRBSxFTJaM,Standard,-1.0,-1.0,
K67nYpUJl3s,Standard,7.0,6.0,
1M-4yuIWR_8,Standard,2.5,1.0,
owcOJdjvFBE,Standard,7.0,7.5,
6fhD9Z8ke4g,Standard,7.5,6.5,
MUDV5TXjQOg,Standard,5.0,0.0,
QE4Roh0YuPI,Standard,-1.0,-1.0,
gvGhqlFqw4Y,Standard,5.0,7.0,
fWOSe-55BvE,Standard,5.0,5.0,
qF4lfQXKkzE,Standard,-1.0,-1.0,
_Li-T-QeqDU,Standard,5.0,0.0,
-2Yz9tHw_Vk,Standard,9.5,9.5,
dTSp5rWWdrU,Reaction,-1.0,3.5,
8k5JwYwePuU,Standard,5.0,0.0,
IOQU2NyoeCs,Standard,2.5,0.0,
MyNvZDPYxNE,Standard,-1.0,-1.0,
6xEezxBOkM4,Standard,6.0,7.0,
ej4ym5lwZPk,Reaction,-1.0,-1.0,
DgMsVNS_8U4,Standard,5.0,4.0,
PmT711AiZek,Standard,-1.0,-1.0,
F_lAxnEdFCg,Standard,8.5,9.0,
z75g3FrB8o8,Standard,9.0,9.5,
UUqVppUFyeo,Standard,8.5,9.0,
DWDNPA0DXbk,Reaction,6.5,6.5,
RxG1m_ZGDBY,Standard,-1.0,-1.0,
Py7AaTSOlDM,Standard,-1.0,-1.0,
N1zWuDLvtq4,Standard,-1.0,-1.0,
aq-nanVdK_k,Standard,2.5,0.0,
6idOla9QUGU,Standard,5.0,3.5,
cxCpqV2EW1g,Standard,-1.0,-1.0,
tJuJ-7Dob7o,Reaction,8.5,8.5,
DfPJM8_OZHI,Standard,9.5,9.0,
-bYfMe5AB-Q,Reaction,8.0,8.5,
lDSdIFCdcoU,Standard,7.5,9.0,
YLCTim6Pv3U,Standard,3.5,0.0,
MOx8KFCDcF0,Standard,5.0,0.0,
gduyizw-bKQ,Standard,5.0,0.0,
m1J9UVekG_c,Standard,6.0,7.5,
ZqEZPb0n9WU,Standard,-1.0,-1.0,
HEaiQaPaf3c,Standard,1.5,7.0,
yIJVWtZFMPo,Standard,5.0,0.0,
9vUjEABwJiQ,Reaction,7.5,8.5,
ChbVIfOilMo,Standard,9.5,9.0,
u--8E_YThHI,Standard,6.5,8.0,
2vepby6zW0Y,Standard,6.5,6.5,
4hXYd48K0iw,Standard,-1.0,-1.0,
FOJSK4oBbH0,Standard,2.5,8.5,
x0w3onLRsu4,Standard,8.5,8.5,
nl8u7ZJokEU,Standard,-1.0,-1.0,
daayIz6dLsE,Standard,6.5,7.5,
xc4lieKeT3I,Standard,4.5,0.0,
EmpXrluHLwM,Standard,6.5,4.5,
knKMvILHi-I,Reaction,5.0,8.5,
I8AaAuNrcX4,Standard,7.5,8.5,
J96Opf8nAd4,Reaction,2.5,1.0,
ldNg7Bb58vU,Standard,7.5,6.5,
QmcmeCPd0IE,Standard,-1.0,-1.0,
ruskN1ZxKOE,Reaction,8.5,8.5,
-BLWiNr92-U,Standard,8.5,9.0,
FS1zKG8hpC0,Standard,6.5,3.5,
ji3eR4OGcoQ,Reaction,7.0,1.0,
gWykdN0Scbo,Standard,-1.0,-1.0,
0T12w5_CH5o,Standard,5.0,0.0,
pfbs6zJx7FQ,Standard,-1.0,-1.0,
OF2iu2gzvOs,Standard,2.5,7.5,
f2yspe03Tv0,Standard,5.0,0.0,
GmgXkmB_bpQ,Standard,9.0,9.0,
1NKrA9JsDR4,Standard,8.5,9.0,
qIDGFK-STNY,Standard,3.5,7.5,
rXGyl8n9vf8,Standard,4.0,0.0,
6T1GgRGjTaE,Standard,5.0,0.0,
E2xP4B9UsW8,Standard,5.0,0.0,
nbHfB85JEZg,Standard,5.0,0.0,
1oF7QM3UIiI,Reaction,1.5,2.5,
d7KBD0XS_D8,Reaction,0.5,9.5,
cZgVqkEW9D0,Standard,9.0,9.5,
ffDkxgBsPdE,Reaction,7.5,9.0,
Ie_KfF0haDo,Standard,7.5,4.5,
16DmDaDGUsw,Standard,-1.0,-1.0,
OlA98hhIL-s,Standard,-1.0,-1.0,
8_l-V_N-x6g,Standard,3.5,0.0,
t_05yU5s7aU,Standard,5.0,0.0,
hzaESvJGwfA,Standard,5.0,0.0,
0AHOyGmtOb4,Reaction,7.5,8.0,
tgwQSVRRw3c,Standard,5.0,0.0,
240A7qZJi6I,Reaction,7.5,9.5,
hYduQwGy8Ys,Standard,5.0,0.0,
q5tW4iyX590,Standard,-1.0,-1.0,
Lsw46ouuAec,Standard,-1.0,-1.0,
CNdORtdHW8w,Standard,-1.0,-1.0,
_0slol-ACto,Standard,-1.0,5.0,
M-5VmCzGZGw,Standard,5.0,1.0,
aSwTDVDizrE,Reaction,2.5,0.0,
unbLX8cECpw,Reaction,4.0,6.5,
8CrHyFU_tvs,Standard,7.5,8.5,
QYWmIAt7PR4,Standard,5.5,7.0,
6PKgzKxVPnc,Standard,-1.0,0.0,
a1BJ71KWxHo,Reaction,8.0,9.0,
FlE_pBc6IzY,Standard,7.5,6.5,
Uy2axQYWwa8,Standard,7.0,2.0,
bGK4LMj9_2o,Standard,7.5,8.5,
hDSTndyVKPg,Standard,-1.0,-1.0,
HgT6kFiAjZM,Reaction,7.0,8.0,
0gjaSAGlHas,Reaction,8.5,9.5,
luLH7NbuAd0,Standard,-1.0,-1.0,
00ALLeXL0Rg,Standard,7.5,1.0,
5CS-vxhY7iQ,Standard,-1.0,-1.0,
0P7QVIBc_Ws,Standard,7.5,9.0,
TqoTUDLxJ5w,Standard,6.0,8.5,
fjTuEh2RZYE,Standard,7.5,6.5,
HOU-cHA60Iw,Standard,1.0,8.0,
F9UVgDkFvM4,Standard,-1.0,-1.0,
6ARTgdleGtg,Standard,-1.0,-1.0,
IQqHPfWAgsY,Standard,8.0,9.5,
DWJbnjABons,Standard,8.5,9.5,
ICYg4ajuC9c,Standard,-1.0,-1.0,
p1zTg71hofk,Standard,8.5,9.0,
243Ua1VJ04k,Standard,-1.0,-1.0,
VhkFa5WJCXA,Standard,5.0,0.0,
K0YqvoU08Sw,Standard,7.5,8.5,
FW_huVWbjs4,Standard,2.5,0.0,
r56nwMiHLu8,Standard,7.0,8.5,
oodrmGLKObw,Reaction,8.5,9.5,
ufLb6w-9Zy4,Standard,5.0,0.0,
Cspw1gsheWY,Standard,7.5,7.0,
Z-Nol-j4aHk,Standard,-1.0,-1.0,
V9DYgJmBrj0,Standard,1.5,2.5,
cO-NzeAjdv4,Standard,7.0,9.0,
_ZCKnU5P29A,Reaction,7.5,8.5,
XoWTtPs0iVU,Standard,-1.0,-1.0,
O6YrzUUJasM,Standard,7.0,0.0,
yg_aaYo4Zn4,Reaction,2.0,8.5,
w6dGisEpPNE,Standard,5.0,0.0,
uqQKK_hs8MA,Standard,-1.0,-1.0,
fgTPXQ1ljy8,Standard,7.5,8.5,
PO3aPhC9h-E,Reaction,7.5,8.5,
5TR3UgJF8nI,Standard,5.0,0.0,
-m89TyVDl0c,Standard,5.0,7.0,
vL9rHC5_tLA,Standard,5.0,0.0,
6knP-Zyk2Ig,Reaction,5.0,8.5,
VAwxSYo94Ek,Standard,6.5,4.5,
o1Nrhyy-psc,Standard,8.5,8.5,
8KZt_Sn4cVc,Standard,5.0,0.0,
novuvev5TN0,Standard,9.0,9.0,
tVKUU4aTBrA,Standard,-1.0,-1.0,
iJ1eYnvYNv0,Standard,-1.0,-1.0,
jGSBeYcA8YI,Reaction,7.5,8.5,
E7L9yc-JR9U,Standard,6.5,8.5,
fomPg90fsSo,Standard,5.0,0.0,
7ipIs4JVZg8,Standard,5.0,0.0,
B3hxS-mMLg4,Standard,8.0,9.0,
f_ISsicEiMY,Standard,4.5,6.5,
9LFDzlneUdQ,Standard,5.0,0.0,
K9xwGIeB_kY,Standard,5.0,0.0,
lsEc42m0Z7A,Standard,-1.0,-1.0,
smyH-0-2TCc,Standard,6.0,9.0,
2SilVk8N31Q,Standard,5.0,0.0,
-VHf3shj9Bg,Standard,-1.0,-1.0,
Ifhsc7RI4aA,Standard,5.0,0.0,
6D9gdq5WEIs,Standard,-1.0,-1.0,
zRtcpbjRpN8,Standard,5.0,0.0,
HrE4rQSLViQ,Standard,-1.0,-1.0,
qze6sSaVd_E,Standard,-1.0,-1.0,
t9kh35tF1-w,Reaction,2.0,6.0,
oFs1r7F0vIo,Standard,5.0,0.0,
cPTjlD0kytE,Standard,-1.0,-1.0,
49SJMVQCdaA,Standard,-1.0,-1.0,
a2ytPdjf7v0,Standard,3.5,0.0,
6RzY1vOoJKw,Standard,-1.0,-1.0,
xt1d0r-bkLk,Standard,-1.0,-1.0,
JAgED1um8Kg,Reaction,7.0,9.0,
IK4tQ9MNtc8,Standard,8.0,8.5,
vKDWDOiI7_4,Standard,5.0,2.0,
v1STos-UKVY,Standard,7.5,8.5,
Cjjmizm9uPk,Reaction,-1.0,-1.0,
kaubXwSfjRQ,Standard,2.5,0.5,
vNGcTO-z84c,Standard,8.5,9.5,
d9umyJbSq3o,Standard,-1.0,-1.0,
Bud8L--Xt2g,Standard,2.5,0.0,
gKTeVeWJPRY,Standard,5.0,0.0,
r-CoRMzYHMc,Standard,-1.0,-1.0,
uyQtG60z5LE,Reaction,5.0,0.0,
E_jGMZfmcoc,Standard,5.0,0.0,
C1vzb17vQbw,Standard,5.0,0.0,
Yn3NyzBW6P4,Standard,-1.0,-1.0,
N1diPK7W5gs,Standard,6.0,1.0,
8wSroE2r-YA,Reaction,7.0,0.0,
IoNuce6q6dE,Standard,9.5,9.5,
zPtq1lE93dk,Standard,3.5,0.0,
528KHamjP_Y,Reaction,7.5,7.5,
T-ZBLn1NGLs,Reaction,-1.0,-1.0,
SzQVCYvbGrU,Standard,8.0,9.5,
g42FLNSF7R4,Standard,7.5,9.5,
fLJ8xoPxWF0,Standard,8.0,9.0,
p8D3PUvSyms,Reaction,5.0,0.0,
vKqlkpHpHbk,Standard,8.5,9.0,
fnPR6hKPy4U,Standard,3.0,1.0,
2TvNm15CO4E,Reaction,7.5,8.5,
7ojx-nDcgU0,Reaction,5.5,6.0,
5aQGPWDW8x8,Standard,5.0,0.0,
EoWln3irXDo,Reaction,5.0,8.5,
8sQW-aakn2E,Standard,7.5,7.5,
dSUMHqRU4SA,Reaction,-1.0,-1.0,
c6RumrQSMQ0,Reaction,7.5,9.0,
c1ZTQpnFkqM,Reaction,7.5,8.5,
XRyPnK1fZHM,Reaction,-1.0,0.0,
iKugB9_oB4o,Standard,6.0,7.5,
J7g2YUW_HN4,Standard,5.0,0.0,
8e070OCEAWI,Reaction,4.0,1.0,
nujsTAYacm0,Standard,7.5,8.5,
urxrzA1n_UE,Standard,8.0,9.0,
-NSng4qao0I,Reaction,5.0,0.0,
w6t5rfDWFfY,Standard,2.5,7.5,
-bWVULx2hAY,Standard,5.0,0.0,
VAuH6YzD1yw,Standard,-1.0,-1.0,
_TdXjS1E_dQ,Standard,-1.0,-1.0,
SN1BGZ4NDY0,Standard,8.5,8.5,
5MPjDurGkuc,Reaction,9.5,9.5,
qRn3lr4if7s,Standard,8.5,8.5,
ILWyLWR-Arg,Standard,-1.0,-1.0,
Vz1oZ8Icaas,Standard,4.0,0.0,
Ilkr_WjzXh8,Reaction,8.5,8.5,
nlFTzAQH71U,Standard,8.5,9.0,
YjEvo6_3n2E,Reaction,-1.0,-1.0,
sqYGXCbVxWA,Standard,7.5,7.5,
YTXdwnB6TyQ,Standard,8.5,8.5,
1aeZ65FeTTM,Reaction,6.0,8.0,
8suwYxs6rE4,Standard,5.0,3.5,
2IprIzIMSJU,Standard,-1.0,-1.0,
qb4EF69tOGI,Reaction,7.5,7.0,
eTsoaXTqqyE,Standard,-1.0,-1.0,
e1kB7lXdLco,Standard,5.0,0.0,
LdAjORRobQo,Standard,9.0,9.0,
AEg94IW9x1k,Standard,5.0,0.0,
O624mbwK5PE,Standard,-1.0,-1.0,
XmKz9pyiyzA,Standard,-1.0,-1.0,
nenBTiOtzKo,Standard,-1.0,-1.0,
ljfeMcoQoCc,Standard,8.5,9.0,
w2gawLlRKAY,Standard,5.0,0.0,
QdZwOuLnmnc,Standard,7.5,0.0,
KrI1eHXzGew,Standard,5.5,2.5,
vK9BGHbsTCU,Standard,-1.0,-1.0,
731-ZrYycQI,Standard,4.5,2.5,
4WMyKSfB9ZQ,Standard,7.5,5.5,
JilGcdslBK4,Standard,-1.0,-1.0,
SSriH8KY9GM,Standard,-1.0,-1.0,
aZGx8pBZFrE,Standard,7.0,8.5,
s9DmIdRO224,Standard,0.0,8.5,
bPK3K70IVBs,Standard,8.5,8.5,
wSCoR6yiFzc,Standard,-1.0,-1.0,
slecmeC9iEU,,,,"{'method': 'POST', 'url': 'https://api.example.com/data', 'headers': {'Content-Type': 'application/json', 'Authorization': 'Bearer YOUR_TOKEN'}, 'body': {'name': 'John Doe', 'email': 'john.doe@example.com', 'age': 30, 'is_active': True, 'roles': ['user', 'admin'], 'address': {'street': '123 Main St', 'city': 'Anytown', 'zip_code': '12345'}, 'preferences': None}}"
Gao4mXA0qIQ,Standard,3.5,0.0,
ouMPr8YbHLw,Standard,-1.0,-1.0,
88Bl7ymU-FM,Standard,-1.0,-1.0,
apfaLG4oa6Y,Standard,8.5,8.5,
tXxr-vuACiw,Reaction,-1.0,-1.0,
B3ksBPj9lKA,Standard,-1.0,-1.0,
Du3jI92XAjE,Reaction,8.5,7.5,
oWrjCzx-cGw,Standard,5.0,0.0,
mccgCl-9WTI,Standard,-1.0,-1.0,
CgCMwP1sSkg,Standard,5.0,0.0,
hacGobSnV7o,Standard,7.5,4.5,
E_HY2KfRjk8,Standard,5.0,6.0,
IzZzqWw-wME,Reaction,7.5,9.0,
C-FQ_idr_7U,Standard,5.0,0.0,
osI5e8Vfmyw,Standard,4.0,7.0,
9d29ANR7v-A,Standard,5.0,0.0,
W6q3sUpqauI,Reaction,5.0,7.0,
L6VpPpjSMV8,Standard,8.5,8.5,
bIygJD95eLQ,Reaction,7.5,8.5,
3n4u2gQ4XMU,Standard,-1.0,-1.0,
eSvR-b7Tq8I,Reaction,7.5,8.5,
iq8n10L7m8c,Standard,3.5,0.0,
JYH6wDN8tA8,Standard,8.5,8.0,
Rmm99T2aw_c,Standard,6.5,7.5,
n78i_4wwS6k,Standard,-1.0,-1.0,
y-D7zrH68v8,Standard,-1.0,-1.0,
tzscud3FVQ8,Reaction,8.0,9.0,
j0eRuJcANF0,Standard,-1.0,-1.0,
k8hlcKNDzeQ,Standard,2.5,2.0,
SpBUMtuG1ec,Standard,8.5,9.5,
Sjhej5YFobQ,Standard,6.5,7.0,
56JM4EKwtlY,Standard,9.0,9.5,
d0mW66rdvxU,Standard,5.0,0.0,
uo8szFZ1en0,Standard,7.5,4.5,
fM1bjhH0cEg,Standard,5.0,0.0,
8C3dFAWBJF4,Reaction,8.5,9.0,
x2OJj-CoHS0,Standard,3.5,7.5,
qiXah0Zxsp8,Reaction,8.5,9.5,
qeeYNti7_H0,Standard,-1.0,-1.0,
VzJTV4FgG9U,Standard,-1.0,-1.0,
mODtNLqgy_Q,Standard,7.5,7.5,
YXm1pxInm5I,Standard,5.0,0.0,
W46-A4dGlGg,Standard,5.0,0.0,
6ZcvfQFYd6A,Standard,-1.0,-1.0,
F3Ea3gbz4h8,Standard,4.0,7.5,
Gskij4VfYao,Standard,9.5,9.5,
UQNjBS6Da6U,Standard,4.5,0.0,
39-BJbqjPxc,Standard,8.5,8.5,
vCkM9c_PBaI,Standard,-1.0,-1.0,
OzcSPNBdrBI,Standard,-1.0,-1.0,
vJi5GSB6Vnk,Standard,9.0,9.5,
KJqpBE1V4NU,Standard,3.5,0.5,
J0BWHi7OhrY,Standard,-1.0,-1.0,
xDL4pvly1T4,Standard,5.0,0.0,
GGkYQwN3y68,Standard,-1.0,-1.0,
_vF0qBiUUSE,Standard,-1.0,-1.0,
_LghMkoTqKE,Standard,5.0,0.0,
F_Z9eEDtizI,Standard,7.5,9.0,
WvSAzQujIaI,Reaction,8.5,8.5,
XOJl6J7DNEw,Standard,9.0,9.5,
_i1j7PgQ_VQ,Standard,3.5,0.0,
5PQP0G3BeR8,Standard,7.5,9.5,
DRpQZy_Hsmg,Standard,-1.0,-1.0,
p-ZYPH8iSG4,Standard,3.0,8.5,
qApbtH7kgfw,Standard,5.0,0.0,
KW_zpw9ZMCI,Standard,7.5,8.5,
MUISER8V9kU,Standard,5.0,0.0,
k0bs1lef-jo,Standard,8.5,7.5,
qWNx5g_X3LY,Standard,6.0,8.0,
Vl42_i6IFoU,Standard,-1.0,-1.0,
wCf170MXrL0,Standard,-1.0,-1.0,
h_8ymqMSLrU,Standard,-1.0,-1.0,
blixSeVJXmM,Standard,8.0,8.5,
FUSBIakpGYk,Standard,-1.0,-1.0,
qWAEdFmnWCY,Standard,8.5,8.5,
-rLaaaP38OQ,Standard,5.0,8.5,
8AKsoVvJqu4,Standard,-1.0,-1.0,
Edkqqp6Pdzg,Standard,-1.0,-1.0,
v6SbObWudjQ,Standard,5.0,0.0,
YHSzfdJJzSU,Standard,5.0,3.5,
QONPvFRHOT4,Standard,5.0,0.0,
3j2q_RKwIs8,Standard,-1.0,-1.0,
Fm1pUJMTv_s,Standard,3.5,1.0,
tRjZhoGx4qM,Standard,-1.0,-1.0,
CBLmbihbGJM,Standard,-1.0,-1.0,
etasUVD536M,Standard,8.5,8.5,
mbMI-bfo-Pc,Reaction,8.5,9.5,
7TrArplxyCM,Standard,7.5,8.0,
ASpVoMTZbWQ,Standard,-1.0,-1.0,
zFk7AyesLWo,Standard,8.5,9.0,
988Vaqnwruc,Standard,5.0,0.0,
vtJ_4fCHhg8,Standard,5.0,0.0,
z9lcY0dtkbo,Standard,9.5,9.5,
qvfGB4fgWP0,Reaction,1.5,7.0,
bJDC41nol8M,Standard,1.5,0.5,
teZdAA4qImY,Standard,5.0,0.0,
HuOlrKn9GwI,Standard,5.0,0.0,
fKJSOxR08GM,Reaction,6.5,7.0,
aaH7Mxr1byM,Standard,-1.0,-1.0,
OYaiSvULmug,Reaction,3.0,3.5,
BjIpufQd7sw,Standard,-1.0,-1.0,
zxmcCfJwtXE,Reaction,7.5,8.5,
9Nw_iJQUHFw,Standard,7.5,6.5,
jQxJX8l9sbg,Standard,9.5,9.5,
CX1T0I7WAb4,Standard,7.0,6.5,
FqqUtMpobbo,Reaction,2.5,1.0,
h1-DLVAmO_8,Standard,-1.0,-1.0,
KHRUKxsJrD0,Standard,7.0,1.0,
iex0Ux9W5FE,Standard,-1.0,-1.0,
9E-NbX77C5U,Standard,5.0,0.0,
W5rJ1um5JVA,Standard,7.5,6.5,
GW5XST-1eiE,Reaction,8.0,9.0,
YE27P6qRMvo,Standard,5.0,0.0,
O01luByRUqs,Reaction,8.5,9.0,
gEIGuG-tRG0,Standard,5.0,6.5,
G7PKj-pv-8o,Reaction,0.5,7.5,
na6aOUSPGpo,Standard,-1.0,-1.0,
rps728nGRWA,Standard,3.5,8.5,
wMZLBug1WZY,Standard,-1.0,-1.0,
QQKhuUieXp4,Standard,8.5,9.0,
T4TMZz4_UkI,Standard,-1.0,-1.0,
aIt56dsRjlw,Standard,7.0,6.5,
ABW99YQzWag,Standard,8.5,9.5,
eotTxodm7fg,Standard,4.0,8.5,
rv_bYZJUOuU,Standard,5.0,7.5,
IR3xu9Qstsk,Standard,8.5,7.5,
gJADXAjFYdE,Reaction,7.5,7.5,
t5yoCAnO5XA,Reaction,9.0,8.5,
3MYYhL0zZ-g,Reaction,1.5,7.5,
RNd52QPNDJs,Standard,8.5,8.5,
vfOzqwVSbwQ,Standard,-1.0,-1.0,
p9pyIEiNo88,Standard,7.5,8.5,
R3W7ZK2NfN0,Standard,-1.0,-1.0,
dRLmRp25qvY,Standard,-1.0,-1.0,
XI0-jfKXETg,Standard,-1.0,-1.0,
1_lp2VoUr2c,Standard,-1.0,-1.0,
k9Z2Vt1sJgo,Standard,6.5,2.5,
PvDLFdB1Bbk,Standard,-1.0,-1.0,
FIlWHL-wJPM,Standard,-1.0,-1.0,
fcNKkHC1IRY,Standard,5.0,0.0,
8armbMnXWBc,Reaction,6.5,8.5,
E_OtSUcB-pE,Standard,8.0,8.5,
FJUsd_s993Y,Reaction,7.5,8.5,
UCHGyckDh-k,Standard,-1.0,-1.0,
1tRbixk5lPg,Standard,8.5,8.0,
k6lQhynfrcM,Standard,7.5,7.5,
R5_Fp-ZlLUA,Standard,6.5,4.0,
2DlIGiu8w8U,Standard,-1.0,-1.0,
Oli34s7uGZA,Standard,-1.0,-1.0,
TK980JFuyh0,Standard,-1.0,-1.0,
flXVkFpRzaI,Standard,5.0,0.0,
NI07t9F_ecQ,Standard,-1.0,-1.0,
ioCjFGDIYEc,Standard,7.5,8.0,
0F4orGa2xh0,Standard,2.5,7.5,
6XCnT6L0QzE,Standard,5.0,0.0,
x7q-x5ng1JY,Standard,7.0,8.0,
Y8m8RbHlHs4,Standard,7.5,6.5,
5BOdyCggLIE,Standard,6.5,3.0,
sciN5YQWkYI,Reaction,-1.0,-1.0,
M3J_g58ow_A,Standard,1.5,6.5,
NMLQs3pVx74,Standard,-1.0,-1.0,
njO39VRxZG0,Reaction,7.5,8.5,
KM8GL-p5B8U,Reaction,-1.0,-1.0,
qxLxjklMXBY,Standard,3.5,6.5,
4LF8ma1UNC8,Standard,5.0,0.0,
5FzMd8anHQ0,Standard,6.5,0.0,
nHxB5ErZGhI,Reaction,6.5,7.0,
mtbK71PdL40,Standard,5.0,1.0,
mP6uSQPcnF0,Standard,-1.0,-1.0,
M0tOetYdIHg,Standard,7.5,8.5,
STUFasK05lo,Standard,-1.0,-1.0,
dEzws2fiSa0,Reaction,8.5,9.5,
ocuJj7azB7E,Standard,5.0,0.0,
yQOyQIOlPfQ,Standard,8.5,9.5,
OSREosyGhCw,Standard,-1.0,-1.0,
rjoFGQuUaik,Standard,5.0,1.0,
dx42P2DLwhg,Standard,8.5,9.0,
S_x7xav-gHw,Standard,4.0,0.0,
1LPlUvEsYG0,Standard,-1.0,-1.0,
SBIOmKFMjwo,Standard,-1.0,-1.0,
XdOi0TVF2NY,Standard,8.5,9.0,
dn6crG4nBTU,Reaction,-1.0,-1.0,
IZ7JgcU19T8,Standard,8.5,8.5,
pKteT63qD08,Standard,8.5,9.0,
vHsJB1QDOFQ,Standard,8.5,8.5,
zMVuUigK97g,Standard,-1.0,-1.0,
qSnsj02FHuM,Reaction,1.5,1.0,
ZN94SoVRAqk,Standard,6.0,7.5,
cw7TaCDL1xE,Reaction,4.0,7.5,
mvDttF5Da-A,Standard,5.0,0.0,
mFB4QFSUC3I,Reaction,7.5,7.5,
F3fiJCPdoLM,Standard,-1.0,-1.0,
vC2oLLQzwOY,Standard,-1.0,-1.0,
VrDPt8ZpbVQ,Standard,5.0,0.0,
yhRYxIpfmXk,Standard,7.5,9.5,
nVZvewz0Z1U,Standard,-1.0,-1.0,
t5uiSQ9Soig,Standard,5.0,0.0,
4a0JOiTgozg,Standard,7.5,9.5,
rtJo5szwTF0,Standard,8.5,9.0,
gpvx9_dOMLA,Standard,7.5,9.0,
x0disNHU6k4,Reaction,5.0,8.5,
fgKfo98ogH4,Reaction,-1.0,0.0,
GNfRNctEcEc,Standard,7.5,7.5,
tYCHDHaZqvU,Standard,7.5,7.5,
LaHjL0x1X2M,Standard,5.0,0.0,
fchFV_u2R68,Standard,5.0,0.0,
Mq4plS_j-sM,Standard,3.5,0.0,
cHE8Jdys1aA,Standard,5.0,0.0,
5rqHVTxnYvY,Standard,8.5,9.0,
kc6u-I1TlR0,Standard,4.5,0.0,
C6u9-Vay_cA,Standard,-1.0,-1.0,
zkwyueeTW_g,Standard,7.0,6.5,
sW2TAT-RAiI,Standard,-1.0,-1.0,
B-Mz92xWR8s,Standard,5.0,0.0,
vA8ZieHmqak,Reaction,7.0,7.5,
vLP99WnEQIk,Standard,8.5,9.0,
RXuoVx_9dRs,Standard,5.0,0.0,
ZmWTzDGLwlg,Standard,-1.0,-1.0,
mjkebHYLNxs,Standard,5.0,3.0,
PDnfigoOTsc,Standard,-1.0,-1.0,
xgd5j6azPA0,Standard,5.0,0.0,
6XKzn8G9v-0,Standard,-1.0,-1.0,
aFaTXyjnNfU,Reaction,1.5,2.5,
PVPv-9fTPZY,Standard,-1.0,-1.0,
_fnQb-vw8-o,Standard,8.5,9.5,
q7xIvlNyaLQ,Standard,5.0,0.0,
yJZkG25_NQI,Standard,5.0,0.0,
qA9XO_uv-JQ,Standard,-1.0,-1.0,
PMShUIZWaiA,Reaction,3.5,1.0,
wH1a7OLoTHQ,Standard,8.5,9.0,
wHqE-VjLciQ,Standard,6.0,0.0,
DNbIEZ2LaOY,Standard,7.0,0.0,
NEwSUJH66uU,Reaction,1.5,7.0,
yWDAAy23Sns,Standard,7.5,8.5,
xGPHMzlblGQ,Standard,7.5,8.5,
LeWX_1G5BbQ,Standard,8.0,7.5,
N4pDhrgV8Uk,Reaction,8.5,9.5,
IZ2mFmWRrvE,Standard,3.5,0.0,
y6Ptbq3oLhM,Reaction,5.0,1.0,
hJNxgjx6q3w,Standard,5.0,0.0,
huRhpmlHMKI,Standard,-1.0,-1.0,
2w5uGbsYO_A,Standard,8.5,9.5,
FAaBRqtmAiU,Standard,8.5,7.5,
FtsTYN1dLno,Standard,7.5,6.5,
cgqZbyJPFd0,Standard,7.0,8.5,
HbQm4JPchXU,Standard,-1.0,-1.0,
3Eqn3vtcBP4,Standard,6.5,8.0,
vpHfo8mjhGk,Standard,9.0,9.5,
u4w3-MdpLyM,Standard,6.5,6.5,
J5ZOoHpx9rY,Standard,-1.0,4.0,
mori11Zej5c,Standard,7.5,8.5,
o_ExeLcVJCc,Standard,5.0,0.0,
lVcSiAh_H34,Standard,6.5,0.0,
UBqFh2eb3cY,Standard,5.0,1.0,
LjH2kl-e-4c,Standard,-1.0,-1.0,
MVd_uI92gtI,Standard,-1.0,-1.0,
BoJkeCmtwkQ,Standard,8.0,8.5,
67esHnbOj1o,Standard,5.0,0.0,
OhZvfiN_eTY,Standard,-1.0,0.0,
423kp6Ber4c,Standard,8.5,7.5,
IM_hOYtisfg,Reaction,8.5,8.5,
SyiEf-gQNI4,Standard,7.5,6.5,
sSWgMmMb7pg,Standard,-1.0,-1.0,
6L94ythsuHo,Standard,8.5,9.5,
Q0ggfjuYI7U,Standard,5.0,0.0,
1GVvHb-RYg0,Standard,2.5,0.0,
Nuw8zvIPOJY,Standard,8.5,9.0,
IB-U9wzBjcg,Standard,8.5,9.0,
BRYR-bNKNPE,Standard,6.5,9.0,
3xT8_5LkNDI,Reaction,7.5,8.5,
8QsCDKHTc5Y,Standard,3.5,6.0,
5RH_L2dkSLQ,Standard,5.0,0.0,
a6dfpAYVBDU,Standard,9.5,9.0,
QI-eTMuBCRs,Standard,8.5,8.5,
Xvfci8ro_co,Standard,4.0,0.0,
km9iMf2bp7U,Standard,7.5,9.0,
xez5am9PJW8,Standard,5.0,0.0,
O4JsuDOL8EA,Standard,8.5,9.5,
ZMlqi5ZuoPM,Standard,7.5,7.5,
Gk7J_h8U4yY,Standard,5.0,7.5,
VGe09-PAuw8,Standard,-1.0,-1.0,
Dl9YwoSty1Q,Standard,4.0,4.5,
BjpKWOkuKng,Standard,5.0,0.0,
RoOCet1n884,Standard,5.0,0.0,
nDFq0fclKns,Reaction,7.0,9.0,
gqFGOiEbh88,Standard,3.5,0.0,
t4F0uXdv88U,Standard,6.5,7.5,
o4OZtiJ_QJE,Standard,5.0,0.0,
SeOHsvdUkCI,Reaction,6.5,8.5,
h3Op9G2hVpA,Standard,10.0,10.0,
1e775aB-R1s,Reaction,3.5,6.5,
RaATksBaHQI,Reaction,7.5,6.5,
nXnLpNr6kIE,Standard,4.5,0.0,
_JpzJhlRGVk,Standard,-1.0,-1.0,
YPBJC3GxOrc,Reaction,7.5,9.0,
kymkREmtgPQ,Standard,3.5,1.5,
faZUPKe47m8,Reaction,7.5,8.5,
xYV5UBqTBls,Standard,7.5,7.5,
J5w_Mi7Jc34,Standard,5.0,0.0,
8j7Bj0La5Q4,Standard,4.0,7.5,
j9_VzHDp8QE,Standard,5.0,0.0,
il3YTj29uGY,Reaction,7.5,7.5,
HlXpSbLVzvU,Standard,3.5,0.0,
HHM4MBIKDL4,Standard,8.5,9.0,
NVPKyHa3-V8,Standard,7.5,8.5,
eYUhPYAf2zM,Standard,5.0,0.0,
kOILi_tIC-I,Standard,7.5,8.0,
HBErn1kt5Qo,Reaction,-1.0,-1.0,
GCMuqwfEJqQ,Standard,5.0,0.0,
B-G7jiOcRVg,Standard,-1.0,-1.0,
kfmAsHPJWGI,Standard,-1.0,-1.0,
50Tf7Kbj6Rs,Standard,8.5,9.5,
kxVE5LYBmns,Standard,5.0,0.0,
zzcgMi3YfNc,Reaction,8.0,7.0,
J_4a0sHR2Cs,Reaction,1.5,1.0,
T882cg8gs58,Reaction,7.5,9.0,
ZMsOYMT2TjQ,Standard,-1.0,-1.0,
N677uGFQOZg,Standard,7.5,7.5,
LsCGffd5pGo,Reaction,7.5,6.5,
Iq8zl1DuDDU,Reaction,8.0,9.0,
LgyobVrWV5Q,Standard,8.5,6.5,
5BqI2Ef9elM,Standard,-1.0,-1.0,
bxwpLcJojII,Standard,5.0,8.0,
o4WFACkiV-8,Standard,-1.0,-1.0,
dJpXQLJBoCI,Standard,5.0,7.5,
6q1IU1VFgo8,Reaction,-1.0,0.0,
ZuBkmvxdsBo,Standard,-1.0,-1.0,
DY2qbqrCjYo,Standard,7.5,8.5,
a1Pga5IztX8,Standard,5.0,0.0,
PK-pGhU7yys,Standard,8.5,1.5,
wFPcJ9Iv2Gs,Standard,6.5,1.0,
pRM6VaDRFeo,Reaction,7.5,8.5,
ZTpBOjpiHRw,Standard,5.5,6.5,
Hi8SHMWesaM,Standard,5.5,0.0,
aO4BesHNMZ8,Standard,2.5,6.5,
K6eXBD0rzME,Standard,7.5,8.5,
MDKYTpjHxVA,Standard,5.0,7.5,
DWs5XggGY6w,Standard,2.5,0.0,
al9F6JbPq9g,Standard,-1.0,-1.0,
_wL15L1Bfog,Standard,-1.0,-1.0,
0rAhZ0mq6Cs,Standard,7.0,7.0,
GHeCnCtKkwU,Standard,4.0,7.0,
YR4M6mUHpsE,Standard,7.5,6.5,
7LiTwGBx5TA,Standard,7.0,8.0,
9H8V9PTR8hE,Reaction,9.0,9.5,
JXW4Yy5LDOs,Standard,-1.0,0.0,
TOdIxdd-IAw,Standard,7.5,9.0,
EFPyP-aYGlc,Reaction,2.5,1.0,
iEc-wt8dasE,Standard,7.5,8.5,
8vfASBvCeW8,Standard,9.0,9.5,
sy0MdZ-85wk,Standard,5.0,8.0,
jqTjLwefLx0,Standard,-1.0,-1.0,
CrC6MXTE40k,Standard,-1.0,-1.0,
_SN5ocsEkGA,Standard,-1.0,0.0,
hsB6inV4Q5o,Standard,5.0,0.0,
sgWvBBCNEZc,Standard,-1.0,-1.0,
ZZ8O5iPpy9M,Reaction,8.0,8.5,
5hz4PcXNH70,Reaction,8.0,9.0,
-o-z1mh-aZ8,Standard,7.5,6.5,
_NsVTFPUVIE,Reaction,3.5,1.0,
R4H7Taby0rg,Standard,5.0,0.0,
KtVE3FTc2gY,Standard,-1.0,-1.0,
YSu2Iy6hnss,Standard,5.0,7.5,
NyPAQt4RZDM,Reaction,8.5,9.0,
esK7Z7d5gOw,Standard,8.5,9.5,
DNiJZpEA3C4,Standard,5.0,0.0,
4u_c3xQyzx4,Standard,8.0,9.0,
iixxabe2FVg,Standard,-1.0,-1.0,
NM6UEY8hjfs,Standard,7.0,6.5,
cmS_dFGr424,Standard,5.0,0.0,
8cKZ7oXVDTs,Standard,5.0,6.0,
CBpLYfEsKbs,Standard,5.0,0.0,
RIMAlPJj_nA,Reaction,6.0,9.0,
cEvuIYcs-Bk,Standard,7.5,8.5,
4TqzoZTBo_Y,Standard,-1.0,-1.0,
qvst0JShis0,Reaction,1.5,8.5,
GWYmYM0Fk6c,Reaction,-1.0,7.5,
XnhOL4_Lxwk,Standard,-1.0,-1.0,
J04RG_EYttQ,Reaction,2.5,8.5,
t1MhnSK8uds,Standard,5.0,0.0,
vl7u2v4K0ec,Reaction,6.5,7.5,
kefPTWSNSdk,Standard,8.5,8.5,
5gflIz0yVu4,Standard,-1.0,-1.0,
aI1RGELjJPs,Standard,-1.0,0.0,
8xFXbs-iFfc,Standard,-1.0,-1.0,
I-EeYqtEqU8,Standard,-1.0,-1.0,
DLb6qVdIpDQ,Standard,-1.0,-1.0,
AhRMFVLh00k,Standard,5.5,1.0,
rtoSB1lsO-g,Standard,4.0,9.5,
t7x2-e8ZfCs,Standard,8.5,9.0,
7j7lB71rF38,Standard,7.5,7.5,
215xoXx7Ub0,Standard,8.5,9.5,
Mj0xvrFxgSQ,Reaction,8.5,9.5,
aZ77F3-L9jU,Standard,7.5,8.5,
R8Ecov5XwtY,Reaction,8.0,8.5,
v_-c-Ziou20,Standard,-1.0,-1.0,
7TzKker_rEk,Standard,2.5,7.0,
tuFH3EYie2c,Reaction,1.0,8.0,
iUrbtTUAUXk,Reaction,8.5,8.5,
zu5ejRznCEI,Standard,5.0,0.0,
5LVl6Xia2i4,Standard,6.0,2.0,
HW9XnMMtYk8,Standard,6.5,6.0,
EFV_FEA8TeE,Standard,6.5,7.5,
-D2dRlw8Ry4,Standard,-1.0,-1.0,
3FQxqvBE8uU,Standard,9.0,9.0,
iA7apzctUz0,Standard,3.5,0.0,
NDjdUW-JvlY,Standard,-1.0,-1.0,
wew8sArc4Fo,Standard,3.0,1.0,
vQpA0UUKKsE,Reaction,2.0,7.5,
s15ADZa3BvI,Standard,1.5,8.5,
h3mbWtyZyt4,Standard,5.0,0.0,
BbmZrZzYh1s,Reaction,6.5,2.0,
Edj6vwvQ2_g,Standard,7.5,8.0,
WJunO_1sx9Y,Standard,7.5,8.5,
QhvWM9DdGA0,Standard,-1.0,-1.0,
QEeGLJHXR5Y,Standard,7.5,6.5,
yoFP8KvKyXE,Standard,8.5,9.5,
STfWbcZqTt4,Reaction,1.5,0.5,
TfqMTQOUwiI,Standard,9.0,9.5,
aHsxQK78RQE,Standard,7.5,8.0,
hIiUxpH7LYA,Standard,-1.0,-1.0,
-kCDr13MKIk,Standard,-1.0,-1.0,
rP35qR93di0,Standard,-1.0,-1.0,
h3tNC0ufMHY,Standard,7.0,7.5,
msvUOmvfMZ4,Reaction,8.0,9.0,
g7NIqpjFF50,Standard,7.5,7.5,
zGySnpjRGUs,Reaction,-1.0,-1.0,
tEJzyypkJRU,Reaction,2.5,7.5,
KcKKtrKebII,Standard,-1.0,-1.0,
ioMO2PYRJ68,Standard,-1.0,-1.0,
wAB7G1EzhUI,Standard,5.0,8.5,
I2H6rgdnxdI,Standard,5.0,0.0,
1IhVyThW718,Standard,5.5,7.0,
s-jetLUqUUU,Standard,-1.0,-1.0,
hxw075UALGw,Standard,5.0,0.0,
lNW3V_mXGTU,Reaction,4.0,1.0,
9bgncYPOjC0,Standard,-1.0,-1.0,
ohOP3IHcnok,Standard,7.5,9.0,
7-4Ds-v3-pg,Reaction,-1.0,0.0,
NRsEnzrbkU8,Standard,-1.0,-1.0,
wlwBD-1Dnms,Reaction,7.5,9.0,
mjgmKBhC8tg,Standard,7.5,6.5,
nvkJV3L_wYo,Standard,7.5,9.0,
OHtANVEZY9Y,Reaction,5.0,0.0,
2a096zmpbGg,Reaction,1.5,7.5,
99yTuuF01-c,Standard,1.5,6.5,
sZf5jw-t-fw,Reaction,8.5,9.5,
z8AF1MGtVTc,Standard,7.5,8.5,
GnNx0a85pVQ,Standard,3.0,1.5,
PR_BdPympMw,Reaction,7.5,9.0,
P16fle4Frwc,Standard,-1.0,-1.0,
B-gJ4yotzGE,Standard,8.5,9.0,
fFYKZz9fbXk,Standard,-1.0,-1.0,
O9AwJ7knuh4,Reaction,3.0,6.5,
QE8g2JQBhyM,Standard,5.0,0.0,
GIdx9mSbrcE,Standard,-1.0,-1.0,
koe7WHEB14M,Standard,-1.0,-1.0,
NPz8v1wLdsk,Standard,-1.0,-1.0,
d0hS7iKq1zc,Standard,7.5,4.5,
2OvrbeVnxzg,Standard,7.0,8.0,
PZRd6xRPKEo,Standard,7.5,6.5,
MgWPFcdxVZI,Standard,6.5,4.5,
zfoRe27x3jU,Standard,5.0,0.0,
1JOqBkli6_E,Standard,-1.0,-1.0,
Tiz2iuXbp04,Standard,6.0,0.0,
XGpIjkRtFxw,Standard,7.5,7.5,
SwyimMXmwFc,Standard,3.5,1.0,
xXgn1iNRm14,Standard,5.0,0.0,
tBi_e8_w6xI,Standard,-1.0,-1.0,
6wYMiuW2BYw,Standard,5.0,0.0,
YN-WgdnhOLU,Standard,4.5,0.0,
mlEjc7HBids,Standard,8.8,9.2,
RZrrYaH_7-0,Reaction,8.5,8.0,
F0qQfN95cE0,Standard,-1.0,-1.0,
aF9yk_zu76U,Standard,8.5,9.0,
Z4iOoQIAgSQ,Standard,-1.0,-1.0,
mmoQMBQzX7s,Standard,6.0,7.0,
gNkJRZhXSCU,Standard,5.0,6.5,
k1_FYKN_yos,Standard,5.0,0.0,
ndGwh1APh6Q,Standard,5.0,2.0,
O74mFTYp5QY,Standard,8.0,9.0,
2Xc-Fv3WyR0,Standard,5.0,0.0,
KLzXhJeyQ1A,Standard,6.5,7.5,
MF7wp8l0UgI,Standard,4.0,2.0,
NPWvg5cGgsQ,Standard,7.5,8.0,
k0D5nCpgbZM,Standard,7.5,8.5,
L_U3tUn1LJ8,Standard,-1.0,-1.0,
HVc3tWQHblQ,Standard,5.0,0.0,
RB3MEt8cZ6Y,Standard,7.5,8.0,
K7tJKeS0vow,Standard,-1.0,-1.0,
2EPd8gEdkCE,Standard,7.0,6.0,
_48g4Ein_R0,Standard,7.5,8.5,
g8sNLJO5dfA,Standard,-1.0,-1.0,
2EbG2R7GQjU,Standard,8.0,9.0,
bs00lPMoeKg,Standard,2.5,0.0,
VjU47zFMbeA,Standard,7.5,6.5,
Y49t7_G0eS8,Reaction,4.0,6.0,
LWEsiTobRZ0,Standard,8.5,9.0,
a53RVOX2EE0,Standard,5.0,0.0,
QqctjpepeA0,Standard,7.5,1.0,
uy9dElLoTnM,Standard,5.0,0.0,
RuMfPhTBov4,Standard,-1.0,-1.0,
noHLZoLJSTw,Standard,5.0,0.0,
Zpl4LCZ31TQ,Standard,-1.0,-1.0,
bFuu3upK9Z0,Reaction,9.0,9.0,
OqNBywPjfRU,Standard,5.0,0.0,
SvlQ9n5CGNY,Standard,-1.0,-1.0,
ePuuzdhPALk,Reaction,2.5,7.5,
UY52b64mvOQ,Standard,5.0,0.0,
G1LEfIEHNTQ,Standard,-1.0,-1.0,
Uh_mtKhLyC4,Standard,4.0,1.0,
40IVoVS2oyA,Standard,4.5,0.0,
reWdCozm8hE,Standard,3.5,0.0,
QBLVV5njkvI,Standard,7.5,6.5,
M87B5cuWceE,Standard,8.5,9.0,
Jrd9AUxx_n8,Standard,4.0,3.5,
1Sfs04wAb5A,Standard,5.0,0.0,
Fuf8fKBCIos,Standard,5.0,0.0,
JQtgV3SqdNM,Standard,-1.0,7.5,
aOYvHURqsI0,Standard,5.0,3.0,
IAQpRWurzDE,Standard,8.5,9.0,
FuJmB-tcW9o,Standard,5.0,0.0,
ZWr2e6sJORE,Standard,8.0,9.0,
HHTY66O3zFM,Standard,6.5,7.0,
wjJgQs1wdho,Standard,2.5,3.0,
nz7aMkBZgGM,Standard,3.5,0.0,
8E3S9zGnG9Y,Standard,-1.0,-1.0,
VwIMo_xO1DQ,Reaction,9.5,9.5,
h-aqGTtIlWY,Standard,-1.0,-1.0,
0QlJRjZ1grQ,Standard,8.0,7.0,
x4ms74GOJq8,Standard,7.5,8.5,
0aWiafWWB6g,Reaction,-1.0,-1.0,
2S4zDz5G9F8,Reaction,5.0,0.0,
1Gzl08Jpjtg,Standard,5.0,0.0,
TVTzWaCXQ5s,Standard,5.0,0.0,
2y8pSSNiunQ,Standard,3.5,0.0,
85LByA7KVRw,Standard,8.5,9.5,
W_Eo1qJMi1I,Standard,-1.0,-1.0,
UI5HIfs0K8A,Standard,-1.0,-1.0,
J15odE8ZN7I,Reaction,8.5,9.5,
v3o4dkp7P5o,Standard,7.5,7.0,
NXPIj0UtClQ,Standard,8.5,9.0,
uH_rblb4GtE,Standard,-1.0,-1.0,
UGZaASLO5cc,Standard,5.0,0.0,
LoUGOsPTOps,Reaction,-1.0,-1.0,
hznedifIiS4,Reaction,0.5,1.5,
tTNT8I5gG_w,Standard,1.5,0.0,
ufROPA0RXIo,Standard,3.5,3.0,
HCE7zjnU97c,Standard,4.5,0.0,
XGcIrUUj1mc,Reaction,8.0,8.0,
PyoZFxLb-yo,Standard,5.0,0.0,
2smRzIQQngY,Standard,5.0,0.0,
c581bNgfbqA,Reaction,-1.0,6.5,
umhsOHSX83w,Standard,8.5,8.5,
meXrYXTHz9w,Reaction,5.0,0.0,
e_2e5B_btcA,Standard,-1.0,-1.0,
AIvGcDn6akU,Reaction,5.0,0.0,
FPaVRbwIXvY,Standard,-1.0,-1.0,
okxdcbfi22k,Standard,9.5,9.5,
HFzxUNsZyoY,Standard,6.5,4.5,
ef2URN1iYa0,Standard,-1.0,-1.0,
smKZAFbZxJw,Standard,-1.0,-1.0,
MeZ6Mg6ohcI,Standard,3.5,3.5,
NaDLQml-dFo,Standard,5.0,0.0,
mFEfF1YHSRw,Standard,-1.0,-1.0,
r6SIPCwk0eI,Reaction,8.0,9.0,
xMBKzKHxhYo,Standard,9.5,9.5,
PRaymwbfrbI,Standard,5.0,0.0,
EAyiCyZTZwI,Standard,4.5,0.0,
TnY4sa0xpNg,Standard,4.0,0.0,
3mKL9_eNzo0,Standard,2.5,7.5,
O26tLgrcooU,Standard,6.5,3.5,
0PlAqYILpgY,Standard,7.5,8.5,
pxcuTzLs7CU,Standard,5.0,0.0,
ej_MVF-PxaI,Standard,5.0,0.0,
rZWybe8nexo,Standard,7.5,8.5,
B5nCLK4lopk,Standard,8.5,8.5,
P72GVgoJL1M,Standard,8.5,8.5,
l_NZyPIMLVE,Standard,9.5,9.5,
gIxC9nv4Y24,Standard,5.0,0.0,
qkJh3MwZkTM,Standard,-1.0,-1.0,
kvhTTbz5kfs,Standard,3.5,0.0,
-HIYaYrL2zg,Standard,-1.0,-1.0,
S8N75jSjlog,Standard,5.0,0.0,
W0nf1IcJVe8,Standard,-1.0,-1.0,
sArEgjeWmHk,Standard,-1.0,-1.0,
MrweIn-eVAg,Standard,5.0,0.0,
fwDDIOG6LTk,Standard,5.0,0.0,
OFW2GEdoxgQ,Standard,3.5,0.0,
JWV3jCHIOEg,Reaction,7.5,8.5,
ALY7yBA0zA4,Standard,6.0,0.0,
XqrED4zu8CY,Standard,5.0,0.0,
uB6WNpco8oY,Standard,5.0,0.0,
AEj_yzxA0w0,Standard,-1.0,-1.0,
DIYZLiihAIk,Standard,9.0,9.5,
69-umhCXJTg,Standard,-1.0,-1.0,
Bv9CmV6gq5s,Standard,-1.0,-1.0,
fKBumzH3Txo,Standard,9.0,9.0,
sXq5v4KMZxE,Standard,-1.0,-1.0,
-GfB55XKgHg,Standard,5.0,0.0,
8R9_ohuZIDY,Reaction,7.5,8.5,
p0Z8E3VsQFQ,Standard,8.0,8.5,
CLS9yDr961k,Standard,8.0,8.5,
WPagWAC2sng,Standard,8.5,8.5,
cI4HBVy4Y5I,Standard,5.0,0.0,
krlyEORKTRo,Standard,5.0,0.0,
wCa7x-JbF18,Standard,-1.0,-1.0,
GH_uwkz6xpY,Standard,5.0,0.0,
PcRcXxri1Ik,Standard,-1.0,-1.0,
S701ix3bP9Y,Standard,-1.0,-1.0,
ixhfCvHR1RY,Standard,5.0,0.0,
MBnTQD_WP6c,Standard,-1.0,-1.0,
32qlwbgsRfA,Standard,-1.0,-1.0,
LfmVbwWhld8,Standard,4.5,0.0,
rK9QWN9ejN8,Standard,5.0,0.0,
c672E7ARiQI,Standard,3.5,6.5,
LMZ7gXS0IAI,Standard,5.0,2.0,
LYUqhoHFZ4A,Reaction,7.5,6.0,
FoiciSBFqyI,Reaction,1.5,1.0,
oMwyySwc6zI,Standard,7.5,9.0,
vEgMgUxiOz4,Standard,-1.0,2.0,
W6vXMGCgMPI,Standard,8.0,9.5,
K859gTM2Ucw,Standard,-1.0,-1.0,
SHbKF260a2Q,Standard,8.0,8.5,
wD0CxGraWX8,Reaction,4.0,8.5,
WxPyQ-EDcwA,Standard,-1.0,-1.0,
_AtnCgiDmVc,Standard,8.0,8.5,
s2htnk92cyM,Standard,3.5,6.5,
SjvRM7TSW1Q,Standard,-1.0,-1.0,
R1KrSGyTdmg,Standard,8.0,8.5,
w9udakjOwtA,Standard,8.0,8.5,
c7Oyd9l-DPQ,Standard,8.5,9.0,
oUg1xWE1QhI,Standard,5.0,0.0,
Mc6SOBJzpR8,Standard,5.0,0.0,
ksiKQT3QLyg,Standard,2.5,7.5,
37a1ue9NIpM,Standard,8.0,8.5,
94thNv0qKmw,Standard,-1.0,-1.0,
dWvM7L0Xs8U,Standard,3.5,2.5,
qT0BzeSk_9Q,Reaction,9.0,9.0,
x8fYdONTdYA,Standard,-1.0,7.5,
mhUMNr_55-w,Standard,5.0,0.0,
imEa011CooU,Standard,-1.0,-1.0,
0-fIMKdLKnE,Standard,-1.0,2.5,
CWUAd2U2qdM,Standard,4.0,0.0,
Yg3oH1svlzs,Reaction,7.5,8.5,
OQ3-7gY_DoI,Standard,6.5,0.0,
CdTPjLMPIeE,Standard,-1.0,-1.0,
O2NFb_vYMzk,Standard,-1.0,-1.0,
sMUO-FtYzTo,Standard,-1.0,-1.0,
9Ri0IZyNiA4,Reaction,7.5,9.5,
buESMCsKg98,Standard,7.5,7.5,
kZkfn-Aacm8,Standard,-1.0,-1.0,
iuc7Z5VwxVs,Standard,7.5,9.0,
jLLdHPibG8c,Standard,7.5,7.5,
7lDb1rDYcic,Standard,5.0,0.0,
ZxNKJF19gro,Standard,8.5,8.5,
QY5SPP0HeNU,Standard,6.5,8.5,
MjyL7kBAS3s,Standard,5.0,0.0,
tlU3gJXVTwc,Standard,7.0,7.5,
OuEDy2x_46c,Standard,-1.0,-1.0,
cNAzw-Q25ew,Standard,5.0,0.0,
lJs5QmURCSc,Reaction,8.5,9.0,
3hhKyCVANgw,Standard,7.5,6.5,
2dAXKWfut_Q,Standard,8.5,8.5,
eykgmmlGPWA,Standard,5.0,0.0,
fJg1CcivZcw,Standard,5.0,0.0,
p1c7CxDQj_I,Standard,7.5,7.5,
iLdeAiFITKw,Standard,-1.0,-1.0,
cGsT7W0PXhQ,Standard,6.0,7.0,
QQMqPch1tfw,Standard,-1.0,2.0,
vG_Cwvzjz5Y,Reaction,7.5,8.5,
Q7E27j5eMJQ,Standard,4.5,0.5,
vmxpzyBAyvw,Standard,5.0,0.0,
eeX84JdZzv8,Standard,8.5,9.0,
ZpZ1d8OBLVI,Reaction,5.0,2.0,
yQsxKaw2DAM,Standard,-1.0,-1.0,
9AjmFkw-H_Y,Reaction,7.5,9.0,
gO_rPR2BZOU,Standard,6.5,2.0,
SFNEOahK2eU,Reaction,5.0,0.0,
bjtfMZvWjoM,Standard,7.5,8.0,
rnYOsqFlJ30,Standard,5.0,0.0,
kBXonXAHlCo,Reaction,7.5,9.0,
6QQ5W0hzI8g,Standard,5.0,0.0,
Q8Q4Xvft0IM,Standard,-1.0,-1.0,
H8ezenA057U,Standard,3.5,7.5,
W26xOcBuil0,Standard,-1.0,-1.0,
svmKFIDeoE0,Standard,-1.0,1.0,
oqs2XdxQBqQ,Standard,-1.0,-1.0,
taaWNuUIMR8,Standard,5.0,0.0,
fkvz4RYIkvo,Standard,5.0,0.0,
ibmTTRG3FKE,Reaction,3.5,8.5,
3GRJ-wL5dF0,Reaction,-1.0,-1.0,
DoRCGmoEUNo,Standard,7.5,8.0,
tPOUTjqPm_o,Standard,2.5,8.5,
jKU2SyyDiBo,Standard,5.0,0.0,
qHDjvEtCfrc,Standard,1.0,7.0,
5sl2pkK_PoI,Standard,-1.0,3.5,
OP-YlHVx7bw,Standard,6.0,0.0,
gvpVgybrQLE,Standard,8.5,8.5,
ZTC2mKJu9BM,Reaction,7.5,8.5,
yBcgeYZRnRo,Standard,6.5,6.5,
Zuz9WiPs0kM,Standard,7.5,0.0,
VcNgOMI55tk,Standard,7.5,8.5,
COVtNTOMU7U,Standard,5.0,0.0,
nxB0pSfy7xs,Standard,5.0,0.0,
yTXibqQAheE,Standard,8.5,7.5,
KQudzBcS0pA,Standard,6.5,7.5,
ayqAHWwarUA,Standard,5.0,0.0,
PHzUDApyIMg,Standard,-1.0,-1.0,
WPlln42FCks,Standard,8.0,9.0,
c66eDCPjoAQ,Standard,5.0,0.0,
fBUjT84BNTA,Standard,7.5,8.5,
psD8-no1dq4,Standard,7.5,7.0,
UVMz7BLTpRQ,Standard,2.5,7.5,
HpyeIED7tXw,Reaction,7.5,6.5,
q-EHvlP9QME,Standard,-1.0,-1.0,
DBwISkitEUE,Standard,5.0,7.5,
08aAQOAxEK4,Reaction,8.0,9.0,
r-AhlA33uiw,Standard,-1.0,-1.0,
tvXviG1JUEA,Standard,6.0,2.5,
v5JLfqnbAp0,Standard,5.0,0.0,
eSaZN9xKfkM,Standard,-1.0,-1.0,
fDX2_UJPQos,Standard,-1.0,-1.0,
n8gnygCYr8c,Standard,5.0,0.0,
Yn8OK__UM58,Reaction,3.0,4.5,
mumXaTpXQVI,Standard,-1.0,-1.0,
tV49Q7heTcw,Standard,2.5,0.0,
UNfeFWBl9M0,Standard,9.5,9.5,
CpvAdXD6Arc,Standard,6.5,0.0,
sTMX3kpwgt0,Standard,-1.0,-1.0,
K6_pulePH4M,Reaction,7.5,8.5,
2JNgidI37ao,Standard,-1.0,-1.0,
Gm_kphuX8pU,Standard,-1.0,-1.0,
0eVwy5gRRAQ,Standard,8.8,9.2,
yGqWpLXRpG4,Standard,5.0,0.0,
N19qNIz2clo,Standard,8.5,9.5,
GgfNGxFxPKo,Standard,5.0,0.0,
PA9LjhMpV0I,Standard,2.5,6.5,
8a0CacNcILQ,Standard,-1.0,-1.0,
8LIwV4l-TPc,Standard,7.5,9.0,
v9uTSjkpSZg,Standard,-1.0,-1.0,
-D1xZdyD7Gk,Standard,-1.0,-1.0,
Sr_7MuxEbeE,Standard,5.0,7.5,
N4WM_U9ietU,Standard,8.0,8.0,
zpSJ-U2gTVw,Standard,-1.0,-1.0,
0DpycRv5kOs,Standard,6.5,1.5,
j2mCbRYwogY,Standard,5.0,0.0,
__ZsEs-pINg,Standard,7.5,7.5,
p-UjGaSd6Pg,Standard,-1.0,-1.0,
VpbRo5uSzHY,Standard,-1.0,-1.0,
hUq_-g5BvzM,Standard,9.5,9.5,
Dxufd_4-JV8,Standard,-1.0,-1.0,
WANZX0GaWk4,Standard,-1.0,-1.0,
w_BXAFLByJw,Standard,7.5,7.5,
xzHpkm7UjWM,Standard,-1.0,-1.0,
D_FwV_064sM,Standard,8.5,9.0,
he1HESCAObY,Standard,5.0,4.5,
EG72QUENvk0,Reaction,2.0,0.0,
XKt_pftmObg,Standard,-1.0,-1.0,
t8zu__ZmEAg,Reaction,-1.0,-1.0,
fc21ch2iBBg,Standard,8.0,7.5,
Q2HrxTVXs50,Standard,5.0,5.0,
QvS3Ibwhwds,Standard,6.5,4.5,
jkOEe1kY7Lg,Standard,7.5,6.5,
nemyXn5_Xus,Standard,5.0,0.0,
slnCd0HO0h8,Standard,-1.0,-1.0,
U6NUq1Ep4_w,Standard,9.5,9.0,
_vY7LgUZQ38,Standard,-1.0,-1.0,
KaByiySHwH4,Standard,9.0,9.5,
jjmac2Hj4hk,Standard,8.5,9.0,
YMPLBNmkqM8,Standard,5.5,6.0,
ZcalP2ojcQE,Standard,8.5,9.0,
9dD7t26RmKI,Standard,7.0,8.0,
qlaIFbVOF1Y,Standard,-1.0,-1.0,
QbBrm1v2wyk,Standard,4.0,7.5,
xKr3pWBKzio,Standard,9.5,9.0,
PTejBaB_BWQ,Standard,8.5,9.0,
_uOrPYyY8mM,Standard,4.0,-1.0,
ieTN8jJCcpk,Standard,8.0,8.5,
6OScipYEc2Q,Standard,-1.0,-1.0,
-ovvXCAb6nI,Standard,5.0,0.0,
0BkT-0xhIAU,Standard,8.5,8.5,
m6cgMUygDyo,Standard,-1.0,-1.0,
E7U0rsZhWMQ,Reaction,-1.0,-1.0,
B6aNMnp8yOc,Standard,7.5,8.0,
1DrpJKAQnLs,Standard,7.5,6.5,
Pw0_hsz5e7U,Standard,-1.0,-1.0,
ZNYZfhSKLAM,Standard,7.5,6.5,
OZmBOC33MZw,Standard,8.5,9.0,
QCK7KUqReus,Standard,-1.0,-1.0,
W0hDXcZk20M,Standard,-1.0,-1.0,
OVhxlJsut-I,Standard,5.0,0.0,
nwI2uz6wK10,Reaction,7.5,6.5,
5rPGpSRaHbk,Standard,-1.0,-1.0,
llL65YVz7CM,Standard,9.0,9.0,
PGuxwtAYWZM,Reaction,7.5,7.5,
dgLQJ1OSrpQ,Standard,6.5,4.0,
LqVMiMElkk8,Standard,9.0,9.5,
cGLoUaKu4Xs,Standard,5.0,0.5,
kA4bcViecd4,Standard,2.5,8.5,
DhjWvMrIqrc,Reaction,8.0,9.0,
WM6grbNROwc,Standard,-1.0,-1.0,
225cQbPCa1A,Standard,6.0,0.0,
3qs59AyWTuk,Reaction,-1.0,-1.0,
GVB9ulg269w,Standard,3.5,8.5,
1NcpAgR7XXM,Standard,7.5,8.5,
xYuseoZceOI,Standard,9.0,9.5,
fbKN6KBtGok,Standard,5.0,2.0,
LPKIMmWF8mg,Reaction,1.5,1.0,
GnigRgDpyO0,Reaction,1.0,8.5,
57FRAegIXTk,Standard,5.0,0.0,
Oxx3DUPbFJ8,Standard,8.5,8.5,
atoHHoq3tAg,Standard,7.5,9.0,
y5lWXgZnpy0,Reaction,7.5,7.5,
u2rfcAabV2c,Standard,4.5,0.0,
nUcRCaHqFho,Standard,-1.0,-1.0,
xIkdJeXkQIU,Standard,5.0,0.0,
DNIw94qSwLY,Standard,5.0,0.0,
0i6acqcJl2c,Reaction,5.0,8.5,
0D3OIoYDHuk,Standard,5.5,6.5,
0uC23shszbs,Standard,7.5,8.0,
HHrKHzIFWJQ,Standard,8.5,9.0,
nYwxhswxeA4,Standard,2.5,3.5,
zsQ_WPnmcb8,Reaction,7.5,8.5,
DBebY_jNGzY,Reaction,9.5,9.5,
QE6QsQRGj1o,Reaction,8.5,8.0,
XMb4_fQ8J2w,Standard,9.0,8.0,
ds-LLsCIOgM,Reaction,9.5,9.5,
XxAVYcpiIy4,Standard,8.0,9.0,
zwFyNdrnJDA,Standard,5.0,0.0,
Q9vt4ZXQ1eI,Standard,4.5,6.5,
kNGW-xCVABQ,Standard,7.5,8.5,
-J97n0_9-hs,Standard,5.0,0.0,
Z_zatlLrfO4,Standard,5.0,0.0,
eVb1Ge_WEys,Standard,9.0,9.5,
yq8_LS7fgmY,Standard,-1.0,-1.0,
ZrOLlZvd8uc,Standard,7.5,7.5,
ilf2auqBDE4,Standard,5.0,6.5,
U2NutyZAsUc,Standard,4.5,6.5,
jb-_NnLUGeA,Standard,-1.0,-1.0,
mI7DvjlpnLA,Standard,8.5,8.5,
jng1Ecl4ioo,Standard,5.0,0.0,
7pWJ8Yc3Ih0,Standard,3.5,1.5,
ZBz_k66X2ok,Standard,3.5,0.0,
yOqDV0aNnHo,Standard,7.5,6.5,
0TBStMFYqfA,Standard,3.0,2.0,
MNtsAzyKIA8,Standard,5.0,8.0,
Uc61f2hdlxI,Standard,-1.0,-1.0,
wfI3O-Es6v8,Standard,5.0,0.0,
qjMOGLrT1Xg,Standard,7.5,8.5,
7Pgk0Nm8jeE,Standard,8.5,9.0,
NhiZpursvIc,Reaction,2.5,7.0,
5_QU99KW75g,Standard,9.0,9.5,
mY9dKxTDNZY,Standard,5.0,0.0,
0NmN0wsBfmM,Standard,-1.0,-1.0,
d6NdjWSVgV0,Reaction,7.0,8.0,
sLp4bWqJj0I,Standard,8.0,9.0,
r_ICCncUnMI,Standard,7.5,6.0,
Ag3gPB3hM0g,Standard,-1.0,-1.0,
Cp4-GwZwFVE,Standard,7.5,8.5,
aMxvn5CrIL8,Standard,4.5,1.0,
PRPW3uL78rk,Standard,7.0,6.5,
iJwx9pA5yyo,Reaction,6.0,0.0,
itvW82VXKNs,Reaction,1.5,1.5,
veIiBNVYUcw,Standard,7.5,9.0,
qqmL-dH505Q,Standard,8.0,7.0,
K7Kmw8wwQ8I,Standard,8.5,9.5,
QC2oF8yPyIU,Standard,8.0,7.5,
01zYr3g3DLk,Reaction,1.5,7.5,
zXsYCI6-9v4,Standard,7.0,6.0,
Ck2YNLw6NcY,Standard,7.5,8.5,
DSiNUt6XFw4,Standard,-1.0,-1.0,
zdLQMev1Y-Q,Standard,5.0,0.0,
npRDnywCONs,Standard,2.5,3.5,
PEZMERoJAkI,Standard,-1.0,-1.0,
GiC-3YIUhVE,Standard,-1.0,-1.0,
oaAXQmLBFDQ,Standard,8.0,8.5,
W77D2JU6mgs,Standard,7.5,8.5,
sVER3ub83KA,Reaction,8.0,6.5,
EHARn1avvjk,Standard,8.5,8.5,
TTDa3MdhW3A,Reaction,7.5,8.5,
aftRBY_rzO0,Standard,5.0,0.0,
d5gi_pvDpU4,Standard,-1.0,-1.0,
bBFa9lgp7Dk,Standard,5.5,8.0,
gUXruKRmUpo,Reaction,7.5,9.0,
0rwbO0UMwSg,Standard,2.5,6.5,
bw-eF1poRIM,Standard,7.0,1.5,
9kd2K2ceOA4,Standard,5.0,0.0,
NPqiqAnXESw,Reaction,8.0,7.0,
UpHiAXfpYd0,Standard,3.5,7.5,
8j4v6sTYfK0,Standard,6.0,7.5,
zsX1mAyvZgs,Standard,7.5,8.0,
abOLebaZ7cA,Standard,-1.0,-1.0,
XSmhoqac5aA,Reaction,7.5,9.0,
tRzXH9_ueNY,Standard,7.5,6.5,
YniSmC04FVo,Standard,-1.0,-1.0,
aCf9ljsHJHA,Standard,-1.0,-1.0,
M5AdwE_s-j8,Standard,8.0,8.5,
4lR8JNqnQxs,Reaction,7.5,9.0,
C4SJevLRL7w,Standard,5.0,7.0,
MRPKfCjUMnU,Standard,7.5,1.5,
EY3irM67F3I,Standard,-1.0,-1.0,
0sLfz4KeBOo,Standard,7.5,6.5,
cnt5j5f5eME,Standard,-1.0,-1.0,
cMHzh285QoA,Reaction,2.5,0.0,
t_pIm9PMcgc,Standard,-1.0,-1.0,
ZWy16IcnCKs,Standard,6.5,3.5,
JHcFxCRWUl0,Reaction,7.0,7.5,
UTiR_F0MGgI,Standard,1.5,3.0,
ucK4Qnxar8M,Reaction,-1.0,-1.0,
eJ4Snc1wIUU,Standard,7.0,6.5,
7P5AYLw_lnU,Standard,4.0,5.0,
TnJ37Tcug1Q,Standard,7.5,8.5,
hw4gimy9VUM,Standard,3.0,0.0,
RmeYGL00LoE,Standard,7.5,9.0,
GDjjiNHPwlo,Standard,7.5,6.5,
zly7cCM-MQ4,Standard,5.0,3.0,
8BjhE5vjZ9w,Standard,2.5,0.0,
ATa0BiFvAGs,Standard,3.5,1.5,
o7ooYowO-AA,Standard,7.0,7.0,
d6xalp1ePgI,Standard,5.0,0.0,
CR9CdR6-iu4,Reaction,1.0,4.0,
ZOXr8bOxJMs,Standard,7.5,0.0,
ypcoYNJWlCY,Reaction,7.0,7.0,
C3mQCfaBhmc,Standard,6.5,6.0,
kTRvc1EsJ7s,Standard,8.0,9.0,
H4EwiXZSuCs,Reaction,2.5,1.5,
MgYfLw7k_oU,Standard,8.0,9.0,
FzN35eUQomg,Standard,7.0,8.5,
g-l9xUXhZXc,Standard,5.0,0.0,
iyXnbhGrBbI,Standard,-1.0,-1.0,
rTZnId254LE,Standard,5.0,0.0,
XyD4jbfUO7A,Reaction,7.5,8.0,
dvD6iSxHldY,Reaction,7.5,9.0,
HaOhvBbaX70,Standard,5.0,0.0,
tj0kYDaZnjU,Reaction,5.0,3.5,
mkDuLEXU_H4,Standard,5.0,1.0,
N90qaUboIs8,Standard,7.5,9.0,
VtwvBTyPiXI,Standard,9.0,9.5,
8VlbNt6PVlo,Standard,2.5,6.5,
rD35m4_gAWA,Reaction,4.0,7.5,
naPu3q5KJIM,Standard,-1.0,6.5,
KTskPt3SXB0,Standard,-1.0,-1.0,
T5H8kakvWWw,Standard,-1.0,-1.0,
MXpeO2eEBn8,Standard,4.0,7.0,
ZIUZ7NqkYtA,Standard,-1.0,-1.0,
WcN0eIjSNiY,Standard,8.5,9.5,
vAKLqqTxPwA,Standard,7.5,8.5,
EH_vgnAnpN4,Standard,-1.0,-1.0,
bxyFeeXiV0k,Standard,8.0,8.5,
46ECSfWawBg,Standard,-1.0,-1.0,
F9fVsZm5wkI,Standard,5.5,0.0,
C-R49qT4CB8,Standard,1.5,7.5,
W45tsW6lOUc,Standard,-1.0,-1.0,
x5E-TjDESuA,Standard,8.5,8.5,
JfEdBQTrWCI,Reaction,8.0,9.0,
AFd_05nJ2M4,Standard,-1.0,-1.0,
ebja_qmU1xY,Standard,7.5,6.5,
TdtCOlxkI7o,Standard,5.0,0.0,
kAE6gm52u_g,Standard,-1.0,-1.0,
xqbBAwCi0MU,Standard,8.0,8.0,
M6cSukMmLe0,Reaction,7.5,7.0,
cSMMcfouoPM,Standard,2.5,0.5,
r8hxHbQmz8I,Standard,9.5,9.0,
72n4FdimFRw,Reaction,9.0,9.5,
PFMYucLIzfs,Standard,3.8,0.0,
dXuHhVmBpnM,Standard,-1.0,-1.0,
Juj0d4q37gc,Standard,5.0,7.0,
RQHARkn3Hs8,Standard,-1.0,-1.0,
Iq6oouuMIok,Standard,-1.0,-1.0,
xSp82OQ54rg,Reaction,4.5,0.0,
AqiZTG1Obp0,Standard,7.5,8.0,
uatuWJvJ2DU,Standard,5.0,0.0,
LwdxobcDkVQ,Standard,7.0,6.5,
PsijdCez-oM,Standard,-1.0,-1.0,
S9rHglewv1U,Standard,3.5,0.0,
VLpeK5NmY-8,Reaction,8.5,8.0,
mM-cDyRVCKc,Standard,8.0,9.0,
bjf4-S178uQ,Standard,7.5,7.5,
iOdmeQesNI8,Standard,6.5,7.5,
ASyUj4KdjS8,Standard,8.0,7.0,
19rGGRgQwsY,Standard,-1.0,-1.0,
j4QIm_KlsDA,Standard,9.5,9.5,
dt0IVPrcy34,Standard,5.0,0.0,
Z6BW_6-sTcs,Standard,7.5,5.0,
gblb4p-Cjik,Standard,8.8,9.0,
mSEtvJ5FDsE,Standard,5.0,7.5,
vb-4nzOtkbQ,Standard,7.5,8.5,
IQrLEgofYB0,Standard,9.0,9.5,
2dh7bA5e2zA,Standard,-1.0,-1.0,
8G5qVLWb6CM,Standard,-1.0,-1.0,
arJOcfqkk9E,Standard,9.5,9.5,
oP6KITIIOIE,Standard,-1.0,-1.0,
lz1YmOZn3zA,Reaction,7.5,9.0,
YPv9zrqNnfw,Reaction,1.5,8.5,
kZ0nX4eV0P4,Standard,3.5,0.0,
t5c_X5eP6os,Standard,-1.0,-1.0,
K4bAfJg_KOY,Reaction,1.5,0.0,
sjO8wr7JU2k,Standard,6.5,3.5,
61tkMPHofSw,Standard,8.5,9.0,
QxTZ4K6U9zI,Standard,7.5,9.0,
AFvvTYj5Qag,Standard,4.5,0.0,
9GuDxrG-mnk,Reaction,7.5,7.0,
_W5ScWDs0ik,Standard,3.5,6.5,
4GA4FMaqZ9c,Standard,4.5,1.0,
SGxDguyO3U8,Standard,2.5,1.0,
7YThzqcXP9o,Standard,5.0,3.5,
q52U5Lnj-Qc,Reaction,6.5,7.5,
0niTZum5eAs,Standard,8.8,9.2,
ForHy-4_ZxQ,Standard,6.0,6.5,
5teFsxdPQRc,Standard,9.5,9.5,
ivySKiIvj20,Standard,3.0,8.5,
LkC0wQAItsM,Reaction,2.5,0.0,
xiCUTFipIPQ,Standard,5.0,0.0,
Kyy97y1sa28,Reaction,8.5,9.5,
Yd_Sm1YO9to,Standard,2.5,6.5,
z-tv9VuyJPo,Standard,5.0,6.0,
sTnu2kZH_mI,Reaction,3.5,0.0,
-5OXTVO6N-k,Standard,5.0,8.0,
fUdyU1P3bOg,Standard,5.0,0.0,
3k7jFwgklhs,Standard,-1.0,-1.0,
nByrH2-ZSTY,Standard,5.0,0.5,
3KHJdAdCZ9g,Standard,-1.0,-1.0,
tLdUJPWCxWs,Standard,3.5,0.0,
MyZRdzY3KlA,Standard,-1.0,-1.0,
tmxdYA1y99E,Standard,7.5,0.0,
d27tLNtue5M,Standard,5.0,0.0,
6RqYjChkRhc,Standard,8.5,8.5,
IY35IzTKdtQ,Standard,5.0,0.0,
57Gfnpv-GJ8,Standard,5.0,0.0,
IdretLHfTHA,Standard,-1.0,-1.0,
QCP_CYu-PBg,Reaction,8.5,9.0,
c9C_9lAhl9A,Standard,-1.0,-1.0,
WFGVE6binhM,Standard,8.0,8.5,
BrejeGbbETI,Standard,-1.0,-1.0,
BKDHflRipyc,Standard,5.0,0.0,
3hCcHE3HlEw,Standard,8.0,8.0,
uvcNMHGal1s,Standard,7.5,8.0,
wG_poTM2BQg,Standard,2.5,2.0,
j8prCQB29Q8,Standard,6.5,7.5,
iXXX2LbzwJ8,Standard,3.5,0.0,
4ydNZ7dgg9E,Standard,5.0,0.0,
-zaKX-Xxfkk,Standard,3.5,0.0,
30OZ5x8MWPc,Standard,8.5,9.0,
CpeLo7cz9xg,Standard,7.5,8.5,
scq7DwmtXPg,Reaction,3.5,5.0,
Pvnjr_Dgs9c,Standard,8.5,9.5,
6_0d7-WY0JI,Standard,7.5,1.5,
gVli-h2S18Y,Standard,5.0,0.0,
LphdJAioDrw,Standard,3.5,2.0,
YFFPwsywtOw,Standard,-1.0,-1.0,
bEd0S_zWZ0U,Reaction,5.0,0.0,
YS-fhqiRwXM,Standard,5.0,0.0,
UGp4X2mU6b4,Standard,7.5,9.0,
sT4UDpsgqw4,Standard,5.0,0.0,
CuG0TxvrgJc,Reaction,-1.0,8.5,
YC4bk4NC94Q,Standard,3.5,2.5,
HZtRdAMy_x8,Standard,5.0,0.0,
c9Jg5zRo30I,Standard,5.0,0.0,
FqZ0aGNRmqs,Reaction,7.5,9.0,
wXAR5znrhaU,Standard,7.5,8.5,
2XimJRlOUd4,Standard,4.5,6.5,
4-tA6Re8J4U,Standard,5.0,0.0,
j2D5G3wOWpY,Standard,7.5,9.0,
L_5Mda-JZX0,Standard,3.0,0.0,
KVlIaQ8wEQw,Standard,1.5,7.5,
q692egaPmo8,Standard,8.5,9.0,
LoXavyufJGc,Reaction,-1.0,-1.0,
-ATuenqjiMQ,Standard,8.0,7.0,
rAgQEqqUamk,Standard,2.5,0.0,
ZRxKBEP5GJk,Standard,5.0,0.0,
cXPJsldTRhg,Standard,-1.0,-1.0,
7Nm8Y0cW5-A,Standard,-1.0,-1.0,
rsBli2mQJHk,Reaction,5.0,0.0,
Xe58mpwleu8,Standard,8.5,8.5,
DLnyIVIjtmk,Standard,6.5,7.0,
4manA97q3-w,Standard,7.5,9.0,
4MtLRNeLj5U,Standard,8.0,5.0,
TPLdiJ7qt_8,Reaction,7.5,8.5,
nVKyDnS7Upk,Standard,7.5,6.5,
9E0lR-M1s70,Standard,6.0,7.5,
Uz70KgzFqR8,Standard,5.0,0.0,
AA3pJJcCdj4,Standard,7.5,7.0,
XcJkdCBYrDw,Standard,-1.0,-1.0,
sD040_a46uo,Standard,-1.0,-1.0,
OA2AMqMhspA,Reaction,6.0,9.0,
8T9jn6evNfA,Standard,4.0,0.0,
UwRm6-hl_B8,Standard,-1.0,-1.0,
zwie5USW_EA,Standard,7.5,9.0,
b5q9iUm6B8Q,Standard,5.0,0.0,
5hsyPI1R_ec,Standard,-1.0,-1.0,
UQJ2Dcs5NPM,Standard,8.5,8.5,
trMava1k8SA,Standard,8.0,7.5,
W9WTjZyPIk4,Standard,4.0,3.5,
EpDQ1KETCrw,Standard,-1.0,-1.0,
TF0BZLprkgg,Standard,8.0,9.0,
2nVS2X_tPp4,Standard,5.0,0.0,
SfQfCzDJvns,Reaction,-1.0,7.0,
zUiG7hzRpgc,Standard,7.0,1.0,
BodQ4kO4xjA,Reaction,8.0,9.0,
F2rPzbSFivs,Standard,8.0,7.5,
EXsrxDrjPeo,Standard,5.0,0.0,
g30LCOQ-j9A,Standard,8.0,9.0,
wSNowT9uKgw,Standard,6.0,0.0,
08z5iVNMAKY,Standard,5.0,0.0,
RWe75TzI_9Y,Standard,6.0,8.0,
nvK6HkgRr0k,Standard,3.5,6.5,
jcNJHdv_eZ8,Standard,5.0,1.0,
Hrm_Jb_Aafs,Standard,5.0,0.0,
pRVe0UqzpFg,Standard,5.0,0.0,
DbgcYXkC72M,Standard,6.5,4.5,
ITMQGEzOWg4,Standard,5.0,7.0,
sxLfEq_zw3E,Standard,3.5,0.0,
a-LvLAt5nu4,Standard,7.5,6.5,
4AwMgKM6rUc,Standard,7.5,7.5,
vYuu2um9bU8,Standard,9.0,9.5,
YZzhhSKS3iY,Reaction,1.5,0.0,
ezlpK15WGO8,Standard,7.5,9.0,
3mwukYdpEoU,Standard,-1.0,-1.0,
hu_sXuip5Ew,Standard,-1.0,-1.0,
HJJy7NOg484,Standard,5.0,0.0,
jkGhkG4MTB4,Reaction,8.5,9.0,
QFtp-2mRG70,Standard,8.0,9.0,
VxWsVYAX7ak,Reaction,4.0,6.0,
56gUsUU0hFQ,Standard,-1.0,-1.0,
xUCMe8MqCG4,Standard,5.0,2.0,
Lt92nVD96Fw,Standard,-1.0,-1.0,
019q990-CLA,Standard,6.8,8.5,
3uZQBkEA0NI,Standard,-1.0,-1.0,
EP1HzIjQrfo,Reaction,8.5,9.0,
JGBQhiL-_fU,Standard,5.0,9.0,
GDtxkvrFm2I,Standard,-1.0,-1.0,
ff--snrs8NU,Standard,-1.0,-1.0,
RgPYcUKsSRA,Standard,6.5,7.5,
8lvTNtw9mV0,Standard,7.5,7.5,
N6JwePmR82w,Standard,5.0,1.0,
SfiUKOgSB4o,Reaction,8.5,9.0,
71pM-mZrvqg,Standard,5.0,0.0,
kDUY39nEXdE,Standard,-1.0,-1.0,
SiHW6PwsrLQ,Standard,1.5,0.0,
-flnJl2pCPM,Reaction,7.5,6.5,
2vefx0xF6sE,Standard,8.5,7.5,
GdCRaFBvaWE,Standard,8.5,8.5,
uXU0xwI_gX0,Standard,8.5,9.0,
2jL5Pys_xzM,Standard,7.5,8.0,
XupFJ0zZtvI,Standard,7.5,9.0,
T9O0V9jggCM,Standard,7.5,3.5,
NEsb8aAWDG8,Reaction,8.5,8.5,
vFVCfjM9E8M,Reaction,7.5,8.5,
AIBIRl6CufI,Standard,5.0,0.0,
Tv-v8UtUj68,Standard,5.0,0.0,
M1o69npe09A,Standard,5.0,7.0,
SNahaFcJnfs,Standard,5.0,1.0,
ESOpytg0TE0,Standard,8.0,9.0,
AwEw61Up9nY,Standard,9.0,9.0,
_kmRpvh0Olk,Standard,7.0,7.5,
xUoUZQzOHJI,Standard,9.5,9.5,
-kg12EZ-iXw,Standard,8.5,8.5,
9M7E4a-VhCc,Standard,2.5,1.0,
S67G48QSq2M,Standard,3.5,0.0,
NILrjdUr6Zo,Standard,-1.0,-1.0,
F_H0SrWXnY4,Standard,5.0,0.0,
MkBVCtuymd8,Standard,5.0,0.0,
OKYEM6Z4Wgc,Standard,5.0,0.0,
SSHQGg3-9VM,Standard,7.5,6.5,
jUU_y-91DzY,Standard,7.5,8.0,
h8gKSwmzWcU,Standard,5.0,0.0,
prcPvg5VmuM,Standard,7.0,7.5,
S0T7S4oUFdk,Standard,3.5,1.5,
4ImxGBqW0s0,Standard,7.5,6.5,
Od7OnQb7raE,Standard,4.5,6.5,
IDLzp4FnrJ0,Standard,5.0,0.0,
3Dnip2PuRuo,Standard,5.0,0.5,
euY0B9I1I0g,Standard,8.0,7.5,
Dmx8F6UWu-o,Standard,3.5,0.0,
Xc58PdvMSu4,Standard,-1.0,-1.0,
XqKfXWIN1sE,Standard,7.5,6.5,
ucL_moDFo1o,Standard,3.5,6.5,
mCREa4bpHlw,Reaction,4.0,8.5,
tTTBV6np5K4,Standard,-1.0,-1.0,
Au_Elc1laYM,Standard,5.0,0.0,
0zszCESbjfc,Standard,-1.0,-1.0,
cMiO4QFGy6c,Standard,-1.0,-1.0,
9iVwksAIvx0,Standard,-1.0,-1.0,
42xkGvodr1U,Standard,5.0,3.5,
VEW0ryLdIbg,Standard,5.0,0.0,
qd5eJEpTcm4,Standard,-1.0,-1.0,
FAAyVUuM0YY,Reaction,7.5,7.0,
FUipuLSqbv8,Standard,7.5,6.5,
5HKhlT9F3SQ,Standard,6.0,6.0,
nTMeAmI9oHA,Standard,8.5,9.5,
ZQZ21AY1PiA,Standard,-1.0,-1.0,
yDgXt-F6I9k,Standard,2.5,0.0,
n8PwHGYneeI,Standard,-1.0,-1.0,
wCEKb_sAVyA,Reaction,8.5,8.5,
xUraRFqtEyY,Reaction,4.0,9.0,
cliOhQJGTRA,Reaction,7.5,9.0,
rzfyZAnT9d4,Standard,5.0,7.5,
WTi0lLjOjwo,Standard,2.5,6.0,
ULp5CTtC13Y,Standard,-1.0,-1.0,
UQpNgiWSr0E,Standard,-1.0,-1.0,
Kza4smfiH2E,Standard,3.5,0.0,
ltzpFzrQpYY,Standard,-1.0,-1.0,
_wl1HGvawYo,Standard,9.0,9.0,
Gi-TbdByPm4,Standard,-1.0,-1.0,
yadBLG7aloY,Standard,5.0,0.0,
e84gn4swh7g,Standard,8.5,7.5,
soRAP1Xtr5Q,Standard,6.5,6.5,
w1ICpazE0XE,Standard,5.0,0.0,
XkeFM8vzmtY,Standard,-1.0,-1.0,
hL9INPiyJ5s,Standard,8.5,9.0,
Lun_j4EHQaI,Standard,5.0,0.0,
L9QkHxua38s,Standard,-1.0,-1.0,
ZkxD7BoGPJw,Standard,-1.0,-1.0,
7sP_WmUVNEg,Reaction,7.8,9.0,
UFfQNY8MZg8,Standard,3.5,7.5,
FhmC3xFD9cc,Standard,-1.0,-1.0,
z4MCB7sQ4YA,Standard,4.0,0.0,
j50zpU2UMl0,Reaction,8.5,9.5,
KxC6qXh3wz8,Standard,3.5,8.5,
W6tWgoue8Vg,Reaction,5.2,5.0,
bUZeqyykdcg,Standard,2.5,0.0,
sjxlv1CovQA,Standard,8.5,9.0,
ANNSlmJMvv4,Standard,4.5,2.5,
dU-wzF_kQ0w,Standard,8.5,8.5,
tTUJsOv7h9g,Standard,5.0,0.0,
lfXnNJh8UWo,Reaction,5.5,4.5,
jle9-eJ3_NI,Standard,-1.0,-1.0,
50Ik8ZBC-zM,Standard,-1.0,-1.0,
73OjpTJK2gA,Standard,-1.0,-1.0,
2YPy91G78KU,Standard,-1.0,-1.0,
hPXxUlg6nUE,Standard,8.0,8.5,
6ixkE-DQ_Cg,Standard,5.0,0.0,
S5dxdj-jmyA,Standard,2.5,6.5,
C9V-K9BGHJI,Standard,5.0,0.0,
uMZbLeKw_2E,Standard,-1.0,-1.0,
e1AMJcxmmus,Standard,9.0,9.5,
-pIe6dGEJI8,Standard,5.0,0.0,
K3p2SyrXGrw,Reaction,7.5,6.5,
ppFOJcypDi0,Standard,7.0,6.5,
LI3C4Vqo8xs,Standard,8.5,8.5,
tXogZ41O-jU,Standard,7.5,7.5,
GrG21MEkjj0,Standard,-1.0,-1.0,
YmTz0rNMGxg,Reaction,7.5,8.5,
qbEK3u1mSPg,Standard,8.5,6.5,
MLgi3TpjQtI,Reaction,4.0,6.0,
-VirIxNOZTA,Standard,1.0,7.5,
vs_qDoQMraE,Standard,7.5,8.5,
hzfJLt2w1pc,Standard,9.5,9.0,
5lab5WTjD0k,Reaction,3.5,3.5,
LVEe53hx634,Standard,-1.0,-1.0,
-O6UVx0xSCQ,Reaction,-1.0,4.0,
RICtPwfee1E,Standard,7.5,0.0,
0PI2fI8UZPk,Standard,-1.0,0.0,
7hsGApFUDus,Standard,8.0,8.5,
LVE2qX3wslA,Standard,5.0,0.0,
mbprp9aIT1U,Standard,8.5,7.5,
2ApYKLm-U_I,Standard,6.5,0.0,
QqDD0SbhrQA,Standard,-1.0,-1.0,
hf-qToJSqyQ,Standard,7.5,9.0,
16SkV5uAo0M,Standard,8.0,8.5,
wpxBm1IeXM4,Standard,5.0,3.0,
AOzogryjuxs,Standard,-1.0,-1.0,
R9yZ8SAJhgE,Standard,-1.0,-1.0,
YaCSjJTHo-c,Standard,8.5,8.5,
N_9KhXbH_Tc,Standard,5.0,0.0,
ByrK55lqwvM,Standard,5.0,0.0,
RcnllkzE3tU,Standard,5.0,0.0,
csh-Tjb6Irk,Standard,-1.0,-1.0,
JpIthDr2vxI,Standard,2.5,4.5,
yZunUKxPksU,Standard,7.5,8.5,
mGqlixWrBtE,Standard,-1.0,-1.0,
O01E-TtLgxo,Standard,3.5,0.0,
2I5T-BiE_HY,Standard,-1.0,-1.0,
kc870K77ZrE,Reaction,6.0,1.0,
nD-J50ndZkM,Reaction,8.5,9.0,
yKzBWNyQvt8,Standard,-1.0,-1.0,
RFzKm4ssXas,Standard,7.5,8.5,
DemnKWdZHxU,Reaction,7.5,9.5,
JirbyfndtnI,Standard,-1.0,-1.0,
RNPr3WI4dco,Reaction,5.0,1.0,
aQrNAkjMs6A,Standard,8.5,9.0,
mVW7Aw1FvXc,Standard,7.5,9.5,
d-550ARTJE8,Standard,7.0,8.0,
aNnJvAeQ08c,Standard,9.0,9.5,
MlPQFWqHM2M,Standard,-1.0,-1.0,
o-idXyqJAUA,Standard,9.0,8.5,
V94Qegf27Kk,Standard,5.0,0.0,
pe2p0qN5E2c,Standard,-1.0,-1.0,
Z5TdTDXU3r8,Reaction,1.5,8.5,
fUYC5XpvQpg,Standard,8.0,9.0,
8Pah4GdcvuA,Standard,7.5,6.0,
f4DE2th2TXY,Standard,9.0,9.5,
SqAx8OvID3w,Reaction,1.5,3.5,
IiRUQYDsHLY,Standard,-1.0,-1.0,
YYlLQVtHbpI,Standard,-1.0,-1.0,
4k12-JkcL6s,Standard,7.5,6.5,
N13enCP1YMY,Standard,-1.0,-1.0,
Q4nVZDNhrc0,Standard,5.0,0.0,
590Qw1vguRM,Standard,-1.0,-1.0,
CAiu3ABWaoE,Standard,6.5,7.5,
P-mDqWNyf6I,Standard,3.5,0.0,
w-VFzXYjDZI,Reaction,4.5,6.5,
C1VhO5fw5Vc,Standard,-1.0,-1.0,
eY5DqguNOKs,Standard,-1.0,-1.0,
PI353-wwyBw,Reaction,5.0,0.0,
lwPlcGsac8c,Standard,-1.0,-1.0,
_YfaqtNO-oc,Standard,7.5,2.5,
8FL9GNwp5aA,Standard,-1.0,-1.0,
V8upbtuVN58,Standard,-1.0,-1.0,
0aDTK3gEEdE,Standard,-1.0,-1.0,
nyYYL8k7rAU,Reaction,7.5,9.5,
CPwqAOiqQ7U,Standard,7.5,8.5,
IMajh5YnFhY,Reaction,7.5,8.5,
fuX7rcJRBbw,Standard,-1.0,-1.0,
rAcUnz_Jt5A,Standard,-1.0,-1.0,
88yf3u25h5U,Reaction,-1.0,0.0,
gdRLAGORQaQ,Standard,6.5,7.0,
bzaqudoC_Eg,Reaction,8.5,9.0,
_dwqQjZj1_g,Standard,3.0,2.0,
DDDu-pJbYxA,Standard,-1.0,-1.0,
n_z68-UWWDs,Standard,-1.0,-1.0,
Z4-c4JjurGM,Standard,7.5,6.5,
fg5ysNDM6yo,Standard,-1.0,0.0,
QzhMm1slY7k,Standard,5.0,0.0,
1YPv6v9P_-Q,Standard,5.0,0.0,
tdWzjLVcHdY,Standard,0.5,7.0,
C_L8JhHbonA,Standard,7.5,9.0,
1RN8Er24AU4,Standard,3.5,0.5,
kAGf2Im_u40,Standard,-1.0,-1.0,
708NpE4kmoU,Standard,-1.0,-1.0,
Q7LEIYOBCz0,Standard,-1.0,-1.0,
qoVk4als7fo,Standard,-1.0,-1.0,
k49zc0E78Lk,Standard,8.5,9.5,
-qYH81-RoYw,Standard,9.0,9.5,
_-EX8pdjsEQ,Standard,-1.0,-1.0,
JefvE6BB868,Standard,3.5,3.0,
M0hJXqWr2yg,Reaction,3.5,0.0,
-1fNMFpBxpE,Reaction,-1.0,-1.0,
FVka7bV3Coo,Standard,-1.0,-1.0,
PbJ-R66O9gs,Standard,5.0,0.0,
cRmmsrbIVF8,Standard,5.5,1.0,
KkQ0u5kdQKY,Standard,8.0,9.0,
kWXKrkZ8bWc,Standard,-1.0,-1.0,
M8lrKO9aohU,Standard,5.0,1.0,
tBPjupp_ScY,Standard,6.5,3.5,
WSKXNdwFDKE,Standard,5.0,0.0,
bsVbegVH0W0,Standard,-1.0,-1.0,
kVE4Wcu9hrs,Standard,8.5,9.5,
tALzJU0zoUM,Standard,2.5,7.0,
nPvTuMGMVAY,Reaction,5.0,0.0,
0mo-mSNEr24,Standard,-1.0,-1.0,
HegdEYhCz5E,Standard,8.5,7.5,
QrSpaRX93-A,Standard,-1.0,0.0,
Lk6xGyfN-5c,Standard,-1.0,-1.0,
0IQ7Q1229dU,Standard,-1.0,-1.0,
N8o1l9T-JTc,Standard,2.5,0.0,
bqWZ7oQe6kI,Standard,7.5,7.5,
mxHiruo1Hnk,Standard,-1.0,0.0,
QMpv_V4l8kg,Standard,7.5,6.5,
6p_emswD3MI,Standard,5.0,0.0,
jfwIiUSdGbY,Standard,-1.0,-1.0,
blu7Tou82Ss,Reaction,7.5,8.0,
g0xt5FljzII,Standard,-1.0,-1.0,
-Z3AEoisa-0,Standard,-1.0,-1.0,
hQFKaSyPHkI,Standard,5.0,0.0,
YEuKwxolU5k,Standard,7.5,8.5,
Yl9HsSg01qQ,Standard,7.0,8.0,
0esajtmtwck,Standard,-1.0,-1.0,
YFCnKu393zc,Standard,-1.0,-1.0,
clT_vNtXhE8,Reaction,7.5,7.5,
YMi8KDX3xTM,Standard,-1.0,-1.0,
HLu8bVajgrM,Standard,-1.0,-1.0,
ge_RKkJ6xmM,Standard,8.5,7.5,
SX6HHsa0dC8,Standard,-1.0,-1.0,
0P_tlBGfUhE,Standard,7.5,8.5,
PHJPH0q8714,Standard,5.0,0.0,
6OMOO573D6E,Standard,-1.0,-1.0,
TGAbOMuIbSk,Reaction,5.5,0.0,
W9_iTo1QXw8,Standard,7.5,7.5,
TR97KGxt_Q0,Standard,5.0,0.0,
GvZQQMkMQaM,Standard,5.0,0.5,
YHUq8QAuTck,Standard,7.5,8.5,
wbUpLToJrto,Standard,7.5,6.5,
j4vAKoIRWBc,Standard,5.0,3.0,
w_r9GSfpH9I,Standard,4.5,0.0,
eETzt5qnmEU,Standard,9.0,9.5,
ZccIhQhqba0,Standard,5.0,0.0,
f1K74vWmq_Q,Standard,5.0,0.0,
JOWRSUmOuXc,Reaction,9.5,9.5,
tReTqfyOKRk,Standard,7.5,8.5,
1WF92cg4-Gk,Standard,-1.0,-1.0,
T1K7tJWrVZM,Standard,-1.0,-1.0,
9dj__biVfSs,Standard,5.0,0.0,
aJmLsM_O5SY,Standard,7.5,6.5,
wvxBdukpFrM,Standard,3.5,1.5,
4lEOxLqXVxU,Standard,8.5,9.0,
1ujfLwNF73E,Standard,-1.0,-1.0,
qFX3npkmJOc,Standard,4.0,0.0,
5tH4bHl3uDo,Standard,8.0,7.5,
GexmfUtVBsE,Standard,5.0,0.0,
ulXtDvFPkFA,Reaction,1.5,1.0,
pFj6QMm5N0Q,Standard,-1.0,-1.0,
FkjGQIOTYic,Standard,5.0,0.0,
WDFuMq7kKJg,Standard,-1.0,-1.0,
3etXUeAPTZ0,Standard,7.5,7.5,
WNdEh9OK6xw,Reaction,8.5,9.5,
Z_tVBgPysGQ,Standard,7.5,9.0,
hy9hxYD_6NM,Standard,4.5,0.0,
7cXhiEdsPtw,Standard,7.5,6.5,
pKQPqriFPEM,Standard,-1.0,-1.0,
r9DOJHB9VR8,Standard,-1.0,-1.0,
bMDNUadZlXc,Reaction,8.5,7.5,
eqN_EbVp0sw,Standard,7.5,7.0,
y79-aqJa2nQ,Reaction,7.5,8.5,
cMJ-t5MYkGk,Standard,8.5,8.5,
NS7xbd0yeQQ,Standard,7.5,8.5,
eN8je02FS4E,Reaction,5.0,0.0,
A6cARX8Uf_4,Standard,7.5,9.5,
-RWAgjnnXg0,Reaction,6.5,9.0,
fJqpRAAptwU,Standard,-1.0,-1.0,
cZXL3afCCNY,Standard,4.5,7.5,
mXGng-elJPs,Reaction,7.5,9.0,
9dQt9R9bc1U,Standard,-1.0,-1.0,
-vLkC_NxGPU,Standard,7.5,2.5,
9Lq2MaTxaXA,Reaction,7.5,8.5,
7lcE3-xLiqI,Standard,8.5,9.0,
OpQArQdvxG8,Standard,-1.0,-1.0,
YDAQLkN0jjY,Reaction,8.0,9.0,
Zmo5-hyYXUc,Standard,-1.0,4.0,
7qv6WP3snwk,Standard,7.5,9.0,
zULLrtGtcGc,Standard,3.5,0.0,
QgaDs4LdM68,Standard,-1.0,4.0,
EL76Ok4r0aQ,Standard,3.0,2.0,
mUwleLPVjGU,Standard,-1.0,-1.0,
w-oTg-T_ogQ,Standard,-1.0,-1.0,
1kGCxoFYXVE,Standard,6.0,6.0,
MIBdwGE77Dc,Standard,-1.0,-1.0,
mWYALvSLwdk,Standard,-1.0,-1.0,
26h_36sNpRQ,Standard,-1.0,-1.0,
wJnp0OBJ478,Standard,5.0,0.0,
HEoUEybRqgI,Standard,5.0,0.0,
2J26LTl0Ndc,Standard,7.5,7.5,
K-Fwdkt8ATg,Standard,3.5,0.0,
pNIH0Y6aL7A,Reaction,8.5,9.5,
kxRBM4T8MxU,Reaction,7.5,8.5,
k4G_n_jXPbc,Standard,3.5,0.0,
VuEScUzGS8g,Standard,7.5,8.5,
o5mivx9oZjw,Standard,8.5,8.5,
zVVDOagRHVM,Standard,6.5,0.0,
eEvt2u5VjX4,Reaction,1.5,0.0,
--eScyICeMo,Standard,7.5,8.0,
agwqpaZAMhQ,Standard,8.5,9.5,
N4Ilbk00dpM,Standard,5.0,0.0,
2gdr3pPe-yQ,Standard,5.0,0.0,
kSfysXfo9NY,Reaction,7.5,8.5,
sj85AHwqa0c,Standard,6.5,7.0,
Go_QKF9j4Fg,Standard,7.5,7.5,
6L7k3DrvBKE,Standard,-1.0,-1.0,
5_1GH_dS-Bc,Standard,9.5,9.5,
zvi78h1W3uw,Standard,-1.0,-1.0,
jD-JjotF5oM,Reaction,7.0,7.5,
EAsUwCKP3mU,Reaction,8.0,9.0,
MlNZybD3ST8,Standard,6.5,3.5,
A4__0X8rRn0,Standard,2.5,0.0,
2Bi2kgHyfkU,Standard,4.0,7.5,
FHTDmAW9IRo,Reaction,-1.0,-1.0,
MLsfzpcZAIo,Standard,-1.0,-1.0,
xTkWw-2agrk,Standard,-1.0,-1.0,
JZV8bHryOw8,Standard,5.0,0.0,
uRdxMQSzjTQ,Standard,7.5,9.0,
e27q8jesfPI,Standard,-1.0,-1.0,
uKO47Hl06Ew,Standard,-1.0,-1.0,
bPFIXb-N4fE,Standard,6.5,6.0,
Yy7FKZJzsd0,Standard,-1.0,-1.0,
cIszwHt5fT4,Standard,2.5,3.5,
KZdVRMoZFjI,Reaction,7.5,7.5,
xmKGVOJGmLk,Reaction,7.5,9.0,
ip50kDR9Nfk,Standard,8.5,9.5,
SqQmpFrW8fo,Standard,-1.0,-1.0,
Vk0uVAP0Guk,Standard,-1.0,-1.0,
c6WJbFGNc-w,Standard,8.5,9.0,
uTvGnO7TVVI,Standard,5.0,7.5,
Tjx4KMJK454,Standard,5.0,0.0,
Amr0jqHUbPE,Standard,8.0,9.0,
rRIB9Wi4XWs,Reaction,-1.0,-1.0,
tszTt9w-CwA,Reaction,7.0,8.0,
VsgP4uLbSVk,Standard,-1.0,-1.0,
RsR6uamm804,Reaction,7.0,7.5,
IuBuSngss6g,Standard,7.0,5.0,
NCoUykZjr_0,Standard,-1.0,-1.0,
XBobvH7h1hc,Standard,5.0,0.0,
zn-Zs6MQuSc,Standard,8.5,9.0,
jVvPQOK1QNY,Reaction,2.5,1.0,
Ar6CTvs3L3c,Standard,9.5,9.5,
caVZxEeKOwk,Standard,9.0,9.5,
Vfmuln0Mr8Y,Standard,5.0,0.0,
2-Kzf5I6tHo,Reaction,3.0,7.5,
2vyrIiSDK8g,Standard,7.0,6.5,
LpQ1Qbr7Yj4,Standard,4.5,6.5,
yeU2QNxRvUU,Standard,5.0,7.0,
qXcVy8cl6sU,Standard,-1.0,-1.0,
bjjQISI1ga0,Standard,-1.0,-1.0,
CXgB1t6ggEE,Standard,-1.0,-1.0,
xcp7e8J_hh0,Standard,2.5,5.0,
uoYFWGoMdyY,Standard,5.0,0.0,
m7Yt2UuVwdQ,Standard,5.0,0.0,
2zWrI-eD_SQ,Standard,4.5,1.0,
X4OLTwY8W5w,Standard,7.5,7.0,
LMQncnd32gM,Standard,-1.0,-1.0,
y1E1HB66oY0,Standard,8.5,9.5,
WGLLCOrlG4Q,Standard,5.0,0.0,
0VFZLv6-HYQ,Reaction,8.0,7.5,
UxM7c7RFjys,Reaction,9.5,8.5,
cM1M6qsKujU,Standard,9.0,9.5,
JrhbgX9LPu0,Standard,7.5,6.5,
zYdwFwBddDc,Standard,7.5,7.0,
VmKbLDzd34E,Reaction,-1.0,7.0,
jeyTmLvvsyA,Reaction,7.5,6.5,
56MwG2ZeQYw,Reaction,3.5,2.5,
wqHg19GyqfI,Standard,5.0,0.0,
W9jJQn_djiw,Standard,-1.0,-1.0,
oGgnYvEa6Dg,Standard,2.5,7.5,
moUilDrPqIA,Standard,7.5,7.5,
zwjTzDAcyGA,Standard,8.0,9.0,
iwZKr4WN6Tw,Reaction,-1.0,-1.0,
Adehia8T3CA,Reaction,-1.0,-1.0,
OzYOQb2AfXE,Standard,7.5,7.0,
2DI2nGmoJzg,Standard,5.0,0.0,
tb8pX8YInpQ,Standard,2.5,0.0,
za1QHpgv_LE,Standard,5.0,0.0,
aM8l8aseboI,Standard,2.5,8.0,
ScW_hDhN3P4,Standard,3.5,7.0,
9Ef6tKeDt8A,Standard,5.0,0.0,
2S0udTlullY,Standard,1.5,8.0,
aClkLlca6bU,Standard,-1.0,-1.0,
AutYREirRb0,Standard,5.0,0.0,
YgW_HbUOkmw,Standard,0.5,1.0,
b3PCRkUbuh8,Reaction,3.5,1.0,
k7ZuGwT4yow,Reaction,7.5,8.5,
lXb0yJVIX2w,Standard,6.5,9.0,
-gWyLhoRXsY,Standard,6.5,8.0,
8JXCjhmJ92o,Standard,-1.0,-1.0,
Tm4ySqFaHgk,Reaction,7.5,8.0,
WJ45qzeWZYU,Standard,5.0,0.0,
38FfCc0ixLg,Standard,-1.0,-1.0,
DMWmWxXcxuk,Standard,7.5,8.5,
SRR3Nt5-dbU,Standard,8.0,8.5,
0ByYPgnVMv8,Standard,7.5,8.5,
OXxUHyegFsU,Standard,-1.0,0.0,
i6x7hFeoABc,Standard,8.5,8.5,
qaj2ZfEsNW8,Standard,5.0,7.5,
l4i4xo4F8G0,Standard,6.5,6.0,
UcroB-blec0,Standard,5.0,0.0,
jtfXKD5fd2w,Reaction,2.5,0.0,
D-g_Mury-64,Standard,1.5,8.5,
rGMLIsCk8sw,Standard,7.5,6.0,
JxyO6qZDtBM,Standard,5.0,0.0,
lVfydLMmTWo,Standard,7.5,8.5,
BHbTPAtk2fQ,Standard,6.5,6.5,
kMKEHgu7bZs,Standard,-1.0,-1.0,
ejfaeUv-aN0,Standard,-1.0,-1.0,
kKZKMYn_fc8,Standard,8.5,8.5,
YgkmeIKfCyo,Reaction,5.0,0.0,
WRWDyfAcKbU,Standard,1.5,7.0,
TtyM5kKJiy8,Standard,8.5,9.5,
iWwLJ_hMnRo,Standard,8.5,9.0,
_6i0_fI3jQw,Standard,-1.0,-1.0,
19WrFRBna0s,Standard,3.5,2.5,
2FgUGaVzMxw,Reaction,7.0,7.5,
BGfAYcxWwSQ,Standard,4.0,8.5,
SSv5kSfzBJc,Reaction,6.5,7.5,
J_Q9SybdCdM,Standard,-1.0,-1.0,
ixz7PoJOtp0,Standard,7.5,6.5,
kgrSHxisjb0,Reaction,7.5,8.5,
FLWElAf4rVg,Standard,7.5,8.5,
xW0m352KWDs,Standard,-1.0,-1.0,
xyNwzpMpnZI,Reaction,4.5,0.0,
f57cICcdECU,Standard,-1.0,-1.0,
uVOHMFqILEA,Standard,6.0,1.0,
RVIf3B4M3tM,Standard,5.0,0.0,
E7SJmRXMEYk,Reaction,7.5,7.5,
HmYHzjZ1lzY,Reaction,7.5,8.5,
odb1pkGMArs,Standard,8.5,8.5,
CpYf0KrtbMA,Reaction,2.5,8.5,
7lw7V6_sDcY,Standard,-1.0,-1.0,
PZBtEfznLCk,Reaction,6.5,8.5,
3VWygkOJQq4,Standard,4.5,1.0,
O2ASPbWSfmY,Standard,5.0,0.0,
hEIP3xFxPlg,Standard,9.5,9.5,
escedpVP5lk,Standard,-1.0,-1.0,
ts-zS7EBTTk,Standard,2.5,0.0,
bKDC9i_Wjc8,Standard,-1.0,-1.0,
9tYFy-5ekSY,Standard,8.5,8.5,
2T8by1kWzIM,Standard,-1.0,-1.0,
qEOmUD74Rc8,Standard,-1.0,-1.0,
xoEd8D4idSw,Reaction,7.5,8.5,
CNT2NV541IA,Standard,-1.0,-1.0,
2fPuIsLKn3o,Standard,6.5,8.5,
KqlnmeWgcm0,Standard,6.5,7.0,
1EtaZQ4Cu_w,Standard,-1.0,-1.0,
K_JqZRRd3uw,Reaction,-1.0,-1.0,
sbXjRx0q-Yg,Standard,5.0,0.0,
bpxQYgup6NI,Reaction,7.5,8.0,
0sGO8vdqPS4,Standard,5.0,0.0,
yh6RwxLQbv0,Standard,-1.0,-1.0,
moyq7OBA1fI,Standard,5.0,0.0,
KDp9stGt784,Standard,5.0,8.5,
okXXv-uS9m8,Reaction,8.5,8.5,
NQMMbClSIqQ,Standard,5.0,0.0,
zrUeP3GST9Q,Standard,5.0,0.0,
o0AfzxEvdWA,Standard,6.5,7.0,
cJpFtx7s26k,Standard,-1.0,-1.0,
Lhtw7ZH9PSQ,Standard,4.5,6.5,
YnYuK9q3LCk,Reaction,-1.0,0.0,
Dx81qdQPH60,Standard,8.5,8.5,
mbf4aO3JyXc,Standard,6.0,0.0,
_FzPaHTAmZU,Standard,8.5,9.0,
5Nr-20qnZJs,Standard,-1.0,-1.0,
qImRN4s2rrU,Reaction,3.5,1.5,
1yO5hEv4eYs,Standard,7.5,6.5,
tp8DQS2yIiY,Standard,5.0,0.0,
23UcYsVPVds,Standard,5.0,0.0,
4nGvZ6nSDU0,Standard,5.0,0.0,
vgG6z8XrFz0,Standard,5.0,0.0,
2D6zCLTiId8,Standard,6.0,3.5,
OsHpYoNsaUw,Standard,7.5,0.0,
oHDBalG7G04,Standard,5.0,0.0,
Gg2SuX-WTWs,Standard,-1.0,-1.0,
HGTSjWi11Jg,Standard,-1.0,-1.0,
cfKoCkBBN0A,Standard,-1.0,-1.0,
NuLAYstyo5g,Standard,7.5,7.5,
muLfny1Bydg,Standard,-1.0,-1.0,
J5HhJPbZ6jg,Standard,-1.0,-1.0,
nocck3tNk_8,Standard,8.5,8.5,
vdhiNcRe4ek,Standard,7.5,6.0,
gb-xhUhxRlo,Reaction,8.0,8.5,
B375yq_yMA4,Standard,-1.0,-1.0,
Wk3hxNa6iFQ,Reaction,8.5,9.5,
yuujFsqH_bk,Reaction,-1.0,-1.0,
s1h8YEc8OUQ,Standard,5.5,8.5,
axs1qMDklQ4,Reaction,6.5,8.5,
IzlVfcWAkvo,Standard,5.0,0.0,
zsOljPOyw24,Standard,7.5,7.5,
GewisSSlcFk,Standard,7.5,8.5,
ziqjMHQrOkQ,Standard,5.0,0.0,
IxlevkcOq-w,Standard,-1.0,-1.0,
JTwSpVGe5XE,Standard,-1.0,-1.0,
8abFe0dO5ls,Standard,5.0,0.0,
budbycmTplI,Standard,9.0,9.5,
C-ca8hl6oMc,Standard,7.0,8.0,
P5zVUiIvXhI,Reaction,7.5,8.5,
Ki5-hmWoUkc,Standard,5.0,0.0,
6lSxSKp48Wc,Standard,8.5,7.5,
55UHRFp-sgU,Standard,7.0,9.0,
lAA_GsJAB60,Standard,5.0,0.0,
7SJtltiEYps,Standard,5.0,0.0,
YuIXsTTh4Js,Standard,6.5,7.5,
wGoTQQCrrow,Standard,5.0,0.0,
PmeLwpmTCcg,Standard,6.5,4.5,
zPiZoUd3s1s,Reaction,7.5,8.5,
iMJgmLmuy_M,Standard,8.5,9.5,
jfN1QnqQ7AE,Standard,9.0,10.0,
Juh-3Xc1Wng,Standard,2.5,0.0,
cgPM5mQaaao,Standard,6.5,3.5,
YyBDF5DnLIU,Standard,6.0,7.5,
Dcrr_yDxBzo,Reaction,9.0,9.5,
2Fymv0enDqg,Standard,7.5,8.0,
yBpneSN7uFU,Standard,-1.0,0.0,
ioKorZE9KXo,Standard,-1.0,-1.0,
Im4OfWNHlZQ,Standard,7.5,2.0,
nf769w48vDM,Reaction,8.5,8.5,
HIz3pWwvls4,Reaction,-1.0,0.0,
LJ6swML5NbI,Standard,-1.0,-1.0,
T2-zTQWJ3NY,Standard,5.0,0.0,
RV598sb3npQ,Reaction,3.5,0.0,
wuuH386mI_w,Standard,2.5,6.5,
hupWLWjnO3Q,Standard,5.0,0.0,
zHZN35jeYxg,Standard,-1.0,0.0,
_v0MuTip4Lw,Standard,1.5,1.5,
tjh_2i-4DXE,Reaction,2.5,8.0,
92riuPXqdPg,Standard,7.0,7.5,
7-ip-aaPY2c,Standard,7.5,9.0,
h83jG5vNSPo,Standard,7.5,9.0,
IxMG8AyO3Xg,Standard,5.0,0.0,
j69W7IFNs5k,Reaction,-1.0,-1.0,
CgD7Sd1EdSI,Standard,5.0,0.0,
u29J_I7edBM,Standard,-1.0,-1.0,
qQpOzw81EJc,Standard,5.0,0.0,
SAaKd1EGczE,Standard,8.5,9.0,
Eyq-UJ9hSTQ,Standard,3.5,0.0,
SVwPfzMZExA,Standard,-1.0,-1.0,
UP4k-xwW-MM,Standard,6.5,5.5,
4b79VGFVaJU,Standard,-1.0,-1.0,
8vkkuErRSkU,Standard,-1.0,-1.0,
X4PI7Nmy6JI,Standard,8.0,7.5,
VtF6glFBqhs,Standard,8.5,9.5,
AZSravUftqA,Standard,4.0,0.5,
uQLBNjIwhEg,Standard,-1.0,-1.0,
NoTZgOhrWd8,Standard,3.5,6.5,
2UBMv1v_Zzg,Standard,5.0,0.0,
Xtvowpbvy24,Reaction,8.5,9.5,
0LosdA-NRNM,Reaction,9.0,8.5,
98VB78ijEyE,Standard,-1.0,-1.0,
hwtez66l_2I,Standard,-1.0,-1.0,
yb7lm-ds614,Standard,6.0,4.0,
7kKmVcZ2Vqc,Standard,6.0,8.0,
kDGXRlT-NqY,Standard,-1.0,-1.0,
98mJ85lL6Pg,Standard,-1.0,-1.0,
rsnfvfithbk,Standard,7.5,8.5,
27cfCbliuOM,Standard,5.5,0.0,
i0nLw9XqI6o,Standard,4.0,2.5,
D7uTHsX3-uM,Standard,2.5,0.0,
UaFWry7Cgu4,Standard,9.5,10.0,
Oqh2jygk7io,Standard,5.0,0.0,
dY5Kh-19sYQ,Standard,-1.0,-1.0,
ufVVehAmdyg,Standard,3.5,6.5,
bl0HsbiinXM,Standard,5.0,0.0,
K2Xe8Yt-JiQ,Standard,5.0,8.5,
2TDWofDxL_4,Standard,7.5,7.5,
3-sM6iaQThU,Reaction,7.5,7.5,
Iwhj6CmcK5Y,Standard,2.5,8.0,
qjw44zY8ra0,Standard,6.5,0.0,
bEG6EUwHClQ,Standard,-1.0,-1.0,
cv8Nj1ETmv4,Standard,-1.0,-1.0,
vu7QAxJQcQo,Reaction,5.0,0.0,
17HKdR4GzfU,Standard,9.0,7.0,
RQeuXhok8VQ,Standard,5.0,0.0,
0VPZkh23rak,Standard,-1.0,-1.0,
XeB8uQbwr5s,Standard,7.5,6.5,
52nTrZkt_Iw,Reaction,1.5,0.0,
vwCSOqO8SPU,Standard,7.5,6.0,
8KBFYnpWLGY,Standard,8.0,9.0,
yHWwpVGZCQ8,Standard,9.5,9.0,
aLTxhFCANCI,Standard,7.5,4.5,
1rx_Dp5oNAM,Standard,-1.0,-1.0,
zCiIWfJcynE,Reaction,7.5,9.5,
dnGSac3nD6o,Standard,7.0,6.5,
R-Aquc6cRZI,Standard,3.5,0.0,
4uu-2ITH-T0,Reaction,3.5,6.5,
xRPLzz7gLUw,Standard,-1.0,-1.0,
3Ykq29riUhI,Standard,7.0,8.5,
cC-RyI9IqE8,Standard,-1.0,7.0,
t5qkkU-u_s4,Reaction,-1.0,-1.0,
ahc7eLUtOrE,Standard,-1.0,-1.0,
gdXCQpz516Y,Standard,7.0,6.0,
WmygbFUecj0,Standard,8.5,9.5,
iLn3T6QTPcQ,Standard,8.5,9.0,
8cjnBY5u9eE,Standard,7.5,9.0,
DfMvystpnss,Standard,5.0,0.0,
Uwv1qcvBWHY,Standard,-1.0,-1.0,
fJICPr28iIU,Standard,5.0,0.0,
YwhTtuVxg-E,Reaction,9.0,9.5,
ER6pg22WGXA,Reaction,7.5,8.5,
OKoJWHCqSho,Standard,5.0,0.0,
3-Xm505eU7Y,Standard,7.0,8.5,
fGNBA17Ja1Q,Standard,7.5,2.5,
XxeGkik2h00,Standard,-1.0,-1.0,
ICx1H2OYBLo,Standard,7.5,8.5,
u2bN8z4jOUk,Standard,-1.0,-1.0,
O_JD1EILJ2E,Standard,7.5,6.5,
OynKy5NRYCM,Reaction,6.5,8.5,
MMcGDpI0e9c,Standard,6.5,7.5,
gIXp-FoPBKk,Standard,5.0,0.0,
0Ph7fdLqTQU,Standard,9.0,9.0,
aw-2I-wQ18k,Standard,-1.0,-1.0,
FiN69SjDKKI,Reaction,8.5,9.0,
yg7-oJCNNPg,Reaction,6.5,7.0,
DrJfUvPsxuc,Standard,-1.0,-1.0,
2Ah8Ajr5qCo,Reaction,-1.0,-1.0,
Y4v6DDFx5RA,Standard,7.0,6.5,
e-C5BurGiXc,Standard,2.5,0.0,
Vp77eIG0TVc,Standard,9.0,9.0,
liErxDXWdDI,Standard,-1.0,-1.0,
julfRBrQ9Tk,Reaction,7.5,7.5,
PT6e0mQmuCI,Standard,8.0,8.5,
QrOQoG_t8hc,Reaction,-1.0,-1.0,
3JUGbswd2-c,Standard,9.0,9.5,
7G7QX-_x8H0,Reaction,4.5,7.5,
HCOeE2mvaEg,Standard,5.0,0.0,
sWTlFDfZBo0,Standard,8.5,7.5,
Eb9BPZtnUOo,Standard,7.5,6.5,
SDCTZsXf-F0,Reaction,6.8,8.0,
RNnAue1N5ds,Standard,4.0,7.0,
jiu1UUY0sA8,Standard,-1.0,-1.0,
riOWw184CjY,Standard,-1.0,-1.0,
Mhse7pEFgrU,Standard,8.5,8.0,
PYjtTYWxhWo,Reaction,7.5,7.5,
gFuI5kOrNEg,Reaction,7.5,8.5,
1x_c2Bkj73A,Reaction,7.5,8.0,
8LU-ikvQkuM,Standard,3.5,0.0,
wqge4Vtf0KI,Standard,8.5,9.5,
QduxwSs_aE0,Standard,-1.0,-1.0,
1PZeWOOsMtw,Standard,1.5,7.5,
8eflQKFP748,Standard,5.0,0.0,
D0QvkEs_DlY,Standard,7.0,3.5,
SrjTP2wVMj4,Standard,9.0,9.5,
RfQS5-xxpf0,Standard,8.5,8.5,
PGD5hHjOCOQ,Standard,-1.0,-1.0,
EzYE9diC9L0,Standard,-1.0,-1.0,
-8cEXuJESM0,Standard,8.0,8.5,
VAfHfhCk35A,Standard,6.5,0.0,
yW7MP0_6EoU,Standard,6.5,7.5,
98DaBKUkIy4,Standard,8.5,9.0,
t7xvHyIobS0,Standard,7.5,8.0,
qbKcyoIm6JU,Standard,-1.0,-1.0,
DW4B33d3YkU,Standard,4.5,0.0,
EdVMbUvKfo4,Standard,5.0,0.0,
NgHMR8Oe7nE,Standard,5.0,3.0,
OznC11bP1tQ,Standard,5.0,0.0,
ZFIAHprSKFc,Standard,8.5,8.5,
JVg60CRCpSc,Reaction,5.0,7.5,
ymc7EDUI1qY,Standard,-1.0,-1.0,
pLpNkGaftDk,Standard,7.5,2.5,
OFy1eh04CxQ,Standard,-1.0,-1.0,
vk5Exlcc68Y,Standard,2.5,1.0,
nmFtHRXCzvk,Standard,-1.0,-1.0,
1hzOH2Dy1Ws,Standard,6.0,0.0,
m2FA3eahdF0,Standard,-1.0,-1.0,
rDTXCsEgiXE,Standard,2.5,7.5,
Nhtco6lRTrw,Standard,-1.0,-1.0,
DFqTAl0UJyo,Reaction,7.5,8.0,
X3QMfO7idw4,Standard,5.0,0.0,
GWrpHuOUV3A,Standard,3.5,7.0,
b-oSmbx6cQs,Reaction,7.5,7.0,
W8Lfav31RIc,Reaction,2.5,0.0,
Hy_hJBm4XkU,Standard,6.5,7.5,
6Ig1Om7TKy0,Standard,9.0,8.5,
KcT90hXMzAQ,Standard,4.0,0.0,
jYlk47yauZo,Standard,6.5,0.0,
OA-94Jywv98,Reaction,7.5,7.5,
DvtHWU_eLno,Standard,-1.0,-1.0,
KuPjS0JhgZ0,Reaction,7.5,8.5,
CtWT6fNpvPI,Standard,1.5,6.5,
yyPCNmKMsaU,Standard,9.0,9.0,
FkM69rMAlkU,Standard,5.0,0.0,
BoNzsQcOMCk,Standard,5.0,2.0,
PuuJ__KED1M,Reaction,2.5,0.0,
2Sf5TEV6cbY,Standard,3.5,4.5,
-GleH1Fm4g0,Standard,-1.0,-1.0,
_t-RB1QE5es,Standard,8.5,9.0,
mkJvJ72_EiU,Standard,-1.0,-1.0,
vwJeLKNmU1g,Standard,7.0,0.0,
b2LLvpH5e1Q,Reaction,8.5,9.5,
tezsE5lJ4ZY,Standard,5.0,0.0,
xu2ixiWFuNY,Standard,9.0,9.5,
n-Sdx1kCF2c,Standard,-1.0,-1.0,
-7nQgBSQFAA,Standard,-1.0,-1.0,
8Ki-Fji_ZBc,Standard,6.0,7.0,
sIl3_ehUvog,Standard,8.5,9.5,
ODABTvD-DU0,Standard,9.0,9.0,
7Brl228CjDc,Standard,-1.0,-1.0,
cAJY90XQh18,Standard,5.0,0.0,
DVd3RAVoF-k,Standard,-1.0,-1.0,
04WI_23XoZQ,Standard,-1.0,-1.0,
1u_uneolCC8,Standard,9.0,9.5,
-1DGy7hJeTw,Standard,7.5,8.5,
WNdhtrbRa5o,Standard,7.0,4.5,
5QHpX6mu7uI,Reaction,1.5,6.0,
0CRclt2clgw,Reaction,-1.0,-1.0,
De1r89rNcbo,Reaction,6.0,9.0,
oYADpb8VtU4,Standard,-1.0,-1.0,
-H_SS1GSzEI,Reaction,2.0,2.5,
wm06s0RBBk8,Standard,5.0,0.0,
wIxaXbelBek,Standard,8.0,8.5,
bJqW5jKQO_k,Standard,5.0,0.0,
3TCP4tkeQMI,Standard,5.0,0.0,
yo_oW3px4kY,Reaction,1.5,7.5,
-iz6EoFJfSA,Standard,5.0,0.0,
z_zJ0PSIoVg,Standard,5.0,0.0,
knzB4C_SSZs,Standard,5.0,0.0,
7mtxwI0m3U8,Standard,5.0,0.0,
s38lOpttv60,Reaction,-1.0,0.0,
lJ7faXRW4x0,Standard,-1.0,-1.0,
LNj0wKjba6A,Reaction,2.5,7.5,
K8s0mQc2Z7k,Standard,5.5,0.0,
yovpwgo9QP0,Reaction,3.5,1.5,
lIHZjD7Jw0U,Standard,7.5,7.5,
aK2_LUDhwks,Reaction,6.5,4.5,
oI4pY3MlAS0,Standard,7.0,7.0,
OuhpWF1W__s,Standard,2.5,1.5,
-jtbukJuHOo,Standard,8.0,8.0,
OpcuIei3v58,Standard,4.0,4.0,
IdH9t2-pnSA,Reaction,9.5,9.0,
UCbBs80Oh3k,Standard,5.0,0.0,
58X0kd-k0vw,Standard,8.0,8.5,
RXj2cCV_gZA,Standard,6.5,0.0,
qaDIAJkmN2I,Standard,3.5,8.5,
Sz06wdUsP7Y,Standard,8.0,9.0,
hMR2_pRYJhY,Standard,5.0,0.0,
g2zBqa1TDPs,Reaction,8.5,9.5,
Xh3K8kgF4Ho,Standard,6.0,7.0,
vRJIFgjOwI0,Standard,-1.0,-1.0,
nUqOz921zXk,Standard,7.5,7.5,
NgcY__hzg2g,Standard,-1.0,-1.0,
9QRNx2VZk84,Standard,5.0,0.0,
ZcQFcBIGKLA,Standard,-1.0,-1.0,
sJ8pXD_7psE,Standard,6.0,5.0,
B8OG1CNrMWk,Standard,-1.0,-1.0,
v-hmWI_BFjU,Standard,4.0,1.0,
bmlX5-TVELc,Standard,-1.0,-1.0,
75GUym5GxwE,Reaction,5.0,0.0,
paoi21mwGS8,Standard,-1.0,-1.0,
2UqYTNMP-fE,Reaction,8.0,8.5,
LBsgioB3hvc,Standard,-1.0,-1.0,
jIJdxnU1Q38,Standard,6.0,0.0,
K1JA9pZM3SE,Standard,-1.0,-1.0,
H7foeVz89xk,Standard,7.0,6.5,
GbIFtrW3t5E,Standard,7.5,0.0,
6KGwpzmceyU,Standard,7.5,7.0,
9ja_UD_ggBY,Standard,7.5,7.5,
4XxyQ18zQC8,Standard,4.5,6.0,
Z78LoRhDhW4,Standard,-1.0,-1.0,
4Si5NTJ3eAk,Standard,-1.0,-1.0,
msHDfsUXNsc,Standard,-1.0,-1.0,
gL1SvcAamfo,Standard,5.0,0.0,
snjO3gx-Ln0,Reaction,7.5,9.5,
O7bxByL79SI,Standard,9.0,9.0,
uzJEGaVyb3k,Standard,5.5,0.0,
MQGpuIAV9A0,Standard,-1.0,-1.0,
0fHSrYixm40,Standard,3.5,7.0,
DBiuAjAXDvY,Standard,9.5,9.0,
N6sNwLWpPCE,Standard,8.0,9.0,
yGa8i15foD8,Standard,-1.0,-1.0,
iP16ta7wRb8,Standard,4.5,6.5,
4paOdz4dYu4,Standard,6.0,4.5,
zExYnA1emzU,Standard,5.0,0.0,
I_qikXTGlsA,Standard,-1.0,-1.0,
Hl_d9W42Yww,Standard,7.5,7.5,
Q_DISDOMFgo,Standard,5.0,0.0,
PF8wsi4Fi4I,Standard,8.5,8.5,
ubmvNayv3AU,Standard,8.5,9.5,
Md3HZ8nVPJk,Standard,8.0,6.5,
CPRw7r94WaU,Standard,5.0,0.0,
0slEh-s2QsI,Standard,3.5,3.5,
NWDUZSXXLaw,Standard,7.5,7.5,
QelwkbqOAGQ,Standard,7.5,7.5,
emv-ek9Ecdk,Standard,-1.0,-1.0,
yjepEDaNGwY,Reaction,-1.0,-1.0,
WDAQyb9xWEg,Standard,-1.0,-1.0,
_Kj_8Uy9Phg,Reaction,7.5,9.5,
pJE4Gi9Jp7o,Standard,3.5,8.0,
R2UpX3XaDsY,Standard,7.5,8.5,
vbeyrI8sC7E,Reaction,8.5,7.5,
GbAY5kHiZMo,Standard,5.0,2.0,
6bv0KULjwtg,Reaction,7.5,8.5,
diw9qhekxi4,Reaction,2.5,6.5,
3xnQOFRWmEw,Reaction,1.5,2.5,
-MPZwoSIDqc,Reaction,5.0,6.5,
YsJrgI_j-jw,Reaction,8.0,9.0,
TSLJ0bQITpk,Standard,-1.0,-1.0,
a3s9fwtUAQQ,Reaction,2.5,6.5,
Pe2HU0k6MsA,Standard,7.5,6.5,
v6CXiaBRajk,Standard,5.0,0.0,
WS61W6Swp0k,Standard,-1.0,-1.0,
AMB3FTp0HCQ,Standard,-1.0,-1.0,
o66Td0Fmdd4,Standard,-1.0,-1.0,
lU_9mKUKGzU,Reaction,-1.0,-1.0,
qrcxNq5CcW8,Standard,3.5,7.5,
BnWJpBD6MFo,Standard,-1.0,-1.0,
7Dwxb0kMJJY,Standard,-1.0,-1.0,
ghOhfrDIqfg,Standard,5.0,1.0,
TBPYy3TrJSY,Standard,-1.0,-1.0,
fcYbPTNMJ2Y,Standard,7.5,9.0,
1gysXKvKuSQ,Standard,-1.0,-1.0,
zKIqdnsd9uI,Reaction,5.0,8.5,
h0aq901EgRA,Standard,7.5,8.5,
pvdefVo5XMI,Standard,-1.0,-1.0,
UVJV0AytGHc,Standard,5.0,0.0,
NRpcOv7iIuU,Standard,3.5,0.0,
U5-5VKZuzuQ,Reaction,8.5,9.5,
459I7bI6F-4,Reaction,2.5,7.5,
Lts_d0k9A3M,Standard,6.5,0.0,
nUkYywcZhgg,Standard,5.0,0.0,
ALXzrL3mjig,Reaction,-1.0,-1.0,
OwB6A2LtgX0,Standard,2.5,6.5,
qOXF8sNthx4,Standard,-1.0,-1.0,
C0sgzw8onE0,Standard,-1.0,-1.0,
K7_EyL8gHps,Standard,6.5,2.0,
DrnQ73Ffi18,Standard,-1.0,-1.0,
GOxPrUStBwc,Standard,1.5,7.5,
nMJewBjXRRA,Standard,5.0,0.0,
L7SUb8JjlWk,Reaction,8.5,8.0,
vxP21n-hKoc,Standard,8.5,8.0,
YJebFbYkh-o,Reaction,8.5,8.0,
JWXKleU5Dvk,Standard,3.5,0.0,
ku1NoBgDJLI,Standard,7.5,8.5,
SlIoNca-s8E,Standard,5.0,0.0,
e9crmlusb9s,Standard,5.0,0.0,
QTxgAe0rCjI,Standard,-1.0,-1.0,
lWi1kXep_Xg,Standard,-1.0,-1.0,
G0C7nOCY4Eo,Standard,-1.0,-1.0,
-d6XZaYgPl4,Standard,7.0,4.5,
qvigIev_5Jg,Standard,-1.0,-1.0,
xcPCfCHM75k,Standard,-1.0,-1.0,
nO5R6LfBThI,Standard,-1.0,-1.0,
85Rt2DBSSC0,Standard,9.5,9.0,
ifamplwaBSk,Standard,-1.0,-1.0,
L_ObT1WY7Xc,Standard,-1.0,-1.0,
6sfVuB2HIKk,Reaction,8.0,4.0,
f44emL6s1J0,Standard,2.5,0.0,
aLmXGZvLBLg,Standard,-1.0,-1.0,
xMOdrdJ9JKs,Standard,6.0,7.5,
mV4USlng0D0,Reaction,7.5,8.5,
0shgzwOxEDg,Standard,7.5,6.5,
AHan7-wjHrg,Standard,8.5,9.5,
7j_D_tm-ScA,Reaction,3.0,7.5,
BipaKrGkuWo,Standard,5.0,0.0,
O5yP2BZwpJA,Reaction,7.5,7.0,
CLZmIHiErJs,Reaction,7.5,4.5,
evlt2zv8A9Y,Standard,3.5,7.5,
R1hlKXEZWOA,Standard,9.0,7.5,
0fdTNA0bVto,Reaction,5.0,0.0,
PxEqYFK-UiA,Reaction,7.5,9.0,
0c6X4FempR0,Standard,7.5,6.5,
VwW7IABTF6I,Standard,7.0,0.0,
nlD-dIqjp5Q,Standard,4.0,1.0,
lnQjzjADn3M,Reaction,9.5,9.5,
A4QjOPqYHJE,Reaction,9.0,9.0,
E5MfWEdFr4E,Standard,5.0,0.0,
3NH343p5IHU,Standard,7.5,8.5,
CtlpdjJ8K9c,Reaction,6.5,8.5,
aNkBMXTwirk,Reaction,8.5,9.0,
PjMMSBAgr_8,Reaction,8.5,9.5,
D4RoCAihnKo,Reaction,2.5,0.0,
OLhcCNj5BcU,Standard,-1.0,-1.0,
y2MpycJB_0g,Reaction,7.5,8.5,
lr5ez68rT24,Standard,7.5,2.5,
HGdYwdfKoPw,Reaction,4.0,9.0,
vu_XnROFg78,Standard,-1.0,-1.0,
0oX_tygpX80,Standard,7.5,7.5,
Zeb8zKXGeqE,Standard,8.5,8.5,
QA1tlMIf_Pg,Standard,5.5,0.0,
y_XH6cxHkGA,Standard,6.5,0.0,
zxz2wOjGouE,Standard,5.5,6.5,
hwyozQmzYy4,Standard,5.0,0.0,
On0tzmYRDUM,Reaction,3.5,8.0,
TEsIbUfa9gQ,Standard,8.5,8.5,
hv5qhsAoR9w,Standard,-1.0,-1.0,
6pB5DSvKVUc,Reaction,8.5,9.5,
f-Dz7Cc-Glg,Standard,9.0,9.5,
g2Dv1-c2NTk,Reaction,8.5,9.0,
9FgXXcKC5uU,Standard,3.5,6.5,
3DahinzeWCw,Standard,5.0,0.0,
_lWXD8DSpa4,Reaction,5.0,0.0,
EBYPLBNjU_g,Standard,5.0,6.5,
cNRuW326A0U,Standard,5.0,0.0,
MRQ098_bnjs,Standard,5.0,0.0,
2pq_nvx6pXY,Standard,8.5,8.5,
CCM94doHftc,Standard,6.5,7.5,
MhCs5cAS9GI,Standard,5.5,7.0,
Sw5WlOAg714,Reaction,3.5,1.5,
aDM5D8ystfA,Reaction,7.5,6.5,
-9skvZk5BPU,Standard,7.5,6.0,
UFX2swbG9C8,Standard,5.0,0.0,
VMH5YYDJbfk,Standard,-1.0,-1.0,
zil36k5cPt8,Standard,5.0,0.0,
3wV1GRSgd90,Standard,5.0,0.0,
iaVxWjyZZ10,Reaction,8.0,9.0,
-Hgxr5gReXg,Standard,8.5,7.5,
wDNl_fC7mgE,Standard,7.5,9.0,
g3pnbgdFP0M,Reaction,6.5,7.5,
7lWCMJhdUFk,Standard,5.0,0.0,
kI5CSG_-kYM,Standard,-1.0,-1.0,
2o0jHLNQVu0,Standard,5.0,0.0,
Zcow1ClpW6E,Reaction,0.5,7.0,
JyDusSPiDRw,Standard,9.0,9.0,
7slmUu-Pigc,Standard,2.5,7.5,
zkhECae_syU,Standard,2.5,8.5,
lpdxPYZceHA,Standard,5.0,0.0,
l4oLUKmys78,Standard,-1.0,-1.0,
IytP9kYE6BA,Reaction,7.5,8.5,
58_TDc0ftRI,Standard,5.0,0.0,
6i8EB42jFtE,Standard,-1.0,-1.0,
1Y1rRfu-m84,Reaction,1.0,0.5,
hbQoTLsX-rQ,Reaction,8.5,8.5,
J0KQIZOAnpM,Standard,8.5,9.5,
YlTwDyeSxfs,Standard,7.5,2.5,
KIGOogSe4tg,Standard,5.0,0.0,
WGRbFTihvP8,Standard,-1.0,-1.0,
1p-5B3gRnsE,Standard,8.5,7.5,
N6-9L-rTSGs,Standard,7.5,7.0,
iPJL8zNo9-8,Standard,8.0,7.5,
98jjBTVW0UA,Reaction,2.5,7.5,
q3IeOOmPC6g,Standard,-1.0,-1.0,
87Z84BB6w4c,Standard,5.0,1.0,
DRETz8AEskg,Standard,8.0,9.0,
047woaxFw8k,Standard,5.0,0.0,
plKavA3WE60,Standard,5.0,0.0,
heCFn-ZipMI,Reaction,5.0,3.0,
PC6YnaescTc,Standard,-1.0,-1.0,
_cn7FiEcTbQ,Standard,-1.0,-1.0,
dxC4Z-BePlQ,Standard,5.0,4.0,
Iijg_RmjsZ0,Standard,8.5,9.0,
qZjJYK-Gh5E,Standard,8.5,7.5,
5X06WkcvrfQ,Standard,-1.0,-1.0,
EhvGaOBZIsw,Standard,-1.0,-1.0,
XhEyIb7hfi8,Reaction,1.5,1.0,
5rXqSGe2ZRA,Standard,5.5,0.0,
H1Pkj7aMwNs,Standard,8.5,8.5,
QWsZ5Wk61sg,Standard,5.0,0.0,
Ikec_9yPCSY,Reaction,2.5,8.5,
1NmmKAtLiGo,Standard,1.5,0.5,
zUPLTO2GLLk,Standard,6.5,7.0,
YoWjZ11ig_w,Standard,5.0,0.0,
Bmbca9GnP6Y,Standard,5.0,0.0,
lkWjB2oI-tc,Standard,5.0,6.5,
u-rFFk1hNOk,Standard,-1.0,-1.0,
Ui9kus1fQVs,Standard,7.5,7.5,
bOYuw9SxREM,Reaction,9.0,9.5,
AsNyrrMMPYk,Standard,-1.0,0.0,
my2yzDTxzio,Standard,4.5,0.0,
TJ8oRPaHtXk,Standard,-1.0,0.0,
vf8JqceJ85M,Reaction,3.5,4.0,
1ERN9GI0x1c,Standard,2.5,2.0,
Ix41r2s9j0s,Reaction,6.5,8.5,
JbsUPLHUV5k,Standard,-1.0,-1.0,
9PpiDkU_9jw,Standard,7.0,7.0,
CccjALSBV5Q,Standard,5.0,0.0,
uKoWcnuBJig,Standard,6.0,0.0,
3rINY_9NvNM,Reaction,7.5,9.5,
QBe0hsSQ3e4,Reaction,7.5,8.5,
2lJ6MfNSJBc,Standard,-1.0,-1.0,
JWGORmg-3OY,Standard,-1.0,-1.0,
9Q57Kfi-4co,Standard,-1.0,-1.0,
0YK4O_c-dxw,Standard,9.0,9.0,
IAHf-PS5RJY,Standard,8.0,8.5,
ej6MB-6Ab-k,Reaction,8.5,9.0,
gP55ZBHt3lw,Standard,5.0,6.5,
FPEyKG_5YUs,Standard,-1.0,-1.0,
EqwOEFCTMqw,Standard,-1.0,-1.0,
bzLT1TX8iyo,Standard,-1.0,-1.0,
nycbHXquVJY,Standard,7.5,8.5,
M1bzW2YmaWw,Standard,7.5,9.0,
0IZEbIa65mo,Reaction,7.5,9.5,
ym23dYEZbkA,Standard,-1.0,-1.0,
qG24mKc0RpY,Standard,-1.0,-1.0,
ugaGCRHBKIM,Reaction,8.5,8.5,
B93lUyJ0cvM,Standard,-1.0,-1.0,
MJygajAD-o0,Standard,5.0,0.0,
N5PSoTbzK5Q,Standard,5.0,0.0,
-AlgqvOaadA,Standard,3.5,0.0,
H2nZLXRWwqM,Standard,5.0,0.0,
zzblrhR8zxQ,Standard,6.0,7.5,
B3qn-DCMv6A,Standard,-1.0,-1.0,
lIH8bQnKHG8,Standard,-1.0,-1.0,
CFycT29j0Uo,Standard,5.5,3.5,
oZ6iMANQxXQ,Standard,-1.0,-1.0,
-HaliMVZqWk,Reaction,5.0,0.0,
-CRM38IYUk0,Standard,-1.0,-1.0,
OqUru31EyPc,Standard,8.5,9.0,
6ExDMqHOdms,Standard,-1.0,-1.0,
--vao_GNmRw,Reaction,4.0,7.5,
9uR6BX-05pE,Standard,5.0,3.0,
Pkf9kcTMRs0,Standard,2.5,0.0,
vWkU5_ddBLM,Reaction,-1.0,0.0,
ExHvK7Wuk7E,Standard,7.5,8.5,
cH5FoVYiCZA,Standard,-1.0,-1.0,
SBo-kxVZryo,Standard,8.5,8.5,
60hH-fNnqnA,Standard,4.0,3.5,
kcfI7guFxE8,Reaction,8.5,8.5,
IZK9A2EsrtA,Standard,5.5,0.0,
z_agqAJJPHw,Standard,8.5,6.5,
232fFoAUdrc,Standard,5.0,0.0,
FM5CAvtt8FY,Standard,-1.0,-1.0,
OHpdSqtBS04,Reaction,4.0,8.5,
579zl2h-Zgw,Standard,7.0,1.0,
PhCobMjeu18,Standard,6.5,7.0,
-umWNCbCEhk,Reaction,2.5,1.5,
g-GeIB5wx40,Standard,8.5,9.5,
rBP6-zKFJ-w,Reaction,7.5,8.5,
MVwy7RZaKPQ,Standard,2.5,3.5,
soSE6jh39B8,Standard,8.5,9.5,
oGfeMxRrWo4,Standard,3.5,0.0,
5li3wiSqMS4,Standard,4.5,0.0,
iUQjJtDzJ50,Standard,3.5,0.0,
eI2qP6-Wr40,Standard,-1.0,-1.0,
R3Dz1_C1rGI,Standard,5.0,0.0,
zsAXJxf7Dgg,Standard,5.0,0.0,
M2dnkmAhUAk,Standard,2.5,7.5,
BOB6JkJfG_4,Standard,5.0,0.0,
QSPveOximEY,Standard,-1.0,-1.0,
xYYmN0pBonE,Standard,7.5,8.5,
fDghcxXJQdE,Reaction,7.5,8.0,
nNxl8OsU7c8,Standard,2.5,0.0,
3KI1TL39nPo,Standard,5.0,0.0,
zylDu20CgX8,Standard,5.0,0.0,
ocPulROAdMI,Reaction,8.5,9.5,
IrRXA3TvZAE,Reaction,7.5,8.5,
bbTaDNsj__M,Standard,8.0,9.0,
COpjUhYlmqk,Standard,8.5,9.0,
ZECF7pEJOlI,Standard,5.0,6.5,
-4ib3E9vojw,Standard,7.5,9.0,
VtRZtrzB1cA,Standard,8.5,9.5,
OAWS_aoKN64,Standard,5.5,1.0,
GP82dZKy_9U,Standard,5.0,7.5,
FOIR0s0ozrc,Standard,-1.0,0.0,
nILCnlXE1h4,Standard,2.5,6.5,
LyM8TqzT6nI,Standard,-1.0,-1.0,
dJCVuv4PByk,Standard,6.5,0.0,
gk5RAvwnJ14,Reaction,3.5,0.0,
7yb2PQdv5sI,Standard,-1.0,-1.0,
myung6eL9xk,Standard,5.0,0.0,
hEHrtlPuC4A,Standard,8.0,9.0,
A1KFk6wFPAE,Reaction,7.0,7.5,
jKCrp_UJgrk,Standard,-1.0,-1.0,
hjW85zqKg74,Standard,5.0,7.5,
Jb0X1pon_1Q,Standard,5.0,0.0,
MLAMH05bI1I,Standard,7.5,9.0,
nHfrt0TXr0o,Standard,5.0,0.0,
zKirMoNXLKI,Standard,5.0,0.0,
ngXGO6PKGcs,Standard,-1.0,-1.0,
2sm0UkbvvpY,Reaction,5.0,0.0,
ckeqkl8gAJE,Standard,7.5,6.5,
_tmRjhe_8oM,Standard,5.0,0.0,
05nG4_mLL2Y,Standard,-1.0,-1.0,
__mTR6R7DJs,Reaction,7.5,9.0,
XVCkABGeiMk,Standard,9.5,9.5,
1GyDdauL5TQ,Standard,7.5,7.5,
UxDg_hrS_hw,Standard,0.5,8.5,
2k9KCdg1TR4,Standard,-1.0,-1.0,
ZnNH5NszxII,Standard,8.5,7.0,
J9r_CoEYshI,Reaction,2.5,7.5,
sKQerjkJqsw,Standard,6.8,7.5,
j3AX2dbKaXM,Standard,5.0,0.0,
VK8d76b6lv8,Reaction,7.5,8.5,
3lmhSMagB0c,Standard,9.0,9.5,
IH0QGqULAyw,Reaction,-1.0,7.5,
c3iDL-xC6Co,Standard,9.0,9.5,
tit6xPYe69Q,Reaction,7.5,9.0,
22r3uUdhde8,Standard,-1.0,-1.0,
WCYfeEBYKSM,Standard,6.0,1.0,
AjpW4UaXrLw,Standard,-1.0,-1.0,
Sl4mQv2Bo-Y,Standard,-1.0,-1.0,
oELRMuC0zrs,Standard,-1.0,-1.0,
ZBk0ch0kWz8,Standard,6.0,7.0,
1jxhLW--abY,Reaction,7.0,7.0,
7rZDbmggszw,Standard,-1.0,-1.0,
Wk5kfBYiYZY,Reaction,7.5,9.0,
NfL52SutGPo,Reaction,1.0,8.0,
eRp-yXUzvtY,Standard,-1.0,-1.0,
BsnbI3QSI0I,Reaction,7.5,9.0,
xBJN2CSPo3k,Reaction,-1.0,-1.0,
3s4bnQYG2UY,Reaction,-1.0,-1.0,
CGoRX-RFbkc,Standard,-1.0,-1.0,
NJKthH9oU6k,Reaction,7.5,7.5,
capq0GG-bmU,Standard,8.5,8.0,
33ivRLE3jGY,Reaction,0.5,9.5,
DnrO533jKTc,Standard,5.0,7.5,
3itZjEcp96k,Standard,7.5,1.0,
fF0hFeVwCB8,Standard,8.0,9.5,
EtGzGGneqC0,Standard,-1.0,-1.0,
lHAGf-FHkDw,Standard,5.0,0.0,
1W1hTzKJbnc,Standard,-1.0,-1.0,
hgTBCp10Ouc,Standard,-1.0,-1.0,
LmSwGmjxqjU,Standard,8.5,8.5,
R3fMZdwFPBk,Standard,-1.0,-1.0,
PNa5o_sfFjQ,Standard,3.8,0.0,
nfUcyqATNN8,Reaction,8.5,9.5,
LQL9aoy636I,Standard,-1.0,-1.0,
WWDHyTTQ7Ns,Standard,5.0,0.0,
kFNCDMUUSJg,Reaction,7.5,9.0,
ldD87FUlZIs,Standard,8.5,9.0,
hUi-FfyWoIY,Standard,5.0,0.0,
acR9P17BBeQ,Standard,-1.0,0.0,
XWHlsm20ELA,Standard,4.7,7.0,
E5Yz2dol8Jc,Reaction,7.5,9.0,
TEPyYMKTbeo,Standard,8.5,9.0,
xswNOsRNijA,Standard,4.5,6.5,
bcOS4s3gT0g,Reaction,7.0,6.5,
jxA5IJFdHAk,Reaction,7.5,8.5,
GsjTcmuZE-s,Reaction,8.0,8.5,
TZrIKF-P5bQ,Standard,9.5,9.5,
4sBmDC72OKk,Standard,7.5,8.5,
kzpmLX4DV1w,Standard,7.5,6.0,
nlqT8ty-T0E,Standard,7.5,7.5,
t-sNQ4y7ttY,Standard,7.0,9.0,
HHu_CTQR9-E,Standard,5.0,0.0,
AsdyBslQl2w,Standard,5.0,0.0,
xiKdlhg9q_M,Standard,7.5,8.5,
49K-vrTWciY,Reaction,2.5,7.0,
WIPelyrkFNg,Reaction,2.5,6.5,
pcnnJ5GMT8U,Standard,9.0,9.0,
lTBKEk2acQo,Standard,8.5,8.5,
7klbnqZsC0c,Reaction,7.5,8.5,
dn6mbfRGIPs,Standard,-1.0,-1.0,
kREXZkC2I54,Standard,7.5,8.5,
7AeQrqKLXn4,Standard,9.0,9.0,
6X2gRMxkwI0,Standard,-1.0,-1.0,
HQCpqEpauX8,Standard,2.5,0.0,
oIdegqwQZkE,Standard,9.0,9.5,
cDzwJo-giKg,Standard,6.0,0.0,
EteXpuDG_NI,Reaction,6.5,6.0,
IkoK0L_hnMg,Standard,5.0,0.0,
zNy1lJ5t3Nc,Standard,9.5,9.5,
50r9Z7chrtY,Standard,5.0,8.5,
PGL2fMrUb3Y,Reaction,9.0,8.5,
9nGBNJR8gYs,Standard,5.0,0.0,
MxVLC7s-ZiY,Standard,8.5,8.5,
1KnpUODKfcU,Reaction,7.5,8.5,
a-9yDH-sSqs,Standard,5.0,0.0,
EwPs6XE3F4I,Standard,7.5,7.5,
YNbF2F4uLRU,Standard,9.5,8.5,
tWsZ2uDEvio,Standard,3.5,4.0,
fNExCEb6jsw,Reaction,7.5,9.0,
nGtbx_EPHMQ,Standard,8.0,8.5,
n8HcLlo3uWY,Standard,0.5,7.0,
sqdssF2pjLA,Reaction,3.5,4.5,
_MmiyO0FEGM,Reaction,8.0,9.0,
-gW95g2QD7w,Standard,8.5,9.0,
oobt-0GA94A,Standard,2.5,6.5,
9_ErFc2U9Dg,Reaction,7.5,8.5,
9ophWle6Zgg,Reaction,-1.0,-1.0,
044nZwPJtQU,Standard,5.0,0.0,
qv924m8UrwA,Reaction,7.5,8.5,
BSfcjlthoD0,Standard,8.8,9.2,
3vUx2m1G3Vc,Standard,-1.0,-1.0,
r6Nn3CqTBwY,Standard,5.0,0.0,
wjLCs-nElbI,Standard,-1.0,-1.0,
U6ANILMihGA,Standard,7.5,0.0,
7Fj2uzHWq3M,Standard,2.5,8.5,
DkoWbUkVSAs,Standard,-1.0,-1.0,
v-3g67hdAgA,Reaction,5.0,0.0,
NXNhqcGt7Xo,Standard,3.5,0.0,
sMWK0RAIM1g,Reaction,2.0,7.0,
Hf1sRRV9Qmo,Standard,8.0,9.0,
tnkd4wHalnU,Standard,7.0,0.0,
FZRHhHsjX9E,Standard,5.0,0.0,
Gf7aOhr-T2I,Reaction,2.5,6.5,
Wd0Dr_cgoT8,Standard,2.5,2.0,
vv6aaErFyOk,Standard,-1.0,-1.0,
_i77hur49gg,Reaction,5.2,2.5,
oEzvVb6nBjI,Standard,-1.0,-1.0,
cYLbnPnH6b8,Standard,8.5,9.5,
rptf48GRRsU,Reaction,4.0,6.5,
aDBanrHWUio,Standard,8.5,9.0,
RbwbypT_kXs,Standard,9.5,9.5,
J_HWDfXAc80,Standard,5.0,0.0,
LEgL0pDFVLs,Standard,6.5,9.5,
zYZqcRJlNLc,Standard,3.5,0.0,
RNxh0AcTDI0,Reaction,7.5,6.5,
aht1cTBJJBU,Standard,7.5,4.5,
ub1z2ZFJIbA,Standard,-1.0,-1.0,
esDKcm7yMAQ,Standard,8.0,9.0,
58uieLiJBns,Standard,5.0,3.5,
CzKjp4w2vw0,Reaction,7.5,8.5,
ogD-i8CITPQ,Reaction,6.0,8.5,
DVmPA1qhdJs,Standard,8.5,9.5,
Ch33QxdErOU,Standard,5.0,0.0,
IXtfGyR4b4o,Standard,9.0,9.0,
qGOpnt-JJrs,Reaction,7.5,8.5,
nmSuuqB7_QQ,Standard,2.5,0.5,
Mav0iUEzsG4,Standard,-1.0,-1.0,
MHTyDPJrjrY,Standard,5.0,0.0,
TPzIGaEmxpA,Standard,5.0,0.0,
LbGKXdOSNDQ,Standard,4.0,7.5,
9hrvbOKAtow,Standard,7.5,9.5,
X8Yy00pE0RY,Standard,-1.0,-1.0,
VRZ0BRp9MLo,Standard,9.5,9.5,
d8RZPqlDG8U,Standard,1.5,8.5,
0T1veHkYfVo,Reaction,7.5,6.5,
1k_BO1NBPxQ,Standard,-1.0,-1.0,
H6sq-9Jii9M,Standard,5.0,0.0,
MaCr8qCFUoY,Standard,8.5,9.0,
lgTQ2pSQ4SQ,Standard,9.0,9.5,
-H7LVxEdmEs,Standard,5.0,0.0,
yaICAidUQOo,Standard,-1.0,-1.0,
jT74LGsU_LU,Standard,5.0,5.0,
ODwghjXB-eQ,Standard,-1.0,-1.0,
byfHBoNSpZI,Standard,-1.0,-1.0,
gGPM31WxPlc,Standard,-1.0,-1.0,
VAEeBOIYqKA,Standard,7.5,0.0,
pX3Ii9ywOFg,Standard,-1.0,-1.0,
p5T0T_UNLuI,Standard,5.0,0.0,
I7tEnTBUtfs,Standard,6.0,3.5,
lVZ9qvdx2XM,Standard,5.0,0.0,
tReY9rsaGSE,Standard,6.5,0.0,
fJmnO8mkHxs,Standard,5.0,0.0,
HJIJt1dLPxM,Standard,7.0,8.5,
1oQYoQ3Nijk,Standard,5.0,0.0,
PvaGU0r51lg,Standard,4.0,8.5,
9KI1Nnh6ql0,Standard,-1.0,-1.0,
SyvcmKTLY0A,Standard,5.0,0.0,
faAOR4yrcog,Standard,-1.0,-1.0,
FQ8CaTbLFVM,Standard,9.0,8.5,
3X5ogT8Mkoo,Standard,4.5,-1.0,
dJTblJzRhE0,Standard,-1.0,0.0,
3iHAHqQ3bAo,Standard,5.0,0.0,
9vrmKxZh0GM,Standard,9.0,8.0,
heKwP-Fw608,Standard,1.5,6.0,
cEFL2jdYRNw,Standard,3.5,0.0,
ionSXAXTtOE,Standard,-1.0,-1.0,
imN0mzPqtPM,Standard,8.5,8.5,
Pybmw9XjdNI,Standard,7.5,6.5,
IRFuEiRkorI,Reaction,7.8,8.2,
KVATugl8nHA,Reaction,1.0,8.0,
N6AITiEWJjQ,Standard,3.5,6.5,
vQ5FNd4Pg18,Reaction,7.5,9.5,
B4ETznZxN1c,Standard,7.0,8.5,
54Ech_B9sX4,Standard,8.5,8.5,
vghtzX33eZk,Standard,-1.0,-1.0,
6XpIR-51_qc,Standard,-1.0,-1.0,
WNw-3QyEMHU,Standard,5.0,0.0,
XHVG_hgr5NI,Standard,-1.0,-1.0,
vPxuGxqRlhs,Reaction,2.5,6.5,
VqVT6E26xK4,Standard,2.5,7.5,
ZUu67tjYFck,Standard,7.0,6.5,
e1h3mhuD94U,Standard,4.5,0.0,
yI8ZUdid5OY,Standard,7.0,8.5,
vjfoOOQUpPk,Reaction,5.0,0.0,
4e0O4lVzxPI,Standard,-1.0,-1.0,
kQoZeGhlOsM,Standard,-1.0,-1.0,
Ll2ekbMSmOM,Standard,9.0,9.0,
ZkWjKRKZvb0,Standard,4.0,8.0,
fHaBVbuSAQM,Standard,-1.0,-1.0,
lyLhcfUP5DM,Standard,-1.0,-1.0,
KdzpvDgnf9Q,Reaction,8.5,9.0,
FpcodtrDj5E,Standard,-1.0,-1.0,
OCMn4vJuP8I,Standard,7.5,7.5,
TEesU4SgYII,Standard,5.0,0.0,
gLgNomiJ0pc,Standard,5.0,0.0,
75C123m3Y0k,Standard,5.0,0.0,
0WmRYl4JLZU,Reaction,4.0,0.0,
kVPCTIJR-4E,Standard,6.5,2.5,
7sMWMgE-JTg,Reaction,7.5,8.5,
uATZYi0DEFg,Standard,1.5,7.0,
a5Vo9co3E34,Standard,5.0,0.0,
O3Mbir9q3o4,Standard,2.5,0.0,
_lWJyKUmgJ8,Standard,-1.0,-1.0,
0_f7vNBM2w4,Reaction,-1.0,8.0,
MYvIie1ix7U,Standard,7.5,5.0,
cwZUH87zMV4,Reaction,3.5,7.5,
DmV4LEExULk,Standard,-1.0,-1.0,
SAkdID5Nf6o,Standard,5.0,0.0,
ZWV7XMe0lv8,Standard,-1.0,-1.0,
OBifI1eDtfs,Standard,5.0,0.0,
WiJ-SHjBe9M,Standard,-1.0,-1.0,
4mPya0sXHpQ,Standard,7.5,6.5,
CsBkC3UZON0,Standard,5.0,0.0,
YXuc-4P9ge8,Standard,0.0,8.0,
vSpeWpC-kgI,Standard,2.5,0.0,
rdzNi66u4qI,Reaction,7.5,9.5,
6BAodUVESig,Standard,-1.0,-1.0,
eF6_2IosNME,Standard,-1.0,-1.0,
sa1ZFbPQwpg,Standard,6.0,0.0,
vDZGFsdOlNU,Standard,5.0,1.0,
UJSfy4n24jk,Standard,8.5,9.0,
sBCX2N3JPBw,Standard,5.0,0.0,
FnVUNaW5XmE,Standard,-1.0,-1.0,
F2j_zUcKZv0,Standard,-1.0,-1.0,
FmvktJ2c85o,Standard,-1.0,-1.0,
ufNLdBC7Gh8,Reaction,1.5,2.0,
rMSMYbYVxqA,Standard,0.5,7.0,
UZ45LLocBPo,Standard,7.0,0.0,
iA0bOvmOBg0,Standard,6.5,7.0,
AYU2OKkIYi8,Standard,8.5,7.5,
my3VVeayeuY,Standard,4.0,0.0,
smcNaC1SlbI,Standard,5.0,1.0,
ahEpYRbDEN4,Standard,9.0,9.5,
M3tyK7uFAlk,Standard,9.0,9.0,
flHhLx3iXI8,Standard,9.5,9.5,
P9s80XbCVZg,Reaction,8.5,9.0,
R4YO_x3nTEs,Standard,8.5,9.0,
M9Oe7n1t07I,Standard,7.5,9.0,
HiaE1YAMB6c,Standard,-1.0,-1.0,
_EkLWYeQiJI,Standard,5.0,1.0,
B4A3Cf0Ejvk,Standard,5.0,0.0,
YPaiwPrjXkM,Reaction,7.0,8.0,
TMzqOPQswRc,Standard,7.5,8.0,
HhG5vNj89p0,Standard,8.5,9.0,
t9oogVzhmiI,Standard,7.0,8.5,
t2IpP3SnH3c,Standard,-1.0,-1.0,
vMyTPxzeano,Reaction,0.5,8.5,
pGmGZjSNyTo,Standard,8.0,9.0,
2c9E8g3tBbw,Standard,5.0,0.0,
7OygJJgv7O4,Standard,-1.0,-1.0,
lmp7m8lOg3Y,Standard,9.0,9.5,
QjYTTp89tEc,Standard,-1.0,-1.0,
psu0PjP9oJU,Standard,5.0,0.0,
ilKYqPEOCHU,Standard,5.0,0.0,
QXItIEMUevs,Standard,-1.0,-1.0,
Cafl08vhpoI,Standard,-1.0,-1.0,
Aax2uzKAdHs,Standard,7.5,6.5,
-YNfOEjgieo,Standard,7.5,6.5,
rNaqfHLtewI,Standard,-1.0,-1.0,
y6RjjD0JajQ,Reaction,7.5,8.5,
sQTOyKRUpe4,Standard,8.0,6.5,
-wO4r5yvaVQ,Standard,5.0,0.0,
w7gP5o6z_2w,Standard,7.0,8.5,
5hxRX3MQf_M,Standard,-1.0,-1.0,
ERYoI8tf4pM,Standard,7.5,8.5,
ZfkaiYIanNs,Standard,7.8,9.0,
UTf6rc-3DcU,Standard,7.5,6.5,
yYVDQHXWv-0,Standard,5.0,0.0,
_q-RZHUW3SY,Reaction,8.5,9.0,
oTLOfB1ql88,Standard,3.5,0.0,
DBLt8X14scc,Standard,7.5,2.5,
Mae7Qotvw2s,Standard,5.0,0.0,
MOx2EkbvFwE,Standard,7.0,3.0,
hdv1W7qBRJs,Standard,-1.0,-1.0,
3LbE1mjRu18,Reaction,7.5,8.5,
Ks_cS6NxMwk,Standard,8.5,9.0,
5g3rxR9MCC0,Standard,2.5,0.0,
LD4v76Mf_Lk,Standard,5.0,0.0,
bN4-xcG9mec,Standard,-1.0,-1.0,
ayRPL7lVXu8,Standard,5.0,0.0,
U0UNB1R6rys,Standard,-1.0,-1.0,
_S9s7u5MeUg,Reaction,2.5,1.5,
FVUa-shIIcY,Standard,8.5,8.5,
Lv1_o4aNAtI,Reaction,7.0,7.5,
drVc0RxC7_c,Standard,-1.0,-1.0,
sIxvZ_-YQ4I,Standard,5.0,0.0,
rmVvP9aDZhE,Standard,-1.0,-1.0,
vvg0sfDo6pc,Standard,9.0,8.5,
WRyaclGsGyY,Standard,-1.0,-1.0,
NNBzO7Ap9YI,Standard,5.0,7.5,
zwTpN4lsezQ,Standard,-1.0,6.5,
E5CXkcLrTSA,Standard,2.5,0.0,
7j04m6e_R34,Standard,-1.0,-1.0,
PEFp9vFVGow,Standard,-1.0,-1.0,
gi51hPaHUGQ,Standard,5.0,0.0,
7-MaiGljjzM,Standard,-1.0,-1.0,
9-G-5BwoZKM,Standard,3.5,6.0,
9HwZ6PJXxuY,Standard,5.0,2.0,
sKVGSVCYzJQ,Standard,8.5,9.5,
SFkiOSwILYE,Standard,6.0,6.5,
mf_e1f91tAc,Standard,8.5,9.5,
auxg7hraMz0,Standard,7.5,7.5,
DY1x5zJAeSM,Reaction,7.5,9.5,
xd-8VJg41o0,Standard,5.0,7.5,
MbTN_-S5Vi4,Standard,-1.0,-1.0,
W_aqvI3qPQs,Standard,4.0,0.0,
4b2ddsHYiEc,Standard,7.5,8.5,
JHZoPsq-OU4,Reaction,8.0,9.5,
8LrIjQg34ns,Standard,5.0,0.0,
br3FNsQEx1w,Standard,-1.0,-1.0,
0xWrzSoU72s,Standard,5.0,0.0,
CyPPGbNArEk,Standard,6.0,8.5,
RQnWOOZCtkM,Reaction,1.0,4.0,
GW3G97R6hy4,Standard,-1.0,-1.0,
l8pq3uWs95k,Standard,8.0,8.5,
gezsIhdhzkQ,Standard,5.0,4.0,
zQ-vVciw5xk,Reaction,2.5,7.0,
BH4akgcubLU,Standard,8.5,8.0,
d-NTf30Foe4,Standard,8.0,9.0,
Q3wICnmf8SU,Standard,5.0,0.0,
j23HB-fu6x0,Standard,6.0,5.5,
BwIEtJ0yYQU,Standard,5.0,0.0,
GzNCHkXZnPY,Standard,2.5,3.5,
_H0e-dep3Zg,Standard,7.5,2.5,
Btixv7zBc6M,Standard,8.0,9.5,
PD38uvt80Co,Standard,-1.0,-1.0,
x9OvClakYdU,Reaction,8.5,9.5,
1AntWNSrVCU,Standard,3.5,6.5,
0kljVnUM_Ns,Reaction,-1.0,6.5,
QxG5rCaLSIQ,Standard,7.0,6.0,
t35B2HpmVRk,Reaction,2.5,4.5,
5HqVK-QRNrU,Standard,5.0,0.0,
Ot6XctMA5ng,Standard,5.0,0.0,
2pu4XV55wy8,Standard,5.0,0.0,
OmGv19kTEM4,Standard,-1.0,7.0,
EU1HhZJS9Fo,Standard,5.0,0.0,
xOAupSr99nI,Standard,2.5,2.0,
zfiSCmqbjY8,Standard,-1.0,-1.0,
stOa50lGEwY,Standard,5.0,0.0,
n-MLpB47AYk,Standard,-1.0,-1.0,
ln3IPmHN7dI,Standard,-1.0,-1.0,
hEtiPIN4LG4,Standard,7.0,8.0,
qgCN4_H0cgU,Standard,5.0,4.5,
iDPhM6UgR6I,Standard,2.5,6.5,
xrAv4uOVWd0,Standard,-1.0,-1.0,
SWcqDFaOR2k,Standard,8.5,8.5,
PEyimH91t1o,Standard,3.0,6.5,
w7vYi9_sOuU,Standard,7.5,6.5,
WW3gQ4vO4eQ,Standard,7.5,9.0,
Xg_pmGaxkCE,Standard,5.0,5.0,
GlGuSk0ObCM,Standard,-1.0,-1.0,
qfcm6-s88e4,Standard,5.0,0.0,
b8tUcBCWqnc,Standard,-1.0,-1.0,
e7-Fd1HOw_g,Standard,7.0,6.5,
bl-M4_Z_I1A,Standard,5.0,0.0,
Qtohz-9I3Ec,Standard,6.0,6.5,
5kU3c6xA6tE,Standard,-1.0,-1.0,
T4zknkqjCUQ,Reaction,7.0,7.0,
z7w0iyk0j9A,Standard,-1.0,-1.0,
QZPpaheomzE,Standard,-1.0,-1.0,
L3gfXmYEq98,Reaction,-1.0,0.0,
Va4iPZtoppc,Standard,-1.0,-1.0,
rTQFggjILvU,Reaction,6.5,8.5,
BSJeOLcUi4c,Reaction,7.5,9.5,
CFbadyElHic,Standard,-1.0,-1.0,
FARkTNFOrWI,Standard,-1.0,-1.0,
ZphWTi7L2Ks,Reaction,8.5,9.5,
z5-eDTdb4Fs,Standard,7.5,8.5,
e8XH_WRS05o,Standard,-1.0,-1.0,
dSt2Vh5_q0Y,Standard,7.0,8.0,
Kdrax1aQ6Fk,Reaction,8.5,9.5,
u7NyT08N43A,Standard,7.0,7.5,
BrIvhc_Injc,Standard,-1.0,-1.0,
ibhc0EYDRdk,Standard,2.5,4.5,
oxVWT7F2xNE,Standard,-1.0,-1.0,
tkDLiebv5jw,Standard,8.5,8.5,
Fa0FW7_TX9k,Standard,3.5,7.0,
4yAkG6sLMes,Standard,8.5,9.0,
yyHmG7V-JUk,Standard,5.0,0.0,
Z_MxlNRhjCw,Standard,-1.0,-1.0,
3dsDdkVGJXo,Standard,-1.0,-1.0,
FMjSzKZpJRA,Standard,7.5,8.5,
9QylWSzpBM8,Standard,-1.0,-1.0,
9n6G3k6DhlM,Reaction,8.5,9.0,
ldW7-Fd40IM,Standard,-1.0,-1.0,
pMou1hq4YlM,Standard,-1.0,-1.0,
LBGKYTI9ju8,Reaction,5.0,9.0,
3X4wHrNhRKw,Standard,7.5,9.0,
SOZWhax30S8,Standard,-1.0,-1.0,
rmRvSn4oYnA,Standard,5.0,0.0,
ydsRopNew6s,Standard,1.5,8.5,
w95BfD3CfYI,Reaction,-1.0,2.0,
WFeGR_qQxnc,Standard,5.0,0.0,
ncpKIRIFzF8,Standard,7.5,9.5,
7_ONeYyWa4A,Standard,9.0,9.5,
WVBUGOYoTds,Standard,5.0,7.5,
-N_yO9nvqE0,Standard,5.0,0.0,
MUbYabIDEOE,Standard,4.0,0.0,
ZhJejPv68QA,Standard,-1.0,-1.0,
CHgHe4vSaXw,Standard,-1.0,-1.0,
cmJ93XEOK_4,Standard,-1.0,-1.0,
Jze_W8ygilI,Standard,7.0,7.5,
UG_9X6yNxKk,Standard,0.5,7.0,
lhFW5t4-tOU,Standard,-1.0,-1.0,
I_ObMY5KE2g,Standard,5.0,0.0,
DPbpoir_Zsg,Standard,6.5,7.5,
fVHpah3cdxo,Standard,7.5,7.5,
4-y3MPic8FQ,Standard,2.5,1.5,
tAQj4fwGxgk,Standard,5.0,0.0,
WRa4lmk8BUc,Standard,5.0,0.0,
ph03kK53ZeE,Standard,-1.0,-1.0,
TvOsg8Z3ab8,Standard,-1.0,-1.0,
7THcHct_tIc,Standard,-1.0,-1.0,
yIvn_YX7co8,Standard,8.0,9.0,
DjBQgrFMd38,Reaction,-1.0,-1.0,
nzLXwbsvu7M,Reaction,7.0,8.5,
I-MQXQq7l6Y,Standard,9.0,9.0,
v7GBCa7Gua8,Standard,5.0,0.0,
MJywkqVhKmQ,Standard,-1.0,0.0,
vYp-Owk_jzA,Standard,5.0,7.0,
PZNYuYbxkQo,Standard,5.0,0.0,
ZA1nY7Erhf0,Standard,8.5,9.0,
DbKBNGsN3Ls,Reaction,6.5,7.5,
Fi7iBFv5Tok,Standard,-1.0,-1.0,
WPpw2qM7Nok,Reaction,2.5,0.0,
jfD7h9gwxLk,Standard,-1.0,-1.0,
JdxR3JRVR6Q,Standard,5.0,0.0,
ewTvNqO3vAQ,Standard,6.0,0.0,
yFYpvz7CoOc,Standard,7.5,8.5,
Kjm6N1GWaWA,Standard,-1.0,5.0,
c-xzFpjJEG4,Standard,-1.0,7.5,
KPTViKEtdNk,Standard,5.0,0.0,
eZXFKhc4E6w,Standard,5.0,0.0,
w-CWC39MLk4,Reaction,8.5,9.5,
TTpNMUCVxEs,Reaction,8.5,9.0,
yAiDhT9s4Eg,Reaction,7.5,9.0,
FXGUdO5ZZG0,Standard,3.0,4.5,
7aprB5bwrwE,Standard,5.0,0.0,
ZnV5td6qX8E,Reaction,7.5,6.0,
1W-nAXpo6dA,Standard,8.0,9.0,
ifPlb8j7GIc,Standard,2.5,3.5,
ioc83CNNs_Y,Standard,5.0,1.0,
SogLg8dAcPI,Standard,-1.0,-1.0,
zyizFYN3cco,Standard,5.0,0.0,
iv4HJtpC2sM,Standard,4.5,0.0,
EeaAwhTt348,Standard,7.5,7.0,
wetctJZvuyE,Standard,-1.0,-1.0,
ZUPZEJ5n6tY,Standard,2.5,0.0,
f0RGpK0UoMI,Standard,3.5,0.0,
SONDPXy1tsc,Standard,5.0,0.0,
IbPwQDbCT78,Standard,8.5,9.0,
z5LStF_w0yo,Standard,8.0,9.0,
GGVGyb9m6H0,Standard,7.8,7.5,
K1uI9gnauys,Standard,3.5,0.0,
U4a0sylNa7s,Reaction,8.0,9.5,
GTWc8kPo_68,Standard,-1.0,-1.0,
68DrdFFmtuA,Reaction,-1.0,-1.0,
79kKnA2fGJY,Standard,5.0,0.0,
MMV9Jq_SD-Y,Standard,7.0,6.0,
QoLCenp9TOY,Standard,4.5,7.5,
i7vVB0EpUmA,Standard,8.5,8.5,
gCnjyDx1NJ8,Standard,5.0,6.5,
wRhoY2EKMyg,Standard,3.5,1.5,
ohmJQrjO6yI,Standard,6.5,4.5,
CRMuHc-9JgA,Standard,5.0,0.0,
xDdTqV90PMk,Reaction,7.5,8.5,
fBuGy8HimK0,Standard,7.0,6.5,
6E0MsHdoz90,Standard,8.5,9.5,
wWUPIvfnfq4,Standard,5.0,0.0,
hhWLep2zjGM,Reaction,8.5,8.5,
PoNbDzHDyhw,Standard,8.5,7.5,
-j-aVrGA9mo,Standard,5.5,7.5,
6pOf1D0WsvU,Standard,-1.0,-1.0,
SEVBpS4aT18,Standard,7.5,6.5,
MWjun8KpHHU,Standard,-1.0,-1.0,
uGxqkwKkTjo,Standard,5.0,0.0,
Fi-4sA8ys-0,Reaction,8.0,9.5,
3rDM9k6zJn8,Standard,5.0,1.0,
8AlSov75Pe4,Standard,-1.0,-1.0,
NgYn2MaZjEo,Standard,-1.0,-1.0,
ccoeK9pLeD8,Reaction,3.5,3.5,
-6NuYVwt96U,Standard,5.0,0.0,
wXxSZuu01js,Reaction,7.8,8.8,
HtGQ42AMZvY,Standard,7.0,0.5,
E1RYoDffm7g,Standard,7.5,6.5,
KtJt6guq-Ag,Reaction,8.0,9.0,
NHU9DyyTnIA,Standard,-1.0,-1.0,
xfo4XzRt8Wg,Standard,8.5,7.5,
C3BCPLsQcJw,Standard,5.0,0.0,
DXxvL0sQfCc,Standard,2.5,0.0,
SFE9rn3O8WQ,Standard,8.5,9.0,
s_4R0bFCgI8,Standard,8.5,8.5,
DLd7Vzmdw7k,Standard,1.5,1.0,
otoyfBytGGU,Standard,8.0,7.5,
CVY7gMCo878,Standard,9.5,9.5,
P1aJQo-XGnk,Standard,5.0,0.0,
-4HCX19DZZ4,Standard,7.5,8.5,
VOvXhgdC7v4,Standard,2.5,0.0,
ydoWkDAsa_E,Standard,5.5,6.0,
iFLioD_yFxE,Standard,6.5,1.5,
9n1Ju5FpKYA,Standard,-1.0,-1.0,
Bt1BZ-LKH5k,Standard,6.0,7.0,
nMUJVliHECk,Standard,5.0,2.5,
0kIIBazL52E,Standard,-1.0,-1.0,
dXUQNx3SJPI,Standard,4.0,2.0,
fOBRvcU3jek,Standard,5.5,7.5,
aCfk3jDxoWw,Standard,8.5,7.5,
ZfKSUekWq1U,Standard,4.0,0.0,
8Mm_CfZP7S0,Standard,-1.0,3.5,
9nxygysiFXY,Standard,7.5,8.5,
EZN35uWaHsw,Standard,7.5,7.0,
415PFj_MQe8,Standard,5.0,7.5,
dBw_6a2RsKY,Standard,4.5,0.0,
nC9Va4tJTac,Standard,-1.0,-1.0,
EmbEGWN6KfM,Standard,-1.0,-1.0,
IrGLIveL6zA,Standard,-1.0,-1.0,
YlhJPVR-N7k,Reaction,5.0,0.0,
lgf2c_Ei5qg,Standard,-1.0,7.5,
3DI-qoXW0wc,Standard,-1.0,-1.0,
TfujQi5QSJA,Standard,-1.0,-1.0,
CAiQCQB0MNc,Standard,-1.0,-1.0,
dPcG8NtJugY,Standard,5.0,0.0,
RF3VkiPQwfM,Standard,5.0,0.0,
eMdKJchiGHA,Standard,-1.0,-1.0,
nxJXbh5a-S0,Standard,5.0,0.0,
0KRpHKjcHn0,Standard,5.0,0.0,
A7XeUWZz58I,Standard,3.5,1.5,
nRzIGU9CJjI,Reaction,2.5,7.5,
d5fnQuUBYbM,Standard,7.8,8.2,
Zz4gp3O0BYg,Standard,6.5,4.5,
KwqDh9OgzZM,Standard,5.0,0.0,
-f_QKAyBq2k,Standard,-1.0,-1.0,
neZclkTpmWc,Standard,-1.0,-1.0,
9QeM_jJB28A,Standard,5.0,0.0,
WWz7MCK4ZZA,Standard,7.5,8.5,
7vrr05Z1ymQ,Standard,8.0,9.0,
p_HV_eJ7XaU,Standard,9.0,9.5,
yYSAW9MrxpY,Standard,5.0,0.0,
LnbnrKM6sgU,Reaction,-1.0,-1.0,
i9FewFM9jIw,Standard,5.0,0.0,
YRxBRwH0DAw,Standard,4.5,0.0,
0Dz25JMbWOs,Standard,9.0,9.5,
o9JEiibMflg,Standard,9.0,9.0,
vvjEQsup2uU,Reaction,8.5,9.0,
m_s8YBYpkv0,Standard,-1.0,-1.0,
iXi9V3arSxE,Standard,-1.0,-1.0,
spnV-_w2a7o,Standard,4.0,7.5,
1tN0FDSCQoY,Standard,5.0,0.0,
1maPqlxdSh8,Standard,7.5,7.5,
VW4Hf5ZYk5s,Standard,5.0,0.0,
4QzSDeQcMMw,Reaction,8.5,9.5,
aIpeipKT2wQ,Standard,-1.0,-1.0,
arEofqG7m-k,Standard,7.5,6.5,
Tz_-1xirGUw,Standard,5.0,0.0,
ZXKBFYSG5CM,Standard,5.0,0.0,
nIQbvpP2NLQ,Standard,5.0,3.5,
F7khKtM59Kw,Reaction,8.5,9.0,
cDCI8AtnKRU,Standard,-1.0,-1.0,
Cyu3-igPNM8,Standard,7.5,8.5,
Utz7gvz-CDw,Standard,7.5,8.5,
HbwoT16t6pk,Standard,-1.0,-1.0,
lhdjrNfbulA,Reaction,-1.0,-1.0,
kmJTG6XAtfU,Reaction,3.5,0.0,
lzZrTcouTDY,Standard,7.5,6.5,
QY_Fxy9yEBs,Standard,-1.0,-1.0,
eGlvWOn9KoA,Reaction,7.5,7.5,
l9S8f81LdQ0,Standard,-1.0,-1.0,
2TNAEUhZSMo,Standard,7.5,8.5,
0CNXdi6S41Q,Standard,-1.0,-1.0,
WxWH6taOS2I,Standard,-1.0,-1.0,
eHT5lcsi3kE,Standard,6.0,6.0,
kfs2UVcXJs4,Standard,-1.0,-1.0,
Px5UL81isb4,Standard,8.5,8.5,
GPdB6q8hcSg,Standard,-1.0,-1.0,
r2cXqVd2xK0,Standard,-1.0,-1.0,
CMbJxQDkjcQ,Standard,-1.0,-1.0,
1mxWdkVD-Bs,Standard,5.0,0.0,
B7kbqzAfL10,Reaction,7.0,6.0,
JFG8r6-Dkh0,Standard,8.5,9.0,
1J1rva1kNsQ,Standard,5.0,0.0,
z47NCUlh4GE,Reaction,-1.0,-1.0,
kOKFbfc_bBQ,Standard,4.5,8.5,
NAKqmSTJVSU,Standard,-1.0,-1.0,
gI6OEGxtzQw,Standard,3.5,0.0,
2y0YfCCZ5DU,Standard,5.0,0.0,
5SK-CLPRNKQ,Standard,6.5,7.0,
IQKFQLTgL3Y,Standard,6.5,0.0,
rP_0769sTAc,Standard,5.0,0.0,
o-Q9a-PX-Kc,Standard,3.5,4.0,
I9P1u7r10aM,Standard,-1.0,-1.0,
CjsiXCi6RW8,Standard,2.5,7.5,
rUy-har5i2c,Standard,7.5,8.5,
dGe-cgCVAiw,Standard,7.0,7.0,
Bby-2ZdIHEs,Standard,-1.0,-1.0,
S5FGs2lo5Dk,Standard,7.0,8.5,
NeOUWgAkDt8,Standard,3.0,0.5,
PFbk0c8PvcA,Reaction,5.0,0.0,
fd-ZpYWth9I,Standard,7.5,8.5,
WMiSe7pKuLs,Reaction,7.8,8.8,
BXovw46QkXU,Standard,2.5,7.5,
FCgR9fQDPpI,Reaction,1.5,7.5,
cDmbQbjDuT8,Standard,-1.0,-1.0,
NEZ1030eaNg,Standard,8.5,9.5,
KXmzWHv8r9A,Reaction,7.5,6.5,
JB_YB4xO99A,Standard,5.0,0.0,
O5U_jguV0As,Reaction,7.5,3.5,
onbA-y2yZO8,Standard,-1.0,-1.0,
xr3EesdSchg,Standard,-1.0,-1.0,
C0CQIlQva4I,Standard,-1.0,-1.0,
0qi5pqkPPBA,Standard,8.5,7.5,
dIys0viXsRw,Reaction,6.5,8.0,
PzEsOQxi3w4,Reaction,7.5,8.5,
oHazWnNQc_Q,Standard,-1.0,-1.0,
jGHGRFtuJNY,Standard,-1.0,-1.0,
XlOoj2DhY4g,Standard,-1.0,-1.0,
YykxhhIityI,Standard,-1.0,-1.0,
eoe_jOywKkM,Standard,-1.0,-1.0,
j95i9DENlbc,Standard,6.5,7.5,
4vTteHiDnoA,Standard,-1.0,-1.0,
-8SaJgJJHuM,Reaction,7.5,8.5,
I23GfWIVXvg,Standard,2.5,0.0,
p9c--sxTTnc,Standard,3.5,0.0,
Odb7xZ5P-4A,Standard,8.5,9.5,
f_i-wXQXmro,Standard,4.5,8.5,
7CkOCAAGOiQ,Standard,8.0,8.5,
mc8dR45i6RE,Reaction,-1.0,-1.0,
h7bBF1RER80,Standard,-1.0,-1.0,
1tNzYFqZIC0,Standard,-1.0,-1.0,
0M3_b83BwR8,Standard,7.5,7.5,
ElJy6Nkg0m0,Standard,7.5,6.5,
4nwCDHY-RhU,Standard,8.5,9.0,
kS-wLSOdezQ,Standard,8.5,9.5,
LtUxmf2Htow,Standard,3.5,6.0,
2m1pHrHLVWE,Standard,7.5,8.5,
rO9mBtq5PXE,Standard,-1.0,-1.0,
YaewNys9wxk,Standard,9.5,9.5,
MHzjw6BIlCM,Standard,8.5,9.5,
7qJOwcrRWa8,Standard,1.0,7.5,
PU0wbw2N8KE,Standard,6.0,7.0,
T7EIHxzIIkA,Standard,-1.0,-1.0,
bvJIJnIUeio,Standard,-1.0,7.5,
ICcvJN558OA,Reaction,7.5,8.5,
boJqqG0ZU0M,Standard,-1.0,-1.0,
f8gVJGv13pI,Standard,6.5,8.5,
hcr2bweD-Q0,Standard,-1.0,-1.0,
oEzEdxuddMU,Standard,-1.0,-1.0,
QX4u8KTmbQQ,Standard,5.0,6.5,
rYPqabM_b3w,Standard,-1.0,-1.0,
WVhLgBSf44o,Standard,6.0,1.0,
qVV6pqlQQlI,Standard,8.5,8.5,
2fd3semtJqI,Standard,6.0,0.0,
dwdolEnI2TU,Standard,4.0,7.0,
ImelQr7XI6M,Standard,7.5,0.0,
qJlBu15CuwM,Reaction,9.0,9.5,
iNFIYG0Wc1o,Reaction,8.5,9.5,
zwvQkn1NgS8,Standard,5.0,0.0,
lcJp1j1o97c,Standard,-1.0,-1.0,
r6e6H2XCEso,Standard,5.0,7.0,
w1MVzaUy9dw,Standard,5.0,0.0,
OeYr_xFc8kY,Standard,5.0,0.0,
Ucp1dI5FcOY,Standard,3.5,7.5,
7DL8w-zm-gQ,Standard,7.5,7.5,
OBEstnWcEUw,Reaction,7.5,7.0,
AemWy6q4Jto,Standard,8.5,8.5,
vI94RKms91Y,Standard,5.0,7.5,
cKBjAti15VQ,Standard,7.0,7.0,
k8tPcDVDhEc,Standard,5.0,0.0,
C_pP6tg28kk,Standard,6.5,4.5,
WD_SOzHqIrc,Standard,9.0,9.0,
Qk9Vft_MbRE,Standard,5.0,4.0,
ejavPGv6vls,Standard,7.5,8.0,
mb2p5on6DN0,Standard,8.5,7.0,
3xr1roIL-co,Reaction,5.0,0.0,
QYhtqwBCbZc,Standard,7.0,8.0,
Pu0xvok60SM,Reaction,7.5,8.5,
ZlTYyvSyus4,Reaction,8.5,8.5,
dSo-giN7nnE,Standard,7.0,6.5,
4l_2D-TUSfk,Standard,6.5,4.5,
Jzh1hizB_MQ,Standard,-1.0,-1.0,
Zu-fKQonAik,Reaction,1.5,0.0,
VL7BOZmvbTU,Standard,4.0,7.5,
lFK-YTRDwlA,Standard,7.5,9.0,
GHXKjWUBLCk,Standard,3.5,0.0,
z0my2AeyrZY,Standard,5.0,0.0,
AnBGrGVHNHA,Standard,-1.0,-1.0,
MgOiOVZ6Qgw,Standard,-1.0,-1.0,
HY22qomVLKk,Reaction,5.0,7.5,
qY36Iawkuqc,Standard,8.0,7.5,
UpO8xeLe51o,Standard,-1.0,-1.0,
H0RA0Q8Cad4,Standard,6.5,7.5,
IuVvm0-9KDs,Standard,-1.0,-1.0,
Xrte797mnuc,Reaction,1.5,1.0,
2tLghGZufYA,Standard,3.5,0.0,
lVyvcYd9wbw,Standard,4.0,0.5,
KFjMCAOvKiQ,Reaction,8.0,8.5,
kMYVKy-aUec,Reaction,8.5,9.0,
hwCcD9e0Aoo,Standard,7.5,0.0,
gyu_mOhz8HQ,Standard,6.5,7.0,
njquG5__E5U,Standard,-1.0,-1.0,
wsKD760htRo,Standard,8.5,8.0,
vi9QC4_vnNs,Standard,6.5,7.5,
M9UpjnWCUG8,Reaction,6.8,4.5,
eB9xrf7ATJA,Standard,-1.0,-1.0,
kDdOfZ8szmQ,Standard,-1.0,-1.0,
1XOC0g1gePA,Standard,9.5,9.5,
AMs8w35bLRU,Standard,7.5,6.0,
xhpH1Cxt3kg,Standard,6.5,3.5,
BzOC1Goq_Mw,Standard,7.5,7.5,
qB-DqFonSow,Reaction,7.5,7.0,
949ZNCAe_Dw,Standard,5.0,0.0,
4go21VZQXqk,Standard,7.0,6.5,
PWu6OpgnwGI,Standard,5.0,0.0,
o4EErZWU2U8,Standard,7.5,7.5,
qh3QXUID72s,Reaction,7.0,8.0,
W9cMGe9cN4s,Standard,-1.0,-1.0,
yZmQOKdL1tA,Standard,8.5,9.0,
wtwwMQCXzzA,Standard,-1.0,-1.0,
3h_JwFMSA6Q,Standard,7.5,8.5,
YmozWa1mnNY,Standard,4.0,7.0,
sCHxrUEI8s4,Standard,1.5,7.5,
hUtw0M1xqH0,Standard,6.8,7.2,
_9pOV0usG_4,Standard,-1.0,-1.0,
t53j1oY_x7g,Standard,-1.0,-1.0,
httTljeG8vM,Standard,7.0,0.0,
0GlEatQH9sk,Standard,7.0,6.5,
UfrEoI1iekk,Reaction,3.0,9.0,
6rKpMz3kW3s,Reaction,7.5,7.0,
8ztvelxBEKw,Standard,-1.0,-1.0,
LiaxB4n32I8,Standard,-1.0,-1.0,
upYky-F2fro,Standard,3.5,0.0,
s35EHq98P3c,Reaction,4.0,0.0,
2LVpmSysotc,Standard,5.0,7.0,
j1BSZXhq_R4,Standard,3.5,1.5,
xZZA6UxrTiU,Reaction,6.5,7.5,
1z8eLZN_GA8,Standard,-1.0,-1.0,
47nqrkA2S5I,Reaction,7.5,8.0,
4YLGhgkx4Rk,Reaction,8.0,9.5,
U8cr5jo4mg4,Standard,2.5,7.0,
2dkCl4pLKOk,Reaction,7.5,8.0,
RKYVB3qlIO4,Standard,8.5,9.5,
p-ppcFAx07Y,Standard,5.0,0.0,
h_j_K-IK_7w,Standard,5.0,0.0,
3FjelDk7PYk,Standard,5.0,0.0,
zMejvwlaQVU,Standard,-1.0,-1.0,
QuRsrAELmoQ,Standard,8.5,9.0,
yByUrEpG4Xg,Standard,8.0,9.0,
cPFHyt6oh7A,Standard,5.0,0.0,
Y1epopDdRrY,Standard,4.5,0.0,
OMVmd8v5o_M,Standard,7.5,8.5,
_MB64lqtl0M,Standard,5.0,0.0,
ZfnRd9Denos,Standard,-1.0,-1.0,
yj94E8G6LbA,Standard,-1.0,-1.0,
byZz6ukJV_g,Standard,-1.0,-1.0,
0jhTRcfvaTA,Standard,3.5,0.0,
cR5nTUQqwZk,Reaction,9.5,9.5,
BJtL_4FjOTM,Standard,6.0,6.0,
qPjtWdlsRxs,Standard,8.5,9.0,
KKMfiPuSCYs,Standard,3.5,0.0,
wzMlG0hqd70,Standard,5.0,0.0,
kgI53oBuJ9U,Standard,8.0,9.0,
9DhXRD-GbP4,Standard,8.5,9.5,
CGCXvUXaFeU,Standard,2.5,7.5,
XlQ0ss66lGM,Standard,-1.0,-1.0,
o7pT-BDWFI0,Reaction,10.0,10.0,
lVTY28wlTEE,Standard,9.0,9.5,
XqWiDIZqc-A,Standard,7.0,8.5,
MhhwDcmi3Sk,Standard,5.0,0.0,
DHdAgAZLAZE,Standard,5.0,0.0,
NpVDWfIDgOE,Standard,7.5,6.0,
kGsC3uu1EQk,Standard,6.5,6.0,
p-A0n_qJwHU,Standard,3.5,0.0,
UMvchWH_jc0,Standard,8.5,7.5,
LepFxwuWfNE,Standard,5.0,0.0,
5ocdshDWkgU,Reaction,4.0,1.0,
bbzHdDpRV4w,Reaction,7.0,8.5,
6N3kdtRMrNw,Reaction,5.0,0.0,
H0Kl4OMkUA8,Standard,7.5,6.0,
ee9i037r5cM,Standard,6.8,7.0,
4Si2nx7cAbs,Reaction,7.5,8.5,
XqlLx-nGtZE,Standard,5.0,1.0,
aGAdaTF6WNg,Reaction,1.0,7.0,
v7hH9Ol31TE,Standard,3.8,1.5,
D2JGi9ZU1XU,Reaction,9.5,9.5,
tA4tgx2DXCU,Standard,5.0,0.0,
HBnPNcDirbI,Reaction,5.0,1.0,
tzIg43y72cQ,Standard,8.5,9.0,
LZwLlLZ7Im8,Standard,6.0,2.5,
DhZyIxUhwBM,Standard,8.5,8.5,
tEJMCFJ8WuQ,Standard,3.5,8.0,
nFIDM4cqbZg,Standard,-1.0,-1.0,
mWe5nCTTOnw,Standard,-1.0,-1.0,
6Fx7PdfN48g,Standard,9.0,8.0,
ML9FmoW0Cuc,Standard,8.0,9.5,
s9OHiMUM0No,Standard,7.0,6.5,
ItChmeJm17k,Standard,5.0,7.0,
fLIdXU4acqE,Standard,-1.0,-1.0,
leyWvtbMjtQ,Reaction,8.5,9.5,
5FTgXXpl5ys,Standard,8.5,8.5,
VwdRrNbjCuo,Standard,5.0,0.0,
giwsD-hlf28,Standard,5.0,0.0,
9euxWMrQ3Uw,Standard,5.0,0.0,
7ILjubp6mzQ,Standard,-1.0,-1.0,
06eB32rFqOM,Standard,7.5,6.5,
YFZsK29Lc7w,Reaction,-1.0,-1.0,
0GRY1_jwqSw,Standard,-1.0,-1.0,
oJjEBOArhsU,Standard,-1.0,-1.0,
sjTKbbp3fWE,Standard,6.0,6.0,
p3DhATCBj1k,Standard,5.0,0.0,
-f81WHhZKOE,Standard,2.5,0.0,
7_2m3ykJbCw,Standard,8.0,8.0,
jK2W3N9huU8,Standard,-1.0,-1.0,
dKn1Ke66zHE,Standard,3.5,2.0,
fr_fQ0uwvno,Standard,-1.0,-1.0,
xoWdE6YPo2I,Reaction,9.5,8.5,
OM0GH_gcdf8,Standard,-1.0,-1.0,
68VK9q7IWYE,Standard,-1.0,-1.0,
koMtt-hI2tk,Standard,9.0,9.5,
-VBPXQ-IOgU,Standard,-1.0,-1.0,
O7iK64UsBUc,Standard,8.5,9.5,
84KGiuK42n4,Standard,7.5,7.5,
BjkHblf5q9E,Standard,7.5,8.0,
Bnh6y_nn_NI,Standard,-1.0,-1.0,
RTuGEUh2SSk,Standard,4.0,0.0,
r9gErLYYoWc,Standard,8.0,9.5,
nOpJi-Ja8DA,Standard,-1.0,-1.0,
8rOO1Kuh410,Reaction,8.5,9.5,
NLJdhFTicVM,Standard,5.0,0.0,
HqFgbklrwcw,Standard,6.5,7.0,
QeaLNIYjunY,Standard,7.5,7.5,
F7t1FOM7s5U,Standard,3.5,0.0,
c_PgpYqA0WU,Standard,7.5,6.5,
_P29cWOEffw,Standard,9.5,9.5,
0I9qSEQPkWo,Reaction,7.5,9.0,
Vg2dGkoufjQ,Standard,5.0,0.0,
vSk012mPSXc,Reaction,8.0,8.5,
Cw2HAJlq908,Standard,5.0,0.0,
3NNoTHPYiTQ,Standard,7.0,6.0,
Qnn8HK8U7O0,Standard,-1.0,-1.0,
pDbIFt_mDS0,Reaction,7.5,6.5,
bmfGfmNTiLg,Standard,5.0,0.0,
p1oVC2CteUo,Reaction,7.0,0.0,
LdOq3xIW_PU,Standard,6.5,0.0,
ERNnBiHgie0,Standard,2.5,0.0,
SWQlUcnkpHc,Standard,7.5,7.5,
52fiCEFuD18,Standard,4.5,0.0,
gkM3qVGLy9A,Standard,5.0,0.0,
Fr7IF41l0qs,Standard,5.0,0.0,
yh3iaOtnHSU,Standard,2.5,7.5,
vBdE8JL9KIY,Standard,2.5,7.5,
1xpY5yJjFeU,Standard,7.5,8.5,
t4JY7e6jLUY,Standard,8.5,9.0,
GggOe-ss5sY,Standard,-1.0,-1.0,
1MP_hF8N2Uw,Standard,8.5,9.0,
ROfH6TlDu7Q,Standard,9.5,7.5,
5NsHGzICPuc,Standard,5.0,0.0,
EaXCcVPxXu4,Standard,-1.0,-1.0,
hYL271TE2Jg,Standard,-1.0,2.0,
pCGCVMlwwcE,Standard,5.0,0.0,
1n8IiQg1Vvw,Standard,7.5,8.0,
DH00PD1rXzU,Standard,3.5,1.5,
vZxHKXMDtYM,Standard,8.0,8.5,
Duj2EIlNpX0,Reaction,8.5,8.5,
7bsNvyY3cTU,Standard,5.0,0.0,
6shlUctFG9A,Standard,3.8,0.0,
ppuLjXhuLmE,Standard,8.5,7.5,
G1QxyHwleEU,Standard,-1.0,-1.0,
IE-SNBDalSQ,Standard,8.5,9.5,
yDjMSSlXBcA,Standard,3.0,7.5,
OZVGKbHBeYI,Standard,-1.0,-1.0,
9vkspHhAov0,Standard,-1.0,-1.0,
CLLG0mQtP94,Reaction,7.5,7.5,
31tAC09muWE,Reaction,-1.0,0.0,
wqbeKj89iJ4,Standard,7.0,8.0,
kOJmasVjdGw,Reaction,4.5,-1.0,
M2DD_249x0M,Reaction,2.5,1.0,
bADAq6Oq6Kw,Reaction,1.5,0.0,
dsd7wG3jjFM,Standard,9.0,9.5,
vB5aYcs9yAw,Reaction,3.5,0.0,
QPp5_9nBUQI,Standard,8.0,8.5,
V2DyQY3XakQ,Standard,7.5,8.5,
k8yY-1gUx1g,Reaction,7.5,8.0,
7cLM5aY6QA8,Standard,2.5,0.0,
pbUyaoH6WNI,Standard,-1.0,-1.0,
AMuDUP-_AnE,Standard,7.5,7.5,
wqzjY_G4TbY,Standard,7.5,8.5,
K7ts5lizo8w,Standard,3.5,7.5,
sk1X3wZVMl4,Reaction,-1.0,-1.0,
xHSqAHpHqLk,Standard,7.5,8.5,
nYv4MsfbPDk,Standard,-1.0,-1.0,
JXmkXvUX5Bk,Standard,3.5,0.0,
tbhTQzRFeIQ,Standard,-1.0,-1.0,
TeT4CXxaEBQ,Standard,6.0,7.0,
oy5h3mUfeAY,Standard,7.0,0.0,
jfmUKkb_dko,Standard,-1.0,-1.0,
uYgdX8PwUHM,Standard,7.5,8.5,
RhIzrVmvBhI,Standard,-1.0,-1.0,
Jso2MDvba34,Reaction,7.5,8.5,
cTQFhXhYE7M,Standard,5.0,0.0,
ywFivZ8FUEY,Standard,8.5,7.5,
ZgyT2reltKo,Reaction,1.5,1.0,
qSwU6FfcPjU,Standard,9.5,9.5,
K2gcON5np0A,Standard,5.0,0.0,
_aq47-hWB8c,Reaction,5.0,0.0,
qR_qi0hTp84,Reaction,8.5,9.5,
2cTASwImGdM,Standard,-1.0,-1.0,
RLDctlpnQw8,Standard,6.8,7.5,
y-vye027Jyw,Standard,7.5,8.5,
6EyQmaeJZOM,Standard,-1.0,-1.0,
N81AYQOPvUo,Standard,-1.0,-1.0,
w8tVVKkxzMs,Standard,6.0,0.0,
X0tsIE-tTD4,Standard,5.5,2.0,
jvui0du571Y,Standard,5.5,0.0,
yTdxUl6GAAw,Reaction,3.5,9.5,
VjZFU4wg0MY,Reaction,7.5,8.5,
yfK-PgjxoXE,Standard,-1.0,-1.0,
0JPR9JB1ohk,Standard,5.0,0.0,
1_O5U82bth8,Standard,6.0,0.0,
PAGksQ68SJ8,Reaction,7.0,8.5,
12OgxTbYhl0,Standard,3.5,0.0,
esfvN4rdIEk,Standard,5.0,0.0,
VEaKkGP5xsw,Standard,7.5,8.5,
81LxbteY2MM,Standard,4.5,8.5,
CgbDfBb72Xc,Standard,-1.0,-1.0,
r7RxMnDnOfg,Standard,-1.0,-1.0,
Sx6-rvBEwU8,Standard,5.0,0.0,
ZL5XM26c84s,Reaction,8.5,8.5,
CIcYO0yucwc,Standard,7.5,6.5,
6bB0MPWNDDU,Standard,-1.0,3.5,
Vbm339MZVbQ,Standard,1.5,8.0,
YEzY61n4Mi0,Standard,7.0,4.0,
ohjj9IRMCVI,Standard,5.0,0.0,
XmtpNKHjN4U,Reaction,-1.0,-1.0,
naYbS2xz7z8,Reaction,7.5,8.5,
x2r3ROsRpS8,Reaction,1.5,6.0,
GsEz0fqw9_E,Standard,-1.0,1.0,
VNCPllF9I68,Standard,-1.0,-1.0,
TT1pZYYeyCg,Standard,5.0,7.5,
v9JmPDOICpM,Standard,-1.0,-1.0,
7T_DvTZQT1w,Standard,-1.0,0.0,
9JwDzNeqoC8,Standard,-1.0,-1.0,
1alhIj9ZVHw,Standard,5.0,0.0,
wXTIkNoGN9Y,Standard,7.5,8.5,
3jHA2ouvzIk,Standard,5.0,0.0,
2PkGBJtmrcU,Standard,7.5,8.0,
QGa_DmzdOVw,Reaction,8.5,9.0,
aYpk79ytOm4,Standard,8.5,8.5,
MeQoyKCrGOs,Reaction,8.5,9.5,
TsfLe2Cb2F0,Reaction,8.5,9.0,
cg7HvsfwvOw,Standard,5.0,0.0,
XWvkXFWUlQk,Reaction,6.0,9.5,
pSHvczamPRk,Standard,-1.0,-1.0,
t9c51uXMxGc,Standard,2.5,0.0,
CRI1FpVJB-w,Standard,5.0,1.0,
72aVpqox7X8,Standard,6.5,2.5,
hKAQ4U-AXNs,Reaction,4.0,8.0,
6UHeagWxHqE,Reaction,5.0,7.0,
bsgbMyzjB98,Standard,-1.0,3.0,
ZHU8dSZ1ZEk,Standard,2.5,0.0,
GY9r2bHS5FE,Standard,6.5,4.5,
tBUQo-LFRjM,Reaction,7.5,8.5,
1Trlg8UIrrk,Standard,3.5,2.0,
0B1GHnZf4kY,Standard,4.0,6.5,
JAvsP3RyRYo,Reaction,7.5,8.5,
XckDWssm58A,Standard,-1.0,-1.0,
_d2wtsNoQbI,Standard,6.0,2.0,
O_To5dYUhVA,Standard,-1.0,-1.0,
sIGmaay6KZA,Standard,7.5,4.5,
PLNcoM-O_EQ,Standard,-1.0,-1.0,
Bbk_0QkBmDM,Standard,5.0,0.0,
OaN3ch0nZQk,Reaction,-1.0,-1.0,
k98WHh_MfJ0,Standard,-1.0,-1.0,
aA-I2blGyiI,Standard,4.5,0.0,
2rbGa0mg9nY,Standard,-1.0,-1.0,
owky6Tp1kUU,Standard,9.5,9.0,
VqnwHILvFss,Standard,7.0,5.5,
xMUTC86jjMk,Reaction,7.0,8.0,
3HtYlyG08kk,Standard,8.0,0.0,
3SFgRQnZe0Y,Standard,2.5,2.0,
P7XcUSmcZ2M,Standard,5.0,3.5,
9DTvsZiGCdk,Standard,-1.0,-1.0,
55VKw3NLFVk,Standard,-1.0,-1.0,
GTUuXGrKjtg,Standard,9.5,9.5,
qVth0YCeWXA,Standard,-1.0,-1.0,
JWhsl83XFgk,Reaction,8.5,9.5,
_S9jbe0kMrE,Standard,-1.0,2.0,
3d2HTmJlwC4,Reaction,5.5,6.0,
AzMGJ9gtJaA,Standard,7.5,8.5,
8lTtGo89Qg8,Reaction,7.0,3.5,
g2SD3IWfsvw,Reaction,2.5,0.0,
Jdo9YfhHn1w,Reaction,-1.0,-1.0,
7ZEyJLsFjeQ,Standard,2.5,1.5,
oFQA2IwDS-M,Standard,3.5,0.0,
0iAWWDBv8Es,Standard,2.5,4.0,
3LD2gu2VsZU,Standard,7.5,8.5,
T78az3dUOoA,Standard,8.5,8.5,
ysHsC4MAxQc,Standard,-1.0,-1.0,
LhprMx7XhKs,Standard,9.5,9.5,
vB7ba58VwOI,Standard,-1.0,-1.0,
aUVRgHzP3SE,Standard,-1.0,-1.0,
bUI651bpTM0,Standard,-1.0,-1.0,
r3EE908buZ8,Standard,7.5,8.5,
8Gz3YD3xq90,Standard,6.5,6.0,
NX_aNn8IyHk,Standard,7.5,9.0,
CdJ-78RCHyk,Standard,8.5,9.0,
lB5vlDOn3qo,Standard,-1.0,-1.0,
0qNqCJP-c-0,Standard,-1.0,-1.0,
tLGt9OBlbGc,Standard,-1.0,-1.0,
uxTVfuHmOtk,Standard,8.0,9.0,
mq6ShV170wk,Standard,5.0,0.0,
5qZfN4UEmgE,Standard,-1.0,-1.0,
bG1PFAvun8Y,Reaction,7.5,8.5,
uxhBDDSYfns,Standard,-1.0,-1.0,
_Qi_oNO_EHk,Standard,5.0,0.0,
j-ROfMGNPp8,Standard,3.5,0.0,
5s7ATlNB4r8,Standard,-1.0,-1.0,
bb0KCqj1tB8,Reaction,-1.0,-1.0,
Oii7lCzVBjM,Standard,2.5,1.5,
KIsHBROJLHA,Standard,1.5,7.5,
49VCyDSd-m0,Standard,-1.0,-1.0,
U-TaLP3CliA,Standard,7.5,1.0,
SCzGaaiVeac,Standard,8.5,8.5,
KEurDw8jWO0,Standard,7.5,7.5,
RLoYFlZZU4E,Standard,1.5,7.5,
8UfbAbATryA,Reaction,2.5,7.5,
-8Mxj_ZniPU,Reaction,7.5,5.5,
6_U98s0IjDA,Standard,5.0,0.0,
rvxGHzkC7XE,Reaction,3.5,6.5,
ecpGJDarMEo,Standard,6.5,3.5,
BsDHZnW1iWQ,Standard,-1.0,-1.0,
lfhVWZ_cXqA,Standard,-1.0,-1.0,
GYfYAwILdc4,Reaction,1.0,8.0,
PrutO9-axrg,Reaction,7.5,9.5,
3wtGv8NFunM,Standard,5.0,3.5,
2eUnuPgE078,Standard,-1.0,-1.0,
QUN-49Iu2so,Standard,-1.0,-1.0,
nu83vH556yM,Standard,4.0,7.0,
KbpL_awj0mI,Standard,7.5,7.5,
hbAHE5L73w4,Standard,0.5,7.0,
5V2QOQaZE08,Standard,4.5,6.5,
uyLLndzuI9I,Standard,-1.0,-1.0,
6ur7d9iaxn0,Reaction,8.5,9.0,
GUAxdmbCjq4,Reaction,-1.0,-1.0,
EWUmh86u2ZM,Standard,-1.0,-1.0,
6SoDZNZuEFc,Standard,7.5,7.0,
pC-9HedYeOw,Reaction,8.5,8.5,
2Bnft2ekdyk,Reaction,7.5,6.5,
VbYUkmF7Mjc,Standard,7.5,6.5,
4BOcZHUP-aQ,Standard,-1.0,-1.0,
HRTxOgN49fQ,Reaction,6.5,8.5,
sHbhz5YWsT0,Reaction,-1.0,-1.0,
xOLFXLi0T_E,Reaction,8.5,7.5,
wZ56ZKW46Zg,Reaction,7.5,6.0,
YweMQHH-0r4,Reaction,7.5,7.0,
WIUEP959beA,Standard,7.5,8.5,
IWTw--Iw8hY,Standard,-1.0,-1.0,
8JyLhJFgPVQ,Standard,-1.0,-1.0,
hyny_e4im6w,Standard,-1.0,-1.0,
VkOHytbNt0Y,Standard,8.5,3.5,
6_DOa63qT_w,Standard,6.5,7.5,
62VBUkIxWWM,Standard,-1.0,-1.0,
EyeDbFnYThA,Standard,2.0,7.5,
95n6LyXO6uk,Standard,7.0,3.5,
Z826hshUNog,Reaction,8.0,9.0,
EgVfcGro33I,Standard,5.0,0.0,
7CkHOgMFq8A,Reaction,-1.0,9.0,
M0Uw8iIpm6k,Standard,-1.0,-1.0,
LVhFeiFx-Kw,Reaction,8.5,7.5,
HJcbOyotbcY,Standard,6.0,7.0,
vDD6knmfNg0,Standard,7.5,8.0,
P6GORlGE2bE,Standard,-1.0,-1.0,
y7JjFL09yMs,Standard,-1.0,-1.0,
71z_wiYGexo,Standard,6.5,9.0,
ZmrpYaZv7Uw,Standard,7.5,7.0,
csGEnqUy3so,Standard,-1.0,-1.0,
5vQhZWLT7N4,Standard,-1.0,-1.0,
l059K9-5PaM,Standard,-1.0,-1.0,
R2NuFpoqook,Standard,-1.0,5.0,
v2fm_3hilsA,Standard,7.5,8.5,
ugLbwEFfphU,Standard,-1.0,-1.0,
f3UgDRRU9jA,Standard,8.5,9.5,
wiJHc_KETUA,Standard,-1.0,-1.0,
42oLuyRzdVc,Standard,7.0,8.0,
u7w4X7O2Zjw,Standard,6.5,7.5,
ZntkNL9jteQ,Standard,-1.0,-1.0,
kjlDXwjQOnc,Standard,7.5,7.0,
j9jlHas0q74,Standard,7.5,6.5,
bjrsoagUOSw,Standard,-1.0,5.0,
1L0ExxfN_TI,Standard,-1.0,-1.0,
IaeguPdyBjk,Standard,-1.0,-1.0,
SxHLSvDLwnw,Standard,8.5,9.0,
jAAl0Xbqj10,Reaction,9.5,9.5,
wxgVV_eapcQ,Standard,-1.0,-1.0,
AUI0lG9b6D0,Reaction,9.0,9.0,
TcCuxZ1uiSE,Standard,-1.0,-1.0,
P-qBbWrRk-8,Reaction,9.0,9.0,
q5AiaIQmVTo,Standard,-1.0,-1.0,
_E-WIjkL-9w,Reaction,7.5,9.0,
AvS40ixmULY,Reaction,-1.0,-1.0,
bNVrYJ5QyqU,Standard,-1.0,-1.0,
ACN8EPmg8r0,Standard,8.5,9.5,
AGdiN-_he8w,Standard,7.5,8.5,
yZxPty7QBus,Standard,8.5,9.0,
jL83AInhZrU,Reaction,5.0,8.0,
BunGYwSHqNY,Standard,8.5,9.0,
q42o0vMjF1w,Standard,5.0,0.0,
m3KW5ZFC74k,Reaction,8.5,9.5,
SheGDjl1WU4,Reaction,7.0,7.5,
nf5_PSC233o,Standard,-1.0,-1.0,
KvvqxTS3h3o,Reaction,7.5,8.0,
NCDd4MzZsSw,Standard,-1.0,-1.0,
Zcg72jhS3N4,Standard,8.0,9.0,
qfm_v0mN6Pg,Reaction,9.0,9.5,
646643Dcxq4,Standard,5.0,9.0,
khP8-YttZDg,Reaction,7.5,7.5,
PpUakKy0K_k,Standard,-1.0,-1.0,
yZZWM7VuVFU,Standard,4.5,0.0,
Hb8IqltwlGA,Reaction,6.0,1.0,
wiqdWGEYfmI,Standard,7.5,8.5,
hUbLQ1r7BjE,Standard,-1.0,-1.0,
wYN4st1MXrg,Standard,3.5,7.0,
p7E37Y6gsm0,Standard,8.5,9.0,
AsMhw5Cbocs,Standard,8.5,9.0,
TWUoOIuC3YE,Standard,-1.0,5.0,
QWLd8duH_Wc,Standard,-1.0,-1.0,
ADWKmVWynDw,Reaction,7.5,6.5,
s3jpEmjHtjw,Reaction,8.5,9.5,
RsUv1nDn2Hs,Standard,-1.0,-1.0,
0f81GE5s-8U,Standard,6.0,0.0,
FFmIuBEUUcU,Standard,5.0,9.0,
4zSqRDOx1b8,Standard,7.5,7.5,
0KXz8K6aHt4,Standard,7.5,8.5,
kON8GNb3c5o,Standard,7.0,6.5,
etfnMLJtR24,Reaction,8.5,9.0,
vldfNHJo3d8,Standard,-1.0,-1.0,
FDQavu-91dA,Standard,8.0,8.5,
F-SL3g6QmkY,Standard,7.5,8.5,
iHwg5liqiUc,Standard,-1.0,-1.0,
zhbEiUq_URk,Standard,7.5,8.5,
GnP0xzl8Oqo,Standard,8.5,9.0,
f--4T0RW180,Standard,-1.0,-1.0,
ornp1GwQe8c,Standard,5.0,0.0,
L5_YoRkZPkk,Standard,8.5,9.5,
JqyEcfdPEyg,Standard,7.0,6.5,
NdyZ60v4jx0,Reaction,7.5,7.5,
_g6mD2MXGko,Standard,-1.0,-1.0,
INwPqTd8PJI,Reaction,8.0,9.0,
P_fvPRd2kfM,Reaction,7.5,9.0,
NS6Ek4if83c,Reaction,8.5,7.5,
BoDWH_Jj3uA,Standard,9.0,9.5,
zfzxsOJ0rWk,Reaction,7.5,9.0,
OJ-CtrzA6oI,Standard,7.0,6.0,
QuBADgTKqIo,Standard,7.5,4.5,
bN1UhwsaTfQ,Reaction,-1.0,-1.0,
FiuyS22tIL4,Standard,-1.0,-1.0,
963BU_xkucE,Reaction,8.5,9.5,
bjnuDz_bsm0,Standard,7.5,9.0,
RJuOLNxbJs8,Reaction,8.0,9.0,
di0PIVISuHc,Standard,-1.0,-1.0,
LKqoTMdLoxc,Standard,8.0,9.0,
AgjTuynfQRI,Standard,-1.0,-1.0,
zB-omVtKQjo,Standard,4.5,0.0,
Gfcg39mVxiM,Reaction,8.5,9.0,
O8oR_qPF-I8,Standard,-1.0,0.0,
0e8xGYTszAI,Reaction,-1.0,-1.0,
O2hlY28YksQ,Standard,8.5,9.5,
QlRUaiQW3UE,Standard,-1.0,-1.0,
y2DBlPAaN5w,Reaction,-1.0,-1.0,
MoOzG4EPMow,Standard,8.5,9.5,
Lc7u9O22ur0,Standard,8.5,7.5,
m7ELJTd9TXs,Standard,7.5,9.0,
fHBzGwTIVi0,Standard,7.5,8.0,
fQVCBtW7Tvw,Standard,-1.0,-1.0,
EO4y0Jqh8hA,Standard,7.0,6.5,
-OW_H-2HTKU,Reaction,7.5,6.5,
FuiEYcyc33M,Reaction,7.5,7.0,
xxcuBuRoTPU,Reaction,8.5,9.5,
ehINdSoKWqE,Standard,9.0,10.0,
OGF7KcBNOIw,Standard,-1.0,-1.0,
rFvK9nVS7J0,Standard,5.0,0.0,
NKR1TgSnKNY,Standard,3.5,2.0,
33YqnG14A44,Standard,-1.0,-1.0,
JKHMJ1lb-io,Standard,7.0,8.0,
GQ7OviDW8rI,Standard,7.5,8.5,
SJDWN-dvvus,Reaction,-1.0,-1.0,
T-ydpOodSIM,Standard,-1.0,-1.0,
QFfQjoExTAM,Reaction,1.5,7.0,
sKbHQb4hpA4,Standard,-1.0,-1.0,
slsKLM2sgnM,Standard,8.5,7.5,
Q_mu5mDBVNs,Reaction,7.5,9.0,
qLJ2A_eAG1I,Standard,-1.0,1.0,
OPoVEvOEXOw,Standard,-1.0,-1.0,
Gv-ZfxzBoXQ,Standard,-1.0,-1.0,
ghCP6eMSp6o,Reaction,7.5,6.0,
SX_rSECJXas,Standard,-1.0,-1.0,
Rt5y5L0oLT0,Reaction,5.0,0.0,
74R6xWj1H-k,Standard,-1.0,-1.0,
UQ78z5EdTNU,Reaction,7.5,8.0,
lJzwNn7UJoE,Reaction,7.5,8.5,
gzsGzpix6vs,Standard,8.5,8.5,
O4HzVADN5VI,Standard,-1.0,0.0,
NkoZLuidYho,Standard,4.5,1.0,
p6MUqpPpQzY,Reaction,-1.0,-1.0,
kt3K2QLSCmA,Reaction,-1.0,-1.0,
InC5RaiSxK0,Reaction,8.5,9.5,
BmYsXglsIqQ,Standard,5.0,0.0,
_lbNndJkHz0,Reaction,7.5,9.0,
F1BqpChvCGk,Standard,3.5,0.0,
kmnjnTXUwSo,Reaction,-1.0,-1.0,
QmpAueTncFw,Standard,-1.0,-1.0,
5aTXP7ZdW_k,Standard,8.0,9.0,
e96X0pnbg-M,Reaction,2.0,0.0,
RbfY5RJdPNU,Standard,-1.0,-1.0,
JXDNSGyPLGM,Standard,8.5,9.5,
TYHjWw-Nj0Y,Standard,-1.0,-1.0,
yaxVEYO4TGo,Reaction,7.5,7.5,
lde0rQF8xrk,Standard,7.5,3.5,
rCiq9zKqIcU,Reaction,7.0,7.5,
g3Wb2RQf9v0,Standard,3.0,0.5,
2KoRmCqcDrM,Standard,6.5,9.5,
gsOrPWEL8AI,Standard,8.0,0.0,
SkEN4PmcUqg,Standard,-1.0,-1.0,
A7WdFWNAN08,Standard,7.5,9.5,
42xk2FEDaB4,Reaction,-1.0,-1.0,
wjk4LJaTUj4,Reaction,5.5,8.5,
WB1RsRyxfFk,Standard,-1.0,-1.0,
80vUrlgzTq8,Standard,-1.0,-1.0,
Wa-uKeN3cuU,Standard,-1.0,-1.0,
o6yEe1XI8E4,Standard,-1.0,-1.0,
EcLMG5rxbzU,Standard,7.5,8.0,
sPsTOZIMI1I,Standard,7.5,8.0,
aVWnWOP1Tko,Standard,5.5,6.0,
AH5QbqF5nCc,Reaction,3.5,0.0,
ROkMgQxERc0,Reaction,4.5,0.0,
SQtNLR2M5rk,Reaction,8.5,9.0,
DKHmZrQuDkM,Standard,4.5,0.0,
8Iu6T-K9BKg,Standard,-1.0,-1.0,
GO43cxFs9uc,Standard,9.0,9.5,
7uZ1LTNKMDc,Standard,9.0,9.0,
qLA8c_u57x4,Reaction,7.5,8.0,
FMEvHcDM4jQ,Reaction,-1.0,-1.0,
rnCXERc-ENg,Standard,-1.0,-1.0,
FoEdPFhnCL4,Reaction,-1.0,8.5,
4DzwPd8rajY,Standard,-1.0,-1.0,
qwKKMwmcGt4,Reaction,4.0,1.0,
E-OopozoGA8,Standard,-1.0,-1.0,
PKzFbzpbax0,Reaction,-1.0,0.0,
OqCIjotppuI,Reaction,-1.0,-1.0,
NgKusViCuYQ,Standard,-1.0,-1.0,
kfbAcLYEn5s,Standard,9.5,8.5,
BFFJ9TIy0NQ,Reaction,8.5,8.5,
zLDZphWainY,Standard,8.5,2.5,
I1M63c6AXK8,Standard,7.0,6.5,
YZD0lVA0NZU,Standard,-1.0,-1.0,
HHN5T4B5jsM,Standard,-1.0,-1.0,
8YFdLQmqJuc,Standard,-1.0,-1.0,
uA09LUYIDDk,Standard,-1.0,-1.0,
mCMQEt8T7QQ,Standard,6.5,0.0,
dMkkH4giDWc,Standard,-1.0,-1.0,
7BwZIZe2F0s,Standard,4.0,7.5,
7ktCd9dvH-I,Standard,7.0,1.5,
uF9UHhwvgp8,Standard,8.5,9.0,
ifwuVqBjWTk,Standard,8.5,9.0,
ogQ-QcikDYY,Standard,8.5,9.5,
VKzc9AvI_8o,Standard,-1.0,-1.0,
4Bh-t5U5w80,Reaction,8.0,9.0,
VLj5lxg4mKo,Standard,2.5,6.5,
GDntj3PDE6E,Standard,-1.0,-1.0,
3x050S1q1UQ,Reaction,8.5,9.5,
0G8rrP4GQRk,Standard,-1.0,-1.0,
OJnzHNxHdEI,Standard,7.5,8.5,
sxA8bfYkf9k,Standard,8.5,8.5,
nW2LFaquO8s,Standard,-1.0,-1.0,
CwjmLxNEgLQ,Reaction,7.5,7.0,
67XfU6nH5_E,Standard,-1.0,-1.0,
_TmUHOPXiBs,Standard,8.5,9.0,
yK_jlea28vc,Standard,7.5,8.5,
xnAcPgnUHXQ,Reaction,7.0,8.5,
0ZhxzQBJQjM,Standard,-1.0,-1.0,
NLQZMjBXokk,Standard,8.0,9.0,
Z5Bntxj-WJg,Standard,8.0,9.0,
9wJNaNqdarg,Standard,3.5,0.0,
OmA73RG5JAU,Standard,-1.0,-1.0,
MDEtAabHqPo,Reaction,7.5,8.5,
M8Fx4sQfCHs,Reaction,2.5,6.5,
DHplhQAktTI,Standard,8.5,8.5,
qBCxPbhDmg4,Standard,6.0,0.0,
P9M-S0_XLGI,Standard,8.5,9.0,
FBz4YO-XeqM,Standard,2.5,8.5,
KYgFQgOxAPs,Standard,9.0,9.5,
yFrSUlveIPs,Standard,5.0,3.5,
O2m89ARR1m4,Reaction,8.0,8.0,
Ocqb2rfv6DI,Standard,4.5,0.0,
iHNjY29inqc,Standard,2.5,6.5,
VtDSYpi-HGA,Standard,9.0,9.5,
OHfiXRZAZg0,Reaction,8.5,9.0,
O6k0qSkE54A,Standard,7.5,6.5,
J5f04WbUOFY,Standard,8.5,9.0,
YW8ew9WujUI,Standard,7.5,9.0,
kOjC3MYkn2Y,Standard,-1.0,-1.0,
5MM2cKSKiSw,Standard,7.5,0.0,
japeVZvGOp0,Standard,-1.0,-1.0,
V4XnpyW3mXk,Standard,-1.0,-1.0,
9mcxniC4Dng,Standard,2.0,8.5,
zpJn3_ABqps,Reaction,8.5,9.5,
JPT9FBDZuoA,Standard,3.5,7.5,
OvB_QeHhCSU,Standard,-1.0,-1.0,
egeLmX1cyak,Standard,-1.0,-1.0,
5VnmJFOYTJ4,Standard,3.5,5.0,
fRXJERCR6-w,Standard,-1.0,-1.0,
-1AOeJCLfBU,Standard,-1.0,-1.0,
m30-sj1weXE,Reaction,3.5,0.0,
6R73f3NrQA8,Standard,7.0,7.5,
4c9Zhrd4l0g,Standard,5.0,8.0,
jYba1YcPQk4,Standard,7.5,8.5,
Ov_iphuVvu8,Standard,-1.0,-1.0,
T4V2WsH5u20,Standard,7.5,7.5,
VdO3TJOc2ZM,Standard,8.5,9.0,
NFBiGKdIl4c,Standard,7.0,5.0,
lPUmv_QfpUU,Reaction,2.5,8.5,
oP9SgOIluTc,Standard,-1.0,-1.0,
9MSGvGRmYwA,Standard,7.5,8.5,
iJSlVhtE6as,Standard,7.5,9.0,
u8docZcBvB0,Standard,7.5,7.0,
iufz78TAwIQ,Standard,6.5,0.0,
iSbcV7saPaM,Standard,-1.0,-1.0,
sQV9aBei0jc,Standard,7.5,7.5,
w_JLILr64-Q,Standard,-1.0,-1.0,
E9fNug6tAaw,Standard,8.5,9.5,
-mSB16PrXWU,Standard,9.5,9.5,
8kIzmbC6B3o,Reaction,7.5,8.5,
qM3K1x4Ww9c,Reaction,8.5,9.0,
nhqY1tKChTM,Standard,8.5,9.5,
eB1fI8WHdxg,Reaction,7.5,9.5,
i2WEK10Mu_M,Standard,7.5,3.5,
ZWA0VTA93uk,Standard,9.0,9.0,
5Gy9a2Ynjx0,Standard,3.5,1.0,
DchWs7vQZtI,Reaction,1.5,0.0,
fDEdcfX2vbY,Reaction,-1.0,-1.0,
Nk6vz4_Jm10,Standard,-1.0,-1.0,
zJyjQc-Q-QM,Standard,-1.0,-1.0,
zqlpxlJnxyY,Reaction,7.5,8.5,
H86MUFTA9Ac,Standard,7.5,6.5,
CEJBmeGiCnU,Standard,-1.0,-1.0,
7VAYF3tee1g,Standard,7.5,8.5,
jkIiN6AbHS0,Reaction,6.5,4.5,
-YaPAeqYnjw,Standard,9.0,0.0,
U8TP6MZRPKg,Reaction,5.5,1.0,
jbZmkVcOOOg,Standard,7.5,4.5,
SI2ADO7lG4o,Standard,5.0,7.5,
0n5tbZ1rjiU,Standard,3.5,6.5,
U9kmCqAuYr0,Reaction,4.5,6.5,
jY26Xu9-igY,Standard,8.5,7.5,
Wah7Aqysri8,Standard,8.5,9.0,
lbzH3dODIHI,Standard,-1.0,-1.0,
Ng8FrfJhoOk,Standard,8.0,8.0,
rL7hEL0fdB0,Standard,-1.0,-1.0,
IfF5V22YmVo,Reaction,7.5,6.5,
bUuuQSoZVT8,Reaction,7.5,4.5,
mYHH_1rXhzs,Reaction,5.0,0.0,
isYsmmL8dPg,Reaction,8.5,9.5,
lLJdFD0WQBs,Reaction,8.5,9.5,
9aMxGJ3_MlQ,Standard,7.5,8.5,
DU2xG4NE93k,Standard,-1.0,-1.0,
1Imkyh4anh0,Standard,-1.0,-1.0,
W0WkWO6fZbQ,Standard,8.5,9.0,
7zcvJ8LU7J8,Standard,8.5,7.0,
lQrRi0P_HP0,Standard,4.0,0.0,
hBtIKOjxXVA,Reaction,8.5,7.5,
QtnqAoDHX4g,Standard,-1.0,-1.0,
SQ54KKekcjs,Standard,7.5,8.5,
GO0W3jQ4pk0,Standard,-1.0,-1.0,
eUeHLEE3bQg,Standard,7.5,8.5,
ihD-8JeGhlU,Reaction,2.5,1.5,
NDWMlLAgMsk,Standard,8.0,8.0,
wR4XNyiAd2M,Standard,-1.0,-1.0,
GAJXn9Z7FRo,Reaction,8.5,9.5,
CamqaUAKnmM,Standard,5.0,0.0,
-AGxuwhMeMY,Standard,-1.0,0.0,
IpJEP7fgZzU,Reaction,-1.0,-1.0,
ga1dSgjmnfE,Reaction,8.0,9.0,
fU_sw_h7qFo,Standard,7.5,8.5,
t6G056Uc8Mw,Standard,-1.0,-1.0,
wp3zonYYeuQ,Reaction,7.5,8.0,
VLe6SgpntNU,Standard,-1.0,-1.0,
RIyYOqwQZ3Y,Reaction,5.0,0.0,
guikjCXR6D4,Standard,-1.0,3.0,
AvAve8BjQSI,Reaction,7.5,7.0,
yAfCK4OZMkY,Standard,9.0,9.5,
VsVeSNQrbD0,Standard,8.5,8.5,
ctxEttvo7MM,Standard,7.5,7.5,
Dt_9s4XsL6I,Reaction,-1.0,-1.0,
x23jXOWvKFY,Reaction,9.0,9.5,
qkqukrdlAKw,Standard,-1.0,3.0,
JV2aE5yJ7o8,Standard,-1.0,-1.0,
hdEETQGx-AA,Standard,5.0,6.5,
zy-p2_JBOKA,Standard,6.0,8.5,
6a0ewIuBHWw,Standard,8.0,9.0,
RGkCtGwKXX0,Standard,7.5,8.5,
gMLtABM06zA,Standard,3.5,8.5,
jLWE09L3zlg,Standard,2.5,3.0,
9IRf3QNuUNs,Standard,-1.0,-1.0,
XtKtTSMuKRc,Standard,-1.0,-1.0,
sLxKeUUBbs8,Standard,8.0,9.0,
_kCEBGAcUAE,Reaction,4.5,8.5,
gDgfZ6LYafk,Standard,-1.0,8.5,
IxampI5aPGY,Standard,9.5,9.5,
16EXmQA9dO0,Standard,5.0,0.0,
MBXOx_JjQ40,Standard,6.0,9.0,
M4NZmXIm1Ec,Reaction,7.5,8.5,
4_1x3TXQH_k,Standard,6.0,1.0,
EsDKsR3w5Bo,Standard,8.0,9.0,
tKY27Cg0oN0,Reaction,8.0,9.0,
V2HwZ-SIfHE,Standard,-1.0,-1.0,
cJhOaMd1aQ4,Standard,7.5,5.0,
WgMb91a0nro,Standard,-1.0,-1.0,
TV56pBBMUus,Standard,7.5,8.5,
86an6hCKdKw,Standard,7.0,8.5,
zEpl1mAB4Zc,Standard,8.0,8.5,
iZEHB0ltGpc,Standard,7.5,8.5,
u58me_OzDqE,Standard,3.0,4.5,
yGite-jbeg0,Reaction,-1.0,7.5,
3tXBYcpKqAI,Standard,8.0,9.0,
3SgsjVm7R70,Standard,8.5,8.5,
MpsM09d12Ak,Reaction,2.0,0.0,
4QSGL0rrPTg,Standard,7.5,8.5,
0HfmgO7Z6uk,Standard,8.0,9.0,
ZHV4BGio6WQ,Standard,8.0,9.5,
65BMsgwlULA,Reaction,-1.0,-1.0,
0JD38uLlcBU,Standard,3.5,0.0,
oXw0UNp60Zs,Standard,7.5,8.5,
FiIz_T14iXM,Standard,7.0,0.0,
cWikDaQKXRY,Standard,-1.0,-1.0,
8tM-WEfbzE8,Standard,8.0,9.0,
XqYbUYKVNiY,Reaction,9.0,9.5,
mqPByWlf6qI,Standard,7.5,9.5,
ogc1JbSm3Jg,Standard,8.5,8.5,
rluOhFtprJM,Standard,7.5,7.0,
-DJS8PEeoR8,Standard,-1.0,-1.0,
1RYJLWuAD-0,Standard,8.0,9.0,
j_tE_K6eXRw,Standard,7.5,7.0,
LjiZp0wX-uk,Standard,6.5,6.0,
VlCtg7NpJto,Reaction,5.0,0.0,
QJV3EA8U-QI,Standard,4.0,0.0,
ZPY0GVkzlC4,Reaction,7.5,6.0,
koP-nzoq7pI,Standard,-1.0,7.0,
Q5N5Rc9SPnk,Standard,4.0,7.0,
k66TvNXtdEQ,Standard,9.0,9.5,
lOLZRLwCPfo,Standard,7.5,8.5,
cZfq51jC9X0,Standard,3.5,1.5,
UJ7Ab6x1LoM,Reaction,7.5,8.5,
2xypWFc0Sd4,Reaction,-1.0,-1.0,
G_xJxZucGnM,Reaction,-1.0,-1.0,
gLCePQ6c1c0,Standard,2.0,8.0,
hzhbNJ0fDp8,Reaction,7.5,9.0,
MaWsfUFuxjU,Standard,9.5,9.5,
7aCqXQkhiQg,Reaction,5.0,4.5,
yoMTQkfMJ9s,Standard,8.5,7.5,
YSomRu3MSd8,Reaction,3.5,0.0,
YBlsBV1iPp0,Standard,6.5,6.0,
wtkrZERjL3Y,Reaction,4.5,1.0,
dEBbsvFzJug,Standard,-1.0,-1.0,
KtV5UgbS5SU,Reaction,7.5,8.5,
_uvY_jdxovA,Standard,7.5,7.5,
MmI4-9do9cw,Standard,-1.0,-1.0,
2xnCy7NnnxM,Reaction,9.0,9.0,
2rXHvfvoAkc,Standard,-1.0,-1.0,
aS20s4Yljd0,Reaction,8.5,9.5,
XWLKkHylTVw,Standard,7.0,6.5,
18hT91uKhb8,Standard,-1.0,-1.0,
7wa1R7y7y0o,Standard,7.5,6.5,
JUiDcj8CVbo,Standard,6.0,7.0,
Bhc3w7BDhpk,Standard,8.5,4.5,
KR4m4HRCTCk,Standard,10.0,10.0,
gqc7gEgzIfE,Standard,7.0,2.5,
7Ira89DkMr8,Standard,5.0,0.0,
uJc3H6YwSTQ,Reaction,9.0,8.5,
_TRxrXDaTuw,Reaction,-1.0,-1.0,
fYI1nvNq3RE,Standard,-1.0,5.0,
bM5B3dzN90s,Standard,5.0,8.5,
6FgLkB06o2A,Reaction,7.5,8.5,
goa0X32Vl0c,Reaction,6.0,1.0,
ZYKpbZV_Kdo,Standard,8.5,8.0,
2u0pes_U3vM,Standard,7.5,8.0,
L2rx_ibKQ9I,Reaction,4.5,0.0,
UxDPeD-I5y8,Standard,-1.0,-1.0,
EN0hGhxWAqM,Reaction,2.5,3.5,
YmKbefOcEXM,Standard,7.5,6.5,
J-0mVBlwWOw,Reaction,8.0,8.5,
58baochrqPk,Reaction,7.5,6.0,
wjzvWb8aQlI,Reaction,7.5,2.5,
PtD6wf__CMs,Reaction,7.5,7.5,
iGQp3gpYKtM,Standard,-1.0,7.5,
IqGp_dFRzxU,Standard,4.0,0.0,
fSteh66ftKo,Standard,8.0,9.0,
9SVYc3jmlQ8,Standard,7.5,9.0,
LyE54iAIQ1A,Reaction,8.5,9.0,
r0YgmOuIuz0,Standard,7.5,8.5,
yCYMrpD317U,Reaction,-1.0,-1.0,
ncADpK8JzCU,Standard,-1.0,-1.0,
YuhheFJrj2Q,Standard,9.0,9.0,
6gbb6yV-e4Y,Standard,5.0,0.0,
AiUpL8B8lQw,Standard,9.0,9.5,
aKqK_135-Eo,Standard,8.0,9.0,
1a4q8_Caldo,Standard,7.5,9.5,
QejP4aoDQEM,Standard,7.5,9.0,
33MH5gXh1l4,Reaction,8.0,8.5,
38Btghp-bMw,Standard,7.5,6.5,
ICK5ZW-_NvU,Reaction,-1.0,-1.0,
uZcsO4bvAig,Standard,-1.0,-1.0,
GBnblsQom50,Reaction,-1.0,-1.0,
Zb6LC-jo14o,Standard,-1.0,2.0,
QMaVdYfJzUU,Standard,-1.0,-1.0,
oBGtz50La1g,Reaction,8.0,9.0,
qh8pAZovmgs,Reaction,7.5,8.5,
2sE4SiRryM8,Standard,8.0,7.0,
zWCjlp5xqyc,Reaction,3.5,0.0,
ubYwWHEBN94,Standard,6.5,0.0,
6OxWUb31AnI,Standard,6.0,8.5,
nLoIhlZlxLc,Standard,2.5,8.5,
hokha958Lsk,Reaction,9.0,9.5,
GTIv4FtWuMU,Standard,7.5,7.5,
pr6uhpX1MMw,Standard,5.5,0.0,
Xb3sQ1Es8Cc,Reaction,8.5,9.5,
SShaV2Eondc,Reaction,-1.0,2.0,
dRYwBKuJ-58,Standard,-1.0,3.5,
hONt4aqXgOs,Standard,8.0,7.5,
ZHTyJWm3d4s,Standard,2.5,3.5,
vG-KyQ-DusI,Standard,-1.0,-1.0,
3ZyEWGIutXc,Standard,-1.0,-1.0,
fZxLhDoTnIY,Standard,-1.0,-1.0,
fkvlx6HuKhg,Standard,-1.0,-1.0,
CH3z6cw3bPk,Standard,-1.0,-1.0,
o4Cv8Tc0k8s,Standard,-1.0,-1.0,
fTxFio6nc0o,Reaction,8.5,8.0,
rhXZ72hIXzc,Reaction,7.5,8.5,
HAnHaILnO6Y,Standard,-1.0,-1.0,
xklmaM0ovRA,Standard,3.5,9.5,
bghnW9rR2ns,Reaction,9.0,10.0,
rM3M-Wzvlm8,Standard,5.0,3.0,
5Oe3us5ovJY,Standard,-1.0,-1.0,
2bXPIXF-k_c,Reaction,8.0,9.5,
nFBSBXKRRoI,Standard,5.0,0.0,
IXwdmVL3pOA,Standard,8.5,9.0,
ydv7cWt_5q4,Reaction,8.5,8.5,
y5yIt5kkXcs,Standard,-1.0,-1.0,
Y65jprCBT3w,Reaction,5.0,8.5,
ymnWTprH0ZY,Standard,-1.0,-1.0,
CIt4bDmq49U,Standard,8.5,9.5,
FkMxLuL-ISs,Standard,-1.0,-1.0,
RFNeHsffp6g,Standard,6.5,8.5,
4z48hNwiPNU,Reaction,-1.0,8.0,
DmqkQBb7ZTA,Standard,9.0,9.0,
cOTcY1hKcr8,Reaction,8.0,8.5,
YGrP3VaWi5s,Standard,-1.0,-1.0,
8texBDOOC-4,Reaction,6.5,0.5,
xwTpv0mM84c,Standard,5.0,0.0,
kGoG61rgCQM,Standard,6.5,0.0,
O1pUiAbg7FI,Standard,8.0,9.0,
XxilkTu5UfA,Standard,7.5,6.5,
c-X6lRit8E0,Standard,6.5,2.5,
2zU8vJbsOBc,Reaction,-1.0,-1.0,
sqro65qnYA4,Reaction,-1.0,-1.0,
EcICpvPJDjU,Standard,8.5,7.5,
ffdjDv9VsYg,Standard,8.5,9.0,
6I8cSxRq0_M,Standard,7.5,6.5,
S6BigalNs1c,Standard,-1.0,-1.0,
goZxXRZ08aM,Reaction,-1.0,-1.0,
r-TlkySB90k,Standard,5.0,0.0,
MUJvgrnAMQg,Standard,7.0,0.0,
6VLACZnGyUI,Standard,5.0,0.0,
kAKUZfFn5P4,Standard,7.5,7.5,
vA245NAPUtc,Standard,7.5,0.0,
dJgT5qjliN0,Standard,3.5,2.0,
5Ygrvz5wVak,Reaction,7.5,6.5,
x1CzXh8K9YI,Standard,6.5,1.5,
YoR9-7J2Ot0,Reaction,7.5,6.5,
Tya4Za05NVA,Standard,3.5,0.0,
1ElMwIBrMns,Standard,7.5,8.5,
21GMqcBJFNU,Standard,6.5,2.5,
qGrpzM20veE,Reaction,-1.0,5.0,
QuyeHkBFACU,Standard,-1.0,-1.0,
Mpf740E_pNk,Standard,2.5,0.0,
yE9m0AMi4mM,Reaction,2.5,1.5,
FTRA0IRQ570,Reaction,-1.0,7.5,
v-YxnbP1J_U,Standard,7.8,8.8,
slxsThKYGNg,Reaction,6.5,8.5,
gNBxejW5Pcw,Standard,7.5,6.5,
S-kmyQwi9TU,Standard,-1.0,-1.0,
4LRBXSBBVsA,Reaction,6.5,8.0,
ILzGnXPykMM,Standard,8.5,9.0,
7Q9ODDytMD4,Reaction,8.5,9.5,
njaT42zLLuc,Reaction,7.5,6.5,
TzLyFT6gWE8,Reaction,8.5,7.5,
dZutPSZDipg,Standard,2.5,7.5,
ZCawfA-fssg,Standard,7.5,7.0,
vnmphh9LuxI,Standard,7.5,8.0,
mOr5sFr9yH0,Standard,-1.0,-1.0,
mzMUEzMvj7M,Standard,6.5,0.0,
5CY68jG1mzk,Standard,-1.0,-1.0,
2yWFR6Zk7Y4,Standard,-1.0,-1.0,
R8tBqfR9g5E,Standard,8.5,9.5,
uMTsRuBC_VA,Reaction,7.5,6.5,
jsScUt2Vugs,Standard,-1.0,-1.0,
4IgHhGxfWd4,Standard,7.5,8.5,
14wpzXFOu8c,Standard,6.5,7.5,
oH-AYTUfrJQ,Standard,-1.0,-1.0,
R9OHbQ5Qlro,Reaction,8.0,9.0,
FFEJzehX5MI,Reaction,7.0,7.5,
AaGZFUa_lCs,Standard,-1.0,-1.0,
llc1IY-KRis,Reaction,8.5,7.5,
KtpPtYyBCEU,Standard,5.0,0.0,
-wxiRFCMZ9M,Standard,5.0,0.0,
6p1-Oe0Knsg,Standard,-1.0,-1.0,
P0Sw3_CP-KQ,Standard,-1.0,-1.0,
yqMLh_LFxA4,Standard,6.0,8.5,
A3KbkoS3EI4,Reaction,-1.0,-1.0,
GWiAUZE_xg8,Standard,6.5,8.5,
KJXrpRgmaUk,Standard,8.5,8.5,
ItvTQNAecxQ,Reaction,7.5,9.0,
fY7dmEhv4xg,Standard,5.0,0.0,
0DqjN0xIlKE,Reaction,-1.0,-1.0,
JLZYnJQLyxU,Reaction,8.0,8.5,
Bd7LjvW_7lc,Standard,8.5,9.5,
O6G3aNiNrhs,Reaction,8.0,8.5,
4PqijuK54is,Reaction,9.0,9.5,
vvn64Ig9y-w,Standard,7.5,0.0,
lMhUsPM0Z80,Standard,-1.0,-1.0,
-2jGNyGL2y4,Reaction,7.5,7.5,
SsJcNlihaps,Standard,7.5,8.5,
Zry-_l1xgVQ,Standard,7.5,8.5,
SQ6tI_QrycU,Standard,7.5,9.0,
ymd0dn89VpU,Reaction,8.5,9.0,
oF7jD3_kFuA,Standard,-1.0,-1.0,
5Qv0J-yGPMY,Standard,6.5,9.0,
90IjKqikXxs,Standard,5.0,8.5,
RMzhQPuSroE,Standard,6.5,4.5,
1Z8sf61Rdns,Reaction,7.5,8.5,
eQWNQjbhnJE,Standard,6.5,9.0,
WN0PtGa86ew,Standard,7.5,8.5,
Z-l0palKsQw,Standard,8.0,3.5,
AnG984jSgKU,Standard,-1.0,-1.0,
Rr5dlbbgQ7E,Standard,-1.0,-1.0,
WxHcmrOf8UI,Standard,7.5,8.5,
veA12fNxATo,Reaction,7.5,8.5,
PRFvpmd65-o,Reaction,7.5,8.0,
Cp4fLCVBFrs,Standard,7.5,9.0,
OKh--o7vs6Q,Reaction,8.5,9.5,
ELeGd1upOSk,Reaction,7.5,1.0,
2hBm3Pew5vQ,Standard,-1.0,-1.0,
MnWjFl6BlXg,Standard,6.5,0.0,
9R04EQgVQIA,Standard,-1.0,-1.0,
d8vjjs9fo6M,Standard,1.5,7.5,
uB-XGt-UMfQ,Standard,7.5,8.5,
Y_kGd6ojJEE,Standard,-1.0,-1.0,
7WfH3LsBb-Y,Reaction,7.0,9.5,
2JunuYdEfGs,Standard,-1.0,-1.0,
5zOhJSO_-jI,Standard,-1.0,-1.0,
1HGRnaM9PJw,Reaction,7.0,8.5,
yB-X04YIRII,Standard,6.0,8.5,
eimfJHnjpEg,Reaction,-1.0,7.5,
cQblDbUJh5k,Standard,-1.0,-1.0,
wjl--j5-r4g,Reaction,9.5,9.5,
mL3YIcqtYS8,Reaction,8.0,9.0,
hCQEi_DEvhE,Reaction,6.0,8.5,
-UW29FTkuRE,Standard,7.5,8.5,
tJnWSJjABFA,Reaction,6.5,5.0,
ktEIU8Wgws0,Reaction,8.0,8.5,
1LzSfDj7jmI,Standard,6.8,7.5,
Wo2hMAiQ7sU,Standard,-1.0,-1.0,
jp-YAPtcLf8,Standard,-1.0,-1.0,
SnFktKvT4iI,Standard,-1.0,-1.0,
dCYACGvf8J4,Standard,-1.0,-1.0,
69qzWN40Epw,Reaction,4.0,0.0,
GyO4jtTZgfU,Reaction,8.0,9.5,
XFAESY7o8Kg,Standard,4.5,7.5,
eupjydePzLM,Standard,8.5,9.5,
zls7B-eIbYU,Reaction,7.5,8.5,
nWomm-xxo6k,Reaction,5.0,0.0,
Ke0Laz9n0e8,Standard,8.5,9.0,
2v6whDqiibw,Standard,-1.0,-1.0,
ykEZ7OV6cwQ,Standard,-1.0,-1.0,
oLm7M3q-H_Q,Standard,7.5,8.5,
x7qtni5XbjY,Standard,7.5,0.0,
2W9F1evhCWc,Standard,-1.0,-1.0,
mauxq4jctfs,Reaction,7.5,8.5,
kp04RVXFmBc,Standard,-1.0,-1.0,
egLjpwujpQY,Standard,-1.0,-1.0,
y13iSLT3nhQ,Standard,7.5,9.5,
6BgA6Zg76qg,Reaction,-1.0,-1.0,
JyR4tU0j7LA,Standard,-1.0,-1.0,
s2kM8bM31yA,Standard,-1.0,-1.0,
SrYHXQGU36U,Reaction,8.0,9.0,
6V3TAhZQT4U,Reaction,7.5,9.0,
3RFKXoE3Pb8,Standard,-1.0,-1.0,
h2gY_oz7F80,Standard,6.5,8.5,
ugDM1o9-l88,Standard,-1.0,-1.0,
-mweph5saoQ,Standard,1.5,8.5,
9WE_n6AyMNM,Standard,2.5,0.0,
yWl4rVpOxbA,Reaction,6.5,8.5,
P1UYKlwrK_I,Standard,7.5,8.5,
Ezqe8xp6Noc,Standard,7.5,9.0,
15SvyJSgYXI,Reaction,8.5,9.5,
xo11GvbwSLI,Standard,-1.0,1.0,
Un3w98EX5uo,Standard,8.5,9.0,
QReCKyhBjy8,Standard,5.0,8.0,
75glFIZG-pI,Standard,-1.0,-1.0,
iFvf95jGFvA,Standard,7.5,7.5,
oRAQ5asiEPk,Standard,5.0,8.5,
WcgOmBMo7XU,Standard,5.0,0.0,
ylblEKYYumQ,Standard,5.0,8.5,
ak703r_b8zU,Standard,7.5,7.5,
lZaxCAXmiqc,Reaction,8.5,8.5,
XWxsh7VnNvI,Standard,9.0,9.5,
6MbAG3vxq4g,Reaction,8.5,9.0,
EW5fPE2iNEM,Reaction,8.5,8.0,
GOxfTqKADQ8,Standard,5.0,0.0,
ofSfGeRyQRI,Standard,-1.0,3.5,
USc8QyzxXxw,Reaction,3.5,1.5,
_JNHKhkBpkM,Standard,-1.0,7.0,
EYuQ-KYCXEQ,Standard,3.5,6.5,
ua6Saqkj6lE,Reaction,7.5,9.5,
VHDBzGaEV5M,Reaction,-1.0,-1.0,
smOJX8hoLDo,Standard,9.0,9.5,
VsEv1W7gIjI,Reaction,7.5,8.5,
JFlqoE5QmkE,Standard,8.0,8.5,
DRiIkGffIYM,Standard,2.5,0.0,
Y5Vk8tuchYY,Standard,-1.0,-1.0,
u2YDA3AU784,Standard,7.5,8.5,
XnhgakK4EZo,Reaction,-1.0,-1.0,
kNc7Wu0TVuQ,Standard,7.5,8.0,
Pi9A2v2sZi0,Standard,8.0,9.0,
Z0lDIybAM9I,Standard,-1.0,-1.0,
W5dKJ-j04dY,Reaction,7.5,8.5,
x_YwyTry8jE,Standard,9.0,9.0,
1HFz4uiQz6s,Standard,8.0,7.0,
7fj59Xechlo,Reaction,-1.0,0.0,
TSejWCPRamM,Standard,9.5,10.0,
fcvIYO80wCg,Standard,-1.0,0.0,
hCWNAXe3QEM,Standard,5.0,0.0,
fPujkm01dLw,Standard,8.0,8.5,
gHVYGWqDZyM,Standard,6.0,5.0,
-eViRqZLHe4,Standard,5.0,0.0,
OPyhfdnJMjM,Standard,8.5,9.5,
FUYpqI1Anho,Standard,9.0,7.5,
miPviHDVxKM,Standard,-1.0,-1.0,
4KHYH0hEccI,Reaction,-1.0,6.5,
Rc7lNAg3D5c,Standard,7.0,5.0,
c69a8vzLwBM,Standard,5.0,8.0,
pTYepydtVO0,Standard,3.5,9.0,
OQgRuSBuh0Q,Reaction,8.5,9.5,
UMFr02MKp0Q,Reaction,7.5,8.5,
ImNHrk2mwgs,Standard,-1.0,-1.0,
FbZNjzY603c,Reaction,-1.0,-1.0,
9n3RSLn3j8k,Standard,7.5,6.5,
9vniJseLccY,Reaction,-1.0,-1.0,
BN87eStFI60,Reaction,7.5,9.5,
h2TN_jwZKAo,Standard,-1.0,-1.0,
34wpmUjKtLw,Standard,-1.0,-1.0,
rr8JUrRNofo,Standard,-1.0,-1.0,
aTo_AxyuzCU,Standard,-1.0,-1.0,
PZ3DcMTsAHM,Standard,-1.0,4.0,
sXgKhTgu8Lo,Standard,5.0,7.5,
rH7DC4N-kAc,Reaction,7.5,6.5,
rHIfyQiz4oQ,Reaction,8.0,9.0,
yKjxij-F_ss,Standard,-1.0,-1.0,
Bt6yzMQqC64,Standard,8.5,8.5,
x8bpQMjQeaI,Standard,-1.0,-1.0,
q2CEk60JlyE,Standard,8.5,8.5,
7_aqUAmKICM,Reaction,-1.0,2.0,
6_l3aJ0JnF4,Standard,-1.0,-1.0,
DRg-QXxBEbQ,Standard,8.0,9.0,
kfDyRmI59Ek,Standard,7.5,9.0,
HhF_h_VIIkI,Reaction,-1.0,0.0,
KAfHfeu9Sak,Standard,-1.0,-1.0,
YbyHBw4WyGI,Standard,-1.0,-1.0,
fKFgpdubUT4,Reaction,7.5,8.5,
ph_F4a6C9tg,Reaction,-1.0,-1.0,
5GV-AWKbmfk,Standard,-1.0,-1.0,
JjTgANl1C-Y,Reaction,-1.0,-1.0,
iWWse84f-S8,Reaction,7.5,8.5,
oe0CkaDPEM0,Standard,8.5,9.5,
wQSUK-OmD6U,Standard,8.0,8.5,
T5FRKNnNSjI,Reaction,8.5,8.5,
9trCPk0FWz4,Standard,5.0,0.0,
3u5SY_IrL64,Standard,7.5,8.5,
x6Utwc68-Wg,Standard,3.5,0.0,
kRy2FoXSNdI,Reaction,7.5,8.5,
gjb7Enbfh0I,Standard,-1.0,5.0,
BrrUBJuW4eU,Standard,-1.0,-1.0,
h-Yciwih4-c,Standard,6.0,8.0,
cTkjPsf7eAI,Standard,8.0,9.0,
-pDzrGEkp-k,Standard,2.5,8.5,
8otcLA36pjI,Standard,8.5,8.0,
yPtbqvUzuyc,Standard,-1.0,-1.0,
8_zNEGb1Mr0,Standard,7.5,7.0,
b1ocfjYStMU,Standard,2.5,7.5,
lisuectqBoQ,Reaction,8.5,9.0,
pRFGmYRqjlY,Standard,7.5,0.0,
IOOyZt1V23w,Standard,7.5,8.5,
fTc21fjs9bg,Standard,7.5,7.0,
P6Ad7SWOV7g,Reaction,-1.0,-1.0,
QCqSNjSI_2c,Reaction,-1.0,-1.0,
-dy81resIG8,Standard,8.0,9.5,
oEqz4oIYxTs,Standard,4.8,0.0,
yp5DYVMbs8A,Reaction,8.5,9.0,
YKjYMLlfIOE,Standard,-1.0,-1.0,
oQa8EQrs08M,Standard,5.0,8.5,
XUHBFk2MQDM,Standard,2.5,0.0,
_peB9RcRx-c,Standard,-1.0,-1.0,
m1GUQrI8KvQ,Standard,7.0,0.0,
ZBR7V6_WkZ4,Standard,-1.0,-1.0,
OGTMNNwvsBs,Standard,9.0,9.5,
1jDEcL_IhaE,Standard,7.5,6.5,
uGmvuKeHBxQ,Standard,-1.0,-1.0,
GMyfkq74J9E,Standard,3.5,0.0,
2actqkLFpuc,Standard,8.5,7.0,
8a9_V1E9Loo,Standard,-1.0,-1.0,
ayMyhZ4A_vk,Standard,-1.0,-1.0,
tZEeQsblYjw,Standard,8.5,9.5,
3RNWPVg5BEQ,Reaction,8.5,9.0,
wIP-dY0Dr44,Standard,8.5,1.0,
vSI1opg9RGo,Standard,5.0,0.0,
WRcLhNkfnYE,Reaction,-1.0,0.0,
TKZmVE-_LgY,Standard,8.5,9.0,
LSdM4n6eKoM,Reaction,-1.0,8.0,
e-muTZe7ALY,Standard,8.0,9.0,
DFLp0TJiRI4,Reaction,-1.0,8.5,
XYJ0xVfx_X8,Standard,-1.0,3.0,
7HOq0t4iWEE,Standard,7.5,7.5,
L6eTjyVerrg,Standard,-1.0,-1.0,
S9swMX_0x9k,Standard,8.0,9.0,
hpAGSSkX9Is,Standard,-1.0,-1.0,
GAzDRD86eAs,Standard,8.5,8.5,
xOXrBxAAmL0,Reaction,2.5,0.5,
89Vo4R1fPbw,Reaction,7.5,8.5,
AWOQXxp_fDE,Standard,-1.0,-1.0,
t2rL1YMjBm4,Standard,8.0,9.0,
L-ZGKxxy4SE,Standard,8.0,9.0,
FPi0HzqFydA,Reaction,-1.0,-1.0,
gEJJtzWk1Oo,Reaction,4.5,8.0,
PTX3ve2oD2w,Reaction,8.5,7.5,
NCS5-pstz2A,Standard,7.5,8.5,
3TtZPwTP0cA,Reaction,4.0,8.5,
nqbG6ii6FtE,Standard,-1.0,-1.0,
uT2oOV_wBjI,Standard,8.5,9.0,
CGUSsTlA9uY,Reaction,-1.0,7.5,
ZvSuIig-kOw,Reaction,-1.0,7.5,
rJ4qVbRcej4,Standard,-1.0,-1.0,
kLmZEwJKlwQ,Standard,-1.0,-1.0,
Nt5yBywaSD0,Standard,-1.0,-1.0,
rDhiLbdMAQ4,Standard,-1.0,-1.0,
oyd53LXU-E8,Standard,7.5,8.5,
POM7hJwuqNY,Standard,-1.0,-1.0,
epBvJ9MJTW0,Standard,7.5,6.0,
YRBQK-7fE3w,Reaction,4.0,0.0,
8eGLyipj4cM,Standard,-1.0,-1.0,
OI1tiZf2sxo,Reaction,7.5,8.5,
7u5nF-_khPA,Reaction,7.5,9.0,
d3T80wWgaHk,Reaction,9.0,9.5,
x1jtxoL3bVg,Reaction,8.5,9.5,
cZoMKr0HCdE,Standard,7.0,6.0,
zp8SeKQoTYs,Standard,3.5,8.5,
_Clsluf7CsA,Standard,5.0,0.0,
AehaBjjs4eU,Standard,7.0,7.5,
cOg8gJjeOxY,Reaction,8.5,7.5,
mQzcXAee-M0,Standard,8.0,9.0,
dhLZclpXynk,Standard,8.5,7.5,
s74yV3IT9Og,Standard,8.0,9.0,
rTu6uWYKpVk,Standard,8.5,8.5,
CGtWDZPo2uc,Standard,-1.0,-1.0,
mqi8qpVsXW4,Standard,-1.0,-1.0,
6A0Z_KZJgNo,Reaction,1.5,0.0,
1x_dnFEHutI,Reaction,8.0,7.5,
X5L4dYdFiZU,Standard,8.5,9.0,
iAzGhtgLC-4,Standard,7.5,8.5,
kRpHHjFceDk,Standard,-1.0,-1.0,
HyuPm19GLv0,Reaction,7.5,8.5,
RBDdj70fgLU,Standard,8.5,9.5,
ePI8NOl9htU,Standard,7.5,7.5,
FGT8bSmWxZk,Reaction,7.0,6.5,
iGsjnXi94TY,Reaction,4.5,0.0,
pTKsVJlRr04,Standard,8.5,9.0,
jSHMZw1Na5g,Standard,6.5,7.0,
BqKZnmMmD64,Standard,-1.0,6.5,
DvqmYlSZySE,Standard,8.5,8.5,
oGxAwEjV5Bo,Standard,-1.0,-1.0,
aRqMaAUwgT0,Standard,7.5,7.5,
gCleTzOSgsM,Standard,-1.0,-1.0,
1W9VeoDbr-g,Standard,8.5,9.5,
nd40-CWQa7w,Standard,-1.0,-1.0,
TTAHkmgj8X4,Reaction,-1.0,5.0,
4H0KXXp3GaY,Standard,7.0,7.5,
T5HZGZTSJ78,Standard,7.5,7.5,
BetvyEnZZVY,Reaction,8.5,9.5,
vbiOmfh-6fM,Reaction,6.5,6.0,
3UCayAdYbHk,Standard,5.0,0.0,
gH4IKa-BsAA,Standard,7.5,3.5,
2eG2yrCMvJY,Reaction,4.5,3.5,
5AgLao9xrZ0,Standard,8.0,9.0,
b_hyVeKGva0,Reaction,4.0,0.0,
RS66wGRQCqg,Standard,-1.0,-1.0,
FONVcd0-Kf0,Reaction,1.5,7.0,
eIOc2c-vHWI,Reaction,3.0,0.0,
5nNCA1JlJ6I,Standard,5.0,8.5,
9AbEfD17N5A,Reaction,3.5,0.0,
3mPPnLLG26k,Reaction,7.5,8.5,
X_t_FRgEHBs,Standard,-1.0,-1.0,
QbDgvgcH9ec,Reaction,7.5,9.0,
bX_pMf2Gfvc,Reaction,8.0,8.5,
16NC1wA7sI0,Standard,-1.0,-1.0,
uwDXd9_2ILI,Standard,-1.0,-1.0,
SEFDPDyw1no,Standard,-1.0,-1.0,
8V1E3U8gHe4,Standard,-1.0,-1.0,
m_RQFEEcaLs,Reaction,8.0,9.5,
yc0pmXxVZoc,Standard,-1.0,-1.0,
8_xUH9rDn8I,Standard,9.5,9.5,
JvaxIsfrW7k,Standard,-1.0,4.0,
2XUSD7oPHBo,Reaction,8.5,9.0,
dsysWNj-eOg,Reaction,8.5,9.0,
dRixDjuzw3I,Standard,-1.0,-1.0,
x5ybQxw1SSQ,Reaction,-1.0,-1.0,
K-H6oy3PqIU,Standard,-1.0,-1.0,
VwZIHHAkWUc,Standard,6.0,6.0,
NFerIiEBQVs,Standard,-1.0,-1.0,
UyPdddQ8zd4,Reaction,7.5,6.5,
SpDGKiNOesc,Standard,7.5,8.5,
bBa9GXde9HY,Standard,8.5,9.5,
qPd9XVCqd08,Reaction,6.5,6.5,
Fx5puY9EMa4,Standard,7.5,7.0,
8fNBp3f60r4,Standard,-1.0,-1.0,
Yx621HgQgBE,Standard,5.0,0.0,
dl2vKwMT3h4,Reaction,7.5,8.0,
dWKeMhERoyg,Standard,6.5,0.0,
k5Efg3ak9Zk,Standard,8.0,9.0,
BsjJUlrxSBA,Standard,8.0,8.5,
QI5D5lsvxOE,Standard,-1.0,-1.0,
GJn95Avp6G4,Reaction,3.0,7.5,
lKn5_FII8vQ,Reaction,7.5,8.5,
iDeDtj6DNXc,Standard,7.5,8.0,
nHqXiM6yL5g,Standard,7.5,8.5,
wrNLL3-4i2Q,Reaction,7.5,8.5,
yO2WFXGZewQ,Reaction,-1.0,-1.0,
ccDh-dhV9i4,Reaction,5.0,3.5,
1OxzRdan0Ak,Standard,-1.0,-1.0,
C2B9X0e4t8U,Standard,8.5,9.0,
xGSCqKf71E8,Standard,8.5,9.5,
WevXS_0GbmM,Standard,-1.0,-1.0,
NLu_CeiROp4,Standard,8.0,9.0,
1HsOJOnrE-I,Standard,8.5,7.5,
xEENUoy-CsA,Standard,6.5,7.0,
gn3VeMPNs1U,Standard,-1.0,-1.0,
4MqwotA8nJY,Standard,2.5,6.5,
wbC0DoHiGag,Standard,6.5,8.5,
Wpu2qL6lEno,Standard,4.5,0.0,
jeWBY0sL8Xo,Standard,8.0,9.5,
X0fMWDr_5CQ,Reaction,7.5,8.0,
KD0dDZ3v0h4,Reaction,7.5,9.0,
pUY4ZUejvps,Reaction,2.5,0.0,
QzaWFnmFGxA,Standard,8.5,8.5,
7l796sYLbmQ,Standard,8.5,7.5,
tnuUgHRDF_s,Standard,-1.0,-1.0,
6DxyOmL7Fxg,Reaction,7.5,7.5,
GMZ4XXEKS94,Standard,3.5,0.5,
0OeDo2gupRc,Standard,7.5,7.0,
1eXo-lt5skI,Standard,7.5,8.5,
_ByKMZ1NAe0,Standard,2.0,7.5,
Q5BnWorKD_Q,Standard,8.0,9.0,
p5PsCdvDr00,Reaction,3.5,0.0,
PNpkboFH5gQ,Reaction,8.0,9.0,
5dIbn0sIe5E,Standard,8.5,9.5,
NhqhC_4GW0U,Standard,-1.0,-1.0,
dtoorj7i5q4,Standard,-1.0,0.0,
2qycoN4Cmbw,Reaction,4.0,0.0,
SFyquTDetok,Standard,7.5,9.0,
DGby7ZnhLJQ,Reaction,7.5,8.5,
B9GHWso1h5Q,Reaction,8.0,8.5,
gjmwLtQaK-I,Standard,6.5,7.5,
hEgZg20kKVk,Standard,-1.0,-1.0,
-Nj7DdG9wus,Standard,7.5,9.5,
jr7aRiFrn5M,Standard,-1.0,-1.0,
q-gGTOu7s1M,Reaction,4.0,0.0,
nKIi0hGuDUM,Standard,-1.0,-1.0,
2qNPUi65bEo,Standard,5.0,0.0,
UraKKuyRij0,Standard,7.5,8.0,
snCu3Y5Iz9k,Reaction,7.5,8.5,
htsNlC7ixGA,Standard,9.0,9.5,
pfAdKbttlTw,Standard,-1.0,-1.0,
SYYDxJDmfSk,Standard,-1.0,-1.0,
aWjvKTp-hRE,Reaction,-1.0,-1.0,
pQTWszXhCIg,Standard,8.5,8.5,
ImUcXbdrxAo,Standard,8.5,8.5,
LpKxdnjNqEQ,Standard,8.0,9.0,
kHy72jNHRTE,Reaction,6.5,7.5,
M4hjY5H7d6A,Reaction,7.5,8.5,
a4hlQeZ43Dg,Reaction,8.5,8.5,
9VS5PnrgXow,Standard,-1.0,-1.0,
q95Ws4w8RN4,Reaction,8.0,9.0,
T3Ay4btqrNE,Standard,7.0,9.5,
0ywKPpRTPdA,Standard,7.0,8.0,
Uecp-uqIuK0,Standard,7.0,5.5,
2lvDBrAIHHM,Standard,-1.0,3.5,
TbJqu_Iytu4,Standard,8.5,8.5,
Gr-k_MRUAWM,Standard,7.5,8.5,
NWWeBceYuQY,Standard,-1.0,-1.0,
SFZJHPYOvjQ,Reaction,8.5,9.0,
1-SWu4CA5jI,Standard,8.5,9.0,
a-8A_fJzwlU,Standard,-1.0,-1.0,
_kXF_nDE1wQ,Standard,-1.0,8.5,
F-MGNnfD7Fc,Standard,7.5,9.0,
JUnJB-tiRwQ,Standard,-1.0,-1.0,
ZBJng-W_3cg,Reaction,2.5,4.5,
RjionKFFiQs,Standard,7.5,8.5,
BnaYDCZPTSk,Reaction,5.0,0.0,
TeZVVMhVM0w,Reaction,-1.0,-1.0,
zVXPJLzPym4,Standard,7.5,9.0,
UTXp16-ODm4,Standard,5.0,0.0,
uWTjomQkWZ8,Standard,-1.0,-1.0,
AlRUS-NL484,Standard,3.5,0.0,
SzB1Ihaj0q8,Standard,-1.0,-1.0,
wK4g-hSMsBs,Standard,6.5,3.5,
LzvKi150OO4,Standard,-1.0,-1.0,
yZ6wH5Bfx7E,Standard,-1.0,-1.0,
c9kCLM51UHY,Standard,8.5,9.5,
RpAmMJvdE9M,Standard,-1.0,-1.0,
IJjqlSnpoU8,Standard,3.5,0.0,
0PbFqK8vDwQ,Standard,3.5,7.0,
NPSd0iwilR8,Reaction,7.5,9.5,
P21rS1zNLGc,Standard,7.5,9.0,
ToAtWKT8qOI,Reaction,-1.0,0.0,
gHhg1BBtxFw,Standard,2.5,7.0,
9iDS3rXetT0,Standard,-1.0,-1.0,
HVLGpIKfAFc,Reaction,8.5,9.5,
g1QB6Bc-CMU,Standard,-1.0,-1.0,
Lf7u73faSVk,Standard,5.0,7.0,
Wqqxta7QkRM,Reaction,4.5,0.0,
eQ5SMIqNFzE,Reaction,-1.0,-1.0,
M2h93vR5rYQ,Standard,-1.0,-1.0,
t4xuMDOvvIM,Standard,7.0,2.0,
IF9QlrDcdAE,Standard,-1.0,-1.0,
2pGeLJ231Bk,Standard,-1.0,-1.0,
O39ISGvDgrQ,Standard,9.0,9.5,
vp1PAnlnUe0,Reaction,-1.0,-1.0,
kUGBUP5mUlI,Standard,8.5,8.5,
rDQU2xdeTeM,Standard,-1.0,-1.0,
GU-XE1QksPE,Standard,-1.0,-1.0,
Mr8zjBUF8LQ,Reaction,6.0,8.0,
ItUX-Q4mnhs,Reaction,7.5,9.0,
7VfcNW4lKGg,Reaction,7.5,1.0,
Aod_AQFhNuE,Standard,2.0,0.0,
yFKhmjx_ovg,Standard,-1.0,-1.0,
4Qb41J1rftg,Standard,3.5,0.0,
IFRqC_91ZSs,Reaction,8.5,7.5,
sMh_zTJ_3eU,Reaction,-1.0,-1.0,
mqSSuRtwXmw,Reaction,5.0,2.0,
zez8J45wtPQ,Reaction,9.0,9.5,
TEsIq1Bp8jo,Reaction,8.5,9.0,
pwIzsQLwWC4,Standard,-1.0,-1.0,
GkcmIaT0UPw,Standard,7.5,5.0,
bJtLhOalYbs,Standard,8.5,9.0,
t_J0O_WYBKw,Standard,6.5,6.5,
GxNuCLDvt7I,Reaction,7.5,7.0,
PHlUWBTiOl8,Reaction,8.5,9.5,
5XL8AhZgcmo,Standard,7.5,8.5,
A5a7PFd0wrc,Reaction,-1.0,-1.0,
mxjKnrBQkOE,Reaction,-1.0,8.5,
EhXm7HU3x7g,Reaction,8.0,7.0,
4Hk6Qy6FnhI,Standard,-1.0,-1.0,
kjuiS5g--cw,Standard,-1.0,-1.0,
tLdM3VikmEo,Standard,7.5,8.5,
TRwypxcrRls,Standard,3.5,6.5,
4UgO6zbVdK0,Standard,7.0,0.0,
51g5BHlxPns,Reaction,3.5,1.5,
k8B87sAnphc,Standard,7.5,7.5,
GANz-sGvCyY,Standard,7.5,8.5,
dELu56RWGVk,Standard,-1.0,-1.0,
h64pPReXqVI,Reaction,5.0,0.0,
Zy1R63Bu-Fk,Standard,-1.0,-1.0,
8PHMRUts5jg,Standard,-1.0,-1.0,
kGo7sm8eqmw,Reaction,7.5,8.5,
d6Xr4tEnoxI,Reaction,7.5,6.5,
202x172R4QQ,Reaction,2.5,0.0,
kKCBlGLDyO4,Reaction,8.5,9.5,
om2beX-AlDw,Reaction,8.5,8.5,
r0k2XW23uic,Standard,-1.0,-1.0,
ButeiLmM8zM,Standard,8.5,9.5,
MGoT-1JNCqM,Standard,-1.0,-1.0,
fKU51KBXFiA,Standard,7.5,6.5,
4ZaJGHb3EJo,Reaction,8.5,8.5,
Vr4ixBwo-yo,Reaction,4.0,0.0,
uqr_LiETqIk,Standard,-1.0,-1.0,
1oemWfvMO5Q,Standard,7.5,8.5,
ak5HsuYs-uk,Standard,4.5,4.0,
ta-jOIioJTM,Standard,8.5,9.5,
FeUhw5-mm-Q,Standard,-1.0,2.0,
2mpJrcAAzoo,Standard,-1.0,-1.0,
ODc7hvF5dDs,Reaction,7.5,8.0,
7Cxgjz8tYxE,Standard,-1.0,-1.0,
ubZpCZwFeKk,Standard,-1.0,-1.0,
urub5pYaZQQ,Standard,-1.0,-1.0,
83sq02e8jUU,Standard,-1.0,-1.0,
WQUglMI_reQ,Standard,6.5,5.5,
uVZPn8g31_g,Standard,-1.0,-1.0,
xwsp3VM_xBo,Standard,7.5,8.5,
qScBayGw_DI,Reaction,8.5,9.0,
zIZN7hdhdk8,Standard,9.0,9.5,
p-jw4d1YoFQ,Standard,-1.0,-1.0,
TXIQ0ay96Kw,Standard,-1.0,-1.0,
K4OF8iIMST4,Standard,-1.0,-1.0,
fiFctzcjUkk,Standard,7.5,6.5,
SBF9AH3Qu5Q,Standard,-1.0,-1.0,
ZmssOQq2SHc,Standard,8.5,9.5,
9BiS7wpRC6c,Reaction,7.5,6.0,
mt0yPBU-BY4,Reaction,8.5,7.5,
wae_wUKdQk0,Standard,6.0,0.0,
ozHrwv7_DYc,Standard,8.0,9.0,
WE8kqWe1IQY,Standard,8.0,9.0,
fSMl0RM3D5c,Standard,8.5,9.5,
rvnUHwzysL8,Standard,7.5,8.5,
ONNr4ULcJco,Reaction,7.5,9.0,
Ds7dvpPCL6k,Reaction,5.0,7.5,
cwdcNYKLbwI,Standard,8.5,9.5,
NOR8nBv8Azc,Reaction,9.0,8.5,
rKqPytD_Ong,Reaction,8.5,9.0,
u6rX1QzmWbg,Standard,-1.0,-1.0,
lpWKYYlsHE8,Standard,8.5,9.5,
RLtDcnBYLGQ,Reaction,-1.0,-1.0,
dxwJm-mDZsw,Standard,7.5,8.5,
JYqv2zhjW8M,Standard,7.5,9.0,
tDZv3NusOZs,Standard,-1.0,-1.0,
U8d4fUTu-Bo,Standard,-1.0,-1.0,
a1trY5co1Zo,Standard,7.5,9.0,
sQqs6zptQ_4,Reaction,5.0,0.0,
dyy4EIa1i5Y,Reaction,1.5,5.5,
K1Xq_NDyljA,Standard,-1.0,-1.0,
HDcGuEE4BUk,Standard,5.0,0.0,
svxTL6bc3UY,Standard,3.5,7.0,
r1x75Wx66-g,Standard,7.5,8.5,
dKSdTqTqvuU,Standard,-1.0,-1.0,
r3HC6kwF9Ts,Reaction,8.5,9.5,
QcvVu64eYHk,Standard,-1.0,4.0,
qvhHZdIV3pY,Standard,-1.0,7.5,
QlgbZIdE2RE,Reaction,-1.0,-1.0,
LJWQnAL2H4s,Reaction,-1.0,6.5,
l88w6u8zWpA,Standard,8.0,7.0,
6BcrFA5e1pI,Standard,-1.0,-1.0,
R2W1WMhaIsU,Standard,7.0,0.0,
ZEyNjBhgfXY,Standard,6.0,0.0,
NvxLfI59LA4,Standard,6.0,0.0,
K6be0rj6wbo,Standard,-1.0,-1.0,
U8Vg7TYfwxs,Standard,-1.0,3.0,
dkLNcST4RaM,Standard,5.0,7.0,
fgO0Ml5Foyk,Standard,6.5,-1.0,
NnXFgAfHUqM,Reaction,-1.0,-1.0,
UNR55DzJtpE,Reaction,-1.0,-1.0,
_hsvTaq3o_4,Standard,2.5,6.5,
FO2Q8mmxbE8,Reaction,8.0,9.0,
CAT2HLN84v4,Standard,7.5,6.5,
VvwXAUwt3io,Standard,-1.0,-1.0,
rqfwb_Ic76I,Reaction,-1.0,-1.0,
y2zybNxyfEU,Standard,8.5,9.0,
iovLzznpAEE,Reaction,8.5,9.0,
M5Zf_Y_Ipu8,Reaction,3.5,7.5,
8xufKx8WiME,Reaction,8.0,9.0,
bAzTV7L_L3A,Reaction,-1.0,-1.0,
vHy6fdOI0Uk,Standard,-1.0,-1.0,
1JhzmFgU7as,Standard,3.5,1.0,
brTb95DwBZE,Standard,-1.0,-1.0,
4cMhoAb1Pr8,Standard,8.0,8.5,
HzJvErCkb04,Standard,5.0,0.0,
4pOjcftVL6k,Reaction,8.0,9.0,
b9LkGzankHo,Standard,4.0,0.0,
f92i2PcyFJk,Standard,-1.0,-1.0,
39ENet24D4U,Reaction,-1.0,-1.0,
Vmyi4sJhHFo,Reaction,7.0,6.0,
jEVWXOD0KQg,Standard,-1.0,-1.0,
kyhuXqoS3Rs,Standard,9.5,9.5,
peOirbKBwTU,Standard,5.0,0.0,
2Jm1UEvwHY0,Standard,7.5,9.0,
i3OrKZlO-tY,Standard,7.5,9.0,
8-IQ4MUhHYQ,Standard,6.0,8.5,
wNnIAo0hroU,Reaction,7.5,8.5,
hkK10ExtfWY,Standard,-1.0,-1.0,
ZXIgFPSDLbM,Standard,5.5,0.0,
f_7Wvmpj7w4,Standard,7.5,7.5,
VY0vOIKpq1U,Reaction,8.0,7.5,
bIRzKsj2_w4,Standard,-1.0,-1.0,
6SSFGMu5Ars,Standard,8.0,6.5,
GZhw2wT2CBY,Standard,5.0,0.0,
2xiM4umxg04,Standard,-1.0,-1.0,
273uXbs-iC0,Standard,-1.0,-1.0,
IjVRH0xrynQ,Standard,-1.0,-1.0,
Q-yDWP15MRs,Standard,-1.0,-1.0,
fdmpIyR2-iE,Standard,-1.0,-1.0,
Ad5JGrVLQFU,Standard,-1.0,7.5,
rqU0yV4xJMg,Standard,6.5,4.5,
tAA9cEWpV90,Reaction,6.5,5.5,
k5B6YK7dQBE,Standard,-1.0,-1.0,
NeMGZM1Fqy8,Standard,7.5,7.5,
dZOWmPqcu84,Standard,-1.0,0.0,
O6HBYYahhuQ,Standard,-1.0,-1.0,
vksu0SWefXU,Standard,-1.0,-1.0,
i_bHMN1b8C8,Reaction,-1.0,-1.0,
pqKs6VAptWI,Standard,-1.0,-1.0,
D0VQu2bWYqw,Standard,6.5,8.5,
1c_a4c-BzI4,Standard,-1.0,-1.0,
dxJIQjPkN1M,Standard,9.5,0.0,
hhMbafZcXLU,Standard,5.0,1.0,
0VTVub8IDsI,Standard,-1.0,-1.0,
83Egscnu9Ho,Standard,-1.0,-1.0,
J3S2WfyRFYY,Standard,-1.0,-1.0,
nWK98gNNMo4,Standard,3.5,0.0,
AHVbyTH78Ek,Standard,8.0,0.0,
pmeEvc_atAM,Standard,3.5,1.0,
_sJMvyma_cg,Reaction,8.5,9.5,
WKLHUB_iNsk,Standard,7.5,7.0,
Wfeyd5FanRQ,Reaction,5.0,7.5,
lLEtTEBIn6o,Standard,7.5,7.0,
qC-F5TK_aOA,Standard,7.5,6.5,
Tb4TgLVogt4,Reaction,8.0,9.0,
EsRSKhhEa_g,Standard,7.5,8.5,
7HNger7WZoY,Standard,8.0,9.0,
dd_y-SoG0ak,Reaction,8.0,9.0,
2349BVaxmWw,Reaction,7.5,7.0,
rSbTNRaxh70,Standard,-1.0,-1.0,
z8B08dP9thY,Standard,-1.0,-1.0,
lp5OV-lUn3I,Standard,3.5,0.0,
0zMk5x21Vs4,Reaction,8.5,9.5,
eomH_iPwNTo,Reaction,8.5,9.0,
4kXegFRc2SI,Standard,-1.0,-1.0,
yR4M_MG-9vg,Standard,7.5,6.5,
cYM0z1pDCzk,Standard,8.5,9.0,
kSoEMmNWeHw,Reaction,2.5,7.5,
bwTUYxOivdI,Standard,8.5,9.0,
1pgwAZMgntU,Standard,8.0,9.5,
yYwd6-eqm3E,Standard,-1.0,-1.0,
Lwt8bm9AAxo,Standard,5.5,0.0,
fuHy6IMCU_c,Reaction,8.5,8.5,
IRQKu8cbXrI,Standard,-1.0,-1.0,
qWZu0DCmm0M,Standard,5.0,8.0,
6ZsMbH8pgz4,Reaction,-1.0,7.0,
Ze-hN46xGek,Standard,-1.0,-1.0,
M43vkEAOpGc,Reaction,7.5,8.5,
fx3PhxRL9RI,Standard,-1.0,-1.0,
rXuDguWfUM0,Reaction,8.0,9.0,
V6FYijWCQ6I,Standard,-1.0,1.0,
-8c8qu1yGyI,Standard,-1.0,-1.0,
rSHYQTcKmWE,Standard,-1.0,-1.0,
J0PUebTzDD0,Standard,7.5,8.5,
23IzJYIodFY,Standard,3.5,2.5,
4h33cMKygf4,Reaction,5.0,0.0,
lFj14W26wwY,Standard,5.0,8.5,
AV0XFT5ypRw,Standard,7.5,6.5,
S2EowKs_jbo,Standard,5.0,0.0,
OgW6F6R7ZGw,Standard,7.5,8.5,
ilIBXJz0OKY,Standard,8.0,9.0,
msUwNRHV7fc,Reaction,9.0,9.0,
gEFzYKYomnw,Standard,7.5,8.0,
0XuXzopkoTs,Reaction,7.5,7.5,
e6iDHkvW6ws,Standard,4.5,0.0,
ibH_ltboeFc,Standard,8.5,9.0,
XcQ9yHiE_qk,Reaction,2.5,0.0,
jxcplJIQpCE,Standard,-1.0,6.0,
f7XEHVWM9Ns,Standard,-1.0,-1.0,
F7mk77vbe7w,Standard,8.0,9.0,
GGlzqGH_dMg,Standard,7.5,7.5,
8ab0IK6Zy6o,Reaction,7.5,6.0,
Os304xCb6Yc,Standard,3.0,9.0,
yhfk-cknMzk,Standard,-1.0,8.0,
PyA2MqN8ZCA,Standard,8.5,2.5,
pYXWfjWGRSg,Standard,-1.0,-1.0,
0W6AT6xmIE8,Standard,8.5,8.5,
BwupUR_4AcU,Standard,7.5,8.0,
Hwspek-SP40,Standard,6.5,1.0,
n_JA0Yf-T9k,Standard,8.0,6.0,
MtACTs8JvjA,Reaction,-1.0,-1.0,
gR4miOAohxk,Standard,9.0,4.5,
rHjzQKYJdjQ,Standard,8.5,9.0,
TDChw-ESnrc,Standard,7.5,2.5,
5nSYCnt0Hec,Reaction,5.0,0.0,
aX7zRnDOMbY,Standard,8.5,9.0,
24irorbd3UY,Standard,4.0,0.0,
kDZ2BhhGZBc,Reaction,7.5,7.5,
GsRukP60v6A,Standard,-1.0,-1.0,
-v0aPro6whU,Reaction,5.0,9.0,
P-i5s22xwl0,Standard,8.5,8.5,
cqj9ZVqdg6I,Reaction,-1.0,-1.0,
jb2_lAroFY0,Standard,2.5,8.0,
5E63KNpZt4I,Standard,-1.0,5.0,
MZeQeoQbFCc,Standard,-1.0,-1.0,
r2argEs9oi4,Reaction,8.5,9.0,
y6G20ppbbKw,Standard,7.5,8.5,
JvigmVwoc0w,Reaction,7.5,9.0,
6TFAWmo4CMI,Reaction,-1.0,-1.0,
GwJcNX5c3uw,Reaction,-1.0,7.5,
VJLHrosTJsc,Reaction,8.5,9.0,
pjaMSN3LL2k,Standard,8.8,8.8,
C8qFY8ETXUk,Reaction,7.0,8.5,
QpAUTHvfmM4,Standard,7.5,8.5,
c0_iXTQdyZo,Standard,-1.0,-1.0,
7iuNmCx7wXQ,Reaction,9.5,9.5,
EVAMTmvZCYA,Standard,-1.0,-1.0,
t3CHvCPiYv0,Standard,-1.0,-1.0,
1a3W4vBYuv8,Standard,7.5,8.5,
6HsV0WY4Mts,Standard,3.0,0.0,
oTx7iNf75a4,Standard,7.5,9.0,
GqY-PEZSsv4,Standard,8.5,9.0,
_xdWU_8U0hg,Standard,7.5,8.5,
g9MzfbZ-Z_M,Standard,7.5,9.0,
ecv9ULy0JhU,Standard,-1.0,-1.0,
5zJXqJCYNMI,Standard,7.5,8.5,
hm6UEeBweII,Standard,-1.0,-1.0,
WBRZ0KlBWsY,Reaction,7.5,7.5,
1gmnSTTaDtg,Standard,8.5,9.0,
64cBn4c_o3s,Standard,8.5,9.5,
427F8x9O-yo,Standard,9.0,9.5,
c1LfRJUjvTs,Standard,-1.0,-1.0,
9dd8wLJbIF4,Standard,7.5,8.5,
MpeLzjU4UOY,Standard,-1.0,-1.0,
MHrtDGDbzls,Standard,-1.0,-1.0,
llfOaabcHKM,Standard,7.5,8.0,
tZh8_0Gt8eo,Standard,4.5,0.0,
DhzLgzvfSW8,Standard,3.5,0.0,
OgdHNPyt3Qw,Standard,-1.0,-1.0,
TjVshuqcyMg,Standard,8.5,4.0,
Yyg301hjcXM,Standard,-1.0,-1.0,
E7tsRD2Qb_E,Standard,-1.0,-1.0,
JqFrW-h2Efc,Standard,-1.0,-1.0,
yEK9lx58MjY,Standard,7.0,7.5,
_04XtHgkIBc,Reaction,8.5,8.5,
rWhmNWDoH2A,Reaction,7.5,9.0,
hWomZ_37tLY,Standard,-1.0,-1.0,
QvlCqSKCDq4,Standard,-1.0,-1.0,
NYpwDM-h99w,Standard,6.0,7.0,
wMy_aLpuLWo,Reaction,8.0,6.0,
ouA_jFgoJpk,Standard,3.5,0.0,
gMHxu1V3_6g,Standard,7.5,9.5,
Tzqd_gPxXD0,Reaction,4.0,0.0,
trH2f58Ow-4,Standard,-1.0,-1.0,
wCTD4Q9gwAA,Standard,-1.0,-1.0,
VZD47Cup-1U,Standard,-1.0,-1.0,
DoA3DigoDoY,Standard,5.0,0.0,
P9tYVKcRxVU,Standard,4.0,7.5,
PuvkExJzAsc,Reaction,7.5,8.5,
re2w_QAnBc4,Standard,-1.0,-1.0,
mtZCY_x3-18,Reaction,4.5,6.5,
sxiGF7amFfE,Standard,-1.0,-1.0,
khDtna2f2PA,Standard,8.0,9.5,
4QD43DADDPI,Standard,6.5,7.5,
Rdfk_Ticxfg,Standard,5.0,0.0,
pPXHAVsn_ek,Standard,8.5,9.5,
AHW72hKJiRg,Standard,7.5,8.5,
D-w4zJs3vWY,Standard,8.5,7.5,
nA62XpWe6BM,Standard,7.5,8.5,
KJxoagpr3iI,Standard,1.5,7.0,
A-8cW8yjMtQ,Standard,9.5,7.5,
-sJEUuVfzj0,Standard,5.0,0.0,
KQ4GY7xYXkQ,Standard,7.5,8.5,
8cRUFCWonVQ,Standard,-1.0,-1.0,
Y0qpVwBDAp4,Reaction,8.5,9.5,
MXXbLYcofos,Reaction,-1.0,9.0,
z5bjHgL0A6o,Standard,-1.0,-1.0,
Ff1xeBPxVvE,Standard,8.5,9.5,
EwN6TreDooM,Standard,8.0,9.5,
IW2VIcp5uQ4,Standard,-1.0,-1.0,
_wIeYBEyPoM,Reaction,7.5,8.5,
d75EmT6UfXc,Standard,-1.0,-1.0,
ccP40Sw3hTI,Standard,7.5,8.5,
J0HYnBfBoSY,Standard,7.5,6.5,
veyXTJpjV-s,Standard,3.5,2.0,
90MPh5WsJp8,Standard,-1.0,7.5,
zloo2orYNss,Standard,5.0,0.0,
DkyXCUceJ8o,Standard,5.0,0.0,
rHc9cM2tblE,Standard,-1.0,-1.0,
Oc8d83g8CuY,Standard,9.0,9.5,
9LMyvjQG4GU,Standard,1.5,7.5,
zjHO24kD7dc,Reaction,6.0,9.0,
ExL_iG1wkF4,Standard,1.5,1.5,
hVNHpBUnXWo,Reaction,7.5,8.5,
w1FyhURrkEQ,Standard,8.0,8.5,
mx742QAqE7Q,Reaction,5.0,7.5,
g5fw1jvhoBk,Standard,-1.0,3.0,
Fi_MPgkkChk,Standard,-1.0,-1.0,
y4dHskMvGCc,Standard,5.0,0.0,
z6PX0GvD1ZE,Reaction,4.0,8.5,
1-sK0Z9HP4s,Reaction,-1.0,7.5,
XTZgxIXQwSg,Standard,5.0,9.0,
1BbSbwj2y70,Reaction,2.5,1.0,
LZ-2L-9-vug,Standard,-1.0,-1.0,
1lXyNyZsxhU,Standard,6.0,0.0,
SiDooTs2hdg,Standard,9.0,9.5,
vNzoxzmfvyE,Standard,-1.0,-1.0,
hqTOwtX64ac,Standard,7.0,7.0,
_hPsWOSC7uk,Reaction,7.5,8.5,
6RRzNxfcros,Standard,-1.0,-1.0,
sg0MkkFMlbo,Standard,7.5,7.5,
Ke_bQXIc9Rc,Standard,8.0,9.0,
t9S2YRNRlcI,Standard,8.0,9.0,
-M8rr_dxzaU,Reaction,8.5,8.5,
0gjYWjePRNE,Standard,-1.0,-1.0,
4qnXapjShJI,Standard,7.8,8.8,
0uqFSoB_bd4,Standard,7.5,5.0,
WK0aVQT6JpY,Standard,4.0,0.0,
XUSKaWfq_ls,Standard,2.5,7.5,
wKQRVbJ-DXU,Standard,-1.0,-1.0,
ZRYnC9s8B9I,Standard,8.5,8.5,
F8kTuAB4Vwg,Standard,8.5,9.5,
sUCRff1qikg,Standard,2.0,7.5,
NYck1T9bXUo,Standard,-1.0,-1.0,
r5mdR-Su5ZM,Standard,-1.0,5.0,
PYXmpI_YJbs,Standard,8.0,9.0,
FxrTRezhOAM,Standard,-1.0,-1.0,
o8WP4fvpk10,Standard,7.5,8.0,
I2kGjOELvIQ,Standard,-1.0,-1.0,
46f_naFOu5A,Standard,-1.0,-1.0,
uXKCunzCyqE,Standard,3.5,3.0,
8hVAWK56Ia4,Standard,5.0,0.0,
ewDcG4vhjx0,Reaction,7.5,7.5,
in6KI8IXegg,Standard,-1.0,-1.0,
snwO5D5OHT0,Standard,-1.0,-1.0,
j58nMMI0KAU,Reaction,8.5,8.5,
iROXa8fAotc,Standard,7.5,8.5,
E8aF69oETkw,Standard,8.5,7.5,
uYLR5h2p6kQ,Reaction,7.5,8.5,
-wSlILxJ8QE,Standard,9.0,9.5,
yjbqsV8MFAg,Standard,-1.0,-1.0,
NH8OhxybE3I,Standard,-1.0,-1.0,
eSba65fwXps,Standard,-1.0,-1.0,
J93SLC5QpdI,Standard,9.0,10.0,
vQNu7U_iUxc,Standard,-1.0,-1.0,
g3LRqvhPCmM,Standard,-1.0,-1.0,
GLmLy-6veKg,Standard,7.5,8.5,
2dubnPuy8hw,Reaction,7.0,9.0,
I-vcYjXcb08,Standard,-1.0,-1.0,
m0mzKfJ-Z0M,Standard,-1.0,-1.0,
EETwib3C69k,Standard,-1.0,-1.0,
RfPMxonOE84,Standard,7.5,6.5,
DKD-wNbEqd8,Standard,-1.0,-1.0,
bqNi8RbEFwU,Standard,9.0,8.5,
5GqdRn3XJBE,Standard,7.5,7.5,
1ySW9h8RbVI,Standard,-1.0,-1.0,
_-CE9OjZE-k,Reaction,1.5,0.0,
O1-cWis-Ts0,Standard,-1.0,-1.0,
IWoODbhsyRQ,Standard,-1.0,7.0,
Hsnp9QSDRfM,Standard,-1.0,-1.0,
QrrPTLKvl7A,Reaction,7.5,8.5,
84OpYdsy-FU,Reaction,8.5,9.0,
GABe5VSKWXI,Standard,-1.0,-1.0,
BWpF5BQzuTU,Standard,7.5,8.5,
_WXkWq5Xzgk,Reaction,3.5,7.5,
fFkUuyNgYVY,Reaction,-1.0,-1.0,
TEvedQPHjao,Reaction,3.5,1.5,
THLGsA0uHz4,Reaction,5.0,8.5,
W_d4_Fwkl1A,Standard,-1.0,-1.0,
eQMuJ_EjR5M,Reaction,7.5,8.5,
3En4VCgWbAQ,Standard,-1.0,-1.0,
z2fKM_3HouE,Reaction,-1.0,-1.0,
DUgCpS-7KPM,Reaction,8.5,9.0,
3Uhm4ox76JI,Standard,6.5,0.0,
XWFyG15J2IM,Reaction,8.5,8.5,
g9GYL9cpegA,Standard,5.0,8.5,
k1xs9gLVgaM,Standard,6.0,8.0,
zbw9cvbyQ-k,Reaction,-1.0,-1.0,
dpJfY0hpxkQ,Reaction,7.5,8.5,
tsvIutC2lBQ,Reaction,-1.0,-1.0,
BUWj4krb3JY,Reaction,1.0,0.5,
5DtWch0RhI8,Reaction,7.5,8.5,
1XvTvr6ZQtA,Reaction,3.5,1.5,
UvuUI4myyBc,Reaction,9.5,9.5,
58qNi4FlXlA,Standard,9.5,9.0,
Z17nJhZIuoY,Standard,-1.0,-1.0,
Ibrk996YQfs,Standard,-1.0,-1.0,
ygCj1UUT8mQ,Standard,7.5,7.0,
TYPHftmThk4,Standard,7.5,8.5,
qOO8clxYf9Q,Standard,1.5,7.5,
Nj6qniFa14w,Reaction,7.5,6.5,
BH4HtpsAKNc,Standard,5.0,0.0,
S4X26MEuvV4,Standard,-1.0,-1.0,
KVE6S5DPJ3k,Reaction,7.5,6.5,
DmJ-ce6m_Ew,Standard,7.5,8.5,
Kiv7iKQX_lc,Standard,-1.0,-1.0,
NM5jL4Du5tY,Reaction,8.5,8.5,
hyITPEKPhI8,Standard,-1.0,-1.0,
V_mXk5ONFAQ,Standard,2.5,6.5,
BopQz2irJPU,Standard,-1.0,-1.0,
4Zyhk69Qbf0,Standard,-1.0,2.0,
OvWLsBWn5Nk,Standard,7.0,6.5,
D_us8P2giPU,Standard,5.0,0.0,
SvtmMI6U2qY,Standard,-1.0,-1.0,
3uewqFLqXr4,Standard,7.5,6.5,
pC4WR6zMr_U,Standard,-1.0,-1.0,
jnw97ocsC4E,Reaction,8.5,8.5,
EGVPsWEAODo,Standard,8.0,8.5,
LeWcSdOSAjI,Standard,7.5,9.0,
rCrdlBM-LqI,Standard,7.0,7.5,
wDzF6DDl4rQ,Reaction,-1.0,-1.0,
ue53gaUJuF4,Standard,-1.0,-1.0,
wGxwr74jzqw,Standard,7.0,0.0,
jCpejD5kYVY,Standard,6.5,9.0,
QgIBSYKlqxc,Standard,-1.0,-1.0,
qTp8kzJGxNM,Standard,-1.0,-1.0,
P8SPchcHiZw,Standard,6.0,7.5,
8D4lkk5Ee00,Standard,8.0,7.0,
z5-kywGQLi0,Standard,5.0,0.0,
rwTFKOhFY7U,Standard,-1.0,-1.0,
b0Ss5gSNy4o,Standard,8.0,9.0,
rjF3ehkScoc,Standard,1.5,1.0,
DU1o0bDE4Ww,Standard,-1.0,-1.0,
3RK7VnBOadc,Reaction,9.0,9.5,
AdUaPY1kXok,Standard,-1.0,-1.0,
CaJSYN01QDg,Standard,8.5,9.5,
pK8sAS_aKeY,Reaction,8.5,8.5,
cGFrq0pbjIU,Standard,9.0,9.5,
-AwAkIe8CT8,Standard,7.8,8.5,
RB3_VD8GMMs,Standard,7.0,6.5,
a-7SyfSu6ug,Standard,7.5,8.0,
JZ5PQSoR0TA,Standard,7.5,9.0,
K5msQRxjKGI,Standard,8.0,9.0,
qnEEjAqIJSA,Reaction,2.5,8.5,
DjX0EUzZN_o,Standard,-1.0,-1.0,
Stp-9kO3tF8,Reaction,-1.0,-1.0,
w8978FYyYn0,Reaction,7.0,9.0,
WMYWbg_K9Rw,Reaction,8.5,9.0,
gGnupk0W1Ho,Reaction,7.5,8.5,
aOL97bYaC10,Standard,6.5,0.0,
bPpIPFxpQ44,Standard,-1.0,-1.0,
dokg4-svWmU,Standard,7.5,9.5,
wTVi_yx3UsA,Standard,-1.0,-1.0,
2goeM8xNRVQ,Standard,7.5,7.5,
CvBHtNwDuBw,Standard,8.5,7.5,
4rAd52JNO6Y,Reaction,-1.0,-1.0,
CpVeqyZveqw,Standard,7.0,0.0,
-c5l3q1vSto,Reaction,7.5,9.0,
6pYts1xoydA,Standard,5.0,9.5,
2S2iRgvinp0,Standard,-1.0,-1.0,
t9bcI4W071Q,Standard,-1.0,-1.0,
9NZPXioy0jc,Standard,7.5,8.5,
uMD7DwPj_MM,Reaction,2.5,0.0,
7_vo1rFiOvQ,Standard,7.5,8.5,
NdE6efyt1Zs,Standard,8.0,8.5,
omXNC5kTFls,Standard,7.5,6.5,
uYuTiPtyg9w,Standard,8.0,8.5,
SeVsfaQsvhA,Standard,7.5,9.0,
rfTFL9vzYJs,Standard,-1.0,-1.0,
nXHLJmlxFiM,Standard,5.0,8.5,
kx3lO45IDE8,Reaction,-1.0,-1.0,
lmNXwR512VE,Reaction,7.5,6.5,
gIrKEY0sZ9M,Standard,-1.0,-1.0,
brLedjJy4iQ,Standard,5.0,0.0,
DMdz5rSeNwI,Standard,4.5,0.0,
Rm28ZSsxhf8,Standard,5.0,0.0,
j_j2-IOdyHo,Standard,7.0,9.0,
eMlxyv5CcvE,Standard,5.0,0.0,
hJJExK8zX6Y,Standard,-1.0,-1.0,
6ZohNb6zMWM,Standard,3.5,0.0,
CFZQ_ZHcmpw,Reaction,-1.0,-1.0,
73MeMICH0mM,Standard,-1.0,2.0,
0J37dGZW9s8,Reaction,6.0,8.0,
vNyvgevhGwk,Standard,7.5,9.0,
B3Jxi5tynbs,Standard,-1.0,-1.0,
-jgsmEh7CTs,Standard,7.5,8.5,
RgFGsTMGUuw,Standard,4.0,7.5,
XOumV_3QPLU,Standard,8.0,8.0,
Q_Vv2frgHc8,Standard,8.5,7.5,
_hKYWAyAw-E,Standard,-1.0,-1.0,
nuwUtWyXb9g,Standard,-1.0,-1.0,
89pOGIgO3Vw,Standard,5.0,0.0,
98984HclyY4,Standard,7.5,4.5,
ymjPWM9aCDI,Standard,5.0,0.0,
4oFzLdYk6hU,Reaction,8.5,8.5,
VRuZOyc5gd8,Reaction,-1.0,-1.0,
q-ifou1ctRA,Standard,6.0,0.0,
szwkWR1ygro,Standard,7.5,0.0,
WxJfqDI2ORU,Standard,6.5,7.5,
nTNg1RbA1Jc,Reaction,9.0,9.5,
sKWVNy_CpgY,Standard,8.5,9.0,
ZVIRMjg6W5k,Standard,6.5,5.5,
rpIzAlcgobI,Standard,-1.0,-1.0,
DU94CAD6ptM,Standard,7.5,6.5,
MUQEPAFDF-k,Reaction,7.0,8.5,
sOMqlOlP99o,Standard,-1.0,-1.0,
to7fBc-Zpq8,Standard,-1.0,7.0,
7OC0dfV5dVs,Standard,8.5,9.0,
74H6KbqPzb8,Standard,-1.0,-1.0,
F_mjJlq0-7I,Reaction,8.5,8.5,
ca8HX5NeISw,Reaction,5.5,0.0,
1yKyq3OlpeE,Standard,-1.0,-1.0,
D4W3iOo2PZI,Standard,-1.0,-1.0,
MeA9ZGV0g9I,Reaction,-1.0,-1.0,
6ZdHXvVhGfs,Standard,-1.0,-1.0,
-AGVAbzeSjw,Reaction,4.5,0.0,
wWFrXRCnnLM,Standard,8.5,9.5,
O6OuFKvNIhs,Reaction,8.0,9.0,
gbuqKRw3wW0,Reaction,-1.0,0.0,
kuk2YQ9PtUQ,Standard,1.5,6.5,
NYDKRhbQb-0,Standard,-1.0,-1.0,
VeUirWbdQxI,Reaction,8.5,8.0,
d1hjAg2lBew,Standard,8.5,9.5,
F-y18BlD3k4,Standard,6.0,4.0,
jJCpMiUHfIA,Standard,6.5,7.5,
zCb2X_eoioU,Standard,7.0,7.0,
wQInDntqvcw,Standard,7.5,7.5,
f-RT_XHcXAA,Standard,3.0,7.0,
pH-LlSOvvcE,Standard,2.5,2.0,
Kg1QmY9B5c0,Standard,8.5,9.5,
PXppMG_WK4U,Reaction,7.5,9.0,
I-DVPYExMRg,Reaction,7.5,8.5,
rdJvStHP4Cw,Reaction,8.0,9.0,
MsvA3QT1I98,Standard,5.0,7.5,
40y3Vn8qp-c,Standard,8.5,9.0,
W0jMgpRzINE,Standard,6.5,7.5,
CuMkQc0fXKA,Standard,9.0,9.5,
F54j_ACxLVY,Standard,-1.0,-1.0,
EY1N1at4CkU,Standard,-1.0,7.5,
5BawEl5hadE,Standard,8.5,8.5,
8sYzQsq7JCQ,Standard,6.5,8.5,
FV7Z3UpAyrs,Standard,5.0,0.0,
zfkxcyDwlkY,Reaction,7.5,9.0,
qh5E41TcO_k,Standard,7.5,9.0,
sJ4DMfdG4pY,Standard,5.0,8.5,
16VS1Bms1gM,Standard,-1.0,-1.0,
95oGJ8Co0Dg,Standard,-1.0,-1.0,
oFLnQkBYNkQ,Reaction,5.0,0.0,
5ROaVFM6Ih8,Standard,-1.0,-1.0,
lKaYixyCQtY,Standard,-1.0,-1.0,
405FaZcw5BY,Standard,7.0,2.0,
IuJjLJ5oARA,Standard,-1.0,-1.0,
3VqHI7NFV7o,Standard,6.5,6.5,
x9-XuOqzY1g,Standard,9.0,9.5,
Rh9qIYQaky8,Reaction,8.0,9.0,
7zHY72A4O2U,Standard,-1.0,-1.0,
AYV08L6wUBA,Reaction,7.5,7.5,
_J_B8Z3_Aao,Reaction,8.5,8.5,
kVZH3S1HQMk,Standard,-1.0,-1.0,
bmc1Xoly76A,Standard,7.5,8.5,
cNT65tsBRDY,Standard,-1.0,-1.0,
74rPdJXJ-NQ,Reaction,-1.0,-1.0,
5AlVxAIfogU,Standard,-1.0,-1.0,
iLCi_FTIL0I,Standard,-1.0,-1.0,
2GXXH3gdLpc,Standard,8.5,9.0,
AltKfXGxaag,Standard,-1.0,-1.0,
AZhnLHDVAaI,Reaction,7.5,8.5,
FClp-FR30MY,Standard,5.0,7.0,
-nkqBOGhS0o,Standard,7.0,4.5,
CoB1kU9d_N4,Reaction,6.5,6.5,
vlRCapT_D1Y,Reaction,8.8,9.5,
FXmv5y3dzsw,Standard,1.5,0.0,
EwP16c2dcE8,Standard,-1.0,-1.0,
snOlo4ldPnU,Standard,-1.0,-1.0,
8k8O8H-Bjtg,Standard,-1.0,-1.0,
SjCBTo3rHj4,Standard,-1.0,-1.0,
-JhWiz1bHSI,Standard,-1.0,-1.0,
Gsjd5Yw4G7g,Standard,-1.0,-1.0,
95GDuMQwAeg,Standard,9.5,0.0,
UxNqdvA4unY,Standard,2.5,3.5,
7urb7EqWUfc,Reaction,9.0,9.5,
K5z5ILRaulA,Reaction,7.5,7.5,
m3HWPAcZa7E,Standard,2.5,6.5,
VHweHOSGJ7M,Standard,-1.0,-1.0,
VAsW1s9SBag,Standard,-1.0,-1.0,
f-cYm4-nEGM,Standard,7.0,7.0,
ocnwalyX2Vs,Standard,9.0,7.5,
7VwP1cONjDk,Standard,7.5,8.5,
E46u6TV7tZo,Reaction,-1.0,8.0,
o7dvtVsCNNk,Reaction,5.0,0.0,
aaWGSWyh8Lc,Standard,-1.0,-1.0,
ds3i-xjipmw,Standard,-1.0,-1.0,
BW-xpcUap8M,Standard,5.5,6.5,
qQgQSq9qMJY,Standard,6.0,7.5,
7pTXyP9AnAE,Reaction,8.0,8.0,
C3lEFKc_8Xk,Standard,8.0,9.0,
r_5sH5Po5f8,Standard,-1.0,5.0,
94bLTvPCY9A,Reaction,7.5,7.5,
s6AUCILmIIc,Standard,7.5,8.5,
rM1x92xbpA4,Reaction,-1.0,-1.0,
Qb2LLV8Flqk,Standard,8.5,7.5,
AxODDQG4G0A,Standard,-1.0,-1.0,
OvM35Df5HWU,Reaction,6.5,8.5,
BEEai-BwsrM,Reaction,7.5,8.5,
hvgSetkfxtQ,Reaction,7.5,8.5,
2n8ElXerwfA,Reaction,4.0,8.5,
H4NGKRvTjho,Standard,-1.0,-1.0,
OLLqyutK9J8,Standard,-1.0,-1.0,
Q2JGMMWK1ec,Reaction,8.5,9.0,
Yct0srMzrYs,Standard,6.5,6.0,
6mLCHGuu5nw,Standard,3.5,6.5,
6SccZyIsBoY,Standard,-1.0,-1.0,
gqL6-8_Q8UQ,Standard,-1.0,-1.0,
tR1c_lw0UzQ,Reaction,8.0,9.0,
WipNJdcH5Bs,Reaction,7.5,8.5,
lbON3KPWzlQ,Standard,-1.0,-1.0,
DmWGKYzLxdU,Reaction,6.5,8.5,
OLSu5KioDEE,Standard,5.0,0.0,
UDbtp5s7VUc,Standard,-1.0,-1.0,
vW6LXDzgAKU,Standard,3.5,0.0,
ygKZ68t3s8E,Reaction,7.5,8.0,
AXn4zwsb3Ao,Reaction,8.5,9.5,
BwyimOCiyzA,Reaction,5.0,0.0,
pbsuVoAQwrE,Standard,-1.0,-1.0,
eIKlIsSGiA8,Reaction,6.8,7.0,
r7RSEfWno_Y,Standard,-1.0,-1.0,
O3ulzQ4o48Q,Standard,8.5,9.0,
gRR6FroGVhk,Reaction,5.0,4.5,
x7BqUFK22XM,Reaction,5.0,0.0,
cGF5_H9aGWc,Standard,8.0,7.5,
zR2-M-LI-Jk,Standard,9.0,0.0,
wJKXNTjgkCY,Reaction,-1.0,-1.0,
zpgr-IHOLsg,Standard,-1.0,7.0,
ap006mmHtxM,Standard,-1.0,6.0,
kDHK1h1IOGA,Reaction,8.5,7.5,
BWP-_7K08SY,Reaction,7.5,7.0,
5Za19GbZhok,Reaction,8.0,7.5,
WLz_e6HnsaM,Standard,8.5,9.0,
OWDGWch67Rw,Standard,-1.0,-1.0,
jLlS4nr4bgI,Standard,-1.0,-1.0,
QtcyKodAnCI,Standard,6.5,8.0,
J6rpiZ-WxCc,Standard,7.5,8.5,
xEheQ230M-Y,Standard,8.0,9.0,
Vj1KdR1nzj8,Standard,-1.0,-1.0,
SYrXOCKGb0o,Standard,-1.0,-1.0,
rVSJCnOL9kI,Standard,-1.0,-1.0,
6JVLz9lYbOo,Reaction,2.5,0.0,
AQfWtJ_d3K8,Standard,7.5,8.5,
fOcpkNve-SE,Standard,8.0,9.0,
u30leFzId3M,Reaction,8.0,9.0,
ynuq9lzansY,Reaction,1.5,8.5,
SDQiyAhL5Cg,Standard,-1.0,-1.0,
wgv7yrRx_3Y,Reaction,8.0,7.5,
fM7U9xgRUMg,Standard,-1.0,-1.0,
3RswtfcHw74,Standard,8.0,9.0,
TjwjATf9KdE,Reaction,-1.0,-1.0,
SU7stuDgewY,Reaction,2.0,8.0,
-aod9eBuBZU,Standard,7.5,9.5,
T9jKZerq2po,Reaction,8.0,9.0,
VwwC1YRBHK4,Standard,-1.0,6.0,
vgBO_Ona5kU,Standard,-1.0,-1.0,
ZZTcnw0Ace8,Reaction,-1.0,-1.0,
vWNT1M4b7O4,Standard,7.5,8.0,
yurNP9kCqM8,Reaction,8.5,9.0,
0Fj0DLYMCZE,Standard,-1.0,-1.0,
O7tnszXrExQ,Reaction,2.5,1.0,
knHMZqWapsc,Standard,4.0,0.0,
i6w7dFXhXRQ,Standard,8.5,7.5,
Xhi_gzekxts,Standard,9.5,9.5,
1Jyph_AeZss,Standard,-1.0,-1.0,
lbwaB-Dms_8,Reaction,7.5,8.5,
wf07cz9_9hY,Reaction,6.5,8.5,
QFSO7g_WZlE,Standard,-1.0,-1.0,
JSuXtJqVOic,Reaction,9.0,9.0,
us3BrPoDSCo,Standard,7.5,7.5,
4SVSwT3W0TA,Standard,8.5,8.5,
BJc7Q7WbDf4,Standard,8.5,9.0,
WhdqBYR0Qv4,Reaction,8.0,8.5,
UebyvSJFtTQ,Standard,8.5,9.0,
tvCO5YYZ6sw,Standard,9.0,9.5,
Z3OT6uiWzR0,Standard,-1.0,-1.0,
95nEyZuVGZM,Standard,3.5,0.0,
iFerrtNdDO0,Standard,3.5,9.0,
r29hlGvckzw,Standard,7.5,6.5,
4hIjghCvS4c,Standard,7.5,8.0,
ou7ihODA4e0,Standard,8.5,8.5,
nWmT3zv5lP8,Standard,7.5,7.5,
7ZZVZD2qEfI,Standard,5.0,9.0,
3C_u0CsrMSQ,Standard,5.0,2.0,
yAKvo8h1q_U,Reaction,7.0,8.5,
ra68vR4P9eQ,Standard,7.5,6.5,
HDF3Z0zpgFk,Standard,7.5,9.5,
rbK44wtz1Ss,Standard,8.5,9.5,
zF_2B_SQE50,Reaction,3.5,6.5,
Ps0YxJawwps,Standard,-1.0,-1.0,
NXd0wEnzZxI,Reaction,7.5,6.0,
qIbif2EwVY8,Reaction,5.0,9.0,
hXmyr_jd3tg,Reaction,6.5,8.5,
4GddOwwyK5w,Standard,8.0,8.5,
NebVzhlo3iE,Standard,7.5,9.5,
U4mG3FKj9WU,Standard,-1.0,-1.0,
04ZBZd5MGrU,Reaction,9.5,9.5,
CJThymrl9eU,Reaction,-1.0,-1.0,
b862R5WFxA8,Standard,7.0,8.5,
ECVGNTGL9A8,Standard,-1.0,-1.0,
huNtsXsupeM,Standard,8.0,9.0,
LbxAt7vT464,Reaction,8.5,9.0,
7zetHHfHFIA,Standard,-1.0,-1.0,
cMhdP0YnzxU,Reaction,7.0,8.0,
rT0UyZE2Tyk,Standard,-1.0,0.0,
BkPbqYT9O6o,Standard,7.5,8.5,
Ev-OLixP7Iw,Standard,7.5,8.5,
waP8qXJrVOY,Standard,7.5,6.5,
KjXPeBbPgUE,Reaction,7.5,8.5,
erv2nupP_YA,Standard,7.5,8.5,
1EWfVDXOaC4,Standard,-1.0,-1.0,
PcyNo3lUfkM,Standard,-1.0,-1.0,
gTFZmNRaZOw,Reaction,8.5,9.0,
dFnEMCNWQ_o,Standard,-1.0,-1.0,
KqvI3ylwn04,Standard,6.5,8.5,
-K941v3fTS4,Standard,-1.0,9.0,
EkASbwLno48,Standard,7.0,7.5,
VAr8DOszoi0,Standard,3.5,0.0,
h5-OVmI4Zqc,Standard,5.5,0.0,
UVGIjXOSIhc,Standard,2.5,7.5,
KQsBD98Nb94,Reaction,-1.0,-1.0,
a-Ipun8zE_Y,Standard,-1.0,6.5,
ObW4Uyq0Cm0,Standard,6.0,0.0,
TFTilmyC96g,Standard,7.5,3.5,
_tfITZtdvyY,Standard,1.5,7.5,
_-6tF4GNdTs,Standard,-1.0,-1.0,
c-eDfgUQWYo,Standard,8.5,9.5,
I16qKVUfMpY,Reaction,-1.0,-1.0,
dyT4ZB0WgRY,Standard,2.5,8.5,
2j2OAExlUnw,Standard,7.5,9.0,
AY1h1asIQs8,Standard,9.0,9.0,
sXDBXPq_PSo,Standard,7.5,9.0,
OYrwePW43vM,Standard,7.5,0.0,
t2xwfUCSVIo,Reaction,8.0,8.5,
MDmZ9X3bxT8,Reaction,-1.0,6.0,
O6OucLbsDQw,Reaction,6.5,7.5,
UvLZv6RuFfw,Standard,7.0,0.0,
G5gshNi8C0w,Standard,-1.0,-1.0,
zHchvyJGu5E,Standard,-1.0,-1.0,
b0vqY0wKF7U,Standard,5.5,0.0,
8X4jhqQtP8g,Standard,-1.0,-1.0,
w8RzcppcjPA,Standard,5.0,0.0,
klAeWuJix5w,Reaction,9.5,9.5,
-lqAOoknm3g,Standard,-1.0,-1.0,
ct6C0m6t7RM,Standard,2.5,4.0,
pfws5eg1gcM,Standard,7.5,5.5,
rrQ-fWsCmyY,Standard,7.5,7.5,
2CyINLWejs8,Standard,-1.0,-1.0,
EeD37Z07Re8,Standard,8.5,9.5,
yl5dxIwZ52w,Standard,5.0,7.5,
Zris8IUEJfI,Standard,-1.0,-1.0,
15uHhoMAemc,Standard,5.0,7.5,
NbWbaT0F-Gk,Standard,6.0,9.0,
xdNxoVrHUOI,Standard,7.5,6.5,
2B53x5XkMQc,Standard,-1.0,-1.0,
43bQDlHZVfg,Standard,9.5,9.5,
WPgDcIYoLRs,Standard,-1.0,-1.0,
WYeGdkhYaS4,Standard,-1.0,-1.0,
AO2hZ-JilOk,Standard,9.0,9.0,
VPt-uFEvB1w,Standard,-1.0,-1.0,
0WO3IZHjGv8,Standard,6.5,7.0,
JE6eyXncLHE,Reaction,9.0,9.0,
7vM3fa6kSQU,Reaction,-1.0,-1.0,
RmBV5WJ3V18,Reaction,7.5,8.5,
_xstg96w_2g,Standard,7.5,8.5,
xYOUTAFe1e8,Standard,-1.0,-1.0,
Ifiw328D6UQ,Reaction,8.5,9.5,
wD7wvQ7trRA,Standard,8.5,8.5,
MjOCJgJTEfY,Standard,9.0,9.5,
YM-ztHSH1QU,Standard,-1.0,4.0,
elPz-cdNBBo,Standard,-1.0,-1.0,
aKzbBX3WHZM,Standard,5.0,0.0,
jnpy0ECFAaA,Reaction,7.5,9.0,
uCJu8Hxpr5I,Standard,7.5,8.5,
ULfotONdTrE,Standard,5.0,2.0,
CE_EvbG_5Yg,Standard,5.0,0.0,
_D3G8z8v1-o,Standard,6.5,0.0,
0-9HeWHyCVU,Reaction,8.5,9.0,
mqSHru1MUpQ,Standard,5.0,0.0,
igJHtsVOAiQ,Standard,7.5,8.5,
ewYs0lP5TkQ,Standard,5.0,0.0,
RPLNJCPzgWc,Standard,5.0,0.0,
4JIiSiMru-I,Standard,5.0,0.0,
QB7IHHzRR8I,Standard,5.0,0.0,
Z58QtOCL5dg,Standard,4.0,8.5,
bKHdxUQZgZA,Standard,6.0,0.0,
NhG8g3d1_HU,Standard,5.0,0.0,
HSWi6-XDxrY,Standard,5.0,0.0,
uLghF7urr_E,Standard,5.0,0.0,
-CIBLo7dVr4,Standard,-1.0,-1.0,
dClDuMYfziw,Standard,7.5,0.0,
w-PWNscrhzg,Standard,-1.0,3.0,
aLeX7ef6SXo,Standard,-1.0,-1.0,
bFeMhpb8dA0,Standard,-1.0,-1.0,
LLjJ7IcruoI,Standard,5.0,4.0,
em344kPQxdU,Standard,5.0,0.0,
lqoEK4QI-NU,Standard,5.0,0.0,
JCIFD45cbIY,Reaction,7.5,8.5,
5rEAi5BeK7k,Standard,7.5,3.5,
Ulp6IFNbF5Q,Standard,5.0,0.0,
vUPbXMrm0aM,Standard,2.5,6.5,
IxW_39yO_Ms,Standard,-1.0,-1.0,
aycJiZgMGDs,Standard,2.5,7.5,
p3kEWeKjkzs,Standard,-1.0,-1.0,
cDrtQ4Y8VWk,Standard,5.0,0.0,
u162fimnGbU,Reaction,7.5,7.5,
xNiBztLfjms,Standard,7.5,8.5,
utVaM5W24lc,Standard,-1.0,-1.0,
l4Hhcywd5ow,Standard,-1.0,-1.0,
hs5i6ewoUfU,Standard,-1.0,-1.0,
sOPz7SPDcnc,Standard,-1.0,-1.0,
vhfsF6Bo3VM,Standard,8.5,9.0,
datQ8Xi-yjg,Standard,5.0,0.0,
X3wq7xAd3Pk,Reaction,-1.0,6.5,
z79qg_YTd2M,Standard,5.0,0.0,
tXi6Ad--c-M,Standard,5.0,0.0,
eVVUCdTOKQ0,Standard,-1.0,-1.0,
LaFEOZszcn0,Standard,6.5,0.0,
JnjnytkB8jM,Standard,-1.0,-1.0,
BpZZe-sk_zI,Reaction,-1.0,0.0,
1FTQwFurM3I,Standard,7.0,8.0,
2DEoOaxVRZ0,Standard,5.0,0.0,
6pk3UE_Ttms,Reaction,3.5,0.0,
sz5hg7hwI6c,Standard,5.0,0.0,
d5hPQj19xio,Standard,-1.0,-1.0,
22BA8U9y--E,Standard,7.5,10.0,
6kUvffOx0yM,Standard,5.0,0.0,
J1Od_Zi2Vlk,Standard,-1.0,-1.0,
szfHndI4_Ps,Standard,-1.0,-1.0,
rZ-ykednksM,Standard,7.0,8.5,
fEDqj8Y1QTA,Standard,7.5,8.5,
px5TgUZ8m-Y,Standard,-1.0,-1.0,
QPK4EA03Fnw,Standard,-1.0,-1.0,
fYXlzbqGXrc,Standard,5.0,0.0,
8c8JGgLxg_A,Standard,-1.0,-1.0,
MY5N8OOf-WU,Standard,-1.0,-1.0,
n_llwH53tns,Standard,7.5,1.5,
KCXlvqlspbk,Standard,6.5,5.5,
bqdhL9Az-4s,Standard,-1.0,-1.0,
gtmuJtEkzX0,Reaction,-1.0,-1.0,
mFC7uHpfI5U,Standard,8.5,7.5,
D59tHB6zHKY,Standard,5.0,0.0,
uSpsZ7hkrEo,Standard,4.0,8.0,
gSQXw1tm5gc,Standard,-1.0,-1.0,
3ZoXqcx3Rc8,Standard,7.5,8.5,
6P01Ya3mYeM,Standard,-1.0,-1.0,
hlRq5U3Ga90,Reaction,-1.0,-1.0,
iLdTM2KROlM,Standard,7.5,8.5,
vl8YrLvloag,Standard,5.0,0.0,
QIFXLfegzkI,Standard,5.0,0.0,
bUGia5wcv88,Standard,-1.0,-1.0,
6DRtfp8tYUw,Standard,5.0,0.0,
4skjlfLvidQ,Reaction,7.5,8.0,
fjWpNIY9hnI,Standard,-1.0,-1.0,
h1G2VbhudLA,Standard,-1.0,-1.0,
QXyRarB1wDg,Standard,8.5,9.0,
qigJUc3Qr6E,Standard,3.5,0.0,
3uat5sPo0mE,Standard,-1.0,-1.0,
eTCtXnF5TjI,Standard,5.0,7.5,
9aVq4NpDhuQ,Standard,8.5,9.5,
UTnuus99IHk,Standard,-1.0,-1.0,
x0rMjwSRnk0,Standard,6.5,0.0,
J4_b-QujhxI,Standard,7.0,8.0,
FX_VdDQo9y0,Standard,5.0,0.0,
KcbH262ZlG4,Standard,5.0,0.0,
z4DRxghhMl0,Standard,5.0,0.0,
88B9OsxgbMY,Standard,7.0,8.0,
sMmSpm978f0,Standard,5.5,1.0,
RzXRL2fZoLY,Standard,-1.0,-1.0,
qf8KYkhWIyU,Standard,8.5,9.0,
Jf_WrGaPbtE,Standard,3.0,0.0,
JXdZSxHUsOI,Standard,5.0,0.0,
ee7T5s5NUq8,Standard,7.0,8.5,
DS72x7e80WM,Standard,8.5,7.5,
U9CNcPvweAM,Standard,6.0,9.0,
Qa7uXCz61yM,Reaction,7.5,8.5,
YQU-qvz6PmM,Standard,5.0,0.0,
WdgaA1y44qk,Standard,-1.0,-1.0,
t-Tg28Pm1jA,Standard,-1.0,-1.0,
5Rn6Hx-cjwo,Standard,-1.0,0.0,
ExdJy21ss-Y,Standard,5.0,9.0,
EMEKB8RlhpI,Standard,6.0,0.0,
VKQZD3DQu0g,Reaction,7.5,8.5,
r_XxoTFtJFY,Standard,-1.0,-1.0,
Im1lOviZ1dk,Standard,5.0,0.0,
mCMV17IU-BQ,Standard,3.5,0.0,
qh0misb7WEs,Standard,7.5,7.0,
-gl4RtDD8iY,Standard,5.0,0.0,
CM5xUTH1_hg,Standard,-1.0,-1.0,
DwkP97ifYdE,Standard,5.0,0.0,
Z-EGsD5V8PM,Standard,-1.0,-1.0,
zIanT4JkeP0,Standard,7.5,8.5,
CQ_FZY7oKzQ,Standard,7.5,8.5,
yI5ZB9W1-fw,Standard,8.5,9.5,
ASOP3Be-sZI,Reaction,7.5,8.0,
-857YWF90fU,Standard,6.5,5.5,
kUjbk2cSF58,Standard,7.0,7.5,
QDGEGYo4s_Q,Reaction,4.5,7.5,
arfimEl4Kmk,Standard,7.0,7.5,
T8EAgpNC0D4,Standard,5.0,7.5,
NAPyCntKTKU,Standard,5.0,0.0,
JNtl1zpvcbg,Standard,7.0,7.5,
Ct-9X_0g45o,Standard,5.0,0.0,
7bSiFWXeu5k,Standard,7.5,7.5,
fTuiIwjXQJU,Standard,-1.0,-1.0,
oQNEVp64T8k,Standard,9.5,9.5,
tcA-GCLA4dQ,Standard,-1.0,-1.0,
BTaZEBG8psg,Standard,8.5,8.5,
zKIJrCDGN9M,Standard,7.5,7.5,
Wh0jXM4tctg,Standard,-1.0,-1.0,
E3sUOJm2XTA,Standard,9.0,9.5,
mHFiG5pCIj4,Standard,6.0,4.5,
SLytH9G_DLo,Standard,3.5,1.0,
5WMyOtM-QIo,Reaction,-1.0,0.0,
wkfCefIPkUY,Standard,-1.0,-1.0,
V8nV6qKLRM8,Standard,7.0,0.0,
NgVplxFvecs,Reaction,-1.0,7.5,
FA1Fvx7fUmM,Standard,-1.0,-1.0,
RwaQSLxSh28,Standard,7.5,6.5,
YMmj7iMr3Iw,Standard,7.5,6.5,
U-N_IxY0rYk,Standard,8.5,9.0,
ndqr-KO9nPA,Standard,5.0,0.0,
dWYgcWgSsnA,Reaction,5.0,7.0,
Lpxxn0gCWV8,Standard,8.5,9.5,
hB2_X11P_6U,Standard,3.0,7.5,
i80xDiaztoY,Reaction,7.5,9.0,
gQwiYQ3iOKM,Standard,5.0,0.0,
MAKNvB0CIlw,Standard,-1.0,-1.0,
_2cdoVPjo4c,Standard,3.5,0.0,
I2nbns4NDYI,Standard,2.5,7.5,
6ub_6xZ3kR0,Standard,7.5,9.0,
fdVmzjXwCmw,Standard,-1.0,-1.0,
e9g_yM3KLeA,Standard,6.0,3.0,
u-CxidqSIgM,Standard,-1.0,-1.0,
vuy5cPZJjIs,Standard,5.0,0.0,
sZSipbbQZw4,Standard,3.5,7.5,
_yn6y-OI9tA,Standard,9.5,8.5,
C1mSwVK8l0E,Standard,7.0,7.5,
DTZ9InyC7P8,Standard,3.5,0.0,
31y5pQeFjks,Standard,2.5,6.5,
xSHNAfWjvXI,Reaction,-1.0,-1.0,
4G5WrEYjRgk,Standard,7.5,8.5,
ta6QFop2MCA,Standard,4.0,0.0,
3BBxQ2AqANs,Reaction,7.5,8.5,
_OkEL8FLeQM,Standard,-1.0,-1.0,
B-NDOTHmKtM,Standard,-1.0,-1.0,
3siWiTckv90,Standard,8.0,9.0,
jcOvLdQ505c,Standard,6.5,8.5,
ZPXSRWFwgKg,Reaction,7.5,8.5,
gJD1XN84ivk,Reaction,8.0,8.5,
_u85jr1UOdk,Standard,-1.0,-1.0,
BG5vIzgza4E,Standard,-1.0,-1.0,
l3MRU6260Yo,Standard,5.0,0.0,
9uwGX0BXA-o,Standard,-1.0,-1.0,
AcMXaf6hxAg,Standard,5.0,0.0,
Ug-3CbB8NUw,Standard,4.5,0.0,
NABPzi2i0KE,Standard,-1.0,-1.0,
oMSnNrAOn6E,Standard,5.0,0.0,
J05j_tqbnS4,Standard,8.5,9.5,
3Y1xWCCS3GA,Standard,-1.0,-1.0,
TZL0aECQuhs,Standard,5.0,0.0,
DWaBW5v215o,Standard,2.5,2.5,
W8gpRe2ipUM,Standard,-1.0,-1.0,
Ei1FzMv7K6Q,Standard,7.5,7.5,
wtEVVOnyNJQ,Standard,-1.0,4.0,
1i47h2ra5ZA,Standard,4.5,0.0,
xXEQ0p6YHGg,Standard,7.5,9.0,
K9GpobOXmYM,Standard,8.5,9.5,
GEv6T3SNbtI,Standard,5.0,0.0,
hW4dNs7Er5E,Standard,5.0,7.0,
lNCxykJZSnc,Standard,7.5,8.5,
YHNUcmA4FCo,Standard,8.5,9.0,
zbl-wlTXyu4,Standard,7.5,6.5,
rHnhUFDxcFE,Standard,-1.0,-1.0,
8v9yOFBpTs4,Standard,5.0,0.0,
QwtH_AAINgs,Standard,7.5,8.5,
pgWTAb4nU_Q,Standard,-1.0,-1.0,
enixm8Is0Vo,Standard,-1.0,-1.0,
IuwbNAVn4qw,Standard,5.0,0.0,
m0_rZDZP06c,Standard,3.5,7.5,
6CgGVNJMCj0,Standard,5.0,0.0,
wG10UdA_6IM,Standard,2.5,7.5,
G97ZJU44vTY,Standard,3.5,0.0,
T272tIpS3Gw,Standard,5.0,0.0,
OUD-qJDICa4,Standard,8.0,9.0,
2AyM8Ng_4Ws,Standard,8.0,9.5,
L68Ceia6_As,Standard,5.0,0.0,
UZV1DdRcfvg,Standard,7.5,6.5,
emwXT2E7FrY,Reaction,8.5,9.0,
1-yKiqFSqtE,Standard,-1.0,-1.0,
FjgfZH_0FcI,Standard,5.0,0.0,
kD8J99zRH38,Standard,5.0,0.0,
CMoPdRN-5vs,Reaction,7.5,8.5,
1tFj4KE3OsA,Standard,8.0,9.0,
nKlXru0h2Wo,Standard,8.5,9.5,
yQpqcrqN-gc,Standard,6.5,1.5,
WE5QqsgFkBo,Standard,-1.0,-1.0,
E_yYCPbUNLs,Standard,-1.0,-1.0,
3RitL9uUE6M,Standard,5.0,0.0,
SAQq_i8V0qs,Standard,-1.0,-1.0,
RB8D33DfGYY,Reaction,6.5,7.5,
zNGBFoQmMQs,Standard,5.0,3.5,
5_o6FLW-WvA,Reaction,7.5,8.5,
Y8eo3l38VT4,Standard,3.5,7.5,
m_r7Hm7aU3Q,Standard,3.5,0.0,
aMskNekYv64,Standard,3.5,0.0,
kWuiNuMnBJ4,Reaction,7.5,7.5,
xw5ZUqmUdAA,Standard,-1.0,-1.0,
qjqNWKo_r6w,Standard,5.0,0.0,
AsYztuWGCV0,Standard,5.0,0.0,
XKRtkITy54Q,Reaction,3.5,7.0,
ie65QZ7Gps0,Standard,8.0,7.5,
eC2KxRrivZE,Reaction,9.0,9.5,
dGW7hORWTxo,Standard,7.5,7.5,
7pcH5hdGVEk,Reaction,7.5,8.5,
pIaJKCg0klA,Standard,3.0,7.0,
K1XBtOcZlNM,Reaction,8.5,9.5,
XqUHSjR49dk,Standard,-1.0,-1.0,
NoqaJcBcmps,Standard,-1.0,-1.0,
mpBozRPcVHU,Standard,8.5,8.5,
PHZKofox0fM,Standard,7.5,6.5,
jIOGMl98KpQ,Standard,7.5,7.5,
o5DwOh9vQyA,Reaction,-1.0,-1.0,
AeM-qkDqKhU,Standard,4.0,0.0,
3DgjAzeyfbw,Standard,5.0,0.0,
1LDJK8CXMLo,Standard,5.0,0.0,
tuo2UlWigEc,Standard,5.0,0.0,
wPcPf1OloY0,Standard,8.5,9.0,
qmer40ASlDM,Standard,5.0,0.0,
c9I8jBFYZbI,Standard,5.0,0.0,
1xnBhM0zTAI,Reaction,8.5,8.5,
w0eAGZRN6H8,Standard,-1.0,-1.0,
ll66knjdhOA,Standard,2.5,7.5,
JNzNP24xzqk,Standard,5.0,0.0,
vAV8w6gm3dE,Standard,5.0,0.0,
n7HQqKY1HEI,Standard,-1.0,-1.0,
VXVnxGt34wY,Standard,-1.0,-1.0,
zUwNZpHXpKg,Standard,5.0,0.0,
rizNpU09wuc,Standard,5.0,0.0,
Wt-vh36yyUE,Standard,8.5,8.5,
TFahvveqTBM,Standard,6.5,4.5,
IqAjKcVnHl4,Standard,-1.0,-1.0,
NpIBM-gNqCc,Reaction,8.5,8.5,
xV6lnjRtORg,Standard,-1.0,-1.0,
O64GglVm8ms,Standard,8.5,7.5,
sP6PhEdPOxs,Standard,5.5,0.0,
02IO8SWqorQ,Standard,5.0,0.0,
qwvsucJ1X90,Standard,7.5,9.0,
ZODRaabFMjc,Standard,7.5,8.5,
EdI0rRmQ-pQ,Standard,-1.0,-1.0,
kG6Qz9WexX8,Standard,4.0,0.0,
de45kIKK3rk,Standard,7.0,9.0,
kN0DrzStZDc,Standard,-1.0,-1.0,
DLgeF5SaZTY,Standard,6.5,0.0,
dxYFT91L_Ig,Standard,-1.0,-1.0,
NFw4OZBnH2g,Standard,7.5,9.0,
zQmTp4v3aGg,Standard,-1.0,-1.0,
MezoGvb-EBI,Standard,7.0,7.0,
6Mi8Gp4DrXw,Standard,6.5,7.0,
4-LVN_B8Ov8,Standard,5.2,0.0,
JZuQStP7-VU,Reaction,3.5,2.5,
k11xH_a4Ado,Reaction,8.5,9.5,
-b_rKalaLYc,Standard,7.5,8.5,
Dc9LM8Z1uiE,Standard,5.0,0.0,
joTxg9vWiFo,Standard,7.0,9.0,
JaccARO3Idg,Standard,-1.0,-1.0,
z-oQhilJm8Q,Standard,2.5,8.5,
NWVRuf8eXB0,Standard,-1.0,-1.0,
Qv-hM9aF-I8,Standard,-1.0,-1.0,
w9Y9EXhe-cc,Standard,-1.0,-1.0,
8VjoX9AdGZ0,Standard,5.0,0.0,
MLaKmFxyW_E,Standard,3.0,0.5,
rLOyt2A7JAg,Reaction,5.0,0.0,
WOtlSSscS5Q,Standard,-1.0,-1.0,
s77ytz4-uWQ,Standard,8.5,8.5,
zloEeQ70c9Y,Standard,3.5,7.0,
IibpPaE1d-o,Standard,5.0,0.0,
zoG5WUeqf4Y,Standard,5.0,0.0,
s_TtaIUcPb0,Standard,7.5,6.0,
MALFwZ_FMis,Standard,5.0,0.0,
LonOPnPwIrk,Standard,4.5,0.0,
fdyHNkxbps8,Standard,4.8,0.0,
w3RSQDkQWA4,Reaction,8.0,9.0,
YGo9p-DQa7I,Standard,6.0,0.0,
onXp7ub-EdE,Reaction,5.0,0.0,
4hSCCa4wi_8,Standard,4.0,0.0,
eRzs7_TV1qk,Standard,8.5,8.5,
BftKA-5pFXY,Standard,1.5,6.5,
J97FTTVNcTg,Standard,2.5,7.5,
F4mTiXo8GGk,Standard,5.0,0.0,
fdNWG8kSoCM,Standard,4.5,1.0,
uSd3KaU69l8,Standard,-1.0,-1.0,
-kumndDo1HM,Standard,5.0,0.0,
xXqZEQNvZvI,Standard,-1.0,-1.0,
YOTC08ib4HE,Reaction,5.0,1.5,
sf6cjX7_PRc,Standard,-1.0,-1.0,
pzQVgERKFJA,Standard,5.0,0.0,
GRX3E1_VUqg,Standard,8.0,7.5,
FRSrN1GxzVE,Standard,7.5,6.5,
7OiTTbAer00,Standard,-1.0,-1.0,
0xXq37RR8ps,Standard,5.0,0.0,
Y3Ym1n2lr0w,Standard,9.5,9.0,
S_jWY92rTmI,Reaction,5.0,0.0,
u7lQdVnqRBQ,Standard,6.5,1.0,
Gh82yzj3lk8,Standard,5.0,0.0,
MqobFuVSW-U,Standard,8.5,8.5,
ul5aLg1nHKY,Standard,-1.0,-1.0,
7H6fyUNBueE,Standard,8.0,8.5,
Us7bnmiEUmo,Standard,2.0,9.0,
1PoXUs0Vf7c,Standard,4.0,0.0,
Pur-REeUsag,Standard,4.0,0.0,
K976WLrydDA,Standard,8.5,9.5,
lTfF8vjC684,Standard,-1.0,-1.0,
usdr5hRt50I,Standard,4.0,0.0,
lLgilvq-sB4,Standard,5.0,0.0,
6ixgtMXzq4s,Standard,7.5,8.5,
cBcLRJaV9zs,Standard,-1.0,-1.0,
acOrNH3btZI,Standard,5.0,8.0,
qKC03msi418,Standard,7.5,9.0,
E_ljDTRC0KE,Standard,3.5,6.5,
qrjGVG6sm5U,Standard,8.5,8.5,
pAHgl7BpKxA,Standard,6.5,0.0,
Dq0xWuhhsLg,Standard,7.5,1.0,
WuCDld2ygdA,Standard,7.5,9.0,
_TBajhxwAaY,Standard,5.0,0.0,
vTTZUk67DXI,Standard,7.5,8.5,
sP97tXeEqSQ,Standard,5.0,0.0,
U7Nxh56MVOo,Standard,-1.0,-1.0,
xay0Mih6kec,Standard,5.0,0.0,
RqzgkSyimRM,Standard,7.5,8.5,
hecKCEKagCI,Standard,7.0,8.0,
ZcmWYJSBnN8,Standard,5.0,0.0,
87GrT1QCsyA,Standard,7.5,7.5,
t8GgDdGRHQc,Standard,5.0,0.0,
06MzeE14oiQ,Standard,7.0,0.0,
hV7clAlDr1U,Standard,-1.0,-1.0,
UTlbEC97dk8,Standard,5.0,0.0,
FQ9hKVURejU,Standard,2.5,7.5,
LbfWn-zZEr8,Reaction,7.5,9.0,
krzdFuRYzYs,Standard,7.5,0.0,
Z8bv59MnBkk,Standard,-1.0,-1.0,
nOPz16wDKEo,Standard,5.0,0.0,
9aUqc2SOAuM,Standard,5.0,0.0,
YAzCiDzBpuA,Standard,7.0,6.5,
dVyCX6UqUPM,Standard,8.5,9.0,
GVkugcDzcd4,Standard,3.5,7.5,
mirX8NcpHkQ,Standard,7.5,8.5,
tX9KHOCf02U,Standard,7.5,7.5,
2Hhs6daVedI,Standard,7.5,6.5,
zGmML754wS8,Standard,7.5,9.0,
jCwGRPSaTJE,Standard,7.5,7.5,
PcvcpL59FOs,Reaction,7.5,9.0,
w4oYNrQ6lps,Standard,6.0,0.5,
uvsmBMNhs08,Standard,7.5,8.5,
x68t3aDdZDo,Reaction,8.5,9.5,
9iiEmjFbzzQ,Standard,8.0,9.0,
-1crza10xvE,Standard,5.0,0.0,
lE_27gs6tOE,Standard,8.0,7.5,
k6qJo9F0h50,Standard,-1.0,-1.0,
Uexp6WOrdyY,Standard,6.0,5.0,
YcqJiRerIIQ,Reaction,5.0,6.0,
-SqWBHIImmk,Standard,5.5,0.0,
eJ69gpwsNlM,Standard,5.0,0.0,
mLE1bRUsdYA,Standard,8.5,8.5,
g6FtdMBR-e0,Standard,9.5,9.5,
l0a_y4xYrAQ,Standard,8.5,9.5,
vn-J4kUmoGQ,Standard,5.0,0.0,
kScadBk8k78,Standard,5.0,0.0,
NmvXu_QcKAE,Standard,5.0,0.0,
BGnAJGXFydY,Standard,7.5,6.5,
jKTK4nJgQ7M,Standard,8.8,9.2,
5nZK1kBQksk,Standard,6.5,7.5,
9S2DysPHsK4,Standard,-1.0,-1.0,
QZ5OGTkeUOM,Standard,6.5,2.5,
RWmQxTXpOpg,Standard,5.0,4.0,
ixEiO9areW0,Standard,-1.0,-1.0,
MOajVnMNRbM,Standard,8.0,9.0,
TSCpeDioOX8,Standard,-1.0,7.5,
b7dEat9GMVw,Standard,5.0,0.0,
ctGESSrOQJE,Standard,-1.0,5.0,
5Ov6qZ5YDX0,Standard,-1.0,-1.0,
z5_TJc7okDQ,Reaction,3.0,8.5,
YELirXnxDcQ,Standard,7.5,8.5,
0MjYXSViva0,Standard,-1.0,-1.0,
_Lrylq-w5dA,Standard,5.0,6.0,
WYy8NdSUpyY,Reaction,8.5,8.5,
XzcTNTUQDVo,Standard,5.0,0.0,
Pm3PJ7bepYM,Standard,7.5,6.0,
cmLEH0WAeic,Reaction,5.0,0.0,
D0mMZ6BKEU8,Standard,-1.0,-1.0,
VNlJB4GynJ4,Standard,-1.0,-1.0,
_XmE1li118s,Standard,7.5,6.5,
mRLZCZzHcg4,Standard,6.0,0.0,
nTBP4dIOfuM,Reaction,8.5,9.0,
WBTUBtN38g8,Standard,5.0,0.0,
uTHmZfda4Ts,Standard,5.0,0.0,
BICTi2qC0F8,Standard,-1.0,-1.0,
SzmlSTwq87Y,Standard,-1.0,-1.0,
jUSXYLADHPs,Standard,9.0,9.5,
38gBzeJ52j4,Standard,6.5,4.0,
f4MME2pQfFA,Standard,-1.0,-1.0,
ZSHU0qwcTeQ,Standard,6.0,2.0,
Nw6qnoXUtfI,Standard,-1.0,-1.0,
05NOPK7aRCs,Standard,6.5,0.0,
s-oSvACtuRQ,Standard,5.0,0.0,
FNKbVHDatFc,Standard,7.5,4.5,
as0iVpUgAao,Standard,5.0,0.0,
dFt_hVQdxMI,Standard,-1.0,-1.0,
rvO2q357nvg,Standard,-1.0,-1.0,
aLIHVqyaz5E,Standard,5.0,0.0,
p1--Gel2ZjU,Standard,7.5,8.5,
KoBDB-N9gUQ,Standard,7.5,7.5,
qPIhzSsJrNo,Standard,-1.0,-1.0,
JhCyC8zdPOk,Standard,4.5,2.0,
cLfF6-cVzCU,Standard,3.5,1.0,
yOfVwdj3TFs,Standard,7.5,0.0,
lzCnFp1GDjA,Standard,7.5,9.0,
DxTY_6WiAMU,Standard,5.0,0.0,
6_wJ6AcWbQk,Reaction,7.5,6.5,
EplK1cEsaHE,Standard,-1.0,-1.0,
qmcrkjHdSCg,Standard,2.5,7.5,
X8gIsgSkNA4,Reaction,3.0,2.0,
-4PFl3sIRpE,Standard,-1.0,-1.0,
gZgAnOOAIzo,Standard,5.0,0.0,
wS_wW-aMuFI,Standard,9.5,10.0,
R8xNDNG21sI,Standard,-1.0,-1.0,
nxTkxMpq1oU,Standard,5.0,0.0,
otLspOQzyRY,Standard,5.0,0.0,
VVLMY3oCwZI,Standard,5.0,0.0,
ytNuueBMgoU,Standard,-1.0,-1.0,
-Dc_H4nCFMk,Standard,5.0,0.0,
uR_SmNEYU-c,Standard,5.0,0.0,
N_DPdPkVtLU,Standard,-1.0,-1.0,
YRaz05-_iPs,Standard,-1.0,-1.0,
DTdudeRMnJ8,Reaction,8.5,9.0,
a6QypyylCE0,Standard,5.0,0.0,
n94-h4uQxgQ,Standard,7.5,8.5,
jurT4bOWY5I,Standard,-1.0,-1.0,
Ejmwph9TdyQ,Standard,-1.0,-1.0,
d9bGqNQAMWA,Standard,7.5,9.0,
vyl2yEBlAOQ,Standard,4.0,1.0,
z37nf0UWdqM,Standard,1.5,7.0,
y2cJBWWfHBc,Standard,-1.0,-1.0,
0Bm6EHJAjKQ,Reaction,-1.0,6.5,
ri-l1u2H-JY,Reaction,7.5,7.5,
EK8Rg11L6bs,Standard,7.5,7.5,
WNCdIXu-OBU,Standard,3.5,0.0,
vf8mJk2tXhU,Standard,5.0,0.0,
q9IZkDk6N0M,Standard,5.0,0.0,
AZJthQK3WuM,Standard,-1.0,-1.0,
gjgXcvcuZJs,Standard,5.0,0.0,
q1Zeij_UWmA,Standard,9.0,9.0,
iHwoXRIoBak,Standard,-1.0,-1.0,
kAf3YCtJRtU,Standard,7.5,1.5,
pGHIF4k4IdU,Standard,3.5,1.0,
KsBOWbPEBlE,Standard,5.0,2.0,
Ub3F6n4LyjM,Standard,7.5,1.0,
vOTZWvmczj8,Standard,7.5,6.5,
aEEizQ3EKi0,Standard,5.0,0.0,
viUdbnRUdeo,Standard,9.5,9.5,
CB7vFO9Ygzk,Standard,5.0,0.0,
vO6aQHQUFoA,Standard,7.5,9.0,
kTV0OzR2RYw,Standard,3.5,4.5,
ni3YBG3raYI,Standard,5.5,0.0,
KldJ4APflxs,Standard,-1.0,-1.0,
4cH6ma3ct1s,Standard,8.5,9.5,
6qKkSqe9bls,Standard,6.5,6.0,
YIs1bWyXjiQ,Standard,7.0,7.0,
9JBKgyhGqZ0,Standard,2.5,1.0,
2_jbEnIGD3g,Standard,8.5,9.0,
0AOMiIVaSTA,Standard,9.0,9.5,
FiLkMPe--jc,Standard,5.0,0.0,
pWtmBuUXjhQ,Standard,5.0,0.0,
NqOozMzvZcU,Standard,-1.0,-1.0,
4mekw4U1vDI,Reaction,7.5,6.5,
p-eRtLirnfo,Standard,8.5,9.0,
2j8MujGEAw4,Standard,5.0,0.0,
C3TbEF2dVBQ,Standard,3.5,4.0,
ub5EmYl0MKE,Standard,8.5,9.5,
hivdxiCb2js,Standard,5.0,0.0,
nz2ipjC9L9E,Standard,8.5,9.5,
huQDpyVTrRk,Standard,6.5,4.5,
rn1Dvmb4ZwI,Reaction,9.0,9.5,
ONJw-fpGxgM,Standard,5.0,0.0,
TtCHilm4yCg,Standard,-1.0,-1.0,
Ss-iUEWY3do,Standard,5.0,0.0,
NRHn1dqt864,Standard,-1.0,-1.0,
TA3mNFPdKeM,Standard,5.0,0.0,
T-0t7BTfoLI,Standard,3.5,0.0,
vnHpx_F_7b8,Standard,-1.0,-1.0,
9CE-8c2lWM8,Standard,7.0,6.5,
QMHSZ6fWYIw,Standard,-1.0,6.5,
3zcDCGuHP4I,Reaction,1.8,7.5,
21DC0IubdEc,Standard,5.0,0.0,
G-CFKL813Zo,Standard,7.8,7.2,
DrsaB6rfiEg,Standard,5.0,0.0,
hd9yc_8ILUY,Standard,9.0,9.5,
l_s-nEVHugk,Standard,7.0,0.0,
vGkyd9HXLNU,Standard,5.0,0.0,
8Y9fjDhIpWA,Standard,5.0,9.5,
9yenMPc_nE8,Standard,5.0,0.0,
2YhQZuybLJo,Standard,5.0,0.0,
sGX4VZHrrNI,Standard,5.0,0.0,
ZeFWn6j8aMA,Standard,5.0,0.0,
QMakp6i_xSo,Standard,7.0,7.0,
2K51Jfu1P24,Reaction,5.0,0.0,
yPt6h0UtOI8,Standard,-1.0,-1.0,
h5-FYX7L7a8,Reaction,-1.0,-1.0,
MiIbnaNMfjI,Standard,4.0,4.0,
9-qniDJorrg,Standard,-1.0,-1.0,
PB630M9wKDk,Standard,7.5,9.0,
S_tG93V6c54,Standard,8.0,7.5,
DhaZsgaZuLk,Reaction,-1.0,-1.0,
ajP78C83f3E,Standard,7.5,7.5,
kj6-AsZK1iw,Standard,8.5,9.5,
HvQWbl400oI,Standard,8.5,8.0,
kBsxFDkJ5lU,Standard,7.5,6.5,
KKB1OqJXRIA,Standard,-1.0,-1.0,
tqUD5X9GSLQ,Standard,8.5,8.5,
aFa4u8-zRnI,Reaction,7.5,8.5,
Ve3237dLaBk,Standard,7.5,8.5,
wC7YhFoTPC0,Standard,-1.0,2.0,
6uoDxRlLAJk,Standard,4.5,0.0,
e93l7SL6lkg,Reaction,3.5,0.0,
lfDMBAIfzJg,Standard,3.5,0.0,
pSRBC3UhhUY,Standard,5.0,0.0,
ow7cItNFEN4,Standard,-1.0,-1.0,
haiBdRKdnmY,Standard,-1.0,-1.0,
EjDbmPBNGcY,Standard,8.5,9.0,
dN5iVXSa3tU,Standard,-1.0,0.0,
EQ_SjcanahM,Standard,-1.0,-1.0,
FYQelorzQI4,Standard,8.5,9.0,
fyIG3oEV_tA,Standard,5.0,0.0,
5_rq1peQ4ME,Standard,-1.0,-1.0,
CT0z_AFcerQ,Standard,-1.0,1.0,
WAjl0SzUUU4,Reaction,8.5,8.5,
1zjI7Lkd6EE,Standard,5.0,0.0,
VyVsvRl6X_w,Standard,3.5,8.5,
YIQmFUDvcKA,Standard,1.5,7.0,
dgqRHtYbRWA,Standard,-1.0,-1.0,
UpFNNHwnkkQ,Reaction,-1.0,-1.0,
jiT41HmBrOo,Standard,7.5,8.5,
pCidxUMq8jc,Standard,7.5,9.0,
I-KsYHZFZ6U,Standard,3.5,0.5,
tutjS9ACbtM,Standard,8.5,9.0,
32DEbE5mhcM,Standard,5.0,0.0,
ANxDC8m_5WE,Standard,-1.0,-1.0,
oh0NCZrysyk,Standard,-1.0,7.0,
FAoG-T7jIgM,Standard,2.5,6.5,
S1YDTN7giOo,Standard,5.0,0.0,
xJlPjY0KTTs,Standard,3.5,0.0,
Stpw4D9lqOM,Standard,-1.0,-1.0,
WlYAcaJGOxk,Standard,5.0,7.0,
a7zd7yt8HVg,Reaction,-1.0,-1.0,
76oU998va7Y,Standard,-1.0,-1.0,
olJ1VEiYz-w,Standard,8.5,9.0,
qpkW_a7JAX0,Standard,7.0,5.0,
HOPkvegg_8U,Standard,-1.0,-1.0,
axjA9Og3UaU,Standard,6.5,7.0,
FDgHSRn9KDA,Standard,1.5,0.0,
W2g4NwAOfws,Standard,5.0,0.0,
wwcKGNqXiJk,Standard,5.0,0.0,
nrBqv61OSwo,Standard,7.5,8.0,
abJ1mDJRGOE,Standard,7.5,7.0,
qkj2OrI75EM,Standard,4.0,0.0,
wg7p7Ssuikk,Standard,6.5,0.0,
mTMk4g0-loA,Reaction,-1.0,-1.0,
0IKmQkbMH8o,Standard,7.5,9.0,
hZ-wnFc8S78,Standard,5.0,0.0,
aKN4nP51fA4,Standard,-1.0,-1.0,
bdw1lrClxFQ,Standard,5.0,0.0,
H985Unw-5XE,Standard,-1.0,-1.0,
oipt-fsIcLI,Standard,5.0,0.0,
V1tb4lyi3-4,Standard,2.5,0.5,
1aUrG3mUgKo,Standard,5.0,0.0,
Cv-V24irbbQ,Standard,-1.0,-1.0,
Num8IkyUOik,Standard,6.5,9.5,
CQ2UbI-XsF8,Standard,5.0,2.5,
0cSMCbszi1c,Reaction,-1.0,-1.0,
V8CbUNJmi3U,Standard,5.0,0.0,
5VPrfwletNY,Standard,5.0,0.0,
RtSLzBZE9xs,Standard,-1.0,-1.0,
WVLYh99-99E,Standard,5.0,0.0,
5jW3JK4k0do,Standard,5.0,0.0,
vj0CFeiXv60,Reaction,7.5,8.5,
W2kxyyfp9tc,Reaction,-1.0,-1.0,
hKo27QIn4sU,Standard,7.5,2.0,
P5drv9c5WEc,Standard,9.5,9.5,
QxsMGME9Prk,Standard,7.5,8.5,
swsl78v8UDE,Standard,5.0,0.0,
UkYPGz_M-pE,Standard,7.8,8.8,
-QfiLtzKRwM,Standard,5.0,0.0,
P1SzUN22UaE,Standard,5.0,0.0,
cFk1XrGWFBU,Standard,-1.0,-1.0,
HS9oHXqVv98,Standard,6.5,3.5,
FlU7fYo0i5Y,Reaction,6.5,7.5,
Ldde9gNUrzU,Standard,3.5,0.0,
TWPMaex2e9E,Reaction,-1.0,9.0,
cD75WRih66E,Standard,8.5,9.0,
7cmwRDa-ako,Standard,-1.0,-1.0,
fcuGmxjl99Q,Standard,2.5,9.5,
vpR1A07sQPw,Standard,-1.0,-1.0,
e8IXcEvTWFE,Standard,5.0,0.0,
Q8rC9esHQhQ,Reaction,3.5,8.5,
qGYHHzEupdQ,Standard,8.5,9.0,
zTmsrpGtfSE,Standard,4.0,0.0,
EDom2Cta9Yg,Standard,8.5,9.5,
vbwrgYAbwIA,Standard,-1.0,-1.0,
-JWVJw5F41M,Standard,9.5,10.0,
rtsD5woBhdE,Standard,-1.0,-1.0,
OO6SEYvhgkU,Standard,5.0,0.0,
tz76TWJHH5Y,Standard,-1.0,-1.0,
fes-YumElvI,Reaction,2.5,7.5,
oFWtdM4gmLU,Standard,-1.0,-1.0,
PsN5w-ofD7E,Standard,-1.0,-1.0,
wNkQ1SMLo9U,Standard,-1.0,-1.0,
7P_NyineH-Y,Standard,5.0,0.0,
KH92x-s6Lcg,Standard,4.0,0.0,
-PkaDFQz4lA,Reaction,5.0,0.0,
eTwfEAQq_RA,Standard,4.0,0.0,
4dRuut-ZDig,Standard,7.5,8.5,
CrKPOfwi-is,Standard,7.0,9.0,
zpvCZP1prnc,Reaction,6.0,0.0,
oBfTNfIw-54,Standard,-1.0,-1.0,
tIqjZRvlLzA,Standard,-1.0,-1.0,
n9vtI5f71rI,Standard,5.0,0.0,
gQkAUaGZ8iA,Standard,5.0,0.0,
_Zmj6vuK5_c,Standard,5.0,0.0,
Woo0OKhW6CA,Standard,-1.0,7.0,
L01ph85gXqU,Standard,9.5,9.5,
9-bn0ItYZJQ,Standard,-1.0,-1.0,
z5COau2YwLU,Standard,8.5,8.5,
m7yf2nEPRuw,Standard,-1.0,-1.0,
vBoid5ygeQY,Standard,7.0,1.0,
OmUzFAr4z6A,Standard,5.0,0.0,
MgIfwc_esEg,Standard,2.5,7.0,
t9EJcTZQzVA,Reaction,-1.0,-1.0,
1UzDVItcQUg,Standard,3.5,0.0,
HixDbtB2LZ8,Standard,5.0,0.0,
JPnoVcnLL-o,Standard,-1.0,-1.0,
eyuBxjb5xjc,Standard,8.5,9.0,
Qdi2hJ0PhMA,Standard,7.0,8.5,
ses4U2pb2l4,Standard,2.5,2.0,
brxRZ_U9oqo,Standard,7.0,0.0,
704sTp48fSM,Standard,-1.0,-1.0,
bVgEuhN2mw4,Reaction,7.5,9.5,
wGb5OVzVAcE,Standard,-1.0,-1.0,
8cEMdvEWWoY,Standard,-1.0,-1.0,
x3VA4ZrziOw,Standard,6.0,8.5,
BTTvv0nJDeo,Standard,5.0,0.0,
Uj9Ur7vqR8E,Standard,5.0,3.0,
CAz3Y-a6jME,Standard,8.0,9.0,
Jo3tHCkoxKE,Reaction,-1.0,-1.0,
zh8sQSG5H6k,Standard,-1.0,-1.0,
3MK6lBcss8k,Standard,3.5,0.5,
VMSO_uJ_cuA,Standard,5.0,0.0,
_SgJXRYEwQI,Standard,8.5,9.0,
IJRNe8CqF7Y,Standard,8.5,8.8,
dKhXiqTHX8w,Standard,-1.0,-1.0,
aKbkyueaVy4,Standard,8.5,9.0,
fjGXVmv1Uzc,Standard,6.5,8.5,
ib15XPm7QvQ,Standard,3.5,4.5,
2ldcD5CFwLI,Standard,5.0,0.0,
arIySRxV6TI,Standard,5.0,0.0,
7rB5VuVqMSc,Standard,-1.0,-1.0,
rZwpx_a5j10,Standard,8.5,9.5,
h0KhNy44gUc,Standard,5.0,0.0,
t9Ts6JLthZ4,Standard,-1.0,-1.0,
0ipsUlY4UaY,Reaction,5.0,0.0,
Hwrd6sXifMQ,Reaction,7.5,8.5,
GqYQe6u1ZXw,Standard,4.0,0.0,
lDfPpn3u3og,Standard,5.0,0.0,
Sw4JpRviGew,Standard,-1.0,-1.0,
0KBfz3vWJFQ,Standard,-1.0,-1.0,
fhbT5nEYtGw,Standard,5.0,0.0,
_OtNSU5tI7k,Standard,7.0,2.5,
FrOG3ysLT4s,Standard,-1.0,-1.0,
8aTM8pw97iA,Standard,-1.0,-1.0,
bhJAXd6sEPg,Standard,4.8,0.5,
JFfvVy-N36o,Standard,8.5,9.5,
cgxMq50JhQA,Standard,7.5,7.5,
KNg9w975Djc,Standard,5.0,0.0,
WzYd0-JAsXw,Standard,-1.0,-1.0,
V841b7QFPD0,Standard,5.0,0.0,
jPCc1fOvIWg,Standard,8.0,9.0,
UvHK-5PfZFo,Standard,-1.0,-1.0,
LawLLai614M,Standard,2.5,6.0,
KTVNYWvQxdA,Standard,-1.0,3.0,
VXUh5YTGAQI,Standard,7.5,7.0,
GbeFgEY4_Us,Standard,-1.0,-1.0,
A4SQekfKapE,Standard,5.0,0.0,
1TIMM3BSF5Y,Standard,-1.0,-1.0,
GZ1GiyV_1JI,Standard,6.0,8.0,
jzse8Fk-CeI,Standard,5.0,0.0,
btQwRHrsBVo,Standard,7.0,0.0,
A_f-WseXzc0,Standard,8.5,9.0,
7lIgOgWdrtM,Standard,8.5,9.0,
3QWbyAAePgk,Standard,6.5,6.5,
pGMCAYIru30,Standard,-1.0,-1.0,
XFqbdTWXSEc,Standard,-1.0,2.5,
u9xvQhztlbg,Reaction,8.5,9.0,
8Vg3lEVBfUI,Standard,8.0,9.0,
hACt2W1SLj0,Standard,3.5,0.0,
eisuW3FKJzk,Reaction,8.5,9.0,
qx9LuuwVthQ,Standard,-1.0,-1.0,
Wqm1uBFYg-g,Standard,-1.0,-1.0,
1-iI_hqeP6M,Standard,2.5,2.5,
gYeoFQUUn4Y,Standard,8.5,9.5,
WfkVDOcALPE,Standard,5.0,0.0,
-5p4ib-GIbE,Standard,7.5,8.5,
g3qCgO9_Vk8,Standard,2.5,0.0,
TBjxseKUxP0,Standard,1.5,9.0,
XAfxU6pG0mI,Reaction,-1.0,-1.0,
T2mCW1MQttY,Reaction,8.0,9.0,
yfJh3pUhtbQ,Standard,5.0,0.0,
nhn_0-Eup8o,Standard,7.5,8.0,
-RydwaP4r0g,Standard,5.0,0.0,
1lP14rZfHHE,Standard,5.0,1.0,
6MysNZGT3uc,Standard,7.0,0.0,
-cqvfjWqYD8,Standard,8.0,8.5,
v7IRWHY-1n4,Standard,5.0,0.0,
9UDQai9UBbI,Reaction,8.5,9.0,
qy8GaBTMJY8,Standard,2.5,0.0,
QMwFhK-RqOM,Standard,-1.0,-1.0,
VGgnnFk3jjQ,Reaction,-1.0,7.5,
gjMdiCLamqs,Standard,7.5,8.0,
wunQTZrxj4Y,Reaction,7.5,8.5,
CPFyWSn265U,Standard,8.5,9.5,
2ezsBxaspBs,Reaction,-1.0,3.0,
Cg17rBDsWK8,Standard,7.5,0.5,
thFxaAXP0g0,Reaction,6.5,6.0,
pAbORlcPlo0,Reaction,1.5,6.5,
dqfhxi_zP68,Reaction,5.0,0.0,
vsWhvuqhf8g,Standard,5.0,0.0,
KJxhjWmPOlY,Standard,5.0,0.0,
PfQgoOw5HJo,Standard,2.5,1.5,
mWyhS6zhdk8,Reaction,2.5,7.0,
Bo0O1K1snJk,Standard,5.0,0.0,
PMStKRxCZVI,Standard,8.0,9.0,
jzkCnfGmJ4w,Standard,5.0,0.0,
TerNM2Gu194,Standard,6.5,0.0,
7a4eV049B0A,Standard,7.5,8.5,
_JMpVGRRWlM,Standard,7.5,7.0,
73BI-SRsi7c,Standard,1.5,7.5,
2pwq2FZhsWM,Standard,8.5,9.5,
oXprTsVJ7kY,Standard,7.0,0.0,
c3XqzqsCF08,Standard,6.5,8.5,
ZZ_f_MZywC8,Standard,-1.0,-1.0,
7SyfRaRoz6M,Standard,7.5,7.5,
qzNeTCZpoik,Standard,3.5,0.0,
vhKIzcPywDI,Standard,5.0,0.0,
PtWMolukUF8,Standard,3.5,0.0,
vqM042nzWDs,Standard,7.5,7.5,
eIuYmoTgLU4,Standard,7.0,7.5,
6NGT-UP9Hj4,Standard,4.0,0.0,
XjU4E7spzd8,Standard,-1.0,-1.0,
pPQWW_bVkK4,Standard,-1.0,-1.0,
W6dSciON5tU,Standard,8.5,9.5,
TtA_ESVwlTQ,Standard,5.0,0.0,
u6O9keavO1Y,Standard,5.0,6.0,
4oxxZbJRh8E,Standard,5.0,0.0,
UiSIhEIXQJ0,Standard,-1.0,-1.0,
JdTI_6TgEnY,Standard,-1.0,-1.0,
Bs3s9Mmv8Us,Standard,5.0,0.0,
mJ5UEJ1Q00E,Standard,3.5,0.0,
WEdXxnTSLFY,Standard,5.0,0.0,
NkwkQWhTmmA,Standard,5.0,0.0,
3DOCN9VKMc0,Standard,9.0,10.0,
ZjQGLE_7J5c,Standard,4.0,0.0,
0RJWjNfc-_o,Standard,5.0,0.0,
PzzJQBT3pL0,Standard,5.0,0.0,
qnT1lAnVm00,Standard,8.5,7.5,
wBkRe9HhfCQ,Standard,5.0,0.0,
UhWSVd0nyxQ,Standard,2.5,0.0,
UtsvTB5VNEI,Standard,-1.0,-1.0,
D0cKe3Yvc1E,Standard,-1.0,2.0,
JGB0jiTx_1M,Standard,7.5,9.0,
zlRh-pSCh14,Standard,6.5,6.0,
2QqbGzFV1X4,Standard,8.5,9.5,
qWcYEPzOjFE,Standard,-1.0,-1.0,
f8Nu89d4sms,Standard,2.5,0.0,
e1l4J5M1vBc,Standard,8.5,8.5,
m-ptM3a6S54,Standard,-1.0,4.0,
f_QCneF700U,Reaction,-1.0,-1.0,
U5MpK3pGoZo,Standard,-1.0,-1.0,
uoUhDYq7wJ4,Standard,7.5,6.0,
-7ToY9d_pLA,Standard,-1.0,-1.0,
wP2xakpiA_I,Standard,7.5,8.5,
R5WrFVW4tmc,Standard,7.0,7.5,
b918eJwrwsY,Standard,7.5,6.0,
G6V__m3AIUw,Standard,6.0,1.0,
EVxIkJxPdz8,Standard,6.5,0.0,
M-jNj0TMP1E,Standard,5.0,0.0,
aFHlR1MR3Io,Standard,8.5,9.0,
xWlSdclxkO0,Standard,5.0,0.0,
ehfKPooubfU,Standard,8.5,7.0,
tKUzZYGn_is,Standard,8.5,8.5,
98zPSP92ob0,Standard,-1.0,-1.0,
4HPcpgjbBe4,Reaction,9.0,9.5,
qSNjSuHSLlY,Standard,5.0,0.0,
-W051xmBVsI,Standard,3.5,0.0,
7k9gONjyp8Q,Standard,2.5,0.5,
fUDB2J8DL2g,Standard,3.5,2.5,
59rt7nnNUgE,Standard,5.0,0.0,
iebqwqUxXOY,Standard,6.0,5.0,
lVYJKEHcjas,Reaction,-1.0,8.5,
aO_eDHs7nvs,Standard,5.0,7.0,
euysQZXnGZU,Standard,7.5,8.5,
ZCA2QMuT7m8,Standard,-1.0,-1.0,
3wb5ujGNZVU,Standard,5.0,0.0,
2Ch86L6g7WY,Standard,6.5,9.5,
ZzWlIE3027c,Standard,-1.0,8.5,
dJabC0t13-w,Standard,8.0,9.0,
k9TQAWxXsoQ,Standard,5.0,8.0,
1ikAzSZwoQY,Standard,9.5,9.5,
WqLcX8_knH8,Reaction,7.5,7.5,
ufHIbdCN7f0,Standard,2.5,0.0,
dN9DAmokFdM,Standard,7.5,8.5,
8GipOJ5ygPk,Standard,5.0,0.0,
qbYjWSGplrE,Standard,2.5,8.5,
t-r8cawaq4Y,Standard,1.5,1.0,
CS1J5YHYpBs,Standard,8.0,9.5,
M2YC4jmCeHs,Standard,3.5,0.0,
NasAhLAkoEk,Standard,-1.0,-1.0,
C93r1Q-4R2I,Standard,8.5,9.5,
kNW46fqo2Co,Standard,9.0,9.0,
Tu1fvQDecSg,Standard,8.5,8.5,
V2VE4fPkoMQ,Standard,7.0,1.5,
JGcNl8xdJPY,Standard,5.0,0.0,
rJnQyQqRwPc,Standard,5.0,0.0,
9bQ4RL6JAso,Standard,5.0,0.0,
EfLZ75dNP9k,Standard,8.5,9.5,
r1PzMhbsK4c,Standard,8.5,9.5,
E7si4LGvf74,Standard,5.0,6.0,
go4-2jZ5FTg,Reaction,-1.0,-1.0,
N9dxNQ6NmZA,Standard,-1.0,-1.0,
iDbZW1vfBBY,Standard,5.0,0.0,
wyQwf7T1Y9Y,Reaction,9.0,10.0,
tMQEp1y7mmE,Reaction,9.5,10.0,
sumZNB_RY7E,Standard,5.0,0.0,
JtoCcAr8nG8,Standard,5.0,0.0,
veWQlenwZ_4,Standard,3.5,0.0,
DdvGND5gdAQ,Standard,5.0,0.0,
pj1lzPNIJSk,Standard,3.5,2.5,
O7WSXhOjKvU,Standard,5.0,0.0,
ivqDWEL9_uI,Standard,5.0,0.0,
csEbASB4wB4,Standard,3.5,7.5,
KAJWfmaVZ4E,Standard,-1.0,-1.0,
t-ORrjHdHFk,Standard,-1.0,-1.0,
PZ5cxuvsRdE,Reaction,-1.0,7.0,
_ezOaxW3DY8,Standard,5.0,0.0,
8vuTB7jQSik,Standard,6.0,0.0,
_hE0GJ-PYQ8,Standard,3.5,0.0,
16_uObGL_Xs,Standard,5.0,0.0,
Q_n1I9gpHoQ,Reaction,7.0,8.5,
VtzdN6ROh9I,Standard,7.5,6.5,
vnP0sGkqKGA,Standard,5.0,0.0,
0T3LqhC3QxQ,Standard,-1.0,-1.0,
u6sSNKNrXSs,Standard,5.0,0.0,
7MoGJ3WDPyQ,Standard,5.0,0.0,
UQHh1HFtjYI,Reaction,8.0,9.5,
pTiz5FiQ9UI,Standard,5.0,0.0,
Nb8_32ijOj4,Standard,5.0,0.0,
000-s-B1GEs,Standard,-1.0,-1.0,
6tMnGvoGtfc,Standard,5.0,0.0,
fAnh3rVS6ks,Standard,-1.0,-1.0,
_hED4uN6j0Q,Standard,5.0,0.0,
boSxgOBaxY0,Standard,-1.0,-1.0,
qKGpIORUHSA,Standard,8.5,9.0,
Wrp9X9ydyGQ,Standard,5.0,0.0,
76VHo9L0t2Q,Standard,7.5,8.5,
_0x8wnc7URg,Standard,7.5,6.0,
-F7jelNl11g,Standard,7.5,8.0,
XAzVmDf-674,Reaction,8.5,9.5,
cqV0LbalkQU,Standard,5.0,0.0,
1UOPHozMPmA,Reaction,6.5,6.5,
-GG7DqN_O0I,Standard,9.0,9.5,
itvuEN-ApQg,Standard,9.5,9.5,
sefvI9XiYUU,Standard,2.5,0.0,
fz_oCwMhCIU,Reaction,-1.0,-1.0,
Qx-9JGsKPYA,Standard,5.0,0.0,
vq_evHN9yJQ,Standard,-1.0,-1.0,
r-lMd4YWf9E,Standard,5.0,0.0,
xTi5_LeZ2vw,Standard,-1.0,-1.0,
2Q-Jppfw6eY,Standard,8.5,9.5,
agLMPCwWbms,Standard,7.5,7.5,
6QMyUtEZKtU,Standard,6.0,6.5,
5KuYojbhUDo,Standard,5.0,0.0,
CNkXbYXebiI,Standard,7.0,6.5,
BBzROxah3dI,Standard,5.0,8.0,
XSuM3I5pDgY,Standard,5.0,6.5,
o6f8a3v0JDI,Standard,-1.0,-1.0,
LtQXZVDjeT4,Standard,1.5,1.0,
_VyIUJwjjFQ,Standard,4.0,0.0,
o8vt7ecOyiU,Standard,3.5,0.0,
eZ3HK5UBEHo,Reaction,7.5,8.5,
VN4cB_-6xMI,Standard,8.5,9.0,
YJlevNuGxTE,Standard,-1.0,-1.0,
gBUecUs5j14,Standard,7.5,0.0,
9UytcN0Tl8k,Standard,-1.0,-1.0,
JwiKYxwH82A,Standard,6.5,0.0,
Bgdk7KOqvM8,Standard,-1.0,-1.0,
bxnu5Z42ydI,Standard,-1.0,-1.0,
cKWrSmZ3F4w,Standard,8.5,6.5,
HA5fCw7QBPA,Standard,7.5,8.0,
CvRX8qZ5l_Q,Standard,2.5,7.5,
IK8zdMHp1Dg,Standard,-1.0,-1.0,
yj8BXhayQuQ,Standard,5.0,0.0,
gXMaBjM6xBQ,Standard,5.0,0.0,
_yHbrsOXGnI,Standard,7.5,7.5,
urYJE9HwX10,Standard,8.5,7.5,
HVYyv43B0E0,Standard,5.0,0.0,
eQuMannO42Y,Reaction,-1.0,8.0,
tgmRBPlJNiU,Standard,5.0,0.0,
KqAAz9-O4E0,Standard,3.0,6.5,
eI3S4oyHI7M,Standard,5.0,0.0,
RevY166CtHM,Standard,3.0,5.5,
gEsaH0wpqKs,Standard,-1.0,-1.0,
zGUr86YD2hc,Reaction,7.5,7.0,
PDG5RHeKa14,Standard,3.5,6.5,
j-vlACJqAYY,Standard,5.0,2.0,
FysGdUrAQvo,Standard,-1.0,-1.0,
AR5gVxsfpSU,Reaction,8.5,9.0,
pVmoBviQu0k,Standard,-1.0,6.5,
fTktSMg2ga8,Standard,5.0,0.0,
chvEYpnlvhs,Reaction,8.5,8.5,
MtJ9HimOiQE,Reaction,8.5,9.5,
VDMWNXnPQiM,Standard,3.5,1.5,
hPorQHuXwH8,Standard,9.0,9.5,
nt-Yo1onLoU,Standard,7.5,9.5,
H6_xqcO1Bw4,Standard,5.0,0.0,
gA3pzcvX6q0,Standard,5.0,0.0,
2A90Ex6Prnk,Standard,2.5,0.0,
GgJ_35Z7ynQ,Standard,-1.0,1.0,
z0lhiMAyNvk,Standard,-1.0,-1.0,
r8mOD8GXNDQ,Standard,7.8,9.2,
VwT1skoWYng,Standard,5.5,0.0,
-n1YVLH5aTQ,Standard,-1.0,-1.0,
0wPqhsPwcFI,Standard,5.0,0.0,
66hndq1g2AQ,Standard,8.0,9.0,
Qxh8LXNTOQk,Standard,7.5,8.0,
afhWpfSfNcM,Standard,-1.0,-1.0,
Op6k84Ju9Uo,Standard,-1.0,-1.0,
uaHS-5ipW70,Standard,7.5,7.5,
PNhO6Bg3z6c,Standard,3.5,0.0,
zal0URuLYSg,Standard,6.5,7.0,
6kerv3t4joo,Standard,4.5,6.5,
nUW8M7KcjXs,Reaction,7.5,7.5,
XxhXw43OKCw,Standard,5.0,0.0,
GD77aWSkrJ0,Standard,3.5,1.5,
vi-v28XHelQ,Standard,5.0,6.0,
suEWE4jUD_A,Standard,2.5,7.5,
SfT3r9ktzds,Standard,5.0,0.0,
4Vh28sOHALA,Standard,5.0,0.0,
Lrdou_N69Hg,Standard,5.0,0.0,
FZbL9vAC6yk,Reaction,2.5,6.5,
vpx4EFngPWs,Standard,3.5,0.0,
PlpUCcpHD2E,Reaction,7.5,8.0,
N7Zosrqy7eI,Standard,2.5,7.5,
MkC8aGbJdLw,Standard,7.5,8.5,
oNFgNJnxrdA,Standard,7.5,4.5,
GRvWvk0UNQw,Standard,6.0,7.5,
m3W5f_TDQ5w,Standard,7.0,8.5,
yXEFnvtWACg,Standard,-1.0,-1.0,
cdzB5DKYEgo,Reaction,-1.0,-1.0,
LwMfyn4mhjE,Reaction,-1.0,0.0,
0EAzau0U-TA,Reaction,7.5,9.0,
H-LKudbtZh4,Standard,2.5,6.5,
4dcce6LpzcY,Standard,7.5,8.5,
Q-d3OGqiOQo,Standard,-1.0,-1.0,
vk7AGx0T5mA,Standard,7.5,7.5,
YvgjtRjG_Fg,Standard,2.5,6.5,
9yvN0CVj3Cg,Reaction,8.5,9.5,
W1-b1aqca6I,Standard,5.0,3.0,
A4UiQ_eyD6U,Standard,-1.0,-1.0,
0X_a4pygSw4,Standard,2.5,0.0,
_tRiLD5wB4w,Standard,3.5,0.0,
coKUtICwooQ,Standard,4.9,2.0,
bN2h2feKJH8,Standard,5.0,6.5,
01Bxj87HpvI,Standard,5.0,0.0,
l2sjSGeFJaQ,Reaction,-1.0,-1.0,
GzuwhVd2E-s,Standard,8.5,9.0,
-V8CBhOZCQk,Standard,5.0,0.0,
B1EeV7JtuSI,Standard,-1.0,-1.0,
AwZQ_Eb8gHo,Reaction,7.5,9.5,
lJtJZSM9z2c,Standard,-1.0,-1.0,
_AEGuZ1juRQ,Standard,5.0,0.0,
hNELRTtUbw4,Standard,8.5,9.0,
ZP43p_m4hMc,Standard,4.0,7.0,
2lRi9iIlzpE,Standard,3.5,0.0,
wvoxL3gyOcU,Standard,-1.0,-1.0,
w9AzmNwYxlg,Standard,5.0,0.0,
NyYDYMQpnbI,Standard,-1.0,-1.0,
78lYzm_sasA,Standard,5.0,0.0,
iAoZFUhypok,Standard,5.0,7.5,
KBrA6r2Cc1Q,Standard,3.5,0.0,
i18S9MjY7Hc,Standard,5.0,0.0,
sz-fOFBf_Pc,Reaction,8.0,9.0,
kJDT1SydJMc,Standard,5.0,0.0,
iN3jW4ZBFr4,Standard,5.0,0.0,
mTs8JdOuamc,Standard,5.0,2.5,
T_jtyHiJ1q0,Standard,7.0,7.0,
Ab9mNaVNxsA,Standard,3.5,0.0,
sAKqf-BAwtQ,Standard,-1.0,-1.0,
q3U8jBUnjsA,Standard,-1.0,-1.0,
YkJq0wtIPyw,Standard,5.0,0.0,
CITyIgApgqU,Standard,7.0,3.5,
liCIxb4quVM,Standard,4.0,0.0,
xdRvXAiFQ-4,Reaction,8.5,9.5,
O133PAS3-BI,Standard,5.0,0.0,
x2TQJ6v20WU,Standard,5.0,0.0,
aXxshsaM12I,Standard,8.5,9.5,
16z1GcJoYqY,Standard,8.0,9.0,
Dr83eAB9b_g,Reaction,-1.0,-1.0,
KroUNc6hIyc,Standard,5.0,0.0,
32Ysj54-jTc,Standard,8.5,9.5,
B-UjzBceAVE,Standard,5.0,0.0,
MrC2I_9Wp8A,Standard,5.0,0.0,
MbJOQsK42iE,Standard,2.5,7.5,
OiWfs12zmY4,Standard,2.5,0.0,
Rm1ME9-S9pI,Standard,7.5,8.5,
tv7X-pAnBpI,Reaction,7.5,9.0,
5-wyjCiadwk,Standard,5.5,0.0,
TDWZfVN0ZNs,Standard,5.0,2.0,
a-2y7FxvoPo,Reaction,7.5,8.5,
AZ3xEKxMiEI,Standard,-1.0,-1.0,
gyhjbA-Xk7Y,Standard,8.5,8.5,
_p9AyHJTzuw,Standard,8.5,9.0,
FY2_IMxRnZo,Standard,-1.0,-1.0,
KIxIUX3o8Zc,Standard,-1.0,-1.0,
IManT4T5h8o,Standard,5.0,0.0,
2xyb-N07abg,Standard,5.0,0.0,
vo8U0WbEuoo,Standard,-1.0,-1.0,
fJUuoKi4bgQ,Standard,-1.0,0.0,
KXLMSnYDChE,Standard,-1.0,-1.0,
dq9C4hek_9s,Standard,-1.0,-1.0,
I2--OsMZVZk,Standard,-1.0,-1.0,
84zkDnflNB0,Standard,5.0,0.0,
OfuJeJMUpPY,Standard,-1.0,-1.0,
JHJSJLNAnCY,Standard,-1.0,-1.0,
snsaPLsoegg,Standard,3.5,0.0,
kbJNz0K-KYs,Reaction,3.5,0.0,
T0NI78jWgEc,Standard,7.5,7.0,
LK1WQPT56nA,Standard,5.0,0.0,
jTSi1meGwLQ,Standard,5.0,0.0,
i9V3Z-b4A9o,Standard,7.5,7.5,
r3dUIqaHib0,Standard,5.0,0.0,
H7KbGcePTh4,Standard,8.0,7.5,
TAgRBL-VF5U,Reaction,8.5,9.0,
vO_TSFrecYE,Reaction,7.5,9.5,
vT57VeVkRik,Reaction,7.5,8.5,
FP8h6rzgOQ4,Standard,5.0,0.0,
QegX9hBu1tw,Standard,-1.0,-1.0,
OBoIXH_CSVs,Standard,-1.0,-1.0,
hKlhkGW98is,Reaction,7.5,8.5,
bHrZN8VJkAs,Standard,-1.0,-1.0,
9_29rkPtThQ,Standard,5.0,0.0,
XFlunjc1F4k,Standard,-1.0,-1.0,
Zw0ihmWGX4U,Standard,-1.0,-1.0,
thagKAJ0368,Reaction,7.5,9.0,
hjeOswZnmdY,Standard,5.0,6.0,
_lutrnFdTuo,Standard,5.0,0.0,
u4cKTudYIxE,Reaction,7.5,8.5,
gntgW3RrEsg,Standard,7.5,9.5,
knsYuRQWllw,Reaction,-1.0,7.5,
QF339Bh3uDs,Reaction,3.5,1.0,
9IEbOFXhPTc,Standard,4.0,0.0,
1C47i-OrZ_Y,Reaction,8.0,8.5,
K694cGBqU40,Reaction,-1.0,7.5,
Yfn8s5yv5bg,Standard,8.0,9.5,
WbuspmYmh_c,Standard,5.0,0.0,
-4-6mleId9E,Reaction,-1.0,7.0,
To_RuoZsTVc,Standard,-1.0,-1.0,
vbb__BAVDLE,Standard,5.0,0.0,
KImQRPVtRyc,Standard,9.0,9.0,
clGJQyyeivA,Standard,-1.0,-1.0,
yPBH0t0HfyY,Standard,9.0,9.0,
jpXuLkEFmGY,Reaction,8.0,8.5,
FoomzOjz-nM,Standard,5.0,0.0,
P5O2lZN9W5g,Standard,5.0,0.0,
z3Ytf45mUvA,Standard,8.5,8.5,
tOE8U9iYmO8,Standard,5.0,9.0,
lXrRcNp7GG8,Standard,-1.0,-1.0,
9tuaAD5RTPc,Standard,-1.0,-1.0,
JOlUaVgDgio,Standard,7.5,8.5,
SybR-aIqp-8,Reaction,-1.0,-1.0,
ZyB0rmZyoCM,Standard,-1.0,-1.0,
syhWJCkGR-0,Standard,-1.0,-1.0,
XSuNQwrYEhg,Standard,2.5,6.0,
nfKF1F1icec,Standard,-1.0,-1.0,
I2N4Jbrc2R8,Standard,5.0,0.0,
pmhiqZUkKBU,Standard,8.5,8.5,
v135YaKAQyI,Standard,6.0,7.0,
PsOvaU5cKu4,Standard,5.0,0.0,
eh1Xxdgpj0k,Standard,-1.0,-1.0,
zyBphLjP__w,Standard,8.5,9.0,
J2v49IUiBJ8,Standard,4.0,0.0,
GhyjQfLSeps,Standard,-1.0,-1.0,
KFh5Gn4k6w0,Standard,-1.0,-1.0,
KGkrBNM7SJ4,Standard,5.0,0.0,
YNnag8ckG5o,Standard,8.5,9.5,
Baa4we_sFzg,Standard,8.0,9.0,
yA3Vuoux6Aw,Standard,5.0,0.0,
fodHuZNb5Tg,Standard,-1.0,-1.0,
Rdx0usARLlc,Standard,-1.0,-1.0,
YouJzm0xcLw,Standard,3.5,1.0,
PRDS3ZEj9O8,Standard,4.0,0.0,
z17sb7zMCaA,Reaction,-1.0,8.5,
hyksDvpPH6E,Standard,5.0,0.0,
xB2cEp8LdqQ,Standard,-1.0,-1.0,
LzfVnR_3rMY,Standard,8.5,9.5,
kvJLs_mId8Y,Reaction,2.5,0.0,
yhoXFuTyFes,Standard,8.5,9.5,
-Ici0C-Ftt0,Standard,5.0,0.0,
V8_DpocAEek,Standard,5.0,0.0,
iXsuSxIa6EA,Standard,7.5,8.5,
wieOlvN-ONU,Standard,8.0,9.0,
U2mAzLJk7Fc,Standard,-1.0,0.0,
IN7io0DF-R4,Standard,1.5,7.5,
WQ2kHXeo1Sk,Standard,-1.0,-1.0,
ZNFyyi3kp60,Standard,8.5,8.5,
xJGhGFAGSk0,Standard,5.0,0.0,
mZAlXgiF8Co,Standard,-1.0,-1.0,
mTFc49sDLeM,Standard,-1.0,-1.0,
BWTrfM3nHgc,Standard,-1.0,-1.0,
f74EexcZqFY,Standard,-1.0,-1.0,
Mbq1sxkV1R4,Standard,3.5,0.0,
utbc9yHfPCk,Standard,8.5,9.0,
e2ssOO71t2g,Standard,5.0,0.0,
429sh60pB7o,Standard,5.0,0.0,
B71c5T3JWyk,Standard,-1.0,-1.0,
R2gQ0b7LxII,Standard,5.0,0.0,
xm5ypNYYTMk,Standard,3.5,0.0,
BPdBHOcFTlo,Standard,3.5,6.5,
iHu5aEb8Ykw,Standard,7.5,4.5,
N6DkjfngVHY,Standard,5.0,0.0,
N_UQ4nbWx4U,Standard,-1.0,-1.0,
uZv9gpon3S8,Standard,-1.0,-1.0,
bP9gFHuYvcs,Standard,8.0,9.0,
pOkNrvB63pc,Standard,5.0,0.0,
f-YHZOjNHYM,Standard,5.0,0.0,
LqJflmZNpkk,Standard,5.0,0.0,
4fpU-TNzha0,Standard,5.0,0.0,
Jbd2-GGQavA,Standard,-1.0,-1.0,
shhZd_MET70,Standard,4.0,4.0,
gLlrnvB-lCk,Standard,3.5,0.0,
RlpuW0NFhBE,Reaction,2.5,0.0,
uPMav0Hl-EQ,Standard,5.0,2.0,
EHQ3E45IC0A,Standard,7.5,7.5,
39IMkjbuWWQ,Standard,4.5,6.5,
fyq-Pj8C6-A,Reaction,7.5,9.0,
Q0NkasFiXzQ,Standard,-1.0,3.5,
iXAiXWYlpXM,Reaction,-1.0,-1.0,
M2JfiSVNj0s,Standard,5.0,7.0,
5ANVDF8v6T8,Standard,7.5,6.5,
tfE1j06YNUQ,Standard,5.0,0.0,
tn5AJlV7pcY,Standard,5.0,0.0,
AfVPRfiX-iM,Standard,-1.0,7.0,
K4gC5CP-n34,Standard,-1.0,-1.0,
ioLfSJCreT0,Standard,5.0,0.0,
ydOsOOoKOO8,Reaction,6.5,5.0,
lxdWe9BKlF8,Standard,5.0,0.0,
oaenogk5wCk,Standard,8.0,9.0,
BOnDXqGKceA,Standard,8.5,7.5,
P0s1dcW3Y_w,Standard,4.0,8.5,
ZfUCuk4fWoU,Standard,4.5,0.0,
QqO9u7Dnwcs,Standard,-1.0,-1.0,
0QlCCnhT1NY,Standard,8.0,7.0,
TG_SR9I7YGE,Standard,-1.0,-1.0,
0NXOorRc54o,Standard,5.0,0.0,
8PJLD3zu1iY,Standard,-1.0,-1.0,
PSV11sj_fVw,Standard,-1.0,-1.0,
VbIu4GVjfq4,Standard,5.0,6.5,
LsNGTE9xJLU,Standard,9.0,9.5,
Mql-dy6Ju8k,Standard,7.5,8.5,
xB5rL77woVc,Standard,-1.0,-1.0,
2Hy8-mRUhRU,Standard,5.0,4.5,
mAQYHAwEILQ,Standard,7.5,9.5,
XcgS4gePW1Y,Standard,5.0,0.0,
VuzdhI_iics,Standard,-1.0,-1.0,
OGIANtluqcU,Standard,-1.0,-1.0,
smMbc18I8bk,Standard,5.0,7.5,
kOF-nlZ3Xu4,Standard,5.0,0.0,
d-fFAAfWyQk,Reaction,7.5,7.0,
gpuPSHyGW98,Standard,5.0,0.0,
OObv1VCOCCs,Standard,4.0,8.5,
Jt-mfWOJt-E,Standard,-1.0,7.5,
x7QzoWhC7hU,Standard,9.0,9.5,
92x3YL7ifUA,Standard,5.0,0.0,
JJtxQ6iGgUc,Standard,2.5,7.5,
Pj-SNG_4Bdc,Standard,5.0,0.0,
LN9DchJofaY,Standard,4.0,0.0,
tZ7kQ3uamic,Standard,5.0,0.0,
DOxkr0toI4U,Standard,-1.0,-1.0,
7huW7HLSgYc,Standard,5.0,0.0,
3LaRA0SV_nc,Standard,8.5,9.5,
TOZBxT6eCPY,Standard,7.5,8.5,
-WXNE25f-U0,Standard,6.0,3.0,
qTgn_B0zN1Y,Standard,8.5,8.5,
vleLIIdMCyk,Standard,-1.0,-1.0,
Gwj6M8nnMdo,Reaction,6.5,8.5,
HAODb-dDWR8,Standard,7.5,7.5,
NZ7J0xjifR0,Standard,-1.0,-1.0,
FYODZYsjjJ8,Standard,8.5,9.5,
H2vAbxPVNRc,Reaction,-1.0,5.0,
JPsa1BjEEQQ,Standard,5.0,0.0,
_JslpWl5Cvk,Standard,6.0,8.5,
vw4yMcY9RZY,Standard,5.0,0.0,
0CZ1oZRL3w8,Standard,-1.0,-1.0,
GNeRIfI3cJU,Standard,-1.0,7.0,
hzXYHbJ8aWE,Standard,5.5,0.0,
FC9AjH5hre0,Standard,5.0,0.0,
uWrzjZjGRpI,Standard,7.5,8.5,
bVlApn_RXPI,Reaction,8.0,9.5,
aEDcovUL_rs,Reaction,7.0,2.5,
aTZaMD7aR-Y,Standard,6.5,7.5,
9UZYzYPRNUs,Standard,8.5,9.0,
DjaRa1bn7iA,Standard,5.0,0.0,
YVWDBugPUu8,Standard,7.0,8.5,
NBSV1k-Ttao,Standard,2.5,6.0,
ch_78XUXA7I,Standard,3.5,0.0,
NARTf7pyNic,Standard,9.0,9.5,
ePGs3uBZzYg,Standard,1.5,8.0,
ihQ85j-scVg,Standard,9.0,9.0,
DsvO7JXq52g,Standard,6.5,3.5,
Xx-eMeDB7C0,Standard,-1.0,-1.0,
Sw8H_lS90z0,Standard,-1.0,-1.0,
NKLbctXIx0k,Standard,5.0,0.0,
4k8wzP2RKws,Standard,1.5,8.0,
RHUenBjy3B0,Standard,7.5,8.5,
rRVuRkDmTz4,Standard,7.0,0.0,
drJALGbb-U8,Standard,8.0,5.5,
QLbLMmcpAO4,Standard,5.0,0.0,
ox7Ef0MqYZM,Standard,7.5,6.5,
d9Glb8UH4ZQ,Standard,7.5,6.0,
TIUs-MfgSE0,Standard,-1.0,-1.0,
rqaRmiYR5co,Standard,5.0,0.0,
7fWg9K7QU98,Standard,7.5,8.5,
7UoH2znFAMI,Standard,2.5,0.0,
29tYaJF1RC4,Standard,7.0,6.5,
MW4t_VDg8-o,Standard,-1.0,6.0,
cot_jBBivWU,Standard,5.0,0.0,
jGN3WAvLtig,Standard,6.0,7.0,
pSDIprPwzwc,Standard,5.5,0.0,
LxBpCQ6Ox48,Standard,5.0,0.0,
cZBowsZl5XI,Standard,3.0,0.0,
zfp5ibFz78Y,Standard,7.5,9.0,
5I5yECP8nzc,Standard,5.0,0.0,
DStbEmZywfI,Standard,-1.0,-1.0,
6eA4xSaYSos,Standard,-1.0,-1.0,
C6xCtuEcPUA,Standard,6.5,1.5,
Q-r1R8jsC7A,Standard,-1.0,-1.0,
U1L_j4Nowuo,Standard,5.0,0.0,
soVJyCEM4Ic,Standard,4.0,0.0,
Rq5l_PqAL_g,Standard,3.5,7.5,
zLPfZqZJCwY,Standard,7.5,6.5,
kMrBmub4-k8,Standard,5.0,0.0,
XJ2H1OE54D4,Standard,3.5,0.0,
T0DT-4Vi080,Standard,5.0,0.0,
amNo6D4tIDc,Standard,-1.0,-1.0,
tjoSrfrzieM,Standard,5.0,0.0,
gi9vzvkbOTo,Standard,5.0,0.0,
AJBlkFzw5FQ,Standard,8.0,9.0,
4XpmE8nuOT4,Standard,4.5,7.5,
8nP5ys-QLZw,Standard,7.5,8.5,
6r-Wl2gFZ58,Standard,8.0,9.0,
-c-oK6Ep0tw,Standard,-1.0,-1.0,
olwgjsfBGtQ,Standard,8.0,8.5,
I0FhHcuw-8k,Standard,2.5,0.0,
ZC81nIeuEuU,Standard,5.0,0.0,
ejyF61dgLhQ,Standard,2.0,7.5,
a10MoMASGu0,Reaction,8.0,8.5,
-KcDsT-sX7s,Standard,3.5,1.0,
4Turt1bFBgg,Reaction,2.5,0.0,
WdBcZyNbIRQ,Standard,7.0,6.0,
kWqHhHj8fzA,Reaction,8.5,9.0,
zuWee_tPYTU,Standard,-1.0,-1.0,
bB3XRvS0lwU,Standard,8.5,9.5,
V_sgIMXhhc4,Standard,3.5,7.0,
baHP3dg1CYs,Standard,8.5,8.0,
PvmqdIxZ2W4,Standard,4.0,0.0,
wBJWsmWpWUg,Standard,5.0,0.0,
mtj4G0CCH1s,Reaction,-1.0,-1.0,
efuU8YX5Ze4,Standard,5.0,0.0,
WWklJN_9Ohs,Standard,7.5,6.5,
sRL1CfIPO2Y,Standard,3.5,0.0,
AzuwPMuhvrY,Reaction,6.0,8.5,
bJtXgKMomRE,Standard,2.5,7.5,
Yv2rR0y_kB8,Reaction,7.5,7.5,
BMt3KUWecE8,Standard,7.5,9.0,
UcUTnwqJsSk,Standard,6.5,4.0,
BxCckDSrYDQ,Standard,7.5,6.5,
m0-IlsWtdqc,Standard,8.0,9.0,
zLKyOHfiNbQ,Standard,1.5,0.0,
xlDqSHqAUgI,Reaction,-1.0,5.0,
O6v8jv4CTM0,Standard,-1.0,-1.0,
YGgIbHWaBLA,Standard,7.5,9.5,
vHAsrODdlP0,Standard,-1.0,-1.0,
HpMqq6y3GGg,Standard,-1.0,-1.0,
_-2OxCh8j-w,Reaction,2.5,7.0,
efyzdz6u7zk,Standard,-1.0,-1.0,
MtGpg8T4SU0,Standard,5.0,0.0,
jspiPLoHqac,Standard,-1.0,-1.0,
IPjSAToUgls,Standard,3.5,1.5,
0HVUsrJZC0w,Standard,5.0,0.0,
EeggId5u8PQ,Standard,-1.0,-1.0,
RSP3FvGhqn8,Standard,5.0,0.0,
VbbSJSHky2A,Standard,5.0,0.0,
GH31JZFfpss,Standard,9.0,9.0,
_6J2-shT7OA,Reaction,-1.0,-1.0,
LmjltLt-Z08,Standard,7.5,8.5,
jGyzP3ndNnE,Reaction,5.0,7.5,
xwn2cHApgQY,Standard,7.5,7.5,
iqPSkRWeqkc,Standard,-1.0,-1.0,
qnOFXmm_gKM,Standard,8.5,9.0,
SM8wVnDWzA0,Standard,5.0,4.0,
yA5H2P4ln-I,Standard,7.5,7.5,
g03UUj8Qzt4,Standard,-1.0,-1.0,
P1ipqpEtimw,Standard,7.5,0.0,
_qOxsJ3GUSo,Reaction,3.0,8.5,
rg2tC7jxN_Y,Standard,-1.0,-1.0,
_XQ9LVVbvUQ,Standard,5.0,0.0,
BVZX7E72KQE,Standard,6.0,0.0,
wvX-psK3tpg,Standard,9.5,9.0,
5yUFqq1K6Hs,Standard,7.5,6.5,
q_8M7CLcRNQ,Standard,5.0,0.0,
7V5i9SwLaNY,Standard,7.5,7.5,
RecjKX_NT8s,Standard,-1.0,-1.0,
GOTa1a4Vaq0,Standard,5.0,0.0,
ysRTV8Hr6AQ,Standard,-1.0,-1.0,
5VWHaG1jrmE,Standard,5.0,0.0,
WyiY1ThXRP0,Reaction,-1.0,7.5,
SridENiHAeM,Standard,3.0,8.5,
ViMViNVL9EQ,Standard,5.0,0.0,
vfFJ77mkFf8,Standard,-1.0,-1.0,
6wLGqakY-fk,Standard,6.5,6.0,
Jg1zv1-NyNo,Standard,8.0,9.5,
tsC_XYUWUAg,Standard,1.5,6.5,
3iFe_kmNsHY,Standard,6.5,7.0,
fqFXD8PrFKU,Standard,5.0,0.0,
i2SqWWq5Br8,Standard,8.5,9.0,
YShqieZashQ,Standard,8.5,9.5,
iNKVOwEQpfk,Reaction,5.0,4.0,
8OS_gmv4Ml0,Reaction,-1.0,-1.0,
bCa-SBHUT24,Standard,5.0,0.0,
yjZAEN_Ld84,Standard,8.5,9.5,
BM8qIp_t4mI,Standard,5.0,0.0,
YcTJrkfvrEk,Standard,5.0,0.0,
HkoGAQ4uagg,Standard,2.5,0.0,
JU28tGzYnvA,Reaction,7.0,8.0,
TXq5yNcjkcs,Standard,5.0,0.0,
bFzdvf8hOI0,Reaction,-1.0,8.5,
fg9mMm8aYO8,Standard,8.5,9.5,
PJPBLF_521E,Standard,5.0,0.0,
Pda-REILqjg,Standard,5.0,0.0,
WXeeYZ9wY1Y,Standard,-1.0,-1.0,
btqrirCERk4,Standard,-1.0,-1.0,
zARIVD6dP8Y,Standard,-1.0,-1.0,
AElVgXHiiqY,Standard,7.0,8.0,
KAjljmu4mUc,Standard,4.0,8.0,
-EKjEbn7FNo,Standard,-1.0,-1.0,
-QDZZNmOdBw,Standard,5.0,2.0,
Ykd1huuKzL4,Standard,5.0,0.0,
2l9YyRBKlNQ,Standard,-1.0,-1.0,
mbeYvjOxz30,Standard,-1.0,-1.0,
-3qx-X_Q5Ow,Standard,7.5,7.5,
AL6B7VaCGjI,Standard,-1.0,-1.0,
tiCZsbEe-hI,Standard,8.0,9.0,
4zTrK95Ar_w,Standard,5.0,0.0,
5udLpjp5Ww0,Reaction,-1.0,-1.0,
SFYMNns_2zg,Standard,5.0,0.0,
zro6fT3Ih88,Standard,5.5,1.5,
Yft6f8KbMMY,Reaction,-1.0,-1.0,
ZTQCOUWibdo,Standard,5.0,0.0,
-jgP7666fNM,Standard,5.0,0.0,
0Q4d-YAx_1M,Standard,7.5,7.5,
pOc_aj5KJxA,Standard,8.5,9.0,
hVL6j55pp-4,Standard,-1.0,-1.0,
H1Gz5qLQMcI,Standard,7.5,8.5,
imHdPRb56_M,Standard,6.5,1.0,
5_S1gc9U_Ww,Reaction,9.0,9.0,
kXZkynAO2Iw,Standard,5.0,0.0,
HtbjDkZiync,Standard,8.5,9.0,
1mv8GVl937s,Standard,2.5,0.0,
alvTJgYgafc,Standard,8.5,9.0,
rj72FS8t1IM,Reaction,5.0,0.0,
bVXCyBo4HGk,Standard,5.0,0.0,
wLnrDzt8GvI,Standard,5.0,0.0,
j6V0DvJU6Hg,Standard,2.5,5.5,
j8tPYqDZ8cY,Standard,7.5,9.0,
0JbQIvP_Ozo,Standard,9.5,9.5,
bla4OtRSN38,Standard,7.5,8.5,
ZzNxr2J0O-E,Standard,-1.0,-1.0,
nRFmjskjUFo,Standard,5.0,0.0,
RVzTDCQAaR4,Standard,-1.0,-1.0,
i6GEWqgtlAA,Standard,7.0,6.0,
pIbXPXhS5Os,Standard,3.5,0.0,
JTJQQyaOTAI,Reaction,7.5,7.0,
_dchUpTTC-Q,Reaction,1.5,6.0,
LS-GeqzQyJ0,Standard,-1.0,-1.0,
tTAShXbTQjk,Standard,-1.0,-1.0,
gx7tF2-Pn00,Standard,6.5,9.5,
O8WvkKAKDsc,Reaction,8.0,9.0,
tGuJu1wSv3g,Standard,7.5,8.5,
mdEZ4-DcSNs,Standard,-1.0,-1.0,
mxj6yu0YPFE,Standard,-1.0,-1.0,
wpJByIviXWU,Standard,7.5,8.5,
p_zjQVdnkHo,Reaction,5.0,8.5,
o5nHvdfzR2k,Reaction,-1.0,-1.0,
bV7Yri4tmVY,Standard,-1.0,-1.0,
W0ygfpfg4Z8,Standard,-1.0,-1.0,
6ZO2E3E3Ygk,Standard,-1.0,-1.0,
fp0SnJnKSH8,Standard,-1.0,-1.0,
8H135AnkzC8,Standard,5.0,0.0,
IWWZnosLzBo,Standard,3.5,6.0,
GJjVXDzKShQ,Standard,2.0,6.5,
SbFrOAUP2Qo,Standard,5.0,0.0,
0Xl550ncFpE,Standard,5.0,0.0,
h8AsgKOV60w,Reaction,2.5,3.5,
Bg5YzWxi2tI,Standard,5.0,0.0,
nKH1Z96jPR4,Reaction,2.5,0.0,
NqxXA451xZE,Standard,-1.0,0.0,
9ZflJJ_jYuA,Standard,-1.0,-1.0,
hlMyRE5Ss7M,Standard,-1.0,-1.0,
Vhb_TmOZ8tE,Standard,5.0,0.0,
VhrfaSZlMLg,Standard,-1.0,-1.0,
i_UhFqO6p5Q,Standard,3.5,7.5,
JSt-0RLUiTY,Reaction,-1.0,-1.0,
vm7KQf6Li1s,Standard,7.5,5.5,
L1OSOtt18G0,Standard,2.5,1.5,
f8Gvr57cLU0,Standard,-1.0,-1.0,
Ot4a-r-Md6A,Standard,-1.0,-1.0,
TvvDQM5z2Qk,Standard,5.0,0.0,
-eJ10qPUewA,Standard,5.0,0.0,
bzn58BZCz-Y,Standard,-1.0,-1.0,
KSUDQrOYu5U,Reaction,6.5,5.5,
x6_5JQ4yLbg,Standard,5.0,0.0,
y11nPDn24fA,Standard,7.5,1.5,
nKoANx4SRvg,Standard,7.5,6.5,
hQL-eeWCrkw,Reaction,7.5,8.5,
2ujWYocyDYk,Standard,7.0,1.0,
k9uhVx472YE,Standard,-1.0,0.0,
H9s3Na8C-5o,Standard,7.5,7.5,
BlC3cp1NOqA,Standard,5.0,0.0,
eU-NdJdzJNo,Standard,5.0,0.0,
9RbcIiOLnLU,Reaction,1.5,0.0,
LiacD26KdO4,Standard,7.5,3.5,
G32oj7yiLW0,Reaction,2.5,7.0,
7k6DE7DC0xM,Standard,4.0,8.0,
pTdvGObsjFY,Standard,8.5,9.0,
cFfV3y_zRuA,Standard,2.5,8.5,
JAe0Ap2WTns,Standard,-1.0,-1.0,
oWQAv-ZYvQo,Standard,-1.0,-1.0,
r3p07JPQo6E,Reaction,7.5,9.0,
SWz_W5oUAsA,Standard,3.0,0.0,
s3OUkXUPrnA,Standard,8.0,8.0,
KQ3Y4zix-tA,Reaction,7.5,9.0,
hxEFaIIQGtU,Standard,5.0,0.0,
fvefhQLqHb0,Standard,8.0,9.0,
XDadA_b44w4,Standard,6.5,4.5,
Docb6t1XF6k,Standard,5.0,0.0,
ab3w-xXB8Ac,Standard,-1.0,-1.0,
azJ_2FHkUYg,Standard,7.5,8.5,
NyQ67K5Y8-g,Standard,7.5,8.5,
MW-fOurlHDA,Standard,-1.0,-1.0,
xlGTTlbgTGA,Standard,5.0,0.0,
DmYJ-e3FhzU,Standard,5.0,0.0,
Otu13myMitA,Standard,5.0,0.0,
ZLI9wb5VFPQ,Standard,5.0,0.0,
UouO-U81zCc,Reaction,-1.0,-1.0,
xGBDjOoEnqQ,Standard,8.5,9.0,
Q91NL9xwSYs,Standard,5.0,0.0,
thfKfaOityM,Standard,8.5,9.0,
Kn4FW6Uyl4E,Standard,3.5,7.5,
GpAsp3kyQQY,Standard,-1.0,-1.0,
xudHMA99H0o,Standard,5.0,0.0,
TXFM5o_cdDQ,Standard,4.5,2.5,
uY8v2qmIEPk,Standard,5.0,0.0,
9UG1e7JZeH0,Standard,9.5,10.0,
lBbSbCWqMDk,Standard,2.5,1.0,
0gLaEhP5LCc,Standard,5.0,0.0,
SpCWIRqDcNU,Standard,-1.0,-1.0,
X1H2AGAS_jY,Standard,6.5,7.5,
p6vjUl1-9us,Standard,5.0,7.0,
3vDdllZorIY,Standard,5.0,0.0,
LfK-cA8IMWY,Standard,6.0,7.0,
wCS4Ix5-pG8,Standard,-1.0,-1.0,
non3WVRQJCw,Standard,5.0,0.0,
J4TBMW34Pg4,Standard,-1.0,-1.0,
He1cG5XgacE,Standard,7.5,6.5,
FOjy1x-_3ys,Standard,8.0,9.0,
3Bjg8zvJGow,Standard,5.0,4.0,
LM9Vf9LTEac,Standard,7.5,8.0,
Hv7wnBQHbWw,Standard,5.0,0.0,
zIwvyAwyRW0,Standard,8.5,9.5,
IC3L4bESK6I,Standard,8.5,9.5,
ID2wQaRO690,Standard,7.5,0.0,
BhQhEWIw6Ww,Standard,-1.0,-1.0,
ix7skfHNKeM,Standard,5.0,0.0,
yf2odW1E7GE,Reaction,7.5,8.5,
ERZJvdiWUPk,Standard,7.0,7.5,
i3W9hi62Vps,Standard,5.0,0.0,
CHw6UfZJi4M,Standard,5.0,0.0,
Nx1_un8kaSk,Standard,-1.0,-1.0,
PEau38OfqtM,Standard,7.5,8.5,
dMh7E22V1ew,Standard,3.5,6.0,
cThAYD1w4Fs,Standard,-1.0,-1.0,
J6jfKXTBLg0,Standard,-1.0,-1.0,
-UyOEOKMXnw,Standard,5.0,0.0,
mkLDUMiUFxk,Standard,7.5,9.5,
u4knoYxZAeE,Standard,8.5,9.5,
DBWcakiP5Eo,Standard,-1.0,-1.0,
JtvXiMn-Tx4,Standard,7.5,3.5,
m1LQmjG6LyM,Standard,5.0,0.0,
X1qbvoW8NqA,Reaction,7.5,7.5,
dBKgj22cUbY,Standard,7.5,8.5,
nWYhUBQRjh4,Reaction,-1.0,-1.0,
JiWF6t2jlPg,Standard,2.5,3.5,
APACJHTRhps,Standard,9.0,10.0,
AC_X40pcawk,Standard,4.0,0.0,
CSXVCuP05YQ,Reaction,-1.0,-1.0,
QdtPShQgeEE,Standard,-1.0,-1.0,
0Bpv5sBUbcI,Standard,9.0,9.5,
UQNxXG8XK3c,Standard,5.0,0.0,
e1704ajP4rQ,Standard,5.0,0.0,
cX9hYZOcqd4,Standard,8.5,9.0,
D9Tr2cQ4H38,Standard,8.5,9.5,
nYqXr3F9EWk,Standard,5.0,0.0,
9Rtp0z66i9M,Standard,7.0,6.5,
1iiuQaqaL2M,Standard,-1.0,7.5,
O7wAL8TYujI,Standard,4.5,0.0,
gpre0coZgGE,Standard,-1.0,-1.0,
BjaMjLI0dqg,Standard,5.0,0.0,
6KvLyMjLb74,Standard,4.5,0.0,
crRzvfSafmA,Standard,5.0,0.0,
m5W4dd3da70,Standard,4.5,0.0,
CetmWsFO7ms,Reaction,8.5,9.0,
YkZxD0Dw7dk,Standard,5.0,9.0,
E8V40qMuGsU,Standard,5.0,2.0,
kA9lkt8UNqY,Standard,-1.0,-1.0,
lUjdi9NPuBs,Standard,5.0,0.0,
N9-Ip1f1jx0,Standard,5.0,0.0,
OxDGgPvjLJo,Standard,8.5,9.5,
0QFEsuy0P6A,Standard,-1.0,-1.0,
Oq8E9_JKhVQ,Standard,5.0,0.0,
mUW77StcLQk,Reaction,7.5,8.5,
xJJXYLRZpvE,Standard,9.0,9.5,
5kmeYM9BhvU,Standard,3.5,0.0,
hYKx7UJb_lg,Standard,8.0,7.5,
qhzinlUOUiA,Standard,-1.0,-1.0,
oAVyoA5wzmA,Standard,-1.0,-1.0,
oBMfy8THabA,Standard,5.0,0.0,
SyDytyaUg4s,Standard,9.5,9.5,
tZq4Si6g0aA,Standard,8.5,7.5,
99ulTnqjoHg,Standard,-1.0,-1.0,
lkfYIViHjjU,Standard,5.0,2.0,
JxuO4Gb69gE,Standard,5.0,0.0,
2YgYVg9yL0Y,Standard,6.0,8.0,
23zfhcqtbjI,Reaction,8.0,6.0,
WL_d1028jEg,Reaction,7.5,9.5,
EY4fLD9G0Gk,Standard,5.0,0.0,
UxMF0GSeeXU,Standard,5.0,0.0,
h-CTL1PPXyE,Standard,7.5,8.0,
zVva4bBUUk8,Standard,5.0,0.0,
caPcqfuwKa8,Standard,-1.0,-1.0,
jx10KZ4SJqo,Reaction,8.5,8.0,
-Y2qp4TUk9M,Standard,-1.0,-1.0,
czBj-ZkBaV8,Standard,-1.0,-1.0,
K-F9NXCDSSA,Standard,5.0,0.0,
5BNxHRBzlsU,Standard,9.0,9.0,
oLPm93ivDzE,Standard,4.0,0.0,
mve_qR0rMo4,Standard,5.0,0.0,
y0gu4QXwDpc,Standard,7.5,6.5,
4Ia1XqgEoLY,Standard,-1.0,-1.0,
D2PExnmf_WA,Standard,5.0,0.0,
hGVAs_AVQNw,Standard,2.5,8.5,
HodvJPX8-SI,Standard,-1.0,-1.0,
jKf_A4wFkL4,Standard,5.0,0.0,
eGvAJooj2G8,Standard,5.0,0.0,
Cg43Uim76os,Standard,7.5,8.5,
67PrFuINw7s,Standard,-1.0,-1.0,
kH-c1bS6jd0,Reaction,7.5,9.0,
0sYFKSUPubA,Standard,6.5,8.5,
YWfYSfDLtbE,Standard,7.5,8.5,
G1om7OWuLBs,Standard,-1.0,-1.0,
ulykaom7Tzs,Standard,8.0,9.0,
aNk1gS_uZfk,Standard,-1.0,-1.0,
KzLyB_XHEPg,Standard,5.5,7.0,
7Z62l2KNaO0,Reaction,3.5,8.5,
M3VdykMwR04,Standard,-1.0,-1.0,
PQeSUZXAEbk,Standard,5.0,0.0,
ehDUblHkq2s,Standard,-1.0,-1.0,
WyTK0bxcBow,Standard,5.0,0.0,
ORUen0CPFb4,Standard,-1.0,-1.0,
hdsVlTAGDD8,Standard,5.0,0.0,
rNTctUXrk0c,Standard,2.0,0.0,
Tpiu07a6cyU,Standard,7.5,9.5,
GHK13FJnYVc,Standard,7.5,9.5,
HnJlWMWqvLo,Standard,6.0,0.0,
vcr5pPJGhto,Standard,-1.0,0.0,
oo_3bfwr51w,Standard,-1.0,-1.0,
rjJhfwSNmxg,Standard,8.5,9.0,
kGscfVs6GeY,Reaction,8.5,9.5,
uy-F3BIcSxw,Reaction,8.5,6.5,
25j324DiUSM,Standard,8.5,8.5,
YPLpmVbDnYQ,Standard,-1.0,-1.0,
gKcaYDD35NY,Standard,-1.0,-1.0,
F6UTPPzJOR8,Standard,8.5,9.5,
7jv6rJ69qbw,Standard,5.0,0.0,
UcXF_VpAb2s,Reaction,3.5,0.0,
leVJ5m68D2U,Reaction,8.0,8.5,
SqBLk7j_jhM,Reaction,3.0,8.5,
tPXDKJ8xaFY,Standard,6.5,6.0,
fywdsAscHeU,Standard,5.0,0.0,
e6go-wvCqCc,Standard,5.0,0.0,
PdM6rq104MQ,Standard,3.5,0.0,
AalhbV3ce5k,Standard,8.5,9.5,
MyvY7EEB7ig,Standard,5.0,0.0,
m9cDmhXJY5k,Standard,1.5,1.0,
-4eMFdnSZjY,Reaction,8.5,9.0,
9jW-KwUTC78,Standard,9.0,9.5,
rYbW2awnrwc,Standard,5.0,0.0,
ZwFAeKOnKys,Standard,5.0,0.0,
TB9dG9luTr4,Standard,9.0,9.5,
lp9wRZSyoHI,Standard,2.5,0.0,
oPi6qTG_-Jo,Standard,7.0,7.5,
59-dIAzq0YQ,Standard,9.5,9.0,
Zue8MjULFCo,Standard,-1.0,-1.0,
FjqjyQ7pJgs,Standard,-1.0,-1.0,
CzTaL74U9mY,Standard,9.5,9.5,
0tS3h7fFIlQ,Standard,5.0,1.0,
r2mqPzmJhfc,Standard,9.5,10.0,
AzwN7PBqBNc,Standard,3.5,1.0,
2GFGQ77A8OY,Standard,2.5,6.0,
0jhVXlgFCiM,Standard,-1.0,-1.0,
Sxz_-ZJ6ttc,Standard,5.0,0.0,
ftFXNOBfvlI,Standard,-1.0,-1.0,
ez7TyaPXreE,Standard,7.5,6.5,
9Qt4r03KOVc,Reaction,-1.0,-1.0,
R0Bo8epn4n8,Standard,5.0,0.0,
807DwFQIRJ4,Standard,4.5,0.0,
DAELnlXS4yE,Standard,5.0,0.0,
joKraNbULV4,Standard,1.5,5.0,
opv6emFlefQ,Standard,-1.0,-1.0,
wPWOBIOXPq8,Standard,8.5,8.0,
VC21qzerlHk,Standard,3.5,4.5,
adK5lJHFVbc,Standard,-1.0,-1.0,
myDafb4GFqQ,Reaction,-1.0,7.0,
MEQwoq7PhUM,Standard,-1.0,-1.0,
k2PvnXKQTVA,Standard,4.5,0.0,
NsZm-xyMnnA,Standard,-1.0,-1.0,
58KFV1zQg4k,Standard,5.0,0.0,
YUJjuLLUOPw,Reaction,5.0,0.0,
x4lVyDv5_Vo,Standard,7.0,8.0,
ayb9nzcLiOY,Standard,-1.0,-1.0,
S46oCQUprXg,Standard,7.5,8.5,
Ij1ny9lX_bE,Standard,-1.0,-1.0,
95QZdcZBPZc,Standard,8.5,7.0,
XSW-wydzsmw,Standard,4.5,0.0,
gsLMx9gFyjM,Standard,-1.0,0.0,
VN_kAHIT9bg,Standard,5.0,0.0,
0uT4Xyng56k,Reaction,-1.0,-1.0,
RtzO2BAhKYI,Standard,-1.0,-1.0,
C8TorCpbwgo,Standard,6.0,9.0,
Pvc16Jm6iqU,Standard,5.0,0.0,
zG8lQgcxzvQ,Standard,6.5,8.0,
T1KYZRMA4Aw,Standard,6.0,3.0,
GX8hdaDBbZM,Standard,5.0,0.0,
coOxK_DqhaU,Standard,3.5,0.0,
Wn-ZdQ4NFYc,Standard,7.0,8.5,
aL62f-4mBoc,Standard,8.5,9.5,
jaY81wxdKko,Standard,7.5,9.5,
LC9pjnxbjNw,Standard,7.5,8.5,
fkeT-Bxuu6g,Standard,5.0,0.0,
idCoOVj_0Qo,Standard,8.5,9.0,
3j7THsBnvoA,Reaction,8.0,7.0,
07oAxE9KuWA,Standard,5.0,0.0,
8MGwOMkSbwc,Standard,9.5,8.0,
UFWnd7S54oE,Standard,6.5,8.5,
Lqcp9rq-0dE,Standard,5.0,0.0,
cZ_Li2KeT-k,Standard,2.5,8.5,
62Epak5ukT8,Reaction,-1.0,-1.0,
HDrP7Ktyg_o,Standard,5.0,0.0,
BrwPqBKsrI4,Standard,5.0,0.0,
LNyNxhOphk8,Standard,3.0,0.0,
Cu3_rydeNq0,Reaction,2.5,0.0,
NLar74LNQoI,Standard,-1.0,-1.0,
lFtb0TOzvF0,Standard,8.0,7.5,
5FhGc-P_Vms,Standard,3.5,0.0,
Q8DQg14t_Gk,Standard,6.0,0.0,
H_e_ONIiAe8,Standard,5.0,0.0,
J_Oeg7617EI,Standard,7.5,7.5,
wS9DGwKhLDM,Reaction,4.0,7.0,
L8XDlzctbbY,Standard,5.0,0.0,
qZ_qMWi2aa0,Standard,4.0,0.0,
upJRw9lTMNc,Standard,7.5,9.0,
3Rhsky8Id8E,Standard,5.0,0.0,
h0zJNz_-6YM,Standard,-1.0,-1.0,
4MkR31wfDzU,Standard,7.0,6.0,
vSdMKkXdnYA,Standard,-1.0,-1.0,
UbWm913F1Qo,Standard,5.0,0.0,
L244ewTaSJI,Standard,3.5,0.0,
LpkfgfzJd3Q,Standard,8.5,9.5,
a-hka6R27wU,Standard,5.0,0.0,
YeitFlv8rSg,Standard,1.5,8.5,
c9JZ6zZ8AUg,Standard,5.0,0.0,
e8rV808RFcc,Standard,7.5,8.5,
LjBapFrMe1g,Standard,7.5,9.0,
4ODjmuU3sAs,Standard,4.5,0.0,
aS4_NS0CrCY,Standard,-1.0,-1.0,
f6oxESM7W4Q,Standard,-1.0,-1.0,
mliAk7kUmXU,Standard,-1.0,-1.0,
8od46s-Z5K4,Reaction,-1.0,9.0,
i9WKU6gtIQI,Standard,-1.0,-1.0,
cFfojDapDCg,Standard,7.5,8.5,
aaPi_SEQYfA,Standard,6.5,8.5,
b3VVTNXYtUQ,Standard,5.0,0.0,
sw1Y3ZYq1KE,Reaction,-1.0,-1.0,
UMW1P9wQkBs,Standard,-1.0,-1.0,
MFMzdv5cdk8,Standard,3.5,1.5,
BELMtu_9MqQ,Standard,-1.0,-1.0,
n4MNiLjY9hA,Standard,-1.0,-1.0,
NCnMoutv0YI,Standard,7.5,6.5,
zODR-EC3V2s,Standard,7.0,2.5,
PqN89DnI-4c,Standard,3.5,0.0,
2nBL2P2iD1I,Standard,5.0,0.0,
Uh92lj_5pvQ,Standard,5.0,0.0,
niFpOQ-DITQ,Reaction,-1.0,-1.0,
r9TTlfDOuiA,Standard,5.0,0.0,
w-zYq1-c9oA,Standard,4.5,0.0,
wWUV4OYSOKo,Standard,-1.0,0.0,
cgw052_ZFYU,Standard,6.5,4.5,
MwN24PaNFBk,Standard,2.5,3.5,
B5QSHfBsxgM,Standard,8.5,9.0,
Ho9DTHZ0s7M,Standard,5.0,0.0,
eW4m76u6CHU,Standard,5.0,0.0,
9a1NoOL2EtI,Standard,-1.0,7.0,
wditD88mIck,Standard,9.5,9.5,
2GR75Xi_BKE,Standard,7.5,0.0,
12J_0Du8ZrY,Reaction,5.0,0.0,
_MUzCSffMGQ,Reaction,2.5,6.5,
fag9RmxoUHY,Standard,3.5,0.0,
WkVuzPMXFj4,Standard,7.5,6.5,
NoruL6pqZvA,Standard,5.0,0.0,
F4paYOa65Ec,Standard,8.0,9.0,
wMxUuHA6CLE,Standard,2.5,8.5,
j2VXpMtAAVM,Standard,9.5,10.0,
CPltfNuEgrc,Reaction,8.5,9.5,
Oic1H6ZTQWY,Reaction,5.0,7.5,
hOHbs9OwpMU,Reaction,4.5,0.0,
sAZG9iGdeT0,Standard,5.0,0.0,
cguBeXePqIA,Standard,7.0,2.5,
0i2yQ7rylHE,Standard,7.0,6.0,
MAuukHDr80M,Reaction,7.5,7.5,
8w5Wcy7C39U,Reaction,-1.0,-1.0,
HIZxhDSyGOo,Standard,4.5,0.0,
bgXJC1qdRpo,Reaction,7.5,9.0,
C8xabvViiY8,Standard,8.5,7.5,
eC-ypZ2qhCw,Reaction,9.0,10.0,
vfg8CK0kgjI,Standard,5.0,0.0,
YfxX4dgnV20,Standard,5.0,0.0,
lAHnBUieevs,Standard,7.5,7.5,
XrEWoruo8VA,Standard,6.0,6.0,
zNITvnzYzhQ,Reaction,-1.0,-1.0,
Zu91UHfDTbw,Standard,7.5,6.5,
Yvhnj4NSKeE,Standard,-1.0,-1.0,
TCWMoKghmKQ,Standard,5.0,0.0,
wbwnbWaGfFk,Standard,5.5,0.0,
c5vZ-oZgys8,Standard,7.0,7.0,
NDq410PrYJY,Standard,-1.0,-1.0,
Pj6s8G3k3Eg,Standard,6.8,2.5,
hpH6qM3otsg,Standard,8.5,9.0,
Tba2MZDoPTQ,Standard,8.5,9.0,
7Q5lFIkZzq0,Standard,5.5,3.5,
tcXAZ3xnuqU,Standard,7.5,9.0,
2yL41yDfeoA,Standard,2.5,1.0,
iRc3zWRyfWY,Standard,5.0,0.0,
rACKkwyMYhE,Standard,6.5,7.5,
r5DKhlXweHE,Standard,7.0,8.5,
aic8q21RznE,Standard,-1.0,-1.0,
nhoYR2rC-_U,Standard,-1.0,-1.0,
sJIObN54DVk,Reaction,7.5,9.5,
JMVz_VjWO_Q,Standard,5.0,0.0,
RNhK4v4IxTs,Standard,-1.0,-1.0,
M4r6ehjxK8M,Standard,2.5,0.5,
plAbCDTeLdc,Standard,5.0,0.0,
qSPVItZUx2A,Standard,-1.0,-1.0,
_ZZPGBQZ8JM,Standard,-1.0,-1.0,
madtPUvP3_g,Standard,7.5,9.0,
Ov8LiI9P-bU,Standard,5.0,0.0,
-71Qo6g4SR8,Standard,3.5,3.5,
7ytUs14wFWI,Standard,2.5,8.5,
VdPFxu9X480,Standard,-1.0,-1.0,
41siFvKVMGo,Standard,7.0,9.0,
0HPMFEheG84,Standard,5.0,0.0,
iAtgVDvZ3-A,Standard,-1.0,-1.0,
4VW6IskbzYU,Reaction,-1.0,-1.0,
o6WuRvmYL4g,Standard,5.0,6.5,
u68Qb8aIYkY,Standard,5.0,7.0,
KCLysw8Jyp4,Standard,5.0,0.0,
LJmTEVUiNhg,Standard,2.5,1.5,
tjrqTO0wSY4,Standard,5.0,0.0,
2tfa6lh6u4U,Standard,9.5,7.5,
1i4uQ1P56k8,Standard,6.5,7.5,
-HWN9QfuPns,Standard,4.0,0.0,
RGunD4eduxs,Standard,7.5,7.0,
Gpf4IK90oEY,Standard,9.5,9.5,
RxtfcRfNK0g,Standard,8.5,9.5,
10DHvh41uWY,Reaction,5.0,0.0,
esG0GSslWc4,Standard,5.0,8.0,
BDM4AfmMFkQ,Reaction,-1.0,1.0,
VMS7PvsH24U,Standard,-1.0,-1.0,
xsLWj9PdywM,Standard,3.5,0.0,
yLgZbGgTYWw,Standard,5.0,0.5,
U4RI9MBnaVM,Standard,-1.0,0.0,
uZnsI9loA70,Standard,5.0,0.0,
Ou6Cf8Sveuc,Reaction,3.5,7.5,
QtwtQkdE3Xk,Standard,7.5,9.0,
ngCOLA497PU,Standard,2.5,0.0,
tSBlWdfYpOo,Standard,5.0,0.0,
RSBS2e0RXRA,Standard,8.0,9.0,
odghCn9KLyw,Standard,8.0,9.0,
OMvpng-E1cI,Standard,6.0,0.0,
FPM1ODeOmpc,Reaction,-1.0,-1.0,
Cf-OwoQtM9M,Reaction,6.5,6.0,
Fkh9yC_opc0,Reaction,-1.0,-1.0,
hwHk3OPI4Us,Standard,-1.0,-1.0,
ev-s_6USDUo,Standard,8.5,8.5,
sHB4KtF7HsM,Reaction,-1.0,-1.0,
iMPaRnc4zyE,Standard,5.0,0.0,
-6PCR3--NHc,Reaction,6.5,8.5,
mAc_2Yhuxxc,Standard,4.5,6.5,
6zfGiTsQVNQ,Standard,-1.0,-1.0,
bs2l3D93Ya0,Standard,7.0,9.0,
bTIy7_DI0vw,Standard,5.0,0.0,
QNkF06nZYXU,Standard,8.5,9.5,
K0YESn2Bo1Q,Standard,8.5,9.5,
Bhe9ses_7Ns,Standard,8.0,6.5,
4meO98Hf-78,Standard,2.5,1.0,
Nxfm6CgXT20,Standard,2.5,4.5,
QxvgIlzXJ8Q,Standard,5.0,0.0,
4vNuHMiJZp0,Standard,5.0,0.0,
K-ANDMzj5BE,Standard,7.5,7.5,
A94ZNdUZANE,Standard,7.0,8.0,
HxqOAGeSuTg,Standard,8.5,8.0,
VRpYrusk7bU,Standard,6.5,9.0,
X28CnxvDDD8,Standard,5.0,0.0,
PYtfqeqKMto,Standard,5.0,1.0,
jNl93VMIH1U,Standard,8.5,9.0,
fjDpnlxMB_M,Standard,7.5,9.0,
dZOn9tObaZ8,Standard,8.8,8.5,
qaXvwLPZYy0,Standard,5.0,0.0,
CB_Q01nhlrs,Standard,7.5,6.5,
y52VC_C2tWc,Standard,8.5,7.5,
LBIi2VGDSfI,Standard,5.0,0.0,
3tVICPhawew,Standard,5.0,0.0,
nEQmnIlckYA,Standard,8.5,9.0,
XVGnSVw39eg,Reaction,7.0,8.5,
d0TfB9tY4Ho,Standard,-1.0,-1.0,
aacknllCSag,Reaction,-1.0,-1.0,
piCBe6nAdbM,Standard,5.0,0.0,
ToA1LG3VxeQ,Standard,3.5,1.5,
ZfxK2ldTtlY,Standard,5.0,0.0,
4fWc2C515YA,Reaction,8.0,9.0,
0XRIjoo-vVs,Standard,7.5,8.0,
lV9taVJkY-A,Standard,5.0,7.0,
e4PCZHoNhFY,Reaction,2.5,6.5,
pPI69taRBK4,Standard,5.0,0.0,
lZfmuwxlbBw,Standard,5.0,0.0,
eItwTUT4zj8,Standard,6.5,6.5,
fxpqYNCwTPc,Standard,-1.0,-1.0,
TPN09xGqrFc,Standard,-1.0,-1.0,
dYgW10ZdIR4,Standard,7.5,7.0,
kAk98Z1aFYw,Standard,7.5,6.5,
ROGu9QDVFNs,Reaction,-1.0,8.5,
6P5juJ_4Yxw,Reaction,-1.0,-1.0,
uKfQNj81fH0,Standard,-1.0,-1.0,
VyTce24F1Yc,Standard,5.0,0.0,
6YNwIOFryJw,Standard,8.5,9.0,
_rH8tBkCq0I,Standard,-1.0,-1.0,
9coMH1XVFgA,Standard,5.0,7.5,
PKFIXuY31XI,Standard,6.0,7.0,
TZlHmpY0eIY,Standard,-1.0,5.0,
QKyWzHddQAk,Standard,-1.0,-1.0,
Q-zzo1s41S4,Standard,-1.0,-1.0,
ChPMABl_PtE,Standard,8.0,9.0,
EkV2rM04zQU,Standard,-1.0,6.0,
bvoHNrUapwQ,Standard,5.0,0.0,
VHnDcavKwqA,Standard,2.5,7.5,
NwlSndTiGfk,Standard,-1.0,-1.0,
NyDcIs5W-OQ,Standard,-1.0,-1.0,
b2PnYHaRWWQ,Standard,8.5,9.5,
-_YfXFTeuio,Standard,-1.0,-1.0,
EKi0Q40hLWo,Reaction,7.5,8.5,
w0HIVfGZXu8,Standard,5.0,6.5,
UBvfq_EK8MM,Standard,7.0,8.0,
Kp-idZP0v60,Standard,8.0,9.0,
ZlHkIPp5FGQ,Standard,4.0,0.0,
XDil40hWMpQ,Standard,-1.0,-1.0,
IZID33nybxM,Standard,8.0,7.5,
PbL_Vb8AZk0,Standard,3.0,0.0,
Q5aGGsaCfu4,Standard,5.0,0.0,
8FtboonzRIc,Standard,-1.0,-1.0,
efYnXenJY7k,Standard,6.5,7.5,
0765Er-sVvY,Standard,7.5,6.5,
sVeb89EkGiQ,Standard,7.5,6.5,
hJ-wHS4eNUk,Reaction,-1.0,-1.0,
DduTnse92gM,Reaction,-1.0,8.5,
rUDUyYB4UHQ,Reaction,7.5,8.0,
BwfnSvDYkV0,Standard,-1.0,-1.0,
1TeeFJHHB_g,Standard,8.5,8.0,
s1WP22TDJxo,Standard,8.5,9.5,
cUGjMCgR9FE,Standard,2.5,6.0,
ZLtxqMqCOus,Standard,-1.0,0.0,
eqE13pzok3I,Standard,7.0,6.5,
Hq8zNCViTtU,Standard,9.0,9.5,
vcU_D9ZkXy4,Standard,-1.0,-1.0,
ZAedL9IW8jI,Standard,4.0,8.5,
tKNYmMEukbo,Standard,8.5,9.5,
QZcdnkLwbhw,Standard,3.5,0.0,
EuWPeqva2N4,Reaction,7.5,8.5,
X_TAZdV66TE,Standard,5.0,0.0,
55Ix_jXQXUQ,Standard,6.0,7.0,
kZMF3f4NTF8,Standard,-1.0,-1.0,
NVCsSu_X9Lg,Standard,5.0,0.0,
Ui1iuN5wtHo,Reaction,-1.0,-1.0,
1YWR20wrOlg,Reaction,-1.0,-1.0,
vg1YvbTs79M,Standard,5.0,6.0,
f9ILT4jTTdM,Standard,7.5,8.0,
ajoSeIIlKKQ,Standard,5.0,0.0,
g_TcXtztcis,Standard,5.0,0.0,
TaGIS2QHcqc,Standard,9.5,9.5,
CBAMnNy0jwM,Standard,5.0,0.0,
QpubQzHJDRo,Standard,9.0,9.5,
7ywmNUf3gi8,Standard,-1.0,-1.0,
pWr8NVyxGIk,Standard,2.5,0.0,
4kbq_Z4Cpdo,Standard,-1.0,-1.0,
9cjbWYOA69A,Reaction,6.5,7.0,
RaSFF6GmYhs,Standard,7.5,7.5,
MpZj39F67nQ,Reaction,-1.0,7.0,
UYZPME9P4t0,Standard,-1.0,-1.0,
hUHraE2F6q4,Standard,8.5,9.0,
ZHGb6P_kQo8,Standard,5.0,0.0,
k9cJBHJdTQo,Standard,6.5,7.5,
kWzDBqYN8u4,Reaction,-1.0,8.0,
Asz8MwmM77Q,Standard,8.5,8.5,
2k--FD29TVI,Standard,-1.0,-1.0,
XNGrm64xf2Y,Standard,-1.0,-1.0,
SHFav5gDI88,Standard,5.0,0.0,
Nkn9UCcUS0I,Standard,5.0,0.0,
csUhkXou9u8,Standard,7.5,9.5,
Srkh-e_cO8c,Standard,5.0,0.0,
LvFDjunE6mg,Standard,7.5,8.5,
2YTrdnKdOJA,Standard,5.0,2.0,
NTLVmJd3vrk,Standard,5.0,0.0,
MAt7mSJdIAI,Standard,-1.0,-1.0,
LZ6Ms_zp3Vo,Standard,2.5,0.0,
7AfIUbPy4b0,Standard,-1.0,-1.0,
tqPA6ynqpNU,Standard,7.5,6.5,
5hYt3FG3VG8,Reaction,9.0,9.5,
NHi_HjgBPq0,Standard,5.0,0.0,
vcR7DkUrJ98,Standard,-1.0,-1.0,
MmcaUET9Mt8,Reaction,8.5,8.5,
EqQdBdkkksI,Standard,5.0,0.0,
HJxXFEg9fWg,Standard,5.0,0.0,
qAycz0ZvXMw,Standard,3.5,1.0,
1-a1WgFK44M,Standard,6.0,6.0,
jlV97V-UxGQ,Reaction,7.5,9.0,
Rod4eigQ7Bc,Standard,6.5,0.0,
tO_S-9ckh5M,Standard,8.5,9.5,
XXb_kd3jVnI,Reaction,7.5,9.0,
YZWc5N-pLK8,Standard,6.5,7.0,
JCPNoApNrSo,Standard,5.0,0.0,
j70tc0CQads,Standard,5.0,0.0,
EAPs3_yEfw8,Standard,-1.0,-1.0,
lY0afGVdMqg,Standard,-1.0,-1.0,
3H-0_Vv8RNA,Standard,4.0,0.0,
oNxD3O6fy9c,Standard,7.5,4.5,
G-3l1TUz_OQ,Standard,-1.0,-1.0,
GKDGFffmnUA,Standard,8.5,9.5,
SoJWWBAuyIw,Standard,5.0,0.0,
Hxx_W534OS0,Standard,5.0,0.0,
zR_302eL1kk,Standard,-1.0,-1.0,
UigUCuGoWk4,Reaction,7.0,8.0,
2_ZRTkgEmVk,Standard,-1.0,-1.0,
AwEEiHUX5DQ,Standard,8.5,9.5,
OpU2a-iAmZY,Standard,4.5,1.5,
6ze_3i39PO4,Standard,-1.0,-1.0,
uPR1KurHRvs,Standard,5.0,0.0,
AazOEZWtmRM,Standard,5.0,2.0,
mzkaWuLvs1M,Reaction,-1.0,-1.0,
FMAskWYMkGI,Standard,-1.0,-1.0,
SrfLtVvQ5C4,Standard,7.0,7.5,
F4LNIaYZtN0,Reaction,7.5,9.0,
dPR2819MlMM,Standard,5.0,0.0,
-aeInQsjPm8,Standard,6.5,7.5,
SyIGg8kh5B0,Standard,5.0,0.0,
Zc-Ygz5FH_I,Standard,-1.0,-1.0,
FhHgf_n59PI,Standard,2.5,8.5,
ATY37QPo7U0,Reaction,1.0,8.0,
t7SodprG9tw,Standard,-1.0,-1.0,
YaxgcJTVMR0,Standard,5.0,0.0,
-bWP6nIV79U,Standard,-1.0,-1.0,
GNn0vCi9SC8,Standard,2.5,8.5,
X9EWD2TQMxQ,Standard,8.5,8.5,
EU6JWRq1En8,Standard,7.5,8.5,
tJ7U7QWQfd8,Standard,8.0,0.0,
V4mmNN8zTB0,Standard,-1.0,-1.0,
fOxSyNzhADM,Standard,8.5,9.5,
aZrJ8L1W7L4,Standard,7.5,8.5,
88L_fRL_LjU,Standard,-1.0,-1.0,
JcrtCo-US1c,Standard,7.5,8.5,
i-1tKRHxhF0,Standard,5.0,6.0,
yBLMMBfBe5A,Standard,7.5,9.0,
sIiULSgJ_i4,Standard,3.5,1.0,
5tmPs2qh0OY,Standard,5.0,0.0,
qBrkWM4agFM,Reaction,7.0,7.5,
Ti-I58P8atk,Standard,7.5,8.0,
jT6YrUSJ6uI,Standard,5.0,0.0,
HLtx5S1hLoI,Standard,5.0,0.0,
_nZkGsRzaek,Standard,5.0,0.0,
Sqpf2gOJDUE,Standard,-1.0,-1.0,
hPqGXsFvikA,Standard,3.5,7.5,
fB7_AgMvvRo,Standard,9.0,9.0,
UzkEE-vmcOU,Reaction,3.5,0.0,
kvNNJeQJZHQ,Reaction,7.5,8.5,
OE6FYzVYUKI,Standard,5.0,6.5,
rbsEQel5XEw,Reaction,-1.0,0.0,
eeTOvsjJP_w,Standard,7.0,8.5,
RrB0AfLmfNM,Standard,7.5,9.0,
LduT5XIVt_U,Standard,5.0,0.0,
GZSTTwaEHBQ,Standard,8.5,9.5,
af1Ve9Wmebc,Standard,-1.0,-1.0,
4pFyQLdytNw,Standard,5.0,0.0,
NoCldKsPrXo,Standard,7.5,8.5,
WY8MXiHbIAk,Standard,3.5,0.0,
DPuzCrPYLM4,Standard,2.5,0.0,
NFpmoYPAd5c,Standard,-1.0,-1.0,
y4ARYgsfm1Q,Standard,3.0,6.5,
1nvWH4iaRYI,Standard,-1.0,-1.0,
WojYJSsgPEM,Reaction,7.5,8.0,
wybgXl2kPDE,Standard,4.0,0.0,
luX8uwa7qk0,Standard,6.5,8.5,
7MuSCnbmFEE,Standard,-1.0,-1.0,
uqNpRUhd9Y0,Standard,5.0,0.0,
hWsVKyOD-HE,Standard,5.0,0.0,
3KNI4IgMtFg,Reaction,3.5,7.5,
fnlV6QnVTKo,Standard,5.0,4.0,
JEaDpnaqmoE,Standard,5.0,0.0,
2PKrXQZxk3o,Standard,1.5,0.0,
AClFlcSNr2c,Reaction,7.0,8.0,
Dxe8Y2qQ2Y8,Standard,5.0,0.0,
OCXh_PNciQI,Standard,7.5,7.0,
OKB1Zjr2axk,Standard,5.0,0.0,
PGJ2jKU-YdU,Standard,-1.0,-1.0,
GPnNg6E7USQ,Reaction,-1.0,6.0,
4ghzzYuMs34,Standard,-1.0,-1.0,
GBMeJ9FntEc,Standard,-1.0,-1.0,
0YhPUswAxr0,Standard,7.5,4.5,
3OCfAmjJ_eY,Reaction,7.5,6.5,
HHOdxvZZy6k,Standard,7.5,7.5,
knNKYvb94xI,Standard,-1.0,-1.0,
krR3FKvwzs0,Standard,3.5,0.0,
eV3YidxX_MM,Standard,8.5,9.5,
09W1qdiBXXE,Standard,7.5,8.5,
AnA3dQwDOIs,Standard,8.5,9.0,
t-skgDIGmY0,Standard,5.0,0.0,
cAk6kuID0E4,Standard,5.0,0.0,
tD7UZCILydg,Standard,-1.0,-1.0,
16ed6uIrfU0,Standard,5.0,5.0,
RkD17EE3Wyo,Standard,5.0,0.0,
0DDisu3CaTo,Standard,7.0,3.5,
EuU2MtP_CBk,Standard,5.0,0.0,
OezOM5tzjJI,Standard,5.0,0.0,
JPrLTAVN0YE,Standard,2.5,1.5,
r95sOAD3IyQ,Standard,-1.0,-1.0,
901wcl6WDw4,Standard,-1.0,-1.0,
HtqisCifAUE,Standard,8.5,9.0,
Pcd67z8nq7A,Standard,7.5,9.0,
UxI9ZSxyXBI,Standard,8.0,7.5,
0EhDLmW402Q,Standard,4.5,0.0,
Y9wGgMBFaEA,Standard,-1.0,0.0,
GlPa8JV4Er0,Standard,6.5,9.0,
-NeXAt7MgG8,Standard,-1.0,-1.0,
DafAheT7n0Q,Standard,7.5,7.5,
pR0usp1PCO4,Standard,7.5,9.0,
NLgvvNqtp9k,Standard,5.0,0.0,
TPfdxJ0upno,Standard,5.0,6.0,
8hd1Uw4KwuU,Standard,9.0,9.5,
1-912TY_rqw,Standard,4.0,0.0,
OpvlQgxsZsQ,Reaction,9.5,9.5,
PdVm44lvYwU,Standard,5.0,0.0,
4qpB8q22Ihs,Standard,7.5,8.5,
cNbFEAf30gc,Standard,8.0,8.5,
ocNK8SwMkWE,Standard,3.5,1.0,
cGRswQOh-co,Standard,5.0,0.0,
exLkROvYvSc,Standard,5.0,0.0,
AXNr3NQvWp0,Standard,5.0,0.0,
8bus0WSuc-k,Standard,3.5,7.5,
c9wcRfucsrg,Standard,-1.0,-1.0,
2QH5dgNxZFI,Standard,5.0,0.0,
gSGzQGcfZoo,Reaction,9.0,9.5,
23Rhy7DO2EM,Standard,7.5,3.5,
m0nSyh9U5sM,Standard,-1.0,-1.0,
gsJXF-xwRbw,Standard,-1.0,-1.0,
O3YQFSnRDIQ,Standard,-1.0,-1.0,
4-bJfuvoOa8,Standard,-1.0,-1.0,
3ztler3IOYw,Reaction,7.5,8.5,
w1-v2ymLI30,Standard,-1.0,-1.0,
7Zv1bjnFS3A,Standard,-1.0,-1.0,
PkO4Os9i9As,Standard,-1.0,-1.0,
k8wdcPrY16o,Standard,9.0,9.5,
QEprDhGo7nQ,Standard,-1.0,-1.0,
U4ABUB8Kst4,Standard,-1.0,-1.0,
tjw-B7WnksM,Standard,-1.0,5.0,
drI-jnspvCs,Reaction,3.5,0.0,
NyJZ-UbCHqA,Standard,6.5,0.0,
FiCdd6_QAQ8,Standard,-1.0,-1.0,
C4XrqM_696A,Standard,5.0,0.0,
WfNDjAHtnT0,Standard,5.0,1.0,
cY7gtQLEIMs,Reaction,3.5,8.5,
2AYUDI_eH5o,Standard,5.0,0.0,
HGk0AbS1aAI,Standard,8.0,7.5,
XQfZSX5fHM4,Standard,5.0,7.0,
w6IB4_7iZOA,Standard,7.5,9.0,
lUs-HfSjd0Y,Reaction,5.5,0.0,
3rQIR4Gck2U,Reaction,7.0,7.5,
HKebSJQWdqk,Standard,-1.0,7.0,
1YjoQLdzwYw,Standard,8.5,9.5,
wRhTttVSpdM,Standard,7.5,8.0,
dUbAP6XTQKk,Standard,9.5,9.5,
xsV-i1Anr9s,Standard,5.0,0.0,
z3aMk6Lm3J8,Standard,-1.0,-1.0,
LHfO7T6yZIs,Standard,3.5,0.0,
M_ZEk3TC0xo,Standard,8.5,9.0,
v5aj5vn7KU4,Reaction,-1.0,-1.0,
lMak76sSp58,Standard,5.0,0.0,
yBkRcgy6MVM,Reaction,8.5,9.0,
InCLSLGm6lQ,Standard,-1.0,-1.0,
9Ni14oYPySk,Standard,7.5,9.0,
Ojf_3M7MfkQ,Standard,-1.0,-1.0,
EKpSrqbIY5M,Reaction,8.5,9.0,
0dcofL8iH4w,Standard,-1.0,-1.0,
KV8eErX3pfw,Standard,2.5,6.0,
9z9KI4jVVrw,Standard,6.5,0.0,
VU8yK4nfd08,Standard,8.5,8.5,
sgss1DvQYKo,Standard,4.0,7.5,
XUm_exlVEFI,Standard,8.5,7.5,
GHXfUTNAwVw,Reaction,7.5,8.5,
qZnDF_PnIs8,Standard,8.5,8.5,
ynahzdpC-fA,Standard,5.0,0.0,
LF6hdVOdAJU,Standard,-1.0,-1.0,
J-P7SVNHCGM,Standard,-1.0,-1.0,
H00-gajVzbE,Standard,-1.0,-1.0,
uhQdLtynFds,Standard,-1.0,-1.0,
2xpuCQYWhfw,Standard,5.0,0.0,
hXPlgEcxoy0,Standard,7.5,9.0,
PXGsnXIlM7w,Reaction,5.0,9.0,
qIqodykqGDs,Standard,5.0,0.0,
mhXWRIgggZ8,Standard,2.5,7.5,
rIKX6PkZ4Gs,Standard,-1.0,-1.0,
HmzbYYTwEa8,Standard,7.0,9.0,
rVj0Cg3W2Xc,Standard,7.0,9.0,
-J4dxPfpBeE,Standard,3.5,0.0,
RJIJM8m3jFU,Reaction,4.0,7.5,
vOiHNY7pKUo,Reaction,-1.0,7.5,
_okhAsU6vr8,Standard,8.5,9.5,
sU8TMRr9DNo,Standard,9.0,9.5,
IdlIKeVAg94,Standard,5.0,0.0,
_BD7xwKDgmE,Standard,5.0,0.0,
G8MJ-bAE7-U,Reaction,-1.0,8.5,
rPdrQ_4F0wM,Standard,7.0,0.0,
4ISb0Wq9cSk,Standard,-1.0,-1.0,
yXfKNG1JWEo,Reaction,5.0,1.0,
dRni61lx9As,Standard,-1.0,-1.0,
HbfeASpDOuk,Standard,5.0,0.0,
aH6LdZBYyTc,Reaction,5.0,7.0,
pQj1vTEtRWc,Standard,5.0,0.0,
aFnG1MH4vU8,Standard,5.0,0.0,
XCh_3wNhwic,Standard,7.5,8.5,
j3CE_zd_138,Standard,7.5,8.5,
TLO3IylzdVA,Standard,8.5,9.5,
oRjv5JD3yE0,Standard,-1.0,-1.0,
R4Bj5k8biq8,Reaction,9.0,9.0,
GxZ3U2UyVrQ,Standard,5.0,0.0,
qTfnkD6d7-s,Standard,5.0,0.0,
9USYlzzVHbA,Standard,5.0,0.0,
8zbQf_ugd7o,Standard,4.5,2.0,
uw_XbCISy6Q,Standard,7.5,7.5,
zYeqkgHkoWg,Standard,7.5,8.0,
4X4jJbZdPNk,Standard,7.0,6.5,
w0uODXsKexY,Standard,5.0,0.0,
Rt0tarS6LXA,Standard,5.0,0.0,
e-9JHcUX080,Reaction,7.5,9.0,
xBrIoXmugtk,Standard,-1.0,-1.0,
xAmZGtWX734,Standard,-1.0,-1.0,
j9J1Sc9idd4,Standard,-1.0,-1.0,
ijUEUoZ5nJw,Reaction,7.5,9.0,
G0Z4jkZu_Kw,Standard,8.0,7.5,
2_H3e1RoRPg,Standard,5.0,0.0,
U0XV8woZQT4,Standard,-1.0,-1.0,
0LwpX5f0tP8,Reaction,8.5,9.5,
Bx_-QHk6z2k,Reaction,8.0,9.0,
FpUHRpYFbJo,Standard,7.5,7.5,
jX0w6hMo8H0,Standard,2.5,0.5,
h9IhwiDOTMU,Standard,5.0,8.0,
Wteq9A3dgLU,Standard,5.0,0.0,
tyFJHDoe43k,Reaction,7.5,0.0,
9tMfoUIMv9w,Reaction,7.5,9.0,
YbZW8M8hXvQ,Standard,-1.0,-1.0,
E1J9IbYtXdc,Standard,-1.0,-1.0,
_u6-5gHnzac,Standard,6.5,4.5,
yii-KCKRTnM,Standard,5.0,0.0,
DvtnN1cWwow,Standard,6.5,1.0,
sl4z_ldlb60,Standard,7.5,2.5,
vRw4Y-w9uYU,Reaction,8.5,8.5,
vuo0R9gv71Y,Standard,3.5,0.0,
GUONVt23wdQ,Reaction,8.5,9.5,
eP9F3g9ryxE,Reaction,8.0,9.0,
YT5vi8xWXxY,Standard,7.5,8.5,
z9NP2otSF5Q,Standard,7.5,0.0,
oPZcRFznWr4,Standard,5.0,0.0,
HtsAMl59cYs,Standard,5.0,0.0,
nyhJ5tnzrMA,Reaction,4.5,1.0,
LEuUdNc8JIo,Standard,7.5,8.5,
z7BCWqcMKa8,Reaction,7.5,6.0,
zOi2Yy6jGZs,Standard,7.5,8.5,
jD9nGXRz_vo,Standard,7.5,0.0,
abn0w2UuaeA,Standard,5.0,0.0,
1QxEO0wwDf8,Standard,9.5,9.5,
RA-D6rVCZAM,Standard,5.0,0.0,
dO5k9qvRKGw,Standard,5.0,0.0,
Kk-UrveqAGM,Standard,7.5,0.0,
uSIoLqH-D0E,Standard,7.5,6.5,
zF8E3OZoQGU,Reaction,-1.0,0.0,
mQArh9RuGLs,Standard,6.5,0.0,
vMDVPsBHaZI,Standard,-1.0,8.0,
FUXdWfzGq_c,Standard,6.5,8.0,
oXXzVJ-SqnU,Standard,5.0,0.0,
1905t9pCsUY,Standard,5.0,0.0,
-isUHk3cu18,Reaction,5.0,0.0,
Iw4K1aK1Md0,Standard,8.0,9.5,
R37zr62cBOk,Standard,6.5,7.5,
K1LLVw2saek,Standard,10.0,9.0,
cufOzQi5HI8,Standard,9.0,9.0,
fg-XMWb0SgM,Standard,5.0,0.0,
dxL-p-RGTMo,Standard,5.0,0.0,
ouajsqYMfk8,Standard,5.0,0.0,
imWZDQH1el8,Standard,6.0,0.0,
ZmelN7MYB_8,Standard,5.0,7.0,
1wyeGA-ggQI,Standard,6.0,7.0,
HeaNd21FFOc,Standard,5.0,0.0,
ag5ZMLnN44Y,Standard,8.0,9.0,
T28-9xaDxNs,Standard,5.0,0.0,
yJyAsK5gRF0,Standard,6.5,9.5,
r1e8qfAwYNo,Standard,-1.0,-1.0,
fvdG5L2o_Q8,Standard,-1.0,-1.0,
bULHInbM27w,Standard,7.5,7.5,
WHgXQNTqjVc,Standard,-1.0,-1.0,
b8MCEZOaYgo,Standard,9.0,9.5,
WeIxvKwk4Ms,Standard,5.0,0.0,
pcafjQNYe0o,Standard,-1.0,-1.0,
Fpc71PoUXfg,Standard,6.5,8.5,
zmw6Hj2kXIQ,Standard,5.5,9.0,
2o3yqD1gJgo,Standard,5.0,0.0,
gRBQRIEbQiA,Standard,7.5,7.5,
QKAcB-pOjzg,Standard,-1.0,-1.0,
BpNU2mLn5OI,Standard,5.0,0.0,
R2DzQzhT04o,Reaction,4.5,0.0,
Fw1CPUmvvDE,Standard,-1.0,-1.0,
SqvuPlrFdHs,Standard,7.0,0.0,
P-nGFnJFiY0,Standard,5.0,0.0,
LDVI3alaxY4,Standard,-1.0,-1.0,
2BWV2nZhjYo,Standard,6.0,4.0,
Xl8olawsbeY,Standard,4.5,0.0,
A0I5GOzo_W8,Reaction,5.0,8.5,
0atGVV2ju34,Standard,8.5,9.0,
s_8LO_DZ1qw,Standard,5.0,0.0,
RaslD_1fbMQ,Reaction,-1.0,-1.0,
8Y4QyMhMvls,Reaction,-1.0,-1.0,
fDBykBaXFkw,Standard,5.0,0.0,
WlXdt8asOXw,Reaction,3.5,7.5,
DBN9ko5NaWA,Standard,1.5,7.5,
_dG5wMhuB78,Standard,6.5,0.0,
zschWMkMn9U,Standard,-1.0,1.0,
3qeT2iCENWc,Standard,3.5,0.0,
oMsAWVg3ouw,Standard,4.5,0.0,
VwG8KpgMraE,Standard,8.5,0.0,
-i2hMEoqG60,Standard,5.0,0.0,
67hEi-0AVEE,Standard,3.5,0.0,
nsSB4kw9_P4,Standard,5.0,0.0,
QHH89mWggrM,Standard,8.0,8.5,
c5vFGCXwANs,Reaction,9.0,9.0,
CuD__vrCaIk,Standard,5.0,0.0,
tiB8YR-ahQ4,Standard,6.5,3.5,
LhtzbugCpbs,Standard,5.0,0.0,
ukZ9KUuqMfM,Standard,-1.0,-1.0,
8pfXx6Hpdcs,Standard,9.0,9.5,
WCu-rX8JWQc,Standard,7.5,8.5,
3zfkIxhwblQ,Standard,-1.0,-1.0,
SxSdCuCukh0,Standard,5.0,0.0,
-xybirQM3oc,Standard,5.0,1.0,
YbtU8jN2C3U,Standard,-1.0,-1.0,
5fr2J4u0hiQ,Standard,5.0,0.0,
6Xwsw3jSnFM,Standard,5.0,0.0,
hJbtwD_zJZg,Reaction,2.5,4.0,
1KbMmOEql0s,Standard,5.0,0.0,
ZQ6inX60tqQ,Standard,5.0,0.0,
YzwAcl5Qp1k,Standard,-1.0,-1.0,
eONd48JvMqY,Standard,4.0,0.0,
nQ6AGDQ1faA,Standard,4.5,0.0,
DFQ31MeRcEM,Standard,5.0,0.0,
KeIsRzr1-B8,Reaction,5.0,7.0,
22QyVow-hH0,Standard,-1.0,-1.0,
FVqhbViTZxI,Standard,-1.0,-1.0,
8-UVGyBHC7w,Standard,7.0,8.5,
2y5iEnsFphg,Standard,5.0,0.0,
pWS8JhuI1PU,Standard,-1.0,-1.0,
y6CrNN5beqU,Standard,7.5,8.5,
QwogIRCyyjw,Standard,5.0,0.0,
tisrKVQS1ho,Standard,8.5,0.0,
dwCTxoASnI4,Standard,-1.0,-1.0,
mcRUM48CJds,Standard,7.5,1.5,
LxD_IyLqkLg,Standard,-1.0,-1.0,
K6S0hXAHAyc,Standard,7.5,9.0,
yWYPCGN6jhQ,Standard,5.0,0.0,
n2KgD_eToyE,Standard,8.5,8.5,
2Pk7KC86Yxk,Standard,4.0,0.0,
x4xOm7Xyqs4,Reaction,7.5,9.0,
6RFXhqmSbjo,Standard,2.5,7.5,
IKi-Uk34d4A,Standard,5.0,0.0,
XgbULj0fZsY,Reaction,6.5,1.5,
yciuri7FALk,Standard,-1.0,-1.0,
v_PP53DF8kc,Standard,3.8,0.0,
u-Lfb54wcJM,Standard,-1.0,-1.0,
y3l1IXe2SUQ,Standard,-1.0,-1.0,
WOD5gJTB1Eo,Standard,3.5,1.0,
8K1qMc8zPpY,Standard,4.0,0.0,
ukRWGDFpkgs,Standard,8.0,9.0,
AN_opwh2m8E,Standard,8.5,9.0,
x3i1xQXLJ8M,Standard,5.0,0.0,
bVHHaptwavs,Standard,5.0,0.0,
8wfB6z5PtXw,Standard,8.5,9.0,
ccFIgn1acqo,Standard,5.0,0.0,
dG-C6Vb1_6w,Standard,7.5,8.5,
YLx21Csc8Lk,Standard,-1.0,-1.0,
ZnQjvnKHdbk,Standard,2.5,0.0,
7sykRfxofN0,Standard,-1.0,-1.0,
kQVR2cxXbvY,Standard,5.0,0.0,
RhNPtMRV6ms,Standard,5.0,0.0,
v1MwWpPg4Kc,Standard,-1.0,-1.0,
clma0XBKAWU,Standard,6.5,8.0,
RnTvczuh9yc,Standard,6.5,7.5,
CJ9fadeXCko,Standard,7.5,7.5,
IzKtt4ubb_c,Standard,5.0,0.0,
ugOyfdoQk1Q,Reaction,7.5,9.0,
4Qg1qK4tu1U,Standard,-1.0,-1.0,
2adHGJ8kTGc,Standard,5.0,0.0,
QWcuPyUZFgk,Standard,2.5,1.0,
69WMqkQ69_w,Standard,-1.0,-1.0,
iOeI1QXLdJ0,Standard,5.0,0.0,
uB7Rxoss7do,Standard,-1.0,-1.0,
1sxjUTzZS1o,Standard,-1.0,-1.0,
7oKypIofD10,Standard,7.5,2.5,
65aEO1deFN4,Standard,2.5,8.5,
Bw3I6-61mwA,Standard,4.5,6.5,
k_RkQh2bVOI,Standard,5.0,0.0,
NKOkGvnMJlQ,Standard,-1.0,-1.0,
LGUhFqRT8pg,Standard,5.0,0.0,
62v_9ZgPddU,Standard,-1.0,-1.0,
H38clOQohow,Standard,6.0,6.5,
Tv7gy0WTd7w,Standard,3.5,2.0,
3W4DSNXz_LY,Standard,8.0,8.5,
lBtd9ELdkh4,Standard,7.5,5.0,
LnDHBVM1H_k,Standard,5.0,0.0,
Q7OmilkgyCE,Standard,5.0,0.0,
blURNAhHkm0,Standard,5.0,8.5,
AkdX4kbl9VA,Reaction,8.5,7.5,
w_xKYzup7pY,Standard,7.5,4.0,
dfQxFUx-3-c,Standard,-1.0,-1.0,
oHeh0l1uv4s,Reaction,6.5,0.0,
G2Re9vRfGUs,Standard,4.0,0.0,
E-RIqGck4ZM,Standard,7.5,8.5,
wcbzr32oZ-U,Reaction,7.5,8.5,
100Ob-T3Z5Y,Standard,3.5,0.0,
uigxcjvgCXg,Standard,-1.0,-1.0,
lzV_TGrYRso,Reaction,7.5,6.5,
r5LSuPb0fPs,Standard,5.0,0.0,
Z8SnaYXAAkA,Standard,7.5,9.0,
Xn0ZUhRL-NM,Standard,8.0,9.0,
81qCcCG9qIQ,Standard,7.5,8.5,
gvXTLum8MCg,Reaction,7.0,7.0,
pPQkVCggxRY,Standard,5.0,0.0,
EGGr7KnhHJc,Standard,9.5,10.0,
2qZekhwW2Fg,Standard,-1.0,-1.0,
2DoNlGlvgWg,Standard,7.5,8.5,
W8dsoWGywW0,Standard,5.0,0.0,
9uDkgH5Qnuc,Standard,-1.0,0.0,
JFtHVmxMw14,Standard,8.5,8.5,
ROjGMHUdWLU,Standard,5.0,0.0,
R6_LleoCjOw,Standard,9.0,9.5,
I-2z1a0BOkE,Reaction,1.5,6.0,
htp70snefyI,Standard,4.5,0.0,
ayHsZ4olneE,Reaction,7.5,8.0,
e3k63QSsWw4,Standard,-1.0,-1.0,
4_WE7qYCMD0,Standard,-1.0,-1.0,
aK5Pbp4QO3I,Standard,-1.0,-1.0,
kIutx04c03Y,Standard,-1.0,-1.0,
GMlQ_eh3WGA,Standard,8.5,8.5,
GIG-X9s3teA,Standard,6.0,0.0,
e1jYjQoRCgU,Standard,7.5,8.0,
FAvpvpZIeMo,Standard,5.0,0.0,
MdQT79Gt0Q0,Standard,8.5,9.0,
xqm16SABCrE,Standard,5.0,0.0,
ph0CeBCAuKM,Standard,7.0,7.5,
kDri-98sWM0,Standard,7.5,1.0,
4qt-oQXsZbU,Standard,-1.0,-1.0,
V-3RKfV6ZAE,Standard,7.5,9.0,
xejDTfwcXg8,Standard,5.0,6.5,
BXFNy06UOeU,Standard,6.5,2.5,
mfMQTY8V-UU,Standard,5.0,0.0,
PBi1_Za_dCg,Reaction,9.0,9.5,
RSkWcg8kSSE,Standard,-1.0,-1.0,
hKGNM-yB3E4,Reaction,3.5,7.5,
RgRA9AGQfxw,Reaction,7.5,9.5,
Wz5f8jNUync,Standard,-1.0,-1.0,
LTpoZpoDavQ,Reaction,-1.0,-1.0,
bkJhF0VHMok,Standard,5.0,0.0,
kPDFb0JmMlA,Standard,5.0,0.0,
IeRob72dG_0,Standard,6.5,4.5,
kgqvFuqpVAA,Standard,7.0,9.5,
9GUqpdDQB20,Standard,-1.0,5.0,
pwyUb920-GU,Standard,7.0,6.5,
wkaOz8OO9po,Standard,-1.0,6.5,
sz0xlVKKTrI,Standard,5.0,0.0,
NTLLMziih80,Standard,5.0,0.0,
YGY7fDNA9Ps,Standard,-1.0,0.0,
PuSDi_EcqaY,Standard,7.5,0.0,
oL-WdnZ3XR4,Reaction,1.5,7.0,
xebc5VkW3vs,Standard,5.0,0.0,
--I8kHFctX0,Standard,1.5,2.5,
fDFsM-HzA_0,Standard,8.5,2.5,
etc7uNXcpnE,Standard,7.5,7.5,
afO-rZKImA4,Standard,-1.0,-1.0,
BF_HMiMAuOE,Standard,2.5,7.5,
Rt8WrzUj1A8,Standard,2.5,1.5,
x0HupU14KQY,Standard,7.0,1.0,
Qccoiyk7wa4,Standard,9.5,9.8,
0oyoJMJtFZ4,Standard,-1.0,-1.0,
rebSSy_SgA8,Standard,5.0,0.0,
7mRipqaLuqI,Standard,3.5,0.0,
22-b77YdWI8,Standard,7.5,2.5,
1FgfHu3Rhcs,Standard,-1.0,-1.0,
rjAagXX5UQQ,Standard,-1.0,5.0,
7bb-Ru8VASM,Standard,5.0,0.0,
Rf0s1CjRmCQ,Standard,5.0,0.0,
m7WgfvjPND0,Standard,-1.0,-1.0,
3WNy0mJXW-0,Standard,5.0,0.0,
CaLbJUXipkc,Standard,5.0,0.0,
-QzswYCmBII,Standard,8.5,9.5,
bZ8zbImS4BI,Standard,8.0,7.5,
FR7Y2CqcsNM,Reaction,7.5,8.5,
GuEZ5XzE0Rs,Standard,8.5,9.5,
HCD_EdjoQEQ,Standard,7.0,9.0,
iKG1j74220A,Standard,8.5,9.5,
nmE-JV54iig,Standard,5.0,0.0,
TpRrsdxEN4E,Standard,8.5,9.0,
AftIJSmN2Ro,Standard,7.5,6.5,
sBRKF4Qyqzo,Standard,6.0,8.5,
q9xN7EYCqtg,Standard,-1.0,-1.0,
d4fGqEy3C8Y,Reaction,3.5,8.5,
E7Ab-kATlU0,Reaction,-1.0,-1.0,
TUC3GZnzHxs,Standard,-1.0,-1.0,
fteuGmxDAhw,Reaction,3.5,0.0,
Ohs1ZVrnyDs,Reaction,-1.0,-1.0,
RaCe6xHZB-0,Standard,4.0,0.0,
xBgN9HWY6_s,Standard,5.0,0.0,
scNCHs4Nl08,Standard,7.5,7.0,
L1y_b3b0LRc,Standard,0.5,9.0,
9H55gNHMfEE,Standard,5.0,0.0,
mxEVBEnpM8E,Standard,7.5,8.5,
vFzIP3zK1Jo,Standard,5.0,0.0,
3PsLmqFirjM,Standard,4.5,0.0,
PIRKTm_MQb4,Standard,8.0,9.0,
C_C3sYIHtGc,Standard,-1.0,-1.0,
lWJvyoMYTks,Standard,7.0,6.5,
OHNO8b-dias,Standard,7.5,9.5,
WsyK60aBN1I,Standard,1.8,3.5,
fDVEJoenS0Y,Standard,-1.0,-1.0,
wChZncDqq8U,Standard,5.0,5.0,
f32HCTWyPMM,Standard,6.5,8.5,
-u4a7i83eSw,Standard,2.5,7.5,
MFK-EQ3Wt_Q,Reaction,8.5,9.0,
KnrwGgpHB00,Standard,2.5,1.5,
WQbP51YsvjQ,Standard,5.0,0.0,
GGOTHXKQRRw,Standard,5.0,1.0,
jb3hucIh-gY,Standard,7.5,8.5,
hJx7GZnjFVY,Standard,5.0,0.0,
PUpXnSCQYwo,Standard,2.5,0.0,
sbXobdhfj5Y,Reaction,-1.0,-1.0,
yeIEybBlDUE,Standard,-1.0,-1.0,
0C09kg_Lne0,Standard,6.8,6.5,
C4WwYte5FZw,Standard,2.5,7.5,
4QJXuLAWse0,Standard,7.5,0.0,
csamvD8iv5Y,Standard,3.5,0.0,
By8uoDfMQ48,Standard,5.0,0.0,
VsmDToG1_z0,Standard,7.5,3.5,
CssIu2CZGbw,Standard,7.5,7.5,
bGojQi3Xe64,Standard,7.5,7.5,
7X8LK-RgfFs,Standard,4.5,0.5,
R0L6iCLlluc,Standard,8.5,8.5,
tbG1GW9872w,Standard,5.0,0.0,
BoLE7FoDDS0,Standard,8.5,8.5,
TlomiZUGpMg,Standard,5.0,0.0,
rr9nbY3W2ZM,Standard,-1.0,-1.0,
grEyl2xnfUs,Standard,-1.0,-1.0,
1V1Yfq-wKwc,Standard,5.0,0.0,
0db4LfW_qiU,Standard,-1.0,-1.0,
56nsRIQ3i0k,Standard,-1.0,-1.0,
HmZELk4lExE,Standard,5.5,0.0,
MhjRPD4Ps1c,Reaction,2.5,7.5,
WuEaNhV0vQM,Reaction,-1.0,8.5,
eCy_eEm8jgA,Standard,-1.0,-1.0,
COlvRV6hfi0,Standard,5.0,4.0,
auUtogCONUk,Standard,4.5,0.0,
9_JCGuz73Aw,Standard,-1.0,-1.0,
_H3GofJpVzI,Standard,8.5,9.5,
M-AFshgHBsk,Standard,3.5,0.0,
tJHvPLIWFb4,Standard,5.0,0.0,
drd1TtG6rV8,Standard,4.0,0.0,
XSAOqV8IxOw,Standard,5.0,0.0,
uJxwhFeF-kM,Standard,5.5,6.5,
F6xpZAwUJ6U,Standard,-1.0,-1.0,
pgyUNEl91KI,Standard,3.5,0.0,
FyZbYWWfEMw,Standard,4.5,6.5,
_SWFqSL8k5g,Standard,7.5,8.5,
vkYAPsSy9NA,Standard,-1.0,-1.0,
EJNpjRr5FJ4,Standard,6.5,8.0,
VwK_8d6ZypE,Standard,3.5,8.5,
BzHjvqkqDuI,Standard,5.0,0.0,
_Jfqm8QYbvo,Standard,5.0,0.0,
4vMVsph2Wn0,Standard,5.0,0.0,
KNCo_ivUCTA,Reaction,-1.0,-1.0,
VhBhNmGJ3fM,Standard,8.5,7.5,
MsuKQwaBv9w,Standard,-1.0,-1.0,
v9STik8ZacM,Standard,7.5,8.5,
TvAbZulM9ks,Reaction,7.5,8.5,
-M0q0Le5Hsc,Standard,-1.0,-1.0,
cxiCufThkXo,Standard,-1.0,-1.0,
6-nST91QGws,Reaction,7.5,7.5,
0bQceK5uGzI,Standard,5.0,3.0,
Fecx7CJgjyY,Standard,5.0,0.0,
OXDMnx5dxYg,Standard,5.0,0.0,
uxNmFGh4r6A,Standard,4.0,1.0,
-KLqs5nSITA,Standard,-1.0,-1.0,
nCsNJt4sKfU,Standard,-1.0,-1.0,
6rFYrL-jWIQ,Standard,-1.0,-1.0,
9zIQhplU9Js,Standard,5.0,0.0,
ri5CQE5xiac,Standard,-1.0,-1.0,
G4lVkAEoq94,Standard,8.5,8.5,
D3fWUT3vRLM,Standard,2.5,7.5,
CAoh6lkZmwE,Standard,1.5,7.5,
ojP-YCrNEPY,Standard,8.0,7.0,
Lrv0sD6GChs,Standard,4.5,0.0,
llK4M1BWNfQ,Standard,1.5,9.0,
8IBJx0HqR74,Reaction,-1.0,-1.0,
q-dzHldwBMI,Standard,2.5,0.0,
D6x2jaMGnEc,Reaction,8.5,9.0,
92s23oJbaaY,Standard,-1.0,-1.0,
0fa0h3OifGQ,Standard,7.5,8.5,
T7JIiShPlwk,Standard,6.5,0.0,
lV-kkT_GND4,Standard,5.0,0.0,
4N_wq-tqOJQ,Standard,-1.0,-1.0,
cV6b5ix2lsE,Standard,8.0,6.5,
bjBATL2QN0k,Standard,8.0,8.5,
NF9pWcRv368,Standard,8.5,9.5,
w4Y9SomH9Nc,Standard,2.0,8.0,
koAFSsZt73c,Standard,8.5,9.5,
yNHTXREAhhE,Standard,3.5,0.0,
GpbFOkafROY,Standard,-1.0,-1.0,
Q7lduMyUQe0,Standard,-1.0,-1.0,
6JFZTow6_7I,Standard,5.0,0.0,
VUa0LowsgXQ,Standard,7.5,9.0,
zgQbsddrx3Q,Reaction,7.5,8.5,
GaNBnPlKFmA,Standard,-1.0,-1.0,
IZP_sBgwItc,Standard,3.5,0.0,
EUVXRHbeJMc,Standard,5.0,0.0,
wocd5BGtYTQ,Standard,8.5,9.5,
ycmW8yrIOo0,Standard,-1.0,0.0,
-8cTMHy7Xkw,Standard,-1.0,-1.0,
JQSzTaiNpwg,Standard,8.5,9.0,
OmbXsBUelXI,Standard,3.5,9.0,
zIgSS_XAHUQ,Standard,2.0,1.0,
tewp9GgpKkE,Standard,-1.0,-1.0,
7ovTTXBtWqs,Standard,5.0,0.0,
37i7iEWuz5Q,Standard,5.0,0.0,
PNu4v7Y5_YA,Standard,7.5,8.5,
reWlp9Dm9yA,Standard,-1.0,-1.0,
FR9XFn3n810,Standard,6.5,6.0,
CtzloSSQlKA,Standard,8.5,8.5,
sCChp1yCLFM,Standard,-1.0,-1.0,
IZwSkLNaOgM,Standard,-1.0,-1.0,
uutloHI51Fo,Standard,5.0,0.0,
7U4hCKyLPdM,Standard,7.0,7.5,
Pvt6rH7NMzc,Standard,-1.0,-1.0,
nEY-k_ognm4,Standard,5.0,0.0,
QMN38arOYig,Standard,7.5,8.5,
B0x0eiGUSt4,Standard,5.0,0.0,
QZ7N_vmWjTU,Standard,-1.0,-1.0,
HQqT_41RbQ4,Standard,-1.0,-1.0,
2_dlPnOH7EM,Standard,5.0,0.0,
uuveodcojeI,Standard,6.5,7.5,
TKkr7ImZXPI,Standard,5.0,0.0,
mIr5hQR8jDw,Standard,-1.0,-1.0,
4Wd-I09zwwQ,Standard,-1.0,-1.0,
egWNllnYhDE,Reaction,5.0,0.0,
BX5rm3EX75A,Standard,7.5,9.0,
2W5GrhRG3bI,Reaction,-1.0,-1.0,
s_bhrW70EoQ,Standard,-1.0,-1.0,
oB5uM2JTjiU,Standard,2.5,6.5,
EW62t2hLS3Y,Standard,8.5,8.5,
U6Sa-L3q5C8,Standard,-1.0,-1.0,
_acMtEFs5X0,Standard,7.0,0.0,
UZUuystGUzs,Standard,8.5,8.0,
pXpMHI1Xr8s,Standard,5.0,0.0,
gw2txEK6Oyc,Standard,-1.0,-1.0,
c1eluwISmVw,Standard,-1.0,-1.0,
mNrzt5py6_s,Standard,-1.0,6.5,
TEZkOunCYJE,Reaction,7.5,8.5,
e6bvN_zSb4k,Standard,7.5,8.5,
CjmjwvevZAo,Standard,5.0,0.0,
-qf-P4A3ER4,Standard,3.5,0.0,
qtJo5QHBRXU,Reaction,6.5,7.5,
15DAqgHz5eQ,Reaction,8.5,7.5,
CJok9TxRPrg,Standard,7.5,7.5,
kTTO53ATCvI,Standard,-1.0,-1.0,
kBfWwYSKgbk,Standard,7.0,7.5,
QsSHZ4xgOaU,Standard,7.5,7.5,
LIrHuGUpKjE,Standard,7.5,9.5,
TCmaoZYC3As,Standard,7.5,8.5,
DOjwvRN0Nsc,Standard,4.5,7.0,
G0KCWaT2Ilk,Reaction,8.5,9.5,
wU94MvC_UDY,Standard,3.5,5.0,
onbMWs_wvJg,Standard,-1.0,-1.0,
ZZyfzDKhR_I,Reaction,7.0,9.0,
Kv9N6UbnStw,Reaction,3.5,7.5,
KwfGNy65OB8,Reaction,7.5,8.5,
cIr7DmgcgAQ,Standard,2.5,0.0,
7SLRBNpzXAI,Standard,-1.0,-1.0,
b4rDxccIGzg,Standard,-1.0,-1.0,
_FfyBmWs7Y0,Standard,3.5,7.5,
WYMeW5NH7I8,Standard,5.0,8.0,
NyeIvL-u6K4,Standard,6.0,7.5,
pm6nq9nTPhQ,Standard,2.5,0.0,
6BdRPQxiFdE,Standard,8.0,7.5,
3gwkBafpcYE,Reaction,7.5,8.5,
n-bK2BGRng8,Reaction,-1.0,-1.0,
Hsgj8Ikk8ok,Standard,2.5,1.0,
0AzHN1qjOpM,Standard,3.5,0.0,
NUHjlM4SpR4,Standard,5.0,0.0,
HR5ODG8R1Qc,Standard,5.0,0.0,
8_E92NHTidk,Reaction,5.0,0.0,
qs8Zqo4Bp8w,Standard,8.5,9.5,
BPu-olt5g_s,Standard,-1.0,-1.0,
oMUzzPlEc9Y,Standard,-1.0,-1.0,
Jy3mwKJMBZ4,Standard,8.5,9.5,
p1gD3mk8ThU,Standard,-1.0,-1.0,
RG2NPlS5RZ4,Standard,8.5,9.0,
oAYxCdTCU8k,Standard,1.5,6.5,
EVsneyp7_Rk,Standard,-1.0,-1.0,
f1ms7uwvoCQ,Reaction,8.5,9.5,
tgUbvm1aZIw,Standard,-1.0,-1.0,
_SgwDJsiXjw,Standard,7.0,8.5,
bQdFhePLgRw,Reaction,-1.0,-1.0,
W2AxTz7WGT8,Standard,8.5,9.5,
466snXHjwr4,Standard,-1.0,-1.0,
RuLtW1wbVyQ,Standard,8.5,9.0,
0ZXeUdmYeIo,Standard,5.0,0.0,
dvLmEzK6WQM,Standard,5.0,6.0,
TsRwv_-2MO0,Reaction,9.0,9.5,
J_RlGF1bsIA,Standard,5.0,0.0,
tnsqyP3S-Gc,Standard,9.0,9.5,
d68Jci0fMFk,Standard,5.0,7.0,
EpBpLuCHQ8g,Reaction,7.5,8.5,
DUKhFv4oelA,Standard,-1.0,0.0,
uE6CWDBDnec,Standard,-1.0,0.0,
D8vC6tLESoY,Standard,5.0,0.0,
b3W0WbhqvjQ,Standard,5.0,0.0,
-poSjLqE7NQ,Standard,5.0,0.0,
u-dBC8qPs_8,Standard,5.0,6.0,
Mb91xZNCYE8,Standard,7.0,7.0,
Hhv_-1nUwVw,Standard,5.0,0.0,
0tV-beR1GKI,Reaction,6.5,0.0,
YC4QnFID7vo,Standard,8.5,9.5,
F9M5SNyfmTg,Standard,8.5,8.5,
_YLZPvamq2I,Standard,7.5,1.5,
rZRyGqyWlu4,Standard,7.5,6.5,
jQBqVrCbju4,Standard,4.0,8.5,
_q7VaOzDdko,Standard,5.0,0.0,
sRktBWhVfr4,Standard,5.0,0.0,
LzRm2ApUfYI,Standard,4.5,0.0,
Mq3vgiWYPIg,Standard,5.0,0.0,
3QYB0EfCl8w,Reaction,4.0,3.5,
rz5VA4ksQG0,Standard,-1.0,-1.0,
ZNokloSilow,Standard,-1.0,-1.0,
KIjwyN3nrwo,Standard,8.5,7.5,
5KaDooV9vCw,Standard,8.5,8.0,
EDbfBQNgXhg,Reaction,3.0,8.0,
uG5ymoRfaX4,Reaction,8.5,9.0,
ni60Sp_NiYE,Standard,5.0,3.5,
7CkircMBMsc,Standard,-1.0,-1.0,
-7iUK0TlIhk,Standard,5.0,0.0,
nmImDibf-FQ,Standard,2.5,6.5,
EytXXXUs69M,Standard,7.0,6.5,
zYbhxgdD1Xs,Standard,8.5,8.5,
kKIBhEscRJI,Standard,5.0,0.0,
I9GF3mg5gKU,Standard,-1.0,-1.0,
_-ltOL2yPDI,Standard,5.0,0.0,
eaCSuVuOURg,Standard,-1.0,-1.0,
h8ZaA76lbRI,Standard,2.5,0.0,
DsDbF3Z7cd0,Standard,-1.0,-1.0,
i3hJfUrwyCk,Standard,8.5,8.5,
7i8NSiEUPA0,Reaction,7.5,8.5,
LTSZ6RdA16E,Standard,7.5,9.0,
0Qz-sRhfYZs,Standard,3.5,0.0,
P04Ek4tFBv8,Standard,5.0,0.0,
FGkBTLqXeBI,Standard,5.0,0.0,
HGz2NS6aFHk,Standard,-1.0,-1.0,
RmO-tgmHBlA,Standard,5.0,0.0,
pZ8sqtnz7Lg,Standard,8.5,9.5,
LCd51bspwbE,Standard,8.5,6.5,
qRPL76vvocw,Standard,7.5,1.5,
jojgkonzGeo,Reaction,7.5,7.5,
5V91CDFkcI8,Standard,2.5,1.5,
0rGiibTWnNM,Standard,4.5,0.0,
CkaqXQTgUGY,Reaction,2.5,8.5,
kSNLyQHBAU4,Standard,3.5,7.0,
lMRu8hcDynY,Standard,2.5,0.0,
lGrBP0wnFJM,Standard,7.5,8.5,
p5ytzVcRWnw,Standard,3.5,0.0,
S8QcmpweTfw,Standard,-1.0,-1.0,
kaMz0e26XxE,Standard,-1.0,-1.0,
BvILxlEtY3o,Standard,8.8,8.5,
r-CIYXBa_dI,Standard,5.0,0.0,
JLtsoUa4jJE,Reaction,8.5,7.5,
pcg6vo4zD7I,Standard,-1.0,-1.0,
Bgr6TUJ8AaY,Standard,5.0,0.0,
kGaYuTyyyB8,Standard,4.5,0.0,
n1_ivFGqUX0,Standard,-1.0,-1.0,
8RgQGxv8J3Y,Standard,6.0,5.0,
8NQaMGBLCec,Reaction,-1.0,-1.0,
wUS8ovZgSzE,Standard,5.0,0.0,
h_m_k5_GUVs,Standard,5.0,0.0,
R7NoUSwinOQ,Standard,-1.0,-1.0,
FYwE2fypBTs,Standard,-1.0,-1.0,
s7Sdy9qn5cA,Standard,-1.0,-1.0,
ZnATwbXcC8Y,Standard,2.5,7.5,
RHeAIQVoH94,Standard,7.5,9.0,
NbsZr44_Sag,Standard,3.5,0.0,
ZLitplsUll4,Reaction,8.0,8.5,
wcHr0vf48DI,Standard,5.0,0.0,
ouaGiwAQMoc,Reaction,8.8,9.2,
QAMPt-oqtqs,Standard,5.0,0.0,
QcdL3ZyjhsI,Standard,5.0,0.0,
tIlsY9k_iLc,Reaction,7.5,7.5,
FiqS4rlKZFY,Standard,5.0,0.0,
2BKkzcUhpMw,Reaction,8.5,8.5,
50_l8N1bEo8,Standard,7.5,8.5,
-fjdEdiyooY,Standard,5.0,0.0,
R6CyJjChakU,Standard,-1.0,0.0,
8pRbU12xTPM,Standard,7.5,6.5,
Pywkw_xNXYA,Standard,5.0,0.0,
aozNNh_ClBw,Standard,-1.0,-1.0,
DkYsCdcJV0g,Standard,3.5,5.0,
2M3y7veMKXU,Reaction,3.0,1.5,
ZlVc-mxpbTs,Standard,5.0,0.0,
5viYPUb96eY,Standard,8.5,9.5,
PVVVqeyNIdk,Standard,7.5,7.5,
h4F3YQu6Vrg,Standard,2.5,6.0,
DRtQ6Sq5aPU,Standard,8.5,8.5,
Akq44hc9D5M,Standard,7.5,8.5,
zME2O410_Tg,Reaction,-1.0,-1.0,
jAyWPLIclvQ,Standard,-1.0,-1.0,
1wENkGYqDNU,Standard,5.0,0.0,
QMVF6Ak4uac,Standard,5.0,0.0,
2v9PoiVbWaI,Standard,-1.0,-1.0,
HpOxW_o67kM,Reaction,2.5,1.5,
3D70W3Zv6s4,Reaction,7.5,7.5,
4g20ApWhY4A,Standard,5.0,0.0,
dEPcCQrEEDA,Standard,3.5,8.0,
Y7a4z9DeTGE,Standard,-1.0,-1.0,
VGDg2OY8YWY,Standard,-1.0,-1.0,
9eYzbVlDyW4,Standard,3.5,0.0,
UKYBQr-Tpjk,Standard,5.0,7.5,
JYMidDCvs0E,Standard,4.0,2.0,
I9kzg5qAbJ4,Standard,7.0,6.5,
3c6gNOjMFds,Standard,7.5,8.5,
d1jAkEYJonE,Standard,2.5,1.5,
1reK4xBZQ7I,Standard,7.5,8.5,
lwX32D-i2jk,Reaction,9.5,10.0,
wa2cvGRx8jQ,Standard,-1.0,-1.0,
ALqS2GgqOA0,Standard,3.5,0.0,
lKEIDe7DKgY,Standard,5.0,0.0,
KKF5tGpMN2s,Standard,-1.0,-1.0,
RnyCbTXDxSw,Standard,4.0,8.5,
P2GvMhfAI0Y,Standard,5.0,0.0,
cqXBk3WuFIg,Standard,7.0,0.0,
MKpj6ZAi16Q,Reaction,-1.0,7.0,
rOASu99_o8Y,Standard,-1.0,-1.0,
Eh1iRklfsEE,Standard,7.5,9.5,
-l03oVvoGbs,Standard,8.5,9.0,
7lY1qYjyaqs,Standard,5.0,7.5,
Cq4Kid4NnLQ,Reaction,8.5,9.0,
ChuTIosmUec,Standard,2.5,6.5,
Q_Ybymm6wt8,Standard,2.5,6.5,
PhTT6h2GAE4,Standard,5.0,0.0,
WQAoGo0ePUA,Standard,-1.0,-1.0,
ljkNPGOERWc,Standard,5.0,0.0,
lwxGiATa39s,Standard,8.5,9.5,
iZdRs2W0KwU,Standard,5.0,0.0,
103iksmq73c,Standard,-1.0,-1.0,
AMfo015ABd4,Reaction,7.5,7.5,
iELMYZaVXjg,Standard,5.0,0.0,
cE7fiKJWvek,Standard,-1.0,-1.0,
cjleVp6TjG4,Standard,-1.0,-1.0,
f6DTa-JLvKM,Standard,8.5,9.0,
oatEayKCDso,Standard,-1.0,-1.0,
ScJ4dlnGIrs,Standard,5.0,0.0,
A5PErJsYxYI,Standard,5.0,0.0,
jlEibJ_MY2c,Reaction,5.0,7.0,
qiRleDGNkK0,Standard,8.0,7.0,
lEWw_S7I27U,Standard,8.0,9.0,
ElBlEi_9QiI,Standard,7.5,7.5,
ekjOrDOprng,Reaction,2.5,7.5,
1COhGRTSkdo,Standard,5.0,0.0,
5u_7O39k2mA,Standard,3.5,8.0,
kn2kBRfdN_U,Standard,-1.0,-1.0,
3g86zymEavg,Standard,5.0,0.0,
QyxH9Vdhvrk,Standard,-1.0,-1.0,
bIrnYCtlUp0,Standard,5.0,0.0,
kcTGG0Jy_G0,Standard,6.0,7.0,
Mhv4RDZLikU,Standard,5.0,0.0,
5b0UBTmL_BI,Standard,5.0,0.0,
7aXIiLSgdek,Standard,8.0,9.0,
IlQkkP-WYP0,Standard,5.0,0.0,
eh9Y41HPPNU,Standard,-1.0,7.5,
I9CzWAj_7mI,Standard,3.5,0.0,
xpeRNtCoXmU,Standard,7.5,8.5,
yide2a7u1JY,Standard,-1.0,-1.0,
J1wLTbPzhP4,Standard,5.0,0.0,
X3UKXkxDmzk,Standard,3.5,0.0,
KI6bhUIXVzM,Standard,5.0,4.0,
Lv-vTvrEQc0,Standard,2.5,0.0,
Sx15UIW3YdY,Standard,5.0,0.0,
ybhQkuTGVdI,Standard,5.0,1.0,
vTzP_6pKjI8,Standard,7.8,8.3,
1DgKHS7D3dk,Standard,-1.0,-1.0,
vzucaBWGtbQ,Standard,-1.0,-1.0,
eQNr0t8f_YE,Standard,7.5,7.5,
nTrv-PnBVoE,Reaction,-1.0,-1.0,
HQfLNcU-MJ4,Standard,5.0,0.0,
lnqbOPdz4xw,Standard,5.0,0.0,
h5AJFNXP1uQ,Standard,-1.0,-1.0,
cLlyDwVxxSs,Standard,-1.0,-1.0,
TIGASkecBII,Standard,5.0,0.0,
w0KNROV7qwk,Standard,7.5,6.5,
TO5isWJcJIo,Standard,-1.0,-1.0,
X60thdWsng8,Standard,8.0,9.5,
vFW8dyDsUd0,Standard,8.5,6.5,
inAZUbaFnuE,Standard,5.0,0.0,
z6__4QMe7xw,Standard,-1.0,-1.0,
M2KTYbNlzeM,Standard,7.5,1.5,
VqEEB77aaSM,Reaction,7.0,8.0,
E0cDIJdg9ac,Standard,8.5,8.5,
mXWFUgtoYBM,Standard,8.5,9.5,
r_eMsh31EiE,Standard,8.0,6.0,
JQAf6LHl3aY,Standard,5.5,0.0,
txymnQ7nezc,Standard,5.0,0.0,
AkZ3YojbJwg,Standard,5.0,0.0,
AjyMi1mkhYU,Standard,8.5,8.5,
wlCMdHnXCrc,Standard,-1.0,2.5,
navIkIQAkpg,Standard,5.0,0.0,
1OltPAejvCE,Standard,4.5,7.5,
njx3sogvoME,Standard,5.0,0.0,
--z9PK9zuRE,Standard,2.5,3.5,
05LdFsGEgSM,Standard,5.0,0.0,
62Ne0mQAEzk,Reaction,3.5,4.0,
hf12qquZyzg,Standard,7.5,6.5,
5Rhm72950aE,Standard,-1.0,-1.0,
DtQ59rRANcY,Reaction,7.5,8.5,
3Pe7XxcVddM,Standard,5.0,0.0,
rhnHaOMIxmY,Reaction,-1.0,-1.0,
Dpqbykbe3VE,Standard,-1.0,-1.0,
fJNWfe9-DnU,Standard,-1.0,-1.0,
zqjDjiGOfG8,Standard,2.5,7.5,
GAc7ltDXKGQ,Standard,-1.0,-1.0,
zYPHmkVcV3A,Standard,8.0,9.0,
2NC0wENTLsA,Standard,-1.0,7.5,
0ze5HrGgUSg,Standard,5.0,0.0,
d414BasrMt0,Standard,5.0,0.0,
wYxM8HXqVRM,Standard,7.5,7.0,
BH0EBED9-LM,Standard,7.5,8.0,
lnkMjiqhTlE,Standard,-1.0,-1.0,
TdLSkW0TCMU,Standard,3.5,0.0,
suMJt-Ax21I,Standard,5.0,0.0,
IEiFVBdkpmE,Standard,-1.0,-1.0,
75GXoiUU6D8,Standard,7.0,1.5,
VGIaLvvUn2Q,Standard,4.0,8.5,
sxbBMs8w9BA,Standard,-1.0,-1.0,
WQcT5eLV4GY,Standard,5.0,0.0,
gwhTWhIvP00,Standard,8.5,7.5,
6xKPHNgytcU,Standard,9.0,9.5,
M2ePD9vAD7w,Standard,-1.0,-1.0,
XAgznYWtg20,Standard,-1.0,-1.0,
tbKyDdQarhw,Standard,-1.0,-1.0,
9Qh77zQNe_g,Standard,5.0,0.0,
WDKngnUoRSo,Standard,-1.0,-1.0,
qwT9U6eFxAQ,Standard,7.0,7.0,
e-mgvmL-_rg,Standard,5.0,0.0,
c6VmBKZ0D00,Standard,-1.0,-1.0,
yPhOdhCQVHU,Standard,5.0,0.0,
7d-5mIdXevk,Reaction,8.5,9.5,
vh8MpyGJ4R8,Standard,6.5,4.5,
zSmJ9D8EZmo,Reaction,8.5,9.5,
q03KDhizVnY,Standard,5.0,0.0,
2_Bj1YHHy5E,Standard,8.0,9.0,
2-ejKOH8Cpc,Standard,7.5,9.5,
-JM00yOYmsU,Standard,-1.0,-1.0,
MPilwEaUT88,Standard,-1.0,-1.0,
WcgqiMb8IQg,Reaction,8.0,9.5,
n7Mo1sq-wM0,Standard,4.5,6.5,
WIvYk6gCP6Q,Standard,9.0,9.0,
9XVLg_O2rlY,Standard,5.0,0.0,
hG4ccPU4ytU,Standard,5.0,0.0,
5yhRNgGxb0U,Standard,7.5,9.0,
3W7nAYd3Bgg,Standard,3.5,2.0,
qEaWN7p5M-0,Standard,7.5,6.5,
9WmavrkSmsU,Standard,2.5,0.0,
BfnZ4i3oHb4,Standard,-1.0,-1.0,
hwZQVM7Q4Os,Standard,5.0,0.0,
8hGc1JkjcxE,Standard,5.0,0.0,
F2tuf7tyYUk,Standard,7.5,7.0,
_T9axTIB6B0,Standard,5.0,0.0,
fXCRHRATDGI,Standard,8.5,7.5,
jZVI0UxVpaw,Standard,5.0,0.0,
ka68Riyqt3g,Standard,3.5,0.0,
rgNWKXGtB48,Reaction,8.5,9.5,
2-lrzglYlWE,Reaction,5.0,7.5,
YbASAfl6qUo,Reaction,2.5,6.5,
LRtvS3uFVHI,Standard,7.5,6.5,
uQbIUPZ8DPI,Standard,4.5,4.0,
sJe3BzyjeAU,Standard,5.0,0.0,
l6P608PFpi4,Standard,8.5,9.5,
MgyzC6ZmHHE,Standard,10.0,10.0,
qkVaaIpQz-c,Standard,-1.0,-1.0,
Qmjsl8jGYmk,Standard,8.5,8.5,
HEtXEouikHc,Standard,5.0,0.0,
lbmVMZotp4Y,Standard,8.5,9.0,
wItFw10JYjw,Standard,-1.0,-1.0,
qrKsVwfuTfA,Standard,-1.0,3.0,
Oxz3gWTvdVM,Standard,7.0,0.0,
qxcBN1Z4wDo,Reaction,9.0,9.5,
QSS_mvkd2HM,Standard,5.0,0.0,
ckjuMg0xoN8,Standard,5.0,0.0,
cEa6CmCESIo,Standard,-1.0,-1.0,
pAIjWerunj8,Standard,5.0,0.0,
4c_eBct5I7I,Standard,7.5,8.5,
klrzmHkKNvg,Standard,5.0,0.0,
zeffW3jGhUA,Standard,6.5,4.5,
2IBMVh4YQHY,Standard,-1.0,-1.0,
pkXgmn4QOpg,Reaction,7.5,9.0,
lrdt9vI3F8E,Standard,7.5,6.0,
gyaUrF1YMDc,Standard,3.5,6.5,
Lhn368-alJE,Reaction,2.5,6.5,
tSVkKD963Gw,Standard,5.0,0.0,
5Di5KTaaZQs,Standard,7.5,8.5,
gMgB2NW5Asc,Standard,-1.0,-1.0,
M3H1tfQjib8,Standard,5.0,0.0,
IAs9JHpMueQ,Standard,7.0,6.5,
7Kiwn9R6QyI,Standard,-1.0,-1.0,
sph59JCvI5s,Standard,-1.0,-1.0,
26FgGATWtLU,Standard,5.0,0.0,
cIaIPdk7OeY,Standard,7.5,6.5,
x8gSjkgdcrI,Standard,5.0,0.0,
zF4BmLhXt9M,Standard,7.5,9.0,
3opXeJmePHg,Standard,7.5,7.5,
RMV9UCl3yHk,Standard,2.5,0.0,
h6Sms07gdRw,Standard,5.0,0.0,
BAXES_QV8ZU,Standard,2.5,1.5,
0Jj1XYhb_a4,Standard,3.5,0.0,
pvrKVihavrs,Standard,-1.0,-1.0,
U4hMLV0hzXY,Reaction,9.0,9.5,
KZ9kLGpD4Ik,Standard,2.5,1.0,
jltUAR4Gbck,Standard,8.0,8.5,
ImgjhSCkp2M,Standard,3.5,8.5,
zgBx5pjlQN4,Standard,7.5,7.5,
5bFYZK9Wi58,Standard,5.0,0.0,
Gx6jKM9xtRs,Standard,-1.0,-1.0,
F-Ccxo0zJm0,Standard,-1.0,-1.0,
XLUSCoEOv5I,Standard,-1.0,-1.0,
uNQns_bioIQ,Standard,-1.0,-1.0,
D-WZqzCgHeQ,Reaction,7.5,0.0,
eRn2WDVdSJA,Standard,8.0,7.5,
eDLHIxEntW4,Standard,-1.0,0.0,
h80jJS0_5is,Standard,-1.0,-1.0,
Y9L1rBbOo_Q,Standard,8.5,9.0,
XbKemARz8vo,Standard,5.5,0.0,
tah3Ne3wxHc,Standard,6.5,7.5,
VmeCI_WCReg,Standard,7.5,8.5,
GKX_VU1Xhns,Standard,4.0,7.5,
yVgAlK5R5co,Standard,7.5,8.5,
5jiUKuzwEbI,Standard,8.5,7.5,
cQKUxRW8JzA,Standard,5.0,0.0,
nr8cWHgNxII,Standard,-1.0,-1.0,
g-6GI33w3iw,Standard,8.0,7.5,
ssSQ4Uv_dAA,Standard,7.0,0.0,
iHeeFVsmvkE,Standard,5.0,0.0,
mprERPGLJwE,Standard,5.0,0.0,
e0G-0xKRPzI,Standard,8.0,8.5,
cNSYj34Tkwg,Standard,-1.0,0.0,
GyFH1hT0op8,Standard,2.5,0.0,
yYTRdxL8ezo,Reaction,8.0,9.0,
xzvDqPlTGHk,Standard,5.0,0.0,
IOuwRM59QG4,Standard,5.0,0.0,
uAeGeYip2CY,Standard,-1.0,-1.0,
ZpXGaMeptxA,Standard,5.0,0.0,
LNSvalIAyDM,Standard,1.5,8.5,
b6uEF5IpZ-U,Standard,7.5,9.5,
9wujltQfeRw,Standard,9.0,9.0,
1JWUJ0uKRjA,Standard,7.5,8.5,
GY1m8K6ESxE,Reaction,8.5,9.0,
_rZ7niD0k2Y,Reaction,4.0,8.5,
Lh_wJOiJ0dk,Reaction,6.5,8.5,
zGTHOKn3pxs,Reaction,-1.0,-1.0,
NPfHSJ9r5ak,Standard,5.0,0.0,
7Vzzoe5dHqY,Standard,5.0,0.0,
YebBza2Q9bE,Reaction,7.5,8.5,
DZ3O2AT9mCM,Standard,5.0,0.0,
3j9NPr1G3sA,Standard,-1.0,-1.0,
WXCOoEuWMtg,Standard,-1.0,-1.0,
n6csIe6f8Bc,Standard,-1.0,-1.0,
z43iZCyC0vA,Standard,8.5,9.0,
YJ4Cmz3loUo,Standard,6.0,0.0,
cLiNYKAZg60,Standard,3.5,8.0,
iX_Z1XSKrOs,Reaction,-1.0,-1.0,
ve_niEpCZk4,Standard,6.0,8.5,
2DwBIXT1Fv4,Standard,5.0,0.0,
7HX8fAPUhwM,Standard,7.5,9.0,
ONLXgb437R8,Standard,4.5,0.0,
2h2tjiClzUM,Standard,7.5,8.0,
o2uZSKs67f0,Reaction,7.5,8.5,
Xcp0kju5oQI,Standard,5.0,0.0,
5SY8mrkqMaE,Standard,8.5,9.5,
bM5RctPMYLI,Standard,-1.0,-1.0,
ETPwpVoiAVU,Standard,4.0,0.0,
x27SFY2yjvo,Standard,5.0,3.5,
bwctuqdk-XI,Standard,2.5,1.5,
MEsgFDfju_8,Standard,5.0,0.0,
a2-H8XdKLOI,Standard,-1.0,-1.0,
cazkUOYHsLs,Standard,-1.0,-1.0,
VPAvRQHTAcE,Standard,-1.0,-1.0,
4Z9_QmZfb80,Standard,-1.0,-1.0,
XTXZl2CG9aI,Standard,-1.0,-1.0,
HQP7mS4NALM,Standard,5.0,0.0,
QvFasiumflQ,Reaction,5.0,7.0,
ApW9ProScmw,Standard,8.5,9.5,
EQvTNC3XLtc,Standard,3.5,0.0,
CQfC4fBDXYE,Standard,-1.0,-1.0,
yj-SrY5BgJ0,Reaction,-1.0,-1.0,
gLe40_RkVCo,Reaction,6.5,7.5,
Dvy40cmli_E,Standard,5.0,0.0,
JgcPQWHLekc,Standard,4.5,0.0,
8EgW5N1DUnk,Standard,8.5,7.5,
T_VDS6_hC-I,Standard,8.5,8.0,
rl5mTD2AVdY,Standard,8.5,9.5,
sFQTsan6IFc,Standard,5.0,0.0,
-2Rh2-Ybk3Q,Standard,2.5,1.5,
9GPDjNiSA9U,Reaction,-1.0,-1.0,
ootGEi3eY5E,Standard,8.5,8.5,
dSiTnOqK814,Standard,-1.0,-1.0,
nsHE5A-WDvQ,Standard,8.5,9.0,
q_7raDq5jZ8,Standard,4.5,7.0,
OYh21RgMcZU,Standard,9.5,10.0,
cJRsBR8dmV8,Standard,9.5,10.0,
0Jz3sRyZP0E,Reaction,8.5,9.0,
NfIhbvk_L3A,Standard,-1.0,-1.0,
e2AJSXjvj5g,Standard,6.5,6.5,
PF8EirZu1Z8,Standard,5.0,0.0,
1c1QD_r0Kj4,Standard,7.8,9.2,
zg_5-p3xpkM,Standard,8.5,9.5,
bXRY9P_IQEU,Standard,7.5,7.5,
WAfIJ7e470Q,Standard,5.0,0.0,
pG3qAucmdoY,Standard,8.0,9.0,
oUTz3-T9Ofw,Standard,5.0,0.0,
seP4Csre5Go,Reaction,7.5,9.5,
_Z69K_sYCXk,Standard,4.0,0.0,
vKe2rVu1Lso,Standard,3.5,0.0,
rmo8Ay22-_s,Standard,7.5,9.5,
fyAMvHN5GbE,Standard,4.0,0.0,
8qrNfDv9h-4,Standard,5.0,0.0,
tAw0qGAzbCk,Standard,6.0,0.0,
0wr5SzOVycg,Standard,6.5,8.5,
fEAYI4q4beY,Standard,3.5,0.0,
kT7SqH_DdvI,Standard,5.0,0.0,
2BVBZImHTHo,Standard,-1.0,-1.0,
nJJHj66uruw,Standard,3.5,1.5,
ouoep7S2y50,Standard,8.5,9.5,
_MTcL1vmicc,Standard,5.0,0.0,
0TlicvzLoRI,Standard,7.5,7.5,
zlwXuvCqfwg,Standard,7.5,0.0,
FsKUOpSbBlM,Standard,9.5,9.5,
wiKUZaXgc84,Standard,5.0,0.0,
NJ7LWl31DEQ,Standard,-1.0,-1.0,
0kZYg0KeP3c,Standard,7.5,8.5,
xG0k865Cuiw,Standard,7.0,0.0,
T5zttyzcCSw,Standard,3.0,0.0,
MpKf1w0c6sE,Standard,7.5,8.5,
A1Blo3m_G80,Standard,5.0,0.0,
A4JGGPOoOFw,Standard,5.0,0.0,
awty0WscXn0,Standard,8.5,9.0,
EzAcgtPdb_I,Reaction,-1.0,-1.0,
TQoUugIsd00,Standard,7.5,6.5,
tXSs5cNj5G4,Standard,-1.0,-1.0,
FGWC7n8rJvs,Standard,5.0,0.0,
1jw586Jepkc,Standard,5.0,0.0,
0ygKRJkuVDY,Standard,7.0,7.5,
CTpTf7i0JZo,Standard,5.0,7.5,
Yce5ku58kNg,Standard,-1.0,-1.0,
9vL2lnEmiQE,Standard,7.5,8.5,
TxiZHsatgW8,Standard,-1.0,-1.0,
dEDdOA2QIis,Standard,-1.0,-1.0,
XJS21oCs3NA,Standard,5.0,0.0,
CoAUQ-kQGbo,Standard,-1.0,-1.0,
R2byYLY9caU,Reaction,7.0,8.5,
z4NsfVe2RIQ,Reaction,6.0,7.0,
IuQzHkE5bkQ,Standard,5.0,0.0,
be8UY7sg3wU,Standard,5.0,0.0,
Rr7KO6-6Oso,Standard,-1.0,-1.0,
IF7FQNfm5sM,Standard,6.0,0.5,
YVGsEsxpC4Y,Reaction,7.5,9.0,
QSrhlDSBjqQ,Standard,-1.0,-1.0,
OGWIuaTYMDU,Standard,4.0,0.0,
J8jqBbO6OU8,Standard,-1.0,-1.0,
p2GU_0lTSRI,Standard,-1.0,-1.0,
RNCiyMo7RTE,Standard,5.0,0.0,
I5jutgyEGFg,Standard,8.0,7.5,
ZTNEdJg1Fmg,Standard,-1.0,-1.0,
USXbzaB4Ya4,Reaction,7.5,8.5,
YGnNN_Vls-A,Standard,5.0,0.0,
2-f8WWwE5jw,Standard,4.5,3.0,
sFAC5OmVgPY,Standard,3.5,8.5,
hUpde6GgRwk,Standard,-1.0,-1.0,
QGUkaW3Tvwk,Reaction,-1.0,9.0,
17RCCYOvMVA,Standard,-1.0,-1.0,
ZXRaUZAhbT0,Standard,7.5,1.0,
iwWihIQMdzU,Reaction,2.0,8.5,
XVaC7Mubs0Y,Standard,-1.0,-1.0,
ys2zk0TZVF4,Standard,-1.0,-1.0,
q_7cZxuqArY,Standard,5.0,0.0,
LJw9n5geTmc,Standard,-1.0,0.0,
xlPietqxArQ,Standard,9.5,9.5,
w6gPBLJsfHM,Standard,3.5,2.0,
eBc4rqs5V1I,Standard,5.0,0.0,
kQCqv1klb-Q,Standard,5.0,0.0,
5OJM9CBPJkY,Standard,1.5,1.0,
lkPUJORP7Kc,Standard,-1.0,-1.0,
nCK8ZIQlETY,Standard,5.0,0.0,
Dkznei199iY,Standard,5.0,0.0,
VAUI8KS2mZI,Reaction,5.0,0.0,
ZMf6BLYgytw,Standard,2.5,7.0,
4IYwLZZHTwI,Standard,-1.0,-1.0,
jxZqG10vsjk,Standard,5.0,0.0,
YMKMRZSIquI,Standard,8.0,9.0,
SM7fU9ztWWY,Standard,5.0,0.0,
B01863SmYdY,Standard,8.5,7.5,
tYG6XK5jhvw,Standard,5.0,0.0,
O1l_AHa0w1w,Reaction,-1.0,-1.0,
kkk-gxruhrU,Standard,-1.0,-1.0,
sAtrIw92x9w,Standard,4.5,0.0,
2TR-bo0APyk,Reaction,5.0,0.0,
k2qNeaw5EyE,Standard,-1.0,-1.0,
gOgu9rFUttE,Standard,7.5,8.5,
rdDtlmsweiw,Standard,-1.0,9.0,
AR4wf0KRFOI,Reaction,-1.0,-1.0,
lpk_v8bbW18,Standard,7.0,6.5,
6StYs4xB_bc,Standard,8.8,9.2,
mDJFP58ock0,Reaction,2.5,0.0,
Se7UVa_8amQ,Standard,5.0,0.0,
MgUE51wRZsw,Standard,5.0,0.0,
8alpyuCszBE,Standard,9.0,9.5,
Wz3EllGDkjY,Reaction,5.0,0.0,
Gzlkq359sj8,Standard,5.0,0.0,
7aranjqnIgo,Standard,-1.0,-1.0,
6rVvVB8QUGM,Reaction,8.5,9.5,
weq5zdWDqsQ,Standard,8.5,9.5,
hBjD8cfAmCk,Standard,5.0,0.0,
7FRIuCSTlNs,Standard,-1.0,-1.0,
OKpLOdgEM8g,Standard,-1.0,-1.0,
GfyDZOHaXEA,Standard,5.0,0.0,
xlrRcMtpuls,Standard,-1.0,-1.0,
E09YSc5Py-E,Standard,5.0,6.5,
I9NqXrwZ-CM,Standard,-1.0,-1.0,
haxbwqr7Ago,Standard,3.5,7.0,
POVB2GVbPIs,Standard,-1.0,-1.0,
KMVZOQZ6HXw,Standard,5.0,0.0,
xrnwxkph7Mc,Standard,8.0,8.5,
fmHUBaj7SXc,Standard,7.5,0.0,
UnhZntS_ewA,Standard,-1.0,-1.0,
jhHgG6Qcrig,Standard,5.0,0.0,
e7PxLLf_0XQ,Standard,2.5,1.0,
Zdrlu-NT8zY,Reaction,8.0,9.0,
CmhxUw-r6gM,Standard,-1.0,-1.0,
hzGGm1HCXGo,Standard,5.0,0.0,
s9I6cg29RkI,Standard,3.5,0.0,
vW4f2gbRIfo,Standard,5.0,0.0,
qpXFus7LNoQ,Standard,4.0,0.0,
PzsfJ2A3Wn0,Standard,3.5,0.0,
SP_JxRTMGx8,Standard,3.5,0.0,
cqlSoCZ8-PI,Standard,5.0,0.0,
4u84tsOvpa8,Standard,5.0,0.0,
ZYInHxBZuJQ,Standard,8.5,8.5,
nv1Wsl90I3c,Standard,-1.0,-1.0,
F6bZKnCr22s,Standard,5.0,0.0,
-_E07f2j1J8,Standard,4.5,0.0,
JSO3vszLgic,Standard,6.0,4.5,
RAziO-Vmvfk,Standard,8.5,7.5,
-OYREHZXvxs,Standard,-1.0,-1.0,
Obs8Xk7JXY8,Standard,-1.0,-1.0,
CZ9tDNhKp5c,Standard,5.5,5.0,
hFb2eKJAvhA,Standard,5.0,0.0,
GBO-8JAGiWs,Standard,5.0,1.0,
Pf-wa3V_nPE,Reaction,4.0,0.0,
3T9tctbexXw,Standard,-1.0,-1.0,
hMZ0OTZr3NQ,Standard,8.5,8.5,
ayPZXq8IdGc,Standard,-1.0,-1.0,
gstY8zQpe2Y,Standard,-1.0,-1.0,
pib8tdj9r94,Reaction,-1.0,1.0,
4dfaHmC5l8w,Standard,4.0,7.5,
ENjTFWdLMHI,Standard,1.5,7.5,
8t4vnX32sLU,Standard,8.0,9.0,
eQMl0f6mJyU,Standard,5.0,0.0,
MLLv2e-un08,Standard,7.0,8.0,
wmxhgEA1JMk,Standard,7.5,7.0,
LhcW4ri4Bu4,Standard,-1.0,-1.0,
Gxj_Yv8JgA8,Reaction,7.5,9.0,
TE6Y1epm2io,Standard,5.0,0.0,
SFNWcqivrFs,Standard,5.0,0.0,
bFoNubme63M,Standard,5.0,0.0,
1v_kIUgHa8U,Standard,-1.0,5.0,
N0muOXytlJw,Standard,7.0,6.0,
CfEXcWxwhf8,Standard,5.0,0.0,
aHvSgwWc_GA,Reaction,-1.0,-1.0,
CDkW9lbEV6E,Standard,-1.0,-1.0,
vWAurFpH3XY,Reaction,-1.0,-1.0,
O6aaGaNcVpY,Standard,5.0,0.0,
wR9wR1a2Z7Y,Standard,-1.0,-1.0,
j4Y1JPdjedQ,Standard,5.0,0.0,
roO_FfpFCvE,Standard,7.5,9.0,
dUVeZzj9p3Q,Standard,9.0,8.0,
OKG4MJiA_5Y,Standard,5.0,0.0,
D5bJY8ht75E,Standard,3.5,0.0,
obzMDrqC0mw,Standard,5.0,0.0,
ZL-BMFEogLs,Standard,7.5,9.0,
M7z30zVcH_Y,Standard,8.5,9.5,
c6Kwt2nhKOE,Standard,-1.0,-1.0,
SXw8Q4D_z9I,Standard,7.5,0.0,
0DWjEpeGjIM,Standard,2.5,8.5,
LMb1b3n0Wnc,Reaction,8.5,9.5,
DlzJ5i5nsAM,Standard,4.0,5.0,
sZJWmAHlQlw,Standard,-1.0,0.0,
DnnjUpJUhs8,Standard,9.0,9.5,
STj2CydNNyU,Reaction,-1.0,-1.0,
HKgTRAJdk8g,Standard,6.5,6.0,
rz_-NnHBJb8,Standard,4.0,6.0,
LzHTAbisAv0,Standard,7.0,8.5,
bElxD2ISsSM,Standard,-1.0,-1.0,
E5Og5EQg4V4,Standard,-1.0,-1.0,
uBN_pWdvqcE,Standard,-1.0,-1.0,
4BU3roSQL_A,Standard,5.0,0.0,
AS-RAWDgmdg,Standard,5.0,0.0,
SJboToEWgGw,Reaction,8.0,9.0,
eByuHfuVnEc,Standard,3.5,0.0,
o7i6pYdnZv8,Standard,5.0,0.0,
btgOAP_elUY,Standard,8.5,8.5,
BOgjx7f0IhA,Standard,2.5,7.0,
evI7v50fxko,Standard,0.5,0.0,
IL0zmQJc7ik,Standard,7.5,8.5,
pAovVwh_2Cs,Standard,5.0,0.0,
B2u_lWQ7mOE,Reaction,7.5,0.0,
1EnvrsicoOA,Reaction,7.5,6.5,
a7UWEEJbLzg,Standard,6.5,6.0,
7P81dFI6MqM,Reaction,-1.0,7.5,
AenCzCYK0A4,Standard,8.5,7.5,
iJV0ndrrAlY,Standard,3.5,0.0,
5tAt2PhvC0M,Standard,5.0,0.0,
kCu6Tcxj0bw,Standard,4.5,2.5,
Z9jx9PgB-Cs,Standard,8.5,8.5,
2IybYShtiiY,Reaction,-1.0,-1.0,
AyMirtP5HPA,Standard,-1.0,-1.0,
GmcqKUY7o3w,Standard,7.5,2.5,
iUVUiJ_6wAc,Standard,3.5,5.0,
CCjfqTdzIO8,Standard,8.0,8.0,
3Mx3LMRFoJc,Standard,9.0,9.0,
bLFpZ_OOb3A,Standard,5.0,0.0,
4yErOQqZ_AQ,Standard,7.0,7.5,
SD5shzu-izY,Standard,8.5,8.5,
SB33HH-kD9M,Standard,6.5,4.5,
R8TUHZBUdLM,Standard,5.0,0.0,
klmQk-iICe4,Standard,5.0,0.0,
jBALaqC82uo,Standard,5.0,0.0,
PtHb_mjrwHU,Standard,-1.0,-1.0,
AAhGf7ec-WY,Standard,2.5,8.0,
TUUpYzjl4Rc,Standard,-1.0,-1.0,
G1lWJSOX1Sk,Standard,7.5,9.5,
JkvAssEggcs,Reaction,9.0,9.5,
dGBeyLAsxeM,Standard,7.0,0.0,
vswUuYkK-AU,Standard,-1.0,-1.0,
5j7R4yvHk0g,Standard,8.5,8.0,
GMX_oH1bAYQ,Standard,7.0,6.5,
N-fEEJ1oQL8,Standard,5.0,0.0,
z6V5AUYnzh0,Standard,7.5,9.5,
8VdEXBdpc4w,Standard,2.5,8.0,
V1qAk8XYxuY,Standard,5.0,0.0,
UBam-Ymff2k,Standard,7.5,8.5,
XrR1wnlDKq4,Standard,3.5,0.0,
eRHGyB_zm5k,Standard,-1.0,-1.0,
9rK27BkVURw,Reaction,4.0,7.5,
FsM_qvY8gmU,Standard,8.0,9.0,
14Ixl69aQWM,Standard,5.0,0.0,
-rl75DcBxXE,Standard,5.0,0.0,
hHbkM6psTBU,Standard,8.5,9.0,
WIGXmK1w1cU,Standard,5.0,0.0,
duvq1rFcHIc,Standard,-1.0,-1.0,
ebo8ZbNTF-U,Standard,9.0,9.5,
QwFt2-PzuP4,Standard,-1.0,-1.0,
l9TsIXJOJPI,Standard,5.0,0.0,
TGUaRrq_4kw,Standard,-1.0,-1.0,
e66a_DXxFOw,Standard,8.5,9.0,
XiTJSHiJSpU,Standard,-1.0,-1.0,
CSrejIOsBR8,Standard,5.0,0.0,
XJZtKOby6dY,Standard,8.0,4.5,
CTIcShw63cE,Standard,4.0,1.0,
EZSPhqfYVns,Standard,-1.0,-1.0,
DOKBKG1KxRQ,Standard,5.0,0.0,
gpoJq1c8UKQ,Standard,8.5,9.0,
0ZY96zuuAkg,Standard,8.5,9.5,
3bA2m-bn7XM,Reaction,7.5,8.0,
ZRo1e3hCjP4,Standard,5.0,0.0,
CC3b-BX4DwE,Reaction,7.5,8.5,
vLbUSWTJQNo,Standard,5.0,0.0,
NhyYvBSTR1Q,Standard,5.0,0.0,
t92StM5xG9U,Standard,-1.0,-1.0,
NcI8KGWRJFE,Standard,-1.0,-1.0,
Kyj5fbicMxE,Reaction,6.0,5.0,
NJz0qJs00zw,Standard,8.0,1.5,
q5BLZS6fW9I,Reaction,-1.0,-1.0,
J27_5FzaxYg,Reaction,6.0,0.0,
1rNdzn9SBPs,Standard,8.0,8.0,
Nl1q8XSP2NM,Standard,-1.0,-1.0,
ZNW3C1krWPM,Reaction,7.5,9.0,
rqx9b7vQzY4,Standard,2.0,8.0,
U0gi9f-D73Y,Standard,5.0,0.0,
uMgXQqrrqyc,Standard,8.5,8.5,
f-aQhRdaWkQ,Standard,8.0,9.0,
_Bw0Ykv__iM,Standard,5.0,0.0,
u_BYgW-Va0I,Standard,5.0,0.0,
4s7fUIgbSrY,Standard,5.0,8.0,
Y8CXlU36sK4,Standard,6.5,0.0,
8qb0Qp428c0,Standard,7.0,9.0,
d1Q5ZgGJnrE,Standard,-1.0,-1.0,
_S9e34iseJ4,Standard,3.5,0.0,
bpZgfBwV8C8,Standard,-1.0,-1.0,
p39LPNZy46w,Reaction,8.5,9.0,
YJP5SuITrwQ,Standard,4.0,0.0,
Pj38UZiNuyI,Standard,5.0,0.0,
d8E4hHSiqEU,Standard,7.5,7.5,
37lm_uLfnWQ,Standard,9.0,9.5,
EB4VA_ci4xc,Standard,5.0,0.0,
R3WDjEAAkJY,Standard,8.0,8.5,
ufK3sF-CfFw,Standard,5.0,0.0,
gCefnMBDjY0,Standard,5.0,0.0,
nV4T1xN9snM,Standard,-1.0,-1.0,
U1ESXyGbDX8,Standard,7.5,9.0,
XSQnqj-Agtc,Standard,9.5,9.5,
1RWo2CaMr44,Standard,8.0,9.5,
yE1rmYrDHJU,Standard,7.5,8.5,
g7q33ZGBXzg,Standard,3.5,6.0,
lWZZG8SG-Yw,Standard,3.5,0.0,
j3T3mfdnzbM,Reaction,6.5,0.0,
riIEedzTB1c,Reaction,-1.0,8.5,
8L5TW3ymm-I,Reaction,7.5,8.0,
_mEMUcnGyB8,Standard,-1.0,-1.0,
vvygWcshXRY,Standard,8.0,9.0,
ysck4RjnBuA,Reaction,6.5,9.0,
Q_8e1UJpPbo,Reaction,7.5,8.5,
RnO8fKrET1Q,Standard,4.5,0.0,
rgyxJGnYq1o,Standard,8.5,8.5,
Mln3tkoDMSI,Standard,6.0,7.5,
Afhwvw34JvY,Standard,5.0,0.0,
PxQgOHu-vBc,Standard,5.0,0.0,
dD2mudteZ9g,Standard,6.0,0.0,
AZtgUwDS9mU,Standard,-1.0,0.0,
jDQt25YAyn4,Standard,7.5,9.5,
9jQlqTMgeOk,Standard,-1.0,-1.0,
HJpbU_ZQPNw,Standard,-1.0,-1.0,
7wgpcU2hyBg,Standard,4.0,0.0,
wW0i1kz2kQE,Standard,5.0,0.0,
D87iOvN_cYw,Standard,5.0,7.5,
qGmswTqq5BU,Standard,-1.0,-1.0,
xoxfapCGKDA,Standard,-1.0,-1.0,
MhE2DuydEC0,Standard,-1.0,-1.0,
x-ovger4H6I,Standard,5.0,0.0,
9vNi0E1xUgI,Reaction,8.0,9.0,
KNRrg7D-Uf4,Standard,8.0,9.0,
bROxZl16IPo,Standard,6.0,0.0,
6wFZu8QJieA,Standard,7.5,8.5,
iQVuCWD1GIg,Reaction,8.5,9.0,
VHAzF63klEk,Standard,6.5,1.0,
-ip0P5gq6ho,Standard,5.0,0.0,
UZ7NJPKog5M,Standard,7.5,8.5,
C0W5LABL5pQ,Standard,-1.0,-1.0,
XO-Y3KIhRIM,Standard,-1.0,-1.0,
5mwNfTHI7us,Standard,7.5,8.5,
3Fncx7Uo3gQ,Standard,5.0,0.0,
l2XyCqk9GBQ,Standard,-1.0,-1.0,
itfZkA4uCjk,Standard,-1.0,-1.0,
DauOounDQj0,Standard,5.5,1.0,
HP0C_UQFLYI,Standard,3.5,9.0,
Daz1HsDF7hw,Standard,7.5,7.5,
r-yx-C5JfUg,Standard,5.0,0.0,
ioQWR3oS_2A,Standard,-1.0,5.0,
yVKEGLgGUcA,Standard,5.0,3.0,
PZs64UVsYFA,Standard,9.0,9.0,
7e2s-fVCFOg,Standard,-1.0,3.5,
wTW5pO6GusE,Standard,5.0,0.0,
wsTxaooue3I,Standard,8.5,8.5,
NsQaVhuNap0,Standard,5.0,0.0,
UXTxQmOW1j4,Standard,-1.0,-1.0,
qr-Bu6Lv7BA,Standard,6.5,7.0,
988tyOvjXKI,Standard,5.0,0.0,
7Lu3oEmMEGM,Standard,5.0,0.0,
d2LN2BhzEdw,Standard,7.5,9.5,
XRQHKp9KQQ8,Reaction,7.5,9.0,
7DWhW_yKeSs,Standard,-1.0,-1.0,
nM4u_KkhIhM,Standard,6.0,2.0,
F2WfEaa2iRI,Reaction,8.0,9.5,
ZqCWSPI3bJU,Standard,8.8,9.2,
IKcK-YJrP3I,Standard,5.0,0.0,
J-3Pca5-qp0,Standard,5.0,0.0,
WP1vrRPuZB4,Standard,7.5,8.0,
3p2j_fu3VdQ,Standard,5.0,0.0,
blVsWHvqpYQ,Reaction,8.5,9.5,
tpbQYPNSXys,Standard,3.5,7.0,
HND_g5h4u8A,Reaction,7.5,1.0,
4PVSoeFIq94,Reaction,-1.0,-1.0,
SIIbEzmCgEc,Standard,7.5,6.5,
h2g-aODBPtw,Standard,-1.0,-1.0,
HGToYNYrGR8,Standard,-1.0,-1.0,
UjVvexOWTuI,Reaction,9.5,9.5,
DoSZ-8qvan8,Standard,3.5,0.0,
GRHj4mHW03o,Standard,5.0,0.0,
0VE5CIB_vJc,Standard,7.5,7.5,
5ioeCclfDwA,Standard,8.5,9.5,
xftcKGIUoyo,Standard,6.5,7.5,
nZzQxz665Ns,Standard,-1.0,-1.0,
xHCkgCrtrMo,Standard,5.0,0.0,
J3vYKCqakhg,Standard,-1.0,-1.0,
KJ1WDbHG14w,Standard,5.0,0.0,
WfsRe7rf8FU,Standard,-1.0,-1.0,
iIr46OlZeQc,Standard,5.5,0.0,
wWKcsz4NZ3s,Standard,-1.0,-1.0,
GeD80lKxonM,Standard,5.0,0.0,
TeQPyAliOLA,Standard,5.0,0.0,
TCfeAb8xJX0,Standard,-1.0,-1.0,
uUFvwjKizbY,Reaction,7.0,8.0,
9eUs8X5dtP0,Standard,8.0,9.0,
sy9FTH6WxBw,Standard,-1.0,-1.0,
JsUrQqkozQo,Standard,5.0,0.0,
fkJfnzeW8J4,Standard,1.5,6.5,
H0KJd2rYCFc,Standard,7.5,8.5,
eSO8p40HEOo,Standard,7.5,0.0,
rI2IGj9Sp5M,Standard,-1.0,-1.0,
uhQxyOU4eow,Standard,5.0,8.0,
Bunl1iOsx2k,Reaction,8.0,7.5,
9EHR5tKGElc,Standard,-1.0,-1.0,
ZIMQXqGTaXs,Standard,-1.0,-1.0,
HpFBlvSgLZE,Standard,-1.0,-1.0,
p-_YB0PXEFc,Standard,6.5,8.0,
TbdQP3BWLTU,Standard,-1.0,-1.0,
IMlG4-gX2Ho,Standard,-1.0,-1.0,
w858rHJyNHg,Standard,4.5,7.5,
h5IG9iMxB6Q,Reaction,-1.0,-1.0,
y3KcYi57tNc,Standard,7.5,9.0,
SZtFAbzmxT0,Standard,7.5,7.5,
sTdgMnkPhOM,Standard,5.0,0.0,
tUNt8utKFoY,Reaction,7.5,8.5,
5Au2dwLkccM,Standard,5.0,0.0,
BvYFDMSio7k,Standard,5.0,0.0,
TDE3M3XJ8Ds,Standard,6.0,6.5,
oJAFYvZ7d5w,Standard,8.0,7.0,
6JLGzJf2pTw,Standard,5.0,0.0,
WiesgdCuTTk,Standard,5.0,0.0,
qkJspJhVo14,Standard,7.0,8.0,
o2_n-eMILsA,Standard,5.0,0.0,
AvaY4i5RdPo,Standard,-1.0,-1.0,
NoXaJkhX7KI,Standard,5.0,0.0,
M9-uiGn-y_k,Reaction,8.5,9.5,
OfgTgEDcyR0,Standard,5.8,0.0,
0JULuA5v51c,Standard,8.0,2.0,
fQZsLg0LdK0,Standard,5.0,0.0,
YSoBbuvhNNw,Standard,7.5,6.5,
T1fPo6ZPx-o,Standard,5.0,0.0,
netI6lwbPF4,Standard,5.0,0.0,
R0Vzlqg6Lco,Standard,4.0,0.0,
_dWn8z3b8Vw,Standard,-1.0,-1.0,
1jh8OX-iIyw,Standard,5.0,0.0,
G2MGYRUK2dc,Standard,-1.0,-1.0,
QNfu9ecxX0g,Standard,5.0,0.0,
meFjAw1CXfU,Standard,5.0,0.0,
HfK5g6fAf5E,Standard,3.5,0.0,
wLB2pScxcnY,Standard,5.0,6.5,
jj3WyoeHiws,Standard,8.5,8.5,
bvfoo1AAQyc,Standard,5.0,0.0,
gs2_GdJPi7A,Reaction,8.5,9.5,
9BXOPh-HTrA,Standard,5.0,0.0,
ZmJr30nuAuI,Reaction,3.5,0.0,
ZtzFWzRLtyQ,Standard,9.5,9.0,
Mp34Vb3ZNy8,Standard,8.5,9.5,
p7-Cj4r6L0Y,Standard,8.0,9.0,
HBzIt4Hj4Zk,Standard,-1.0,-1.0,
qyfnu0XfM-0,Standard,5.0,0.0,
Fpn3cxEARvo,Standard,-1.0,-1.0,
NksUzVrZ850,Reaction,-1.0,7.0,
d-1yx9BZazU,Standard,7.5,4.5,
pMgIQBZRPNM,Standard,8.5,8.5,
i98LnPoy8nw,Standard,-1.0,-1.0,
ITmck_mMb2E,Standard,-1.0,-1.0,
lF9jPfrHV9Q,Standard,3.5,0.0,
p05Emgv5pjs,Standard,5.0,0.0,
MyLivEJQH_U,Standard,-1.0,-1.0,
dxPx-UFo-ac,Standard,5.0,0.0,
M4PjrC2wdTc,Reaction,-1.0,-1.0,
fqeshYMR-Hk,Standard,5.0,4.0,
YO08l26zeE8,Standard,7.5,9.5,
xj_SwkwjW1A,Standard,5.0,0.0,
Vq_GvYj1lks,Standard,5.0,0.0,
CCYLfzYqYpQ,Standard,5.0,0.0,
VVbtT04fk1o,Standard,-1.0,-1.0,
9ncACb3bmjM,Standard,6.0,0.0,
w9W6ffpNFdI,Standard,5.0,0.0,
cjPVfoyZnN4,Standard,-1.0,6.5,
gD7_n7ciPvc,Standard,-1.0,-1.0,
IRVQCiKgVwU,Standard,6.5,7.5,
0GYE5eSgiW0,Standard,6.0,0.0,
cO4jCdFTqDA,Standard,-1.0,-1.0,
OJtJFB-aZa0,Standard,-1.0,-1.0,
3Nmu3wa0njA,Standard,7.5,1.5,
pYpWariCK6s,Standard,5.0,8.0,
QW4m4pQGyvs,Standard,7.5,8.0,
PxHzN9fYqtI,Standard,-1.0,-1.0,
PRtVKZFoz4o,Standard,5.0,2.0,
Fh4lwlwlglM,Reaction,-1.0,-1.0,
G8L6TuIT5eg,Standard,5.0,0.0,
2ivC6wIakqk,Standard,-1.0,-1.0,
NQUy5aJGiJY,Standard,8.0,8.0,
go_ulS0XBAY,Standard,5.0,0.0,
fO2syDbjIh0,Reaction,5.0,0.0,
mjNt7M15fKM,Standard,8.5,9.0,
uszbDjjGIGc,Standard,5.0,0.0,
q6h8jtNz1EI,Standard,7.5,7.5,
IYG1s1k4ZtI,Standard,7.5,6.0,
dsLmak981TE,Standard,4.5,0.0,
6xlJsRfA40g,Standard,5.0,0.0,
F2DKPAz4Unw,Standard,5.0,0.0,
cZ8SWnsCWw0,Standard,-1.0,-1.0,
aEn_yQ7h6l0,Standard,-1.0,-1.0,
N2VgT1Xp95A,Standard,5.0,0.0,
ssbAwqXeuP0,Standard,5.0,0.0,
2XgG6Iu48l8,Standard,-1.0,-1.0,
VlJrwQGTimE,Standard,4.5,0.0,
1iS5zP-JBw0,Standard,8.5,9.0,
je-kMeY6hfw,Standard,6.5,7.5,
R4KZrBgwrSw,Standard,5.0,0.0,
81DzOtTUsfY,Standard,7.5,8.5,
UxGq_Dj8kyE,Standard,-1.0,5.0,
FxjA8ShEGE0,Standard,-1.0,-1.0,
dIIYTu4X9Jw,Reaction,-1.0,-1.0,
YguE-1c1k1E,Standard,7.5,8.5,
HGUQSDKuLak,Standard,-1.0,0.0,
rb8SsGtEBig,Standard,5.0,0.0,
mk7qiF0oTyo,Reaction,5.0,0.0,
oR8eLAEYcKk,Standard,5.0,0.0,
3AA9rmYoHmo,Reaction,7.5,8.5,
tUUehLtoxlQ,Standard,5.0,0.0,
FdgKDoLljk8,Standard,2.5,0.0,
xlNHNLCXfZI,Standard,1.5,7.0,
zGZYtEbmC6w,Standard,6.0,7.5,
9qSBCsn5uLU,Standard,-1.0,-1.0,
3gu4Iqn3hzw,Standard,-1.0,-1.0,
y2y21ZBxVvA,Standard,7.5,0.0,
5EeBdQn1HpU,Standard,-1.0,7.5,
ToyTbiGVwZ4,Standard,5.0,0.0,
0WSb49a6usI,Standard,3.5,1.0,
OlrihZZRUBU,Standard,8.0,9.0,
QLMZixB0vII,Reaction,-1.0,7.5,
SY1mcUV6D6Y,Standard,5.0,0.0,
tP2wTSICFek,Standard,5.0,0.0,
J_xRUmXtIGk,Standard,6.0,8.0,
A8hVJalHoHA,Standard,2.5,7.5,
MM3B9Obrj3w,Standard,5.0,0.0,
s6mPtWj8kXI,Reaction,7.5,3.5,
c-V6Cu5-L_4,Standard,1.0,7.5,
D_W2DQ5Gi0g,Standard,-1.0,-1.0,
P5vvMZskfoU,Standard,5.5,0.0,
d2HSOf1P4qk,Standard,5.0,0.0,
qBHhFQpFh08,Standard,7.5,8.5,
j9fbYrfUejo,Standard,8.5,9.5,
rmF-4_IecVo,Standard,-1.0,-1.0,
LqmgLegfDcg,Standard,7.5,8.0,
XTtUzA0n3-g,Standard,-1.0,-1.0,
udAV74a8U9U,Standard,-1.0,-1.0,
CGc0OyMvJaU,Standard,5.0,0.0,
WNW56uh8lIM,Standard,5.0,0.0,
YBx39XsLU4w,Reaction,-1.0,-1.0,
qVzORl0knAU,Standard,5.0,4.5,
qNzowimDvKA,Standard,5.0,0.0,
Ph56dK--f8A,Standard,7.5,6.5,
FZoxx5dRYOM,Standard,1.5,8.5,
MGsRzQr63cU,Standard,8.0,7.5,
5s-pCsw4Vk4,Standard,-1.0,-1.0,
OC3a5UYIvug,Standard,-1.0,-1.0,
L0HBiUjD8Ok,Standard,3.5,0.5,
IoQcQisv1s4,Standard,5.0,0.0,
poI7b9lYROQ,Reaction,7.5,8.5,
7Z9Ue3_Ompo,Reaction,7.5,7.5,
wghfGhvE8lE,Standard,5.0,0.0,
7yYX8pTkheo,Standard,2.5,6.5,
Z_Ex3ENbheo,Standard,-1.0,3.0,
QM24k8DB5Xc,Standard,3.5,7.5,
S9gpJQVlj_8,Standard,8.5,9.5,
gO3JwDM_YwY,Standard,6.5,0.0,
dWX8zw4OOUI,Standard,-1.0,-1.0,
2xa-KlKLWWU,Standard,-1.0,6.5,
W-EXfXAF6wQ,Standard,-1.0,-1.0,
GBmvXlE90v8,Standard,5.0,0.0,
ToBC5Fh1Sko,Standard,5.0,0.0,
5RmLMersfbM,Reaction,6.0,0.0,
RjOYmToeu_U,Standard,-1.0,6.0,
pRpzZTn6sgA,Standard,5.0,0.0,
2mBTP7c42HU,Standard,7.5,6.5,
XtY0F39MI5c,Standard,6.8,5.5,
30MSdwipAX8,Standard,8.5,8.5,
mqmQi9-SJp0,Standard,5.0,0.0,
oIDShqdh2PY,Reaction,5.0,6.5,
6ssOveL7NK8,Standard,5.0,1.0,
xttu_NCbyX8,Standard,7.0,7.5,
unQVubDsuiM,Standard,8.5,8.5,
YTlkswilK4k,Standard,-1.0,-1.0,
onmCYPz_Zgk,Standard,5.0,0.0,
yHaTkeW5MzQ,Standard,3.5,0.0,
vvLWo777q1I,Standard,5.0,0.0,
Sss_HnJJRSg,Standard,7.5,8.5,
MiPkE4iPfGI,Standard,-1.0,-1.0,
PbX1ewIEtVM,Standard,4.5,0.0,
-WDrlD4KUvk,Standard,7.0,0.0,
5egaroxoYvw,Standard,9.5,0.0,
bSNDHe6Tr2A,Standard,7.5,9.0,
7h2yP-LDHtY,Reaction,8.5,8.5,
h81qyYCLK_s,Standard,5.0,0.0,
2glIvlvdInE,Standard,-1.0,-1.0,
z8_CBJ075aw,Standard,5.0,0.0,
qZYlJsOCeSE,Standard,5.0,7.5,
amwyKvOWOaQ,Standard,5.0,0.0,
I6Eb6Wfa7wI,Reaction,2.5,0.0,
jGwZOFsDW_I,Standard,3.5,0.5,
NhbVtWYegXA,Standard,7.5,6.5,
A331ERbxGSI,Standard,-1.0,-1.0,
kemIkQntn4w,Standard,7.5,9.0,
rgs1zgsfrZA,Reaction,5.0,0.0,
jC3t6g7KL-Q,Standard,5.0,0.0,
3um-uYQr7AI,Standard,-1.0,-1.0,
HXKGu_Gb1ek,Standard,-1.0,-1.0,
hfqolArsTvY,Reaction,8.5,9.5,
1acz-MJEEMM,Standard,5.0,0.0,
-qruqUlK8Gc,Standard,8.0,7.5,
49tHtFpaPUI,Standard,8.0,9.0,
TFOnSl6dw60,Standard,-1.0,-1.0,
pYIfTTCZ2Zg,Standard,-1.0,-1.0,
Zpxj6IiK_7s,Standard,5.0,0.0,
cZbsebuEQZo,Standard,-1.0,-1.0,
lb94mXivEu0,Standard,6.5,7.5,
rYJz2eZ4v_0,Reaction,-1.0,-1.0,
JvyU6yfouKY,Standard,-1.0,-1.0,
y5Ladf9DNzA,Standard,6.5,6.0,
GEsN1g2cLJU,Standard,7.5,8.5,
SGJUTM5XWcE,Standard,8.5,9.0,
33KYJCG2_0c,Standard,5.0,0.0,
wg_6LXOXY2Q,Standard,-1.0,-1.0,
MI5jmGpomEk,Standard,5.0,0.0,
o6N6HEBufwc,Standard,5.0,0.0,
YtXp8Ykvfyg,Standard,5.0,0.0,
U-mw2KvsrQI,Standard,-1.0,-1.0,
vVSL4ogmhVg,Standard,-1.0,-1.0,
0SaZe8V7aeE,Standard,7.5,7.5,
vshsd3V2Tc0,Standard,-1.0,-1.0,
H8vnf1bW49M,Standard,5.0,0.0,
qdwnQPttJSc,Standard,-1.0,1.0,
GOYuzpHIWD0,Standard,5.0,0.0,
oxz_84ZII8U,Standard,-1.0,-1.0,
-LsrZ2IiusI,Standard,2.5,0.0,
_RuviEYVVX4,Standard,7.5,8.5,
XFnljCrJSCM,Standard,8.0,9.5,
SAGiyg4tOI4,Standard,-1.0,-1.0,
lau4gI-s7lk,Standard,7.5,7.5,
NRsblieeaXA,Reaction,8.0,9.0,
x0siOvTr-Hg,Standard,-1.0,1.0,
zIGW9DzK0pA,Standard,6.5,0.0,
cE3aM8hcW0E,Standard,8.5,9.5,
iopaoSexDHs,Reaction,7.5,9.0,
e_DUYGpeMBQ,Standard,8.5,9.0,
fm1nUfn2Gb4,Standard,5.0,0.0,
32vy7GoUfUw,Standard,6.0,1.0,
4tkPejSZrgc,Standard,7.0,8.0,
eCROKgICXL0,Standard,5.0,0.0,
g6xsp2nkQ3c,Standard,6.0,4.0,
2maSxUfSBE0,Standard,5.0,0.0,
iHmqjKpqxpI,Standard,5.0,0.0,
UcvjvGXfISM,Reaction,7.5,8.5,
OLfhjSQW1Us,Standard,6.5,0.0,
OA5efi0ZPYY,Reaction,8.5,9.0,
GGcdBG6O9P8,Standard,5.0,0.0,
7LLm4SnepG8,Standard,9.0,9.5,
nJhuAWZVy_Q,Standard,2.5,1.5,
CifPhn0LlU8,Reaction,7.0,9.0,
ezSBi1FiL_4,Standard,-1.0,-1.0,
CyQmD3VVV5Q,Reaction,-1.0,8.0,
-on3dFoOmxk,Standard,-1.0,-1.0,
Z2zDJsVtVQs,Standard,5.0,0.0,
UXVo_ypLHOg,Standard,2.5,7.5,
nxZNlivWBKw,Standard,2.5,6.5,
YYzAW-pPX78,Standard,2.5,0.5,
oT3hWojjAf4,Standard,2.5,0.0,
BYiSby7H7mQ,Standard,2.5,8.5,
yyhfuRb3Xgw,Standard,5.0,0.0,
cHw54HWgpeA,Standard,5.0,0.0,
tL8GZgvvurI,Standard,9.0,-1.0,
VUZ1ifUPh0M,Standard,5.0,0.0,
r4qwZTow1iY,Standard,-1.0,-1.0,
MHorW5OEwv8,Standard,8.5,8.5,
yyDDypy8B1Y,Standard,8.5,7.5,
GoUXpcEhkmE,Standard,-1.0,-1.0,
eA1k1VHk9go,Standard,7.5,9.0,
VVvO6pl8XUM,Standard,-1.0,-1.0,
PIXxpL_ZR-0,Standard,7.5,8.5,
WrY8vK6s5ao,Standard,4.0,8.0,
5zx6Ct6IL3o,Standard,-1.0,-1.0,
NqUbSa_DQ-Q,Standard,7.5,8.5,
b64uKe2ijn8,Reaction,5.0,8.5,
wDMPq1GQPWU,Reaction,7.0,1.5,
N94qnjbZKEk,Standard,8.0,9.5,
NsdscsdRwn8,Standard,-1.0,-1.0,
Uf6_6mF9GRA,Standard,6.0,8.0,
YmNd678pJ8Y,Standard,7.0,9.0,
6lz3t9luOVs,Reaction,2.5,1.0,
pO3WHLmyTeY,Standard,7.0,8.0,
3rT-DfMPQSU,Standard,7.5,6.5,
sRgh0ZSv2CQ,Reaction,-1.0,-1.0,
9lA5sfCWqNU,Reaction,-1.0,2.0,
TR_138f6DDM,Standard,7.5,6.5,
f95AhhWJW78,Standard,5.0,0.0,
ZgKSN6jJuN0,Standard,5.0,8.0,
kevxk8na05g,Standard,5.0,0.0,
vWJdFx_mb5U,Standard,-1.0,-1.0,
HL3-wmip8fk,Standard,7.5,9.0,
tDp90upFDWI,Standard,5.0,0.0,
ZyFIctU3Cy4,Standard,5.0,0.0,
X-vBVUMhU8Y,Standard,8.5,9.5,
vCTkWvS7JKQ,Standard,2.5,0.0,
XrBc-gCs_pU,Standard,-1.0,-1.0,
C6ghhnQuy30,Standard,7.0,7.5,
QqKjxJZvlYc,Standard,5.5,0.0,
ry5fNSso68I,Standard,8.0,8.5,
XEnpZv8y3WQ,Standard,-1.0,0.0,
wnTGDwpLDII,Standard,2.5,8.5,
YXPr3obbAg0,Standard,5.0,6.5,
IfNIxsueXDs,Standard,6.5,7.5,
89-WO1ttkyY,Standard,-1.0,-1.0,
sm1M706g_K8,Standard,7.5,9.0,
urbs-shkynk,Standard,7.0,7.5,
r3yvnptAhuk,Standard,-1.0,-1.0,
LGPqbJiMQr8,Standard,-1.0,-1.0,
2UgqwQgcFdU,Standard,-1.0,-1.0,
rWPfaf9mneQ,Standard,6.0,9.0,
CA_E_pkbqBo,Standard,3.5,7.0,
UCKi8pj2bEA,Standard,5.0,0.0,
ONKFHl_MCVo,Reaction,-1.0,-1.0,
VdisLYSa5Mo,Standard,3.5,7.5,
TNH-nVVtOns,Standard,2.5,7.5,
h837syot4FA,Reaction,-1.0,-1.0,
JK_giQr4f5s,Standard,5.0,0.0,
dJBx6S5ZPm0,Standard,9.0,9.5,
dsQT5Llj_xA,Standard,5.0,0.0,
gGxAFin8kIU,Standard,7.5,8.5,
6w6MBsZEgW4,Standard,7.5,8.5,
x61SFC8iBZM,Reaction,7.5,7.5,
HBqgNX8ZKZw,Standard,-1.0,-1.0,
umFkeSZ0U3o,Standard,-1.0,-1.0,
ve6_XiI_XX0,Reaction,7.5,7.0,
AoTPWqhcnFk,Standard,7.5,8.5,
DCHUVmuPziU,Standard,5.0,0.0,
57f0jHvW5Tk,Standard,7.5,8.5,
IftTaaerhqQ,Standard,5.0,0.0,
J8_99VUL3qk,Standard,5.0,1.0,
RJRRSr8LHwc,Standard,-1.0,-1.0,
njYXZRDUzbg,Standard,7.0,0.0,
m6qduZSPUYk,Standard,7.5,0.0,
B7ipMZSnhzY,Standard,-1.0,2.5,
_aifuW9AJMk,Standard,5.0,0.0,
VMu5ujCXLEk,Standard,5.0,0.0,
TsLocch55RI,Standard,8.5,9.0,
9lHreZmhtew,Standard,8.5,9.0,
cqF3GXpGzQE,Reaction,9.0,9.5,
lbyzlIOfCpc,Standard,5.0,0.0,
DuTtj0XJxE0,Standard,8.5,8.5,
D208OEsnGV0,Standard,6.5,8.5,
vcGvfW3zeFY,Standard,8.5,7.0,
i0qYCVr1nFw,Standard,0.5,9.5,
1pN_1oAg_Bo,Standard,-1.0,-1.0,
dMerTX8NcGk,Standard,7.5,8.5,
WRUVTvH3RAw,Standard,-1.0,-1.0,
2cQMVJ919zE,Standard,-1.0,-1.0,
ZtfDpKNcCfU,Standard,-1.0,-1.0,
JCJsZ6frziA,Standard,5.0,0.0,
a602yyBtErA,Standard,-1.0,-1.0,
NOcGnSpy6H4,Standard,-1.0,-1.0,
Kxf3Uz_TaWo,Standard,-1.0,-1.0,
2YW8oytKgFc,Standard,3.5,6.0,
tkxtyJzAxo4,Standard,7.5,9.5,
OlT0Upssu54,Standard,7.5,8.5,
5BDUjJpV2Oc,Standard,5.0,0.0,
-Zcow00IDkQ,Standard,5.0,0.0,
cNAqrJyvq38,Reaction,-1.0,3.0,
-j2_Zu3gjrI,Standard,4.5,0.0,
atQ4sx7aXNM,Reaction,5.0,0.0,
cjhpNwsPA_w,Standard,1.5,6.5,
T4k_lbbAWk8,Standard,-1.0,-1.0,
u9MZgTHCh_k,Standard,7.5,7.5,
NnTK__tz970,Standard,5.0,0.0,
hsApy7nZUHA,Standard,-1.0,-1.0,
TxYltvRZilE,Standard,-1.0,-1.0,
o21hdYjJ79c,Standard,3.5,7.5,
WxnaOSMzaVU,Standard,2.5,7.5,
ppQPM8Ea-94,Standard,-1.0,-1.0,
r1dFWX6LsTc,Standard,-1.0,-1.0,
V9aBcBMO_vQ,Standard,5.0,0.0,
qts3mOmZDxg,Standard,9.0,8.5,
gpLpPNSiLOU,Standard,8.0,9.0,
Ew9ZTJiFMqQ,Standard,5.0,0.0,
5SFnSUQLK68,Standard,5.0,0.0,
NakfRRv2TtY,Standard,2.5,0.0,
PLV88PBDSNk,Standard,-1.0,-1.0,
NutPl2sHJEI,Reaction,7.5,8.5,
AA6jNhwZK6Y,Standard,3.5,0.5,
cqycqOJmYZk,Standard,5.0,0.0,
ARxi0IalfT4,Reaction,7.5,4.5,
TYVSX8ORdn0,Standard,5.0,0.0,
L0iQmAmIzf0,Standard,3.5,7.5,
BitWw5lJzjg,Standard,-1.0,-1.0,
jg8iX6P62UQ,Standard,-1.0,-1.0,
ZjfHtWxZXjA,Reaction,7.5,8.5,
UFpVJDb4f0A,Standard,9.5,10.0,
PUsmkH-YYyo,Standard,5.0,0.0,
GfAMHD4Nq1k,Standard,-1.0,-1.0,
JtnCnvMs0h8,Standard,8.5,8.5,
JN4_LDpK_X0,Standard,8.5,7.5,
_YEUWBwBgJg,Standard,-1.0,-1.0,
JFM4rfyMIIY,Standard,-1.0,-1.0,
G6NjghiK5QA,Reaction,3.5,0.0,
4TO524V5KKI,Standard,-1.0,-1.0,
0UYMVkmsY-w,Standard,7.0,8.0,
jFGiNC6ov7Q,Standard,-1.0,-1.0,
pcBexnKNpd4,Reaction,3.5,0.0,
kVGk8z8nRRE,Standard,-1.0,-1.0,
GaUeBjh7Y1I,Standard,-1.0,-1.0,
xxwl-hKzp0c,Standard,9.5,9.5,
Kmff5X2jrlg,Standard,4.0,0.0,
ozHKLnodX8I,Standard,5.0,0.0,
Rb0okAQVfbc,Standard,7.5,8.5,
v_9zoqOdWRA,Standard,6.0,7.0,
dcXcMiad0IY,Standard,5.0,0.0,
UrAguUprpdk,Standard,5.0,0.0,
sOsI_hiSoWA,Standard,5.0,0.0,
FQTNxDwRisk,Reaction,-1.0,3.0,
aguH4p4O2II,Reaction,6.0,8.5,
hmMFx4OfYOc,Standard,8.5,7.0,
-zk6HOj1wkk,Standard,8.0,7.5,
uIg5GYmJnlQ,Standard,5.0,0.0,
u9LRPYX3Gtk,Reaction,7.5,8.5,
20wtg7mdCDQ,Standard,-1.0,-1.0,
zxHIMazRWRY,Standard,3.5,1.0,
IOSZ-BAySlg,Standard,2.5,0.0,
Vg2awzs9mJw,Standard,5.0,0.0,
7tBs4ZWFIxk,Standard,5.0,0.0,
RZmfszJesjY,Standard,7.5,6.5,
IkyTlvWxugA,Standard,4.5,0.0,
JBNYZdUf2qw,Standard,3.5,0.0,
t_KbH3rcn34,Standard,-1.0,-1.0,
g-Fa5nsF-yY,Standard,7.5,8.5,
w2iS8cSxicA,Standard,6.5,7.5,
qtRZm1-O7jw,Standard,2.5,7.5,
Jc2TIGTlVUY,Standard,8.5,7.0,
BSVnlccsjJk,Standard,7.5,8.5,
w3oIp7B5bgk,Standard,5.0,0.0,
OiOQf73rtYE,Standard,3.5,0.0,
qzVwwvl6_8o,Reaction,9.0,9.5,
sHRxDdoh7eo,Standard,8.5,8.5,
XVqZHY1FRuI,Standard,-1.0,-1.0,
of1_iafeGB4,Standard,-1.0,-1.0,
BJI4Fkt_8os,Standard,5.0,0.0,
d87b2qdTU5w,Standard,9.5,9.5,
JY0D8TNUmB8,Standard,5.0,0.0,
brZkiR5N9kg,Reaction,7.5,7.5,
MmhlEHXSvnw,Standard,6.0,0.0,
XqSQdgyfOAw,Standard,-1.0,-1.0,
fKQ5GqWFjus,Reaction,8.5,9.0,
eoq3id0MTpU,Standard,5.0,0.0,
KIhaN8O4UqU,Standard,5.0,0.0,
qW5ZGaGR2Ng,Reaction,7.5,8.5,
nGuJB8Xk8jo,Standard,8.5,9.5,
iS22xAOuj5Y,Standard,7.5,9.0,
DElnsbtW_qY,Standard,-1.0,-1.0,
Z5mkk9SaWic,Standard,2.5,7.5,
nF4wUC2aHhc,Reaction,-1.0,-1.0,
AHTpsP2qW5Y,Standard,6.5,7.0,
sb4W7ewHw3I,Standard,3.5,0.0,
ggSjxV2ptTw,Standard,3.5,4.5,
DjCfqNW6EQs,Standard,-1.0,-1.0,
V6Wj_Tp2sgE,Standard,-1.0,-1.0,
BwW6a33Fldg,Standard,5.0,0.0,
RVSCvyqfffk,Reaction,7.0,8.5,
KWrA_sT8sYg,Standard,-1.0,-1.0,
ifh9E5v71eI,Standard,5.0,0.0,
e0WgXX8aCSQ,Standard,4.0,6.5,
QdeSvv2HwRY,Standard,5.0,0.0,
7NRASNH40LI,Standard,-1.0,-1.0,
8-uECOUgik4,Standard,5.0,0.0,
xD3TbZ1vdJI,Standard,5.0,6.0,
9vWKxnVZO60,Standard,7.5,9.0,
tUBEytoQSXI,Reaction,6.8,8.0,
8Hwj2uiP3Dg,Standard,-1.0,0.0,
fVxEOQH_094,Standard,5.0,0.0,
2uTbVfmiVVk,Standard,7.5,8.5,
SIgdeBRPdZo,Standard,2.5,1.5,
6ciea9l8KY8,Standard,-1.0,-1.0,
m95uaFlNK5c,Standard,5.5,0.0,
EZom5ZzoTfI,Standard,-1.0,-1.0,
mT7mDE34Zm0,Standard,2.5,7.5,
p3_WpUloTaM,Standard,3.5,7.0,
wy0yShQ5LNA,Standard,7.5,8.5,
3fzAb00k0PE,Standard,8.5,9.0,
hyG3F5OIEE0,Standard,5.0,0.0,
1T2BrFdtueU,Standard,2.5,0.0,
5rlD5UCFmEc,Standard,8.8,9.2,
cBhiodAYsxo,Standard,8.5,9.5,
4JkNoQXIcsE,Standard,5.0,0.0,
R4LIc9GmRjs,Standard,3.5,1.0,
AShe6JzDqRo,Standard,-1.0,-1.0,
ferp3tHO2aU,Standard,-1.0,-1.0,
VCu_wF2uTtY,Standard,-1.0,-1.0,
NSXdQs_KJ9I,Standard,-1.0,-1.0,
UCLNSrH9Udo,Standard,-1.0,-1.0,
gStT0YR2igQ,Standard,-1.0,-1.0,
AXRLMR52ByU,Standard,-1.0,-1.0,
-GzwTWQvz-c,Standard,-1.0,-1.0,
qfjrUtPfNFI,Standard,-1.0,-1.0,
vu05TMvzQts,Standard,-1.0,-1.0,
AWov8njGiTQ,Standard,-1.0,-1.0,
FsmjoqvwRes,Standard,-1.0,-1.0,
nlNdM_cgN3U,Standard,-1.0,-1.0,
8JkXk8-5kUs,Standard,-1.0,-1.0,
iw0qyHLFwB8,Standard,-1.0,-1.0,
aXmLxFbiAFw,Standard,-1.0,-1.0,
o0AoNw4ZLag,Standard,-1.0,-1.0,
A9Y6eStU2PU,Standard,-1.0,-1.0,
f3lT0dGgxPU,Standard,-1.0,-1.0,
FWi-efaYRhc,Standard,-1.0,-1.0,
QlWA0VsOyVY,Standard,-1.0,-1.0,
UiF1dtjWBvo,Standard,-1.0,-1.0,
xgQ4liPSI5Q,Standard,-1.0,-1.0,
l_Eeb2yD37Y,Standard,-1.0,-1.0,
Am1UY4miCR0,Standard,-1.0,-1.0,
EVyl-sVVLuU,Standard,-1.0,-1.0,
7-dBMKtmSpQ,Standard,-1.0,-1.0,
atWtDNOhDfs,Standard,-1.0,-1.0,
4kxkp8EUbGU,Standard,-1.0,-1.0,
lnSc5l1KONE,Standard,-1.0,-1.0,
8ecSsTLAwsI,Standard,-1.0,-1.0,
u0K8F53MDmo,Standard,-1.0,-1.0,
k4imP5lxwQc,Standard,-1.0,-1.0,
OTjN14hjxLc,Standard,-1.0,-1.0,
oMOrq-NuOK8,Standard,-1.0,-1.0,
pmKVDlZEmc8,Standard,-1.0,-1.0,
A0OrZXg8yY0,Standard,-1.0,-1.0,
9lYxHIwjefg,Standard,-1.0,-1.0,
g95H5Hk4ZEQ,Standard,-1.0,-1.0,
elNHWqRe-Ss,Standard,-1.0,-1.0,
G3Dfq-fH5Us,Standard,-1.0,-1.0,
hckOe40bLQ0,Standard,-1.0,-1.0,
F7uKsNa3OHw,Standard,-1.0,-1.0,
HLrMz8-5UZw,Standard,-1.0,-1.0,
UdrXqYf9RMc,Standard,-1.0,-1.0,
3NEK2oKifUk,Standard,-1.0,-1.0,
ckthTQs7aew,Standard,-1.0,-1.0,
iaeRtpXErDY,Standard,-1.0,-1.0,
l7CikM_WCIQ,Standard,-1.0,-1.0,
QIOpW4pCtfQ,Standard,-1.0,-1.0,
6nqu0gLARA8,Standard,-1.0,-1.0,
JF-qFphswQg,Standard,-1.0,-1.0,
o2dm6t-u2iQ,Standard,-1.0,-1.0,
nhNJtE0pmvs,Standard,-1.0,-1.0,
r17q1ghfdHU,Standard,-1.0,-1.0,
flDJ5dNRPBY,Standard,-1.0,-1.0,
A8MfdJH-K4c,Standard,-1.0,-1.0,
-DPT93ts2e4,Standard,-1.0,-1.0,
Zr87oAs_DHs,Standard,-1.0,-1.0,
2lQs6l2tg5w,Standard,-1.0,-1.0,
mGFRojLBa84,Standard,-1.0,-1.0,
oaf8kOOct0A,Standard,-1.0,-1.0,
gtrVA0HtVIk,Standard,-1.0,-1.0,
40Esu5fnecs,Standard,-1.0,-1.0,
yYk7ewzCpnw,Standard,-1.0,-1.0,
FOlpmGT-z0k,Standard,-1.0,-1.0,
FvDokQKj0Vs,Standard,-1.0,-1.0,
PwCjlzezKHw,Standard,-1.0,-1.0,
odtq1Pnp8vw,Standard,-1.0,-1.0,
SieeXJ2Dr0g,Standard,-1.0,-1.0,
INbRkYIkasg,Standard,-1.0,-1.0,
pZp7TJYP0PI,Standard,-1.0,-1.0,
3Gd5PdrKRKA,Standard,-1.0,-1.0,
mODIfJOrQLM,Standard,-1.0,-1.0,
_LscqGt_5AU,Standard,-1.0,-1.0,
DKgt6_zuaD0,Standard,-1.0,-1.0,
r927GSfOvVI,Standard,-1.0,-1.0,
Lpj0FOAQ2Rw,Standard,-1.0,-1.0,
rlPkizzXl14,Standard,-1.0,-1.0,
GR3YsJpAYAw,Standard,-1.0,-1.0,
I7qQP7vHS5c,Standard,-1.0,-1.0,
uL5Dii8bysI,Standard,-1.0,-1.0,
I_Eu6OeX8MI,Standard,-1.0,-1.0,
oViCQLvnw5c,Standard,-1.0,-1.0,
whPP5elcFWQ,Standard,-1.0,-1.0,
sI-mGrl0wug,Standard,-1.0,-1.0,
EbQOnOp-Olo,Standard,-1.0,-1.0,
alfGTW4yoag,Standard,-1.0,-1.0,
E8WdVeqmWBo,Standard,-1.0,-1.0,
7qp5rBpDRr0,Standard,-1.0,-1.0,
OeyO2ZClKZM,Standard,-1.0,-1.0,
qGfojjZ_IkI,Standard,-1.0,-1.0,
kjLosVw6tak,Standard,-1.0,-1.0,
uJtHf-piX98,Standard,-1.0,-1.0,
cfGIFU0mntI,Standard,-1.0,-1.0,
29Rco-p0RvY,Standard,-1.0,-1.0,
YbEIS2FLVTA,Standard,-1.0,-1.0,
xWyb5asf7Rc,Standard,-1.0,-1.0,
yhVocuLFU-Y,Standard,-1.0,-1.0,
iZqViQdemY4,Standard,-1.0,-1.0,
2nF4-4wxji0,Standard,-1.0,-1.0,
8CUjsj7zV98,Standard,-1.0,-1.0,
D1Bz7cS--3M,Standard,-1.0,-1.0,
x5Xtx3cK_40,Standard,-1.0,-1.0,
cqien2PZJjo,Standard,-1.0,-1.0,
nOVi2RKZthM,Standard,-1.0,-1.0,
yqqkIK3Jako,Standard,-1.0,-1.0,
VsJZXTKu1og,Standard,-1.0,-1.0,
xNbkrHiqg5w,Standard,-1.0,-1.0,
8UNXJL9CWvs,Standard,-1.0,-1.0,
vTR58I-YmZA,Standard,-1.0,-1.0,
BaZMnr2g5vs,Standard,-1.0,-1.0,
v1zffQf0H6A,Standard,-1.0,-1.0,
gc2uJ2uAJ8M,Standard,-1.0,-1.0,
8AmNUUQt7hY,Standard,-1.0,-1.0,
OVEoxN7y95A,Standard,-1.0,-1.0,
XCpicq7GxXw,Standard,-1.0,-1.0,
Vq8Fau21OXk,Standard,-1.0,-1.0,
7Zkag4vrAGM,Standard,-1.0,-1.0,
d2AJ4wLWqxs,Standard,-1.0,-1.0,
8H18MXmYDlE,Standard,-1.0,-1.0,
Qa2kkVzVctQ,Standard,-1.0,-1.0,
Jd-4JrQme8I,Standard,-1.0,-1.0,
SJbnrUcnC-0,Standard,-1.0,-1.0,
SeNo0txZ4oc,Standard,-1.0,-1.0,
5LPTpb9ij9Q,Standard,-1.0,-1.0,
zXVrLiZSt2k,Standard,-1.0,-1.0,
C7Cu8YuQdU4,Standard,-1.0,-1.0,
iauj-wiOGPQ,Standard,-1.0,-1.0,
5qgRhDj2Shw,Standard,-1.0,-1.0,
NF_jl56lBUA,Standard,-1.0,-1.0,
nTxGaMB70s4,Standard,-1.0,-1.0,
Gz3u2HsYagQ,Standard,-1.0,-1.0,
NWdUXCFOWIw,Standard,-1.0,-1.0,
C6eAMZCnUSs,Standard,-1.0,-1.0,
oYOarwAE-18,Standard,-1.0,-1.0,
dy8WAmEk7l0,Standard,-1.0,-1.0,
aXDxyVsttuo,Standard,-1.0,-1.0,
pVNDdC5ZKqo,Standard,-1.0,-1.0,
sPAebfa2cZA,Standard,-1.0,-1.0,
KKEGFBot6Bw,Standard,-1.0,-1.0,
e8vCt9nqy-A,Standard,-1.0,-1.0,
0poaU35ZtEM,Standard,-1.0,-1.0,
M-4cpslrzA0,Standard,-1.0,-1.0,
9MUihwKgoEA,Standard,-1.0,-1.0,
DdRVOP8htyk,Standard,-1.0,-1.0,
KO0s86iHmMg,Standard,-1.0,-1.0,
iPfgZa5SopQ,Standard,-1.0,-1.0,
fUUa_of0pfs,Standard,-1.0,-1.0,
U5JqeRrvTfQ,Standard,-1.0,-1.0,
0id1suFMAGU,Standard,-1.0,-1.0,
EGT7wMz1znA,Standard,-1.0,-1.0,
hJNYpi7ZrRc,Standard,-1.0,-1.0,
a7tyuuJyvSk,Standard,-1.0,-1.0,
lydOuWfOMSM,Standard,-1.0,-1.0,
7Snpqpb7YJ8,Standard,-1.0,-1.0,
VLrhq-MpLQI,Standard,-1.0,-1.0,
fGeEJUG7ab8,Standard,-1.0,-1.0,
3LKRyZPsBX4,Standard,-1.0,-1.0,
jpe5S-Rc0Hs,Standard,-1.0,-1.0,
y1IdrZERZlQ,Standard,-1.0,-1.0,
6pawETch3AA,Standard,-1.0,-1.0,
DhUHV2IlfRQ,Standard,-1.0,-1.0,
knHK1rfBhig,Standard,-1.0,-1.0,
81zRZLkizxw,Standard,-1.0,-1.0,
i2U8XSaSedE,Standard,-1.0,-1.0,
L_M4UXxC-YM,Standard,-1.0,-1.0,
zNawdD9luNc,Standard,-1.0,-1.0,
Ikb_73PqbyA,Standard,-1.0,-1.0,
2JALihUJACM,Standard,-1.0,-1.0,
z-i1sHmXynU,Standard,-1.0,-1.0,
m0757ANciJo,Standard,-1.0,-1.0,
81hv0mTzRas,Standard,-1.0,-1.0,
3ga21AFMyhQ,Standard,-1.0,-1.0,
CDjcfqaPtZU,Standard,-1.0,-1.0,
Uz-htW9DTus,Standard,-1.0,-1.0,
wp_4pPiKGyQ,Standard,-1.0,-1.0,
_0jSZAlHo1Y,Standard,-1.0,-1.0,
3ylBHvHB0zM,Standard,-1.0,-1.0,
56exLLRPRnM,Standard,-1.0,-1.0,
Tjvb5wrkJds,Standard,-1.0,-1.0,
wXVPVga9LNc,Standard,-1.0,-1.0,
g-zeLvyUGXw,Standard,-1.0,-1.0,
_obaCIewl3o,Standard,-1.0,-1.0,
d3gmV-pI0PQ,Standard,-1.0,-1.0,
fyJwX-nuJJ4,Standard,-1.0,-1.0,
C1S2LrdTiFQ,Standard,-1.0,-1.0,
6wxzs-jDDBY,Standard,-1.0,-1.0,
B3CZHEkIxUc,Standard,-1.0,-1.0,
isttTJ6Hqsk,Standard,-1.0,-1.0,
DQDX_zawTr8,Standard,-1.0,-1.0,
OAf0wfg5FgA,Standard,-1.0,-1.0,
GHlbtd5bT88,Standard,-1.0,-1.0,
JVPHOK7UOkM,Standard,-1.0,-1.0,
BjVklu15ZaE,Standard,-1.0,-1.0,
TpwQfCil8Mg,Standard,-1.0,-1.0,
QKrXAdBze0A,Standard,-1.0,-1.0,
vNpvt4SniRc,Standard,-1.0,-1.0,
ShubHF9zRVU,Standard,-1.0,-1.0,
v-c97oB7Ka8,Standard,-1.0,-1.0,
6bUyk0-MzzY,Standard,-1.0,-1.0,
K02rnhMFt2A,Standard,-1.0,-1.0,
hF1M6buT0S8,Standard,-1.0,-1.0,
R3fgIe2nDsU,Standard,-1.0,-1.0,
0u0CXoPskIQ,Standard,-1.0,-1.0,
y6YcHE24-1I,Standard,-1.0,-1.0,
VC2P8MC7nGA,Standard,-1.0,-1.0,
0XUkpguJ5IE,Standard,-1.0,-1.0,
4BiFGAg0Yeg,Standard,-1.0,-1.0,
LZQYDRrBuxY,Standard,-1.0,-1.0,
rTt4l-9v6OQ,Standard,-1.0,-1.0,
zCgC3Z2jxtE,Standard,-1.0,-1.0,
rpz20FL9GAg,Standard,-1.0,-1.0,
MX5MgBPWmSY,Standard,-1.0,-1.0,
rAmkqOqdA4M,Standard,-1.0,-1.0,
dK7dRxEPBUA,Standard,-1.0,-1.0,
jXuo2V4hWjQ,Standard,-1.0,-1.0,
zqgJOY41Oh8,Standard,-1.0,-1.0,
oQy5WqDka3Y,Standard,-1.0,-1.0,
O9uLN-5XpMg,Standard,-1.0,-1.0,
5_Xal70cNVk,Standard,-1.0,-1.0,
6XNSvE48v-o,Standard,-1.0,-1.0,
lJ8BhJKgAUA,Standard,-1.0,-1.0,
vAWk5PeraAg,Standard,-1.0,-1.0,
3lcgh3lZ_Uk,Standard,-1.0,-1.0,
d1Z8UM2WvzU,Standard,-1.0,-1.0,
8MjtaXvBR4o,Standard,-1.0,-1.0,
TgpBAwVMW0g,Standard,-1.0,-1.0,
ARM--DqmUSw,Standard,-1.0,-1.0,
WFzNXEkciCk,Standard,-1.0,-1.0,
rYJ8Oz0V0mg,Standard,-1.0,-1.0,
u7xRXAOLLvQ,Standard,-1.0,-1.0,
TZENEK5nN1c,Standard,-1.0,-1.0,
DcOn-ueZ3vg,Standard,-1.0,-1.0,
evdhN8pMUyA,Standard,-1.0,-1.0,
vAprO3_aScI,Standard,-1.0,-1.0,
KMD5NuNNN14,Standard,-1.0,-1.0,
SxKYgMfw_8Q,Standard,-1.0,-1.0,
hCn522MXv3Y,Standard,-1.0,-1.0,
V9QOqeJs9yA,Standard,-1.0,-1.0,
aCQXUFEWRDw,Standard,-1.0,-1.0,
RKBzkHRGJOM,Standard,-1.0,-1.0,
WifEMFMTFBI,Standard,-1.0,-1.0,
q61VYeDQwTw,Standard,-1.0,-1.0,
royO65O3D-0,Standard,-1.0,-1.0,
75-f00Dwf1M,Standard,-1.0,-1.0,
p_mEad3PJFc,Standard,-1.0,-1.0,
jTE51tC9wLw,Standard,-1.0,-1.0,
NmBARLJ0JnU,Standard,-1.0,-1.0,
d9LBGC6pspc,Standard,-1.0,-1.0,
VX7qmLEcyu8,Standard,-1.0,-1.0,
CKrnm6KA-GI,Standard,-1.0,-1.0,
wAKE914CK98,Standard,-1.0,-1.0,
k59FDHLc-Bk,Standard,-1.0,-1.0,
x9Czik3Fqok,Standard,-1.0,-1.0,
e01hvTuRD3Y,Standard,-1.0,-1.0,
pAzTAxqelC4,Standard,-1.0,-1.0,
_Z5cUeCsZKo,Standard,-1.0,-1.0,
CLZjHlT9VUo,Standard,-1.0,-1.0,
bPxk5lKayME,Standard,-1.0,-1.0,
pPMnhB2UbZc,Standard,-1.0,-1.0,
TbJ7TJ0Hl-c,Standard,-1.0,-1.0,
YsyF5cMj2TU,Standard,-1.0,-1.0,
wxWRYKbmGM4,Standard,-1.0,-1.0,
-Loba9auWk4,Standard,-1.0,-1.0,
ikvWdZMQQZk,Standard,-1.0,-1.0,
BIjfDi3uSU4,Standard,-1.0,-1.0,
mB4dpyVQI9o,Standard,-1.0,-1.0,
U9LHB1EUkKA,Standard,-1.0,-1.0,
86dJLruk0-s,Standard,-1.0,-1.0,
zIU8p7_E3Yk,Standard,-1.0,-1.0,
SWWPmhuJfG0,Standard,-1.0,-1.0,
zO-SRZpWUnc,Standard,-1.0,-1.0,
giZp9Hqtu0U,Standard,-1.0,-1.0,
9JoZtZYzbrc,Standard,-1.0,-1.0,
